case,time_s,ay_mps2,speed_mps,steer_deg,roll_deg,yaw_rate_radps,front_right_minus_left_n,rear_right_minus_left_n,tire_domain_valid,Fz_FL,camber_FL_deg,jounce_FL_m,Fz_FR,camber_FR_deg,jounce_FR_m,Fz_RL,camber_RL_deg,jounce_RL_m,Fz_RR,camber_RR_deg,jounce_RR_m
case_001,0.0,0.0,15.0,0.0,0.0,0.0,0.0,0.0,True,620.0333548387097,-1.5000000000000002,-0.0,620.0333548387097,1.5000000000000002,-0.0,752.8976451612901,-1.0,-0.0,752.8976451612901,1.0,-0.0
case_001,0.01,0.0,15.0,0.0,0.0,0.0,0.0,0.0,True,620.0333548387097,-1.5000000000000002,-0.0,620.0333548387097,1.5000000000000002,-0.0,752.8976451612901,-1.0,-0.0,752.8976451612901,1.0,-0.0
case_001,0.02,0.0,15.0,0.0,0.0,0.0,0.0,0.0,True,620.0333548387097,-1.5000000000000002,-0.0,620.0333548387097,1.5000000000000002,-0.0,752.8976451612901,-1.0,-0.0,752.8976451612901,1.0,-0.0
case_001,0.03,0.0,15.0,0.0,0.0,0.0,0.0,0.0,True,620.0333548387097,-1.5000000000000002,-0.0,620.0333548387097,1.5000000000000002,-0.0,752.8976451612901,-1.0,-0.0,752.8976451612901,1.0,-0.0
case_001,0.04,0.0,15.0,0.0,0.0,0.0,0.0,0.0,True,620.0333548387097,-1.5000000000000002,-0.0,620.0333548387097,1.5000000000000002,-0.0,752.8976451612901,-1.0,-0.0,752.8976451612901,1.0,-0.0
case_001,0.05,0.0,15.0,0.0,0.0,0.0,0.0,0.0,True,620.0333548387097,-1.5000000000000002,-0.0,620.0333548387097,1.5000000000000002,-0.0,752.8976451612901,-1.0,-0.0,752.8976451612901,1.0,-0.0
case_001,0.06,0.0,15.0,0.0,0.0,0.0,0.0,0.0,True,620.0333548387097,-1.5000000000000002,-0.0,620.0333548387097,1.5000000000000002,-0.0,752.8976451612901,-1.0,-0.0,752.8976451612901,1.0,-0.0
case_001,0.07,0.0,15.0,0.0,0.0,0.0,0.0,0.0,True,620.0333548387097,-1.5000000000000002,-0.0,620.0333548387097,1.5000000000000002,-0.0,752.8976451612901,-1.0,-0.0,752.8976451612901,1.0,-0.0
case_001,0.08,0.0,15.0,0.0,0.0,0.0,0.0,0.0,True,620.0333548387097,-1.5000000000000002,-0.0,620.0333548387097,1.5000000000000002,-0.0,752.8976451612901,-1.0,-0.0,752.8976451612901,1.0,-0.0
case_001,0.09,0.0,15.0,0.0,0.0,0.0,0.0,0.0,True,620.0333548387097,-1.5000000000000002,-0.0,620.0333548387097,1.5000000000000002,-0.0,752.8976451612901,-1.0,-0.0,752.8976451612901,1.0,-0.0
case_001,0.1,0.0,15.0,0.0,0.0,0.0,0.0,0.0,True,620.0333548387097,-1.5000000000000002,-0.0,620.0333548387097,1.5000000000000002,-0.0,752.8976451612901,-1.0,-0.0,752.8976451612901,1.0,-0.0
case_001,0.11,0.0,15.0,0.0,0.0,0.0,0.0,0.0,True,620.0333548387097,-1.5000000000000002,-0.0,620.0333548387097,1.5000000000000002,-0.0,752.8976451612901,-1.0,-0.0,752.8976451612901,1.0,-0.0
case_001,0.12,0.0,15.0,0.0,0.0,0.0,0.0,0.0,True,620.0333548387097,-1.5000000000000002,-0.0,620.0333548387097,1.5000000000000002,-0.0,752.8976451612901,-1.0,-0.0,752.8976451612901,1.0,-0.0
case_001,0.13,0.0,15.0,0.0,0.0,0.0,0.0,0.0,True,620.0333548387097,-1.5000000000000002,-0.0,620.0333548387097,1.5000000000000002,-0.0,752.8976451612901,-1.0,-0.0,752.8976451612901,1.0,-0.0
case_001,0.14,0.0,15.0,0.0,0.0,0.0,0.0,0.0,True,620.0333548387097,-1.5000000000000002,-0.0,620.0333548387097,1.5000000000000002,-0.0,752.8976451612901,-1.0,-0.0,752.8976451612901,1.0,-0.0
case_001,0.15,0.0,15.0,0.0,0.0,0.0,0.0,0.0,True,620.0333548387097,-1.5000000000000002,-0.0,620.0333548387097,1.5000000000000002,-0.0,752.8976451612901,-1.0,-0.0,752.8976451612901,1.0,-0.0
case_001,0.16,0.0,15.0,0.0,0.0,0.0,0.0,0.0,True,620.0333548387097,-1.5000000000000002,-0.0,620.0333548387097,1.5000000000000002,-0.0,752.8976451612901,-1.0,-0.0,752.8976451612901,1.0,-0.0
case_001,0.17,0.0,15.0,0.0,0.0,0.0,0.0,0.0,True,620.0333548387097,-1.5000000000000002,-0.0,620.0333548387097,1.5000000000000002,-0.0,752.8976451612901,-1.0,-0.0,752.8976451612901,1.0,-0.0
case_001,0.18,0.0,15.0,0.0,0.0,0.0,0.0,0.0,True,620.0333548387097,-1.5000000000000002,-0.0,620.0333548387097,1.5000000000000002,-0.0,752.8976451612901,-1.0,-0.0,752.8976451612901,1.0,-0.0
case_001,0.19,0.0,15.0,0.0,0.0,0.0,0.0,0.0,True,620.0333548387097,-1.5000000000000002,-0.0,620.0333548387097,1.5000000000000002,-0.0,752.8976451612901,-1.0,-0.0,752.8976451612901,1.0,-0.0
case_001,0.2,0.0,15.0,0.0,0.0,0.0,0.0,0.0,True,620.0333548387097,-1.5000000000000002,-0.0,620.0333548387097,1.5000000000000002,-0.0,752.8976451612901,-1.0,-0.0,752.8976451612901,1.0,-0.0
case_001,0.21,0.0,15.0,0.0,0.0,0.0,0.0,0.0,True,620.0333548387097,-1.5000000000000002,-0.0,620.0333548387097,1.5000000000000002,-0.0,752.8976451612901,-1.0,-0.0,752.8976451612901,1.0,-0.0
case_001,0.22,0.0,15.0,0.0,0.0,0.0,0.0,0.0,True,620.0333548387097,-1.5000000000000002,-0.0,620.0333548387097,1.5000000000000002,-0.0,752.8976451612901,-1.0,-0.0,752.8976451612901,1.0,-0.0
case_001,0.23,0.0,15.0,0.0,0.0,0.0,0.0,0.0,True,620.0333548387097,-1.5000000000000002,-0.0,620.0333548387097,1.5000000000000002,-0.0,752.8976451612901,-1.0,-0.0,752.8976451612901,1.0,-0.0
case_001,0.24,0.0,15.0,0.0,0.0,0.0,0.0,0.0,True,620.0333548387097,-1.5000000000000002,-0.0,620.0333548387097,1.5000000000000002,-0.0,752.8976451612901,-1.0,-0.0,752.8976451612901,1.0,-0.0
case_001,0.25,0.0,15.0,0.0,0.0,0.0,0.0,0.0,True,620.0333548387097,-1.5000000000000002,-0.0,620.0333548387097,1.5000000000000002,-0.0,752.8976451612901,-1.0,-0.0,752.8976451612901,1.0,-0.0
case_001,0.26,0.0,15.0,0.0,0.0,0.0,0.0,0.0,True,620.0333548387097,-1.5000000000000002,-0.0,620.0333548387097,1.5000000000000002,-0.0,752.8976451612901,-1.0,-0.0,752.8976451612901,1.0,-0.0
case_001,0.27,0.0,15.0,0.0,0.0,0.0,0.0,0.0,True,620.0333548387097,-1.5000000000000002,-0.0,620.0333548387097,1.5000000000000002,-0.0,752.8976451612901,-1.0,-0.0,752.8976451612901,1.0,-0.0
case_001,0.28,0.0,15.0,0.0,0.0,0.0,0.0,0.0,True,620.0333548387097,-1.5000000000000002,-0.0,620.0333548387097,1.5000000000000002,-0.0,752.8976451612901,-1.0,-0.0,752.8976451612901,1.0,-0.0
case_001,0.29,0.0,15.0,0.0,0.0,0.0,0.0,0.0,True,620.0333548387097,-1.5000000000000002,-0.0,620.0333548387097,1.5000000000000002,-0.0,752.8976451612901,-1.0,-0.0,752.8976451612901,1.0,-0.0
case_001,0.3,0.0,15.0,0.0,0.0,0.0,0.0,0.0,True,620.0333548387097,-1.5000000000000002,-0.0,620.0333548387097,1.5000000000000002,-0.0,752.8976451612901,-1.0,-0.0,752.8976451612901,1.0,-0.0
case_001,0.31,0.0,15.0,0.0,0.0,0.0,0.0,0.0,True,620.0333548387097,-1.5000000000000002,-0.0,620.0333548387097,1.5000000000000002,-0.0,752.8976451612901,-1.0,-0.0,752.8976451612901,1.0,-0.0
case_001,0.32,0.0,15.0,0.0,0.0,0.0,0.0,0.0,True,620.0333548387097,-1.5000000000000002,-0.0,620.0333548387097,1.5000000000000002,-0.0,752.8976451612901,-1.0,-0.0,752.8976451612901,1.0,-0.0
case_001,0.33,0.0,15.0,0.0,0.0,0.0,0.0,0.0,True,620.0333548387097,-1.5000000000000002,-0.0,620.0333548387097,1.5000000000000002,-0.0,752.8976451612901,-1.0,-0.0,752.8976451612901,1.0,-0.0
case_001,0.34,0.0,15.0,0.0,0.0,0.0,0.0,0.0,True,620.0333548387097,-1.5000000000000002,-0.0,620.0333548387097,1.5000000000000002,-0.0,752.8976451612901,-1.0,-0.0,752.8976451612901,1.0,-0.0
case_001,0.35000000000000003,0.0,15.0,0.0,0.0,0.0,0.0,0.0,True,620.0333548387097,-1.5000000000000002,-0.0,620.0333548387097,1.5000000000000002,-0.0,752.8976451612901,-1.0,-0.0,752.8976451612901,1.0,-0.0
case_001,0.36,0.0,15.0,0.0,0.0,0.0,0.0,0.0,True,620.0333548387097,-1.5000000000000002,-0.0,620.0333548387097,1.5000000000000002,-0.0,752.8976451612901,-1.0,-0.0,752.8976451612901,1.0,-0.0
case_001,0.37,0.0,15.0,0.0,0.0,0.0,0.0,0.0,True,620.0333548387097,-1.5000000000000002,-0.0,620.0333548387097,1.5000000000000002,-0.0,752.8976451612901,-1.0,-0.0,752.8976451612901,1.0,-0.0
case_001,0.38,0.0,15.0,0.0,0.0,0.0,0.0,0.0,True,620.0333548387097,-1.5000000000000002,-0.0,620.0333548387097,1.5000000000000002,-0.0,752.8976451612901,-1.0,-0.0,752.8976451612901,1.0,-0.0
case_001,0.39,0.0,15.0,0.0,0.0,0.0,0.0,0.0,True,620.0333548387097,-1.5000000000000002,-0.0,620.0333548387097,1.5000000000000002,-0.0,752.8976451612901,-1.0,-0.0,752.8976451612901,1.0,-0.0
case_001,0.4,0.0,15.0,0.0,0.0,0.0,0.0,0.0,True,620.0333548387097,-1.5000000000000002,-0.0,620.0333548387097,1.5000000000000002,-0.0,752.8976451612901,-1.0,-0.0,752.8976451612901,1.0,-0.0
case_001,0.41000000000000003,0.0,15.0,0.0,0.0,0.0,0.0,0.0,True,620.0333548387097,-1.5000000000000002,-0.0,620.0333548387097,1.5000000000000002,-0.0,752.8976451612901,-1.0,-0.0,752.8976451612901,1.0,-0.0
case_001,0.42,0.0,15.0,0.0,0.0,0.0,0.0,0.0,True,620.0333548387097,-1.5000000000000002,-0.0,620.0333548387097,1.5000000000000002,-0.0,752.8976451612901,-1.0,-0.0,752.8976451612901,1.0,-0.0
case_001,0.43,0.0,15.0,0.0,0.0,0.0,0.0,0.0,True,620.0333548387097,-1.5000000000000002,-0.0,620.0333548387097,1.5000000000000002,-0.0,752.8976451612901,-1.0,-0.0,752.8976451612901,1.0,-0.0
case_001,0.44,0.0,15.0,0.0,0.0,0.0,0.0,0.0,True,620.0333548387097,-1.5000000000000002,-0.0,620.0333548387097,1.5000000000000002,-0.0,752.8976451612901,-1.0,-0.0,752.8976451612901,1.0,-0.0
case_001,0.45,0.0,15.0,0.0,0.0,0.0,0.0,0.0,True,620.0333548387097,-1.5000000000000002,-0.0,620.0333548387097,1.5000000000000002,-0.0,752.8976451612901,-1.0,-0.0,752.8976451612901,1.0,-0.0
case_001,0.46,0.0,15.0,0.0,0.0,0.0,0.0,0.0,True,620.0333548387097,-1.5000000000000002,-0.0,620.0333548387097,1.5000000000000002,-0.0,752.8976451612901,-1.0,-0.0,752.8976451612901,1.0,-0.0
case_001,0.47000000000000003,0.0,15.0,0.0,0.0,0.0,0.0,0.0,True,620.0333548387097,-1.5000000000000002,-0.0,620.0333548387097,1.5000000000000002,-0.0,752.8976451612901,-1.0,-0.0,752.8976451612901,1.0,-0.0
case_001,0.48,0.0,15.0,0.0,0.0,0.0,0.0,0.0,True,620.0333548387097,-1.5000000000000002,-0.0,620.0333548387097,1.5000000000000002,-0.0,752.8976451612901,-1.0,-0.0,752.8976451612901,1.0,-0.0
case_001,0.49,0.0,15.0,0.0,0.0,0.0,0.0,0.0,True,620.0333548387097,-1.5000000000000002,-0.0,620.0333548387097,1.5000000000000002,-0.0,752.8976451612901,-1.0,-0.0,752.8976451612901,1.0,-0.0
case_001,0.5,0.0,15.0,0.0,0.0,0.0,0.0,0.0,True,620.0333548387097,-1.5000000000000002,-0.0,620.0333548387097,1.5000000000000002,-0.0,752.8976451612901,-1.0,-0.0,752.8976451612901,1.0,-0.0
case_001,0.51,0.0,15.0,0.0,0.0,0.0,0.0,0.0,True,620.0333548387097,-1.5000000000000002,-0.0,620.0333548387097,1.5000000000000002,-0.0,752.8976451612901,-1.0,-0.0,752.8976451612901,1.0,-0.0
case_001,0.52,0.0,15.0,0.0,0.0,0.0,0.0,0.0,True,620.0333548387097,-1.5000000000000002,-0.0,620.0333548387097,1.5000000000000002,-0.0,752.8976451612901,-1.0,-0.0,752.8976451612901,1.0,-0.0
case_001,0.53,0.0,15.0,0.0,0.0,0.0,0.0,0.0,True,620.0333548387097,-1.5000000000000002,-0.0,620.0333548387097,1.5000000000000002,-0.0,752.8976451612901,-1.0,-0.0,752.8976451612901,1.0,-0.0
case_001,0.54,0.0,15.0,0.0,0.0,0.0,0.0,0.0,True,620.0333548387097,-1.5000000000000002,-0.0,620.0333548387097,1.5000000000000002,-0.0,752.8976451612901,-1.0,-0.0,752.8976451612901,1.0,-0.0
case_001,0.55,0.0,15.0,0.0,0.0,0.0,0.0,0.0,True,620.0333548387097,-1.5000000000000002,-0.0,620.0333548387097,1.5000000000000002,-0.0,752.8976451612901,-1.0,-0.0,752.8976451612901,1.0,-0.0
case_001,0.56,0.0,15.0,0.0,0.0,0.0,0.0,0.0,True,620.0333548387097,-1.5000000000000002,-0.0,620.0333548387097,1.5000000000000002,-0.0,752.8976451612901,-1.0,-0.0,752.8976451612901,1.0,-0.0
case_001,0.5700000000000001,0.0,15.0,0.0,0.0,0.0,0.0,0.0,True,620.0333548387097,-1.5000000000000002,-0.0,620.0333548387097,1.5000000000000002,-0.0,752.8976451612901,-1.0,-0.0,752.8976451612901,1.0,-0.0
case_001,0.58,0.0,15.0,0.0,0.0,0.0,0.0,0.0,True,620.0333548387097,-1.5000000000000002,-0.0,620.0333548387097,1.5000000000000002,-0.0,752.8976451612901,-1.0,-0.0,752.8976451612901,1.0,-0.0
case_001,0.59,0.0,15.0,0.0,0.0,0.0,0.0,0.0,True,620.0333548387097,-1.5000000000000002,-0.0,620.0333548387097,1.5000000000000002,-0.0,752.8976451612901,-1.0,-0.0,752.8976451612901,1.0,-0.0
case_001,0.6,0.0,15.0,0.0,0.0,0.0,0.0,0.0,True,620.0333548387097,-1.5000000000000002,-0.0,620.0333548387097,1.5000000000000002,-0.0,752.8976451612901,-1.0,-0.0,752.8976451612901,1.0,-0.0
case_001,0.61,0.0,15.0,0.0,0.0,0.0,0.0,0.0,True,620.0333548387097,-1.5000000000000002,-0.0,620.0333548387097,1.5000000000000002,-0.0,752.8976451612901,-1.0,-0.0,752.8976451612901,1.0,-0.0
case_001,0.62,0.0,15.0,0.0,0.0,0.0,0.0,0.0,True,620.0333548387097,-1.5000000000000002,-0.0,620.0333548387097,1.5000000000000002,-0.0,752.8976451612901,-1.0,-0.0,752.8976451612901,1.0,-0.0
case_001,0.63,0.0,15.0,0.0,0.0,0.0,0.0,0.0,True,620.0333548387097,-1.5000000000000002,-0.0,620.0333548387097,1.5000000000000002,-0.0,752.8976451612901,-1.0,-0.0,752.8976451612901,1.0,-0.0
case_001,0.64,0.0,15.0,0.0,0.0,0.0,0.0,0.0,True,620.0333548387097,-1.5000000000000002,-0.0,620.0333548387097,1.5000000000000002,-0.0,752.8976451612901,-1.0,-0.0,752.8976451612901,1.0,-0.0
case_001,0.65,0.0,15.0,0.0,0.0,0.0,0.0,0.0,True,620.0333548387097,-1.5000000000000002,-0.0,620.0333548387097,1.5000000000000002,-0.0,752.8976451612901,-1.0,-0.0,752.8976451612901,1.0,-0.0
case_001,0.66,0.0,15.0,0.0,0.0,0.0,0.0,0.0,True,620.0333548387097,-1.5000000000000002,-0.0,620.0333548387097,1.5000000000000002,-0.0,752.8976451612901,-1.0,-0.0,752.8976451612901,1.0,-0.0
case_001,0.67,0.0,15.0,0.0,0.0,0.0,0.0,0.0,True,620.0333548387097,-1.5000000000000002,-0.0,620.0333548387097,1.5000000000000002,-0.0,752.8976451612901,-1.0,-0.0,752.8976451612901,1.0,-0.0
case_001,0.68,0.0,15.0,0.0,0.0,0.0,0.0,0.0,True,620.0333548387097,-1.5000000000000002,-0.0,620.0333548387097,1.5000000000000002,-0.0,752.8976451612901,-1.0,-0.0,752.8976451612901,1.0,-0.0
case_001,0.6900000000000001,0.0,15.0,0.0,0.0,0.0,0.0,0.0,True,620.0333548387097,-1.5000000000000002,-0.0,620.0333548387097,1.5000000000000002,-0.0,752.8976451612901,-1.0,-0.0,752.8976451612901,1.0,-0.0
case_001,0.7000000000000001,0.0,15.0,0.0,0.0,0.0,0.0,0.0,True,620.0333548387097,-1.5000000000000002,-0.0,620.0333548387097,1.5000000000000002,-0.0,752.8976451612901,-1.0,-0.0,752.8976451612901,1.0,-0.0
case_001,0.71,0.0,15.0,0.0,0.0,0.0,0.0,0.0,True,620.0333548387097,-1.5000000000000002,-0.0,620.0333548387097,1.5000000000000002,-0.0,752.8976451612901,-1.0,-0.0,752.8976451612901,1.0,-0.0
case_001,0.72,0.0,15.0,0.0,0.0,0.0,0.0,0.0,True,620.0333548387097,-1.5000000000000002,-0.0,620.0333548387097,1.5000000000000002,-0.0,752.8976451612901,-1.0,-0.0,752.8976451612901,1.0,-0.0
case_001,0.73,0.0,15.0,0.0,0.0,0.0,0.0,0.0,True,620.0333548387097,-1.5000000000000002,-0.0,620.0333548387097,1.5000000000000002,-0.0,752.8976451612901,-1.0,-0.0,752.8976451612901,1.0,-0.0
case_001,0.74,0.0,15.0,0.0,0.0,0.0,0.0,0.0,True,620.0333548387097,-1.5000000000000002,-0.0,620.0333548387097,1.5000000000000002,-0.0,752.8976451612901,-1.0,-0.0,752.8976451612901,1.0,-0.0
case_001,0.75,0.0,15.0,0.0,0.0,0.0,0.0,0.0,True,620.0333548387097,-1.5000000000000002,-0.0,620.0333548387097,1.5000000000000002,-0.0,752.8976451612901,-1.0,-0.0,752.8976451612901,1.0,-0.0
case_001,0.76,0.0,15.0,0.0,0.0,0.0,0.0,0.0,True,620.0333548387097,-1.5000000000000002,-0.0,620.0333548387097,1.5000000000000002,-0.0,752.8976451612901,-1.0,-0.0,752.8976451612901,1.0,-0.0
case_001,0.77,0.0,15.0,0.0,0.0,0.0,0.0,0.0,True,620.0333548387097,-1.5000000000000002,-0.0,620.0333548387097,1.5000000000000002,-0.0,752.8976451612901,-1.0,-0.0,752.8976451612901,1.0,-0.0
case_001,0.78,0.0,15.0,0.0,0.0,0.0,0.0,0.0,True,620.0333548387097,-1.5000000000000002,-0.0,620.0333548387097,1.5000000000000002,-0.0,752.8976451612901,-1.0,-0.0,752.8976451612901,1.0,-0.0
case_001,0.79,0.0,15.0,0.0,0.0,0.0,0.0,0.0,True,620.0333548387097,-1.5000000000000002,-0.0,620.0333548387097,1.5000000000000002,-0.0,752.8976451612901,-1.0,-0.0,752.8976451612901,1.0,-0.0
case_001,0.8,0.0,15.0,0.0,0.0,0.0,0.0,0.0,True,620.0333548387097,-1.5000000000000002,-0.0,620.0333548387097,1.5000000000000002,-0.0,752.8976451612901,-1.0,-0.0,752.8976451612901,1.0,-0.0
case_001,0.81,0.0,15.0,0.0,0.0,0.0,0.0,0.0,True,620.0333548387097,-1.5000000000000002,-0.0,620.0333548387097,1.5000000000000002,-0.0,752.8976451612901,-1.0,-0.0,752.8976451612901,1.0,-0.0
case_001,0.8200000000000001,0.0,15.0,0.0,0.0,0.0,0.0,0.0,True,620.0333548387097,-1.5000000000000002,-0.0,620.0333548387097,1.5000000000000002,-0.0,752.8976451612901,-1.0,-0.0,752.8976451612901,1.0,-0.0
case_001,0.8300000000000001,0.0,15.0,0.0,0.0,0.0,0.0,0.0,True,620.0333548387097,-1.5000000000000002,-0.0,620.0333548387097,1.5000000000000002,-0.0,752.8976451612901,-1.0,-0.0,752.8976451612901,1.0,-0.0
case_001,0.84,0.0,15.0,0.0,0.0,0.0,0.0,0.0,True,620.0333548387097,-1.5000000000000002,-0.0,620.0333548387097,1.5000000000000002,-0.0,752.8976451612901,-1.0,-0.0,752.8976451612901,1.0,-0.0
case_001,0.85,0.0,15.0,0.0,0.0,0.0,0.0,0.0,True,620.0333548387097,-1.5000000000000002,-0.0,620.0333548387097,1.5000000000000002,-0.0,752.8976451612901,-1.0,-0.0,752.8976451612901,1.0,-0.0
case_001,0.86,0.0,15.0,0.0,0.0,0.0,0.0,0.0,True,620.0333548387097,-1.5000000000000002,-0.0,620.0333548387097,1.5000000000000002,-0.0,752.8976451612901,-1.0,-0.0,752.8976451612901,1.0,-0.0
case_001,0.87,0.0,15.0,0.0,0.0,0.0,0.0,0.0,True,620.0333548387097,-1.5000000000000002,-0.0,620.0333548387097,1.5000000000000002,-0.0,752.8976451612901,-1.0,-0.0,752.8976451612901,1.0,-0.0
case_001,0.88,0.0,15.0,0.0,0.0,0.0,0.0,0.0,True,620.0333548387097,-1.5000000000000002,-0.0,620.0333548387097,1.5000000000000002,-0.0,752.8976451612901,-1.0,-0.0,752.8976451612901,1.0,-0.0
case_001,0.89,0.0,15.0,0.0,0.0,0.0,0.0,0.0,True,620.0333548387097,-1.5000000000000002,-0.0,620.0333548387097,1.5000000000000002,-0.0,752.8976451612901,-1.0,-0.0,752.8976451612901,1.0,-0.0
case_001,0.9,0.0,15.0,0.0,0.0,0.0,0.0,0.0,True,620.0333548387097,-1.5000000000000002,-0.0,620.0333548387097,1.5000000000000002,-0.0,752.8976451612901,-1.0,-0.0,752.8976451612901,1.0,-0.0
case_001,0.91,0.0,15.0,0.0,0.0,0.0,0.0,0.0,True,620.0333548387097,-1.5000000000000002,-0.0,620.0333548387097,1.5000000000000002,-0.0,752.8976451612901,-1.0,-0.0,752.8976451612901,1.0,-0.0
case_001,0.92,0.0,15.0,0.0,0.0,0.0,0.0,0.0,True,620.0333548387097,-1.5000000000000002,-0.0,620.0333548387097,1.5000000000000002,-0.0,752.8976451612901,-1.0,-0.0,752.8976451612901,1.0,-0.0
case_001,0.93,0.0,15.0,0.0,0.0,0.0,0.0,0.0,True,620.0333548387097,-1.5000000000000002,-0.0,620.0333548387097,1.5000000000000002,-0.0,752.8976451612901,-1.0,-0.0,752.8976451612901,1.0,-0.0
case_001,0.9400000000000001,0.0,15.0,0.0,0.0,0.0,0.0,0.0,True,620.0333548387097,-1.5000000000000002,-0.0,620.0333548387097,1.5000000000000002,-0.0,752.8976451612901,-1.0,-0.0,752.8976451612901,1.0,-0.0
case_001,0.9500000000000001,0.0,15.0,0.0,0.0,0.0,0.0,0.0,True,620.0333548387097,-1.5000000000000002,-0.0,620.0333548387097,1.5000000000000002,-0.0,752.8976451612901,-1.0,-0.0,752.8976451612901,1.0,-0.0
case_001,0.96,0.0,15.0,0.0,0.0,0.0,0.0,0.0,True,620.0333548387097,-1.5000000000000002,-0.0,620.0333548387097,1.5000000000000002,-0.0,752.8976451612901,-1.0,-0.0,752.8976451612901,1.0,-0.0
case_001,0.97,0.0,15.0,0.0,0.0,0.0,0.0,0.0,True,620.0333548387097,-1.5000000000000002,-0.0,620.0333548387097,1.5000000000000002,-0.0,752.8976451612901,-1.0,-0.0,752.8976451612901,1.0,-0.0
case_001,0.98,0.0,15.0,0.0,0.0,0.0,0.0,0.0,True,620.0333548387097,-1.5000000000000002,-0.0,620.0333548387097,1.5000000000000002,-0.0,752.8976451612901,-1.0,-0.0,752.8976451612901,1.0,-0.0
case_001,0.99,0.0,15.0,0.0,0.0,0.0,0.0,0.0,True,620.0333548387097,-1.5000000000000002,-0.0,620.0333548387097,1.5000000000000002,-0.0,752.8976451612901,-1.0,-0.0,752.8976451612901,1.0,-0.0
case_001,1.0,-2.590241693496005e-08,14.999999999999995,0.0,-3.746448257810514e-12,1.978504989478577e-09,2.533361339374096e-06,2.5746828669070965e-06,True,620.0333535720351,-1.4999999999970455,3.957945082788683e-14,620.0333561053965,1.500000000002955,-3.957945082788683e-14,752.8976438739436,-0.9999999999968423,3.9246383920499284e-14,752.8976464486265,1.000000000003158,-3.9246383920499284e-14
case_001,1.01,0.3175599530943402,14.99999763907079,0.13333333333333347,0.0009325913380522381,0.005746363144318943,6.755832777079831,7.010751051096804,True,616.6584829859689,-1.500735774746108,-9.840756570012044e-06,623.4143157630488,1.4992644932951504,9.854158632860432e-06,749.3899779703721,-1.0007860151016972,-9.771749090337067e-06,756.4007290214689,0.9992138146352225,9.760398218316979e-06
case_001,1.02,0.573857055318778,14.999984204269794,0.26666666666666694,0.005810834980861572,0.019243127167029188,21.235167585583895,22.459136006387325,True,609.434089712051,-1.504585267351741,-6.127656456761388e-05,630.6692572976349,1.495417990567043,6.143946049641524e-05,741.655333622754,-1.0048969738345206,-6.092407642305231e-05,764.1144696291414,0.9951008315183784,6.077776661567169e-05
case_001,1.03,0.8223295079265593,14.999953602962481,0.40000000000000036,0.015633126307040012,0.03692127560391314,38.946182723890956,41.88740060800228,True,600.6077461459098,-1.5123377677481378,-0.0001647569460149212,639.5539288698008,1.4876749128725155,0.00016539097687856552,731.9226250871678,-1.0131728585684572,-0.0001640178492443578,773.8100256951701,0.9868178973693204,0.00016340157841865377
case_001,1.04,1.0815356897578265,14.999901239325716,0.5333333333333339,0.03015273038796607,0.0568756271388127,58.189898871592504,63.48922424248144,True,591.0269614082426,-1.5237998271058664,-0.0003176076792583693,649.2168602798351,1.4762314642126253,0.0003191722440688549,721.0954668778825,-1.0254038204005882,-0.0003165939991957578,784.5846911203639,0.9745711188146213,0.0003149232801371027
case_001,1.05,1.3560441916863766,14.99982250496352,0.6666666666666673,0.04878767314718581,0.07807953654379575,78.32628418436536,86.49753003613023,True,581.0093429919651,-1.5385128677293616,-0.0005136463712850925,659.3356271763305,1.4615477088650575,0.0005166751964790772,709.5554080328238,-1.0410971600908858,-0.0005127008705784197,796.0529380689541,0.9588489114986029,0.000509105642906682
case_001,1.06,1.6451951043389046,14.999712418862968,0.8000000000000007,0.07092914174098194,0.09997499517903041,99.0873412448866,110.53370009126809,True,570.6865533522125,-1.5559966055481775,-0.0007464330274529751,669.7738945970991,1.4441043848019566,0.0007514825313229001,697.4873435994901,-1.0597371947379104,-0.0007461298007141459,808.0210436907582,0.9401619526253043,0.0007394062906338483
case_001,1.07,1.9466618782280452,14.999565644347301,0.9333333333333342,0.09602671081818596,0.12225633719613505,120.3215479994501,135.35786548768272,True,560.1318830256066,-1.5758164069008036,-0.0010101649672593638,680.4534310250567,1.424335747113456,0.0010177726344192117,685.0051189435712,-1.0808570559244826,-0.0010113103276072066,820.362984431254,0.918971301086885,0.0009998674591814027
case_001,1.08,2.257832222498349,14.999376612099907,1.0666666666666678,0.12359928894752255,0.1447549455286802,141.90889830155925,160.78082228701248,True,549.4025135813197,-1.5975919879368663,-0.0012997902610109024,691.3114118828789,1.4026209545537642,0.0013104373141559211,672.196362489862,-1.104047950702804,-0.0013034225528315568,832.9771847768745,0.8956792044954461,0.0012852328936148738
case_001,1.09,2.576297960566092,14.999139651836906,1.200000000000001,0.1532266306744279,0.16737722665340135,163.73898442897564,186.63754092411034,True,538.5504057337414,-1.6209907451970655,-0.0016109175022293032,702.289390162717,1.379290763097565,0.001624992780787593,659.136393488623,-1.128952098504026,-0.0016183021514398765,845.7739344127333,0.8706363454744228,0.0015908650713867267
case_001,1.1,2.8999944285032844,14.998849100375818,1.3333333333333346,0.184539286465624,0.19007097176642138,185.7094939293296,212.78185584693654,True,527.6231150727558,-1.6457198445317065,-0.001939709188651384,713.3326090020854,1.3546354571056742,0.001957474031864692,645.8913908006278,-1.1552543836743636,-0.0019523268659696336,858.6732466475644,0.844150437110637,0.0019126482287570301
case_001,1.11,3.2272102346676266,14.998499378804537,1.4666666666666681,0.21721128683180735,0.21280696952997769,207.72932952338658,239.08688079991032,True,516.6623831358652,-1.6715204760722926,-0.002282803191928917,724.3917126592518,1.328910645775257,0.0023043588933260306,632.518563715302,-1.1826763233577031,-0.002302330922567375,871.6054445152123,0.8164925244032718,0.002246920732230928
case_001,1.12,3.5565542747778096,14.998085040588096,1.6000000000000014,0.2509555059959206,0.2355688828662931,229.7212364495723,265.44582364238875,True,505.7030153342856,-1.6981642401396124,-0.002637261411769398,735.4242517838579,1.3023409730567264,0.002662521465210954,619.066006239262,-1.2109722890347163,-0.0026655478397186183,884.5118298816508,0.7879010220986418,0.0025904351787743307
case_001,1.1300000000000001,3.8869123884041694,14.997600795413485,1.733333333333335,0.2855206710436194,0.25834763467339067,251.6228061629364,291.7717789754313,True,494.7725755216661,-1.7254508488741678,-0.003000534751752826,746.3953816846025,1.2751225539779325,0.0030292039955007732,605.5729628444597,-1.2399270999989016,-0.003039571473320457,897.3447418198909,0.7585843504365514,0.0029403347223029286
case_001,1.1400000000000001,4.217404752453464,14.997041514131917,1.8666666666666685,0.3206890905391871,0.2811382709335644,273.38603156672764,317.99644173283025,True,483.8917847163458,-1.753206409043601,-0.0033704349200383565,757.2778162830734,1.247424860649706,0.0034019971217065237,592.0705498252698,-1.2693542025127404,-0.0034223259807588113,910.0669915581001,0.7287229436519949,0.00329413554824437
case_001,1.1500000000000001,4.547347264790247,14.996402219903718,2.0,0.3562745077317277,0.3039381854983633,294.9758920260249,344.06806421159797,True,473.0753693017458,-1.7812818106338781,-0.0037451071480357756,768.0512613277707,1.2193925183521386,0.0037788218235708104,578.5827856282352,-1.2990939306525568,-0.0038120386450679056,922.6508498398332,0.6984711300953609,0.0036497090953684364
case_001,1.16,4.580901234668636,14.995756475208706,2.0,0.3912538820279431,0.32137420396715416,310.0973429758562,363.48320175485037,True,465.4199187889878,-1.8088879114128047,-0.004113997540523773,775.517261764844,1.191804718177571,0.004148627047458886,568.3847853372774,-1.3282852933093152,-0.0041979061713164345,931.8679870921278,0.6686926038570246,0.003996432263046523
case_001,1.17,4.6727226818080485,14.995151487241001,2.0,0.4227079040893001,0.3313989697987999,317.89811797704004,374.96701095187734,True,461.3304432923306,-1.8336911813773369,-0.004446895076425317,779.2285612693706,1.1669704393917044,0.004479973994065745,562.1348482673915,-1.3544805660262487,-0.004548489564462854,937.1018592192688,0.6418611544010279,0.004304603728586154
case_001,1.18,4.773542009900539,14.994562807977152,2.0,0.44964603702367073,0.3372613984248894,322.65525343963196,382.73039620716804,True,458.69705162368945,-1.854902125638489,-0.004733705887130346,781.3523050633214,1.1456645850714415,0.004762039207687752,557.7391873283109,-1.3768560508104917,-0.0048526662254528286,940.4695835354789,0.6188229907568773,0.004564601637176702
case_001,1.19,4.865257454536956,14.993980954953368,2.0,0.4722792335332234,0.3407562866801257,326.00796954821743,388.4946627466761,True,456.7208161220564,-1.87268397794857,-0.004976765144961148,782.7287856702739,1.127719629667654,0.00499694325973149,554.3557879038308,-1.3955982635538384,-0.005112065268353394,942.8504506505069,0.5994090072655234,0.004779215794151692
case_001,1.2,4.9427345524815225,14.993403312570775,2.0,0.4911455809113024,0.3428848391705733,328.5592566243622,392.97245479642777,True,455.1184385861327,-1.8874615576812146,-0.005181691385704457,783.6776952104949,1.1127132918622513,0.0051904315742661855,551.6455637676095,-1.4111683408672635,-0.005331816731834749,944.6180185640372,0.5831732166636352,0.0049545862036732835
case_001,1.21,5.0058756875412795,14.992830244640224,2.0,0.5068049274515096,0.34421169183755046,330.53406505234574,396.4871171821286,True,453.794215339093,-1.8996795302628375,-0.005354209587411396,784.3282803914387,1.1002083733854324,0.005348602474178343,549.4603069886086,-1.424044971022012,-0.005517331277736737,945.9474241707372,0.5696504945192918,0.005097027791608422
case_001,1.22,5.056297441405834,14.992263240713385,2.0,0.5197521410631915,0.34505901821950075,332.0346632937078,399.2198566772339,True,452.71202867343504,-1.9097332589920977,-0.005499271902186242,784.7466919671429,1.089820442823201,0.00547695469586551,547.7188909399875,-1.4346512508886426,-0.005673393636737467,946.9387476172215,0.5584296697067898,0.005212120344801452
case_001,1.23,5.096005920866333,14.991704052732976,2.0,0.5304062858664333,0.34561302478376504,333.1309129326904,401.30176928593164,True,451.8496733712309,-1.9179595768969169,-0.005620976521383436,784.9805863039213,1.0812257387008817,0.00558024000148355,546.3616821129517,-1.4433454609427054,-0.005804056047987616,947.6634513988834,0.5491625467083245,0.005304588437500313
case_001,1.24,5.1269111038814135,14.991154313895843,2.0,0.5391210857212316,0.34598293930272866,333.88676125646305,402.84428202313325,True,451.18524013345836,-1.9246443988927195,-0.005722708311762026,785.0720013899214,1.074152351935127,0.0056625435450824435,545.3358627141516,-1.4504298082470446,-0.005912752962337953,948.1801447372849,0.5415550091731877,0.005378405903954109
case_001,1.25,5.150679187694328,14.99061539076776,2.0,0.5461978570352767,0.346233982425776,334.36449456435287,403.9470201698714,True,450.69485425781363,-1.9300323629695038,-0.005807301445332758,785.0593488221665,1.0683695422388302,0.005727394381421613,544.5920046898028,-1.4561612989638026,-0.00600243839529041,948.5390248596742,0.5353560900343011,0.0054369293667800855
case_001,1.26,5.1687126429495995,14.99008834631688,2.0,0.5518957885057283,0.34640595095066806,334.6228223594497,404.6986000791742,True,450.3537057061953,-1.934334483030707,-0.005877169004464278,784.976528065645,1.0636792431840556,0.0057778529656094535,544.084118206018,-1.4607604193917807,-0.006075692507057806,948.7827182851922,0.5303493227214788,0.0054830069673955095
case_001,1.27,5.182173016432337,14.989573953555968,2.0,0.5564391306049263,0.3465237650875516,334.71439756175835,405.17602575971034,True,450.1375141813619,-1.9377334783889493,-0.005934394535355159,784.8519117431202,1.059910107384281,0.005816571440038387,543.770344811165,-1.4644172469822403,-0.006134793500259805,948.9463705708754,0.5263467319917512,0.005519057053849474
case_001,1.28,5.192014108646996,14.9890727300985,2.0,0.5600221177658485,0.3466035084570974,334.6843079000716,405.44444885432245,True,450.0236087208812,-1.9403874266676922,-0.005980794368531661,784.7079166209528,1.056913439907442,0.00584583527029614,543.613431167853,-1.4672956753182518,-0.006181764100025966,949.0578800221755,0.5231847610000605,0.005547124797985081
case_001,1.29,5.19901437590354,14.988584979024875,2.0,0.5628124960678695,0.34665590515079303,334.56964339723214,405.55760019722595,True,449.9915237530252,-1.9424324193003557,-0.0060179603652762426,784.5611671502573,1.0545603230216611,0.005867595003607673,543.5808393999029,-1.4695364809463378,-0.006218402277332613,949.1384395971288,0.520721391099329,0.005568925361229882
case_001,1.3,5.2038054709622905,14.988110829083887,2.0,0.5649542994157705,0.34668834444731345,334.39984513867944,405.5587495174318,True,450.0232233274203,-1.943984712008372,-0.006047290580993958,784.4230684660997,1.0527394118357132,0.005883494237966969,543.6445713952172,-1.4712597681789947,-0.006246303340549875,949.203320912649,0.5188339065064669,0.005585879950981698
case_001,1.31,5.206896654932082,14.987650271155054,2.0,0.5665702586891753,0.3467060771246889,334.19751111169325,405.48196748682085,True,450.1030893195752,-1.9451426567415386,-0.006070012701238858,784.3006004312684,1.051355082517707,0.00589489706600449,543.7808211060004,-1.4725671115167924,-0.006266877717103658,949.2627885928213,0.5174169753184441,0.0055991484983443085
case_001,1.32,5.208695540076413,14.987203189745134,2.0,0.567764034860054,0.34671293230663025,333.9794057352765,405.35349539426613,True,450.2177807973691,-1.945988548883256,-0.006087203069113201,784.1971865326456,1.0503257672179436,0.005902916208714415,543.9695496767141,-1.4735435528502232,-0.006281366681079592,949.3230450709802,0.5163808820509055,0.005609660701889896
case_001,1.33,5.209525740840261,14.98676938936203,2.0,0.5686223552331966,0.3467117587524851,333.7575063934977,405.19309049126696,True,450.3560355266278,-1.9465904358625634,-0.006099802916074926,784.1135419201255,1.0495823985111217,0.005908441898922201,544.1940461628359,-1.474259516939932,-0.006290857070511691,949.3871366541028,0.5156498417596389,0.0056181460517995
case_001,1.34,5.209641920868496,14.986348616097406,2.0,0.5692170674641196,0.34670470548672255,333.53998923118644,405.01526826620466,True,450.50845543653435,-1.9470038842699091,-0.006108632641431355,784.0484446677208,1.0490669386450298,0.00591217097896557,544.4405097603149,-1.4747726546482745,-0.00629629533977949,949.4557780265195,0.5151603805169529,0.005625162796151328
case_001,1.35,5.209242598877235,14.98594057493618,2.0,0.5696070959756978,0.34669340681017285,333.3321035436297,404.8304009016873,True,450.6672981284538,-1.9472736810485702,-0.006114404566911424,783.9994016720835,1.0487309944774852,0.005914635461660933,544.6976708493793,-1.4751295983014219,-0.006298500963241638,949.5280717510666,0.514859792551906,0.005631125511375568
case_001,1.36,5.208480986203559,14.985544943378649,2.0,0.5698402747438958,0.34667910928867524,333.1369141714681,404.64565640496085,True,450.8262844322719,-1.9474354379299876,-0.006117734385942597,783.96319860374,1.0485345291581358,0.005916229785421501,544.9564564794429,-1.4753676047715008,-0.006298179082156241,949.6021128844037,0.5147046935287072,0.005636330839857762
case_001,1.37,5.207474098599644,14.98516138198545,2.0,0.5699550351465353,0.3466627625859378,332.9559112475233,404.46578083849045,True,450.98042471616293,-1.9475170744681216,-0.006119151459329064,783.9363359636862,1.0484446801360494,0.0059172361620231095,545.2096985154393,-1.4755160663660944,-0.0062959323019891045,949.6754793539297,0.5146596859714939,0.005640981041500626
case_001,1.3800000000000001,5.206310344361213,14.984789542395063,2.0,0.5699819327468332,0.34664508672819005,332.7894962618195,404.2937345176489,True,451.125863213264,-1.9475401611174532,-0.006119108067962564,783.9153594750835,1.0484346908132642,0.005917847565887591,545.4518796073046,-1.4755978743246163,-0.006292271578252073,949.7456141249535,0.5146961488263209,0.005645205083417537
case_001,1.3900000000000001,5.205055773280151,14.984429073302884,2.0,0.5699450046641061,0.34662662330438637,332.63735851534034,404.13119783261834,True,451.25973810403707,-1.9475211117917708,-0.006117987726119434,783.8970966193774,1.0484829587406783,0.005918188085111742,545.6789109781391,-1.4756306267458306,-0.00628762617941081,949.8101088107575,0.5147911570584142,0.005649077104454836
case_001,1.4000000000000001,5.203759158881286,14.98407962482461,2.0,0.5698629564896137,0.34660777520637165,332.4987579663565,403.9789642748249,True,451.3800547323839,-1.9474722227135801,-0.006116112658200723,783.8788126987404,1.0485721989928625,0.005918330509419811,545.8879361404942,-1.4756276794256256,-0.0062823527587830275,949.866900415319,0.5149265315211785,0.005652632200840613
case_001,1.41,5.202456077296978,14.983740851601398,2.0,0.5697501842213839,0.34658883785878075,332.3727305580244,403.8372384634192,True,451.4855695165595,-1.9474025608890508,-0.006113750543263519,783.8583000745839,1.0486887175253878,0.005918311166311474,546.0771553548265,-1.475599044086691,-0.006276743601573653,949.9143938182457,0.5150880143508464,0.005655879581475898
case_001,1.42,5.201172133184123,14.983412414941188,2.0,0.5696176407804718,0.3465700239080057,332.25823096612424,403.70585586675406,True,451.57568266250615,-1.9473187098135563,-0.006111120623863042,783.8339136286304,1.048821787087826,0.00591814211083691,546.2456667747996,-1.475552142373205,-0.006271034126334507,949.9515226415537,0.5152645621392538,0.005658813213863856
case_001,1.43,5.199925472308624,14.98309398423628,2.0,0.5694735601049551,0.3465514827714684,332.1542262277346,403.5844395133412,True,451.65033830875666,-1.9472253835997626,-0.006108399268886844,783.8045645364913,1.0489631164024238,0.0059178208537761234,546.3933212564409,-1.4754924273117411,-0.006265409727189475,949.9777607697821,0.515447746676169,0.005661420146525875
case_001,1.44,5.198728706461416,14.982785237848201,2.0,0.569324053457216,0.3465333160830591,332.05975187093287,403.47250711974425,True,451.7099312808613,-1.947125922623976,-0.0061057250672466035,783.7696831517942,1.049106402619509,0.005917337860427141,546.5205888343643,-1.4754238856655715,-0.006260012037382301,949.9930959541085,0.5156312520150251,0.005663686733864415
case_001,1.45,5.1975903630218125,14.982485863609908,2.0,0.5691735935047653,0.3465155898392711,331.97394039682473,403.36954024361205,True,451.75522004714077,-1.947022684961725,-0.006103203516953315,783.7291604439655,1.0492469567695688,0.005916682084074865,546.6284356588228,-1.4753494356706292,-0.006254944685614328,949.9979759024349,0.5158104561179808,0.005665603017884713
case_001,1.46,5.196515956944393,14.982195559060164,2.0,0.5690254015952344,0.34649834388269113,331.896030207395,403.27502519595384,True,451.78724581057185,-1.94691734802822,-0.006100911359903816,783.6832760179668,1.0493813922961428,0.005915844809456006,546.7182108332029,-1.4752712347116659,-0.006250278602644432,949.9932360291567,0.515982085641928,0.0056671655322578784
case_001,1.47,5.195508769033416,14.981914031496492,2.0,0.5688817529936129,0.3464815992377411,331.8253614949736,403.1884737293127,True,451.8072579000963,-1.9468111344501322,-0.006098900599477153,783.6326193950699,1.049507367396466,0.005914822080988591,546.791543034756,-1.4751909110609533,-0.00624605692120106,949.9800167640688,0.5161439330909324,0.005668378794963347
case_001,1.48,5.194570401185474,14.98164099790978,2.0,0.5687442138450111,0.3464653637202147,331.76136421108055,403.10942996602625,True,451.816645742238,-1.9467049754156325,-0.0060972022266954085,783.5780099533185,1.0496233727056221,0.005913615980654652,546.8502470543692,-1.4751097329915768,-0.006242299499287507,949.9596770203955,0.5162946264442446,0.005669255747671298
case_001,1.49,5.1937011668377195,14.981376184845292,2.0,0.5686138223106565,0.34644963616627283,331.70354200675473,403.03746863736046,True,451.8168777352824,-1.9465996236287053,-0.006095829670895558,783.5204197420371,1.0497285568176462,0.005912235002454913,546.8962405079776,-1.4750287274342697,-0.006239007085465653,949.9337091453381,0.5164334424437844,0.005669817383972819
case_001,1.5,5.192900363586012,14.981119328220387,2.0,0.5684912248881389,0.34643440956494415,331.6514549970467,402.97218849801664,True,451.8094473188328,-1.946495726707709,-0.006094781983278841,783.4609023158795,1.0498225831194097,0.005910693747592399,546.9314709681606,-1.474948759042781,-0.006236165135852789,949.9036594661773,0.5165601558431014,0.005670091787325249
case_001,1.51,5.192166464916869,14.98087017311842,2.0,0.5683767774503845,0.3464196733273355,331.6047033370201,402.9132037545388,True,451.79582644994395,-1.9463938704989066,-0.006094046756332239,783.4005297869641,1.049905512373686,0.0059090121387341266,546.9578536727348,-1.4748705791475192,-0.006233747286481184,949.8710574272736,0.5166749180237612,0.005670112774741609
case_001,1.52,5.1914972592810145,14.980628473570382,2.0,0.5682706190910907,0.3464054148835829,331.56291289198583,402.8601354918161,True,451.7774265793301,-1.946294600394642,-0.006093602778857121,783.3403394713159,1.049977706388135,0.0059072143244084385,546.9772198163039,-1.4747948526811814,-0.006231718481288007,949.83735530812,0.516778159428154,0.005669918315339029
case_001,1.53,5.190889957321588,14.980393992330159,2.0,0.5681727254968764,0.34639162076350005,331.5257237250487,402.8126043861781,True,451.7555670825344,-1.946198427406984,-0.0060934224249720725,783.2812908075831,1.0500397489230382,0.005905327417084938,546.9912752466707,-1.474722169807129,-0.006230037755036388,949.8038796328489,0.5168705112100558,0.0056695488651854475
case_001,1.54,5.190341281906606,14.980166500645625,2.0,0.5680829473110592,0.34637827728766807,331.49278169357746,402.7702254417344,True,451.7314509544096,-1.946105824488971,-0.006093473775703628,783.224232647987,1.0500923807091567,0.005903380181727813,547.0015691924294,-1.474653047710127,-0.006228660671519337,949.7717946341638,0.5169527423495393,0.005669045732544897
case_001,1.55,5.189847550619851,14.97994577802557,2.0,0.5680010378304795,0.3463653709713601,331.4637331260901,402.7326050620891,True,451.7061474318281,-1.9460172174434252,-0.006093722473311913,783.1698805579182,1.0501364460634983,0.005901401766356451,547.0094724583515,-1.474587926846586,-0.006227541420000038,949.7420775204406,0.5170257092103335,0.005668449561489264
case_001,1.56,5.1894047564338255,14.979731612001245,2.0,0.5679266733944984,0.34635288872336045,331.4382223254368,402.6993404557867,True,451.680581078328,-1.9459329737295394,-0.006094133310971084,783.1188034037648,1.0501728491066924,0.005899420542928191,547.0161643549783,-1.4745271649141878,-0.006226634576503909,949.715504810765,0.5170903151365203,0.005667798997611051
case_001,1.57,5.189008649303269,14.979523797881095,2.0,0.5678594689856585,0.34634081790475185,331.41589149770624,402.67002115440914,True,451.6555267517958,-1.9458533915780023,-0.006094671563511844,783.071418249502,1.0502025180070231,0.005897463106042056,547.0226274873799,-1.4744710308972215,-0.0062258965408402145,949.692648641789,0.5171474781974057,0.005667129577725638
case_001,1.58,5.188654819254117,14.97932213849738,2.0,0.5677989908601395,0.3463291462985328,331.3963826241403,402.64423228131136,True,451.63160978704593,-1.9457786910581072,-0.006095304068317375,783.0279924111862,1.0502263760119166,0.00589555345876569,547.0296494212386,-1.4744197007759323,-0.006225286664676144,949.6738817025499,0.5171981056037296,0.005666472866315331
case_001,1.59,5.188338780075818,14.979126443943997,2.0,0.567744767454536,0.34631786202904946,331.3793407624184,402.6215591322341,True,451.6093106618966,-1.9457090081019763,-0.00609600006886829,782.988651424315,1.050245318288376,0.005893712399413886,547.0378301751824,-1.4743732558525597,-0.006224768090251853,949.6593893074165,0.5172430736464576,0.005665855845234602
case_001,1.6,5.18805605183126,14.978936531305516,2.0,0.5676962993623429,0.3463069534603199,331.364418271948,402.6015926025725,True,451.5889733786572,-1.9456443919748578,-0.006096731836636005,782.9533916506052,1.0502601937905218,0.00589195711033319,547.0475944563985,-1.4743316841363745,-0.00622430832314308,949.649187058971,0.5172832122629089,0.0056653005498842335
case_001,1.61,5.187802239965786,14.97875222437823,2.0,0.5676530688258726,0.34629640909410603,331.3512794949272,402.5839350083288,True,451.57081678259055,-1.9455848062773056,-0.006097475089827498,782.9220962775178,1.050271791516563,0.005890300939602633,547.0592075606361,-1.47429488483521,-0.006223879565619206,949.6431425689649,0.5173192935262918,0.0056648239346420715
case_001,1.62,5.187573108717945,14.978573353384743,2.0,0.5676145489334297,0.34628621748182253,331.3396054817317,402.56820588774394,True,451.55494805281523,-1.945530133263772,-0.006098209229764451,782.894553534547,1.0502808306194957,0.005888753358875398,547.0727938938528,-1.474262675709958,-0.006223458839487328,949.6409997815967,0.5173520234951019,0.005664437942634826
case_001,1.6300000000000001,5.187364646715823,14.978399754684244,2.0,0.5675802125335304,0.3462763671588812,331.3290984181243,402.55404742936264,True,451.54137763657,-1.9454801810506273,-0.006098917417345362,782.8704760546943,1.0502879539055838,0.005887320075162739,547.088357136646,-1.4742348028485095,-0.006223027928776381,949.6424045660086,0.5173820369589845,0.005664149749743996
case_001,1.6400000000000001,5.187173123002096,14.978231270481018,2.0,0.567549540764353,0.34626684660569157,331.31948548632823,402.54112924190986,True,451.5300349515689,-1.945434693152457,-0.006099586513040878,782.8495204378971,1.050293724300705,0.0058860032709588395,547.1058011590328,-1.474210952293465,-0.006222573173185031,949.6469304009427,0.5174098946870371,0.005663962149789925
case_001,1.6500000000000001,5.186995132197093,14.978067748534116,2.0,0.5675220310347459,0.34625764423615124,331.31052196724295,402.52915225557433,True,451.5207842493003,-1.9453933597160435,-0.006100206904215033,782.8313062165432,1.0502986238943777,0.005884801945458817,547.1249508964091,-1.4741907629003743,-0.006222085142931821,949.6541031519835,0.5174360828312311,0.0056638740468273885
case_001,1.6600000000000001,5.186827628025779,14.977909041871147,2.0,0.5674972042713932,0.3462487484119364,331.3019934627431,402.5178516179293,True,451.5134401110055,-1.9453558298047076,-0.0061007722432636635,782.8154335737486,1.0503030551907697,0.0058837123294615545,547.1455725123753,-1.4741738397976683,-0.0062215582245694345,949.6634241303046,0.5174610141686814,0.005663881021108541
case_001,1.67,5.18666794495333,14.977755008509146,2.0,0.5674746112547355,0.3462401474791352,331.2937171825412,402.506998516909,True,451.507782133418,-1.9453217241101062,-0.00610127911918501,782.8014993159592,1.0503073442101374,0.005882728347598287,547.1673922949719,-1.474159767853825,-0.006220990145567262,949.6743908118809,0.517485030887373,0.005663975937193033
case_001,1.68,5.186513808161658,14.977605511185313,2.0,0.5674538378948943,0.34623182982265,331.2855422969699,402.49640092516415,True,451.5035684498706,-1.9452906475237508,-0.006101726683808428,782.7891107468405,1.0503117450964843,0.00588184210351772,547.1901138551266,-1.4741481246208352,-0.0062203814631408005,949.6865147802907,0.5175084086351974,0.005664149565612453
case_001,1.69,5.186363332529148,14.977460417099998,2.0,0.5674345093404266,0.3462237839332248,331.2773494046017,402.48590331282605,True,451.50054782052456,-1.9452622010770406,-0.00610211625209961,782.7778972251263,1.0503164459007286,0.005881044366347843,547.2134333154353,-1.4741384923060783,-0.0062197350400430285,949.6993366282613,0.517531361565059,0.005664391193127949
case_001,1.7,5.186215011631682,14.977319597674056,2.0,0.5674162928608557,0.34621599848183165,331.2690492007905,402.4753854183235,True,451.4984701102911,-1.945235992847954,-0.0061024508938349875,782.7675193110816,1.0503215752245105,0.005880325039892775,547.2370522900022,-1.474130468418691,-0.006219055526974104,949.7124377083258,0.5175540481217316,0.005664689200689854
case_001,1.71,5.186067698056829,14.977182928322174,2.0,0.5673988994934847,0.346208462396386,331.2605804605746,402.46476019882607,True,451.4970950522692,-1.9452116475280754,-0.006102735031582762,782.7576755128438,1.0503272094295064,0.005879673599429036,547.2606885594471,-1.4741236748347113,-0.006218348868025525,949.7254487582732,0.5175765773307103,0.0056650315924820505
case_001,1.72,5.185920576510457,14.977050288243223,2.0,0.5673820844920762,0.34620116493625536,331.25190746683444,402.45397110371357,True,451.4961992660241,-1.945188814439168,-0.006102974057452637,782.7481067328586,1.0503333801404016,0.005879079484430116,547.2840844366182,-1.4741177651215165,-0.006217621842295906,949.7380555403317,0.5175990153662512,0.0056654064637035595
case_001,1.73,5.185773131300362,14.976921560228359,2.0,0.5673656466567706,0.34619409576070836,331.2430170236436,402.4429888264575,True,451.49558156257183,-1.9451671738795793,-0.006103173978562415,782.7385985862154,1.0503400817968482,0.005878532438950201,547.3070128971383,-1.4741124300523045,-0.006216881651586126,949.7500017235958,0.5176213921955187,0.00566580239883957
case_001,1.74,5.185625109809805,14.976796630486946,2.0,0.5673494266592245,0.3461872449882426,331.233915195747,402.4318076938582,True,451.49506662056905,-1.945146441763976,-0.0061033410987026415,782.728981816316,1.050347279039778,0.00587802279459021,547.3292816133746,-1.4741074013220328,-0.006216135561012692,949.7610893072329,0.5176437081181016,0.005666208795971961
case_001,1.75,5.185476483534655,14.976675388490067,2.0,0.5673333045033337,0.34618060324456285,331.22462390998425,402.4204418475823,True,451.4945071604,-1.9451263725925136,-0.006103481741335126,782.7191310703843,1.0503549137498573,0.0058775416938766645,547.3507350808096,-1.4741024535451897,-0.006215390596537473,949.7711769283919,0.5176659400446401,0.0056666161160692785
case_001,1.76,5.185327408162055,14.976557726830928,2.0,0.567317196279725,0.3461741616978127,331.21517754390703,402.4089213630059,True,451.49378477474073,-1.9451067608462889,-0.006103602016890253,782.7089623186478,1.0503629115894044,0.005877081254427374,547.3712550622854,-1.4740974046718407,-0.006214653300864348,949.7801764252913,0.5176880473843352,0.005667016059120122
case_001,1.77,5.185178184027895,14.976443541101174,2.0,0.5673010503816047,0.3461679120804387,331.2056196125807,402.3972884355878,True,451.4928095960738,-1.9450874409539454,-0.006103707635380262,782.6984292086545,1.0503711879330238,0.005876634676426573,547.3907595990291,-1.4740921150010022,-0.006213929546937336,949.788048034617,0.5177099774378556,0.005667401671383465
case_001,1.78,5.185029218116837,14.97633272978183,2.0,0.5672848433511929,0.346161846697765,331.1959996475875,402.3855937470745,True,451.49151899413977,-1.9450682860095625,-0.006103803763653215,782.6875186417273,1.0503796531052951,0.005876196297658065,547.4092008487801,-1.4740864849999278,-0.006213224406417306,949.7947945958546,0.5177316702189398,0.005667767389924472
case_001,1.79,5.184880988573232,14.976225194147451,2.0,0.5672685755207405,0.3461559584239485,331.18637034378116,402.3738931036379,True,451.489875500337,-1.945049205444941,-0.006103894925198028,782.6762458441182,1.0503882168752665,0.00587576160164982,547.4265620119775,-1.4740804521548891,-0.006212542069031324,949.8004551156154,0.517753062653786,0.005668109031974844
case_001,1.8,5.184734012486399,14.976120838181858,2.0,0.567252266601135,0.3461502406864623,331.1767850303683,402.36224441713466,True,451.48786415292597,-1.945030141871235,-0.006103984939270446,782.6646491832943,1.0503967921866266,0.0058753271853905775,547.4428535987568,-1.4740739870849717,-0.006211885807559936,949.8050980158914,0.5177740921318321,0.005668423737558437
case_001,1.81,5.184588817506074,14.976019568503844,2.0,0.5672359513555818,0.34614468744061444,331.16729550431745,402.35070507966157,True,451.48548944727753,-1.9450110673064598,-0.006104076895260158,782.652784951595,1.050405298128274,0.005874890693601642,547.4581092734595,-1.4740670891464132,-0.006211257982460583,949.8088143531211,0.5177946994036348,0.005668709874261879
case_001,1.82,5.184445917644794,14.975921294301207,2.0,0.567219675477023,0.346139293135847,331.1579502465763,402.33932976159747,True,451.4827720610424,-1.9449919789985677,-0.0061041731576294,782.6407223076187,1.050413662172515,0.005874450726740199,547.4723814917929,-1.474059781742951,-0.006210660079672303,949.8117112533904,0.5178148308412958,0.005668966913090934
case_001,1.83,5.1843057934376295,14.975825927271483,2.0,0.5672034917670373,0.3461340526756906,331.1487930256484,402.3281686448985,True,451.47974550595006,-1.9449728950399112,-0.006104275396414172,782.6285385315985,1.0504218217266965,0.005874006729805814,547.4857371198132,-1.4740521075391133,-0.0062100927749900725,949.8139057647116,0.5178344400935748,0.005669195284071116
case_001,1.84,5.184168876462389,14.9757333815679,2.0,0.5671874566920738,0.34612896137327975,331.1398618792216,402.31726608700524,True,451.47645283717907,-1.9449538499495242,-0.006104384638166482,782.6163147164007,1.050429725058748,0.005873558868675133,547.4982531953005,-1.47404412375002,-0.0062095560184936005,949.8155192823058,0.5178534891813856,0.005669396219696365
case_001,1.85,5.184035538078698,14.975643573749167,2.0,0.5671716273709844,0.3461240149042802,331.1311884528108,402.30665969677705,True,451.4729435291312,-1.9449348903765662,-0.006104501332293011,782.604131981942,1.050437331667855,0.005873107900146779,547.5100129622725,-1.4740358976548165,-0.006209049132821165,949.8166726590496,0.51787194908981,0.005669571593565403
case_001,1.86,5.183906082124219,14.975556422731845,2.0,0.5671560590268103,0.34611920925895423,331.12279766524125,402.29637979247696,True,451.46927060376606,-1.9449160710526658,-0.006104625427989452,782.5920682690073,1.0504446121785003,0.005872655041196162,547.5211022794525,-1.4740275024526581,-0.006208570919556289,949.8174820719295,0.5178897999200033,0.005669723760627798
case_001,1.87,5.183780741211374,14.97547184974425,2.0,0.5671408029162945,0.3461145406949153,331.1147076637163,402.2864492031109,True,451.46548807546577,-1.9448974510943307,-0.006104756457341376,782.580195739182,1.0504515478395278,0.005872201842150426,547.5316064745708,-1.4740190135516165,-0.006208119768601694,949.8180556776817,0.5179070306686441,0.005669855404448032
case_001,1.8800000000000001,5.183659676199308,14.975389778281023,2.0,0.5671259047332031,0.3461100056919039,331.10693002678573,402.27688336827146,True,451.46164875531036,-1.9448790907300721,-0.006104893620632046,782.5685787820961,1.0504581297103446,0.005871750067663162,547.5416076894635,-1.4740105053531585,-0.006207693766102362,949.818491057735,0.5179236387041796,0.005669969395843244
case_001,1.8900000000000001,5.18354297837038,14.975310134057613,2.0,0.5671114034665792,0.3461056009096823,331.099470170939,402.2676906879375,True,451.45780243820815,-1.9448610485014517,-0.006105035870435982,782.5572726091472,1.0504643576138988,0.005871301588509958,547.5511827362957,-1.474002048568675,-0.006207290797227205,949.8188734242332,0.5179396290081766,0.005670068666190242
case_001,1.9000000000000001,5.183430673818965,14.975232844964184,2.0,0.5670973306827498,0.34610132314989545,331.0923279160441,402.25887307220694,True,451.45399447912854,-1.9448433789637631,-0.006105181991649056,782.5463223951726,1.0504702389315503,0.00587085828639633,547.5604014640066,-1.4739937080809946,-0.006206908640868702,949.8192745362136,0.5179550132472659,0.005670156097688728
case_001,1.9100000000000001,5.1833227295573,14.975157841018541,2.0,0.5670837101903546,0.34609716932249895,331.0854981659054,402.25042664143245,True,451.4502647497418,-1.9448261308908992,-0.00610533067519653,782.5357629156472,1.0504757873083956,0.00587042197317561,547.5693256156832,-1.473985541342939,-0.006206545054074586,949.8197522571156,0.5179698087364056,0.005670234431914334
case_001,1.92,5.183219060859331,14.975085054317892,2.0,0.567070558040812,0.3460931364171199,331.07897166272784,402.2423425293804,True,451.44664695461137,-1.9448093459708293,-0.006105480583732115,782.5256186173392,1.0504810213300215,0.0058699943251598885,547.5780081431623,-1.4739775972876432,-0.006206197844724148,949.8203506725426,0.5179840373484225,0.005670306197152253
case_001,1.93,5.1831195393919165,14.975014418989332,2.0,0.5670578828123733,0.34608922147949867,331.07273577781734,402.2346077455136,True,451.44316827629746,-1.9447930579629653,-0.00610563040819373,782.5159040541148,1.0504859632228833,0.005869576832562895,547.5864929337382,-1.4739699157112192,-0.0062058649316210635,949.8211006792518,0.5179977244177982,0.0056703736542533245
case_001,1.94,5.183024001724399,14.974945871139104,2.0,0.5670456861240183,0.34608542159296896,331.0667753051603,402.22720605698964,True,451.4398493117554,-1.9447772922768605,-0.006105778914581139,782.5066246169157,1.0504906376215328,0.005869170763574294,547.594814896091,-1.4739625270777812,-0.006205544391751305,949.8220209530806,0.5180108976793388,0.005670438760138341
case_001,1.95,5.1829322578558275,14.97487934880073,2.0,0.5670339633256497,0.34608173386476804,331.06107322948435,402.2201188562508,True,451.4367042576697,-1.9447620659229814,-0.006105924980772226,782.497777487154,1.0504950704367073,0.005868777142118531,547.6030003476924,-1.473955452689529,-0.006205234494957246,949.8231192039432,0.5180235862746934,0.005670503147578998
case_001,1.96,5.182844099453625,14.97481479188227,2.0,0.5670227043130581,0.34607815541683495,331.0556114455214,402.21332598565255,True,451.43374129998205,-1.9447473877806054,-0.006106067623578404,782.4893527455034,1.0504992878494093,0.00586839673800954,547.6110676440103,-1.4739487051603999,-0.006204933726691841,949.8243936296628,0.5180358198520874,0.00567056811951111
case_001,1.97,5.182759307553855,14.97475214211289,2.0,0.56701189441961,0.3460746833806515,331.05037141040543,402.20680649644373,True,451.43096316231754,-1.9447332591249684,-0.006106206016563476,782.481334572723,1.050503315447624,0.005868030067962271,547.6190279901919,-1.47394228913033,-0.006204640799846894,949.8258344866356,0.518047627777333,0.005670634655881079
case_001,1.98,5.18267765953073,14.974691342989098,2.0,0.5670015153412318,0.3460713148956104,331.0453347162096,402.2005393251369,True,451.4283677693678,-1.9447196743554314,-0.006106339499395874,782.4737024855774,1.05050717751472,0.005867677405773264,547.6268863785136,-1.4739362021582376,-0.006204354656886624,949.8274257036505,0.5180590384674204,0.005670703430884438
case_001,1.99,5.182598935197581,14.974632339720904,2.0,0.5669915460567103,0.34606804711034633,331.04048357444987,402.1945038757392,True,451.42594898373494,-1.944706621868022,-0.006106467579697128,782.4664325581848,1.0505108964716672,0.005867338799906974,547.6346425989436,-1.473930435734811,-0.006204074463681597,949.8291464746828,0.5180700788518074,0.005670774838405113
case_001,2.0,5.1825229219537245,14.974575079178244,2.0,0.5669819637112657,0.34606487718645185,331.03580120865234,402.18868050148285,True,451.42369737857365,-1.944694085019232,-0.006106589928465966,782.459498587226,1.0505144924694545,0.00586701409673035,547.6422922756195,-1.4739249763608957,-0.006203799596521065,949.8309727771024,0.5180807739612414,0.00567084902350834
case_001,2.0100000000000002,5.182449418938033,14.974519509837982,2.0,0.5669727444375311,0.34606180230400324,331.03127215498483,402.1830508840959,True,451.42160101272776,-1.9446820431327074,-0.006106706370227366,782.4528731677126,1.050517983123182,0.005866702967700754,547.649827888271,-1.473919806643121,-0.006203529623803161,949.8328787723669,0.518091146639321,0.005670925917943714
case_001,2.02,5.182378240191798,14.974465581731728,2.0,0.5669638640942186,0.346058819668344,331.0268824741771,402.17759831268484,True,451.4196461801579,-1.9446704725062969,-0.006106816869065779,782.446528654335,1.0505213833756655,0.005866404938931535,547.6572397444537,-1.4739149063651544,-0.006203264283862364,949.8348380571385,0.518101217368475,0.0056710052777879105
case_001,2.0300000000000002,5.182309216867617,14.974413246394779,2.0,0.5669552989086623,0.3460559265176185,331.02261988061684,402.1723078674577,True,451.41781811054386,-1.9446593473832867,-0.00610692151167741,782.4404379911607,1.0505247054754878,0.0058661194217087265,547.6645168753223,-1.4739102535000712,-0.006203003460314216,949.83682474278,0.5181110041990921,0.005671086721556362
case_001,2.04,5.18224219855012,14.974362456816364,2.0,0.5669470260149353,0.3460531201305949,331.01847379654936,402.1671665161847,True,451.4161016033881,-1.9446486408585328,-0.0061070204885038115,782.4345753999374,1.0505279590528018,0.005865845742720921,547.6716478347057,-1.473905825136744,-0.006202747156170418,949.8388143508904,0.5181205227687287,0.005671169767358264
case_001,2.05,5.182177053775188,14.974313167391387,2.0,0.5669390238842037,0.3460503978343809,331.01443534078413,402.1621631331078,True,451.4144815828518,-1.9446383256967894,-0.006107114073922892,782.4289169236359,1.050531151275124,0.005865583172956379,547.6786213876247,-1.4739015983002237,-0.006202495467837188,949.8407845207325,0.5181297863969684,0.005671253867910786
case_001,2.06,5.182113669850346,14.974265333873824,2.0,0.5669312726483098,0.34604775701170154,331.0104972621815,402.1572884513771,True,451.4129435654953,-1.9446283750472677,-0.006107202606351947,782.4234408276768,1.0505342870653196,0.005865330954432979,547.6854270806302,-1.4738975506529706,-0.006202248559938506,949.8427155320073,0.5181388062411452,0.005671338442492846
case_001,2.07,5.182051952087723,14.974218913331843,2.0,0.5669237543212199,0.3460451951074725,331.00665382865714,402.1525349607077,True,451.4114740372863,-1.9446187630444336,-0.006107286468995388,782.4181278659435,1.0505373693644358,0.005865088324127632,547.6920556915829,-1.4738936610699735,-0.006202006641738089,949.8445906522907,0.5181475914981294,0.005671422905160761
case_001,2.08,5.181991822565367,14.974173864104742,2.0,0.5669164529258939,0.34604270963447237,331.0029006822753,402.1478967621573,True,451.41006074015667,-1.944609465290754,-0.006107366071830711,782.412961422432,1.0505403994230884,0.005864854534668507,547.6984995612958,-1.473889910086381,-0.0062017699457552755,949.8463963234531,0.5181561496380762,0.005671506688789352
case_001,2.09,5.1819332185316735,14.974130145761707,2.0,0.566909354536347,0.3460402981779812,330.999234670773,402.1433693916514,True,451.4086928714997,-1.9446004592218518,-0.006107441835294769,782.4079275422727,1.0505433771066295,0.005864628871537658,547.7047528132332,-1.4738862802209869,-0.006201538709003307,949.8481222048846,0.5181644866570055,0.0056715892647147825
case_001,2.1,5.181876090563019,14.974087719062391,2.0,0.566902447246206,0.3460379583993093,330.99565366496955,402.1389496231859,True,451.4073612026602,-1.9445917243587316,-0.006107514175998807,782.4030148676297,1.0505463012010423,0.005864410666691855,547.7108114705997,-1.4738827561828676,-0.006201313157117416,949.8497610937856,0.518172607336442,0.0056716701579476725
case_001,2.11,5.181820400576679,14.974046545919293,2.0,0.5668957210759562,0.3460356880381943,330.9921563706704,402.1346352617629,True,451.40605812443016,-1.9445832424550238,-0.006107583494678992,782.3982144951005,1.0505491697084994,0.005864199308653173,547.7166734823267,-1.4738793249714761,-0.006201093491498277,949.8513087440896,0.5181805154998824,0.005671748958087364
case_001,2.12,5.181766119791008,14.974006589361842,2.0,0.5668891678314062,0.3460334849140911,330.98874214254084,402.13042493488524,True,451.40477762898826,-1.9445749975497504,-0.006107650166476464,782.3935197715291,1.0505519801236167,0.005863994249240334,547.7223386710787,-1.4738759758827924,-0.0062008798794662146,949.8527636059639,0.5181882142575519,0.005671825326203306
case_001,2.13,5.18171322671225,14.97396781350215,2.0,0.5668827809257222,0.34603134692641496,330.985410806203,402.12631789021384,True,451.4035152385183,-1.94456697593789,-0.006107714533544417,782.3889260447213,1.0505547296834405,0.0058637950072030764,547.7278086170737,-1.4738727004355066,-0.00620067244731809,949.8541265072876,0.5181957062326135,0.005671898998051317
case_001,2.14,5.181661705214941,14.973930183502304,2.0,0.5668765551768117,0.346029272053829,330.98216249360496,402.1223138055482,True,451.4022678911547,-1.9445591660721044,-0.006107776899895001,782.3844303847596,1.0505574155862778,0.00586360116909701,547.7330864918351,-1.4738694922319957,-0.006200471276087749,949.8554002973833,0.5182029937637243,0.005671969784069586
case_001,2.15,5.181611542768787,14.973893665543116,2.0,0.5668704865909124,0.3460272583526897,330.97899749540676,402.11841261596794,True,451.4010337947721,-1.9445515584093935,-0.006107837528332827,782.3800312901789,1.050560035176285,0.005863412387779543,547.7381768555381,-1.473866346768894,-0.006200276399747073,949.856589471506,0.5182100790804464,0.00567203756664536
case_001,2.16,5.1815627288520085,14.973858226794219,2.0,0.5668645721420881,0.34602530395477843,330.97591613302933,402.11461436159584,True,451.3998122586988,-1.9445441452163525,-0.006107896639270305,782.3757283917281,1.0505625860924817,0.00586322837893849,547.743085430895,-1.473863261211642,-0.006200087805535992,949.8576997924908,0.5182169644495317,0.005672102295166903
case_001,2.17,5.181515253578204,14.973823835385385,2.0,0.5668588095560014,0.3460234070644532,330.9729186518397,402.110919058205,True,451.3986035127248,-1.9445369203461043,-0.00610795441118217,782.3715221645645,1.0505650663823007,0.00586304891607109,547.7478188653646,-1.4738602341464762,-0.006199905436081399,949.8587379235696,0.5182236522914415,0.005672163979376366
case_001,2.18,5.1814691065522185,14.97379046037898,2.0,0.566853197104907,0.3460215659553599,330.97000513600534,402.10732659168457,True,451.3974085217572,-1.9445298789989893,-0.006108010982437073,782.3674136577625,1.0505674745810587,0.005862873824323267,547.7523844921246,-1.4738572653220914,-0.0061997291929522524,949.8597110838092,0.5182301452676197,0.005672222681520844
case_001,2.19,5.181424275959816,14.973758071743418,2.0,0.5668477334193486,0.34601977896683506,330.96717544470323,402.10383663647303,True,451.39622880341165,-1.9445230174778674,-0.006108066454231842,782.3634042481149,1.0505698097597478,0.005862702973579104,547.7567900986672,-1.4738543553917272,-0.006199558941300698,949.8606267351403,0.5182364463400292,0.005672278507768025
case_001,2.2,5.181380747886932,14.973726640327559,2.0,0.5668424173206202,0.34601804450012774,330.9644291686035,402.10044859707887,True,451.395066254574,-1.944516332947419,-0.006108120894358637,782.3594954231775,1.0505720715442861,0.005862536271155239,547.7610437102614,-1.473851505664742,-0.006199394515254142,949.8614923073403,0.5182425588051742,0.005672331599305025
case_001,2.21,5.181338505856873,14.973696137835917,2.0,0.5668372476766864,0.34601636101455374,330.9617656050707,402.09716157122057,True,451.3939229917663,-1.9445098232052658,-0.006108174341544481,782.355688596837,1.0505742601099697,0.005862373654419217,547.7651533939106,-1.4738487178750763,-0.006199235723746088,949.8623149651312,0.5182484863054639,0.0056723821234905825
case_001,2.22,5.181297530567643,14.973666536804634,2.0,0.5668322232830119,0.3460147270236854,330.95918375001196,402.0939743324926,True,451.39280120889924,-1.9445034864711428,-0.006108226810122297,782.3519849589112,1.0505763761551206,0.0058622150836015186,547.7691270868368,-1.4738459939722413,-0.006199082356505292,949.8631014193294,0.5182542328210991,0.005672430265369566
case_001,2.23,5.181257799807245,14.97363781057812,2.0,0.5668273427686429,0.34601314109166037,330.9566823040818,402.09088533013824,True,451.3917030548321,-1.9444973211987244,-0.006108278294817915,782.3483853589139,1.050578420858115,0.005862060535025526,547.7729724519863,-1.4738433359388037,-0.006198934189962257,949.8638577821246,0.5182598026458933,0.005672476219799827
case_001,2.24,5.1812192885219215,14.973609933286344,2.0,0.5668226045269291,0.3460116018296818,330.9542596907507,402.08789270325315,True,451.39063053210435,-1.9444913259132688,-0.006108328775464356,782.344890222855,1.0505803958219093,0.005861909994929915,547.7766967617773,-1.4738407456368283,-0.00619879099286802,949.8645894650305,0.5182652003505074,0.0056725201843825235
case_001,2.25,5.181181969010321,14.973582879822649,2.0,0.5668180066694873,0.3460101078927623,330.95191408375337,402.08499430662584,True,451.38958541717903,-1.9444854990767406,-0.006108378221488742,782.3414995009324,1.050582303009997,0.005861763454010072,547.7803068100093,-1.4738382246842607,-0.0061986525314659535,949.8653011166351,0.5182704307364462,0.005672562353326249
case_001,2.2600000000000002,5.181145811216861,14.973556625822141,2.0,0.5668135470013953,0.3460086579767503,330.9496434413817,402.08218774542627,True,451.38856920182764,-1.9444798389809839,-0.006108426596044658,782.3382126432093,1.0505841446774609,0.0058616209027612665,547.7838088509951,-1.4738357743611112,-0.006198518574092704,949.8659965964214,0.5182754987840561,0.005672602912326352
case_001,2.27,5.1811107830972265,14.973531147640577,2.0,0.5668092230151514,0.3460072508156622,330.94744554536067,402.0794704161094,True,451.38758305443616,-1.9444743436682626,-0.0061084738596998145,782.3350285997968,1.0505859233003756,0.0058614823276638695,547.787208563964,-1.473833395544139,-0.006198388895129636,949.8666789800734,0.5182804095973989,0.005672642034487252
case_001,2.2800000000000002,5.181076851031379,14.973506422333696,2.0,0.5668050319006432,0.3460058851793304,330.94531804211425,402.07683955102164,True,451.3866277996363,-1.9444690108777787,-0.006108519973613502,782.3319458417506,1.05058764150641,0.005861347708216502,547.7905110403444,-1.473831088668035,-0.006198263278255511,949.8673505913661,0.518285168348622,0.005672679877278375
case_001,2.29,5.181043980260858,14.973482427637059,2.0,0.5668009705682173,0.3460045598713656,330.94325848451206,402.074292264478,True,451.38570391414476,-1.9444638380159407,-0.006108564902170044,782.3289623986568,1.0505893020089492,0.005861217014789255,547.7937207909602,-1.4738288537103574,-0.006198141518988343,949.8680130554382,0.5182897802240084,0.0056727165804753565
case_001,2.3000000000000003,5.1810121353302625,14.973459141946314,2.0,0.5667970356819197,0.3460032737274223,330.94126437251464,402.07182559839487,True,451.3848115364799,-1.944458822147708,-0.006108608615057631,782.3260759089945,1.050590907546646,0.005861090207247177,547.7968417699532,-1.4738266901971198,-0.006198023426529364,949.868667368348,0.5182942503735221,0.005672752265012626
case_001,2.31,5.180981280515433,14.973436544297924,2.0,0.5667932237000594,0.3460020256137473,330.9393331913398,402.06943656578653,True,451.38395048807655,-1.9444539600059794,-0.0061086510888033185,782.3232836794164,1.0505924608297648,0.00586096723427193,547.7998774121305,-1.473824597225609,-0.006197908824945697,949.869313977917,0.518298583865241,0.005672787032649562
case_001,2.32,5.180951380224324,14.973414614350334,2.0,0.5667895309204249,0.3460008144259868,330.9374624461091,402.0671221909038,True,451.3831203033007,-1.9444492480158238,-0.006108692307792707,782.3205827494098,1.0505939644942555,0.005860848033296728,547.8028306804371,-1.4738225735009578,-0.006197797553746887,949.8699528713408,0.5183027856457058,0.005672820966341807
case_001,2.33,5.180922399359427,14.973393332365596,2.0,0.5667859535277231,0.3459996390882195,330.93564969223047,402.06487954493787,True,451.3823202658953,-1.9444446823302763,-0.0061087322648180065,782.3179699581258,1.0505954210640778,0.005860732530960255,547.8057041204053,-1.4738206173830024,-0.006197689467923373,949.8705836653431,0.5183068605067986,0.005672854131195615
case_001,2.34,5.180894303633823,14.973372679191444,2.0,0.5667824876411021,0.345998498552187,330.9338925610143,402.06270577668226,True,451.38154944957705,-1.9444402588745608,-0.006108770961206267,782.3154420105914,1.0505968329219133,0.005860620643981851,547.8084999186556,-1.4738187269401462,-0.006197584437523995,949.8712056953378,0.5183108130594877,0.005672886575885661
case_001,2.35,5.180867059835741,14.97335263624382,2.0,0.566779129359951,0.34599739179668487,330.9321887802869,402.0605981377613,True,451.3808067606443,-1.9444359733957257,-0.0061088084065898385,782.3129955409312,1.0505982022880598,0.0058605122803582765,547.8112199627755,-1.4738169000071528,-0.006197482346856353,949.8718181005368,0.5183146477144179,0.005672918334414523
case_001,2.36,5.180840636039431,14.973333185489869,2.0,0.5667758748065018,0.34599631782708123,330.93053618997664,402.05855400222197,True,451.38009098079823,-1.9444318215150098,-0.0061088446183801826,782.3106271707749,1.0505995312071064,0.005860407340789575,547.8138659003922,-1.4738151342442054,-0.00619738309338963,949.8724199026142,0.5183183686691358,0.005672949428101037
case_001,2.37,5.180815001761953,14.973314309431387,2.0,0.5667727201641016,0.34599527567493304,330.9289327528274,402.0565708806886,True,451.379400808537,-1.9444277987804932,-0.006108879621012364,782.3083335613644,1.0506008215416676,0.0058603057202428754,547.8164391953993,-1.4738134271948065,-0.006197286586446027,949.8730100760879,0.5183219799014847,0.005672979867691386
case_001,2.38,5.180790128067916,14.973295991088733,2.0,0.5667696617103581,0.3459942643976674,330.92737656055255,402.0546464292505,True,451.37873489787233,-1.944423900718023,-0.006108913445021402,782.3061114584249,1.0506020749723965,0.005860207309575705,547.8189411799349,-1.473811776340641,-0.006197192745753033,949.8735876091854,0.5183254851685728,0.005673009655500327
case_001,2.39,5.180765987625637,14.973278213985218,2.0,0.5667666958446632,0.3459932830783033,330.9258658358673,402.0527784535674,True,451.3780918933618,-1.9444201228787341,-0.006108946126010706,782.3039577292291,1.0506032930033624,0.005860111997149142,547.8213731008871,-1.4738101791518015,-0.0061971014999300245,949.8741515544544,0.5183288880106062,0.00567303878750125
case_001,2.4,5.180742554719379,14.973260962131949,2.0,0.5667638191098797,0.34599233082518943,330.9243989308978,402.05096490870767,True,451.3774704607478,-1.9444164608818775,-0.006108977703566387,782.3018693916456,1.0506044769718028,0.005860019670371308,547.8237361602163,-1.4738086331312694,-0.00619701278496837,949.874701068924,0.5183321917588128,0.005673067255300368
case_001,2.41,5.180719805223195,14.973244220013123,2.0,0.5667610282082229,0.34599140677173984,330.9229743225319,402.04920389530525,True,451.3768693127414,-1.944412910452026,-0.00610900822016619,782.2998436352733,1.0506056280612628,0.0058599302171235546,547.8260315486068,-1.47380713585287,-0.006196926542760162,949.8752354439121,0.5183353995466131,0.005673095047940391
case_001,2.42,5.18069771654275,14.973227972571795,2.0,0.5667583200115723,0.34599051007614945,330.9215906053357,402.0474936527115,True,451.3762872297831,-1.944409467450106,-0.0061090377201222235,782.2978778351188,1.0506067473172211,0.005859843527036002,547.8282604723805,-1.473805684992316,-0.006196842719715878,949.875754125092,0.5183385143232897,0.005673122153498911
case_001,2.43,5.18067626753104,14.973212205196075,2.0,0.5667556915666139,0.3459896399210802,330.9202464825679,402.0458325497698,True,451.37572307573305,-1.9444061278979474,-0.006109066248593253,782.295969558301,1.0506078356642155,0.005859759492583494,547.8304241737046,-1.473804278351195,-0.006196761265508166,949.8762567234744,0.518341538869299,0.005673148560452312
case_001,2.44,5.1806554383848376,14.973196903705778,2.0,0.566753140095342,0.3459887955133083,330.91894075591034,402.0442190738788,True,451.37517580873174,-1.9444028879964004,-0.006109093850689973,782.2941165646421,1.0506088939237268,0.005859678009991043,547.8325239445477,-1.473802913874126,-0.006196682131961506,949.8767430184265,0.5183444758125826,0.005673174258796598
case_001,2.45,5.180635210527655,14.973182054339487,2.0,0.5667506629915378,0.34598797608332693,330.91767231441776,402.04265181893754,True,451.374644487538,-1.944399744137241,-0.006109120570693016,782.2923168019557,1.0506099228320624,0.005859598979941427,547.8345611348218,-1.4738015896594319,-0.006196605272105915,949.8772129537593,0.5183473276451808,0.005673199240919968
case_001,2.46,5.18061556648495,14.973167643742052,2.0,0.5667482578138894,0.34598718088490443,330.9164401231681,402.041129472737,True,451.37412827379154,-1.9443966929092984,-0.006109146451395264,782.2905683969597,1.0506109230576344,0.00585952230808745,547.8365371553805,-1.4738003039639056,-0.006196530639400455,949.8776666281175,0.5183500967395948,0.005673223502235258
case_001,2.47,5.180596489756708,14.973153658952477,2.0,0.5667459222764467,0.34598640919459744,330.91524321204713,402.0396508042875,True,451.37362643072095,-1.944393731099377,-0.006109171533573654,782.2888696427681,1.050611895217135,0.00585944790537879,547.838453476609,-1.4737990552023712,-0.006196458187126386,949.8781042808964,0.5183527853644361,0.005673247041586782
case_001,2.48,5.180577964691842,14.973140087392197,2.0,0.5667436542370918,0.34598566031122185,330.9140806649956,402.0382146515078,True,451.373138318874,-1.9443908556886436,-0.00610919585559061,782.2872189838696,1.0506128398902204,0.005859375688217094,547.8403116233735,-1.4737978419427944,-0.006196387867944242,949.8785262748813,0.5183553956989801,0.005673269861451835
case_001,2.49,5.180559976368086,14.97312691685375,2.0,0.5667414516846753,0.34598493355528664,330.9129516100059,402.0368199096224,True,451.3726633894764,-1.9443880638452473,-0.0061092194531194854,782.2856149994823,1.0506137576324435,0.005859305578458651,547.8421131671022,-1.4737966628977694,-0.006196319633603953,949.8789330767246,0.5183579298463348,0.00567329196796118
case_001,2.5,5.180542510480281,14.97311413548979,2.0,0.5667393127254213,0.34598422826839625,330.91185521009623,402.03546552053297,True,451.372201175954,-1.9443853529138657,-0.006109242358987799,782.2840563860502,1.0506146489862316,0.005859237503284431,547.8438597157806,-1.473795516913199,-0.006196253434793131,949.8793252363135,0.5183603898450421,0.005673313370766098
case_001,2.5100000000000002,5.180525553239534,14.973101731802453,2.0,0.5667372355691405,0.3459835438126279,330.910790655374,402.03415046335715,True,451.3717512842713,-1.944382720403037,-0.006109264603123332,782.2825419396453,1.0506155144898874,0.0058591713949622815,547.8455529025974,-1.4737944029549819,-0.00619618922110543,949.8797033659546,0.5183627776790076,0.005673334082781145
case_001,2.52,5.180509091284416,14.973089694633064,2.0,0.5667352185157134,0.3459828795698915,330.9097571563266,402.032873746268,True,451.3713133825032,-1.944380163970898,-0.0061092862125936565,782.2810705388298,1.050616354684568,0.005859107190522628,547.8471943738598,-1.4737933200944289,-0.006196126941111713,949.8800681201278,0.5183650952857045,0.005673354119830054
case_001,2.5300000000000002,5.180493111605351,14.973078013152163,2.0,0.566733259942236,0.34598223494127883,330.9087539383156,402.03163439969046,True,451.3708871902006,-1.9443776814100893,-0.006109307211720927,782.2796411285162,1.050617170119353,0.005859044831371785,547.8487857768039,-1.4737922674931203,-0.006196066542512535,949.8804201764943,0.5183673445627023,0.0056733735002240104
case_001,2.54,5.180477601482346,14.973066676849834,2.0,0.5667313582911281,0.34598160934640937,330.90778023728444,402.0304314708451,True,451.3704724679003,-1.9443752706323751,-0.006109327622259075,782.2782527051847,1.0506179613545137,0.005858984262863687,547.8503287477868,-1.47379124438779,-0.006196007972353201,949.8807602186318,0.5183695273725953,0.0056733922442974705
case_001,2.5500000000000003,5.180462548435825,14.973055675526314,2.0,0.5667295120594322,0.34598100222277933,330.9068352966254,402.0292640196126,True,451.37006900713703,-1.9443729296535228,-0.006109347463617243,782.2769043037624,1.050618728963178,0.005858925433850526,547.8518249012518,-1.473790250075737,-0.006195951177282832,949.8810889208644,0.5183716455464559,0.005673410373924936
case_001,2.56,5.180447940189906,14.973044999282921,2.0,0.5667277197894589,0.3459804130251201,330.90591836512345,402.0281311156426,True,451.36967662121805,-1.9443706565788799,-0.006109366753115464,782.2755949863415,1.0506194735315841,0.005858868296229891,547.8532758197958,-1.4737892839011932,-0.006195896103839582,949.8814069354385,0.5183737008859775,0.005673427912040063
case_001,2.57,5.180433764647337,14.973034638513202,2.0,0.5667259800608515,0.3459798412247712,330.90502869580615,402.02703183655683,True,451.3692951370053,-1.9443684495900087,-0.006109385506257725,782.2743238328114,1.0506201956581536,0.005858812804503344,547.8546830455923,-1.4737883452429628,-0.006195842698745679,949.8817148821491,0.5183756951644857,0.005673444882174361
case_001,2.58,5.180420009874504,14.97302458389438,2.0,0.5667242914840983,0.3459792863090721,330.9041655456696,402.02596526714,True,451.36892438776414,-1.9443663069325987,-0.006109403737012853,782.2730899334338,1.0506208959516203,0.005858758915359197,547.8560480732622,-1.4737874335035432,-0.006195790909200138,949.8820133404022,0.5183776301269996,0.005673461308028371
case_001,2.59,5.180406664095426,14.973014826379037,2.0,0.5667226526954515,0.3459787477807765,330.9033281760536,402.02493049936095,True,451.3685642072337,-1.9443642269058787,-0.006109421458090125,782.2718923832873,1.0506215750284373,0.005858706587289375,547.8573723443079,-1.4737865480998813,-0.006195740683156259,949.8823028436689,0.5183795074895509,0.005673477213087863
case_001,2.6,5.180393715692947,14.97300535718703,2.0,0.5667210623531804,0.345978225157492,330.90251585357163,402.0239266330833,True,451.36821442487457,-1.944362207853584,-0.006109438681203061,782.2707302784462,1.0506222335096804,0.005858655780246413,547.858657243063,-1.473785688455804,-0.006195691969576478,949.8825838761463,0.5183813289379372,0.005673492620290765
case_001,2.61,5.1803811532160005,14.972996167797652,2.0,0.5667195191350446,0.345977717971147,330.90172785144676,402.0229527772733,True,451.36787486233646,-1.944360248156552,-0.006109455417312115,782.2696027137832,1.050622872017678,0.005858606455347581,547.8599040941846,-1.4737848539961547,-0.006195644718654858,949.8828568714579,0.5183830961261138,0.0056735075517515
case_001,2.62,5.180368965390986,14.972987249942,2.0,0.5667180217368489,0.34597722576748496,330.9009634511214,402.0220080515884,True,451.36754533102186,-1.9443583462268694,-0.006109471676843281,782.2685087821433,1.05062349117251,0.00585855857462575,547.8611141614791,-1.4737840441425094,-0.006195598882006326,949.8831222130675,0.518384810674344,0.005673522028541433
case_001,2.63,5.180357141136244,14.972978595595588,2.0,0.566716568871927,0.3459767481055875,330.900221944007,402.02109158820406,True,451.36722563069776,-1.9443565005035124,-0.006109487469877384,782.2674475747048,1.0506240915885678,0.005858512100828883,547.8622886480206,-1.4737832583104102,-0.006195554412816717,949.8833802362246,0.5183864741673104,0.00567353607052834
case_001,2.64,5.180345669578068,14.972970196971138,2.0,0.5667151592713922,0.34597628455742474,330.899502633307,402.0202025337286,True,451.36691554900716,-1.9443547094493636,-0.0061095028063092305,782.2664181823142,1.0506246738712928,0.005858466997266554,547.8634286973364,-1.4737824959079315,-0.006195511265954801,949.883631231065,0.5183880881522503,0.005673549696269153
case_001,2.65,5.18033454006732,14.972962046511599,2.0,0.5667137916849876,0.3459758347074329,330.8988048357761,402.0193400511363,True,451.36661486177877,-1.9443529715494363,-0.006109517695975064,782.2654196975549,1.0506252386142043,0.005858423227700416,547.8645353955258,-1.4737817563354372,-0.0061954693980457165,949.883875446662,0.5183896541372834,0.005673562922954789
case_001,2.66,5.180323742195534,14.972954136883352,2.0,0.56671246488238,0.3459753981521179,330.8981278833581,402.0185033215854,True,451.3663233339832,-1.9443512853101592,-0.006109532148749264,782.2644512173413,1.0506257863962933,0.005858380756274595,547.8656097740968,-1.473781038986299,-0.006195428767508782,949.8841130956822,0.5183911735899505,0.005673575766399208
case_001,2.67,5.180313265809694,14.972946460969617,2.0,0.5667111776547452,0.3459749744996814,330.8974711246527,402.01769154607575,True,451.36604072117746,-1.9443496492595145,-0.006109546174612679,782.2635118458302,1.050626317779824,0.005858339547480995,547.8666528133488,-1.473780343248414,-0.006195389334562262,949.8843443594245,0.5183926479360572,0.005673588241067895
case_001,2.68,5.180303101025215,14.972939011864048,2.0,0.5667099288165073,0.34597456336967,330.89683392615655,402.01690394687466,True,451.3657667713454,-1.9443480619478748,-0.006109559783693208,782.262600697502,1.0506268333086026,0.005858299566155412,547.8676654461456,-1.4737796685063227,-0.006195351061198173,949.8845693930202,0.5183940785588542,0.005673600360139308
case_001,2.69,5.180293238236476,14.972931782864507,2.0,0.5667087172071147,0.34597416439264345,330.8962156732481,402.01613976869226,True,451.3655012269571,-1.9443465219493443,-0.006109572986283507,782.2617169002052,1.0506273335066845,0.005858260777497293,547.8686485618691,-1.473779014143719,-0.006195313911133149,949.8847883305614,0.5183954667985649,0.005673612135591644
case_001,2.7,5.1802836681247575,14.97292476746702,2.0,0.566707541692747,0.3459737772098607,330.89561577091695,402.0153982795458,True,451.36524382716107,-1.9443450278634387,-0.006109585792837768,782.260859598078,1.0506278188775413,0.005858223147109098,547.8696030104616,-1.4737783795462194,-0.00619527784973789,949.8850012900074,0.5183968139522639,0.005673623578308584
case_001,2.71,5.18027438166335,14.972917959359917,2.0,0.5667064011678725,0.3459734014729816,330.8950336442161,402.01467877135997,True,451.36499430999214,-1.944343578316953,-0.00610959821395185,782.2600279542082,1.0506282899036437,0.005858186641048979,547.87052960638,-1.4737777641042011,-0.006195242843951454,949.88520837774,0.5183981212741019,0.005673634698198204
case_001,2.72,5.180265370119896,14.972911352418118,2.0,0.5667052945565888,0.34597303684378133,330.89446873846043,402.01398056023527,True,451.36475241450967,-1.9443421719658849,-0.006109610260330189,782.2592211529701,1.050628747046434,0.005858151225892283,547.871429132405,-1.4737771672156137,-0.006195208862183554,949.8854096926402,0.5183993899758444,0.005673645504318092
case_001,2.73,5.180256625055969,14.972904940697623,2.0,0.5667042208137035,0.3459726829938772,330.89392051917764,402.0133029864869,True,451.3645178827961,-1.9443408074972923,-0.006109621942742727,782.2584384019738,1.050629190746638,0.005858116868797225,547.8723023431646,-1.4737765882886158,-0.006195175874210479,949.8856053296515,0.5184006212276996,0.005673656005002692
case_001,2.74,5.180248138324153,14.972898718430136,2.0,0.5667031789255247,0.34597233960446494,330.8933884718457,402.0126454143899,True,451.36429046175135,-1.9443394836309928,-0.006109633271975834,782.257678933597,1.0506296214248727,0.005858083537570891,547.8731499683553,-1.473776026743983,-0.006195143851067564,949.8857953827452,0.5184018161593825,0.005673666207987038
case_001,2.75,5.180239902062808,14.972892680017855,2.0,0.5667021679103488,0.3459720063660631,330.89287210143766,402.0120072317211,True,451.3640699046417,-1.9443381991210258,-0.006109644258780023,782.2569420060794,1.0506300394824755,0.00585805120073174,547.8739727155971,-1.4737754820172033,-0.006195112764941779,949.8859799473182,0.518402975861396,0.00567367612052444
case_001,2.7600000000000002,5.180231908688968,14.972886820028425,2.0,0.5667011868186459,0.3459716829782643,330.89237093179827,402.0113878490956,True,451.3638559724134,-1.9443369527568501,-0.006109654913815987,782.2562269042116,1.050630445302544,0.005858019827567396,547.8747712729012,-1.4737749535602243,-0.0061950825890677574,949.8861591219968,0.51840410138646,0.005673685749494284
case_001,2.77,5.180224150889424,14.97288113319002,2.0,0.5667002347329546,0.3459713691494934,330.89188450490957,402.01078669916774,True,451.3636484346817,-1.944335743364195,-0.006109665247603924,782.2555329395913,1.0506308392510715,0.005857989388183271,547.8755463107336,-1.4737744408428215,-0.006195053297629538,949.8863330099014,0.5184051937510601,0.005673695101498288
case_001,2.7800000000000002,5.180216621610727,14.972875614386613,2.0,0.5666993107675092,0.3459710645967686,330.89141238004646,402.01020323568537,True,451.36344707049267,-1.9443345698056036,-0.00610967527047479,782.2548594505391,1.0506312216781946,0.005857959853543426,547.8762984837068,-1.473773943353589,-0.006195024865669474,949.8865017193922,0.5184062539370684,0.005673704182943606
case_001,2.79,5.1802093140480805,14.972870258653328,2.0,0.5666984140676258,0.3459707690454693,330.89095413286975,402.0096369324806,True,451.3632516687826,-1.944333430980624,-0.00610968499252762,782.2542058016523,1.0506315929194399,0.0058579311954999325,547.8770284318886,-1.473773460600562,-0.006194997269006242,949.8866653643692,0.5184072828933939,0.005673713000111991
case_001,2.8000000000000003,5.180202221633728,14.972865061171992,2.0,0.5666975438088833,0.3459704822291065,330.8905093544987,402.0090872823978,True,451.36306202860226,-1.9443323258256866,-0.006109694423592549,782.253571383101,1.0506319532969983,0.005857903386813079,547.8777367817796,-1.4737729921114755,-0.006194970484162454,949.8868240641774,0.5184082815376312,0.005673721559215084
case_001,2.81,5.180195338025016,14.972860017266779,2.0,0.5666966991961336,0.3459702038890962,330.89007765056334,402.00855379620396,True,451.3628779591176,-1.9443312533136774,-0.006109703573200453,782.252955609681,1.050632303120936,0.005857876401160589,547.8784241469817,-1.473772537433717,-0.006194944488302323,949.8869779431857,0.5184092507576727,0.005673729866435884
case_001,2.82,5.1801886570925255,14.97285512239999,2.0,0.566695879462381,0.3459699337745378,330.8896586402668,402.0080360015131,True,451.36269927942556,-1.9443302124532544,-0.006109712450559357,782.2523579196924,1.050632642690347,0.005857850213137339,547.8790911286213,-1.4737720961339924,-0.006194919259178866,949.8871271301344,0.5184101914132719,0.005673737927958278
case_001,2.83,5.180182172908236,14.972850372167992,2.0,0.5666950838675656,0.34596967164199494,330.8892519555029,402.0075334417353,True,451.36252581817257,-1.944329202287907,-0.006109721064538887,782.2517777736755,1.0506329722944088,0.005857824798245537,547.8797383155145,-1.4737716677977375,-0.0061948947750921635,949.8872717572498,0.5184111043375028,0.0056737457499833055
case_001,2.84,5.18017587973442,14.97284576229723,2.0,0.5666943116972905,0.3459694172552799,330.88885724000767,402.0070456750651,True,451.36235741308684,-1.9443282218948559,-0.006109729423660171,782.2512146530945,1.0506332922133468,0.005857800132877955,547.8803662842162,-1.4737712520283668,-0.006194871014854664,949.8874119592813,0.5184119903381496,0.0056737533387368755
case_001,2.85,5.180169772012868,14.972841288640394,2.0,0.5666935622615218,0.345969170385242,330.8884741485728,402.00657227355634,True,451.36219391037906,-1.9443272703837806,-0.006109737536093063,782.2506680589519,1.0506336027192669,0.005857776194292952,547.8809755988794,-1.4737708484463392,-0.006194847957766647,949.8875478724358,0.5184128501989728,0.0056737607004673785
case_001,2.86,5.1801638443549916,14.972836947172691,2.0,0.5666928348932943,0.3459689308095597,330.88810234633775,402.00611282225964,True,451.36203516408887,-1.9443263468954441,-0.006109745409658807,782.2501375104266,1.050633904076878,0.005857752960584717,547.8815668110561,-1.4737704566881384,-0.006194825583598074,949.8876796333158,0.5184136846808641,0.005673767841436805
case_001,2.87,5.180158091532751,14.972832733988222,2.0,0.5666921289474462,0.34596869831253635,330.88774150814504,402.0056669184298,True,451.3618810354087,-1.9443254506002658,-0.006109753051836975,782.2496225435538,1.0506341965441042,0.005857730410649409,547.8821404594573,-1.4737700764051946,-0.006194803872575927,949.8878073778872,0.5184144945229058,0.005673774767906425
case_001,2.88,5.180152508470266,14.972828645296469,2.0,0.566691443799406,0.3459684726849015,330.8873913179928,402.0052341708522,True,451.361731391958,-1.9443245806968352,-0.006109760469778069,782.2491227099508,1.0506344803725682,0.005857708524147354,547.8826970696418,-1.473769707262759,-0.006194782805378607,949.887931240494,0.5184152804432896,0.0056737814861176905
case_001,2.89,5.1801470902365105,14.972824677418894,2.0,0.5666907788440455,0.3459682537236158,330.8870514685292,402.0048141992103,True,451.36158610711584,-1.944323736410457,-0.006109767670317567,782.248637575645,1.0506347558079794,0.005857687281464186,547.8832371537816,-1.473769348938815,-0.006194762363131823,949.8880513529919,0.5184160431401577,0.005673788002271585
case_001,2.9,5.180141832038682,14.972820826785632,2.0,0.5666901334946164,0.3459680412316806,330.8867216606543,402.0044066335769,True,451.36144505934385,-1.9443229169917042,-0.006109774659994127,782.2481667199982,1.0506350230904211,0.005857666663670769,547.8837612103994,-1.4737690011230034,-0.006194742527409536,949.8881678439762,0.5184167832923267,0.005673794322506032
case_001,2.91,5.180136729216464,14.972817089932287,2.0,0.5666895071817711,0.34596783501795403,330.88640160315634,402.00401111395547,True,451.36130813158485,-1.9443221217150468,-0.00610978144506813,782.2477097347412,1.050635282454554,0.00585764665248345,547.8842697241859,-1.4737686635156146,-0.006194723280235681,949.8882808381413,0.5184175015599278,0.0056738004528733565
case_001,2.92,5.180131777237055,14.97281346349681,2.0,0.5666888993526807,0.34596763489697036,330.88609101243605,402.0036272898965,True,451.36117521069866,-1.9443213498775418,-0.006109788031541941,782.2472662231347,1.0506355341297524,0.005857627230225593,547.8847631658892,-1.4737683358266724,-0.006194704604086665,949.8883904557857,0.5184181985849735,0.005673806399319137
case_001,2.93,5.180126971690784,14.97280994421649,2.0,0.566688309470242,0.3459674406887664,330.88578961226284,402.0032548201964,True,451.3610461869692,-1.9443206007976157,-0.006109794425180171,782.246835799232,1.0506357783401723,0.0058576083797903244,547.8852419922364,-1.4737680177750763,-0.006194686481895473,949.8884968124328,0.5184188749918465,0.005673812167662051
case_001,2.94,5.180122308287428,14.972806528925009,2.0,0.5666877370123798,0.34596725221871183,330.88549713358935,402.00289337262313,True,451.3609209536805,-1.9443198738139436,-0.006109800631529605,782.2464180872698,1.0506360153047805,0.0058575900846060125,547.885706645976,-1.4737677090878754,-0.006194668897053723,949.8886000185992,0.5184195313877394,0.005673817763576672
case_001,2.95,5.180117782853025,14.972803214549616,2.0,0.5666871814714335,0.34596706931734666,330.8852133143907,402.0025426237015,True,451.3607994067692,-1.9443191682844398,-0.006109806655937966,782.2460127211599,1.0506362452373539,0.0058575723286044545,547.8861575559725,-1.473767409499621,-0.006194651833413833,949.8887001796741,0.518420168363047,0.005673823192578642
case_001,2.96,5.180113391327033,14.972799998108345,2.0,0.5666866423536238,0.34596689182022217,330.88493789954504,402.00220225854434,True,451.36068144453185,-1.9443184835853402,-0.006109812503572065,782.2456193440769,1.050636468346448,0.0058575550961915135,547.8865951373708,-1.4737671187518235,-0.006194635275289684,949.8887973959152,0.5184207864917244,0.0056738284600130195
case_001,2.97,5.180109129759899,14.972796876707351,2.0,0.5666861191785935,0.34596671956774877,330.8846706407247,402.0018719706893,True,451.36056696740775,-1.944317819110397,-0.006109818179434012,782.2452376081325,1.0506366848353568,0.005857538372221083,547.887019791843,-1.4737668365925116,-0.006194619207455454,949.8888917625324,0.5184213863316122,0.00567383357104545
case_001,2.98,5.180104994310909,14.972793847538293,2.0,0.5666856114790089,0.34596655240504837,330.88441129631315,402.00155146197767,True,451.36045587782314,-1.944317174270167,-0.006109823688375704,782.2448671741363,1.0506368949020821,0.005857522141972493,547.8874319078895,-1.4737665627758747,-0.006194603615142846,949.8889833698672,0.5184219684247601,0.005673838530657005
case_001,2.99,5.180100981246142,14.972790907875826,2.0,0.5666851188002171,0.34596639018181197,330.88415963131536,402.00124044242773,True,451.3603480800798,-1.9443165484913876,-0.006109829035111702,782.2445077113952,1.0506370987392866,0.005857506391129974,547.8878318611979,-1.4737662970619925,-0.006194588484036201,949.8890723036257,0.5184225332977261,0.00567384334364146
case_001,3.0,5.1800970869365575,14.972788055075137,2.0,0.5666846406999472,0.3459662327521622,330.8839154172915,402.00093863013865,True,451.3602434802948,-1.9443159412164401,-0.006109834224230226,782.2441588975863,1.0506372965342814,0.0058574911057657775,547.8882200150229,-1.4737660392166263,-0.006194573800266667,949.8891586451615,0.5184230814618797,0.005673848014605354
case_001,3.0100000000000002,5.18009330785624,14.97278528656957,2.0,0.5666841767480462,0.34596607997452117,330.88367843226337,402.0006457511637,True,451.3601419863882,-1.9443153519028837,-0.006109839260201977,782.2438204186516,1.0506374884690108,0.005857476272325413,547.8885967206398,-1.4737657890110845,-0.006194559550403322,949.8892424718035,0.5184236134137069,0.005673852547970926
case_001,3.02,5.180089640580503,14.972782599868317,2.0,0.5666837265262409,0.3459659317114819,330.88344846064115,402.00036153940835,True,451.3600435080791,-1.9443147800230405,-0.006109844147387911,782.2434919687203,1.0506376747200667,0.0058574618776151,547.8889623177758,-1.4737655462221235,-0.006194545721444122,949.8893238571842,0.5184241296351132,0.0056738569479803935
case_001,3.0300000000000002,5.180086081784071,14.972779992554178,2.0,0.5666832896279197,0.3459657878296849,330.8832252931283,402.00008573650416,True,451.3599479569306,-1.944314225063652,-0.006109848890044511,782.2431732500589,1.0506378554587241,0.00585744790879178,547.88931713509,-1.4737653106319009,-0.006194532300804356,949.8894028715941,0.518424630593744,0.005673861218702725
case_001,3.04,5.180082628239177,14.972777462281387,2.0,0.566682865657925,0.34596564819969894,330.88300872662,401.9998180916913,True,451.35985524638863,-1.9443136865255533,-0.006109853492328565,782.2428639730086,1.0506380308509942,0.005857434353354007,547.8896614906316,-1.4737650820279433,-0.006194519276304988,949.8894795823229,0.5184251167433092,0.005673865364041353
case_001,3.0500000000000003,5.1800792768135935,14.972775006773494,2.0,0.5666824542323511,0.3459655126959055,330.88279856408747,401.9995583616676,True,451.3597652918485,-1.9443131639233966,-0.006109857958299769,782.2425638559359,1.0506382010576956,0.005857421199134849,547.8899956923201,-1.4737648602031468,-0.006194506636159114,949.8895540539877,0.5184255885239135,0.005673869387743002
case_001,3.06,5.180076024468555,14.972772623821323,2.0,0.5666820549783426,0.3459653811963868,330.8825946144668,401.99930631044595,True,451.3596780107048,-1.944312656785384,-0.006109862291923285,782.2422726251716,1.0506383662345575,0.005857408434295497,547.8903200383876,-1.4737646449557744,-0.006194494368958803,949.8896263488335,0.5184260463624009,0.005673873293406906
case_001,3.0700000000000003,5.180072868256615,14.972770311280982,2.0,0.5666816675338896,0.3459652535828183,330.88239669251976,401.9990617092002,True,451.3595933224146,-1.9443121646530186,-0.006109866497070626,782.2419900149343,1.050638526532328,0.005857396047319718,547.8906348178244,-1.473764436089463,-0.006194482463660833,949.8896965270246,0.5184264906727086,0.005673877084494905
case_001,3.08,5.180069805319437,14.972768067071932,2.0,0.5666812915476166,0.3459651297403632,330.8822046186935,401.998824336075,True,451.3595111485533,-1.9443116870808674,-0.0061098705775202156,782.2417157672468,1.0506386820969051,0.005857384027008916,547.8909403108023,-1.4737642334132275,-0.006194470909572425,949.8897646468773,0.5184269218562169,0.005673880764340722
case_001,3.09,5.180066832885418,14.972765889175111,2.0,0.5666809266785638,0.34596500955757087,330.8820182189739,401.99859397603507,True,451.3594314128466,-1.9443112236363163,-0.006109874536957827,782.2414496318205,1.050638833069479,0.005857372362477131,547.8912367890497,-1.4737640367414453,-0.006194459696337695,949.8898307650848,0.5184273403021178,0.005673884336159785
case_001,3.1,5.180063948267442,14.97276377563112,2.0,0.5666805725959583,0.34596489292627935,330.8818373247267,401.998370420647,True,451.3593540412202,-1.944310773899336,-0.006109878378975808,782.2411913659469,1.0506389795866868,0.005857361043146936,547.8915245162538,-1.47376384589385,-0.006194448813922782,949.8898949369008,0.5184277463877768,0.005673887803058386
case_001,3.11,5.180061148860311,14.972761724538469,2.0,0.5666802289789769,0.34596477974151835,330.8816617725403,401.99815346791866,True,451.3592789617954,-1.944310337462219,-0.006109882107073583,782.2409407343357,1.0506391217807676,0.0058573500587439375,547.8918037483598,-1.473763660695479,-0.006194438252603629,949.8899572162785,0.5184281404790979,0.005673891168041845
case_001,3.12,5.180058432138425,14.972759734051838,2.0,0.5666798955164992,0.34596466990141717,330.88149140405693,401.99794292206946,True,451.3592061049142,-1.9443099139293365,-0.006109885724656761,782.2406975089712,1.0506392597797307,0.005857339399292505,547.8920747339158,-1.4737634809766311,-0.006194428002952113,949.8900176559853,0.518428522930883,0.005673894434022386
case_001,3.13,5.180055795653205,14.972757802380446,2.0,0.5666795719068544,0.34596456330711434,330.88132606581246,401.9977385933536,True,451.35913540311367,-1.9443095029168627,-0.006109889235037358,782.2404614689261,1.0506393937075185,0.005857329055110161,547.8923377143386,-1.4737633065727953,-0.006194418055824269,949.8900763076922,0.5184288940871946,0.0056738976038260835
case_001,3.14,5.180053237030716,14.972755927786423,2.0,0.5666792578575592,0.34596445986266927,330.88116560905877,401.99754029785606,True,451.3590667911181,-1.9443091040525045,-0.006109892641433523,782.2402324001769,1.0506395236841708,0.005857319016802087,547.8925929241772,-1.4737631373245592,-0.006194408402348639,949.8901332220332,0.5184292542817077,0.005673900680199073
case_001,3.15,5.180050753969192,14.972754108583251,2.0,0.5666789530850533,0.34596435947497783,330.88100988961577,401.99734785728515,True,451.3590002057908,-1.9443087169752102,-0.006109895946970201,782.2400100954065,1.0506396498259902,0.005857309275255462,547.8928405913523,-1.4737629730775106,-0.006194399033915221,949.8901884486374,0.5184296038380527,0.005673903665812718
case_001,3.16,5.180048344236588,14.972752343134239,2.0,0.5666786573144297,0.3459642620536886,330.8808587676941,401.99716109878125,True,451.35893558609405,-1.944308341334876,-0.006109899154679521,782.2397943537882,1.050639772245692,0.005857299821632744,547.8930809373569,-1.473762813682115,-0.006194389942165812,949.8902420361381,0.5184299430701469,0.005673906563267772
case_001,3.17,5.1800460056683,14.97275062985106,2.0,0.5666783702791655,0.34596416751112236,330.880712107744,401.9969798547361,True,451.3588728730334,-1.9443079767920453,-0.006109902267501799,782.2395849807774,1.0506398910525576,0.0058572906473652875,547.8933141774561,-1.4737626589935902,-0.006194381118984349,949.8902940321922,0.5184302722825308,0.005673909375098707
case_001,3.18,5.180043736164823,14.972748967192322,2.0,0.566678091720853,0.3459640757621936,330.88056977830644,401.9968039625876,True,451.3588120095931,-1.944307623017605,-0.006109905288286754,782.2393817878996,1.0506400063525838,0.00585728174414657,547.8935405208599,-1.4737625088717619,-0.00619437255648847,949.8903444834475,0.5184305917706676,0.0056739121037759355
case_001,3.19,5.180041533689528,14.972747353662164,2.0,0.5666778213889334,0.34596398672433454,330.8804316518571,401.99663326466043,True,451.3587529406623,-1.9443072796924659,-0.00610990821979529,782.2391845925195,1.0506401182486016,0.005857273103924476,547.8937601708801,-1.473762363180919,-0.006194364247021689,949.8903934355405,0.5184309018212543,0.005673914751708697
case_001,3.2,5.180039396266567,14.972745787808938,2.0,0.566677559040434,0.34596390031742,330.8802976046745,401.99646760797384,True,451.35869561296977,-1.944306946507264,-0.00610991106470099,782.2389932176443,1.0506402268404198,0.005857264718894528,547.8939733250871,-1.4737622217896598,-0.006194356183145788,949.890440933061,0.5184312027125052,0.005673917321246447
case_001,3.21,5.18003732197877,14.97274426822388,2.0,0.5666773044397129,0.3459638164636962,330.88016751669545,401.99630684409374,True,451.35863997500167,-1.944306623162042,-0.006109913825592561,782.2388074916971,1.0506403322249274,0.0058572565814917765,547.8941801754353,-1.4737620845707333,-0.006194348357634716,949.890487019529,0.5184314947144287,0.005673919814680295
case_001,3.22,5.180035308965704,14.972742793539847,2.0,0.5666770573582094,0.3459637350877098,330.8800412714006,401.99615082897265,True,451.3585859769223,-1.944306309365945,-0.0061099165049761095,782.2386272483229,1.0506404344962084,0.005857248684383531,547.8943809084034,-1.4737619514008864,-0.00619434076346792,949.890531737376,0.5184317780890934,0.005673922234244122
case_001,3.23,5.18003335542177,14.9727413624301,2.0,0.5666768175742025,0.34596365611623997,330.8799187556891,401.99599942279247,True,451.35853357049996,-1.9443060048369158,-0.006109919105277639,782.2384523261891,1.0506405337456408,0.005857241020461701,547.8945757051121,-1.4737618221607023,-0.0061943333938250245,949.8905751279045,0.5184320530908718,0.005673924582114742
case_001,3.24,5.18003145959447,14.972739973607096,2.0,0.5666765848725803,0.34596357947823236,330.8797998597583,401.9958524898386,True,451.3584827090347,-1.944305709301407,-0.006109921628845605,782.238282568793,1.050640630061985,0.005857233582835075,547.8947647414534,-1.4737616967344565,-0.0061943262420801615,949.890617231292,0.5184323199666898,0.00567392686041307
case_001,3.25,5.1800296197826565,14.972738625821338,2.0,0.5666763590446153,0.3459635051047346,330.8796844770113,401.9957098983509,True,451.3584333472771,-1.944305422494083,-0.00610992407795391,782.2381178242885,1.0506407235314694,0.005857226364822055,547.8949481882058,-1.4737615750099644,-0.0061943193017971465,949.8906580865568,0.518432578956245,0.005673929071203787
case_001,3.2600000000000002,5.1800278343349815,14.972737317860242,2.0,0.5666761398877527,0.3459634329288337,330.8795725039429,401.99557152041575,True,451.35838544137096,-1.9443051441575534,-0.006109926454804349,782.2379579453138,1.05064081423787,0.0058572193599433775,547.8951262111538,-1.4737614568784394,-0.006194312566724647,949.8906977315695,0.5184328302922323,0.005673931216496286
case_001,3.27,5.180026101648282,14.972736048547063,2.0,0.5666759272054063,0.3459633628855957,330.87946384005545,401.9954372318292,True,451.3583389487775,-1.9443048740420918,-0.006109928761529659,782.2378027888329,1.0506409022625762,0.0058572125619149595,547.8952989712027,-1.4737613422343596,-0.006194306030791685,949.8907362030319,0.5184330742005434,0.0056739332982442825
case_001,3.2800000000000002,5.1800244201661805,14.972734816739818,2.0,0.5666757208067663,0.3459632949120064,330.8793583877624,401.99530691200584,True,451.3582938282194,-1.9443046119053904,-0.006109931000196245,782.2376522159818,1.0506409876846596,0.005857205964640955,547.8954666244957,-1.4737612309753394,-0.006194299688103311,949.8907735365016,0.5184333109004731,0.005673935318346757
case_001,3.29,5.180022788377716,14.972733621330274,2.0,0.5666755205066143,0.3459632289469147,330.8792560523038,401.99518044385786,True,451.3582500396324,-1.9443043575123078,-0.006109933172806559,782.2375060919362,1.0506410705809364,0.005857199562207538,547.8956293225424,-1.473761123002012,-0.0061942935329359905,949.8908097664003,0.518433540604908,0.005673937278648289
case_001,3.3000000000000003,5.180021204815947,14.97273246124294,2.0,0.5666753261251488,0.3459631649309772,330.8791567416723,401.99505771369104,True,451.3582075441009,-1.9443041106346328,-0.006109935281302159,782.2373642857732,1.0506411510260238,0.005857193348876244,547.8957872123261,-1.473761018217915,-0.00619428755973378,949.8908449260172,0.5184337635205021,0.005673939180939058
case_001,3.31,5.180019668056747,14.972731335434098,2.0,0.5666751374878194,0.3459631028066038,330.8790603665325,401.9949386111264,True,451.3581663038244,-1.944303871050862,-0.006109937327565762,782.2372266703569,1.050641229092397,0.005857187319078361,547.8959404364305,-1.4737609165293881,-0.006194281763103937,949.8908790475568,0.5184339798478648,0.005673941026956342
case_001,3.3200000000000003,5.18001817671757,14.972730242890886,2.0,0.5666749544251688,0.3459630425179066,330.87896684014333,401.9948230289941,True,451.35812628206895,-1.9443036385459884,-0.006109939313423851,782.2370931222123,1.0506413048504368,0.005857181467408823,547.8960891331591,-1.4737608178454769,-0.006194276137812871,949.8909121621532,0.5184341897817226,0.005673942818384792
case_001,3.33,5.1800167294562725,14.972729182630353,2.0,0.5666747767726815,0.3459629840106489,330.8788760782924,401.9947108632483,True,451.3580874431353,-1.9443034129112984,-0.006109941240648731,782.2369635214277,1.0506413783684863,0.005857175788621161,547.896233436654,-1.4737607220778433,-0.006194270678782143,949.8909442999023,0.5184343935110867,0.005673944556857435
case_001,3.34,5.18001532497001,14.972728153698604,2.0,0.5666746043706405,0.34596292723219607,330.8787879992304,401.9946020128792,True,451.3580497523196,-1.944303193944171,-0.006109943110960747,782.23683775155,1.050641449712898,0.005857170277622281,547.896373477026,-1.4737606291406846,-0.00619426538108403,949.8909754899053,0.5184345912194137,0.005673946243956951
case_001,3.35,5.180013961994101,14.972727155169927,2.0,0.5666744370639897,0.3459628721314683,330.8787025235977,401.99449637984424,True,451.35801317588795,-1.9443029814479047,-0.00610994492603012,782.2367156994857,1.0506415189480809,0.005857164929467529,547.8965093804533,-1.473760538950649,-0.006194260239938187,949.8910057602975,0.5184347830847583,0.005673947881216557
case_001,3.36,5.180012639301043,14.972726186145962,2.0,0.5666742747022012,0.3459628186588946,330.8786195743688,401.99439386896404,True,451.3579776810485,-1.9443027752315367,-0.006109946687478718,782.2365972554173,1.0506415861365543,0.00585715973935641,547.8966412693309,-1.4737604514267795,-0.006194255250706604,949.8910351382949,0.5184349692799278,0.00567394947012162
case_001,3.37,5.18001135569941,14.972725245754898,2.0,0.5666741171391495,0.3459627667663681,330.87853907677527,401.994294387864,True,451.3579432359312,-1.9443025751096774,-0.006109948396881559,782.2364823127065,1.0506416513389871,0.005857154702627876,547.8967692623658,-1.4737603664904342,-0.006194250408890267,949.8910636502297,0.518435149972629,0.005673951012110823
case_001,3.38,5.180010110032911,14.972724333150682,2.0,0.5666739642329872,0.3459627164072026,330.87846095826114,401.9941978468944,True,451.35790980955835,-1.9443023809023516,-0.006109950055768643,782.2363707678195,1.0506417146142533,0.0058571498147566015,547.8968934746993,-1.4737602840652277,-0.0061942457101250015,949.8910913215936,0.5184353253256125,0.005673952508577773
case_001,3.39,5.180008901179341,14.97272344751226,2.0,0.5666738158460268,0.34596266753609106,330.87838514841656,401.994104159049,True,451.3578773718227,-1.9443021924348352,-0.006109951665626279,782.2362625202393,1.050641776019476,0.005857145071348768,547.8970140180193,-1.4737602040769733,-0.006194241150177471,949.8911181770683,0.5184354954968109,0.005673953960872169
case_001,3.4,5.180007728049694,14.972722588042842,2.0,0.5666736718446264,0.34596262010906403,330.87831157890696,401.99401323989457,True,451.35784589348054,-1.9443020095375216,-0.006109953227898091,782.2361574723875,1.050641835610071,0.0058571404681384,547.8971310006744,-1.4737601264536246,-0.006194236724941182,949.891144240569,0.5184356606394808,0.005673955370301631
case_001,3.41,5.180006589587159,14.97272175396918,2.0,0.5666735320990757,0.34596257408345127,330.87824018343446,401.9939250075057,True,451.3578153461147,-1.9443018320457683,-0.006109954743986734,782.2360555295492,1.0506418934398,0.005857136000983809,547.8972445277744,-1.4737600511252216,-0.006194232430432822,949.8911695352801,0.5184358209023361,0.00567395673813309
case_001,3.42,5.180005484766271,14.972720944540878,2.0,0.5666733964834877,0.34596252941784245,330.87817089766634,401.9938393823778,True,451.35778570213256,-1.944301659799761,-0.006109956215254564,782.2359565997989,1.050641949560816,0.005857131665864268,547.8973547013047,-1.4737599780238404,-0.006194228262788148,949.8911940836825,0.5184359764296778,0.005673958065594176
case_001,3.43,5.180004412591977,14.972720159029707,2.0,0.5666732648756918,0.34596248607205077,330.8781036591794,401.9937562873754,True,451.35775693474443,-1.9443014926443871,-0.006109957643024744,782.2358605939238,1.0506420040237074,0.005857127458876565,547.8974616202199,-1.4737599070835394,-0.006194224218258493,949.8912179075953,0.518436127361528,0.005673959353874991
case_001,3.44,5.1800033720987315,14.972719396728962,2.0,0.5666731371571292,0.34596244400707615,330.8780384074124,401.99367564765726,True,451.357729017936,-1.9443013304290877,-0.00610995902858269,782.2357674253484,1.0506420568775447,0.0058571233762316766,547.8975653805378,-1.4737598382403085,-0.006194220293207264,949.891241028195,0.5184362738337519,0.00567396060412928
case_001,3.45,5.180002362349672,14.972718656952814,2.0,0.5666730132127504,0.34596240318507104,330.87797508360387,401.9935973906024,True,451.3577019264614,-1.94430117300775,-0.006109960373176571,782.2356770100653,1.0506421081699269,0.005857119414251821,547.8976660754408,-1.4737597714320234,-0.006194216484106119,949.8912634660433,0.5184364159781806,0.005673961817475814
case_001,3.46,5.180001382435778,14.972717939035705,2.0,0.5666728929309155,0.3459623635693056,330.87791363074894,401.99352144575437,True,451.3576756358225,-1.9443010202385702,-0.006109961678018361,782.2355892665714,1.0506421579470318,0.0058571155693676324,547.8977637953614,-1.4737597065983936,-0.006194212787531683,949.8912852411157,0.5184365539227324,0.005673962994999893
case_001,3.47,5.180000431475,14.97271724233174,2.0,0.5666727762032956,0.3459623251241356,330.87785399353277,401.99344774475423,True,451.3576501222452,-1.9443008719839339,-0.006109962944284952,782.235504115778,1.0506422062536462,0.005857111838114548,547.8978586280634,-1.4737596436809133,-0.006194209200162448,949.8913063728177,0.5184366877915302,0.005673964137754395
case_001,3.48,5.179999508611531,14.972716566214112,2.0,0.566672662924777,0.3459622878149698,330.8777961182854,401.9933762212721,True,451.35762536267333,-1.9443007281103057,-0.006109964173118598,782.2354214809587,1.0506422531332238,0.00585710821713048,547.8979506587394,-1.4737595826228191,-0.006194205718774992,949.8913268800115,0.518436817705016,0.005673965246761281
case_001,3.49,5.179998613014953,14.972715910074529,2.0,0.5666725529933677,0.3459622516082389,330.87773995293793,401.9933068109517,True,451.3576013347377,-1.9443005884881002,-0.006109965365628189,782.2353412876756,1.0506422986279171,0.00585710470315276,547.8980399700715,-1.473759523369036,-0.006194202340241539,949.8913467810232,0.5184369437800584,0.005673966323012258
case_001,3.5,5.179997743879499,14.97271527332268,2.0,0.5666724463101046,0.34596221647136594,330.87768544696985,401.9932394513553,True,451.3575780167413,-1.944300452991577,-0.006109966522889976,782.2352634637111,1.0506423427786247,0.005857101293015365,547.8981266423154,-1.4737594658661308,-0.0061941990615267395,949.8913660936707,0.5184370661300642,0.005673967367470278
case_001,3.5100000000000002,5.179996900423298,14.972714655385689,2.0,0.5666723427789645,0.3459621823727366,330.87763255135764,401.9931740818914,True,451.3575553876406,-1.9443003214987258,-0.0061099676459484,782.2351879389983,1.050642385625025,0.005857097983646031,547.8982107533734,-1.4737594100622669,-0.006194195879684727,949.8913848352648,0.5184371848650776,0.005673968381070094
case_001,3.52,5.17999608188771,14.972714055707618,2.0,0.5666722423067764,0.3459621492816708,330.87758121853545,401.9931106437706,True,451.35753342703225,-1.9443001938911608,-0.006109968735816762,782.2351146455677,1.0506424272056236,0.0058570947720639754,547.8982923788692,-1.4737593559071631,-0.0061941927918562345,949.8914030226398,0.5184373000918896,0.0056739693647197
case_001,3.5300000000000002,5.179995287536518,14.972713473748943,2.0,0.5666721448031354,0.3459621171683951,330.87753140234486,401.99304907994485,True,451.3575121151234,-1.9443000700540092,-0.006109969793478387,782.2350435174683,1.0506424675577792,0.005857091655376678,547.8983715922002,-1.473759303352036,-0.006194189795266425,949.891420672145,0.5184374119141266,0.005673970319300559
case_001,3.54,5.1799945166553565,14.972712908986095,2.0,0.5666720501803204,0.3459620860040161,330.87748305799636,401.9929893350593,True,451.35749143272227,-1.9442999498758102,-0.006109970819887178,782.2349744907186,1.0506425067177476,0.005857088630777829,547.8984484646181,-1.4737592523495664,-0.006194186887221842,949.8914377996774,0.518437520432356,0.005673971245669096
case_001,3.5500000000000003,5.179993768550979,14.972712360910961,2.0,0.5666719583532124,0.34596205576049444,330.8774361420258,401.9929313553919,True,451.35747136121347,-1.9442998332484145,-0.006109971815968618,782.2349075032392,1.0506425447207148,0.005857085695544495,547.8985230652806,-1.4737592028538475,-0.006194184065108299,949.8914544206725,0.5184376257441693,0.005673972144656758
case_001,3.56,5.179993042550638,14.972711829030454,2.0,0.5666718692392159,0.34596202641061935,330.8773906122517,401.99287508881423,True,451.3574518825433,-1.9442997200668806,-0.006109972782620432,782.234842494795,1.0506425816008267,0.005857082847034678,547.8985954613133,-1.4737591548203444,-0.006194181326388437,949.8914705501276,0.5184377279442753,0.005673973017071177
case_001,3.5700000000000003,5.179992338001474,14.972711312866055,2.0,0.5666717827581826,0.34596199792798427,330.87734642774217,401.99282048473503,True,451.35743297919737,-1.9442996102293821,-0.006109973720713646,782.2347794069395,1.050642617391224,0.005857080082684929,547.8986657178714,-1.4737591082058517,-0.006194178668599393,949.8914862026064,0.5184378271245873,0.0056739738636966686
case_001,3.58,5.179991654269906,14.972710811953375,2.0,0.566671698832338,0.3459619702869634,330.87730354876965,401.99276749405874,True,451.357414634189,-1.9442995036371142,-0.006109974631093029,782.2347181829587,1.0506426521240704,0.0058570774000079595,547.8987338981912,-1.4737590629684503,-0.006194176089350689,949.8915013922499,0.5184379233743038,0.005673974685294847
case_001,3.59,5.179990990741082,14.97271032584176,2.0,0.5666716173862084,0.34596194346268766,330.8772619367791,401.99271606913965,True,451.35739683104106,-1.9442994001942,-0.006109975514578092,782.2346587678202,1.0506426858305888,0.005857074796590478,547.8988000636514,-1.4737590190674728,-0.006194173586322016,949.891516132791,0.5184380167799961,0.005673975482605509
case_001,3.6,5.179990346818277,14.972709854093859,2.0,0.566671538346552,0.3459619174310236,330.8772215543543,401.99266616373177,True,451.3573795537637,-1.944299299807605,-0.006109976371963921,782.234601108118,1.0506427185410796,0.005857072270090746,547.8988642738185,-1.4737589764634564,-0.006194171157261341,949.8915304375503,0.5184381074256746,0.005673976256346636
case_001,3.61,5.179989721922364,14.972709396285255,2.0,0.566671461642292,0.34596189216855067,330.87718236518265,401.9926177329587,True,451.3573627868417,-1.9442992023870453,-0.006109977204021844,782.2345451520243,1.0506427502849558,0.005857069818236527,547.8989265865023,-1.4737589351181108,-0.006194168799982913,949.891544319461,0.5184381953928762,0.005673977007215503
case_001,3.62,5.179989115491333,14.972708952004064,2.0,0.5666713872044502,0.34596186765254056,330.8771443340164,401.9925707332619,True,451.35734651522637,-1.9442991078449143,-0.0061099780114999835,782.2344908492428,1.0506427810907657,0.0058570674388229715,547.8989870578096,-1.473758894994281,-0.006194166512365151,949.8915577910715,0.5184382807607315,0.005673977735889013
case_001,3.63,5.1799885269796935,14.972708520850578,2.0,0.5666713149660857,0.3459618438609366,330.8771074266521,401.9925251223724,True,451.3573307243059,-1.9442990160961913,-0.006109978795124427,782.234438150958,1.050642810986218,0.005857065129710459,547.8990457421805,-1.4737588560559083,-0.006194164292349258,949.8915708645529,0.518438363606036,0.005673978443024141
case_001,3.64,5.17998795585808,14.972708102436895,2.0,0.5666712448622325,0.34596182077233395,330.87707160988634,401.99248085925944,True,451.3573153999056,-1.9442989270583706,-0.006109979555599443,782.2343870097919,1.0506428399982068,0.005857062888822651,547.8991026924527,-1.473758818268001,-0.006194162137936887,949.8915835517122,0.5184384440033213,0.005673979129258544
case_001,3.65,5.179987401612735,14.972707696386577,2.0,0.5666711768298411,0.34596179836596025,330.8770368515031,401.9924379041088,True,451.3573005282656,-1.9442988406513841,-0.006109980293608486,782.2343373797687,1.0506428681528395,0.005857060714144824,547.8991579598983,-1.4737587815966002,-0.0061941600471887015,949.8915958640071,0.5184385220249216,0.005673979795211226
case_001,3.66,5.1799868637450235,14.972707302334307,2.0,0.5666711108077219,0.3459617766216569,330.87700312022974,401.99239621827496,True,451.3572860960282,-1.9442987567975225,-0.006109981009814802,782.2342892162579,1.0506428954754485,0.005857058603721488,547.8992115942684,-1.4737587460087451,-0.006194158018222706,949.8916078125434,0.518438597741033,0.005673980441482651
case_001,3.67,5.17998634177104,14.972706919925566,2.0,0.5666710467364898,0.3459617555198611,330.8769703857144,401.9923557642509,True,451.3572720902319,-1.944298675421378,-0.006109981704861878,782.2342424759463,1.0506429219906257,0.005857056555655049,547.8992636438418,-1.4737587114724477,-0.006194156049212474,949.8916194080927,0.5184386712197818,0.00567398106865552
case_001,3.68,5.179985835221138,14.97270654881631,2.0,0.5666709845585103,0.345961735041588,330.87693861850556,401.99231650563945,True,451.35725849829106,-1.944298596449761,-0.006109982379374268,782.2341971167966,1.0506429477222372,0.0058570545681039254,547.899314155468,-1.473758677956661,-0.006194154138385477,949.8916306611075,0.518438742527285,0.005673981677295381
case_001,3.69,5.1799853436395615,14.972706188672658,2.0,0.566670924217849,0.34596171516841373,330.8769077900172,401.99227840711467,True,451.3572453079951,-1.944298519811645,-0.006109983033957933,782.2341530980123,1.0506429726934472,0.005857052639280991,547.8993631746098,-1.4737586454312521,-0.006194152284021592,949.8916415817245,0.5184388117277066,0.0056739822679509055
case_001,3.7,5.179984866583955,14.972705839170597,2.0,0.5666708656602207,0.34596169588245884,330.8768778725051,401.9922414343911,True,451.3572325074828,-1.944298445438093,-0.0061099836692012355,782.2341103799879,1.0506429969267324,0.005857050767451466,547.8994107453761,-1.47375861386697,-0.006194150484451821,949.8916521797672,0.5184388788833139,0.005673982841154168
case_001,3.71,5.179984403625066,14.972705499995683,2.0,0.5666708088329415,0.345961677166372,330.87684883904757,401.99220555419936,True,451.3572200852487,-1.9442983732622097,-0.006109984285674885,782.2340689242963,1.050643020443912,0.005857048950932142,547.8994569105756,-1.4737585832354299,-0.006194148738056293,949.891662464775,0.5184389440545385,0.005673983397421756
case_001,3.72,5.17998395434628,14.972705170842774,2.0,0.5666707536848815,0.34596165900331477,330.87682066351374,401.9921707342477,True,451.35720803011714,-1.944298303219063,-0.006109984883933106,782.2340286936309,1.0506430432661527,0.005857047188088993,547.8995017117439,-1.4737585535090765,-0.006194147043263265,949.8916724459916,0.5184390073000236,0.00567398393725449
case_001,3.73,5.179983518343301,14.972704851415733,2.0,0.5666707001664195,0.34596164137694607,330.8767933205474,401.9921369432028,True,451.3571963312441,-1.9442982352456413,-0.006109985464513634,782.2339896517915,1.0506430654139998,0.005857045477336398,547.8995451891858,-1.4737585246611673,-0.006194145398547568,949.8916821323886,0.5184390686766807,0.005673984461138426
case_001,3.74,5.179983095223789,14.97270454142718,2.0,0.5666706482293987,0.3459616242714076,330.87676678554385,401.99210415065374,True,451.3571849781023,-1.9442981692807892,-0.0061099860279384965,782.2339517636461,1.0506430869073926,0.005857043817135532,547.899587382016,-1.4737584966657469,-0.006194143802429053,949.8916915326697,0.5184391282397398,0.005673984969545132
case_001,3.75,5.179982684606986,14.972704240598226,2.0,0.5666705978270843,0.34596160767130985,330.8767410346188,401.99207232709136,True,451.3571739604761,-1.9442981052651584,-0.006109986574714232,782.2339149950949,1.050643107765678,0.005857042205992757,547.8996283281881,-1.4737584694976231,-0.006194142253471535,949.8917006552795,0.5184391860427982,0.005673985462932074
case_001,3.7600000000000002,5.179982286123394,14.972703948658218,2.0,0.5666705489141212,0.34596159156171785,330.8767160446006,401.99204144387704,True,451.3571632684474,-1.9442980431411498,-0.006109987105332615,782.233879313048,1.0506431280076307,0.005857040642458622,547.8996680645341,-1.4737584431323465,-0.006194140750281296,949.8917095084112,0.5184392421378681,0.00567398594174312
case_001,3.77,5.179981899414418,14.972703665344506,2.0,0.5666705014464938,0.34596157592813787,330.8766917929993,401.99201147321514,True,451.3571528923883,-1.9442979828528617,-0.00610998762027104,782.2338446853876,1.0506431476514666,0.0058570391251261955,547.8997066267938,-1.4737584175461866,-0.006194139291505973,949.8917181000089,0.5184392965754226,0.005673986406408704
case_001,3.7800000000000002,5.179981524132103,14.9727033904022,2.0,0.5666704553814867,0.3459615607565044,330.8766682579933,401.99198238813585,True,451.35714282296044,-1.944297924346047,-0.006109988119992638,782.2338110809537,1.0506431667148695,0.0058570376526304035,547.8997440496549,-1.473758392716116,-0.006194137875833061,949.8917264377908,0.5184393494044454,0.005673986857346769
case_001,3.79,5.179981159938729,14.972703123583939,2.0,0.5666704106776477,0.34596154603316775,330.876645418402,401.9919541624722,True,451.35713305109465,-1.9442978675680591,-0.006109988604947103,782.2337784694967,1.0506431852149902,0.005857036223646028,547.8997803667708,-1.4737583686197826,-0.006194136501989189,949.891734529243,0.5184394006724693,0.005673987294962657
case_001,3.8000000000000003,5.179980806506618,14.972702864649671,2.0,0.5666703672947491,0.3459615317448813,330.87662325367495,401.9919267708227,True,451.3571235679946,-1.9442978124678052,-0.006109989075570754,782.2337468216696,1.0506432031684787,0.00585703483688732,547.899815610811,-1.4737583452354983,-0.006194135168738346,949.8917423816337,0.5184394504256236,0.005673987719649831
case_001,3.81,5.179980463517768,14.972702613366438,2.0,0.5666703251937526,0.34596151787879,330.87660174386923,401.9919001885405,True,451.3571143651215,-1.944297758995703,-0.006109989532287141,782.2337161089907,1.0506432205914895,0.005857033491106389,547.8998498134756,-1.4737583225422155,-0.006194133874881214,949.8917500020161,0.5184394987086729,0.005673988131790042
case_001,3.8200000000000003,5.179980130663549,14.972702369508168,2.0,0.5666702843367739,0.3459615044224185,330.87658086963035,401.99187439170953,True,451.35710543418855,-1.9442977071036363,-0.006109989975507324,782.2336863038189,1.0506432374996977,0.0058570321850920926,547.899883005523,-1.4737583005195034,-0.006194132619254111,949.8917573972325,0.5184395455650563,0.005673988531753604
case_001,3.83,5.179979807644491,14.972702132855469,2.0,0.5666702446870491,0.3459614913636602,330.87656061217774,401.99184935711617,True,451.35709676715305,-1.9442976567449064,-0.006109990405630317,782.2336573793308,1.0506432539083133,0.005857030917669093,547.8999152168116,-1.4737582791475423,-0.006194131400727498,949.8917645739277,0.5184395910369295,0.005673988919900008
case_001,3.84,5.179979494169969,14.972701903195423,2.0,0.5666702062089015,0.34596147869076627,330.87654095328685,401.9918250622401,True,451.35708835621506,-1.944297607874203,-0.006109990823043143,782.2336293095019,1.0506432698321009,0.0058570296876969685,547.8999464763137,-1.473758258407096,-0.006194130218205363,949.8917715385538,0.518439635165204,0.005673989296578197
case_001,3.85,5.179979189957947,14.972701680321416,2.0,0.5666701688677096,0.3459614663923348,330.87652187526913,401.99180148522225,True,451.35708019380075,-1.9442975604475454,-0.006109991228121614,782.2336020690699,1.0506432852853822,0.005857028494068717,547.8999768121471,-1.4737582382794956,-0.006194129070624055,949.8917782973693,0.5184396779895784,0.005673989662126677
case_001,3.86,5.17997889473475,14.972701464032928,2.0,0.5666701326298755,0.3459614544573011,330.8765033609624,401.99177860485145,True,451.3570722725658,-1.9442975144222643,-0.006109991621230271,782.2335756335282,1.0506433002820603,0.005857027335710363,547.9000062516021,-1.4737582187466294,-0.00619412795695129,949.8917848564536,0.5184397195485809,0.005673990016874131
case_001,3.87,5.179978608234771,14.972701254135373,2.0,0.5666700974627951,0.345961442874927,330.87648539371145,401.9917564005435,True,451.3570645853793,-1.9442974697569428,-0.006109992002722997,782.2335499790908,1.0506433148356245,0.005857026211579519,547.9000348211615,-1.4737581997909184,-0.006194126876185313,949.891791221705,0.5184397598795991,0.005673990361139469
case_001,3.88,5.179978330200264,14.972701050439905,2.0,0.5666700633348281,0.3459614316347922,330.87646795735225,401.99173485232507,True,451.35705712532297,-1.944297426411394,-0.006109992372943185,782.2335250826752,1.0506433289591657,0.005857025120664605,547.9000625465264,-1.4737581813953051,-0.006194125827353958,949.8917973988515,0.5184397990189173,0.005673990695232278
case_001,3.89,5.1799780603810905,14.97270085276327,2.0,0.5666700302152702,0.3459614207267839,330.8764510361983,401.9917139408094,True,451.3570498856852,-1.9442973843466171,-0.006109992732224012,782.2335009218835,1.0506433426653872,0.0058570240619840175,547.9000894526367,-1.473758163543235,-0.006194124809513868,949.8918033934461,0.5184398370017441,0.005673991019452818
case_001,3.9,5.1799777985345345,14.972700660927622,2.0,0.5666699980743249,0.3459614101410883,330.87643461503114,401.9916936471834,True,451.35704285995155,-1.9442973435247664,-0.006109993080888831,782.2334774749827,1.05064335596662,0.005857023034585296,547.9001155637058,-1.4737581462186502,-0.00619412382174922,949.8918092108892,0.5184398738622514,0.005673991334092854
case_001,3.91,5.1799775444250065,14.972700474760366,2.0,0.5666699668830766,0.3459613998681815,330.87641867907325,401.991673953195,True,451.3570360418015,-1.9442973039091147,-0.006109993419251447,782.2334547208748,1.0506433688748256,0.005857022037543846,547.9001409032163,-1.4737581294059579,-0.006194122863171725,949.8918148564113,0.5184399096335977,0.005673991639435216
case_001,3.92,5.179977297823947,14.972700294094015,2.0,0.5666699366134642,0.34596138989882114,330.87640321399346,401.99165484112325,True,451.3570294251039,-1.944297265464021,-0.006109993747616227,782.2334326390974,1.0506433814016198,0.005857021069962887,547.9001654939791,-1.4737581130900386,-0.006194121932918628,949.8918203351024,0.5184399443479683,0.005673991935754852
case_001,3.93,5.179977058509461,14.972700118766024,2.0,0.5666699072382565,0.345961380224038,330.876388205877,401.9916362937771,True,451.35702300390096,-1.9442972281548936,-0.006109994066278879,782.233411209778,1.050643393558265,0.0058570201309715575,547.9001893581086,-1.4737580972562083,-0.006194121030153432,949.8918256518857,0.518439978036589,0.005673992223318047
case_001,3.94,5.179976826266295,14.972699948618658,2.0,0.5666698787310266,0.3459613708351276,330.8763736412235,401.99161829447155,True,451.3570167724247,-1.944297191948172,-0.00610999437552584,782.2333904136482,1.0506434053557023,0.005857019219725368,547.9002125170837,-1.4737580818902276,-0.006194120154063676,949.8918308115552,0.5184400107297706,0.005673992502383762
case_001,3.95,5.1799766008854915,14.972699783498836,2.0,0.5666698510661291,0.3459613617236431,330.87635950692794,401.99160082701303,True,451.35701072506475,-1.9442971568112806,-0.006109994675635555,782.2333702319927,1.050643416804539,0.0058570183354042515,547.9002349917384,-1.4737580669782708,-0.006194119303861323,949.8918358187515,0.5184400424569229,0.005673992773202963
case_001,3.96,5.179976382164304,14.972699623258004,2.0,0.566669824218676,0.34596135288138696,330.8763457902788,401.99158387568843,True,451.3570048563843,-1.9442971227126107,-0.0061099949668779185,782.2333506466631,1.0506434279150794,0.005857017477212845,547.9002568022983,-1.473758052506926,-0.006194118478781319,949.8918406779867,0.5184400732465912,0.0056739930360194535
case_001,3.97,5.179976169905968,14.972699467751998,2.0,0.5666697981645147,0.34596134430040376,330.8763324789348,401.99156742524826,True,451.35699916110747,-1.9442970896214877,-0.006109995249514888,782.2333316400423,1.050643438697319,0.005857016644379154,547.9002779683866,-1.4737580384631752,-0.006194117678081368,949.8918453936349,0.5184401031264763,0.005673993291069768
case_001,3.98,5.17997596391951,14.972699316840911,2.0,0.5666697728802066,0.3459613359729735,330.87631956091934,401.9915514608904,True,451.3569936341072,-1.9442970575081389,-0.006109995523800871,782.2333131950265,1.0506434491609538,0.005857015836153723,547.9002985090499,-1.4737580248343862,-0.006194116901040991,949.8918499699403,0.5184401321234582,0.005673993538583388
case_001,3.99,5.179975764019616,14.972699170388971,2.0,0.5666697483430051,0.34596132789160416,330.8763070246122,401.99153596825465,True,451.3569882704156,-1.944297026343676,-0.006109995789982503,782.2332952950278,1.0506434593154004,0.005857015051809633,547.9003184427665,-1.4737580116082978,-0.006194116146961193,949.8918544110212,0.5184401602636247,0.005673993778783026
case_001,4.0,5.17997557002645,14.97269902826442,2.0,0.5666697245308356,0.3459613200490249,330.8762948587323,401.9915209334047,True,451.3569830652093,-1.9442969961000642,-0.006109996048299204,782.2332779239416,1.0506434691697946,0.005857014290641227,547.9003377874748,-1.473757998773014,-0.006194115415163404,949.8918587208794,0.5184401875722956,0.0056739940118850085
case_001,4.01,5.179975381765476,14.972698890339391,2.0,0.5666697014222758,0.3459613124381801,330.87628305233875,401.99150634280966,True,451.3569780138041,-1.9442969667500933,-0.0061099962989834,782.2332610661429,1.0506434787330032,0.00585701355196383,547.9003565605822,-1.4737579863169898,-0.0061941147049890954,949.8918629033918,0.5184402140740387,0.005673994238099056
case_001,4.0200000000000005,5.179975199067319,14.972698756489796,2.0,0.5666696789965361,0.3459613050522223,330.8762715948065,401.9914921833447,True,451.35697311165876,-1.9442969382673614,-0.006109996542260521,782.2332447064653,1.0506434880136308,0.005857012835112918,547.9003747789772,-1.473757974229019,-0.00619411401579939,949.8918669623218,0.5184402397926964,0.005673994457628728
case_001,4.03,5.179975021767613,14.972698626595214,2.0,0.5666696572334406,0.3459612978845065,330.8762604758247,401.9914784422713,True,451.3569683543653,-1.9442969106262453,-0.006109996778349336,782.23322883019,1.0506434970200258,0.005857012139443563,547.9003924590536,-1.4737579624982284,-0.006194113346974117,949.8918709013249,0.5184402647514104,0.0056739946706717
case_001,4.04,5.179974849706823,14.972698500538778,2.0,0.5666696361134101,0.3459612909285842,330.87624968539353,401.991465107227,True,451.3569637376388,-1.9442968838018742,-0.006109997007462398,782.2332134230323,1.0506435057602919,0.005857011464329875,547.9004096167143,-1.473757951114063,-0.006194112697911647,949.8918747239413,0.518440288972633,0.0056739948774195414
case_001,4.05,5.179974682730169,14.972698378207081,2.0,0.5666696156174434,0.345961284178197,330.8762392138037,401.99145216621173,True,451.35695925733177,-1.944296857770119,-0.006109997229805597,782.2331984711354,1.0506435142422956,0.0058570108091646755,547.9004262674036,-1.4737579400662855,-0.006194112068027724,949.8918784336154,0.5184403124781597,0.005673995078058491
case_001,4.0600000000000005,5.179974520687408,14.972698259490063,2.0,0.5666695957271005,0.34596127762727186,330.8762290516329,401.9914396075832,True,451.35695490941146,-1.9442968325075585,-0.006109997445579052,782.2331839610443,1.0506435224736663,0.0058570101733584345,547.9004424260976,-1.4737579293449532,-0.006194111456755802,949.8918820336808,0.5184403352891355,0.005673995272768961
case_001,4.07,5.179974363432751,14.972698144280917,2.0,0.5666695764244862,0.345961271269915,330.8762191897379,401.99142742004335,True,451.3569506899676,-1.944296807991466,-0.006109997654976773,782.2331698797055,1.0506435304618127,0.005857009556339221,547.9004581073337,-1.4737579189404222,-0.006194110863545876,949.8918855273771,0.5184403574260856,0.0056739954617262
case_001,4.08,5.179974210824712,14.972698032475991,2.0,0.5666695576922339,0.3459612651004068,330.87620961924665,401.9914155926249,True,451.35694659520186,-1.9442967841997831,-0.006109997858187222,782.2331562144485,1.05064353821392,0.005857008957551868,547.9004733252227,-1.4737579088433315,-0.006194110287864152,949.8918889178476,0.5184403789089262,0.005673995645100238
case_001,4.09,5.179974062725994,14.972697923974696,2.0,0.5666695395134901,0.34596125911319675,330.8762003315479,401.99140411468784,True,451.35694262143227,-1.9442967611111066,-0.00610999805539314,782.2331429529802,1.0506435457369652,0.005857008376457751,547.9004880934536,-1.4737578990445965,-0.006194109729192765,949.8918922081415,0.5184403997569852,0.005673995823056055
case_001,4.1,5.179973919003347,14.972697818679418,2.0,0.5666695218718993,0.3459612533028982,330.8761913182852,401.99139297590466,True,451.35693876508384,-1.9442967387046646,-0.006109998246771886,782.233130083369,1.0506435530377176,0.005857007812534065,547.9005024253154,-1.4737578895354024,-0.006194109187028951,949.89189540122,0.5184404199890214,0.0056739959957538
case_001,4.11,5.179973779527453,14.972697716495423,2.0,0.5666695047515892,0.34596124766428366,330.8761825713484,401.9913821662544,True,451.3569350226853,-1.9442967169602965,-0.006109998432495711,782.2331175940337,1.0506435601227435,0.005857007265273384,547.9005163336973,-1.4737578803071918,-0.0061941086608851,949.8918984999517,0.5184404396232348,0.005673996163348738
case_001,4.12,5.179973644172832,14.972697617330779,2.0,0.5666694881371562,0.3459612421922802,330.8761740828686,401.99137167600827,True,451.35693139086936,-1.9442966958584385,-0.006109998612731704,782.233105473738,1.0506435669984195,0.005857006734183379,547.900529831116,-1.473757871351663,-0.006194108150287703,949.8919015071243,0.5184404586772924,0.005673996325991693
case_001,4.13,5.179973512817704,14.97269752109627,2.0,0.5666694720136525,0.34596123688196473,330.8761658452082,401.99136149573246,True,451.3569278663699,-1.9442966753801068,-0.006109998787641957,782.2330937115781,1.0506435736709319,0.005857006218786265,547.9005429297113,-1.473757862660757,-0.006194107654777514,949.8919044254437,0.5184404771683363,0.005673996483828991
case_001,4.14,5.179973385343893,14.972697427705313,2.0,0.5666694563665711,0.34596123172855975,330.8761578509554,401.9913516162651,True,451.35692444601494,-1.9442966555068764,-0.006109998957383844,782.2330822969703,1.0506435801462835,0.005857005718618302,547.9005556412712,-1.4737578542266567,-0.0061941071739085585,949.8919072575363,0.5184404951130042,0.005673996637002687
case_001,4.15,5.179973261636705,14.972697337073892,2.0,0.5666694411818345,0.34596122672742874,330.87615009292006,401.99134202871915,True,451.3569211267263,-1.9442966362208678,-0.006109999122110077,782.2330712196464,1.0506435864303014,0.005857005233229573,547.9005679772283,-1.4737578460417713,-0.006194106707248348,949.8919100059475,0.5184405125274398,0.005673996785650504
case_001,4.16,5.179973141584839,14.972697249120463,2.0,0.5666694264457806,0.34596122187407236,330.8761425641197,401.99133272446704,True,451.3569179055158,-1.944296617504726,-0.006109999281968981,782.2330604696355,1.0506435925286377,0.005857004762183204,547.9005799486811,-1.4737578380987368,-0.006194106254377052,949.8919126731481,0.5184405294273106,0.005673996929906111
case_001,4.17,5.179973025080286,14.972697163765899,2.0,0.5666694121451513,0.34596121716412387,330.8761352577812,401.99132369513916,True,451.35691477948757,-1.944296599341615,-0.006109999437104274,782.2330500372688,1.0506435984467792,0.00585700430505548,547.9005915663982,-1.4737578303904053,-0.006194105814887274,949.8919152615374,0.5184405458278204,0.005673997069899295
case_001,4.18,5.179972912018238,14.972697080933404,2.0,0.5666693982670801,0.34596121259334606,330.8761281673307,401.9913149326085,True,451.35691174583025,-1.9442965817151943,-0.006109999587655457,782.233039913161,1.050643604190052,0.005857003861435173,547.9006028408364,-1.4737578229098443,-0.006194105388383442,949.8919177734449,0.5184405617437259,0.0056739972057560095
case_001,4.19,5.179972802296952,14.972697000548461,2.0,0.5666693847990814,0.34596120815762665,330.87612128639057,401.9913064289967,True,451.3569088018088,-1.9442965646096009,-0.006109999733758198,782.2330300881994,1.0506436097636207,0.005857003430922991,547.9006137821325,-1.4737578156503195,-0.006194104974482084,949.8919202111292,0.5184405771893447,0.005673997337598435
case_001,4.2,5.179972695817735,14.972696922538747,2.0,0.5666693717290375,0.3459612038529749,330.8761146087684,401.9912981766504,True,451.3569059447793,-1.9442965480094487,-0.006109999875543781,782.2330205535477,1.0506436151725016,0.005857003013131745,547.9006244001332,-1.4737578086053018,-0.006194104572810721,949.8919225767836,0.5184405921785741,0.0056739974655452
case_001,4.21,5.179972592484779,14.972696846834076,2.0,0.5666693590451897,0.34596119967551786,330.8761081284574,401.99129016814595,True,451.3569031721685,-1.944296531899801,-0.006110000013139882,782.2330113006259,1.0506436204215603,0.0058570026076854576,547.9006347043896,-1.473757801768451,-0.006194104183008031,949.8919248725356,0.5184406067248999,0.005673997589711377
case_001,4.22,5.1799724922051285,14.97269677336634,2.0,0.5666693467361261,0.3459611956214972,330.8761018396301,401.991282396276,True,451.35690048148297,-1.944296516266163,-0.006110000146670236,782.2330023211131,1.0506436255155207,0.0058570022142194755,547.9006447041761,-1.4737577951336178,-0.006194103804723183,949.8919271004521,0.5184406208414085,0.005673997710208711
case_001,4.23,5.1799723948885505,14.972696702069443,2.0,0.5666693347907729,0.3459611916872656,330.87609573662166,401.99127485405154,True,451.35689787030276,-1.9442965010944726,-0.006110000276254968,782.2329936069244,1.050643630458962,0.0058570018323795825,547.9006544084835,-1.4737577886948308,-0.006194103437616061,949.8919292625351,0.5184406345407995,0.005673997827145505
case_001,4.24,5.179972300447502,14.97269663287924,2.0,0.5666693231983827,0.3459611878692834,330.87608981394965,401.991267534686,True,451.356895336276,-1.9442964863710759,-0.006110000402010762,782.2329851502257,1.0506436352563355,0.005857001461822442,547.9006638260463,-1.4737577824462982,-0.006194103081356261,949.8919313607323,0.5184406478353992,0.005673997940627062
case_001,4.25,5.179972208797011,14.972696565733479,2.0,0.5666693119485264,0.345961184164116,330.8760840662802,401.99126043159447,True,451.35689287712444,-1.944296472082729,-0.006110000524050696,782.2329769434047,1.0506436399119545,0.005857001102214543,547.9006729653357,-1.4737577763823972,-0.006194102735623319,949.8919333969302,0.518440660737167,0.005673998050755413
case_001,4.26,5.179972119854625,14.972696500571754,2.0,0.5666693010310826,0.3459611805684295,330.8760784884434,401.991253538386,True,451.35689049063575,-1.944296458216577,-0.00611000064248457,782.2329689790791,1.0506436444300078,0.0058570007532323665,547.9006818345755,-1.4737577704976739,-0.0061941024001061495,949.8919353729615,0.5184406732577115,0.005673998157629645
case_001,4.2700000000000005,5.179972033540319,14.97269643733544,2.0,0.5666692904362292,0.34596117707898905,330.87607307542237,401.9912468488585,True,451.3568881746611,-1.9442964447601423,-0.006110000757419021,782.2329612500835,1.0506436488145603,0.005857000414561941,547.9006904417427,-1.4737577647868312,-0.006194102074502994,949.8919372906012,0.518440685408295,0.005673998261345847
case_001,4.28,5.179971949776451,14.972696375967642,2.0,0.5666692801544341,0.34596117369265533,330.87606782234366,401.9912403569954,True,451.35688592712097,-1.9442964317013214,-0.006110000868957299,782.2329537494646,1.050643653069557,0.005857000085898567,547.9006987945836,-1.4737577592447342,-0.006194101758520809,949.891939151579,0.5184406971998518,0.0056739983619974454
case_001,4.29,5.179971868487657,14.972696316413153,2.0,0.5666692701764473,0.34596117040638175,330.87606272448664,401.9912340569532,True,451.3568837459897,-1.9442964190283643,-0.006110000977199881,782.2329464704763,1.0506436571988274,0.005856999766946647,547.9007069006134,-1.473757753866396,-0.006194101451875322,949.8919409575666,0.5184407086429889,0.005673998459674923
case_001,4.3,5.179971789600796,14.97269625861839,2.0,0.5666692604932919,0.34596116721721154,330.87605777726236,401.9912279430682,True,451.356881629306,-1.944296406729869,-0.006110001082244132,782.2329394065683,1.050643661206084,0.005856999457419132,547.9007147671233,-1.4737577486469768,-0.006194101154290699,949.8919427101915,0.518440719748002,0.005673998554466209
case_001,4.3100000000000005,5.179971713044898,14.972696202531356,2.0,0.5666692510962561,0.3459611641222756,330.87605297621866,401.99122200983675,True,451.3568795751656,-1.9442963947947716,-0.0061100011841845325,782.2329325513842,1.0506436650949327,0.0058569991570375235,547.9007224011906,-1.4737577435817812,-0.006194100865499208,949.8919444110273,0.5184407305248814,0.005673998646456513
case_001,4.32,5.179971638751094,14.972696148101592,2.0,0.5666692419768858,0.34596116111878944,330.876048317037,401.991216251923,True,451.35687758172173,-1.9442963832123341,-0.006110001283112787,782.2329258987587,1.0506436688688718,0.0058569988655316485,547.900729809685,-1.4737577386662524,-0.0061941005852410025,949.891946061608,0.5184407409833237,0.005673998735728714
case_001,4.33,5.179971566652534,14.972696095280128,2.0,0.5666692331269766,0.34596115820405093,330.87604379552664,401.9912106641434,True,451.3568756471794,-1.9442963719721365,-0.006110001379117935,782.232919442706,1.0506436725312982,0.005856998582639217,547.9007369992709,-1.4737577338959693,-0.0061941003132639505,949.8919476634143,0.5184407511327361,0.005673998822362969
case_001,4.34,5.179971496684374,14.972696044019443,2.0,0.5666692245385662,0.3459611553754377,330.8760394076183,401.99120524147247,True,451.3568737698002,-1.944296361064067,-0.006110001472286297,782.2329131774185,1.0506436760855065,0.005856998308105765,547.9007439764191,-1.473757729266639,-0.006194100049323303,949.8919492178916,0.5184407609822522,0.005673998906437383
case_001,4.3500000000000005,5.179971428783635,14.972695994273417,2.0,0.5666692162039279,0.34596115263040494,330.876035149367,401.9911999790354,True,451.3568719478925,-1.944296350478309,-0.00611000156270175,782.2329070972595,1.050643679534694,0.005856998041684269,547.9007507474029,-1.4737577247740963,-0.0061940997931816955,949.8919507264383,0.5184407705407331,0.005673998988027562
case_001,4.36,5.179971362889245,14.972695945997298,2.0,0.5666692081155632,0.3459611499664829,330.8760310169377,401.991194872091,True,451.3568701798186,-1.9442963402053424,-0.006110001650445618,782.2329011967563,1.0506436828819627,0.005856997783134976,547.9007573183173,-1.4737577204143009,-0.006194099544608589,949.8919521904083,0.5184407798167774,0.005673999067206836
case_001,4.37,5.179971298941924,14.972695899147649,2.0,0.5666692002661955,0.34596114738127504,330.8760270066152,401.99118991604894,True,451.3568684639892,-1.944296330235923,-0.006110001735596782,782.2328954706044,1.0506436861303268,0.005856997532225405,547.9007636950734,-1.4737577161833295,-0.006194099303380385,949.8919536111223,0.5184407888187315,0.005673999144046538
case_001,4.38,5.179971236884131,14.972695853682321,2.0,0.5666691926487629,0.3459611448724553,330.8760231147889,401.99118510644996,True,451.35686679885936,-1.9442963205610826,-0.006110001818231903,782.2328899136483,1.050643689282705,0.005856997288729682,547.9007698834076,-1.4737577120773762,-0.006194099069280035,949.8919549898576,0.518440797554694,0.005673999218615777
case_001,4.39,5.179971176660033,14.972695809560411,2.0,0.5666691852564116,0.3459611424377667,330.8760193379618,401.9911804389643,True,451.35686518293005,-1.9442963111721145,-0.006110001898425366,782.2328845208918,1.0506436923419373,0.0058569970524288695,547.9007758888871,-1.4737577080927455,-0.0061940988420969845,949.8919563278514,0.5184408060325226,0.005673999290981557
case_001,4.4,5.179971118215458,14.972695766742223,2.0,0.5666691780824914,0.3459611400750188,330.8760156727309,401.99117590939704,True,451.3568636147505,-1.9442963020605764,-0.006110001976249169,782.2328792874814,1.050643695310774,0.005856996823110305,547.9007817169169,-1.4737577042258543,-0.006194098621626731,949.8919576263139,0.5184408142598481,0.005673999361209159
case_001,4.41,5.179971061497814,14.972695725189235,2.0,0.5666691711205478,0.34596113778208587,330.8760121158028,401.99117151366636,True,451.3568620929066,-1.9442962932182666,-0.006110002051773478,782.2328742087094,1.0506436981918879,0.00585699660056771,547.9007873727403,-1.4737577004732239,-0.006194098407670934,949.8919588864067,0.5184408222440702,0.005673999429361587
case_001,4.42,5.179971006456077,14.972695684864062,2.0,0.5666691643643171,0.34596113555690494,330.87600866397395,401.99116724782436,True,451.3568606160311,-1.9442962846372311,-0.006110002125066183,782.232869280005,1.0506437009878682,0.005856996384600799,547.9007928614435,-1.4737576968314767,-0.00619409820003719,949.8919601092679,0.5184408299923731,0.005673999495500293
case_001,4.43,5.1799709530407165,14.972695645730425,2.0,0.5666691578077214,0.3459611333974741,330.87600531414233,401.9911631080332,True,451.3568591827937,-1.9442962763097493,-0.006110002196193232,782.232864496936,1.0506437037012326,0.005856996175015339,547.9007981879637,-1.4737576932973353,-0.006194097998538706,949.8919612959969,0.5184408375117274,0.005673999559684728
case_001,4.44,5.179970901203693,14.972695607753113,2.0,0.5666691514448616,0.3459611313018505,330.8760020632911,401.991159090563,True,451.356857791907,-1.944296268228332,-0.006110002265218573,782.2328598551981,1.0506437063344218,0.005856995971622758,547.9008033570967,-1.4737576898676235,-0.00619409780299407,949.8919624476597,0.5184408448088982,0.005673999621972625
case_001,4.45,5.17997085089836,14.972695570897963,2.0,0.5666691452700131,0.34596112926814887,330.8759989084977,401.9911551918017,True,451.3568564421178,-1.9442962603857044,-0.006110002332204378,782.2328553506155,1.0506437088898057,0.0058569957742400924,547.9008083734916,-1.4737576865392539,-0.006194097613227423,949.8919635652933,0.5184408518904507,0.00567399968242005
case_001,4.46,5.179970802079455,14.972695535131816,2.0,0.5666691392776204,0.34596112729453943,330.87599584692276,401.99115140823926,True,451.35685513221205,-1.944296252774812,-0.006110002397210879,782.2328509791348,1.0506437113696814,0.005856995582689706,547.9008132416618,-1.4737576833092316,-0.006194097429068013,949.8919646499011,0.5184408587627548,0.005673999741081293
case_001,4.47,5.179970754703061,14.972695500422493,2.0,0.5666691334622921,0.34596112537924656,330.8759928758124,401.9911477364777,True,451.3568538610113,-1.9442962453888082,-0.006110002460296582,782.2328467368237,1.0506437137762814,0.005856995396799292,547.9008179659844,-1.4737576801746501,-0.00619409725035025,949.8919657024621,0.5184408654319955,0.005673999798009255
case_001,4.48,5.179970708726564,14.972695466738767,2.0,0.5666691278187966,0.34596112352054714,330.8759899924915,401.9911441732103,True,451.35685262737496,-1.9442962382210498,-0.00611000252151811,782.2328426198665,1.0506437161117714,0.00585699521640165,547.9008225507137,-1.4737576771326906,-0.0061940970769132075,949.8919667239239,0.5184408719041729,0.005673999853255174
case_001,4.49,5.179970664108583,14.972695434050333,2.0,0.5666691223420562,0.34596112171676896,330.8759871943679,401.9911407152307,True,451.35685143018907,-1.9442962312650844,-0.006110002580930696,782.232838624557,1.050643718378252,0.005856995041334412,547.9008269999728,-1.4737576741806169,-0.006194096908600899,949.8919677152035,0.5184408781851096,0.005673999906868676
case_001,4.5,5.17997062080898,14.972695402327787,2.0,0.5666691170271436,0.34596111996628914,330.8759844789247,401.9911373594267,True,451.3568502683768,-1.9442962245146544,-0.006110002638587797,782.2328347473015,1.0506437205777612,0.005856994871440091,547.9008313177636,-1.47375767131577,-0.0061940967452619455,949.8919686771903,0.5184408842804548,0.005673999958897946
case_001,4.51,5.1799705787888035,14.97269537154258,2.0,0.5666691118692772,0.34596111826753284,330.8759818437166,401.99113410277903,True,451.35684914089444,-1.9442962179636878,-0.006110002694541206,782.232830984611,1.0506437227122785,0.00585699470656581,547.900835507973,-1.4737576685355755,-0.006194096586749298,949.8919696107521,0.5184408901956934,0.005674000009389835
case_001,4.5200000000000005,5.179970538010246,14.972695341667022,2.0,0.5666691068638163,0.3459611166189718,330.87597928637456,401.9911309423636,True,451.35684804672746,-1.9442962116062914,-0.00611000274884127,782.232827333102,1.0506437247837253,0.005856994546563299,547.900839574368,-1.4737576658375302,-0.0061940964329204595,949.8919705167316,0.5184408959361486,0.005674000058389861
case_001,4.53,5.179970498436627,14.972695312674231,2.0,0.5666691020062581,0.34596111501912263,330.87597680459766,401.9911278753308,True,451.35684698489223,-1.9442962054367445,-0.00611000280153684,782.2328237894899,1.0506437267939657,0.005856994391288617,547.9008435206085,-1.4737576632192073,-0.006194096283636985,949.8919713959393,0.5184409015069831,0.00567400010594199
case_001,4.54,5.179970460032326,14.972695284538124,2.0,0.5666690972922317,0.3459611134665462,330.8759743961526,401.9911248989238,True,451.3568459544301,-1.944296199449495,-0.0061100028526754335,782.2328203505828,1.0506437287448054,0.0058569942406019315,547.9008473502437,-1.4737576606782508,-0.006194096138764593,949.8919722491675,0.5184409069132092,0.00567400015208902
case_001,4.55,5.179970422762818,14.972695257233388,2.0,0.5666690927174964,0.3459611119598455,330.8759720588727,401.9911220104626,True,451.35684495441836,-1.9442961936391607,-0.006110002902302902,782.2328170132911,1.050643730638003,0.005856994094367851,547.9008510667226,-1.4737576582123761,-0.006194095998172833,949.8919730771852,0.5184409121596919,0.005674000196872531
case_001,4.5600000000000005,5.179970386594551,14.972695230735459,2.0,0.566669088277936,0.3459611104976652,330.8759697906537,401.99111920735015,True,451.35684398395574,-1.9442961880005107,-0.006110002950463933,782.2328137746094,1.050643732475259,0.005856993952454703,547.9008546733862,-1.4737576558193637,-0.006194095861735305,949.8919738807364,0.5184409172511502,0.005674000240332766
case_001,4.57,5.179970351494987,14.972695205020493,2.0,0.5666690839695567,0.3459611090786897,330.8759675894588,401.99111648706594,True,451.356843042166,-1.9442961825284706,-0.006110002997201991,782.2328106316248,1.0506437342582275,0.005856993814734812,547.9008581734778,-1.4737576534970591,-0.00619409572932933,949.8919746605437,0.5184409221921649,0.0056740002825088065
case_001,4.58,5.179970317432551,14.97269518006536,2.0,0.5666690797884821,0.3459611077016423,330.875965453304,401.9911138471605,True,451.3568421282053,-1.94429617721812,-0.006110003042558987,782.2328075815093,1.0506437359885126,0.005856993681084277,547.9008615701488,-1.4737576512433754,-0.00619409560083567,949.8919754173093,0.518440926987182,0.005674000323438622
case_001,4.59,5.179970284376605,14.972695155847603,2.0,0.5666690757309508,0.3459611063652842,330.8759633802684,401.99111128526147,True,451.35684124125163,-1.9442961720646819,-0.0061100030865757216,782.23280462152,1.0506437376676707,0.005856993551382916,547.9008648664545,-1.4737576490562843,-0.00619409547613875,949.891976151716,0.5184409316405159,0.005674000363159126
case_001,4.6000000000000005,5.1799702522973865,14.972695132345438,2.0,0.566669071793312,0.345961105068413,330.87596136848856,401.99110879905993,True,451.35684038050306,-1.9442961670635168,-0.006110003129291941,782.2328017489916,1.0506437392972123,0.005856993425513934,547.9008680653577,-1.4737576469338154,-0.006194095355126494,949.8919768644176,0.51844093615635,0.005674000401705792
case_001,4.61,5.17997022116607,14.972695109537717,2.0,0.5666690679720235,0.345961103809862,330.8759594161531,401.99110638632226,True,451.35683954519055,-1.9442961622101276,-0.006110003170745892,782.2327989613436,1.050643740878606,0.005856993303364255,547.9008711697427,-1.4737576448740641,-0.006194095237689823,949.891977556065,0.5184409405387516,0.005674000439113647
case_001,4.62,5.179970190954616,14.972695087403926,2.0,0.5666690642636469,0.34596110258849894,330.8759575215051,401.99110404487465,True,451.3568387345585,-1.9442961575001474,-0.00611000321097499,782.2327962560636,1.050643742413271,0.0058569931848238,547.9008741823974,-1.4737576428751735,-0.006194095123723209,949.891978227272,0.51844094479166,0.005674000475416052
case_001,4.63,5.179970161635858,14.972695065924146,2.0,0.5666690606648462,0.34596110140322495,330.87595568283933,401.99110177261525,True,451.3568379478798,-1.9442961529293386,-0.006110003250015372,782.2327936307191,1.0506437439025886,0.005856993069785987,547.9008771060335,-1.4737576409353474,-0.0061940950131241235,949.8919788786487,0.5184409489189035,0.005674000510645871
case_001,4.64,5.179970133183415,14.972695045079057,2.0,0.5666690571723836,0.34596110025297355,330.87595389850327,401.99109956749464,True,451.3568371844462,-1.9442961484935894,-0.006110003287902177,782.2327910829495,1.0506437453479003,0.0058569929581473446,547.9008799432812,-1.473757639052839,-0.006194094905793035,949.8919795107759,0.5184409529241936,0.005674000544834634
case_001,4.65,5.179970105571691,14.972695024849898,2.0,0.5666690537831168,0.3459610991367101,330.8759521668929,401.99109742753274,True,451.3568364435694,-1.944296144188907,-0.006110003324669544,782.2327886104623,1.0506437467505063,0.005856992849807452,547.900882696693,-1.4737576372259553,-0.00619409480163341,949.8919801242257,0.5184409568111349,0.005674000578013205
case_001,4.66,5.17997007877584,14.972695005218478,2.0,0.5666690504939969,0.34596109805343017,330.8759504864466,401.9910953508015,True,451.3568357245841,-1.9442961400114207,-0.006110003360350502,782.2327862110307,1.0506437481116653,0.005856992744668721,547.9008853687471,-1.4737576354530526,-0.006194094700551489,949.8919807195487,0.5184409605832235,0.005674000610211394
case_001,4.67,5.179970052771764,14.972694986167127,2.0,0.5666690473020645,0.34596109700215916,330.8759488556561,401.9910933354354,True,451.3568350268453,-1.9442961359573732,-0.0061100033949770816,782.2327838825014,1.0506437494326082,0.005856992642636782,547.9008879618469,-1.4737576337325367,-0.006194094602456346,949.8919812972823,0.5184409642438548,0.005674000641458232
case_001,4.68,5.179970027536057,14.972694967678711,2.0,0.566669044204448,0.3459610959819513,330.8759472730517,401.9910913796183,True,451.35683434972134,-1.9442961320231138,-0.00611000342858059,782.232781622773,1.0506437507145172,0.005856992543619599,547.9008904783259,-1.4737576320628591,-0.0061940945072597176,949.8919818579442,0.5184409677963205,0.005674000671781754
case_001,4.69,5.179970003046019,14.972694949736594,2.0,0.5666690411983604,0.3459610949918888,330.87594573720935,401.99108948159176,True,451.35683369260573,-1.944296128205104,-0.006110003461191171,782.2327794298151,1.0506437519585474,0.0058569924475281865,547.9008929204456,-1.4737576304425162,-0.006194094414876061,949.8919824020373,0.5184409712438163,0.005674000701209214
case_001,4.7,5.179969979279619,14.972694932324634,2.0,0.566669038281097,0.34596109403108083,330.87594424675024,401.9910876396493,True,451.35683305490693,-1.9442961244999104,-0.006110003492838134,782.2327773016572,1.0506437531658204,0.005856992354276169,547.9008952904064,-1.473757628870052,-0.00619409432522211,949.8919829300557,0.5184409745894456,0.0056740007297672035
case_001,4.71,5.1799699562154755,14.972694915427164,2.0,0.5666690354500336,0.345961093098663,330.8759428003278,401.9910858521341,True,451.35683243605257,-1.9442961209041991,-0.006110003523549956,782.2327752363803,1.0506437543374196,0.0058569922637795035,547.9008975903381,-1.4737576273440507,-0.006194094238217318,949.8919834424722,0.5184409778362187,0.005674000757481368
case_001,4.72,5.179969933832837,14.972694899028985,2.0,0.5666690327026227,0.3459610921937964,330.87594139664816,401.9910841174358,True,451.3568318354829,-1.9442961174147342,-0.006110003553354337,782.2327732321311,1.0506437554744017,0.005856992175956921,547.9008998223127,-1.4737576258631404,-0.006194094153783303,949.8919839397485,0.5184409809870548,0.005674000784376632
case_001,4.73,5.179969912111561,14.972694883115343,2.0,0.566669030036393,0.3459610913156669,330.8759400344434,401.9910824339951,True,451.3568312526585,-1.944296114028375,-0.00611000358227809,782.2327712871019,1.0506437565777862,0.005856992090729263,547.9009019883341,-1.473757624425988,-0.006194094071844236,949.8919844223292,0.5184409840447891,0.005674000810477142
case_001,4.74,5.179969891032114,14.972694867671919,2.0,0.5666690274489454,0.3459610904634847,330.87593871249106,401.9910808002953,True,451.3568306870562,-1.9442961107420784,-0.006110003610347137,782.2327693995472,1.0506437576485699,0.005856992008020034,547.9009040903576,-1.4737576230313023,-0.006194093992326177,949.8919848906529,0.5184409870121738,0.005674000835806492
case_001,4.75,5.179969870575516,14.97269485268482,2.0,0.5666690249379525,0.3459610896364829,330.8759374295973,401.99107921487075,True,451.35683013816544,-1.9442961075528848,-0.006110003637586847,782.2327675677627,1.0506437586877113,0.0058569919277545734,547.9009061302654,-1.4737576216778252,-0.0061940939151579055,949.8919853451362,0.5184409898918767,0.005674000860387329
case_001,4.76,5.17996985072338,14.972694838140564,2.0,0.5666690225011548,0.34596108883391746,330.8759361846125,401.9910776762914,True,451.3568296054936,-1.944296104457928,-0.006110003664021646,782.2327657901061,1.050643759696149,0.005856991849860882,547.9009081099006,-1.4737576203643425,-0.006194093840269699,949.891985786192,0.51844099268649,0.005674000884241914
case_001,4.7700000000000005,5.1799698314578455,14.972694824026062,2.0,0.5666690201363603,0.3459610880550663,330.8759349764148,401.9910761831736,True,451.3568290885622,-1.9442961014544198,-0.006110003689675347,782.232764064977,1.0506437606747896,0.005856991774268849,547.9009100310409,-1.47375761908967,-0.006194093767594333,949.8919862142145,0.5184409953985272,0.005674000907391619
case_001,4.78,5.1799698127615645,14.972694810328617,2.0,0.5666690178414411,0.345961087299229,330.8759338039151,401.9910747341753,True,451.3568285869042,-1.9442960985396602,-0.006110003714571044,782.2327623908193,1.0506437616245115,0.005856991700910308,547.9009118954142,-1.4737576178526615,-0.006194093697066416,949.8919866295895,0.5184409980304284,0.005674000929857259
case_001,4.79,5.179969794617725,14.97269479703591,2.0,0.5666690156143326,0.34596108656572505,330.87593266606297,401.9910733279921,True,451.3568281000699,-1.9442960957110262,-0.006110003738731107,782.2327607661329,1.050643762546172,0.005856991629719477,547.9009137046991,-1.473757616652205,-0.0061940936286224435,949.8919870326912,0.5184410005845617,0.005674000951659097
case_001,4.8,5.179969777010007,14.972694784135976,2.0,0.5666690134530311,0.34596108585389485,330.8759315618319,401.9910719633615,True,451.3568276276206,-1.944296092965973,-0.006110003762177296,782.2327591894525,1.0506437634405994,0.005856991560632185,547.9009154605219,-1.4737576154872192,-0.0061940935622009086,949.8919874238834,0.5184410030632255,0.005674000972816784
case_001,4.8100000000000005,5.179969759922563,14.972694771617213,2.0,0.5666690113555921,0.34596108516309804,330.8759304902283,401.9910706390508,True,451.3568271691319,-1.9442960903020325,-0.006110003784930651,782.2327576593602,1.0506437643085986,0.0058569914935863165,547.9009171644641,-1.4737576143566573,-0.00619409349774197,949.8919878035149,0.5184410054686491,0.005674000993349249
case_001,4.82,5.179969743340016,14.972694759468354,2.0,0.5666690093201288,0.3459610844927131,330.8759294502897,401.9910693538716,True,451.35682672418835,-1.944296087716805,-0.006110003807011766,782.232756174478,1.0506437651509486,0.005856991428521474,547.9009188180584,-1.4737576132595014,-0.006194093435187675,949.8919881719299,0.5184410078029973,0.005674001013275032
case_001,4.83,5.179969727247458,14.972694747678476,2.0,0.5666690073448098,0.34596108384213664,330.8759284410788,401.99106810666694,True,451.35682629239295,-1.9442960852079672,-0.006110003828440402,782.2327547334718,1.0506437659684082,0.005856991365379205,547.9009204227907,-1.4737576121947638,-0.0061940933744817905,949.8919885294576,0.5184410100683682,0.005674001032612008
case_001,4.84,5.179969711630414,14.972694736236962,2.0,0.5666690054278578,0.34596108321078367,330.87592746168696,401.99106689631583,True,451.35682587335896,-1.944296082773262,-0.006110003849235768,782.2327533350459,1.0506437667617154,0.005856991304102721,547.900921980108,-1.4737576111614883,-0.006194093315569582,949.8919888764239,0.5184410122668037,0.0056740010513777195
case_001,4.8500000000000005,5.17996969647481,14.972694725133527,2.0,0.5666690035675482,0.3459610825980859,330.87592651123686,401.99106572172775,True,451.3568254667031,-1.944296080410496,-0.006110003869416791,782.23275197794,1.0506437675315805,0.005856991244636789,547.9009234914071,-1.4737576101587428,-0.006194093258398203,949.8919892131348,0.5184410144002776,0.005674001069588819
case_001,4.86,5.179969681767049,14.972694714358179,2.0,0.5666690017622074,0.3459610820034923,330.8759255888685,401.9910645818461,True,451.3568250720677,-1.9442960781175476,-0.0061100038890013475,782.2327506609362,1.050643768278699,0.005856991186928062,547.9009249580532,-1.4737576091856286,-0.006194093202916029,949.8919895398993,0.5184410164707128,0.005674001087261904
case_001,4.87,5.179969667493856,14.97269470390122,2.0,0.5666690000102113,0.34596108142646786,330.87592469375596,401.99106347564646,True,451.3568246890887,-1.9442960758923495,-0.0061100039080073665,782.2327493828446,1.0506437690037396,0.005856991130924416,547.9009263813605,-1.4737576082412671,-0.006194093149073321,949.8919898570069,0.518441018479969,0.00567400110441274
case_001,4.88,5.179969653642413,14.972694693753247,2.0,0.5666689983099835,0.34596108086649346,330.87592382509155,401.99106240213166,True,451.3568243174279,-1.9442960737329036,-0.006110003926451724,782.2327481425194,1.0506437697073572,0.005856991076575613,547.9009277626118,-1.47375760732481,-0.006194093096821562,949.8919901647434,0.518441020429855,0.00567400112105676
case_001,4.89,5.1799696402002535,14.972694683905129,2.0,0.566668996659994,0.3459610803230653,330.87592298209466,401.99106136033936,True,451.356823956748,-1.9442960716372644,-0.006110003944351128,782.2327469388426,1.0506437703901839,0.005856991023832692,547.9009291030485,-1.4737576064354316,-0.006194093046113791,949.8919904633879,0.5184410223221262,0.005674001137209006
case_001,4.9,5.179969627155296,14.972694674348002,2.0,0.5666689950587589,0.3459610797956944,330.87592216400554,401.99106034932913,True,451.3568236067271,-1.9442960696035485,-0.006110003961721566,782.2327457707327,1.0506437710528345,0.005856990972648246,547.9009304038814,-1.473757605572335,-0.00619409299690421,949.8919907532105,0.5184410241584857,0.005674001152884078
case_001,4.91,5.179969614495783,14.972694665073274,2.0,0.5666689935048373,0.3459610792839064,330.8759213700911,401.99105936819194,True,451.35682326704716,-1.9442960676299237,-0.006110003978578804,782.2327446371382,1.050643771695905,0.005856990922976202,547.900931666274,-1.4737576047347394,-0.0061940929491487995,949.891991034466,0.518441025940582,0.005674001168095855
case_001,4.92,5.179969602210342,14.972694656072594,2.0,0.5666689919968313,0.34596107878724075,330.8759205996351,401.9910584160459,True,451.35682293740473,-1.944296065714616,-0.00611000399493794,782.2327435370398,1.0506437723199735,0.005856990874771872,547.9009328913663,-1.4737576039218936,-0.006194092902804427,949.8919913074122,0.5184410276700215,0.005674001182858213
case_001,4.93,5.179969590287911,14.97269464733787,2.0,0.566668990533384,0.3459610783052507,330.8759198519452,401.99105749203454,True,451.35682261750225,-1.9442960638559026,-0.0061100040108136855,782.2327424694474,1.0506437729256026,0.005856990827991904,547.9009340802592,-1.4737576031330657,-0.0061940928578294585,949.8919915722937,0.518441029348359,0.005674001197184364
case_001,4.94,5.1799695787177615,14.97269463886124,2.0,0.5666689891131791,0.3459610778375026,330.87591912634787,401.99105659532586,True,451.3568223070529,-1.9442960620521115,-0.006110004026220306,782.2327414334007,1.050643773513337,0.005856990782594218,547.9009352340217,-1.4737576023675467,-0.006194092814183427,949.8919918293476,0.5184410309771048,0.005674001211087187
case_001,4.95,5.179969567489498,14.97269463063508,2.0,0.5666689877349386,0.34596107738357557,330.8759184221902,401.99105572511303,True,451.35682200577725,-1.9442960603016193,-0.006110004041171679,782.2327404279674,1.0506437740837051,0.005856990738537959,547.9009363536937,-1.473757601624647,-0.006194092771827031,949.8919920788068,0.5184410325577242,0.005674001224579228
case_001,4.96,5.179969556593003,14.972694622651987,2.0,0.5666689863974226,0.3459610769430613,330.8759177388395,401.9910548806133,True,451.3568217134028,-1.94429605860285,-0.006110004055681295,782.2327394522423,1.0506437746372184,0.005856990695783437,547.9009374402813,-1.4737576009036992,-0.006194092730722189,949.8919923208946,0.518441034091639,0.005674001237672588
case_001,4.97,5.179969546018477,14.972694614904782,2.0,0.5666689850994278,0.3459610765155633,330.8759170756802,401.99105406106753,True,451.3568214296674,-1.9442960569542758,-0.006110004069762198,782.2327385053476,1.0506437751743765,0.005856990654292238,547.9009384947602,-1.4737576002040533,-0.006194092690831987,949.8919925558278,0.5184410355802291,0.005674001250379035
case_001,4.98,5.179969535756419,14.972694607386492,2.0,0.5666689838397861,0.34596107610069715,330.8759164321159,401.9910532657369,True,451.3568211543169,-1.944296055354415,-0.00611000408342699,782.2327375864328,1.0506437756956635,0.005856990614027058,547.9009395180838,-1.473757599525081,-0.006194092652120398,949.8919927838207,0.5184410370248345,0.00567400126271006
case_001,4.99,5.179969525797575,14.972694600090353,2.0,0.5666689826173646,0.34596107569808965,330.8759158075677,401.99105249390834,True,451.3568208871013,-1.9442960538018266,-0.006110004096688049,782.232736694669,1.0506437762015461,0.005856990574951593,547.9009405111678,-1.4737575988661702,-0.006194092614552726,949.8919930050762,0.5184410384267546,0.00567400127467671
case_001,5.0,5.179969516133003,14.972694593009802,2.0,0.5666689814310636,0.3459610753073784,330.8759152014757,401.99105174488545,True,451.3568206277817,-1.9442960522951147,-0.006110004109557254,782.2327358292574,1.050643776692483,0.005856990537030815,547.9009414749097,-1.4737575982267301,-0.006194092578095056,949.8919932197952,0.5184410397872505,0.005674001286289809
