case,time_s,ay_mps2,speed_mps,steer_deg,roll_deg,yaw_rate_radps,front_right_minus_left_n,rear_right_minus_left_n,tire_domain_valid,Fz_FL,camber_FL_deg,jounce_FL_m,Fz_FR,camber_FR_deg,jounce_FR_m,Fz_RL,camber_RL_deg,jounce_RL_m,Fz_RR,camber_RR_deg,jounce_RR_m
case_002,0.0,0.0,15.0,0.0,0.0,0.0,0.0,0.0,True,620.0333548387097,-1.5000000000000002,-0.0,620.0333548387097,1.5000000000000002,-0.0,752.8976451612901,-1.0,-0.0,752.8976451612901,1.0,-0.0
case_002,0.01,0.0,15.0,0.0,0.0,0.0,0.0,0.0,True,620.0333548387097,-1.5000000000000002,-0.0,620.0333548387097,1.5000000000000002,-0.0,752.8976451612901,-1.0,-0.0,752.8976451612901,1.0,-0.0
case_002,0.02,0.0,15.0,0.0,0.0,0.0,0.0,0.0,True,620.0333548387097,-1.5000000000000002,-0.0,620.0333548387097,1.5000000000000002,-0.0,752.8976451612901,-1.0,-0.0,752.8976451612901,1.0,-0.0
case_002,0.03,0.0,15.0,0.0,0.0,0.0,0.0,0.0,True,620.0333548387097,-1.5000000000000002,-0.0,620.0333548387097,1.5000000000000002,-0.0,752.8976451612901,-1.0,-0.0,752.8976451612901,1.0,-0.0
case_002,0.04,0.0,15.0,0.0,0.0,0.0,0.0,0.0,True,620.0333548387097,-1.5000000000000002,-0.0,620.0333548387097,1.5000000000000002,-0.0,752.8976451612901,-1.0,-0.0,752.8976451612901,1.0,-0.0
case_002,0.05,0.0,15.0,0.0,0.0,0.0,0.0,0.0,True,620.0333548387097,-1.5000000000000002,-0.0,620.0333548387097,1.5000000000000002,-0.0,752.8976451612901,-1.0,-0.0,752.8976451612901,1.0,-0.0
case_002,0.06,0.0,15.0,0.0,0.0,0.0,0.0,0.0,True,620.0333548387097,-1.5000000000000002,-0.0,620.0333548387097,1.5000000000000002,-0.0,752.8976451612901,-1.0,-0.0,752.8976451612901,1.0,-0.0
case_002,0.07,0.0,15.0,0.0,0.0,0.0,0.0,0.0,True,620.0333548387097,-1.5000000000000002,-0.0,620.0333548387097,1.5000000000000002,-0.0,752.8976451612901,-1.0,-0.0,752.8976451612901,1.0,-0.0
case_002,0.08,0.0,15.0,0.0,0.0,0.0,0.0,0.0,True,620.0333548387097,-1.5000000000000002,-0.0,620.0333548387097,1.5000000000000002,-0.0,752.8976451612901,-1.0,-0.0,752.8976451612901,1.0,-0.0
case_002,0.09,0.0,15.0,0.0,0.0,0.0,0.0,0.0,True,620.0333548387097,-1.5000000000000002,-0.0,620.0333548387097,1.5000000000000002,-0.0,752.8976451612901,-1.0,-0.0,752.8976451612901,1.0,-0.0
case_002,0.1,0.0,15.0,0.0,0.0,0.0,0.0,0.0,True,620.0333548387097,-1.5000000000000002,-0.0,620.0333548387097,1.5000000000000002,-0.0,752.8976451612901,-1.0,-0.0,752.8976451612901,1.0,-0.0
case_002,0.11,0.0,15.0,0.0,0.0,0.0,0.0,0.0,True,620.0333548387097,-1.5000000000000002,-0.0,620.0333548387097,1.5000000000000002,-0.0,752.8976451612901,-1.0,-0.0,752.8976451612901,1.0,-0.0
case_002,0.12,0.0,15.0,0.0,0.0,0.0,0.0,0.0,True,620.0333548387097,-1.5000000000000002,-0.0,620.0333548387097,1.5000000000000002,-0.0,752.8976451612901,-1.0,-0.0,752.8976451612901,1.0,-0.0
case_002,0.13,0.0,15.0,0.0,0.0,0.0,0.0,0.0,True,620.0333548387097,-1.5000000000000002,-0.0,620.0333548387097,1.5000000000000002,-0.0,752.8976451612901,-1.0,-0.0,752.8976451612901,1.0,-0.0
case_002,0.14,0.0,15.0,0.0,0.0,0.0,0.0,0.0,True,620.0333548387097,-1.5000000000000002,-0.0,620.0333548387097,1.5000000000000002,-0.0,752.8976451612901,-1.0,-0.0,752.8976451612901,1.0,-0.0
case_002,0.15,0.0,15.0,0.0,0.0,0.0,0.0,0.0,True,620.0333548387097,-1.5000000000000002,-0.0,620.0333548387097,1.5000000000000002,-0.0,752.8976451612901,-1.0,-0.0,752.8976451612901,1.0,-0.0
case_002,0.16,0.0,15.0,0.0,0.0,0.0,0.0,0.0,True,620.0333548387097,-1.5000000000000002,-0.0,620.0333548387097,1.5000000000000002,-0.0,752.8976451612901,-1.0,-0.0,752.8976451612901,1.0,-0.0
case_002,0.17,0.0,15.0,0.0,0.0,0.0,0.0,0.0,True,620.0333548387097,-1.5000000000000002,-0.0,620.0333548387097,1.5000000000000002,-0.0,752.8976451612901,-1.0,-0.0,752.8976451612901,1.0,-0.0
case_002,0.18,0.0,15.0,0.0,0.0,0.0,0.0,0.0,True,620.0333548387097,-1.5000000000000002,-0.0,620.0333548387097,1.5000000000000002,-0.0,752.8976451612901,-1.0,-0.0,752.8976451612901,1.0,-0.0
case_002,0.19,0.0,15.0,0.0,0.0,0.0,0.0,0.0,True,620.0333548387097,-1.5000000000000002,-0.0,620.0333548387097,1.5000000000000002,-0.0,752.8976451612901,-1.0,-0.0,752.8976451612901,1.0,-0.0
case_002,0.2,0.0,15.0,0.0,0.0,0.0,0.0,0.0,True,620.0333548387097,-1.5000000000000002,-0.0,620.0333548387097,1.5000000000000002,-0.0,752.8976451612901,-1.0,-0.0,752.8976451612901,1.0,-0.0
case_002,0.21,0.0,15.0,0.0,0.0,0.0,0.0,0.0,True,620.0333548387097,-1.5000000000000002,-0.0,620.0333548387097,1.5000000000000002,-0.0,752.8976451612901,-1.0,-0.0,752.8976451612901,1.0,-0.0
case_002,0.22,0.0,15.0,0.0,0.0,0.0,0.0,0.0,True,620.0333548387097,-1.5000000000000002,-0.0,620.0333548387097,1.5000000000000002,-0.0,752.8976451612901,-1.0,-0.0,752.8976451612901,1.0,-0.0
case_002,0.23,0.0,15.0,0.0,0.0,0.0,0.0,0.0,True,620.0333548387097,-1.5000000000000002,-0.0,620.0333548387097,1.5000000000000002,-0.0,752.8976451612901,-1.0,-0.0,752.8976451612901,1.0,-0.0
case_002,0.24,0.0,15.0,0.0,0.0,0.0,0.0,0.0,True,620.0333548387097,-1.5000000000000002,-0.0,620.0333548387097,1.5000000000000002,-0.0,752.8976451612901,-1.0,-0.0,752.8976451612901,1.0,-0.0
case_002,0.25,0.0,15.0,0.0,0.0,0.0,0.0,0.0,True,620.0333548387097,-1.5000000000000002,-0.0,620.0333548387097,1.5000000000000002,-0.0,752.8976451612901,-1.0,-0.0,752.8976451612901,1.0,-0.0
case_002,0.26,0.0,15.0,0.0,0.0,0.0,0.0,0.0,True,620.0333548387097,-1.5000000000000002,-0.0,620.0333548387097,1.5000000000000002,-0.0,752.8976451612901,-1.0,-0.0,752.8976451612901,1.0,-0.0
case_002,0.27,0.0,15.0,0.0,0.0,0.0,0.0,0.0,True,620.0333548387097,-1.5000000000000002,-0.0,620.0333548387097,1.5000000000000002,-0.0,752.8976451612901,-1.0,-0.0,752.8976451612901,1.0,-0.0
case_002,0.28,0.0,15.0,0.0,0.0,0.0,0.0,0.0,True,620.0333548387097,-1.5000000000000002,-0.0,620.0333548387097,1.5000000000000002,-0.0,752.8976451612901,-1.0,-0.0,752.8976451612901,1.0,-0.0
case_002,0.29,0.0,15.0,0.0,0.0,0.0,0.0,0.0,True,620.0333548387097,-1.5000000000000002,-0.0,620.0333548387097,1.5000000000000002,-0.0,752.8976451612901,-1.0,-0.0,752.8976451612901,1.0,-0.0
case_002,0.3,0.0,15.0,0.0,0.0,0.0,0.0,0.0,True,620.0333548387097,-1.5000000000000002,-0.0,620.0333548387097,1.5000000000000002,-0.0,752.8976451612901,-1.0,-0.0,752.8976451612901,1.0,-0.0
case_002,0.31,0.0,15.0,0.0,0.0,0.0,0.0,0.0,True,620.0333548387097,-1.5000000000000002,-0.0,620.0333548387097,1.5000000000000002,-0.0,752.8976451612901,-1.0,-0.0,752.8976451612901,1.0,-0.0
case_002,0.32,0.0,15.0,0.0,0.0,0.0,0.0,0.0,True,620.0333548387097,-1.5000000000000002,-0.0,620.0333548387097,1.5000000000000002,-0.0,752.8976451612901,-1.0,-0.0,752.8976451612901,1.0,-0.0
case_002,0.33,0.0,15.0,0.0,0.0,0.0,0.0,0.0,True,620.0333548387097,-1.5000000000000002,-0.0,620.0333548387097,1.5000000000000002,-0.0,752.8976451612901,-1.0,-0.0,752.8976451612901,1.0,-0.0
case_002,0.34,0.0,15.0,0.0,0.0,0.0,0.0,0.0,True,620.0333548387097,-1.5000000000000002,-0.0,620.0333548387097,1.5000000000000002,-0.0,752.8976451612901,-1.0,-0.0,752.8976451612901,1.0,-0.0
case_002,0.35000000000000003,0.0,15.0,0.0,0.0,0.0,0.0,0.0,True,620.0333548387097,-1.5000000000000002,-0.0,620.0333548387097,1.5000000000000002,-0.0,752.8976451612901,-1.0,-0.0,752.8976451612901,1.0,-0.0
case_002,0.36,0.0,15.0,0.0,0.0,0.0,0.0,0.0,True,620.0333548387097,-1.5000000000000002,-0.0,620.0333548387097,1.5000000000000002,-0.0,752.8976451612901,-1.0,-0.0,752.8976451612901,1.0,-0.0
case_002,0.37,0.0,15.0,0.0,0.0,0.0,0.0,0.0,True,620.0333548387097,-1.5000000000000002,-0.0,620.0333548387097,1.5000000000000002,-0.0,752.8976451612901,-1.0,-0.0,752.8976451612901,1.0,-0.0
case_002,0.38,0.0,15.0,0.0,0.0,0.0,0.0,0.0,True,620.0333548387097,-1.5000000000000002,-0.0,620.0333548387097,1.5000000000000002,-0.0,752.8976451612901,-1.0,-0.0,752.8976451612901,1.0,-0.0
case_002,0.39,0.0,15.0,0.0,0.0,0.0,0.0,0.0,True,620.0333548387097,-1.5000000000000002,-0.0,620.0333548387097,1.5000000000000002,-0.0,752.8976451612901,-1.0,-0.0,752.8976451612901,1.0,-0.0
case_002,0.4,0.0,15.0,0.0,0.0,0.0,0.0,0.0,True,620.0333548387097,-1.5000000000000002,-0.0,620.0333548387097,1.5000000000000002,-0.0,752.8976451612901,-1.0,-0.0,752.8976451612901,1.0,-0.0
case_002,0.41000000000000003,0.0,15.0,0.0,0.0,0.0,0.0,0.0,True,620.0333548387097,-1.5000000000000002,-0.0,620.0333548387097,1.5000000000000002,-0.0,752.8976451612901,-1.0,-0.0,752.8976451612901,1.0,-0.0
case_002,0.42,0.0,15.0,0.0,0.0,0.0,0.0,0.0,True,620.0333548387097,-1.5000000000000002,-0.0,620.0333548387097,1.5000000000000002,-0.0,752.8976451612901,-1.0,-0.0,752.8976451612901,1.0,-0.0
case_002,0.43,0.0,15.0,0.0,0.0,0.0,0.0,0.0,True,620.0333548387097,-1.5000000000000002,-0.0,620.0333548387097,1.5000000000000002,-0.0,752.8976451612901,-1.0,-0.0,752.8976451612901,1.0,-0.0
case_002,0.44,0.0,15.0,0.0,0.0,0.0,0.0,0.0,True,620.0333548387097,-1.5000000000000002,-0.0,620.0333548387097,1.5000000000000002,-0.0,752.8976451612901,-1.0,-0.0,752.8976451612901,1.0,-0.0
case_002,0.45,0.0,15.0,0.0,0.0,0.0,0.0,0.0,True,620.0333548387097,-1.5000000000000002,-0.0,620.0333548387097,1.5000000000000002,-0.0,752.8976451612901,-1.0,-0.0,752.8976451612901,1.0,-0.0
case_002,0.46,0.0,15.0,0.0,0.0,0.0,0.0,0.0,True,620.0333548387097,-1.5000000000000002,-0.0,620.0333548387097,1.5000000000000002,-0.0,752.8976451612901,-1.0,-0.0,752.8976451612901,1.0,-0.0
case_002,0.47000000000000003,0.0,15.0,0.0,0.0,0.0,0.0,0.0,True,620.0333548387097,-1.5000000000000002,-0.0,620.0333548387097,1.5000000000000002,-0.0,752.8976451612901,-1.0,-0.0,752.8976451612901,1.0,-0.0
case_002,0.48,0.0,15.0,0.0,0.0,0.0,0.0,0.0,True,620.0333548387097,-1.5000000000000002,-0.0,620.0333548387097,1.5000000000000002,-0.0,752.8976451612901,-1.0,-0.0,752.8976451612901,1.0,-0.0
case_002,0.49,0.0,15.0,0.0,0.0,0.0,0.0,0.0,True,620.0333548387097,-1.5000000000000002,-0.0,620.0333548387097,1.5000000000000002,-0.0,752.8976451612901,-1.0,-0.0,752.8976451612901,1.0,-0.0
case_002,0.5,0.0,15.0,0.0,0.0,0.0,0.0,0.0,True,620.0333548387097,-1.5000000000000002,-0.0,620.0333548387097,1.5000000000000002,-0.0,752.8976451612901,-1.0,-0.0,752.8976451612901,1.0,-0.0
case_002,0.51,0.0,15.0,0.0,0.0,0.0,0.0,0.0,True,620.0333548387097,-1.5000000000000002,-0.0,620.0333548387097,1.5000000000000002,-0.0,752.8976451612901,-1.0,-0.0,752.8976451612901,1.0,-0.0
case_002,0.52,0.0,15.0,0.0,0.0,0.0,0.0,0.0,True,620.0333548387097,-1.5000000000000002,-0.0,620.0333548387097,1.5000000000000002,-0.0,752.8976451612901,-1.0,-0.0,752.8976451612901,1.0,-0.0
case_002,0.53,0.0,15.0,0.0,0.0,0.0,0.0,0.0,True,620.0333548387097,-1.5000000000000002,-0.0,620.0333548387097,1.5000000000000002,-0.0,752.8976451612901,-1.0,-0.0,752.8976451612901,1.0,-0.0
case_002,0.54,0.0,15.0,0.0,0.0,0.0,0.0,0.0,True,620.0333548387097,-1.5000000000000002,-0.0,620.0333548387097,1.5000000000000002,-0.0,752.8976451612901,-1.0,-0.0,752.8976451612901,1.0,-0.0
case_002,0.55,0.0,15.0,0.0,0.0,0.0,0.0,0.0,True,620.0333548387097,-1.5000000000000002,-0.0,620.0333548387097,1.5000000000000002,-0.0,752.8976451612901,-1.0,-0.0,752.8976451612901,1.0,-0.0
case_002,0.56,0.0,15.0,0.0,0.0,0.0,0.0,0.0,True,620.0333548387097,-1.5000000000000002,-0.0,620.0333548387097,1.5000000000000002,-0.0,752.8976451612901,-1.0,-0.0,752.8976451612901,1.0,-0.0
case_002,0.5700000000000001,0.0,15.0,0.0,0.0,0.0,0.0,0.0,True,620.0333548387097,-1.5000000000000002,-0.0,620.0333548387097,1.5000000000000002,-0.0,752.8976451612901,-1.0,-0.0,752.8976451612901,1.0,-0.0
case_002,0.58,0.0,15.0,0.0,0.0,0.0,0.0,0.0,True,620.0333548387097,-1.5000000000000002,-0.0,620.0333548387097,1.5000000000000002,-0.0,752.8976451612901,-1.0,-0.0,752.8976451612901,1.0,-0.0
case_002,0.59,0.0,15.0,0.0,0.0,0.0,0.0,0.0,True,620.0333548387097,-1.5000000000000002,-0.0,620.0333548387097,1.5000000000000002,-0.0,752.8976451612901,-1.0,-0.0,752.8976451612901,1.0,-0.0
case_002,0.6,0.0,15.0,0.0,0.0,0.0,0.0,0.0,True,620.0333548387097,-1.5000000000000002,-0.0,620.0333548387097,1.5000000000000002,-0.0,752.8976451612901,-1.0,-0.0,752.8976451612901,1.0,-0.0
case_002,0.61,0.0,15.0,0.0,0.0,0.0,0.0,0.0,True,620.0333548387097,-1.5000000000000002,-0.0,620.0333548387097,1.5000000000000002,-0.0,752.8976451612901,-1.0,-0.0,752.8976451612901,1.0,-0.0
case_002,0.62,0.0,15.0,0.0,0.0,0.0,0.0,0.0,True,620.0333548387097,-1.5000000000000002,-0.0,620.0333548387097,1.5000000000000002,-0.0,752.8976451612901,-1.0,-0.0,752.8976451612901,1.0,-0.0
case_002,0.63,0.0,15.0,0.0,0.0,0.0,0.0,0.0,True,620.0333548387097,-1.5000000000000002,-0.0,620.0333548387097,1.5000000000000002,-0.0,752.8976451612901,-1.0,-0.0,752.8976451612901,1.0,-0.0
case_002,0.64,0.0,15.0,0.0,0.0,0.0,0.0,0.0,True,620.0333548387097,-1.5000000000000002,-0.0,620.0333548387097,1.5000000000000002,-0.0,752.8976451612901,-1.0,-0.0,752.8976451612901,1.0,-0.0
case_002,0.65,0.0,15.0,0.0,0.0,0.0,0.0,0.0,True,620.0333548387097,-1.5000000000000002,-0.0,620.0333548387097,1.5000000000000002,-0.0,752.8976451612901,-1.0,-0.0,752.8976451612901,1.0,-0.0
case_002,0.66,0.0,15.0,0.0,0.0,0.0,0.0,0.0,True,620.0333548387097,-1.5000000000000002,-0.0,620.0333548387097,1.5000000000000002,-0.0,752.8976451612901,-1.0,-0.0,752.8976451612901,1.0,-0.0
case_002,0.67,0.0,15.0,0.0,0.0,0.0,0.0,0.0,True,620.0333548387097,-1.5000000000000002,-0.0,620.0333548387097,1.5000000000000002,-0.0,752.8976451612901,-1.0,-0.0,752.8976451612901,1.0,-0.0
case_002,0.68,0.0,15.0,0.0,0.0,0.0,0.0,0.0,True,620.0333548387097,-1.5000000000000002,-0.0,620.0333548387097,1.5000000000000002,-0.0,752.8976451612901,-1.0,-0.0,752.8976451612901,1.0,-0.0
case_002,0.6900000000000001,0.0,15.0,0.0,0.0,0.0,0.0,0.0,True,620.0333548387097,-1.5000000000000002,-0.0,620.0333548387097,1.5000000000000002,-0.0,752.8976451612901,-1.0,-0.0,752.8976451612901,1.0,-0.0
case_002,0.7000000000000001,0.0,15.0,0.0,0.0,0.0,0.0,0.0,True,620.0333548387097,-1.5000000000000002,-0.0,620.0333548387097,1.5000000000000002,-0.0,752.8976451612901,-1.0,-0.0,752.8976451612901,1.0,-0.0
case_002,0.71,0.0,15.0,0.0,0.0,0.0,0.0,0.0,True,620.0333548387097,-1.5000000000000002,-0.0,620.0333548387097,1.5000000000000002,-0.0,752.8976451612901,-1.0,-0.0,752.8976451612901,1.0,-0.0
case_002,0.72,0.0,15.0,0.0,0.0,0.0,0.0,0.0,True,620.0333548387097,-1.5000000000000002,-0.0,620.0333548387097,1.5000000000000002,-0.0,752.8976451612901,-1.0,-0.0,752.8976451612901,1.0,-0.0
case_002,0.73,0.0,15.0,0.0,0.0,0.0,0.0,0.0,True,620.0333548387097,-1.5000000000000002,-0.0,620.0333548387097,1.5000000000000002,-0.0,752.8976451612901,-1.0,-0.0,752.8976451612901,1.0,-0.0
case_002,0.74,0.0,15.0,0.0,0.0,0.0,0.0,0.0,True,620.0333548387097,-1.5000000000000002,-0.0,620.0333548387097,1.5000000000000002,-0.0,752.8976451612901,-1.0,-0.0,752.8976451612901,1.0,-0.0
case_002,0.75,0.0,15.0,0.0,0.0,0.0,0.0,0.0,True,620.0333548387097,-1.5000000000000002,-0.0,620.0333548387097,1.5000000000000002,-0.0,752.8976451612901,-1.0,-0.0,752.8976451612901,1.0,-0.0
case_002,0.76,0.0,15.0,0.0,0.0,0.0,0.0,0.0,True,620.0333548387097,-1.5000000000000002,-0.0,620.0333548387097,1.5000000000000002,-0.0,752.8976451612901,-1.0,-0.0,752.8976451612901,1.0,-0.0
case_002,0.77,0.0,15.0,0.0,0.0,0.0,0.0,0.0,True,620.0333548387097,-1.5000000000000002,-0.0,620.0333548387097,1.5000000000000002,-0.0,752.8976451612901,-1.0,-0.0,752.8976451612901,1.0,-0.0
case_002,0.78,0.0,15.0,0.0,0.0,0.0,0.0,0.0,True,620.0333548387097,-1.5000000000000002,-0.0,620.0333548387097,1.5000000000000002,-0.0,752.8976451612901,-1.0,-0.0,752.8976451612901,1.0,-0.0
case_002,0.79,0.0,15.0,0.0,0.0,0.0,0.0,0.0,True,620.0333548387097,-1.5000000000000002,-0.0,620.0333548387097,1.5000000000000002,-0.0,752.8976451612901,-1.0,-0.0,752.8976451612901,1.0,-0.0
case_002,0.8,0.0,15.0,0.0,0.0,0.0,0.0,0.0,True,620.0333548387097,-1.5000000000000002,-0.0,620.0333548387097,1.5000000000000002,-0.0,752.8976451612901,-1.0,-0.0,752.8976451612901,1.0,-0.0
case_002,0.81,0.0,15.0,0.0,0.0,0.0,0.0,0.0,True,620.0333548387097,-1.5000000000000002,-0.0,620.0333548387097,1.5000000000000002,-0.0,752.8976451612901,-1.0,-0.0,752.8976451612901,1.0,-0.0
case_002,0.8200000000000001,0.0,15.0,0.0,0.0,0.0,0.0,0.0,True,620.0333548387097,-1.5000000000000002,-0.0,620.0333548387097,1.5000000000000002,-0.0,752.8976451612901,-1.0,-0.0,752.8976451612901,1.0,-0.0
case_002,0.8300000000000001,0.0,15.0,0.0,0.0,0.0,0.0,0.0,True,620.0333548387097,-1.5000000000000002,-0.0,620.0333548387097,1.5000000000000002,-0.0,752.8976451612901,-1.0,-0.0,752.8976451612901,1.0,-0.0
case_002,0.84,0.0,15.0,0.0,0.0,0.0,0.0,0.0,True,620.0333548387097,-1.5000000000000002,-0.0,620.0333548387097,1.5000000000000002,-0.0,752.8976451612901,-1.0,-0.0,752.8976451612901,1.0,-0.0
case_002,0.85,0.0,15.0,0.0,0.0,0.0,0.0,0.0,True,620.0333548387097,-1.5000000000000002,-0.0,620.0333548387097,1.5000000000000002,-0.0,752.8976451612901,-1.0,-0.0,752.8976451612901,1.0,-0.0
case_002,0.86,0.0,15.0,0.0,0.0,0.0,0.0,0.0,True,620.0333548387097,-1.5000000000000002,-0.0,620.0333548387097,1.5000000000000002,-0.0,752.8976451612901,-1.0,-0.0,752.8976451612901,1.0,-0.0
case_002,0.87,0.0,15.0,0.0,0.0,0.0,0.0,0.0,True,620.0333548387097,-1.5000000000000002,-0.0,620.0333548387097,1.5000000000000002,-0.0,752.8976451612901,-1.0,-0.0,752.8976451612901,1.0,-0.0
case_002,0.88,0.0,15.0,0.0,0.0,0.0,0.0,0.0,True,620.0333548387097,-1.5000000000000002,-0.0,620.0333548387097,1.5000000000000002,-0.0,752.8976451612901,-1.0,-0.0,752.8976451612901,1.0,-0.0
case_002,0.89,0.0,15.0,0.0,0.0,0.0,0.0,0.0,True,620.0333548387097,-1.5000000000000002,-0.0,620.0333548387097,1.5000000000000002,-0.0,752.8976451612901,-1.0,-0.0,752.8976451612901,1.0,-0.0
case_002,0.9,0.0,15.0,0.0,0.0,0.0,0.0,0.0,True,620.0333548387097,-1.5000000000000002,-0.0,620.0333548387097,1.5000000000000002,-0.0,752.8976451612901,-1.0,-0.0,752.8976451612901,1.0,-0.0
case_002,0.91,0.0,15.0,0.0,0.0,0.0,0.0,0.0,True,620.0333548387097,-1.5000000000000002,-0.0,620.0333548387097,1.5000000000000002,-0.0,752.8976451612901,-1.0,-0.0,752.8976451612901,1.0,-0.0
case_002,0.92,0.0,15.0,0.0,0.0,0.0,0.0,0.0,True,620.0333548387097,-1.5000000000000002,-0.0,620.0333548387097,1.5000000000000002,-0.0,752.8976451612901,-1.0,-0.0,752.8976451612901,1.0,-0.0
case_002,0.93,0.0,15.0,0.0,0.0,0.0,0.0,0.0,True,620.0333548387097,-1.5000000000000002,-0.0,620.0333548387097,1.5000000000000002,-0.0,752.8976451612901,-1.0,-0.0,752.8976451612901,1.0,-0.0
case_002,0.9400000000000001,0.0,15.0,0.0,0.0,0.0,0.0,0.0,True,620.0333548387097,-1.5000000000000002,-0.0,620.0333548387097,1.5000000000000002,-0.0,752.8976451612901,-1.0,-0.0,752.8976451612901,1.0,-0.0
case_002,0.9500000000000001,0.0,15.0,0.0,0.0,0.0,0.0,0.0,True,620.0333548387097,-1.5000000000000002,-0.0,620.0333548387097,1.5000000000000002,-0.0,752.8976451612901,-1.0,-0.0,752.8976451612901,1.0,-0.0
case_002,0.96,0.0,15.0,0.0,0.0,0.0,0.0,0.0,True,620.0333548387097,-1.5000000000000002,-0.0,620.0333548387097,1.5000000000000002,-0.0,752.8976451612901,-1.0,-0.0,752.8976451612901,1.0,-0.0
case_002,0.97,0.0,15.0,0.0,0.0,0.0,0.0,0.0,True,620.0333548387097,-1.5000000000000002,-0.0,620.0333548387097,1.5000000000000002,-0.0,752.8976451612901,-1.0,-0.0,752.8976451612901,1.0,-0.0
case_002,0.98,0.0,15.0,0.0,0.0,0.0,0.0,0.0,True,620.0333548387097,-1.5000000000000002,-0.0,620.0333548387097,1.5000000000000002,-0.0,752.8976451612901,-1.0,-0.0,752.8976451612901,1.0,-0.0
case_002,0.99,0.0,15.0,0.0,0.0,0.0,0.0,0.0,True,620.0333548387097,-1.5000000000000002,-0.0,620.0333548387097,1.5000000000000002,-0.0,752.8976451612901,-1.0,-0.0,752.8976451612901,1.0,-0.0
case_002,1.0,6.170118642155654e-08,15.0,0.0,-4.62611350107495e-12,-5.1882142348013614e-09,-4.3482139062689384e-06,-5.8968872735931654e-06,True,620.033357012816,-1.499999999996351,4.884981308350689e-14,620.0333526646021,1.5000000000036493,-4.884981308350689e-14,752.8976481097344,-0.9999999999961009,4.846123502488808e-14,752.8976422128471,1.000000000003899,-4.846123502488808e-14
case_002,1.01,0.3224185677790599,14.999997621113716,0.13333333333333347,0.0008185305380911845,0.005768908480657378,11.552883419968225,6.232466344825525,True,614.276996752497,-1.5006457171002658,-8.640589079400574e-06,625.8298801724652,1.4993543818171582,8.645534950557643e-06,749.7799071543982,-1.000689895487484,-8.575670040478212e-06,756.0123734992237,0.9993099833638138,8.567593460351297e-06
case_002,1.02,0.5858328358469528,14.999984026879345,0.26666666666666694,0.005154697102652266,0.019362794430587426,28.339758182334208,20.22657342623029,True,605.9452426399886,-1.5040663648786743,-5.441436955788692e-05,634.2850008223228,1.495934248096787,5.4445018320248284e-05,742.7774723700397,-1.0043442702655956,-5.402845580382287e-05,763.00404579627,0.9956542719130239,5.393126771169321e-05
case_002,1.03,0.8396660927765349,14.999953023567,0.40000000000000036,0.01399136029489095,0.037196053231163415,47.4988548029138,38.100936416175614,True,596.457983709115,-1.5110363758199072,-0.00014773475628099275,643.9568385120288,1.4889637602301278,0.00014774155859659244,733.8334740110377,-1.0117906538397572,-0.00014671376367614286,771.9344104272133,0.9882034486779062,0.0001463205981859228
case_002,1.04,1.1022766877023742,14.999900010805002,0.5333333333333339,0.027184739695024527,0.05732975918448383,67.94863381108314,58.18644498507797,True,586.345914587682,-1.5214400395707472,-0.0002871828635295781,654.2945483987652,1.478554655261479,0.00028691760384130793,723.7836815537205,-1.0229067023915408,-0.00028520248690111494,781.9701265387985,0.9770775605326268,0.00028415334850800944
case_002,1.05,1.3788384893243353,14.999820417675073,0.6666666666666673,0.04425158017254613,0.07871228152648307,89.2679606740196,79.72246223083005,True,575.813238469163,-1.534892796714315,-0.0004678021765689433,665.0811991431826,1.4650856401876884,0.0004667240161206898,713.006346131851,-1.037283562179891,-0.00046453453284872603,792.7288083626811,0.9626824443706733,0.0004622683028766006
case_002,1.06,1.6692495524033917,14.999709298416311,0.8000000000000007,0.06465329765490586,0.10077118677644131,111.25497430906603,102.30853031177048,True,564.9562849552067,-1.550965769016097,-0.000684081093302924,676.2112592642727,1.448978574381443,0.0006812982457205519,701.6967359437064,-1.0544652267437413,-0.0006792047274195578,804.0052662554768,0.9454700596177369,0.0006748904848351556
case_002,1.07,1.9715387203317771,14.999561331130547,0.9333333333333342,0.0878845484743513,0.12319353394543661,133.76842426035296,125.68433776300378,True,553.8413964506481,-1.569255888813989,-0.0009308767036740329,687.609820711001,1.4306287979035301,0.0009251109948718583,689.9780356717366,-1.074023135579672,-0.0009240941929903324,815.6623734347404,0.9258637729894789,0.0009165547642452365
case_002,1.08,2.2832803494743668,14.999370938913202,1.0666666666666678,0.1134923001262712,0.14580733857870626,156.68016109517305,149.6474819066641,True,542.5280759947904,-1.5894011111916972,-0.001203609272482753,699.2082370899634,1.4103901949037918,0.0011931744787358478,677.9433255530345,-1.0955722845237044,-0.001194667706851893,827.5908074596986,0.9042423185867732,0.0011823079141913273
case_002,1.09,2.602145954228347,14.999132426848414,1.200000000000001,0.1410740925494813,0.16851748425212035,179.86723040447748,174.02613371989207,True,531.0728598276401,-1.6110791635342745,-0.001498239072909524,710.9400902321175,1.3885766364113952,0.001481028875947421,665.6699816743853,-1.1187698622520894,-0.0014869486865089487,839.6961153942774,0.880941365648468,0.001467697213183905
case_002,1.1,2.926091958741162,14.998840097373787,1.3333333333333346,0.1702724646855256,0.19127098920401464,203.21527720816948,198.67169276722075,True,519.5277936107519,-1.6340032525317814,-0.0018112032884706197,722.7430708189214,1.365466443339689,0.0017846877310003784,653.2239479721769,-1.143310694008711,-0.0017974513784737578,851.8956407393977,0.856258358315668,0.0017687215333983541
case_002,1.11,3.2533999671286864,14.998488334395464,1.4666666666666681,0.20077031004413276,0.21403811969117212,226.6231119016178,223.45746403991268,True,507.93842170028574,-1.657918499238553,-0.0021393626510295416,734.5615336019035,1.3413061244213045,0.0021005932422015205,640.6608733967755,-1.1689234858631596,-0.0021231216120914387,864.1183374366882,0.8304565898063146,0.0020817933233442942
case_002,1.12,3.582660902619746,14.998071657263214,1.6000000000000014,0.23228771575587384,0.23680207217014534,250.00552338468094,248.2782651132477,True,496.3426554707586,-1.6825995419163846,-0.0024799635819524046,746.3481788554395,1.3163129528310786,0.002425587376507665,628.0266679341486,-1.1953683202920018,-0.00246129303096726,876.3049330473963,0.8037680270050712,0.0024037161840344545
case_002,1.1300000000000001,3.9127404101706107,14.997584749383154,1.733333333333335,0.26457972698992127,0.25955329867090654,273.2940475646222,273.04944554627514,True,484.77062029396774,-1.7078488636405538,-0.002830610122933841,758.0646678585899,1.2906768172993222,0.0027568927367656038,615.3582430351482,-1.2224349207097254,-0.002809653752090191,888.4076885814234,0.7763953439811874,0.0027316713980249374
case_002,1.1400000000000001,4.242740184021426,14.997022467028085,1.8666666666666685,0.2974344195023237,0.28228635505723204,296.4361850910009,297.705130684614,True,473.2452144910284,-1.7334953534225241,-0.003189239406239941,769.6813995820293,1.2645618282524076,0.0030920963955747838,602.6845377336045,-1.2499411564741782,-0.0031662175353589506,900.3896684182185,0.7485136765038934,0.0030632064003250914
case_002,1.1500000000000001,4.571960072492902,14.996379832902253,2.0,0.3306708810018122,0.30499817566901277,319.3937078184827,322.19597054935196,True,461.7830549478702,-1.7593927817585415,-0.0035540967055291417,781.1767627663529,1.2381079877562413,0.0034291322211177366,590.0276999160465,-1.2777314465720828,-0.0035292956289400546,912.2236704653984,0.7202724289298932,0.0033962206619493895
case_002,1.16,4.6004587827391035,14.9957305883241,2.0,0.3633792114942986,0.3223161384756764,331.3804388635095,340.75631116796467,True,455.1341641307184,-1.784854622597419,-0.003915525713995727,786.5146029942279,1.2120037518359545,0.0037584408860585894,580.2525249235159,-1.3050378246430168,-0.0038894257906552654,921.0088360914806,0.6924375824776632,0.003721119597828393
case_002,1.17,4.684440399492278,14.995122656183085,2.0,0.39294362566440344,0.3321653584568736,338.335292546098,352.0193763871574,True,451.12260134859173,-1.8078103706168795,-0.004245208642072951,789.4578938946897,1.188347537850679,0.004053099958030826,574.0476634624365,-1.3296608873284295,-0.0042188492235583075,926.0670398495939,0.6672195490503509,0.0040108783137347
case_002,1.18,4.7788069262082296,14.994531463840785,2.0,0.4183923674039264,0.33780849567615023,343.05229502281594,359.6464531516442,True,448.303263766313,-1.827506794691364,-0.004532256969004889,791.355558789129,1.1679176977380468,0.004303476999710565,569.6232704624072,-1.350789035378325,-0.0045068888040329935,929.2697236140514,0.6454449711612471,0.004255822569899703
case_002,1.19,4.865890313948247,14.993947127991666,2.0,0.439839845982628,0.3410709515332173,346.5983299580393,365.22754725957475,True,446.1110124372295,-1.8440422716192364,-0.004777458307030136,792.7093423952688,1.1506326857536946,0.004511201187796132,566.2228539840783,-1.3685274583939924,-0.0047541591768940905,931.450401243653,0.6270261721018082,0.004457734536983227
case_002,1.2,4.940092313002513,14.993366769487526,2.0,0.45773134758128187,0.3429762471523294,349.3702441596484,369.472613739135,True,444.3331885683048,-1.8577735263304205,-0.004985205775670243,793.7034327279532,1.1361481345633095,0.004681283515933554,563.5221983507826,-1.3832611005696132,-0.00496468314134757,932.9948120899176,0.6115974196017756,0.00462191780900334
case_002,1.21,5.00082009505699,14.992790657518018,2.0,0.4725621955413125,0.34410073634731725,351.5292757961023,372.73109542097745,True,442.8865558941819,-1.8690957790519673,-0.005160464856242941,794.4158316902842,1.1240794176514217,0.004819219137445763,561.3690459077393,-1.3954171708412348,-0.005143001657611279,934.1001413287167,0.5987508886619723,0.004754205608856865
case_002,1.22,5.049350900168533,14.992220297139694,2.0,0.4847879940277044,0.3447708669063639,353.16651517426703,375.20890098006385,True,441.7291757873661,-1.8783727845951526,-0.005307791520510363,794.8956909616331,1.1140729758574925,0.004930073790921419,559.6755508434579,-1.405388792441653,-0.005293280120793609,934.8844518235218,0.5881116270696228,0.004859974733518901
case_002,1.23,5.087495898917247,14.991657507544625,2.0,0.49480562184534016,0.34517293353246803,354.35793870532615,377.0539065851227,True,440.8290673838995,-1.8859220944438497,-0.005431122136252631,795.1870060892256,1.1058214322435824,0.005018292556675852,558.3767598500222,-1.4135184854154645,-0.005419142447741165,935.4306664351449,0.579353079963104,0.004943913446072257
case_002,1.24,5.117064952775993,14.991104002702553,2.0,0.5029566773947269,0.3454142826222578,355.1776076294942,378.3869146631149,True,440.15519019924454,-1.8920176891256284,-0.0055338149453215135,795.3327978287388,1.0990607561528316,0.005087731157656927,557.4162819298913,-1.4201007718200795,-0.005523727060813943,935.8031965930062,0.5721938877825218,0.005010037669412659
case_002,1.25,5.139676779968621,14.990561223595396,2.0,0.509535638027715,0.3455575377742201,355.6972724866666,379.31150421227926,True,439.67626990383036,-1.8968961730568785,-0.0056187478775378,795.3735423904969,1.0935636024152442,0.00514173047627553,556.7423509327878,-1.4253889163648936,-0.005609781469098851,936.053855145067,0.5663908717939508,0.005061767311542453
case_002,1.26,5.156711577378563,14.99003029337423,2.0,0.5147972398994386,0.34563980605791517,355.983135511972,379.916664193457,True,439.361770261738,-1.9007623177614232,-0.005688409398867,795.34490577371,1.0891332514803922,0.005183181570024675,556.3073470491225,-1.4296011296197078,-0.005679740711376446,936.2240112425795,0.5617327962282398,0.005102002398268135
case_002,1.27,5.16931840833166,14.989512029817929,2.0,0.518962060091933,0.34568349410234445,356.0932699545658,380.2775662386597,True,439.18301618675684,-1.9037932201148489,-0.005744968535041417,795.2762861413227,1.0855990081427376,0.005214573543235401,556.0681301429709,-1.4329253397467736,-0.005735781382242622,936.3456963816305,0.5580357295811271,0.0051331859681145176
case_002,1.28,5.178440731025015,14.98900698177552,2.0,0.5222206374914835,0.34570243213479784,356.0764154960407,380.4562832401285,True,439.11392920807134,-1.90614137581622,-0.005790326092062759,795.190344704112,1.0828128199323255,0.005238029360282559,555.9863090100998,-1.435522788710364,-0.005779856609938849,936.4425922502284,0.5551396937846041,0.005157355408915987
case_002,1.29,5.184845675968982,14.988515472969084,2.0,0.5247366823669305,0.345705356423768,355.9719416134303,380.5028692735516,True,439.13135298664463,-1.90793711401963,-0.005826152377665095,795.103294600075,1.0806466893616822,0.0052553359105653175,556.0282563550458,-1.4375308961258528,-0.005813719104923065,936.5311256285974,0.5529061172931669,0.005176186635470759
case_002,1.3,5.189151829407717,14.988037645152716,2.0,0.5266498057358961,0.34569791546951434,355.81057106288966,380.45675388391123,True,439.2150844759345,-1.909290730401374,-0.005853916154003602,795.0256555388241,1.0789905356252718,0.00526797269916901,556.1649038832264,-1.439065739150446,-0.005838937791517895,936.6216577671377,0.5512157137469716,0.005191034624851654
case_002,1.31,5.1918540093584715,14.98757349706563,2.0,0.5280780185525966,0.3456838372951525,355.61550163935647,380.3482871830912,True,439.34773222354966,-1.910294505702768,-0.005874907977699795,794.9632338629061,1.0777502980784373,0.005277141287698572,556.3714033294425,-1.440224348159941,-0.005856911375266505,936.7196905125337,0.5499665644435401,0.005202972193723621
case_002,1.32,5.193344779274576,14.987122917823392,2.0,0.5291201141498402,0.3456656207994637,355.40366572437955,380.2002864119481,True,439.5144918924714,-1.9110246849114312,-0.005890259829122058,794.918157616851,1.0768461781746297,0.005283795979241335,556.6267287696661,-1.4410869051601614,-0.005868880611598626,936.8270151816142,0.549072300341915,0.0052128276281006025
case_002,1.33,5.193932929356282,14.986685714640954,2.0,0.5298579670856973,0.34564495636416115,355.1869660614963,380.0294831521486,True,439.70289529015355,-1.9115434277810348,-0.0059009621315813665,794.8898613516499,1.0762109791416306,0.005288675347168481,556.9132708367811,-1.441718866461926,-0.0058759400505847825,936.9427539889297,0.5484603492461606,0.0052212210853654906
case_002,1.34,5.193859237932628,14.986261635294383,2.0,0.5303587370915487,0.3456229892420991,354.97339836081676,379.8478134426283,True,439.9025634904798,-1.9119007071950023,-0.005907878746585993,794.8759618512966,1.075788538676941,0.0052923337831938255,557.2164514266958,-1.4421729950360522,-0.005879049476458564,937.0642648693241,0.5480702526442772,0.005228599313405691
case_002,1.35,5.193309789616356,14.985850385920877,2.0,0.5306769467174162,0.345600489677306,354.76801788899695,379.6635240732804,True,440.10497826865014,-1.9121361173569618,-0.005911760253734077,794.8729961576471,1.0755322670769343,0.00529517209313124,557.5243722327234,-1.44249127183163,-0.005879044996082883,937.1878963060038,0.5478520744314826,0.005235268075188593
case_002,1.36,5.1924271366099655,14.985451644881048,2.0,0.5308564045089338,0.34557796676105457,354.57373990888476,379.48209326894823,True,440.3032757923208,-1.9122805586743368,-0.005913255743248358,794.8770157012056,1.0754038029205149,0.005297466317704835,557.8274997810445,-1.4427066593782774,-0.005876649677267143,937.3095930499927,0.5477649223239488,0.005241421788140965
case_002,1.37,5.191319556426723,14.98506507336862,2.0,0.5309319513586978,0.3455557469476799,354.39198085718704,379.30697667535196,True,440.49206148767087,-1.9123577731155001,-0.005912923297442918,794.8840423448579,1.0753717960348324,0.005299394130095447,558.1183843812738,-1.44284469671338,-0.005872483643715898,937.4253610566258,0.5477755986967032,0.005247170003429558
case_002,1.3800000000000001,5.190068638204469,14.984690323387392,2.0,0.5309310164331926,0.3455340294678403,354.2231561084436,379.1401965170327,True,440.6672429142096,-1.9123857129510964,-0.005911239322089867,794.8903990226532,1.0754108226518453,0.005301058362156996,558.3914081435047,-1.4429249128540809,-0.005867073572034698,937.5316046605374,0.5478573909921476,0.005252560494987013
case_002,1.3900000000000001,5.188735418101579,14.984327043640063,2.0,0.5308749787891984,0.34551292603733175,354.0670543446356,378.982795154257,True,440.8258769844921,-1.9123777355911487,-0.005908606887114531,794.8929313291277,1.0755004320267059,0.005302507417856928,558.6425566732942,-1.4429620550444708,-0.00586086158302207,937.6253518275512,0.5479890044818042,0.005257598884718218
case_002,1.4000000000000001,5.187365270751925,14.983974883790038,2.0,0.5307803388845093,0.3454924894950162,353.9231093056539,378.83517474435166,True,440.9660282633635,-1.9123436254683348,-0.005905363231139937,794.8891375690174,1.075624319163381,0.0053037525082496595,558.8692095972052,-1.4429671355483924,-0.005854213556208188,937.7043843415569,0.5481536340634706,0.005262264863021171
case_002,1.41,5.185991748453211,14.98363349747827,2.0,0.5306597099098748,0.34547273441446263,353.7905886937526,378.69734365062607,True,441.0866359220669,-1.9122904499597162,-0.005901786570324252,794.8772246158195,1.0757696152305642,0.005304781777190626,559.0699461995298,-1.4429483062133928,-0.005847426914396103,937.7672898501559,0.5483381675842814,0.0052665251657839085
case_002,1.42,5.184639545549907,14.983302544405896,2.0,0.5305226435661398,0.3454536517923072,353.66871818753737,378.5690884966177,True,441.1873877334384,-1.9122232613555623,-0.005898102337478894,794.8561059209758,1.0759262847964755,0.005305571500639483,559.2443635550134,-1.4429115745672025,-0.005840737935713991,937.8134520516311,0.5485325097973666,0.0052703435566348045
case_002,1.43,5.1833267473324804,14.982981691729336,2.0,0.5303763072706182,0.345435219325052,353.5567561362464,378.45008842200195,True,441.2686003058944,-1.9121456597069373,-0.005894488955404564,794.8253564421408,1.0760866180668158,0.0053060946142840515,559.3929056805988,-1.4428613776300192,-0.005834328646559972,937.8429941026008,0.5487290145028856,0.005273688116767594
case_002,1.44,5.182066505024433,14.98267061496016,2.0,0.5302260310795548,0.3454174084016934,353.454032102307,378.33998573094823,True,441.33110536209733,-1.9120602331290182,-0.005891083227062166,794.7851374644043,1.0762448059677918,0.005306326873044942,559.5167031033227,-1.442801031053988,-0.005828333340471892,937.8566888342709,0.5489220116559007,0.005276536180295499
case_002,1.45,5.180868258934583,14.982368998516025,2.0,0.5300757423235722,0.3454001886673778,353.3599600204159,378.23842469741317,True,441.37614241628285,-1.9119688923657812,-0.005887985399797402,794.7361024366987,1.076396586580945,0.005306250965296577,559.6174230363918,-1.442733071169963,-0.005822844750708767,937.8558477338049,0.5491074166810822,0.005278877264260462
case_002,1.46,5.179738615482468,14.982076536032583,2.0,0.529928305806089,0.34538353082053314,353.2740347040446,378.1450682481044,True,441.40525839303115,-1.9118731166144443,-0.005885263944306995,794.6792930970757,1.0765389518428703,0.005305858918065232,559.6971306544785,-1.4426595075183044,-0.0058179198947597155,937.8421989025829,0.5492824094785288,0.005280714348915194
case_002,1.47,5.1786819652195355,14.98179293051526,2.0,0.5297857857520092,0.3453674081492098,353.19581842127786,378.05960014781203,True,441.4202149535362,-1.9117741263644812,-0.005882960068374132,794.616033374814,1.0766699047906814,0.0053051531150131725,559.7581622935849,-1.4425820020288322,-0.005813585592260251,937.8177624413969,0.5494451719963772,0.005282063845809815
case_002,1.48,5.177700913567638,14.981517894386416,2.0,0.5296496442888907,0.3453517971953247,353.1249226495876,377.98171862771346,True,441.4229042826896,-1.9116729978712468,-0.0058810919721570265,794.5478269322772,1.0767882587051494,0.0053041462325905675,559.803011401689,-1.4425019897530276,-0.005809843648255986,937.7847300294025,0.5495946743526803,0.00528295457132838
case_002,1.49,5.176796581429402,14.981251149465136,2.0,0.5295208894644959,0.34533667784045424,353.06098870728016,377.91112589203397,True,441.4152740121786,-1.9115707323272655,-0.005879658840990232,794.4762627194588,1.076893470742286,0.005302860373004981,559.8342279677814,-1.4424207543900276,-0.005806675685971707,937.7453538598154,0.5497305008253879,0.005283426013858228
case_002,1.5,5.175968820018432,14.980992426903132,2.0,0.5294001839983657,0.3453220330316931,353.00366979612807,377.8475166788335,True,441.39926179978806,-1.9114682911338488,-0.0058786445645959695,794.4029315959161,1.076985503824208,0.005301325641579535,559.8543319468814,-1.4423394701041332,-0.005804047609081153,937.7018486257149,0.5498527083305581,0.005283526149109374
case_002,1.51,5.17521637318862,14.98074146709044,2.0,0.5292879241993833,0.3453078483068367,352.95261604866977,377.7905680142219,True,441.3767398818995,-1.9113666069886317,-0.005878021167902092,794.3293559305692,1.077064711649422,0.005299578382482295,559.8657409200537,-1.4422592193780934,-0.005801913672657533,937.6563089342756,0.5499617112321434,0.00528330902193852
case_002,1.52,5.174537011191389,14.980498019537702,2.0,0.5291842968179113,0.3452941112318686,352.90746343193234,377.7399314663503,True,441.3494696875073,-1.9112665788611702,-0.0058777519378950815,794.2569331194396,1.0771317426543332,0.0052976592524525135,559.8707119158984,-1.442180994951186,-0.005800220144108803,937.6106433822487,0.5500581874356686,0.005282832276070626
case_002,1.53,5.1739276520829005,14.980261842737507,2.0,0.529089320081431,0.3452808108280958,352.8678267928641,377.69522855484956,True,441.3190663669061,-1.9111690573803708,-0.005877794232593603,794.1868931597702,1.0771874595980524,0.005295611278400336,559.871297002007,-1.4421056923037803,-0.005798908539914882,937.5665255568566,0.550143001692698,0.005282154776773351
case_002,1.54,5.1733844808252245,14.980032704004715,2.0,0.5290028738107102,0.3452679370392415,352.83329691547857,377.65604948023554,True,441.28697286240043,-1.9110748257392598,-0.005878101961755922,794.120269777879,1.0772328721487083,0.005293478012679931,559.869311954681,-1.442034097704199,-0.00579791843024674,937.5253614349166,0.5502171428762449,0.005281334436962326
case_002,1.55,5.172903071332205,14.979810379294632,2.0,0.5289247223400002,0.34525548026867947,352.80344117241265,377.62195498397057,True,441.25444294401365,-1.9109845799558904,-0.005878627733785502,794.0578841164263,1.077269080426535,0.005291301870203047,559.8663170499466,-1.4419668755496726,-0.005797189810914649,937.4882720339172,0.5502816726816304,0.005280426325272369
case_002,1.56,5.172478513140693,14.979594652997669,2.0,0.5288545329701446,0.34524343100230337,352.7778071723929,377.592480911464,True,441.2225324589743,-1.910898911224824,-0.005879324668952801,794.0003396313672,1.0772972279171236,0.005289122704902449,559.8636088005069,-1.441904557620771,-0.00579666504994597,937.4560897119709,0.5503376837716624,0.0052794811059435065
case_002,1.57,5.172105541875772,14.979385317709774,2.0,0.5287918918610564,0.3452317795220775,352.7559287098356,377.56714490728916,True,441.19209790584085,-1.9108182921544759,-0.005880147885024167,793.9480266156764,1.0773184625210794,0.005286976659713227,559.8622212987848,-1.441847535929383,-0.005796290423884132,937.429366206074,0.5503862658322349,0.005278543835359584
case_002,1.58,5.1717786710538745,14.97918217397872,2.0,0.5287363186079416,0.34522051570810636,352.73733329540784,377.5454546051511,True,441.163801344909,-1.910743067907623,-0.005881055667289636,793.9011346403169,1.0773339047687123,0.0052848953043605484,559.8629357182934,-1.441796060069186,-0.005796017266171738,937.4083903234446,0.5504284783494127,0.00527765311893591
case_002,1.59,5.171492321871792,14.978985030027445,2.0,0.5286872802288893,0.3452096289222977,352.7215505702855,377.5269166680574,True,441.13812059729065,-1.9106734526376539,-0.005882010340451993,793.8596711675762,1.0773446224159455,0.005282905058854204,559.8662964737114,-1.4417502393649864,-0.005795802756366819,937.3932131417688,0.5504653291777416,0.005276840614845901
case_002,1.6,5.171240947307809,14.978793701456778,2.0,0.5286442049030486,0.3451991079637686,352.708120968333,377.51104607148955,True,441.1153636636468,-1.9106095311293843,-0.00588297886464445,793.8234846319798,1.0773516107652192,0.005281026887588192,559.8726325404975,-1.4417100496501596,-0.005795610384191741,937.3836786119871,0.550497758157132,0.0052761308576919075
case_002,1.61,5.171019146976781,14.978608010930701,2.0,0.5286064955208976,0.34518894108455206,352.69660407680897,377.4973750909809,True,441.0956863076244,-1.9105512651970957,-0.005883933181775436,793.7922903844334,1.0773557781367606,0.00527927623914537,559.8820824823547,-1.4416753441644903,-0.005795410126361533,937.3794575733356,0.5505266251669196,0.0052755413654607675
case_002,1.62,5.170821769608913,14.9784277878483,2.0,0.5285735429234566,0.3451791160535557,352.68658624732655,377.48546154425935,True,441.0791117940138,-1.9104985041481912,-0.00588485034135916,793.7656980413403,1.0773579359634284,0.005277663200046856,559.8946218223017,-1.4416458678414321,-0.005795178376714338,937.380083366561,0.5505527020937527,0.005275082986663515
case_002,1.6300000000000001,5.170644000654493,14.978252868006903,2.0,0.5285447385987432,0.34516962025682263,352.67768711620465,377.4748959373276,True,441.0655518427153,-1.9104509984728346,-0.005885712436920987,793.74323895892,1.0773587930073776,0.0052761928264652425,559.910091512765,-1.4416212741270387,-0.005794897671379529,937.3849874500926,0.550576668246147,0.00527476044106967
case_002,1.6400000000000001,5.170481433263437,14.978083093261356,2.0,0.5285194865554848,0.34516044082274455,352.6695647999355,377.4653072661074,True,441.05482795143183,-1.9104084158522903,-0.005886506384972012,793.7243927513673,1.0773589532077679,0.00527486561599444,559.9282264039703,-1.4416011434258138,-0.005794556250635463,937.3935336700777,0.5505991087829887,0.005274573006521344
case_002,1.6500000000000001,5.170330121673479,14.977918311184366,2.0,0.528497214091721,0.3451515647618261,352.66191963213316,377.45636732424373,True,441.04669234686014,-1.910370358575996,-0.005887223578485368,793.7086119789933,1.0773589166729198,0.005273678081580135,559.9486827699507,-1.4415850022851409,-0.005794147497854563,937.4050500941944,0.5506205157436761,0.005274515305516203
case_002,1.6600000000000001,5.170186616805906,14.97775837473272,2.0,0.5284773812065966,0.3451429791117839,352.65449639909116,377.44779345880545,True,441.04084794081655,-1.9103363815053724,-0.00588785944585668,793.6953443399077,1.0773590833333233,0.005272623391313791,559.9710641202328,-1.4415723424947118,-0.005793669293661041,937.4188575790382,0.5506412912806314,0.005274578148160902
case_002,1.67,5.170047984567737,14.977603141923813,2.0,0.5284594884563476,0.3451346710800903,352.6470851092421,377.43934979587675,True,441.0369667887794,-1.9103060098074274,-0.005888412944621113,793.6840518980215,1.077359758777464,0.005271692040615006,559.9949446956007,-1.441562639376557,-0.005793123320328386,937.4342944914774,0.5506617527052836,0.005274749392302491
case_002,1.68,5.169911807964649,14.977452475526382,2.0,0.5284430831208267,0.34512662817747314,352.639520395994,377.4308470249955,True,441.0347066694779,-1.9102787557917835,-0.0058888860168475055,793.6742270654719,1.0773611618036016,0.005270872527059711,560.0198902127347,-1.4415553686628466,-0.005792514347694566,937.4507372377302,0.550682138970006,0.005275014786758847
case_002,1.69,5.16977617461865,14.977306242768739,2.0,0.5284277636172727,0.3451188383372966,352.6316797028706,377.42214088442597,True,441.0337255209707,-1.9102541343100459,-0.005889283030294901,793.6654052238413,1.077363433238403,0.005270152002431527,560.0454755792815,-1.4415500214917174,-0.005791849527691739,937.4676164637075,0.5507026182229704,0.005275358769227079
case_002,1.7,5.1696396516514325,14.977164315067094,2.0,0.5284131821673772,0.3451112900171342,352.6234804349978,377.4131295278587,True,441.03369357804644,-1.9102316763077856,-0.005889610226232522,793.6571740130443,1.0773666455986926,0.005269516881224234,560.0712994446275,-1.441546117187431,-0.0057911377201406156,937.4844289724862,0.5507232960920136,0.005275765196345428
case_002,1.71,5.169501250136155,14.977026567775763,2.0,0.528399045787491,0.34510397228014345,352.61487628235454,377.4037499781691,True,441.0343031548997,-1.9102109402494485,-0.005889875191438132,793.6491794372542,1.0773708132048883,0.005268953389553577,560.0969955787797,-1.4415432136227417,-0.005790388867939755,937.5007455569488,0.5507442243776631,0.005276217989242105
case_002,1.72,5.169360381443944,14.97689287996039,2.0,0.5283851157268955,0.3450968748550551,352.60585292941875,377.3939738861018,True,441.0352761039256,-1.910191521259362,-0.005890086368434522,793.6411290333443,1.077375902393344,0.005268448043058871,560.1222411807496,-1.4415409150832303,-0.005789613435328411,937.5162150668514,0.5507654098644581,0.005276701683508023
case_002,1.73,5.16921680782693,14.976763134194554,2.0,0.528371205523413,0.3450899881746484,352.5964233641461,377.38380281294076,True,441.03636905498223,-1.910173057933483,-0.0058902526146139556,793.6327924191284,1.0773818415184453,0.0052679880467176865,560.1467623071107,-1.441538877661195,-0.005788821918668086,937.5305651200515,0.5507868229927985,0.005277201877693871
case_002,1.74,5.169070589502157,14.976637216379489,2.0,0.5283571778783088,0.345083303393494,352.5866229887747,377.37326324787534,True,441.03737659885235,-1.9101552368735037,-0.005890382817641593,793.623999587627,1.0773885304824962,0.005267561613447658,560.1703366812865,-1.4415368122982803,-0.005788024435260719,937.5435999291618,0.5508084061700286,0.005277705579042724
case_002,1.75,5.1689220303449614,14.976515015586095,2.0,0.5283429405732822,0.34507681238648763,352.5765047174199,377.362401554862,True,441.03813262378117,-1.9101377950755027,-0.005890485571509896,793.614637341201,1.0773958495804323,0.005267158201829103,560.1927941943572,-1.441534485669537,-0.005787230392211018,937.5551957492193,0.5508300815378561,0.005278201449116893
case_002,1.76,5.168771624085935,14.976396423917958,2.0,0.5283284416618984,0.34507050773027115,352.5661342227058,377.35127902212184,True,441.03851004556617,-1.9101205203689366,-0.0058905689148925355,793.604644268272,1.0774036674957552,0.005266768676205402,560.2140154406069,-1.4415317191570887,-0.005786448234277486,937.5652944627287,0.5508517580525606,0.005278679955241117
case_002,1.77,5.168620002647286,14.976281336393592,2.0,0.5283136641670958,0.34506438267004497,352.55558546766446,377.33996716175795,True,441.0384191903044,-1.910103250148178,-0.005890640131076652,793.5940046579689,1.07741184833218,0.005266385394775253,560.233928646509,-1.4415283861991997,-0.00578568526710177,937.5738958082669,0.5508733377732914,0.0052791334362224385
case_002,1.78,5.168467887969939,14.976169650846037,2.0,0.5282986205067978,0.3450584310745203,352.54493663124714,377.3285433791584,True,441.03780509595043,-1.9100858686689988,-0.005890705606759417,793.5827417271976,1.077420257610906,0.005266002233078271,560.2525053527689,-1.4415244083216934,-0.005784947550154795,937.5810487319274,0.5508947212910896,0.005279556092659399
case_002,1.79,5.168316048387011,14.97606126783757,2.0,0.5282833468527371,0.3450526473818632,352.53426650764425,377.3170871031523,True,441.03664399571835,-1.9100683031976586,-0.00589077074539035,793.5709105033626,1.0774287672052432,0.005265614551524689,560.2697551972877,-1.4415197501649004,-0.005784239852195283,937.58684230044,0.5509158122660384,0.005279943913340357
case_002,1.8,5.168165260304757,14.97595609058731,2.0,0.528267897605061,0.3450470265394581,352.523651432267,377.3056764396812,True,441.03493923458484,-1.9100505193022073,-0.005890839929526603,793.5585906668518,1.0774372592214168,0.005265219116357356,560.2857201249574,-1.4415144138127356,-0.005783565660971435,937.5913965646386,0.550936521071347,0.005280294549822595
case_002,1.81,5.168016275669937,14.97585402490943,2.0,0.5282523401387991,0.3450415639401786,352.5131627617218,377.29438538525415,True,441.032716851434,-1.910032515566268,-0.005890916525825907,793.5458796131558,1.0774456288661713,0.0052648139837163654,560.3004683199582,-1.4415084327131569,-0.005782927238288105,937.5948537052124,0.550956767570503,0.0052806071513405994
case_002,1.82,5.167869795442809,14.975754979159813,2.0,0.5282367499494331,0.34503625535763727,352.50286491218156,377.28328161204035,True,441.0300210354605,-1.9100143179870783,-0.005891002925804745,793.5328859476421,1.077453786368105,0.00526439835636755,560.3140881206067,-1.4415018654536933,-0.005782325711342795,937.597369732647,0.5509764830766631,0.005280882171803336
case_002,1.83,5.167726449062092,14.975658864189068,2.0,0.5282212062950878,0.34503109688259975,352.49281394062103,377.2724248152739,True,441.02690963779884,-1.909995974293931,-0.005891100615305012,793.5197235784199,1.0774616580399883,0.005263972422209162,560.326682137169,-1.441494789623913,-0.005781761191373913,937.5991069524429,0.5509956115617453,0.005281121159879831
case_002,1.84,5.167586779689327,14.975565593299962,2.0,0.5282057884035142,0.3450260848624143,352.4830566368943,377.261865595646,True,441.0234498896059,-1.9099775483925205,-0.005891210265700386,793.5065065265002,1.077469186584146,0.005263537182966238,560.3383617519363,-1.4414872959609544,-0.005781232911090506,937.6002273475823,0.5510141101964445,0.005281326542132592
case_002,1.85,5.167451234855422,14.97547508220767,2.0,0.5281905722841672,0.34502121584495765,352.4736300816148,377.2516448348787,True,441.0197144472541,-1.909959115106941,-0.005891331840190417,793.4933445288689,1.0774763307522348,0.005263094280575253,560.3492421395879,-1.4414794829364819,-0.005780739373013877,937.6008869744666,0.5510319493115546,0.0052815014079107825
case_002,1.86,5.167320162004899,14.975387249001306,2.0,0.5281756281601037,0.3450164865282358,352.464561615238,377.24179351183363,True,441.01577785520857,-1.9099407553560075,-0.005891464709028127,793.4803394704466,1.0774830644751534,0.00526264582772451,560.3594379061525,-1.4414714519053218,-0.005780278501694824,937.6012314179861,0.5510491118760515,0.005281649303349123
case_002,1.87,5.167193808340638,14.9753020141056,2.0,0.52816101851181,0.34501189371642477,352.45586915750914,377.23233289899576,True,441.0117134883419,-1.90992255186552,-0.005891607768168938,793.467582645851,1.0774893755785977,0.005262194247895424,560.3690594076259,-1.441463302899085,-0.005779847793727089,937.6013923066216,0.5510655925885412,0.005281774040386322
case_002,1.8800000000000001,5.167072324314195,14.975219300241688,2.0,0.5281467967058231,0.34500743428280484,352.44756181330064,377.2232750749272,True,441.00759100902377,-1.9099045854846692,-0.00589175955655713,793.4551528223244,1.0774952641959785,0.005261742129115954,560.3782097757655,-1.441455131113571,-0.0057794444604953865,937.6014848506927,0.5510813966766047,0.005281879525296129
case_002,1.8900000000000001,5.1669557700792925,14.975139032386387,2.0,0.5281330061653633,0.3450031051397399,352.43964070035497,377.21462368687503,True,441.0034743505071,-1.909886932143592,-0.005891918368059745,793.443115050862,1.0775007409832114,0.005261292094512593,560.3869826490811,-1.4414470241073996,-0.0057790655596417495,937.6016063359561,0.5510965384936278,0.005281969609851445
case_002,1.9000000000000001,5.166844124226505,14.975061137729385,2.0,0.5281196800282193,0.34499890321559035,352.4320999363348,377.2063748988578,True,440.999420217697,-1.9098696604612866,-0.005892082354862993,793.4315201540318,1.0775058252304333,0.00526084669168897,560.3954605821774,-1.44143905970201,-0.005778708112258113,937.6018354810352,0.5511110399955533,0.005282047966967018
case_002,1.9100000000000001,5.166737294141068,14.974985545628147,2.0,0.5281068412287314,0.3449948254382242,352.4249277264423,377.19851846376855,True,440.99547707929014,-1.9098528299889759,-0.005892249619944501,793.4204048057325,1.077510542954381,0.005260408301985375,560.403714086551,-1.4414313045501765,-0.005778369203783884,937.6022325503195,0.5511249291711859,0.005282117991518509
case_002,1.92,5.166635127369067,14.974912187560372,2.0,0.5280945029356842,0.34499086872461326,352.41810749805484,377.1910388629451,True,440.99168461180886,-1.9098364900539981,-0.005892418296991997,793.4097921098637,1.0775149250426828,0.005259979069806908,560.4118012405504,-1.4414238133217239,-0.00577804606748461,937.6028401034955,0.5511382384896861,0.0052821827260349785
case_002,1.93,5.166537423435114,14.974840997074136,2.0,0.528082669275964,0.3449870299758667,352.4116190353444,377.18391646279485,True,440.9880735459734,-1.9098206791534893,-0.005892586616838669,793.3996925813178,1.0775190055084038,0.005259560851470058,560.4197677954778,-1.4414166284412349,-0.005777736150181845,937.6036842582727,0.5511510034182929,0.005282244810124348
case_002,1.94,5.166443945623736,14.974771909735843,2.0,0.5280713362745721,0.3449833060769619,352.40543957386967,377.17712864509815,True,440.9846658591256,-1.9098054248354206,-0.00589275296011077,793.3901054329953,1.077522819900129,0.005259155182406272,560.4276476982704,-1.4414097803029795,-0.005777437160592036,937.6047763433686,0.551163261052537,0.0052823064518215945
case_002,1.95,5.1663544323119375,14.974704863076381,2.0,0.5280604929446023,0.3449796939003811,352.3995448225523,377.1706508750302,True,440.9814752537098,-1.9097907439968331,-0.005892915896322126,793.3810200762621,1.0775264039002994,0.005258763261084598,560.4354639484962,-1.441403287882796,-0.005777147101199809,937.6061148235265,0.5511750488905638,0.005282369418542376
case_002,1.96,5.16626860751929,14.974639796535753,2.0,0.5280501224656604,0.3449761903128435,352.39390988803075,377.164457678703,True,440.9785078608061,-1.909776643525009,-0.005893074210098215,793.3724177488368,1.077529792132797,0.005258385947673527,560.4432297080962,-1.441397159664826,-0.005776864285036765,937.6076873867992,0.5511864037732419,0.005282435044984768
case_002,1.97,5.166186190420092,14.974576651406672,2.0,0.5280402033954718,0.34497279218433924,352.38851008346506,377.15852350928344,True,440.9757631090411,-1.9097631212064536,-0.005893226915567984,793.3642731925062,1.0775330171900206,0.005258023775234877,560.4509495857391,-1.441391394802318,-0.00577658733906844,937.6094730950225,0.5511973610023608,0.005282504255116172
case_002,1.98,5.166106903637996,14.974515370777544,2.0,0.5280307108666745,0.3449694963987093,352.3833216107953,377.15282348808455,True,440.9732347024333,-1.9097501668304704,-0.005893373260224655,793.3565563132286,1.0775361088803572,0.0052576769711368265,560.4586210233889,-1.4413859844357035,-0.005776315196108939,937.6114445114735,0.5512079536410931,0.005282577595323912
case_002,1.99,5.166030480213521,14.974455899475306,2.0,0.5280216177286392,0.34496629986507793,352.37832211147867,377.14733401329534,True,440.9709116554778,-1.9097377634183463,-0.005893512719734095,793.3492337669564,1.0775390936889138,0.005257345486357701,560.4662357200842,-1.441380913097222,-0.005776047077300506,937.6135697333796,0.5512182119936757,0.005282655275848425
case_002,2.0,5.1659566691991055,14.97439818400851,2.0,0.5280128956021998,0.34496319952951926,352.37349108621623,377.14203323494996,True,440.96877933968284,-1.9097258885152002,-0.005893644985264956,793.3422704258991,1.0775419944379552,0.005257029030429461,560.4737810366066,-1.441376160139081,-0.005775782467218327,937.6158142715566,0.5512281632554477,0.005282737217767841
case_002,2.0100000000000002,5.1658852398912956,14.974342172511124,2.0,0.5280045158231643,0.3449601923864273,352.3688101886643,377.1369013996094,True,440.966820502325,-1.9097145154888413,-0.005893769944942229,793.3356306909893,1.0775448301283876,0.005256727109908543,560.481241333897,-1.4413717011308242,-0.005775521083613289,937.6181427335064,0.5512378313196011,0.005282823103015533
case_002,2.02,5.165815984756938,14.974287814687356,2.0,0.5279964502580617,0.3449572754891492,352.3642634018832,377.13192107230134,True,440.9650162252163,-1.9097036147882573,-0.005893887660989472,793.3292796270995,1.0775476159401303,0.005256439068460295,560.4885992077704,-1.441367509180989,-0.0057752628436848474,937.6205202800718,0.5512472367235978,0.005282912425190911
case_002,2.0300000000000002,5.165748721147858,14.974235061757868,2.0,0.5279886719826353,0.3449544459595399,352.3598371090841,377.12707724655047,True,440.9633467983598,-1.909693155122968,-0.00589399834403842,793.3231839074439,1.0775503633669472,0.005256164126877738,560.4958365918432,-1.4413635561476148,-0.005775007828613066,937.6229138383936,0.5512563967158498,0.00528300453923769
case_002,2.04,5.165683291926607,14.974183866407612,2.0,0.5279811558198838,0.34495170099618244,352.35552007217757,377.1223573555203,True,440.9617924901794,-1.9096831045331413,-0.0058941023259630465,793.317312562357,1.0775530804602218,0.005255901421609477,560.5029357095195,-1.441359813711483,-0.005774756247879098,937.6252930650398,0.5512653254218873,0.005283098708391165
case_002,2.05,5.1656195651466685,14.974134182735495,2.0,0.5279738787399162,0.3449490378811117,352.3513033329043,377.11775119893275,True,440.96033420261904,-1.9096734313289239,-0.005894200032434793,793.3116375355233,1.0775557721562932,0.005255650040648319,560.5098798643589,-1.4413562542948728,-0.00577450840467153,937.6276310632917,0.5512740340890269,0.005283194147146397
case_002,2.06,5.165557432941325,14.974085966206056,2.0,0.5279668201284368,0.3449464539849551,352.34718005179525,377.1132508011036,True,440.9589540051984,-1.9096641048852883,-0.0058942919562274265,793.3061340569936,1.0775584406628174,0.005255409055896221,560.516654065361,-1.441352851816664,-0.005774264663445217,937.6299048664646,0.5512825313888452,0.005283290059322099
case_002,2.07,5.165496809780628,14.974039173603233,2.0,0.5279599619342868,0.34494394677047663,352.3431453000905,377.10885021557317,True,440.9576355473932,-1.9096550962859424,-0.005894378632113562,793.3007808474837,1.0775610858813192,0.005255177551383827,560.5232454902622,-1.441349582281872,-0.005774025420455298,937.6320957058354,0.5512908237579737,0.005283385670616536
case_002,2.08,5.165437630253692,14.973993762986243,2.0,0.5279532887091763,0.34494151379457194,352.3391958191003,377.10454529136337,True,440.9563643531624,-1.9096463788162468,-0.0058944606140085565,793.2955601722628,1.0775637058452985,0.005254954646965182,560.5296437951596,-1.4413464242098408,-0.005773791077859525,937.634189086523,0.5512989157593212,0.005283480255337536
case_002,2.09,5.165379846526542,14.973949693647642,2.0,0.527946787554551,0.34493915270881054,352.33532976046945,377.10033341491237,True,440.95512800503957,-1.9096379283103913,-0.005894538454838394,793.290457765509,1.077566297155892,0.0052547395173277445,560.5358412830481,-1.4413433589104503,-0.0057735620217624906,937.6361746979604,0.5513068104478455,0.005283573157245258
case_002,2.1,5.165323425614284,14.973906926073436,2.0,0.5279404479915619,0.34493686125866097,352.3315464194312,377.09621324051807,True,440.95391622800696,-1.9096297233625181,-0.00589461268943825,793.2854626474382,1.0775688553999054,0.005254531406348462,560.5418329469114,-1.4413403706216208,-0.00577333860437973,937.6380461874295,0.5513145097272741,0.00528366380466494
case_002,2.11,5.165268346591808,14.973865421905273,2.0,0.5279342617703937,0.3449346372815634,352.3278459714889,377.0921844205408,True,440.9527208854436,-1.909621745414836,-0.005894683820631019,793.2805668569325,1.0775713755380165,0.0052543296369882975,560.5476164051472,-1.4413374465243611,-0.005773121130323244,937.639800825688,0.5513220146866007,0.005283751720208285
case_002,2.12,5.16521459785063,14.973825143904525,2.0,0.5279282226348819,0.3449324787040322,352.3242292213132,377.0882473448918,True,440.9515359006713,-1.9096139787381785,-0.005894752308500006,793.2757651219845,1.0775738522538898,0.005254133617048629,560.5531917482216,-1.4413345766534562,-0.005772909846863461,937.6414390931134,0.5513293259075831,0.0052838365255814534
case_002,2.13,5.165162174490934,14.97378605591821,2.0,0.5279223260575068,0.34493038353797717,352.32069737086147,377.0844028976145,True,440.95035711816365,-1.9096064103218688,-0.005894818562755644,793.2710544890251,1.0775762802577287,0.005253942841208781,560.5585613156578,-1.4413317537228185,-0.00577270493790516,937.6429642132723,0.5513364437368709,0.005283917942059568
case_002,2.14,5.165111075920153,14.973748122846574,2.0,0.5279165689585953,0.3449283498764381,352.31725181190956,377.08065223647543,True,440.9491821186172,-1.909599029690523,-0.005894882937995893,793.2664339305268,1.0775786545404493,0.005253756889835537,560.5637294221668,-1.4413289728847398,-0.005772506521317944,937.6443816586423,0.5513433685186283,0.005283995787275231
case_002,2.15,5.165061303710524,14.973711310612234,2.0,0.5279109494220202,0.3449263758889154,352.31389394660397,377.07699659983746,True,440.9480100014228,-1.9095918286652322,-0.005894945731592605,793.2619039480268,1.0775809705769719,0.005253575425092971,560.5687020505248,-1.4413262314415969,-0.005772314649201915,937.6456986503623,0.5513501007855384,0.0052840699689986614
case_002,2.16,5.165012859751394,14.973675586130692,2.0,0.5279054664179245,0.3449244598164706,352.31062503805526,377.07343714343256,True,440.946841147286,-1.9095848010859637,-0.00589500718387892,793.2574661853413,1.0775832244792114,0.005253398184899782,560.5734865274183,-1.4413235285275305,-0.005772129310624485,937.6469236708508,0.5513566414079246,0.00528414047659409
case_002,2.17,5.1649657447156505,14.97364091728212,2.0,0.5279001195411499,0.3449225999667532,352.30744609162167,377.0699748081797,True,440.9456769724374,-1.9095779425107915,-0.005895067480282956,793.2531230640591,1.077585413101023,0.005253224975271864,560.5780911965038,-1.4413208647759184,-0.0057719504363504814,937.6480660046835,0.5513629917021963,0.005284207370811311
case_002,2.18,5.1649199568459006,14.97360727288427,2.0,0.527894908772155,0.34492079470909137,352.30435776632964,377.0666102189375,True,440.9445196844749,-1.909571249906048,-0.005895126755035729,793.2488774508046,1.077587534098753,0.0052530556615653645,560.5825251009517,-1.4413182419866302,-0.005771777905086317,937.6491353198892,0.5513691535011613,0.005284270772534627
case_002,2.19,5.164875491053468,14.973574622666348,2.0,0.527889834265382,0.34491904246976235,352.3013603149353,377.06334361298036,True,440.9433720482492,-1.9095647213396283,-0.005895185096083444,793.2447323631845,1.0775895859520628,0.005252890159095636,560.5867976854264,-1.441315662804875,-0.005771611550781486,937.6501412984068,0.5513751291896563,0.005284330851049013
case_002,2.2,5.164832338313489,14.973542937243806,2.0,0.5278848961682915,0.34491734172753324,352.29845355026487,377.06017479612206,True,440.942237168607,-1.9095583556877556,-0.005895242550845781,793.2406907188719,1.077591567950394,0.005252728423556785,560.5909185253383,-1.441313130421273,-0.0057714511705593274,937.6510933214604,0.5513809217096954,0.005284387812319269
case_002,2.21,5.164790485331247,14.973512188093862,2.0,0.5278800944727019,0.344915691009546,352.29563683498645,377.0571031237448,True,440.94111829512815,-1.9095521523633956,-0.005895299132488374,793.2367551301146,1.0775934801508695,0.005252570441610482,560.5948970889436,-1.4413106483005154,-0.005771296532895487,937.6520002126884,0.5513865345397599,0.005284441887698443
case_002,2.22,5.164749914449086,14.973482347531753,2.0,0.5278754288986752,0.34491408888759445,352.2929090914847,377.0541275035158,True,440.94001865245116,-1.9095461110725802,-0.005895354826407517,793.2329277439359,1.0775953233135351,0.005252416221948664,560.5987425359206,-1.4413082199438971,-0.005771147385708386,937.6528700394364,0.5513919716530706,0.005284493323405193
case_002,2.23,5.1647106037593495,14.973453388687556,2.0,0.5278708988099934,0.34491253397482075,352.29026882837104,377.051246416318,True,440.9389412982947,-1.9095402316028645,-0.005895409596666401,793.2292101266657,1.0775970988197605,0.0052522657870727185,560.6024635541086,-1.4413058486889154,-0.005771003464084268,937.6537099704266,0.5513972374596908,0.0052845423710289885
case_002,2.24,5.164672527386896,14.97342528548359,2.0,0.5278665031592902,0.34491102492284503,352.2877141800499,377.048457951754,True,440.93788901001165,-1.9095345136464232,-0.005895463392160516,793.2256031900615,1.0775988085793442,0.005252119165969293,560.6060682345689,-1.4413035375473924,-0.0057708644974110435,937.6545261863229,0.551402336737142,0.005284589279246632
case_002,2.25,5.164635655903964,14.973398012612291,2.0,0.5278622404601522,0.3449095604193208,352.28524295587596,377.0457598547109,True,440.936864199314,-1.9095289566586398,-0.005895516152336411,793.22210715519,1.0776004549313953,0.005251976387802282,560.609563983624,-1.4413012890819343,-0.005770730215754638,937.6553238383349,0.551407274553903,0.0052846342868622664
case_002,2.2600000000000002,5.164599956841635,14.97337154551459,2.0,0.5278581087829454,0.3449081391859003,352.2828526956181,377.0431495794911,True,440.9358688539263,-1.9095235597516842,-0.005895567812327918,793.2187215495444,1.077602040543545,0.005251837476688559,560.6129574695332,-1.441299105319238,-0.005770600355360145,937.6561070490243,0.5514120561897445,0.005284677617218181
case_002,2.27,5.164565395263677,14.973345860358684,2.0,0.5278541057707807,0.3449067599765781,352.2805407282168,377.04062434841876,True,440.93490450407535,-1.90951832162135,-0.005895618307418193,793.2154452322922,1.077603568313364,0.00525170244757317,560.6162546004653,-1.4412969876976387,-0.005770474663213121,937.656878948884,0.5514166870563681,0.005284719473968358
case_002,2.2800000000000002,5.164531934371954,14.973320934019284,2.0,0.527850228671865,0.34490542157638004,352.2783042311669,377.0381812120237,True,440.93397221123155,-1.90951324050459,-0.005895667576771402,793.2122764423984,1.0776050412752287,0.005251571303180547,560.6194605299049,-1.4412949370454948,-0.0057703529006371546,937.6576417419286,0.5514211726212499,0.005284760038158143
case_002,2.29,5.16449953611596,14.97329674405724,2.0,0.5278464743844742,0.3449041228003512,352.276140288276,377.0358171083892,True,440.9330725760575,-1.909508314164401,-0.0058957155664144945,793.2092128643335,1.0776064625151625,0.005251444031982855,560.6225796851884,-1.4412929535864245,-0.005770234845943301,937.6583967935776,0.5514255183370572,0.005284799466516887
case_002,2.3000000000000003,5.164468161783391,14.973273268699607,2.0,0.5278428395109127,0.34490286249280017,352.27404594388594,377.0335289195748,True,440.93220576236166,-1.9095035398983173,-0.005895762231477364,793.2062517062476,1.0776078350955225,0.005251320607099097,560.6256158147331,-1.4412910369670457,-0.005770120296177628,937.6591447343079,0.5514297295784232,0.005284837890840333
case_002,2.31,5.164437772552442,14.973250486820124,2.0,0.5278393204170618,0.34490163952675224,352.27201825213035,377.0313135235042,True,440.93137153370685,-1.9094989145664594,-0.005895807537726561,793.2033897858372,1.0776091619907466,0.0052512009860187225,560.6285720494718,-1.441289186302749,-0.005770009068039983,937.659885572976,0.5514338115873264,0.005284875418318957
case_002,2.32,5.164408329991321,14.973228377920124,2.0,0.5278359132944433,0.34490045280356507,352.27005432018115,377.02916784009756,True,440.93056929941946,-1.9094944346350335,-0.005895851462446977,793.2006236196006,1.0776104460348117,0.005251085111031006,560.6314509742517,-1.4412874002370666,-0.005769900998063349,937.6606188143493,0.5514377694278337,0.005284912132658581
case_002,2.33,5.164379796494309,14.973206922109881,2.0,0.5278326142221028,0.34489930125266327,352.26815134477016,377.02708887080735,True,440.92979816692156,-1.9094900962312489,-0.0058958939947398314,793.1979495116917,1.0776116898805301,0.005250972910233576,560.6342547051831,-1.4412856770103941,-0.00576979594215804,937.6613435759905,0.551441607950496,0.005284948095832076
case_002,2.34,5.164352135647747,14.973186100090407,2.0,0.5278294192260419,0.3448981838313523,352.26630664168783,377.0250737311078,True,440.9290569975193,-1.9094858952058338,-0.005895935135316999,793.1953636392071,1.0776128959703573,0.005250864298993241,560.6369849693712,-1.4412840145341452,-0.005769693774630269,937.662058700479,0.551445331766304,0.005284983350305528
case_002,2.35,5.1643253125227755,14.973165893135707,2.0,0.5278263243343656,0.3448970995246741,352.2645176682117,377.02311967578976,True,440.92834446311014,-1.9094818271996405,-0.005895974895876954,793.1928621313218,1.0776140665180445,0.005250759181734677,560.639643183881,-1.4412824104668116,-0.005769594386787924,937.6627628596708,0.5514489452297785,0.005285017921587254
case_002,2.36,5.164299293894826,14.973146283075499,2.0,0.5278233256267432,0.3448960473452752,352.2627820386959,377.02122411722235,True,440.9276591016325,-1.9094778877112448,-0.005896013298149205,793.1904411403284,1.0776152035001558,0.005250657453940377,560.6422305313167,-1.4412808622888817,-0.005769497685243263,937.6634546485391,0.5514524524305144,0.0052850518209613395
case_002,2.37,5.164274048392455,14.973127252278413,2.0,0.5278204192772024,0.3448950263332585,352.26109753376585,377.01938463691204,True,440.9269993694376,-1.9094740721628254,-0.005896050372693695,793.1880969032035,1.0776163086562853,0.005250559004255195,560.6447480298975,-1.4412793673740794,-0.0057694035900169305,937.6641326668096,0.5514558571922605,0.005285085048279459
case_002,2.38,5.164249546580441,14.973108783635666,2.0,0.5278176015896676,0.3448940355560021,352.2594621036999,377.01759899096066,True,440.92636368920523,-1.9094703759621992,-0.005896086157534508,793.1858257929051,1.0776173834966776,0.005250463716602649,560.6471965964619,-1.441277923054899,-0.005769312032537888,937.6647955874225,0.5514591630785532,0.005285117594705568
case_002,2.39,5.164225760983256,14.973090860545222,2.0,0.5278148690260033,0.344893074107925,352.2578738667612,377.01586511007633,True,440.92575049229526,-1.9094667945592056,-0.005896120696705476,793.1836243590565,1.0776184293158735,0.005250371472232118,560.6495771012625,-1.4412765266809249,-0.005769222953625031,937.6654422113388,0.5514623734037546,0.005285149445321324
case_002,2.4,5.164202666056831,14.973073466896436,2.0,0.527812218226627,0.34489214111019323,352.2563311032034,377.01418109493727,True,440.9251582549195,-1.9094633234952592,-0.005896154038771584,793.1814893581229,1.0776194472109983,0.005250282151632146,560.6518904139535,-1.4412751756689282,-0.00576913630152176,937.6660715088908,0.5514654912483965,0.005285180581523274
case_002,2.41,5.164180238116547,14.973056587055167,2.0,0.5278096460240219,0.34489123571035873,352.25483224585633,377.0125452077409,True,440.9245855277115,-1.9094599584451997,-0.005896186235385292,793.1794177735678,1.0776204381033765,0.005250195636260113,560.6541374404903,-1.4412738675441508,-0.005769052030044408,937.6666826482312,0.5514685194776916,0.005285210983157651
case_002,2.42,5.164158455230403,14.973040205849392,2.0,0.527807149449672,0.3448903570819288,352.253375868024,377.0109558607488,True,440.92403095868724,-1.909456695251064,-0.005896217339923349,793.1774068267113,1.0776214027622075,0.00525011181005125,560.6563191511271,-1.441272599972634,-0.005768970096889425,937.667275011876,0.5514714607621619,0.005285240630358123
case_002,2.43,5.164137297085618,14.973024308555248,2.0,0.5278047257351128,0.3448895044238686,352.25196066957517,377.00941160268485,True,440.92349330972456,-1.9094535299476953,-0.005896247406242339,793.1754539792997,1.0776223418291808,0.005250030560685626,560.6584365998858,-1.4412713707847538,-0.005768890462134357,937.6678482025707,0.5514743175994067,0.00528526950506697
case_002,2.44,5.164116744837017,14.973008880883569,2.0,0.5278023723078875,0.3448886769600413,352.2505854619083,377.0079111037354,True,440.9229714669621,-1.9094504587804368,-0.0058962764875800655,793.1735569288704,1.0776232558430243,0.005249951780601392,560.6604909361749,-1.441270177990431,-0.005768813086954261,937.6684020399103,0.5514770923361332,0.005285297592234006
case_002,2.45,5.164096780944848,14.97299390896685,2.0,0.5278000867832662,0.34488787393859144,352.2492491524808,377.00645313986445,True,440.92246444567587,-1.909447478215419,-0.005896304635619465,793.1717135981567,1.077624145263158,0.005249875367755896,560.6624834094172,-1.4412690197867266,-0.005768737932563439,937.6689365492816,0.551479787189703,0.005285324880701325
case_002,2.46,5.164077389008808,14.972979379346631,2.0,0.5277978669526052,0.34488709463128137,352.2479507294696,377.0050365770678,True,440.9219713902727,-1.9094445849430983,-0.005896331899725438,793.1699221197423,1.0776250104917589,0.0052498012261427696,560.6644153676061,-1.4412678945586501,-0.005768664959385106,937.6694519446739,0.5514824042685775,0.005285351363789992
case_002,2.47,5.164058553604197,14.972965278961324,2.0,0.5277957107692154,0.3448863383327897,352.2466892470915,377.0036603560958,True,440.92149157010266,-1.9094417758758702,-0.005896358326356932,793.1681808171942,1.0776258518937185,0.005249729266082082,560.666288250845,-1.4412668008741902,-0.005768594126441151,937.6699486069408,0.5514849455911597,0.005285377039614125
case_002,2.48,5.164040260125442,14.972951595134424,2.0,0.5277936163325619,0.34488560435998084,352.2454638119172,377.0023234780814,True,440.9210243719487,-1.9094390481407026,-0.0058963839586461675,793.1664881838659,1.0776266698141412,0.005249659404306883,560.668103580922,-1.4412657374745699,-0.005768525390947854,937.6704270590034,0.5514874131026938,0.0052854019111543415
case_002,2.49,5.16402249464056,14.972938315563107,2.0,0.5277915818715576,0.3448848920511572,352.24427357052133,377.00102499142156,True,440.9205692898494,-1.9094363990676868,-0.0058964088361394,793.1648428603708,1.0776274645931225,0.005249591563869727,560.6698629479121,-1.441264703260784,-0.005768458708099999,937.6708879393336,0.551489808689968,0.0052854259861238595
case_002,2.5,5.164005243760056,14.972925428307214,2.0,0.5277896057276263,0.3448842007653034,352.2431176986647,376.99976398013257,True,440.920125913107,-1.9094338261755113,-0.005896432994680734,793.1632436117717,1.0776282365777625,0.005249525673901301,560.6715679948433,-1.441263697277445,-0.005768394031018642,937.6713319749758,0.5514921341937088,0.005285449276666021
case_002,2.5100000000000002,5.163988494521738,14.972912921778548,2.0,0.527787686338123,0.3448835298813309,352.2419953921262,376.9985395538481,True,440.9196939130878,-1.9094313271547267,-0.005896456466425282,793.161689305214,1.077628986131379,0.0052494616692472795,560.6732204012413,-1.4412627186948683,-0.00576833131083998,937.6717599550894,0.5514943914186206,0.005285471798917973
case_002,2.52,5.163972234293194,14.97290078473056,2.0,0.5277858222205936,0.3448828787973328,352.24090585921783,376.9973508395335,True,440.9192730295424,-1.9094288998497195,-0.005896479279958899,793.1601788887602,1.0776297136400863,0.005249399490015905,560.6748218664363,-1.4412617667903165,-0.005768270496916417,937.6721727059698,0.5514965821411641,0.005285493572480093
case_002,2.5300000000000002,5.163956450691872,14.972889006248316,2.0,0.5277840119582562,0.3448822469298541,352.23984831498416,376.99619697492176,True,440.91886305693157,-1.909426542240133,-0.005896501460507075,793.1587113719157,1.0776304195168964,0.005249339081062621,560.6763740932432,-1.4412608409291423,-0.005768211537105883,937.672571068165,0.5514987081151781,0.00528551461982274
case_002,2.54,5.163941131522641,14.972877575738792,2.0,0.5277822541869882,0.34488163371318636,352.23882197699544,376.9950771035876,True,440.91846383124806,-1.9094242524224108,-0.005896523030211931,793.1572858082435,1.0776311042035933,0.005249280391438349,560.677878772613,-1.4412599405465045,-0.005768154378123225,937.6729558762006,0.5515007710755295,0.005285534965662142
case_002,2.5500000000000003,5.163926264732079,14.972866482921448,2.0,0.5277805475840011,0.3448810385986883,352.2378260626064,376.99399037158526,True,440.91807521775485,-1.9094220285920829,-0.005896544008456295,793.1559012803613,1.077631768170702,0.005249223373826051,560.6793375697038,-1.4412590651302017,-0.005768098965929502,937.673327941289,0.5515027727400443,0.005285554636334011
case_002,2.56,5.163911838377938,14.972855717819108,2.0,0.5277788908583068,0.3448804610541387,352.23685978755054,376.9929359254743,True,440.917697099869,-1.9094198690272008,-0.005896564412218808,793.1545568874195,1.0776324119158238,0.0052491679839845595,560.680752111666,-1.4412582142050316,-0.0057680452461392195,937.6736880371403,0.5515047148099324,0.0052855736591864155
case_002,2.57,5.163897840612312,14.972845270749069,2.0,0.5277772827429946,0.34487990056312284,352.2359223656631,376.99191291160355,True,440.91732936944504,-1.9094177720733128,-0.005896584256441684,793.1532517351081,1.077633035960688,0.005249114180217562,560.6821239773658,-1.4412573873189796,-0.005767993164426111,937.6740368889693,0.5515065989690082,0.005285592062012845
case_002,2.58,5.163884259676647,14.972835132314504,2.0,0.5277757219892744,0.3448793566244536,352.2350130095566,376.99092047638396,True,440.9169719185692,-1.90941573613021,-0.005896603554397084,793.1519849281258,1.0776336408472351,0.005249061922881382,560.683454689182,-1.4412565840314446,-0.005767942666911163,937.674375165566,0.5515084268819426,0.005285609872538566
case_002,2.59,5.163871083906465,14.97282529339609,2.0,0.5277742073621858,0.3448788287516281,352.23413093206386,376.98995776746494,True,440.91662463290334,-1.9094137596405851,-0.005896622318040223,793.1507555649672,1.0776342271330217,0.0052490111739414425,560.684745706831,-1.4412558039035552,-0.005767893700522053,937.6747034742959,0.5515102001918245,0.005285627117972147
case_002,2.6,5.163858301743968,14.97281574514389,2.0,0.5277727376378321,0.34487831647231987,352.2332753482392,376.989023935512,True,440.9162873866053,-1.9094118410806835,-0.0058966405583377735,793.1495627348445,1.0776347953862642,0.005248961896585302,560.6859984232342,-1.4412550464906153,-0.005767846213312111,937.6750223587462,0.5515119205172704,0.005285643824628095
case_002,2.61,5.1638459017563205,14.972806478969446,2.0,0.5277713116019618,0.3448778193279035,352.2324454777424,376.98811813646296,True,440.91596003870865,-1.9094099789528922,-0.005896658285566181,793.148405516451,1.0776353461807158,0.00524891405489436,560.6872141622439,-1.4412543113365877,-0.005767800154733993,937.6753322987068,0.5515135894492897,0.005285660017623595
case_002,2.62,5.16383387265791,14.972797486538111,2.0,0.5277699280497077,0.3448773368730123,352.2316405474547,376.9872395340643,True,440.915642430898,-1.9094081717802107,-0.005896675509572624,793.1472829783527,1.077635880090658,0.0052488676135776235,560.6883941780865,-1.4412535979704755,-0.005767755475863168,937.6756337121508,0.5515152085481138,0.005285675720649474
case_002,2.63,5.163822203334771,14.972788759761594,2.0,0.5277685857862741,0.3448768686751243,352.23085979414594,376.98638730253845,True,440.91533438652624,-1.909406418102449,-0.005896692239996004,793.1461941806722,1.077636397686135,0.00524882253776493,560.689539656305,-1.4412529059044346,-0.005767712129569724,937.6759269588434,0.5515167793401483,0.005285690955813049
case_002,2.64,5.163810882869701,14.972780290790704,2.0,0.5277672836283689,0.3448764143141763,352.2301024670998,376.9855606292258,True,440.91503571070615,-1.9094047164739933,-0.0058967084864468555,793.145138177806,1.0776368995286154,0.005248778792857456,560.6906517159779,-1.4412522346333954,-0.005767670070638997,937.6762123452037,0.5515183033151788,0.005285705743547087
case_002,2.65,5.1637999005667,14.972772072008313,2.0,0.5277660204061796,0.34487597338220094,352.22936783056656,376.98475871712003,True,440.91474619130616,-1.909403065462912,-0.00589672425864618,793.1441140218727,1.0776373861671538,0.005248736344430516,560.6917314129552,-1.441251583635955,-0.0057676292558438425,937.6764901300752,0.5515197819239352,0.005285720102579383
case_002,2.66,5.16378924597373,14.972764096022505,2.0,0.5277647949657038,0.34487554548298555,352.2286551659779,376.98398078715695,True,440.91446560066527,-1.9094014636511958,-0.0058967395665252,793.1431207666432,1.0776378581351493,0.005248695158183214,560.692779743897,-1.4412509523763082,-0.005767589643971227,937.6767605310539,0.5515212165760883,0.005285734049954471
case_002,2.67,5.163778908902825,14.972756355659927,2.0,0.5277636061712645,0.344875130231749,352.2279637738426,376.983226080244,True,440.9141936978481,-1.90939990963591,-0.005896754420288863,793.1421574716907,1.0776383159477219,0.0052486551999277875,560.6937976508293,-1.4412503403069497,-0.005767551195809906,937.6770237310733,0.5515226086387193,0.005285747601099178
case_002,2.68,5.163768879447177,14.972748843959327,2.0,0.5277624529080593,0.3448747272548354,352.2272929753048,376.98249385891677,True,440.9139302312879,-1.909398402031032,-0.005896768830445875,793.1412232065927,1.0776387600997364,0.005248616435613529,560.6947860260755,-1.441249746871949,-0.005767513874101904,937.6772798849922,0.5515239594352873,0.005285760769923931
case_002,2.69,5.163759147994506,14.972741554165273,2.0,0.5277613340846149,0.34487433618941965,352.2266421133372,376.9817834086675,True,440.91367494162034,-1.9093969394697554,-0.005896782807811363,793.1403170549576,1.077639191064442,0.005248578831376083,560.6957457172873,-1.4412491715105482,-0.005767477643466301,937.6775291259548,0.5515252702451007,0.005285773568950991
case_002,2.7,5.163749705236693,14.972734479722067,2.0,0.5277602486350456,0.34487395668322424,352.22601055354903,376.98109403885815,True,440.91342756460074,-1.9093955206070778,-0.005896796363485335,793.1394381181498,1.0776396092926928,0.005248542353606389,560.6966775324414,-1.4412486136609033,-0.005767442470300477,937.6777715712996,0.5515265423032383,0.005285786009459892
case_002,2.71,5.1637405421757085,14.972727614267813,2.0,0.5277591955210312,0.344873588394246,352.22539768464674,376.98042508329763,True,440.91318783398367,-1.909394144122498,-0.005896809508811662,793.1385855186304,1.0776400152127286,0.005248506969033839,560.6975822446625,-1.4412480727638013,-0.0057674083226640915,937.6780073279601,0.5515277768009456,0.0052857981016455335
case_002,2.72,5.1637316501256905,14.972720951628677,2.0,0.5277581737334617,0.3448732309904886,352.2248029185454,376.9797759004331,True,440.91295548422863,-1.9093928087226602,-0.005896822255323675,793.137758402774,1.077640409230402,0.005248472644815094,560.6984605967232,-1.4412475482661986,-0.005767375170152855,937.6782364971563,0.5515289748863864,0.005285809854778167
case_002,2.73,5.16372302071174,14.972714485813317,2.0,0.52775718229371,0.3448728841497022,352.22422569017084,376.97914587324203,True,440.91273025299716,-1.909391513143836,-0.005896834614679214,793.136955943168,1.077640791729832,0.005248439348626066,560.6993133051573,-1.4412470396244732,-0.005767342983766577,937.6784591783993,0.551530137665761,0.005285821277362601
case_002,2.74,5.163714645865468,14.97270821100745,2.0,0.5277562202545178,0.3448725475591268,352.2236654569992,376.9785344088251,True,440.9125118833402,-1.9093902561541296,-0.005896846598590522,793.1361773403394,1.0776411630743739,0.005248407048750625,560.7001410639066,-1.441246546307303,-0.005767311735776215,937.6786754727317,0.5515312662046867,0.005285832377289412
case_002,2.75,5.163706517817991,14.972702121568625,2.0,0.5277552867004959,0.34487222091524017,352.2231216983685,376.9779409377478,True,440.9123001255776,-1.9093890365553603,-0.005896858218751522,793.1354218239461,1.0776415236078634,0.005248375714164144,560.70094454749,-1.441246067798123,-0.0057672813995937044,937.6788854852379,0.5515323615298083,0.005285843161975556
case_002,2.7600000000000002,5.163698629090456,14.972696212021107,2.0,0.527754380748253,0.34487190392350914,352.22259391459136,376.97736491318994,True,440.9120947387954,-1.9093878531845374,-0.005896869486767264,793.1346886533868,1.0776418736560125,0.005248345314606329,560.701724413634,-1.4412456035970937,-0.005767251949648999,937.6790893268239,0.551533424630553,0.005285853638490101
case_002,2.77,5.163690972482995,14.972690477050936,2.0,0.5277535015461827,0.3448715962981432,352.2220816259533,376.9768058099381,True,440.9118954920186,-1.9093867049149353,-0.0058968804140861475,793.1339771179719,1.0776422135279584,0.005248315820644944,560.7024813054205,-1.4412451532226125,-0.005767223361275331,937.6792871153586,0.5515344564610026,0.005285863813664637
case_002,2.7800000000000002,5.163683541062142,14.972684911501144,2.0,0.5277526482739407,0.3448712977618517,352.22158437159743,376.9762631232534,True,440.9117021650016,-1.9093855906567354,-0.005896891011939187,793.133286536599,1.0776425435178287,0.005248287203725277,560.7032158529382,-1.4412447162123363,-0.005767195610606013,937.6794789761916,0.5515354579417923,0.005285873694185206
case_002,2.79,5.163676328147456,14.972679510367092,2.0,0.5277518201416579,0.34487100804560394,352.22110170836066,376.9757363676913,True,440.9115145487079,-1.9093845093572677,-0.005896901291286227,793.1326162570685,1.0776428639063234,0.005248259436207436,560.7039286744821,-1.4412442921237636,-0.005767168674483347,937.6796650421734,0.5515364299620255,0.005285883286667403
case_002,2.8000000000000003,5.163669327297644,14.97267426879197,2.0,0.5277510163889324,0.34487072688839143,352.22063320958586,376.9752250758595,True,440.91133244548183,-1.909383460000862,-0.00589691126277081,793.1319656550677,1.0776431749622337,0.005248232491389837,560.7046203773612,-1.4412438805344023,-0.005767142530380076,937.6798454532207,0.5515373733811332,0.0052858925977131155
case_002,2.81,5.163662532296633,14.972669182062402,2.0,0.5277502362836508,0.3448704540369948,352.22017846396227,376.97472879721863,True,440.91115566895905,-1.9093824416083527,-0.005896920936684036,793.1313341329213,1.0776434769438947,0.005248206343520967,560.7052915583438,-1.4412434810415728,-0.005767117156334101,937.6800203555624,0.5515382890306721,0.005285901633951873
case_002,2.82,5.163655937139712,14.972664245604228,2.0,0.5277494791206823,0.3448701892457536,352.2197370743926,376.9742470968773,True,440.910984043722,-1.9093814532362612,-0.005896930322938754,793.1307211181146,1.0776437701004833,0.0052481809677973335,560.7059428038049,-1.4412430932618867,-0.005767092530896023,937.6801899006822,0.5515391777160001,0.005285910402065386
case_002,2.83,5.163649536020386,14.972659454978372,2.0,0.5277487442204934,0.3448699322763403,352.2193086569288,376.9737795544737,True,440.9108174048124,-1.9093804939757404,-0.005896939431051185,793.1301260617412,1.0776440546732136,0.005248156340352639,560.7065746896448,-1.4412427168304784,-0.005767068633088068,937.6803542441185,0.5515400402178455,0.00528591890879998
case_002,2.84,5.16364332331779,14.972654805876848,2.0,0.5277480309277234,0.3448696828975387,352.2188928397818,376.9733257631117,True,440.91065559706544,-1.9093795629513026,-0.005896948270132429,793.1295484368472,1.0776443308963566,0.0052481324382360195,560.7071877810183,-1.4412423514000265,-0.0057670454423743855,937.68051354413,0.5515408772937277,0.005285927160966208
case_002,2.85,5.163637293585057,14.972650294118896,2.0,0.5277473386097571,0.34486944088502736,352.21848926243473,376.97288532839707,True,440.91049847434743,-1.9093786593193807,-0.00589695684888758,793.1289877367822,1.0776445989981116,0.005248109239383125,560.7077826319409,-1.4412419966396315,-0.005767022938640676,937.6806679603379,0.5515416896792432,0.005285935165429412
case_002,2.86,5.163631441538668,14.972645915647222,2.0,0.5277466666553295,0.3448692060211681,352.21809757484175,376.9724578675771,True,440.9103458987381,-1.9093777822668023,-0.0058969651756212715,793.1284434735799,1.0776448592013166,0.005248086722580869,560.7083597848069,-1.4412416522335951,-0.0057670011021825895,937.680817652384,0.5515424780891967,0.005285942929092291
case_002,2.87,5.163625762048913,14.972641666524355,2.0,0.5277460144731865,0.34486897809479955,352.217717436732,376.97204300875944,True,440.91019773968,-1.9093769310091901,-0.005896973258249394,793.127915176412,1.0776451117240111,0.00524806486742746,560.7089197698963,-1.4412413178801635,-0.0057669799137001765,937.6809627786557,0.5515432432186009,0.005285950458871924
case_002,2.88,5.163620250131371,14.972637542929107,2.0,0.5277453814908232,0.34486875690103785,352.2173485170176,376.97164039027075,True,440.91005387311884,-1.9093761047893547,-0.005896981104315802,793.1274023901365,1.077645356779855,0.005248043654289158,560.7094631048619,-1.441240993290256,-0.005766959354298606,937.6811034951327,0.5515439857435339,0.005285957761673288
case_002,2.89,5.163614900939507,14.972633541153149,2.0,0.5277447671533175,0.3448685422410811,352.21699049328805,376.9712496600754,True,440.90991418068046,-1.909375302875695,-0.005896988721012519,793.1269046739685,1.0776455945784122,0.005248023064255314,560.7099902942651,-1.4412406781862317,-0.005766939405492555,937.6812399543405,0.5515447063218719,0.005285964844359892
case_002,2.9,5.16360970975834,14.972629657597672,2.0,0.5277441709222674,0.34486833392202204,352.216643051402,376.97087047531227,True,440.9097785489048,-1.909374524560675,-0.005896996115202113,793.1264216003068,1.0776458253253387,0.005248003079093566,560.7105018291878,-1.4412403723007283,-0.005766920049212754,937.6813723045001,0.5515454055939188,0.005285971713725135
case_002,2.91,5.163604671998959,14.972625888770168,2.0,0.5277435922748378,0.3448681317566655,352.216305885156,376.97050250191705,True,440.90964686852146,-1.9093737691593478,-0.005897003293442615,793.1259527536774,1.0776460492224538,0.005247983681204826,560.710998186894,-1.441240075375572,-0.005766901267815205,937.6815006888111,0.5515460841829241,0.0052859783764633295
case_002,2.92,5.163599783194006,14.972622231281289,2.0,0.5277430307029194,0.34486793556335243,352.2159786960285,376.9701454143026,True,440.9095190338212,-1.9093730360079975,-0.005897010262012503,793.1254977298497,1.0776462664677553,0.0052479648535807,560.711479830617,-1.4412397871608071,-0.005766883044089732,937.6816252449196,0.551546742695528,0.005285984839143165
case_002,2.93,5.163595038993881,14.9726186818418,2.0,0.5277424857123956,0.34486774516579044,352.21566119297023,376.96979889513375,True,440.90939494211415,-1.9093723244628928,-0.005897017026935236,793.1250561350844,1.077646477255357,0.005247946579763019,560.7119472094289,-1.441239507413834,-0.0057668653612686915,937.6817461045626,0.5515473817221398,0.005285991108184118
case_002,2.94,5.163590435163604,14.972615237259635,2.0,0.5277419568225142,0.3448675603928896,352.2153530922685,376.9694626351237,True,440.90927449325795,-1.9093716338991458,-0.005897023594003903,793.1246275855265,1.0776466817753931,0.0052479288438064264,560.7124007582237,-1.4412392358986674,-0.005766848203034247,937.6818633933474,0.5515480018372517,0.005285997189835467
case_002,2.95,5.163585967580177,14.972611894437025,2.0,0.5277414435653539,0.3448673810786044,352.21505411742646,376.9691363329043,True,440.9091575892894,-1.9093709637097032,-0.005897029968803813,793.1242117067159,1.0776468802138928,0.00524791163024424,560.7128408977841,-1.4412389723853183,-0.005766831553524421,937.6819772306884,0.551548603599719,0.00528600309015953
case_002,2.96,5.163581632230483,14.972608650367713,2.0,0.5277409454853764,0.34486720706178203,352.2147639990822,376.9688196949121,True,440.90904413413983,-1.909370313304464,-0.005897036156733204,793.123808133222,1.077647072752644,0.005247894924058305,560.7132680349722,-1.441238716649295,-0.005766815397336089,937.6820877298843,0.5515491875530235,0.0052860088150191165
case_002,2.97,5.163577425209356,14.972605502134265,2.0,0.5277404621390539,0.3448670381860153,352.21448247495067,376.96851243529534,True,440.9089340334148,-1.9093696821094959,-0.005897042163022559,793.1234165083655,1.0776472595690478,0.00524787871065191,560.7136825629761,-1.441238468471212,-0.005766799719526539,937.6821949982715,0.551549754225499,0.005286014370067926
case_002,2.98,5.163573342717943,14.972602446905434,2.0,0.5277399930945617,0.3448668742995007,352.214209289767,376.9682142758613,True,440.9088271942564,-1.9093690695663779,-0.005897047992751092,793.1230364840234,1.0776474408359908,0.005247862975826745,560.714084861634,-1.4412382276364948,-0.005766784505612521,937.6822991374953,0.5515503041305657,0.005286019760745664
case_002,2.99,5.163569381062298,14.972599481933624,2.0,0.5277395379315198,0.3448667152549028,352.2139441952396,376.96792494598935,True,440.9087235252789,-1.909368475131642,-0.005897053650860462,793.1226677205185,1.0776476167217377,0.005247847705763753,560.7144752978597,-1.4412379939351914,-0.005766769741565481,937.6824002438491,0.5515508377669698,0.0052860249922767055
case_002,3.0,5.1635655366517925,14.972596604552416,2.0,0.5277390962407797,0.34486656090922163,352.21368695000047,376.96764418258385,True,440.9086229365205,-1.909367898276284,-0.005897059142167538,793.122309886521,1.0776477873898276,0.00524783288700581,560.7148542260513,-1.4412377671618364,-0.005766755413806668,937.6824984086352,0.5515513556190085,0.005286030069670988
case_002,3.0100000000000002,5.1635618059978095,14.972593812174178,2.0,0.5277386676242375,0.3448664111236658,352.2134373195446,376.96737172999826,True,440.9085253394908,-1.9093673384853818,-0.005897064471372837,793.1219626590354,1.077647952999034,0.005247818506445401,560.7152219885994,-1.4412375471153984,-0.005766741509197926,937.6825937185977,0.551551858156798,0.005286034997729228
case_002,3.02,5.163558185712135,14.972591102287724,2.0,0.5277382516946685,0.3448662657635292,352.21319507616056,376.9671073399504,True,440.9084306471967,-1.9093667952577427,-0.0058970696430690195,793.1216257233573,1.07764811370331,0.005247804551312574,560.7155789163792,-1.4412373335992636,-0.005766728015031974,937.6826862563296,0.5515523458365256,0.005286039781048968
case_002,3.0300000000000002,5.163554672505434,14.972588472456069,2.0,0.5277378480755754,0.3448661246980721,352.2129599988516,376.96685077143707,True,440.9083387742327,-1.909366268105624,-0.0058970746617457714,793.1212987730843,1.0776482696518073,0.005247791009166947,560.7159253292734,-1.4412371264212633,-0.005766714919020255,937.6827761007105,0.5515528191007414,0.005286044424033687
case_002,3.04,5.163551263185495,14.972585920314229,2.0,0.5277374564010386,0.344865987800406,352.21273187323374,376.9666017906287,True,440.90824963686447,-1.9093657565544888,-0.0058970795317938585,793.1209815100982,1.0776484209888997,0.005247777867890435,560.7162615366859,-1.4412369253937207,-0.005766702209279995,937.6828633273146,0.5515532783786564,0.005286048930902787
case_002,3.0500000000000003,5.1635479546554075,14.972583443567094,2.0,0.5277370763155654,0.3448658549473814,352.2125104914238,376.9663601707415,True,440.90816315312657,-1.9093652601427786,-0.005897084257507512,793.1206736445504,1.0776485678542425,0.005247765115681646,560.716587838058,-1.4412367303335158,-0.005766689874319719,937.6829480087995,0.5515537240864581,0.005286053305702587
case_002,3.06,5.1635447439115625,14.972581039987364,2.0,0.5277367074739336,0.3448657260194796,352.2122956519101,376.96612569190484,True,440.90807924291875,-1.9093647784217163,-0.005897088843085652,793.1203748948288,1.0776487103828616,0.005247752741051381,560.7169045233534,-1.4412365410621482,-0.005766677903024708,937.6830302152582,0.5515541566276396,0.005286057552317758
case_002,3.0700000000000003,5.163541628041591,14.972578707413547,2.0,0.5277363495410238,0.34486560090070767,352.2120871594107,376.9658981410124,True,440.9079978281014,-1.909364310955114,-0.00589709329263205,793.1200849875121,1.077648848705266,0.005247740732818917,560.7172118735409,-1.441236357405803,-0.005766666284641342,937.6831100145533,0.5515545763933491,0.005286061674483589
case_002,3.08,5.163538604222054,14.972576443748006,2.0,0.5277360021916396,0.3448654794784958,352.2118848247202,376.9656773115472,True,440.9079188325693,-1.9093638573191778,-0.005897097610155166,793.1198036572895,1.0776489829475737,0.005247729080108454,560.7175101610309,-1.4412361791953991,-0.0057666550087620005,937.6831874725781,0.5515549837627366,0.005286065675796925
case_002,3.09,5.163535669716136,14.972574246955082,2.0,0.527735665110316,0.3448653616435982,352.2116884645409,376.9654630034263,True,440.9078421823184,-1.9093634171023106,-0.005897101799567428,793.1195306468593,1.077649113231658,0.0052477177723456725,560.7177996500839,-1.4412360062666232,-0.005766644065309967,937.6832626535102,0.5515553791033186,0.0052860695597278795
case_002,3.1,5.163532821871218,14.972572115059249,2.0,0.5277353379911108,0.3448652472899962,352.2114979013125,376.9652550227895,True,440.90776780550044,-1.9093629899049094,-0.00589710586468406,793.1192657068129,1.0776492396753068,0.005247706799254681,560.7180805972006,-1.441235838459948,-0.005766633444524272,937.6833356199901,0.5515557627713389,0.005286073329629826
case_002,3.11,5.1635300581163825,14.972570046143352,2.0,0.5277350205373842,0.3448651363148045,352.2113129630221,376.9650531818327,True,440.9076956324593,-1.9093625753391557,-0.005897109809221923,793.1190085954814,1.0776493623923884,0.005247696150854186,560.7183532514595,-1.4412356756206213,-0.005766623136945759,937.6834064332921,0.5515561351121389,0.005286076988749555
case_002,3.12,5.163527375959819,14.972568038346866,2.0,0.5277347124615673,0.34486502861817964,352.2111334830316,376.9648572985949,True,440.9076255957331,-1.909362173028769,-0.005897113636799012,793.1187590787647,1.0776494814930144,0.00524768581745344,560.7186178548294,-1.441235517598642,-0.0057666131334033754,937.6834751534243,0.5515564964605127,0.005286080540235438
case_002,3.13,5.163524772986341,14.972566089864236,2.0,0.5277344134849185,0.34486492410323083,352.2109592998857,376.96466719676687,True,440.90755763006365,-1.9093617826087785,-0.005897117350933345,793.1185169299494,1.0776495970837194,0.005247675789648132,560.7188746424555,-1.4412353642487041,-0.005766603425001349,937.6835418392224,0.5515568471410747,0.005286083987145529
case_002,3.14,5.163522246854768,14.972564198943239,2.0,0.5277341233372715,0.34486482267593377,352.2107902571237,376.9644827054972,True,440.9074916723704,-1.9093614037252546,-0.0058971209550428005,793.1182819294941,1.0776497092676185,0.005247666058315059,560.719123842896,-1.4412352154301251,-0.0057665940031075835,937.6836065483932,0.5515571874686013,0.005286087332453948
case_002,3.15,5.163519795295445,14.972562363883423,2.0,0.5277338417567785,0.34486472424504544,352.21062620310096,376.96430365917956,True,440.9074276617211,-1.9093610360350441,-0.005897124452444946,793.1180538648221,1.07764981814458,0.005247656614607077,560.7193656783634,-1.4412350710067545,-0.0057665848593421165,937.6836693375429,0.5515575177483801,0.0052860905790566015
case_002,3.16,5.1635174161076804,14.97256058303456,2.0,0.5277335684896485,0.3448646287220233,352.2104669908057,376.9641298972783,True,440.9073655392722,-1.9093606792054776,-0.005897127846357875,793.1178325300779,1.0776499238113681,0.005247647449946602,560.7196003648963,-1.4412349308468624,-0.00576657598556779,937.6837302621747,0.5515578382765327,0.0052860937297755095
case_002,3.17,5.163515107157419,14.972558854795176,2.0,0.5277333032898844,0.34486453602094463,352.210312477691,376.9639612641347,True,440.90730524822493,-1.909360332914087,-0.0058971311399004245,793.1176177259159,1.077650026361809,0.005247638556020007,560.7198281125577,-1.4412347948230144,-0.005766567373880316,937.6837893766924,0.5515581493403422,0.0052860967873630815
case_002,3.18,5.16351286637481,14.972557177611105,2.0,0.5277330459190225,0.3448644460584294,352.21016252549936,376.96379760878165,True,440.90724673374194,-1.9093599968482986,-0.005897134336094123,793.1174092592413,1.0776501258869071,0.005247629924769959,560.7200491255763,-1.4412346628119372,-0.005766559016600448,937.683846734358,0.551558451218549,0.005286099754504392
case_002,3.19,5.163510691751991,14.972555549974086,2.0,0.5277327961458721,0.344864358753565,352.2100170001045,376.96363878477314,True,440.90718994288386,-1.9093596707051335,-0.005897137437864297,793.1172069429883,1.077650222474988,0.0052476215483888144,560.7202636025005,-1.4412345346943736,-0.005766550906265933,937.6839023872736,0.5515587441816486,0.005286102633819789
case_002,3.2,5.1635085813408566,14.972553970420423,2.0,0.5277325537462632,0.3448642740278326,352.2098757713697,376.9634846500252,True,440.90713482451093,-1.9093593541908909,-0.0058971404480429035,793.1170105958806,1.0776503162118067,0.005247613419310848,560.7204717363111,-1.441234410354927,-0.005766543035625293,937.6839563863363,0.5515590284921638,0.005286105427866061
case_002,3.21,5.163506533251099,14.972552437529648,2.0,0.5277323185027992,0.3448641918050363,352.209738712989,376.9633350666469,True,440.9070813292241,-1.9093590470208612,-0.005897143369369917,793.1168200422131,1.0776504071806614,0.005247605530205091,560.7206737145697,-1.441234289681919,-0.005766535397630612,937.6840087812166,0.5515593044049133,0.005286108139138046
case_002,3.22,5.163504545648083,14.972550949923257,2.0,0.527732090204618,0.34486411201123396,352.2096057023656,376.9631899008034,True,440.90702940925553,-1.9093587489190016,-0.005897146204496995,793.1166351116211,1.0776504954624777,0.005247597873967058,560.7208697194976,-1.4412341725672224,-0.005766527985433034,937.684059620301,0.5515595721672503,0.005286110770068464
case_002,3.23,5.163502616751107,14.972549506263471,2.0,0.5277318686471618,0.3448640345746701,352.20947662047297,376.9630490225803,True,440.9069790184052,-1.9093584596176563,-0.005897148955989584,793.1164556388782,1.0776505811359034,0.005247590443711425,560.7210599281136,-1.4412340589061163,-0.0057665207923766615,937.6841089506939,0.5515598320193137,0.005286113323029362
case_002,3.24,5.1635007448315715,14.972548105252029,2.0,0.5277316536319572,0.34486395942571074,352.2093513517488,376.962912305832,True,440.9069301119459,-1.9093581788572527,-0.005897151626330477,793.1162814636947,1.077650664277383,0.005247583232764252,560.7212445123355,-1.441233948597144,-0.00576651381199389,937.6841568181675,0.5515600841942377,0.005286115800331448
case_002,3.25,5.163498928211341,14.972546745629014,2.0,0.5277314449664048,0.3448638864967806,352.2092297839713,376.9627796280861,True,440.9068826465616,-1.9093579063860313,-0.005897154217922307,793.1161124305329,1.0776507449612287,0.005247576234655549,560.7214236390813,-1.4412338415419592,-0.0057665070380010786,937.6842032671674,0.551560328918374,0.0052861182042248656
case_002,3.2600000000000002,5.16349716526114,14.972545426171742,2.0,0.5277312424635804,0.34486381572230146,352.2091118081639,376.9626508704123,True,440.9068365802618,-1.9093576419597684,-0.005897156733091213,793.1159483884257,1.0776508232596778,0.005247569443111777,560.721597470383,-1.4412337376452025,-0.005766500464294055,937.6842483407953,0.5515605664114883,0.0052861205368990305
case_002,3.27,5.163495454399052,14.972544145693632,2.0,0.5277310459420451,0.34486374703863254,352.20899731849823,376.96252591731604,True,440.9067918723122,-1.9093573853415067,-0.005897159174090061,793.1157891908105,1.0776508992429483,0.005247562852048637,560.7217661634921,-1.4412336368143643,-0.005766494084944118,937.6842920808082,0.5515607968869501,0.005286122800482684
case_002,3.2800000000000002,5.1634937940891446,14.97254290304317,2.0,0.5277308552256671,0.3448636803840137,352.208886212195,376.96240465664573,True,440.9067484831878,-1.9093571363013224,-0.005897161543100882,793.1156346953828,1.0776509729792996,0.005247556455564573,560.7219298709915,-1.441233538959673,-0.0057664878941939834,937.6843345276372,0.5515610205519224,0.005286124997044506
case_002,3.29,5.163492182840087,14.972541697102852,2.0,0.5277306701434518,0.3448636156985088,352.20877838944017,376.9622869794805,True,440.9067063745038,-1.9093568946160753,-0.005897163842238429,793.115484763944,1.0776510445350647,0.005247550247933774,560.7220887409142,-1.4412334439939847,-0.005766481886453678,937.6843757203947,0.551561237607529,0.00528612712859311
case_002,3.3000000000000003,5.163490619203869,14.972540526788192,2.0,0.5277304905293824,0.34486355292395204,352.20867375330744,376.9621727800595,True,440.9066655089675,-1.909356660069187,-0.005897166073552895,793.1153392622749,1.0776511139747034,0.005247544223600187,560.7222429168452,-1.4412333518326743,-0.005766476056297043,937.6844156969047,0.5515614482490271,0.005286129197077882
case_002,3.31,5.163489101774621,14.972539391046737,2.0,0.5277303162222686,0.34486349200389554,352.20857220967525,376.96206195568266,True,440.90662585033374,-1.9093564324504235,-0.005897168239032635,793.115198060009,1.0776511813608418,0.005247538377171512,560.7223925380524,-1.4412332623935526,-0.005766470398457457,937.6844544937351,0.55156165266597,0.005286131204389644
case_002,3.3200000000000003,5.163487629187419,14.972538288857127,2.0,0.5277301470656035,0.3448634328835577,352.20847366715583,376.96195440663007,True,440.90658736336894,-1.9093562115556983,-0.005897170340606606,793.1150610305248,1.077651246754312,0.005247532703413771,560.7225377396021,-1.4412331755967753,-0.005766464907823954,937.6844921462322,0.5515618510423627,0.005286133152361594
case_002,3.33,5.163486200117145,14.972537219228176,2.0,0.5277299829074265,0.34486337550977497,352.20837803701704,376.9618500360789,True,440.9065500138097,-1.9093559971868739,-0.0058971723801469755,793.1149280508267,1.077651310214189,0.005247527197245749,560.7226786524725,-1.4412330913647675,-0.005766459579437666,937.6845286885514,0.551562043556809,0.005286135042769979
case_002,3.34,5.163484813277428,14.972536181197981,2.0,0.5277298236001943,0.3448633198309531,352.20828523311746,376.96174875004,True,440.906513768337,-1.9093557891515835,-0.00589717435947118,793.1147990014545,1.0776513717978302,0.005247521853734227,560.7228154036791,-1.4412330096221506,-0.0057664544084875535,937.6845641537191,0.5515622303826707,0.0052861368773359785
case_002,3.35,5.163483467419562,14.972535173833053,2.0,0.5277296690006567,0.3448632657970213,352.2081951718361,376.96165045726787,True,440.9064785945468,-1.909355587263058,-0.00589717628034403,793.1146737663829,1.0776514315609163,0.005247516668089258,560.7229481163942,-1.441232930295681,-0.005766449390306572,937.684598573662,0.5515624116882013,0.00528613865772648
case_002,3.36,5.163482161331511,14.972534196227484,2.0,0.5277295189697376,0.3448632133593873,352.20810777201007,376.9615550691924,True,440.9064444609238,-1.9093553913399581,-0.005897178144479709,793.1145522329339,1.0776514895574845,0.005247511635659785,560.7230769100697,-1.4412328533141892,-0.005766444520367564,937.6846319792621,0.5515625876366922,0.00528614038555586
case_002,3.37,5.163480893836874,14.972533247502124,2.0,0.5277293733724204,0.3448631624708933,352.2080229548615,376.961462499857,True,440.9064113368234,-1.909355201206222,-0.0058971799535433855,793.1144342916849,1.0776515458399705,0.005247506751929365,560.7232019005418,-1.4412327786085215,-0.005766439794279765,937.6846644003988,0.5515627583866105,0.005286142062387422
case_002,3.38,5.1634796637939475,14.972532326803801,2.0,0.5277292320776371,0.34486311308577394,352.2079406439413,376.9613726658313,True,440.9063791924544,-1.909355016690913,-0.00589718170915271,793.1143198363957,1.0776516004592482,0.005247502012512506,560.7233232001662,-1.4412327061114951,-0.005766435207784137,937.6846958659975,0.5515629240917322,0.005286143689735068
case_002,3.39,5.163478470094741,14.972531433304543,2.0,0.5277290949581611,0.3448630651596156,352.20786076506147,376.961285486158,True,440.90634799885606,-1.9093548376280818,-0.005897183412879425,793.1142087639175,1.077651653464671,0.005247497413150726,560.7234409179189,-1.4412326357578453,-0.0057664307567499296,937.6847264040769,0.5515630849012796,0.005286145269065123
case_002,3.4,5.163477311664025,14.972530566200842,2.0,0.5277289618905024,0.3448630186493158,352.2077832462367,376.9612008822737,True,440.90631772787987,-1.9093546638566161,-0.005897185066250865,793.1141009741166,1.0776517049041048,0.005247492949708943,560.723555159507,-1.4412325674841786,-0.005766426437170735,937.6847560417807,0.551563240960042,0.00528614680179762
case_002,3.41,5.163476187458461,14.972529724712922,2.0,0.5277288327548055,0.34486297351304535,352.20770801761824,376.9611187779559,True,440.9062883521855,-1.9093544952201231,-0.00589718667075062,793.1139963698038,1.0776517548239801,0.00524748861817248,560.7236660274812,-1.44123250122893,-0.005766422245160496,937.6847848054371,0.551563392408518,0.005286148289308679
case_002,3.42,5.163475096465638,14.97252890808405,2.0,0.5277287074347498,0.3448629297102103,352.20763501143364,376.9610390992349,True,440.90625984520824,-1.9093543315667858,-0.005897188227820427,793.1138948566419,1.0776518032693203,0.005247484414643122,560.7237736213383,-1.4412324369323213,-0.0057664181769497835,937.6848127205732,0.5515635393830247,0.0052861497329314
case_002,3.43,5.163474037703237,14.972528115579845,2.0,0.5277285858174514,0.34486288720141595,352.20756416193495,376.9609617743539,True,440.90623218115985,-1.9093541727492498,-0.005897189738860553,793.1137963430948,1.0776518502837968,0.0052474803353368404,560.7238780376229,-1.441232374536318,-0.005766414228881966,937.6848398119768,0.551563682015834,0.005286151133958361
case_002,3.44,5.163473010218104,14.97252734648762,2.0,0.5277284677933677,0.344862845948431,352.2074954053279,376.9608867336898,True,440.9062053350002,-1.909354018624491,-0.005897191205231356,793.1137007403281,1.0776518959097545,0.005247476376579907,560.7239793700122,-1.4412323139845817,-0.005766410397410104,937.684866103702,0.5515638204352815,0.005286152493642393
case_002,3.45,5.163472013085442,14.97252660011575,2.0,0.5277283532562027,0.34486280591415375,352.20742867972604,376.96081390969186,True,440.906179282426,-1.909353869053701,-0.0058971926282540554,793.1136079621521,1.077651940188266,0.005247472534806508,560.7240777094252,-1.4412322552224384,-0.005766406679092784,937.684891619117,0.5515639547658913,0.005286153813198691
case_002,3.46,5.163471045407966,14.97252587579303,2.0,0.5277282421028148,0.3448627670625789,352.20736392508474,376.9607432368264,True,440.9061539998591,-1.909353723902172,-0.005897194009211459,793.1135179249438,1.0776519831591653,0.0052474688065556885,560.7241731441026,-1.441232198196831,-0.0057664030705910085,937.6849163809289,0.5515640851284894,0.0052861550938062
case_002,3.47,5.163470106315062,14.972525172868089,2.0,0.5277281342331261,0.34486272935876455,352.20730108315024,376.9606746515076,True,440.9061294644225,-1.9093535830391801,-0.005897195349349238,793.1134305475728,1.0776520248610872,0.005247465188468359,560.7242657596889,-1.4412321428562784,-0.005766399568665037,937.6849404111965,0.5515642116403087,0.005286156336608616
case_002,3.48,5.163469194962014,14.972524490708803,2.0,0.5277280295500333,0.34486269276880155,352.2072400974006,376.9606080920455,True,440.9061056539276,-1.90935344633787,-0.00589719664987659,793.1133457513282,1.0776520653315063,0.005247461677284682,560.724355639318,-1.4412320891508341,-0.005766396170171051,937.6849637313635,0.5515643344151067,0.005286157542716163
case_002,3.49,5.163468310529174,14.972523828701718,2.0,0.5277279279593203,0.3448626572597825,352.2071809130052,376.9605434985916,True,440.9060825468493,-1.9093533136751488,-0.005897197911967411,793.1132634598545,1.0776521046067753,0.005247458269841299,560.7244428636802,-1.4412320370320446,-0.0057663928720583235,937.6849863622718,0.5515644535632636,0.005286158713206479
case_002,3.5,5.163467452221277,14.9725231862515,2.0,0.5277278293695729,0.3448626227997725,352.2071234767536,376.96048081306867,True,440.90606012232024,-1.909353184931579,-0.0058971991367607335,793.1131835990739,1.0776521427221597,0.005247454963068554,560.7245275111121,-1.441231986452908,-0.005766389671365946,937.6850083241808,0.5515645691918887,0.005286159849125893
case_002,3.5100000000000002,5.163466619266657,14.972522562780412,2.0,0.5277277336920949,0.3448625893577803,352.2070677370202,376.96041997912596,True,440.90603836010337,-1.9093530599912691,-0.0058972003253620064,793.1131060971236,1.077652179711877,0.005247451753987997,560.7246096576556,-1.4412319373678337,-0.005766386565220272,937.6850296367816,0.5515646814049182,0.005286160951490426
case_002,3.52,5.1634658109165175,14.97252195772777,2.0,0.5277276408408276,0.3448625569037306,352.2070136437151,376.9603609420932,True,440.90601724057444,-1.9093529387417707,-0.005897201478843761,793.1130308842895,1.0776522156091284,0.005247448639709773,560.7246893771261,-1.4412318897325995,-0.005766383550832199,937.6850503192193,0.5515647903032159,0.005286162021287011
case_002,3.5300000000000002,5.163465026444254,14.972521370549462,2.0,0.5277275507322686,0.3448625254084364,352.20696114822647,376.9603036489111,True,440.9059967447048,-1.909352821073979,-0.005897202598246665,793.1129578929313,1.0776522504461294,0.005247445617429791,560.7247667411798,-1.4412318435043112,-0.00576638062549456,937.6850703900909,0.5515648959846573,0.005286163059473881
case_002,3.54,5.163464265144791,14.972520800717449,2.0,0.5277274632853958,0.3448624948435738,352.2069102033876,376.9602480480944,True,440.905976854044,-1.9093527068820308,-0.005897203684580188,793.1128870574316,1.0776522842541463,0.005247442684427672,560.7248418193776,-1.441231798641363,-0.0057663777865795685,937.685089867472,0.5515649985442277,0.005286164066981958
case_002,3.5500000000000003,5.163463526333895,14.972520247719293,2.0,0.527727378421591,0.34486246518165525,352.20686076342383,376.9601940896856,True,440.90595755070024,-1.9093525960632092,-0.005897204738823603,793.1128183141241,1.0776523170635233,0.0052474398380639165,560.7249146792391,-1.441231755103397,-0.005766375031536597,937.6851087689247,0.5515650980741094,0.005286165044715463
case_002,3.56,5.163462809347576,14.972519711057691,2.0,0.5277272960645673,0.3448624363960058,352.2068127839087,376.96014172519926,True,440.9059388173243,-1.9093524885178519,-0.00589720576192676,793.112751601233,1.0776523489037106,0.005247437075777572,560.7249853863049,-1.4412317128512624,-0.0057663723578898485,937.6851271115041,0.5515651946637614,0.005286165993552527
case_002,3.5700000000000003,5.16346211354142,14.972519190250033,2.0,0.5277272161402978,0.3448624084607386,352.2067662217333,376.9600909075765,True,440.90592063708283,-1.9093523841492481,-0.005897206754811257,793.1126868588161,1.0776523798032926,0.00524743439508385,560.725054004193,-1.441231671846983,-0.005766369763236023,937.6851449117695,0.5515652884000019,0.005286166914345913
case_002,3.58,5.163461438290072,14.972518684827962,2.0,0.5277271385769472,0.3448623813507319,352.20672103505785,376.9600415911581,True,440.9059029936543,-1.9093522828635632,-0.005897207718370823,793.1126240287122,1.0776524097900173,0.005247431793572066,560.7251205946501,-1.4412316320537135,-0.005766367245242432,937.6851621858082,0.5515653793670924,0.005286167807924069
case_002,3.59,5.1634607829866255,14.972518194336963,2.0,0.5277270633048043,0.3448623550416055,352.2066771832725,376.95999373161976,True,440.9058858712075,-1.9093521845697452,-0.0058972086534723744,793.11256305448,1.07765243889082,0.005247429268903092,560.7251852176084,-1.4412315934357085,-0.005766364801644719,937.6851789492282,0.5515654676468091,0.005286168675091241
case_002,3.6,5.163460147042046,14.972517718335945,2.0,0.5277269902562189,0.3448623295097004,352.2066346269651,376.9599472859512,True,440.90586925437816,-1.9093520891794349,-0.005897209560957017,793.1125038813433,1.0776524671318428,0.005247426818807188,560.7252479312314,-1.4412315559582836,-0.005766362430245142,937.6851952171826,0.5515655533185171,0.0052861695166284695
case_002,3.61,5.1634595298846815,14.97251725639685,2.0,0.5277269193655381,0.34486230473205615,352.2065933278855,376.95990221240277,True,440.9058531282615,-1.9093519966068935,-0.005897210441640599,793.112446456147,1.0776524945384665,0.005247424441082116,560.7253087919703,-1.4412315195877856,-0.005766360128910408,937.6852110043731,0.5515656364592428,0.0052861703332939824
case_002,3.62,5.1634589309597185,14.972516808104258,2.0,0.5277268505690468,0.34486228068639063,352.2065532489112,376.9598584704588,True,440.905837478393,-1.9093519067689153,-0.005897211296314653,793.1123907273042,1.0776525211353276,0.005247422133590918,560.7253678546056,-1.4412314842915563,-0.005766357895570118,937.6852263250644,0.5515657171437426,0.0052861711258238575
case_002,3.63,5.16345834972869,14.97251637305503,2.0,0.5277267838049099,0.3448622573510801,352.2065143540056,376.9598160207936,True,440.9058222907367,-1.909351819584757,-0.0058972121257470644,793.1123366447423,1.0776525469463383,0.005247419894259753,560.7254251723011,-1.441231450037903,-0.0057663557282147115,937.6852411930947,0.5515657954445687,0.005286171894932579
case_002,3.64,5.163457785669006,14.972515950857934,2.0,0.5277267190131151,0.34486223470513944,352.20647660819986,376.9597748252395,True,440.90580755167093,-1.9093517349760596,-0.005897212930682849,793.1122841598708,1.0776525719947139,0.005247417721076397,560.7254807966464,-1.4412314167960683,-0.005766353624893916,937.6852556218859,0.5515658714321355,0.005286172641313591
case_002,3.65,5.163457238273467,14.972515541133294,2.0,0.527726656135419,0.3448622127282037,352.2064399775513,376.95973484675494,True,440.90579324797136,-1.9093516528667773,-0.005897213711844984,793.1122332255227,1.0776525963029846,0.005247415612087913,560.7255347777046,-1.4412313845362013,-0.005766351583714913,937.6852696244596,0.5515659451747826,0.005286173365639968
case_002,3.66,5.16345670704981,14.97251514351265,2.0,0.5277265951152947,0.3448621914005094,352.20640442911457,376.95969604938693,True,440.90577936680467,-1.9093515731831072,-0.005897214469934908,793.1121837959192,1.0776526198930196,0.0052474135653990395,560.7255871640521,-1.4412313532293264,-0.005766349602840892,937.685283213439,0.5515660167388303,0.005286174068564631
case_002,3.67,5.163456191520314,14.972514757638429,2.0,0.5277265358978813,0.3448621707028769,352.20636993092,376.95965839824373,True,440.90576589571276,-1.9093514958534272,-0.005897215205633299,793.1121358266328,1.0776526427860482,0.0052474115791706355,560.725638002831,-1.441231322847326,-0.0057663476804891145,937.6852964010748,0.5515660861886474,0.005286174750721406
case_002,3.68,5.163455691221307,14.97251438316362,2.0,0.5277264784299335,0.3448621506166931,352.2063364519355,376.95962185945666,True,440.90575282259954,-1.90935142080822,-0.005897215919600851,793.112089274535,1.0776526650026708,0.005247409651617574,560.7256873397812,-1.4412312933628995,-0.005766345814929741,937.6853091992378,0.551566153586698,0.005286175412724914
case_002,3.69,5.1634552057028245,14.972514019751463,2.0,0.5277264226597759,0.34486213112389474,352.2063039620492,376.9595864001635,True,440.9057401357245,-1.9093513479800237,-0.005897216612478662,793.1120440977737,1.077652686562885,0.005247407781007574,560.7257352192902,-1.441231264749557,-0.005766344004483892,937.6853216194537,0.5515662189936094,0.005286176055171898
case_002,3.7,5.16345473452815,14.972513667075152,2.0,0.5277263685372554,0.344862112206952,352.20627243203336,376.9595519884648,True,440.90572782369026,-1.9093512773033616,-0.005897217284888956,793.1120002557236,1.0776527074860964,0.0052474059656592575,560.7257816844251,-1.4412312369815798,-0.005766342247522593,937.6853336728899,0.5515662824682123,0.005286176678640897
case_002,3.71,5.163454277273454,14.972513324817523,2.0,0.5277263160136982,0.3448620938488532,352.20624183352095,376.95951859340767,True,440.90571587543036,-1.909351208714687,-0.00589721793743575,793.1119577089513,1.0776527277911343,0.005247404203940653,560.7258267769739,-1.4412312100340046,-0.005766340542465165,937.6853453703816,0.5515663440676015,0.005286177283693294
case_002,3.72,5.163453833527452,14.972512992670795,2.0,0.527726265041865,0.344862076033089,352.20621213898903,376.9594861849481,True,440.905704280205,-1.9093511421523282,-0.005897218570705132,793.111916419194,1.0776527474962778,0.005247402494268194,560.7258705374973,-1.4412311838826053,-0.005766338887777334,937.6853567224454,0.551566403847189,0.0052861778708739315
case_002,3.73,5.163453402890972,14.972512670336274,2.0,0.5277262155759102,0.3448620587436377,352.20618332172086,376.9594547339309,True,440.90569302758587,-1.9093510775564275,-0.005897219185266145,793.1118763493067,1.0776527666192603,0.00524740083510461,560.7259130053403,-1.4412311585038615,-0.00576633728197079,937.6853677392712,0.5515664618607435,0.005286178440710998
case_002,3.74,5.1634529849766455,14.972512357524087,2.0,0.5277261675713402,0.34486204196495074,352.20615535579566,376.95942421206416,True,440.90568210745073,-1.9093510148688937,-0.00589721978167107,793.1118374632464,1.077652785177293,0.005247399224958149,560.7259542186902,-1.441231133874948,-0.005766335723601024,937.6853784307543,0.5515665181604485,0.005286178993717194
case_002,3.75,5.16345257940856,14.972512053952931,2.0,0.5277261209849752,0.3448620256819393,352.20612821605164,376.9593945918907,True,440.9056715099781,-1.9093509540333513,-0.005897220360455813,793.1117997260297,1.0776528031870785,0.005247397662380915,560.7259942146028,-1.44123110997371,-0.005766334211266322,937.6853888064935,0.551566572796945,0.005286179530389901
case_002,3.7600000000000002,5.163452185821886,14.972511759349805,2.0,0.52772607577491,0.34486200987995996,352.20610187807665,376.9593658467669,True,440.9056612256279,-1.9093508949950828,-0.005897220922140789,793.1117631037046,1.0776528206648188,0.005247396145967587,560.7260330290336,-1.4412310867786429,-0.005766332743606661,937.6853988758005,0.5515666258193747,0.005286180051211564
case_002,3.77,5.163451803862605,14.972511473449778,2.0,0.5277260319004775,0.344861994544802,352.20607631817774,376.9593379508326,True,440.9056512451445,-1.909350837700987,-0.00589722146723104,793.1117275633222,1.077652837626241,0.0052473946743543665,560.7260706968787,-1.4412310642688786,-0.005766331319302154,937.6854086477113,0.5515666772754269,0.005286180556650311
case_002,3.7800000000000002,5.1634514331871495,14.972511195995747,2.0,0.5277259893222109,0.34486197966267435,352.2060515133649,376.95931087899703,True,440.9056415595442,-1.90935078209953,-0.005897221996216728,793.1116930729091,1.0776528540866048,0.0052473932462176465,560.726107251998,-1.4412310424241606,-0.005766329937072101,937.685418130995,0.5515667272113812,0.005286181047160332
case_002,3.79,5.163451073462123,14.972510926738202,2.0,0.5277259480018107,0.3448619652201935,352.2060274413248,376.95928460690754,True,440.90563216010963,-1.9093507281406996,-0.005897222509573585,793.1116596014344,1.0776528700607162,0.005247391860272843,560.7261427272564,-1.4412310212248325,-0.005766328595673553,937.6854273341639,0.5515667756721483,0.005286181523182387
case_002,3.8000000000000003,5.163450724363976,14.972510665435003,2.0,0.527725907902109,0.3448619512043714,352.20600408040747,376.959259110939,True,440.9056230383774,-1.9093506757759595,-0.0058972230077634635,793.1116271187849,1.0776528855629424,0.005247390515273231,560.7261771545412,-1.4412310006518179,-0.0057663272939005306,937.6854362654802,0.5515668227013126,0.005286181985144189
case_002,3.81,5.163450385578747,14.972510411851166,2.0,0.5277258689870364,0.3448619376026035,352.2059814096046,376.9592343681546,True,440.9056141861385,-1.9093506249582086,-0.005897223491234449,793.1115955957431,1.0776529006072288,0.005247389210009112,560.726210564806,-1.4412309806866044,-0.005766326030582525,937.6854449329606,0.5515668683411666,0.005286182433460684
case_002,3.8200000000000003,5.163450056801733,14.972510165758646,2.0,0.5277258312215903,0.3448619244026577,352.2059594085248,376.95921035630465,True,440.9056055954218,-1.9093505756417344,-0.005897223960421638,793.1115650039466,1.0776529152071017,0.005247387943306148,560.726242988083,-1.441230961311225,-0.005766324804583833,937.6854533443876,0.5515669126327546,0.005286182868534606
case_002,3.83,5.163449737737264,14.972509926936137,2.0,0.527725794571803,0.3448619115926634,352.2059380573819,376.9591870537963,True,440.90559725849846,-1.9093505277821807,-0.005897224415747027,793.1115353158804,1.0776529293756898,0.005247386714024971,560.726274453522,-1.4412309425082468,-0.005766323614802171,937.6854615073183,0.5515669556159081,0.005286183290756863
case_002,3.84,5.163449428098408,14.972509695168872,2.0,0.5277257590047114,0.3448618991611004,352.20591733697546,376.9591644396709,True,440.90558916786466,-1.9093504813364983,-0.005897224857620342,793.1115065048401,1.0776529431257338,0.0052473855210598,560.7263049894148,-1.4412309242607517,-0.005766322460167839,937.6854694290856,0.5515669973292793,0.0052861837005067636
case_002,3.85,5.163449127606693,14.972509470248422,2.0,0.5277257244883272,0.3448618870967891,352.20589722867635,376.9591424935911,True,440.9055813162345,-1.9093504362629075,-0.005897225286439378,793.1114785449108,1.0776529564695954,0.005247384363337437,560.7263346232116,-1.4412309065523201,-0.005766321339642888,937.6854771168028,0.5515670378103759,0.005286184098152236
case_002,3.86,5.163448835991922,14.972509251972523,2.0,0.527725690991608,0.3448618753888801,352.20587771439733,376.9591211958301,True,440.90557369655,-1.9093503925208724,-0.005897225702589715,793.1114514109473,1.0776529694192718,0.00524738323981655,560.7263633815586,-1.4412308893670236,-0.0057663202522198476,937.6854845773887,0.5515670770956044,0.005286184484050882
case_002,3.87,5.16344855299185,14.972509040144883,2.0,0.5277256584844295,0.3448618640268446,352.2058587765952,376.95910052722616,True,440.90556630195164,-1.9093503500710491,-0.005897226106445941,793.1114250785469,1.0776529819864047,0.005247382149486557,560.726391290318,-1.441230872689403,-0.005766319196920944,937.6854918175442,0.5515671152202869,0.005286184858549259
case_002,3.88,5.163448278352002,14.972508834575008,2.0,0.527725626937558,0.34486185300046457,352.2058403982379,376.9590804692009,True,440.9055591257894,-1.9093503088752593,-0.005897226498371377,793.1113995240273,1.0776529941822914,0.005247381091366687,560.7264183745804,-1.4412308565044545,-0.0057663181727975465,937.6854988437813,0.5515671522187072,0.0052861852219839855
case_002,3.89,5.163448011825406,14.972508635078034,2.0,0.5277255963226241,0.3448618422998243,352.20582256280437,376.95906100371917,True,440.90555216160686,-1.909350268896453,-0.0058972268787186866,793.1113747244112,1.0776530060178984,0.005247380064505314,560.7264446587028,-1.4412308407976218,-0.0057663171789287815,937.685505662422,0.5515671881241352,0.005286185574681801
case_002,3.9,5.1634477531724245,14.972508441474554,2.0,0.5277255666120972,0.3448618319153006,352.2058052542546,376.95904211327434,True,440.90554540314446,-1.9093502300986773,-0.005897227247829928,793.111350657399,1.077653017503865,0.005247379067978897,560.7264701663253,-1.4412308255547808,-0.005766316214420919,937.6855122795996,0.551567222968857,0.005286185916959729
case_002,3.91,5.163447502160443,14.972508253590465,2.0,0.5277255377792605,0.3448618218375549,352.2057884570231,376.9590237808817,True,440.9055388443214,-1.9093501924470417,-0.005897227606037225,793.1113273013445,1.0776530286505157,0.0052473781008910425,560.7264949203832,-1.4412308107622218,-0.0057663152784068195,937.6855187012649,0.5515672567842044,0.005286186249125413
case_002,3.92,5.163447258563784,14.972508071256808,2.0,0.527725509798187,0.34486181205752436,352.20577215601327,376.9590059900563,True,440.905532479243,-1.9093501559076862,-0.005897227953662709,793.1113046352563,1.0776530394678776,0.005247377162372335,560.7265189431455,-1.4412307964066455,-0.005766314370044601,937.6855249332018,0.5515672896005869,0.0052861865714777245
case_002,3.93,5.163447022163367,14.972507894309611,2.0,0.5277254826437157,0.3448618025664139,352.2057563365621,376.9589887248036,True,440.9055263021829,-1.9093501204477508,-0.005897228291019185,793.111282638745,1.0776530499656694,0.0052473762515784506,560.7265422562095,-1.4412307824751398,-0.005766313488517694,937.6855309810131,0.5515673214475119,0.005286186884306376
case_002,3.94,5.1634467927466465,14.97250772258975,2.0,0.5277254562914289,0.34486179335568823,352.2057409844441,376.9589719695956,True,440.9055203075926,-1.909350086035351,-0.005897228618409911,793.1112612920367,1.0776530601533336,0.005247375367690488,560.7265648805485,-1.4412307689551809,-0.005766312633033177,937.6855368501441,0.5515673523536184,0.00528618718789281
case_002,3.95,5.163446570107313,14.972507555942798,2.0,0.5277254307176305,0.3448617844170644,352.2057260858583,376.95895570937023,True,440.9055144900802,-1.909350052639542,-0.005897228936129373,793.1112405759385,1.0776530700400306,0.005247374509913638,560.7265868365085,-1.4412307558346122,-0.0057663118028217775,937.6855425458788,0.5515673823466992,0.005286187482510141
case_002,3.96,5.163446354045176,14.972507394218892,2.0,0.5277254058993243,0.3448617757425038,352.20571162740526,376.9589399295013,True,440.9055088444175,-1.909350020230292,-0.005897229244463287,793.1112204718228,1.0776530796346502,0.005247373677476519,560.7266081438395,-1.4412307431016376,-0.005766310997136814,937.6855480733408,0.5515674114537248,0.005286187768423323
case_002,3.97,5.163446144365935,14.972507237272602,2.0,0.5277253818141937,0.3448617673242057,352.2056975960841,376.9589246158009,True,440.9055033655305,-1.9093499887784595,-0.00589722954368882,793.1112009616146,1.0776530889458202,0.005247372869630673,560.7266288217046,-1.4412307307448085,-0.0057663102152537005,937.6855534375055,0.5515674397008705,0.005286188045889595
case_002,3.98,5.163445940881024,14.97250708496278,2.0,0.527725358440581,0.34486175915459955,352.20568397927866,376.9589097545004,True,440.90549804849024,-1.909349958255762,-0.005897229834075202,793.1111820277689,1.0776530979819128,0.005247372085649571,560.7266488886992,-1.4412307187530145,-0.005766309456469332,937.6855586431996,0.551567467113538,0.005286188315158535
case_002,3.99,5.163445743407475,14.972506937152465,2.0,0.5277253357574683,0.34486175122633855,352.20567076474185,376.95889533223465,True,440.90549288852185,-1.9093499286347544,-0.005897230115883334,793.1111636532637,1.0776531067510549,0.005247371324828387,560.7266683628739,-1.4412307071154757,-0.005766308720101199,937.6855636951085,0.5515674937163789,0.00528618857647245
case_002,4.0,5.163445551767705,14.972506793708728,2.0,0.527725313744458,0.3448617435322931,352.20565794059,376.95888133603034,True,440.90548788098494,-1.909349899888801,-0.005897230389366681,793.111145821575,1.077653115261133,0.005247370586482947,560.7266872617456,-1.4412306958217291,-0.0057663080054869975,937.685568597776,0.5515675195333178,0.005286188830066374
case_002,4.01,5.163445365789367,14.972506654502576,2.0,0.5277252923817549,0.34486173606554377,352.2056454952925,376.95886775330587,True,440.9054830213769,-1.9093498719920519,-0.005897230654771157,793.1111285166694,1.0776531235198006,0.0052473698699493365,560.7267056023088,-1.4412306848616185,-0.005766307311984076,937.6855733556147,0.551567544587572,0.005286189076168513
case_002,4.0200000000000005,5.1634451853052,14.97250651940882,2.0,0.527725271650149,0.344861728819376,352.20563341765654,376.9588545718435,True,440.9054783053278,-1.9093498449194213,-0.005897230912335405,793.1111117229843,1.0776531315344835,0.0052473691745832385,560.7267234010575,-1.44123067422529,-0.005766306638968766,937.685577972901,0.5515675689016702,0.005286189315000134
case_002,4.03,5.163445010152929,14.972506388305973,2.0,0.5277252515309967,0.34486172178727326,352.20562169681745,376.9588417797879,True,440.90547372860254,-1.9093498186465674,-0.00589723116229085,793.11109542542,1.077653139312393,0.0052473684997594305,560.726740674004,-1.441230663903181,-0.005766305985835607,937.6855824537919,0.5515675924974817,0.005286189546776232
case_002,4.04,5.163444840175014,14.97250626107614,2.0,0.5277252320062051,0.3448617149629118,352.2056103222404,376.95882936563976,True,440.9054692870838,-1.9093497931498626,-0.005897231404862258,793.1110796093242,1.0776531468605255,0.005247367844871231,560.7267574366787,-1.4412306538860091,-0.005766305351997292,937.6855868023184,0.5515676153962262,0.0052861897717053075
case_002,4.05,5.163444675218584,14.9725061376049,2.0,0.5277252130582166,0.3448617083401545,352.20559928368976,376.95881731823147,True,440.9054649767756,-1.9093497684063796,-0.0058972316402678415,793.1110642604654,1.0776531541856642,0.0052473672093294454,560.7267737041566,-1.4412306441647662,-0.005766304736883776,937.685591022388,0.5515676376184956,0.005286189989989587
case_002,4.0600000000000005,5.163444515135312,14.972506017781217,2.0,0.527725194669991,0.34486170191304566,352.20558857124036,376.95880562672824,True,440.9054607938057,-1.909349744393868,-0.005897231868719155,793.111049365046,1.077653161294402,0.005247366592562808,560.7267894910686,-1.4412306347307122,-0.005766304139941836,937.6855951177969,0.5515676591842756,0.005286190201825469
case_002,4.07,5.163444359781229,14.972505901497344,2.0,0.5277251768249916,0.3448616956758055,352.2055781752614,376.95879428061517,True,440.9054567344116,-1.9093497210907344,-0.005897232090421589,793.111034909673,1.077653168193134,0.005247365994016762,560.7268048116139,-1.4412306255753635,-0.0057663035606345114,937.685599092229,0.5515676801129616,0.005286190407403524
case_002,4.08,5.163444209016605,14.972505788648702,2.0,0.5277251595071704,0.3448616896228248,352.20556808639947,376.9587832696885,True,440.90545279494086,-1.90934969847602,-0.005897232305574596,793.1110208813403,1.0776531748880607,0.005247365413152849,560.726819679565,-1.4412306166904847,-0.0057663029984409975,937.6856029492535,0.5515677004233728,0.005286190606908492
case_002,4.09,5.1634440627058735,14.972505679133809,2.0,0.527725142700953,0.3448616837486603,352.2055582955812,376.9587725840479,True,440.90544897185487,-1.9093496765293934,-0.005897232514371464,793.1110072674361,1.0776531813852062,0.005247364849448877,560.7268341082965,-1.4412306080680877,-0.005766302452855532,937.6856066923444,0.5515677201337776,0.0052861908005200076
case_002,4.1,5.1634439207174285,14.972505572854178,2.0,0.5277251263912255,0.3448616780480293,352.2055487940039,376.9587622140813,True,440.9054452617097,-1.9093496552311109,-0.005897232717000156,793.1109940557136,1.0776531876904123,0.005247364302397806,560.7268481107793,-1.441230599700416,-0.005766301923387618,937.6856103248606,0.5515677392618992,0.005286190988411987
case_002,4.11,5.163443782923604,14.972505469714243,2.0,0.5277251105633202,0.34486167251580546,352.20553957312075,376.9587521504635,True,440.90544166117354,-1.9093496345620236,-0.0058972329136426915,793.1109812342943,1.0776531938093505,0.005247363771507807,560.7268616996097,-1.4412305915799464,-0.00576630140956097,937.6856138500732,0.5515677578249418,0.005286191170753574
case_002,4.12,5.16344364920047,14.97250536962124,2.0,0.5277250952030025,0.3448616671470136,352.20553062463944,376.95874238414297,True,440.90543816700756,-1.9093496145035453,-0.00589723310447593,793.110968791647,1.077653199747526,0.005247363256301429,560.7268748870058,-1.441230583699376,-0.005766300910913513,937.6856172711488,0.5515677758395993,0.005286191347708635
case_002,4.13,5.163443519427756,14.972505272485163,2.0,0.5277250802964586,0.3448616619368256,352.2055219405121,376.9587329063379,True,440.9054347760658,-1.9093495950376318,-0.005897233289671622,793.1109567165779,1.0776532055102754,0.00524736275631521,560.726887684824,-1.4412305760516149,-0.00576630042699694,937.6856205911619,0.5515677933220705,0.005286191519436267
case_002,4.14,5.163443393488766,14.972505178218658,2.0,0.5277250658302829,0.34486165688055626,352.205513512931,376.9587237085233,True,440.90543148530037,-1.9093495761467802,-0.00589723346939619,793.1109449982314,1.0776532111027848,0.005247362271099676,560.7269001045751,-1.4412305686297864,-0.0057662999573759866,937.6856238130983,0.5515678102880786,0.005286191686090902
case_002,4.15,5.163443271270237,14.972505086736955,2.0,0.5277250517914652,0.3448616519736582,352.2055053343123,376.9587147824293,True,440.9054282917522,-1.9093495578140023,-0.005897233643811284,793.1109336260645,1.0776532165300805,0.0052473618002182865,560.7269121574246,-1.441230561427214,-0.005766299501628436,937.6856269398539,0.5515678267528804,0.0052861918478223635
case_002,4.16,5.163443152662263,14.972504997957785,2.0,0.5277250381673805,0.34486164721171886,352.20549739730666,376.95870612002875,True,440.9054251925478,-1.9093495400228095,-0.005897233813073777,793.1109225898545,1.0776532217970465,0.0052473613432477695,560.7269238542126,-1.441230554437421,-0.005766299059344393,937.6856299742414,0.5515678427312838,0.005286192004776147
case_002,4.17,5.163443037558178,14.972504911801307,2.0,0.5277250249457762,0.34486164259045593,352.2054896947743,376.9586977135299,True,440.90542218489907,-1.9093495227572013,-0.005897233977335936,793.1109118796734,1.0776532269084171,0.005247360899777009,560.7269352054578,-1.4412305476541216,-0.005766298630126121,937.6856329189877,0.5515678582376574,0.005286192157093306
case_002,4.18,5.163442925854468,14.972504828190047,2.0,0.5277250121147621,0.3448616381057134,352.2054822197867,376.9586895553721,True,440.90541926610257,-1.9093495060016517,-0.005897234136745422,793.1109014858893,1.0776532318687893,0.005247360469407214,560.7269462213675,-1.4412305410712136,-0.005766298213587651,937.6856357767396,0.5515678732859446,0.005286192304910786
case_002,4.19,5.163442817450687,14.97250474704881,2.0,0.5277249996627991,0.34486163375345846,352.2054749656228,376.9586816382217,True,440.9054164335337,-1.9093494897410932,-0.005897234291445563,793.1108913991565,1.077653236682625,0.005247360051751415,560.7269569118479,-1.4412305346827776,-0.005766297809354393,937.6856385500696,0.5515678878896808,0.005286192448361593
case_002,4.2,5.163442712249333,14.97250466830463,2.0,0.5277249875786891,0.34486162952977695,352.2054679257592,376.95867395495804,True,440.9054136846429,-1.9093494739609005,-0.005897234441575583,793.1108816104021,1.077653241354252,0.005247359646433913,560.7269672865095,-1.4412305284830669,-0.005766297417062971,937.6856412414676,0.551567902061996,0.0052861925875745674
case_002,4.21,5.163442610155816,14.972504591886693,2.0,0.5277249758515651,0.3448616254308706,352.20546109386703,376.95866649866855,True,440.90541101695794,-1.9093494586468827,-0.0058972345872704834,793.110872110825,1.0776532458878714,0.005247359253090278,560.7269773546878,-1.4412305224665085,-0.0057662970363603905,937.6856438533564,0.5515679158156368,0.005286192722674998
case_002,4.22,5.163442511078308,14.972504517726279,2.0,0.5277249644708807,0.3448616214530534,352.2054544637974,376.95865926265446,True,440.90540842808,-1.9093494437852674,-0.005897234728661327,793.1108628918774,1.0776532502875587,0.00524735887136657,560.7269871254284,-1.441230516627687,-0.005766296666904591,937.6856463880829,0.5515679291629706,0.005286192853784288
case_002,4.23,5.163442414927734,14.972504445756693,2.0,0.5277249534264015,0.344861617592748,352.20544802959256,376.95865224040233,True,440.90540591568373,-1.9093494293626925,-0.005897234865875123,793.1108539452763,1.0776532545572732,0.005247358500919785,560.7269966075262,-1.4412305109613563,-0.005766296308363061,937.6856488479285,0.5515679421160011,0.005286192981020399
case_002,4.24,5.1634423216176115,14.972504375913218,2.0,0.5277249427081955,0.34486161384648306,352.205441785468,376.95864542559946,True,440.90540347750414,-1.9093494153661832,-0.005897234999035494,793.1108452629721,1.0776532587008534,0.005247358141416636,560.7270058095044,-1.4412305054624182,-0.005766295960413503,937.6856512351038,0.5515679546863759,0.005286193104497683
case_002,4.25,5.163442231064025,14.972504308133042,2.0,0.5277249323066242,0.34486161021088957,352.2054357258042,376.9586388121197,True,440.90540111135186,-1.909349401783156,-0.005897235128262068,793.1108368371561,1.0776532627220228,0.005247357792533769,560.7270147396356,-1.4412305001259265,-0.005766295622743112,937.6856535517553,0.5515679668853982,0.0052861932243271625
case_002,4.26,5.163442143185569,14.972504242355216,2.0,0.5277249222123332,0.34486160668269805,352.2054298451525,376.95863239401126,True,440.9053988151022,-1.9093493886013966,-0.005897235253670974,793.1108286602547,1.0776532666244025,0.005247357453957602,560.7270234059572,-1.441230494947085,-0.005766295295048018,937.6856557999685,0.5515679787240415,0.005286193340616696
case_002,4.2700000000000005,5.163442057903194,14.972504178520579,2.0,0.5277249124162453,0.34486160325873566,352.20542413822545,376.95862616550573,True,440.9053965866857,-1.9093493758090483,-0.0058972353753751205,793.1108207249112,1.0776532704114967,0.005247357125383489,560.7270318162596,-1.4412304899212356,-0.005766294977033626,937.6856579817653,0.5515679902129496,0.005286193453470811
case_002,4.28,5.163441975140208,14.972504116571736,2.0,0.5277249029095509,0.34486159993592336,352.2054185998913,376.95862012100145,True,440.9053944240989,-1.9093493633946066,-0.005897235493483977,793.1108130239902,1.0776532740867133,0.0052473568065160014,560.7270399781036,-1.4412304850438562,-0.0057662946684140515,937.685660099105,0.5515680013624541,0.005286193562990926
case_002,4.29,5.163441894822196,14.97250405645297,2.0,0.5277248936837011,0.3448615967112728,352.2054132251721,376.95861425506325,True,440.9053923253984,-1.9093493513469104,-0.005897235608103679,793.1108055505705,1.0776532776533587,0.005247356497068478,560.7270478988322,-1.4412304803105638,-0.005766294368911629,937.6856621538955,0.5515680121825826,0.0052861936692756295
case_002,4.3,5.163441816876916,14.972503998110218,2.0,0.5277248847303991,0.3448615935818843,352.20540800922953,376.95860856241484,True,440.9053902886962,-1.9093493396551229,-0.005897235719337368,793.1107982979257,1.077653281114637,0.005247356196762476,560.7270555855664,-1.4412304757171,-0.005766294078257128,937.6856641479812,0.5515680226830636,0.0052861937724204
case_002,4.3100000000000005,5.163441741234282,14.972503941491016,2.0,0.5277248760415937,0.34486159054494353,352.2054029473771,376.95860303793893,True,440.90538831216037,-1.909349328308731,-0.0058972358272850744,793.1107912595375,1.0776532844736624,0.005247355905328044,560.7270630452202,-1.4412304712593353,-0.0057662937961890925,937.6856660831592,0.5515680328733427,0.005286193872518108
case_002,4.32,5.1634416678262625,14.972503886544448,2.0,0.527724867609471,0.3448615875977195,352.20539803505824,376.95859767666457,True,440.90538639401484,-1.9093493172975315,-0.005897235932043832,793.1107844290731,1.077653287733455,0.005247355622503003,560.7270702845004,-1.4412304669332592,-0.005766293522453947,937.685667961165,0.5515680427625802,0.005286193969658626
case_002,4.33,5.163441596586859,14.972503833221095,2.0,0.5277248594264485,0.3448615847375618,352.20539326786087,376.95859247377314,True,440.90538453253424,-1.9093493066116223,-0.005897236033707842,793.1107778003951,1.0776532908969478,0.005247355348033167,560.7270773099207,-1.4412304627349835,-0.005766293256805388,937.6856697836938,0.5515680523596733,0.005286194063929495
case_002,4.34,5.163441527452005,14.972503781473009,2.0,0.5277248514851673,0.34486158196189826,352.20538864149466,376.9585874245844,True,440.90538272604726,-1.9093492962413952,-0.005897236132368422,793.1107713675419,1.0776532939669863,0.005247355081671734,560.7270841277991,-1.441230458660734,-0.005766292999004496,937.6856715523835,0.5515680616732511,0.00528619415541548
case_002,4.3500000000000005,5.163441460359499,14.972503731253655,2.0,0.527724843778486,0.34486157926823274,352.2053841517998,376.95858252455844,True,440.9053809729223,-1.9093492861775199,-0.005897236228114611,793.1107651247221,1.077653296946327,0.005247354823178896,560.7270907442612,-1.4412304547068424,-0.005766292748819679,937.6856732688196,0.5515680707116872,0.005286194244198683
case_002,4.36,5.1634413952490545,14.972503682517871,2.0,0.527724836299474,0.3448615766541431,352.20537979473784,376.95857776928574,True,440.9053792715913,-1.9093492764109516,-0.005897236321032173,793.1107590663291,1.0776532998376545,0.005247354572322505,560.7270971652647,-1.4412304508697575,-0.005766292506025672,937.6856749345504,0.5515680794831123,0.005286194330359095
case_002,4.37,5.163441332062074,14.972503635221829,2.0,0.5277248290414056,0.3448615741172783,352.2053755663915,376.9585731544952,True,440.90537762051946,-1.9093492669329046,-0.00589723641120482,793.110753186911,1.077653302643565,0.0052473543288767965,560.7271033965773,-1.4412304471460262,-0.005766292270404316,937.6856765510724,0.5515680879954126,0.005286194413974155
case_002,4.38,5.163441270741764,14.972503589322994,2.0,0.5277248219977538,0.344861571655357,352.20537146295936,376.9585686760347,True,440.9053760182239,-1.9093492577348565,-0.005897236498713598,793.1107474811832,1.0776533053665842,0.005247354092622947,560.7271094438075,-1.441230443532301,-0.005766292041743615,937.6856781198422,0.5515680962562454,0.005286194495119134
case_002,4.39,5.163441211232967,14.972503544780091,2.0,0.5277248151621845,0.34486156926616535,352.2053674807512,376.95856432987546,True,440.90537446326186,-1.9093492488085348,-0.0058972365836372775,793.1107419440131,1.0776533080091606,0.0052473538633484584,560.7271153123919,-1.441230440025332,-0.005766291819837954,937.6856796422674,0.5515681042730374,0.00528619457386692
case_002,4.4,5.163441153482167,14.972503501553069,2.0,0.5277248085285507,0.3448615669475547,352.2053636161846,376.9585601121088,True,440.9053729542368,-1.909349240145913,-0.00589723666605213,793.1107365704214,1.0776533105736699,0.005247353640847163,560.7271210076084,-1.4412304366219661,-0.005766291604487772,937.6856811197172,0.5515681120529984,0.005286194650288345
case_002,4.41,5.1634410974374285,14.972503459603047,2.0,0.5277248020908866,0.34486156469744006,352.2053598657824,376.9585560189438,True,440.90537148979104,-1.909349231739201,-0.005897236746032319,793.1107313555734,1.0776533130624175,0.005247353424918888,560.7271265345764,-1.4412304333191412,-0.005766291395499501,937.6856825535202,0.551568119603125,0.005286194724452131
case_002,4.42,5.163441043048356,14.972503418892304,2.0,0.5277247958434028,0.3448615625137977,352.2053562261746,376.95855204669783,True,440.9053700686068,-1.9093492235808376,-0.005897236823649787,793.1107262947814,1.0776533154776435,0.00524735321536951,560.7271318982694,-1.4412304301138879,-0.005766291192685069,937.6856839449672,0.5515681269302072,0.005286194796425003
case_002,4.43,5.163440990266044,14.972503379384229,2.0,0.527724789780481,0.3448615603946641,352.2053526940872,376.9585481917991,True,440.9053686894098,-1.9093492156634884,-0.005897236898974201,793.110721383497,1.0776533178215202,0.00524735301201068,560.7271371035112,-1.4412304270033254,-0.005766290995862067,937.6856852953102,0.5515681340408357,0.005286194866271743
case_002,4.44,5.163440939043005,14.972503341043291,2.0,0.5277247838966692,0.3448615583381335,352.2053492663471,376.95854445078123,True,440.90536735095367,-1.9093492079800303,-0.005897236972073505,793.1107166173008,1.077653320096154,0.005247352814659434,560.7271421549788,-1.4412304239846534,-0.005766290804853635,937.68568660576,0.5515681409414015,0.005286194934055022
case_002,4.45,5.163440889333189,14.972503303835012,2.0,0.527724778186676,0.34486155634235655,352.2053459398651,376.95854082027984,True,440.90536605204,-1.9093492005235575,-0.005897237043013259,793.1107119919051,1.0776533223035905,0.005247352623138246,560.7271470572165,-1.4412304210551579,-0.005766290619487968,937.6856878774963,0.5515681476381123,0.005286194999835847
case_002,4.46,5.163440841091901,14.972503267725934,2.0,0.5277247726453664,0.3448615544055384,352.2053427116555,376.9585372970298,True,440.90536479149887,-1.9093491932873625,-0.005897237111857301,793.1107075031543,1.077653324445816,0.005247352437275032,560.727151814637,-1.4412304182122078,-0.005766290439598198,937.6856891116668,0.5515681541369915,0.0052861950636735044
case_002,4.47,5.163440794275729,14.972503232683582,2.0,0.5277247672677573,0.3448615525259373,352.2053395788121,376.95853387786315,True,440.9053635681938,-1.9093491862649357,-0.005897237178667691,793.1107031470059,1.0776533265247543,0.005247352256902427,560.7271564315106,-1.4412304154532414,-0.005766290265022844,937.6856903093737,0.5515681604438805,0.0052861951256251705
case_002,4.48,5.163440748842608,14.972503198676444,2.0,0.5277247620490125,0.34486155070186314,352.2053365385171,376.95853055970565,True,440.9053623810311,-1.909349179449967,-0.005897237243504216,793.1106989195482,1.077653328542279,0.005247352081858447,560.727160911997,-1.4412304127757816,-0.0057662900956046426,937.6856914717026,0.5515681665644543,0.0052861951857468
case_002,4.49,5.163440704751661,14.972503165673936,2.0,0.5277247569844389,0.3448615489316752,352.20533358804084,376.9585273395719,True,440.90536122893764,-1.9093491728363232,-0.00589723730642544,793.1106948169785,1.0776533305002025,0.005247351911985609,560.727165260121,-1.4412304101774183,-0.005766289931191382,937.6856925996929,0.5515681725042145,0.0052861952440922955
case_002,4.5,5.16344066196324,14.972503133646379,2.0,0.5277247520694819,0.3448615472137819,352.2053307247251,376.9585242145653,True,440.9053601108797,-1.9093491664180597,-0.005897237367487818,793.1106908356048,1.0776533324002848,0.00524735174713109,560.7271694797953,-1.4412304076558164,-0.005766289771635125,937.6856936943606,0.5515681782685042,0.005286195300714169
case_002,4.51,5.163440620438857,14.972503102564977,2.0,0.5277247472997216,0.3448615455466382,352.20532794599717,376.95852118187986,True,440.90535902584975,-1.9093491601894013,-0.00589723742674636,793.1106869718469,1.0776533342442347,0.00524735158714662,560.7271735748097,-1.4412304052087057,-0.0057662896167925415,937.6856947566896,0.551568183862506,0.005286195355663326
case_002,4.5200000000000005,5.1634405801411845,14.97250307240177,2.0,0.5277247426708688,0.3448615439287449,352.20532524935726,376.958518238783,True,440.9053579728748,-1.9093491541447496,-0.005897237484254247,793.1106832222321,1.0776533360337113,0.005247351431888425,560.7271775488531,-1.4412304028338887,-0.005766289466524188,937.6856957876361,0.5515681892912511,0.005286195408989225
case_002,4.53,5.163440541033978,14.972503043129644,2.0,0.5277247381787604,0.3448615423586471,352.2053226323818,376.9585153826315,True,440.9053569510062,-1.9093491482786686,-0.0058972375400632715,793.110679583388,1.0776533377703241,0.005247351281216839,560.7271814054935,-1.4412304005292271,-0.005766289320695117,937.685696788125,0.5515681945596209,0.005286195460739718
case_002,4.54,5.163440503082063,14.972503014722264,2.0,0.527724733819357,0.3448615408349328,352.20532009271477,376.95851261085454,True,440.90535595932516,-1.9093491425858804,-0.005897237594223614,793.1106760520399,1.0776533394556325,0.005247351134996303,560.7271851482036,-1.4412303982926498,-0.0057662891791740445,937.6856977590581,0.5515681996723539,0.005286195510961433
case_002,4.55,5.1634404662513225,14.972502987154089,2.0,0.5277247295887383,0.3448615393562317,352.2053176280776,376.9585099209621,True,440.90535499694107,-1.9093491370612692,-0.005897237646783904,793.1106726250187,1.0776533410911573,0.005247350993095534,560.7271887803473,-1.441230396122145,-0.005766289041833739,937.6856987013094,0.5515682046340485,0.005286195559699558
case_002,4.5600000000000005,5.163440430508622,14.972502960400329,2.0,0.5277247254830995,0.3448615379212142,352.2053152362459,376.95850731053326,True,440.9053540629872,-1.9093491316998643,-0.005897237697791491,793.1106692992331,1.077653342678363,0.005247350855386634,560.7271923051906,-1.4412303940157607,-0.005766288908550743,937.6856996157238,0.551568209449165,0.005286195606997834
case_002,4.57,5.163440395821828,14.97250293443692,2.0,0.5277247214987486,0.3448615365285896,352.20531291507643,376.9585047772214,True,440.9053531566234,-1.909349126496845,-0.005897237747292228,793.1106660716998,1.0776533442186818,0.00524735072174598,560.727195725905,-1.4412303919716036,-0.005766288779205098,937.6857005031263,0.5515682141220353,0.005286195652898895
case_002,4.58,5.163440362159743,14.972502909240518,2.0,0.5277247176321026,0.3448615351771056,352.2053106624773,376.95850231874886,True,440.9053522770353,-1.909349121447532,-0.005897237795330634,793.1106629395126,1.0776533457134956,0.005247350592053279,560.7271990455638,-1.4412303899878338,-0.005766288653680618,937.6857013643126,0.5515682186568602,0.0052861956974439295
case_002,4.59,5.16344032949209,14.972502884788463,2.0,0.5277247138796841,0.3448615338655469,352.2053084764231,376.95849993290165,True,440.90535142343066,-1.9093491165473837,-0.005897237841949954,793.1106598998538,1.0776533471641483,0.005247350466191847,560.7272022671543,-1.441230388062668,-0.005766288531864339,937.685702200056,0.5515682230577175,0.005286195740672961
case_002,4.6000000000000005,5.1634402977895135,14.972502861058764,2.0,0.5277247102381186,0.34486153259273394,352.205306354949,376.9584976175373,True,440.90535059504623,-1.9093491117919965,-0.005897237887191931,793.1106569499952,1.0776533485719493,0.005247350344048718,560.7272053935748,-1.4412303861943758,-0.005766288413646681,937.6857030111121,0.5515682273285666,0.005286195782625014
case_002,4.61,5.163440267023467,14.972502838030083,2.0,0.5277247067041314,0.34486153135752223,352.20530429614735,376.95849537057575,True,440.90534979113056,-1.9093491071770896,-0.0058972379310974765,793.1106540872779,1.0776533499381595,0.005247350225513814,560.7272084276311,-1.4412303843812742,-0.005766288298921507,937.6857037982069,0.5515682314732472,0.005286195823337669
case_002,4.62,5.163440237166312,14.97250281568171,2.0,0.5277247032745445,0.34486153015880083,352.20530229816615,376.9584931899918,True,440.9053490109647,-1.9093491026985163,-0.005897237973705949,793.1106513091308,1.0776533512640092,0.005247350110480664,560.7272113720582,-1.4412303826217356,-0.0057662881875854555,937.68570456205,0.551568235495486,0.00528619586284762
case_002,4.63,5.163440208191193,14.972502793993545,2.0,0.5277246999462737,0.3448615289954918,352.20530035921064,376.958491073824,True,440.9053482538464,-1.909349098352247,-0.005897238015055706,793.110648613057,1.0776533525506924,0.005247349998845852,560.7272142295025,-1.441230380914178,-0.00576628807953844,937.6857053033265,0.5515682393989009,0.005286195901190338
case_002,4.64,5.163440180072048,14.972502772946092,2.0,0.527724696716326,0.344861527866549,352.2052984775324,376.95848902017474,True,440.9053475190951,-1.9093490941343763,-0.005897238055183884,793.1106459966275,1.0776533537993631,0.005247349890508846,560.7272170025315,-1.4412303792570635,-0.005766287974683371,937.6857060227062,0.5515682431870017,0.0052861959384004065
case_002,4.65,5.163440152783599,14.972502752520414,2.0,0.5277246935817967,0.3448615267709572,352.20529665144505,376.9584870271925,True,440.9053468060495,-1.909349090041108,-0.005897238094126622,793.1106434574946,1.0776533550111473,0.0052473497853723905,560.7272196936409,-1.4412303776489042,-0.005766287872925879,937.6857067208334,0.5515682468631959,0.0052861959745111875
case_002,4.66,5.163440126301304,14.97250273269815,2.0,0.527724690539867,0.3448615257077311,352.2052948793015,376.9584850930846,True,440.9053461140695,-1.9093490860687627,-0.005897238131918892,793.110640993371,1.077653356187133,0.00524734968334184,560.7272223052523,-1.4412303760882528,-0.005766287774174428,937.685707398337,0.5515682504307886,0.005286196009555211
case_002,4.67,5.163440100601339,14.972502713461468,2.0,0.5277246875878012,0.34486152467591463,352.20529315951046,376.95848321611425,True,440.9053454425315,-1.9093490822137666,-0.005897238168594721,793.110638602042,1.0776533573283777,0.005247349584325434,560.7272248397109,-1.4412303745737056,-0.005766287678340309,937.6857080558251,0.551568253892988,0.005286196043563951
case_002,4.68,5.163440075660586,14.972502694793073,2.0,0.5277246847229448,0.34486152367457984,352.2052914905269,376.95848139459565,True,440.9053447908296,-1.909349078472654,-0.0058972382041871385,793.1106362813565,1.0776533584359078,0.005247349488234132,560.7272272992944,-1.4412303731039002,-0.005766287585337371,937.6857086938901,0.5515682572529079,0.005286196076567995
case_002,4.69,5.163440051456623,14.972502676676175,2.0,0.5277246819427213,0.3448615227028263,352.20528987084754,376.95847962688765,True,440.9053441583801,-1.9093490748420592,-0.00589723823872812,793.1106340292276,1.0776533595107185,0.005247349394981504,560.7272296862176,-1.4412303716775148,-0.005766287495081901,937.6857093131052,0.5515682605135694,0.005286196108597041
case_002,4.7,5.163440027967709,14.972502659094483,2.0,0.5277246792446308,0.34486152175977997,352.20528829901474,376.95847791140034,True,440.9053435446173,-1.9093490713187213,-0.005897238272248584,793.1106318436321,1.0776533605537784,0.005247349304483784,560.727232002629,-1.4412303702932685,-0.005766287407492687,937.6857099140293,0.5515682636779059,0.005286196139679955
case_002,4.71,5.163440005172686,14.972502642032184,2.0,0.5277246766262467,0.34486152084459304,352.205286773618,376.9584762465913,True,440.9053429489836,-1.909349067899467,-0.005897238304778896,793.1106297226016,1.077653361566023,0.00524734921665948,560.7272342506075,-1.4412303689499149,-0.0057662873224910705,937.6857104971988,0.5515682667487611,0.005286196169844548
case_002,4.72,5.163439983051076,14.97250262547394,2.0,0.5277246740852142,0.34486151995644226,352.20528529328413,376.9584746309639,True,440.9053423709475,-1.9093490645812254,-0.005897238336348143,793.1106276642316,1.0776533625483662,0.005247349131429713,560.7272364321781,-1.4412303676462468,-0.0057662872400005005,937.685711063142,0.5515682697288989,0.005286196199118076
case_002,4.73,5.163439961582972,14.97250260940485,2.0,0.5277246716192484,0.3448615190945292,352.2052838566822,376.9584730630636,True,440.90534180998554,-1.9093490613610085,-0.005897238366984858,793.1106256666677,1.0776533635016872,0.005247349048717709,560.727238549301,-1.441230366381091,-0.00576628715994687,937.6857116123646,0.5515682726209968,0.0052861962275267405
case_002,4.74,5.163439940749081,14.972502593810475,2.0,0.5277246692261317,0.34486151825807854,352.20528246252127,376.95847154148305,True,440.9053412655977,-1.9093490582359243,-0.005897238396716409,793.110623728119,1.0776533644268482,0.005247348968449306,560.727240603881,-1.4412303651533107,-0.005766287082258126,937.685712145364,0.5515682754276582,0.005286196255096243
case_002,4.75,5.163439920530652,14.972502578676782,2.0,0.527724666903712,0.3448615174463381,352.20528110954325,376.9584700648535,True,440.9053407372905,-1.9093490552031596,-0.0058972384255697174,793.1106218468337,1.0776533653246751,0.005247348890552006,560.7272425977626,-1.4412303639618003,-0.0057662870068645455,937.6857126626161,0.5515682781514051,0.00528619628185123
case_002,4.76,5.163439900909515,14.972502563990167,2.0,0.5277246646499008,0.3448615166585779,352.2052797965365,376.9584686318458,True,440.90534022459144,-1.9093490522599887,-0.005897238453570597,793.1106200211279,1.07765336619598,0.005247348814956032,560.7272445327424,-1.4412303628054897,-0.005766286933698184,937.6857131645882,0.5515682807946871,0.005286196307815849
case_002,4.7700000000000005,5.163439881868031,14.97250254973742,2.0,0.5277246624626711,0.3448615158940895,352.2052785223193,376.95846724116996,True,440.90533972703815,-1.9093490494037642,-0.005897238480744305,793.1106182493575,1.077653367041546,0.005247348741593327,560.7272464105622,-1.4412303616833393,-0.005766286862693204,937.6857136517322,0.5515682833598832,0.005286196333013471
case_002,4.78,5.163439863389055,14.972502535905724,2.0,0.527724660340056,0.34486151515218555,352.2052772857425,376.9584658915803,True,440.9053392441829,-1.9093490466319174,-0.0058972385071152655,793.1106165299254,1.0776533678621296,0.005247348670397778,560.7272482329048,-1.4412303605943384,-0.005766286793785935,937.6857141244851,0.5515682858492984,0.005286196357466688
case_002,4.79,5.163439845455987,14.97250252248264,2.0,0.5277246582801469,0.3448615144321987,352.2052760856971,376.95846458185724,True,440.90533877559363,-1.9093490439419578,-0.0058972385327071275,793.1106148612907,1.077653368658474,0.005247348601305546,560.7272500014136,-1.4412303595375093,-0.00576628672691426,937.6857145832709,0.5515682882651715,0.005286196381197483
case_002,4.8,5.1634398280527,14.972502509456099,2.0,0.5277246562810912,0.34486151373348156,352.2052749211045,376.9584633108261,True,440.90533832084674,-1.9093490413314627,-0.005897238557542983,793.1106132419512,1.0776533694312938,0.005247348534254459,560.7272517176788,-1.441230358511901,-0.005766286662018061,937.6857150285049,0.5515682906096759,0.0052861964042272835
case_002,4.8100000000000005,5.163439811163518,14.972502496814386,2.0,0.5277246543410912,0.3448615130554058,352.20527379091476,376.95846207734485,True,440.9053378795318,-1.9093490387980856,-0.005897238581645203,793.1106116704466,1.0776533701812803,0.0052473484691840655,560.7272533832393,-1.4412303575165903,-0.0057662865990391055,937.6857154605841,0.5515682928849182,0.005286196426576684
case_002,4.82,5.1634397947732875,14.97250248454613,2.0,0.5277246524584023,0.34486151239736157,352.2052726941117,376.95846088030214,True,440.9053374512566,-1.9093490363395507,-0.0058972386050353265,793.1106101453684,1.077653370909112,0.005247348406036023,560.727254999598,-1.4412303565506823,-0.005766286537920606,937.6857158799002,0.551568295092947,0.00528619644826589
case_002,4.83,5.163439778867248,14.972502472640302,2.0,0.5277246506313313,0.3448615117587571,352.20527162971354,376.95845971862195,True,440.90533703563216,-1.9093490339536436,-0.005897238627734502,793.1106086653457,1.0776533716154433,0.005247348344753544,560.7272565682061,-1.44123035561331,-0.005766286478607663,937.6857162868281,0.5515682972357462,0.00528619646931433
case_002,4.84,5.163439763431098,14.972502461086194,2.0,0.5277246488582352,0.3448615111390182,352.205270596756,376.95845859126075,True,440.9053366322862,-1.9093490316382213,-0.0058972386497631035,793.1106072290422,1.0776533723009065,0.005247348285281339,560.7272580904731,-1.4412303547036283,-0.005766286421046984,937.6857166817339,0.5515682993152432,0.005286196489740935
case_002,4.8500000000000005,5.163439748450978,14.972502449873414,2.0,0.5277246471375194,0.34486151053758757,352.205269594316,376.9584574972039,True,440.9053362408583,-1.9093490293912023,-0.0058972386711408364,793.1106058351743,1.0776533729661226,0.005247348227566229,560.727259567774,-1.4412303538208218,-0.0057662863651866125,937.6857170649779,0.5515683013333095,0.005286196509564245
case_002,4.86,5.163439733913376,14.972502438991878,2.0,0.5277246454676368,0.34486150995392423,352.20526862149,376.9584564354657,True,440.9053358609901,-1.909349027210561,-0.0058972386918871855,793.1106044824801,1.0776533736116851,0.005247348171555977,560.7272610014287,-1.4412303529640933,-0.005766286310976587,937.6857174368944,0.5515683032917565,0.005286196528801745
case_002,4.87,5.163439719805246,14.972502428431802,2.0,0.5277246438470855,0.34486150938750326,352.20526767740154,376.9584554050932,True,440.90533549234436,-1.909349025094341,-0.005897238712020636,793.1106031697459,1.0776533742381753,0.0052473481172003456,560.727262392733,-1.441230352132676,-0.0057662862583679475,937.6857177978262,0.5515683051923486,0.005286196547471034
case_002,4.88,5.163439706113896,14.97250241818369,2.0,0.5277246422744081,0.34486150883781547,352.205266761203,376.95845440516064,True,440.90533513459104,-1.909349023040639,-0.005897238731559229,793.110601895794,1.0776533748461596,0.005247348064450541,560.727263742934,-1.4412303513258184,-0.005766286207313509,937.6857181480947,0.5515683070367934,0.005286196565588763
case_002,4.89,5.163439692827016,14.972502408238327,2.0,0.5277246407481903,0.3448615083043664,352.2052658720722,376.95845343476935,True,440.9053347874047,-1.9093490210476058,-0.0058972387505206725,793.1106006594769,1.0776533754361826,0.0052473480132590455,560.7272650532481,-1.4412303505427968,-0.005766286157767309,937.6857184880174,0.5515683088267505,0.00528619658317131
case_002,4.9,5.163439679932657,14.972502398586764,2.0,0.5277246392670598,0.34486150778667635,352.20526500920704,376.9584524930425,True,440.9053344504767,-1.909349019113452,-0.0058972387689218975,793.1105994596837,1.077653376008776,0.005247347963579896,560.7272663248552,-1.4412303497829089,-0.005766286109684715,937.6857188178977,0.5515683105638294,0.0052861966002344385
case_002,4.91,5.163439667419211,14.972502389220328,2.0,0.5277246378296846,0.34486150728427983,352.20526417183254,376.95845157913675,True,440.90533412350084,-1.9093490172364356,-0.005897238786779557,793.1105982953334,1.0776533765644534,0.0052473479153682945,560.7272675588943,-1.4412303490454677,-0.005766286063022652,937.685719138031,0.5515683122495906,0.005286196616793415
case_002,4.92,5.163439655275433,14.972502380130592,2.0,0.5277246364347721,0.34486150679672495,352.20526335919715,376.9584506922306,True,440.9053338061825,-1.9093490154148673,-0.00589723880410975,793.1105971653797,1.0776533771037144,0.005247347868580943,560.7272687564767,-1.4412303483298115,-0.005766286017739097,937.6857194487073,0.5515683138855512,0.005286196632863227
case_002,4.93,5.16343964349042,14.972502371309384,2.0,0.5277246350810679,0.34486150632357326,352.20526257056844,376.9584498315239,True,440.90533349824153,-1.9093490136471147,-0.0058972388209278526,793.11059606881,1.0776533776270465,0.005247347823175874,560.7272699186849,-1.4412303476353001,-0.005766285973793139,937.6857197502088,0.5515683154731846,0.005286196648458419
case_002,4.94,5.163439632053545,14.972502362748772,2.0,0.5277246337673545,0.3448615058643994,352.20526180523404,376.95844899624535,True,440.9053331993964,-1.9093490119315837,-0.005897238837249186,793.1105950046305,1.0776533781349158,0.0052473477791120104,560.7272710465554,-1.4412303469613028,-0.005766285931145587,937.6857200428008,0.5515683170139148,0.005286196663592813
case_002,4.95,5.163439620954538,14.972502354441051,2.0,0.5277246324924504,0.3448615054187903,352.2052610625113,376.95844818564217,True,440.9053329093795,-1.9093490102667319,-0.005897238853088349,793.1105939718908,1.077653378627783,0.005247347736349939,560.7272721411076,-1.4412303463072176,-0.005766285889757861,937.6857203267498,0.5515683185091297,0.0052861966782801195
case_002,4.96,5.163439610183412,14.972502346378757,2.0,0.5277246312552093,0.3448615049863453,352.2052603417286,376.9584473989843,True,440.9053326279302,-1.909349008651063,-0.005897238868459609,793.1105929696588,1.0776533791060894,0.005247347694851079,560.7272732033244,-1.441230345672455,-0.005766285849592823,937.6857206023087,0.5515683199601727,0.005286196692533496
case_002,4.97,5.163439599730493,14.972502338554639,2.0,0.5277246300545185,0.3448615045666756,352.2052596422414,376.9584466355665,True,440.90533235479603,-1.9093490070831245,-0.005897238883376732,793.1105919970374,1.0776533795702679,0.005247347654578294,560.7272742341632,-1.4412303450564452,-0.00576628581061428,937.6857208697297,0.5515683213683503,0.0052861967063658755
case_002,4.98,5.163439589586363,14.972502330961657,2.0,0.5277246288892984,0.34486150415940364,352.2052589634156,376.95844589470096,True,440.9053320897298,-1.9093490055615054,-0.0058972388978532075,793.1105910531454,1.0776533800207315,0.005247347615495113,560.7272752345483,-1.4412303444586327,-0.005766285772787261,937.6857211292493,0.551568322734927,0.005286196719789582
case_002,4.99,5.163439579741915,14.972502323592987,2.0,0.5277246277585007,0.344861503764163,352.2052583046463,376.9584451757238,True,440.9053318324946,-1.9093490040848367,-0.005897238911902025,793.1105901371409,1.0776533804578892,0.005247347577566619,560.7272762053797,-1.4412303438784806,-0.005766285736077736,937.6857213811035,0.5515683240611335,0.0052861967328167725
case_002,5.0,5.163439570188286,14.972502316442,2.0,0.5277246266611089,0.3448615033805987,352.20525766533484,376.958444477983,True,440.9053315828591,-1.909349002651793,-0.005897238925535786,793.110589248194,1.0776533808821311,0.005247347540758507,560.7272771475324,-1.4412303433154683,-0.0057662857004526225,937.6857216255154,0.5515683253481607,0.005286196745459049
