time_s,ay_mps2,ax_mps2,speed_mps,roll_deg,pitch_deg,yaw_rate_radps,Fz_FL,jounce_FL_mm,geometric_FL_n,Fz_FR,jounce_FR_mm,geometric_FR_n,Fz_RL,jounce_RL_mm,geometric_RL_n,Fz_RR,jounce_RR_mm,geometric_RR_n
0.0,0.0,0.0,15.0,0.0,0.0,0.0,598.5082183333004,-0.0,0.0,598.5082183333004,-0.0,0.0,731.5100446295896,-0.0,-0.0,731.5100446295896,-0.0,0.0
0.01,1.5564457453646112e-18,1.1169533421866411e-18,15.0,-7.690214185456993e-20,6.525848523229256e-18,-8.36050385059357e-22,598.5082183333004,-0.0,4.612309176578372e-17,598.5082183333004,-0.0,5.424656355314361e-17,731.5100446295896,-0.0,-7.688233257189539e-17,731.5100446295896,-0.0,-6.585622092129771e-17
0.02,2.7945401668247537e-18,4.467813361824715e-18,15.0,-3.0751118349069575e-19,2.6103394052475815e-17,-5.043696727749423e-22,598.5082183333004,-0.0,9.319550574517024e-17,598.5082183333004,-0.0,1.0754380448257996e-16,731.5100446295896,-0.0,-1.525853805282008e-16,731.5100446295896,-0.0,-1.328917258749642e-16
0.03,3.787364886569916e-18,1.0052580051914078e-17,15.0,-6.917286395933165e-19,5.873263654684105e-17,4.8812006147583005e-22,598.5082183333004,-0.0,1.410022928658992e-16,598.5082183333004,-0.0,1.6010667203859926e-16,731.5100446295896,-0.0,-2.2734251597509485e-16,731.5100446295896,-0.0,-2.008731430080021e-16
0.04,4.590457542412855e-18,1.787125340864091e-17,15.0,-1.2295008532226703e-18,1.0441357598404254e-16,1.8204979679349935e-21,598.5082183333004,-0.0,1.8938348965774226e-16,598.5082183333004,-0.0,2.1209512980413666e-16,731.5100446295896,-0.0,-3.0133522712658826e-16,731.5100446295896,-0.0,-2.696189842666843e-16
0.05,5.2462317371133864e-18,2.79238334301902e-17,15.0,-1.9208022887967836e-18,1.6314621235347598e-16,3.2936021058350794e-21,598.5082183333004,-0.0,2.382193506797466e-16,598.5082183333004,-0.0,2.6362892329008995e-16,731.5100446295896,-0.0,-3.747050706533351e-16,731.5100446295896,-0.0,-3.389876930798273e-16
0.06,5.787225241209974e-18,4.021032011597232e-17,15.0,-2.76562465103132e-18,2.349305456516965e-16,4.787303402023025e-21,598.5082183333004,-0.0,2.874197319410139e-16,598.5082183333004,-0.0,3.1479819652954665e-16,731.5100446295896,-0.0,-4.475627441788198e-16,731.5100446295896,-0.0,-4.0886857188394523e-16
0.07,6.3582419207855054e-18,5.474198465202996e-17,15.0,-3.764746177366629e-18,3.198324282737984e-16,6.12646161949084e-21,598.5082183333004,-0.0,3.40102232743519e-16,598.5082183333004,-0.0,3.69490229865551e-16,731.5100446295896,-0.0,-5.254009478983894e-16,731.5100446295896,-0.0,-4.837307598936884e-16
0.08,5.636222139898005e-19,7.098837003226585e-17,15.0,-4.9154429767792775e-18,4.147526420706159e-16,4.1533607150164445e-20,598.5082183333004,-0.0,3.70815578758057e-16,598.5082183333004,-0.0,3.653861888550552e-16,731.5100446295895,-0.0,-5.417779384888885e-16,731.5100446295895,-0.0,-5.388808986736441e-16
0.09,5.0669206891191395e-17,8.808597438061006e-17,15.0,-1.1405048400120445e-17,5.14646139742568e-16,-2.4795724069526614e-19,598.5082183333005,-0.0,2.7386715392721644e-16,598.5082183333004,-0.0,5.543804606327408e-16,731.5100446295896,-0.0,-6.860652352189374e-16,731.5100446295895,-0.0,-3.6762281545965873e-16
0.1,-1.7694217215094517e-17,1.0642733255596636e-16,15.0,-1.5070985019157307e-17,6.218063232900265e-16,2.38887268943887e-19,598.5082183333005,-0.0,4.84894295000706e-16,598.5082183333005,-0.0,3.55751603834814e-16,731.5100446295895,-0.0,-4.770310544740305e-16,731.5100446295895,-0.0,-5.942889503810344e-16
0.11,-1.3131042702842093e-17,1.2442798245970082e-16,15.0,-1.581514760457818e-17,7.269759039293434e-16,1.5874232262667306e-19,598.5082183333005,-0.0,4.652087331119828e-16,598.5082183333005,-0.0,3.6733091262922925e-16,731.5100446295896,-0.0,-4.822438727867038e-16,731.5100446295895,-0.0,-5.775479980197325e-16
0.12,-6.97138845312559e-17,1.4228248275884197e-16,15.0,-1.623654186694493e-17,8.312915991418629e-16,5.336333391040093e-19,598.5082183333004,-0.0,6.381903562487112e-16,598.5082183333005,-0.0,2.0614774131591867e-16,731.5100446295895,-0.0,-3.103563836305303e-16,731.5100446295896,-0.0,-7.662144024903258e-16
0.13,-8.086828773104357e-17,1.599820160397242e-16,15.0,-1.6486481829666212e-17,9.347018928044173e-16,5.994889828627172e-19,598.5082183333004,-0.0,6.631132431229002e-16,598.5082183333005,-0.0,1.6580643446635599e-16,731.5100446295895,-0.0,-2.6328380954591694e-16,731.5100446295896,-0.0,-7.913600011614808e-16
0.14,5.164007063460927e-17,1.777425636192951e-16,15.0,-1.295876636736934e-17,1.0384686651630417e-15,-4.1912641232032214e-19,598.5082183333005,-0.0,2.6140343378861084e-16,598.5082183333004,-0.0,5.626020374961971e-16,731.5100446295896,-0.0,-6.75125770948542e-16,731.5100446295895,-0.0,-3.725294066183395e-16
0.15,5.628690134543207e-17,1.9471946368028213e-16,15.0,-1.1106147348091976e-17,1.1376569427817951e-15,-4.7654492669653945e-19,598.5082183333005,-0.0,2.3647552636583946e-16,598.5082183333004,-0.0,5.692150144941689e-16,731.5100446295896,-0.0,-6.765062952573935e-16,731.5100446295895,-0.0,-3.4510269665848035e-16
0.16,-5.45465623927255e-17,2.1149197903160522e-16,15.0,-1.3931006816067942e-17,1.2356510938373743e-15,3.8330906752159257e-19,598.5082183333004,-0.0,5.691923610603692e-16,598.5082183333005,-0.0,2.332409741024972e-16,731.5100446295895,-0.0,-3.274308113357909e-16,731.5100446295896,-0.0,-6.895460153289184e-16
0.17,-8.455904038430028e-17,2.292021011917144e-16,15.0,-1.0796593034991143e-17,1.339123253487751e-15,5.657504835681961e-19,598.5082183333004,-0.0,6.723376974791096e-16,598.5082183333005,-0.0,1.6352528056259112e-16,731.5100446295895,-0.0,-2.5679598864319354e-16,731.5100446295896,-0.0,-8.077220879456742e-16
0.18,9.718885524769694e-17,2.4697721946505994e-16,15.0,-2.320000267175607e-18,1.4429751557590227e-15,-8.535508806384182e-19,598.5082183333005,-0.0,1.1733926933800416e-16,598.5082183333004,-0.0,7.090484634667527e-16,731.5100446295896,-0.0,-8.402173980867489e-16,731.5100446295895,-0.0,-2.4982969724140106e-16
0.19,6.10688090213023e-17,2.647745164962328e-16,15.0,-1.1307671665926056e-17,1.5469566383883524e-15,-3.992986277267316e-19,598.5082183333005,-0.0,2.6258059848690163e-16,598.5082183333005,-0.0,6.123175590846972e-16,731.5100446295896,-0.0,-6.946273878025596e-16,731.5100446295895,-0.0,-3.194739131421264e-16
0.2,-1.0519890497943736e-16,2.823424473776606e-16,15.0,-1.575408007213837e-17,1.6495980393033806e-15,8.426232306693381e-19,598.5082183333004,-0.0,7.271873110587872e-16,598.5082183333005,-0.0,7.853147389597496e-17,731.5100446295895,-0.0,-1.907035936980977e-16,731.5100446295896,-0.0,-8.622669351079623e-16
0.21,-1.174009087776139e-16,3.000664204754081e-16,15.0,-1.4092253675002777e-17,1.7531511236598469e-15,8.697718696955173e-19,598.5082183333004,-0.0,7.807768599469638e-16,598.5082183333005,-0.0,6.688973580724012e-17,731.5100446295895,-0.0,-1.5327630454706888e-16,731.5100446295896,-0.0,-9.069100459203697e-16
0.22,-7.77780787967539e-17,3.1872731030279365e-16,15.0,-1.7584616347049143e-17,1.8621781847936495e-15,6.158587371129052e-19,598.5082183333012,5.551115123125783e-14,6.764640232553175e-16,598.5082183333004,-0.0,1.9254529940307443e-16,731.5100446295895,-0.0,-2.978899990951194e-16,731.5100446295896,-0.0,-8.029073225944453e-16
0.23,2.7294596006718863e-16,3.3459771071340806e-16,15.0,-2.560785900480201e-17,1.954901690038651e-15,-1.8129808207892396e-18,598.508218333301,5.551115123125783e-14,-5.406808642825398e-16,598.508218333301,5.551115123125783e-14,1.0481197013239088e-15,731.5100446295896,-0.0,-1.2921712525267775e-15,731.5100446295895,-0.0,4.1112691687083846e-16
0.24,1.8226225739352605e-16,3.4289089487531163e-16,15.0,-5.009466043495486e-17,2.0033549795107757e-15,-9.594267784451328e-19,598.508218333301,5.551115123125783e-14,-5.501288746867564e-16,598.508218333301,5.551115123125783e-14,4.584543042706308e-16,731.5100446295896,-0.0,-9.512133409194392e-16,731.5100446295896,-0.0,1.7366879027549472e-16
0.25,1.0551473522913886e-16,3.433501132425003e-16,15.0,-7.349846142545867e-17,2.0060379828110665e-15,-3.1956111044632387e-19,598.508218333301,5.551115123125783e-14,-6.024004265657155e-16,598.508218333301,5.551115123125783e-14,-7.892663867069316e-17,731.5100446295896,-0.0,-6.706468836494265e-16,731.5100446295896,-0.0,-4.8846662637765884e-17
0.26,-1.5572574833632267e-16,3.3683076186362315e-16,15.0,-8.246358770631044e-17,1.9679483885895477e-15,1.3868122868161059e-18,598.5082183333009,5.551115123125783e-14,-4.621014759564781e-17,598.5082183333009,5.551115123125783e-14,-1.0687593526731703e-15,731.5100446295896,-0.0,2.156926779108615e-16,731.5100446295896,-0.0,-8.39597207064866e-16
0.27,-1.6704821394412385e-16,3.242222930600632e-16,15.0,-9.284067453965958e-17,1.8942828607521773e-15,1.4010703765309346e-18,598.508218333301,5.551115123125783e-14,-2.223477461670604e-16,598.5082183333002,-0.0,-1.3144822525934666e-15,731.5100446295896,-0.0,2.8854912392400973e-16,731.5100446295896,-0.0,-8.595404647860097e-16
0.28,-1.0082189082540732e-15,3.085861574432361e-16,15.0,-3.8432872129229104e-17,1.8029280577625343e-15,6.528855181265115e-18,598.5082183333003,-0.0,2.1590856820648443e-15,598.5082183333003,-0.0,-3.805784020674883e-15,731.5100446295895,-0.0,2.9510222465209818e-15,731.5100446295896,-0.0,-3.532580327970769e-15
0.29,-1.8847421735056654e-16,2.9482766656467684e-16,15.0,2.1949710421511913e-17,1.7225434758909793e-15,1.6675045536962965e-19,598.5082183333003,-0.0,-2.027664454472841e-16,598.5082183333003,-0.0,-1.1901726496732835e-15,731.5100446295895,-0.0,2.751084497300893e-16,731.5100446295896,-0.0,-1.0260449763654949e-15
0.3,-9.088100221871597e-17,2.850679210811221e-16,15.0,5.267496804366363e-17,1.6655217380570042e-15,-4.0232256513912412e-19,598.5082183333003,-0.0,-3.672723714332905e-16,598.5082183333003,-0.0,-7.617214831107885e-16,731.5100446295895,-0.0,-1.112991860516367e-16,731.5100446295896,-0.0,-7.410576296078046e-16
0.31,7.326483699228876e-17,2.7895320782312743e-16,15.0,7.355284791945632e-17,1.6297962596708295e-15,-1.3228358046815712e-18,598.5082183333003,-0.0,-7.261523113463907e-16,598.5082183333004,-0.0,-1.5179221333965417e-16,731.5100446295896,-0.0,-6.948823845443031e-16,731.5100446295896,-0.0,-2.3212509350519707e-16
0.32,-9.283512708000868e-17,2.7629446229216186e-16,15.0,9.813884148970932e-17,1.6142624231697207e-15,-2.890643000338677e-20,598.5082183333003,-0.0,-1.6571800885563878e-16,598.5082183333004,-0.0,-5.69750136094438e-16,731.5100446295895,-0.0,-2.623044706928031e-16,731.5100446295896,-0.0,-8.009039107154804e-16
0.33,7.289698913777667e-17,2.757326054316227e-16,15.0,1.164491245085046e-16,1.6109797500041278e-15,-1.0331939823148762e-18,598.5082183333004,-0.0,-6.171690390785038e-16,598.5082183333004,-0.0,-3.730039020254453e-17,731.5100446295895,-0.0,-8.600863181558958e-16,731.5100446295896,-0.0,-3.0911614731235443e-16
0.34,2.6702449894378183e-16,2.7598866210375543e-16,15.0,1.1598640279162286e-16,1.6124757722573307e-15,-2.0562696932627322e-18,598.5082183333004,-0.0,-1.1886268969182004e-15,598.5082183333004,-0.0,5.104221076262764e-16,731.5100446295895,-0.0,-1.507092955937116e-15,731.5100446295895,-0.0,3.1000936279439495e-16
0.35000000000000003,2.036591388434229e-16,2.761172373352239e-16,15.0,1.0676159251908965e-16,1.6132269786441253e-15,-1.290927649436126e-18,598.5082183333004,-0.0,-9.811232093429217e-16,598.5082183333004,-0.0,3.0291815126468113e-16,731.5100446295895,-0.0,-1.3200921481893932e-15,731.5100446295895,-0.0,1.230089372953709e-16
0.36,1.565441952278345e-16,2.7624580767225943e-16,15.0,9.7605642302591e-17,1.6139781564349825e-15,-7.865645005246031e-19,598.5082183333004,-0.0,-8.292183153851901e-16,598.5082183333004,-0.0,1.5101308017580354e-16,731.5100446295895,-0.0,-1.1754396126101032e-15,731.5100446295895,-0.0,-2.1643346380657297e-17
0.37,1.2130517656048044e-16,2.763743747950731e-16,15.0,8.849491315799488e-17,1.6147293154466085e-15,-4.567880784334299e-19,598.5082183333004,-0.0,-7.170960798064674e-16,598.5082183333004,-0.0,3.8890728780381295e-17,731.5100446295895,-0.0,-1.0627744450555777e-15,731.5100446295895,-0.0,-1.343083492289446e-16
0.38,9.479678921259014e-17,2.765029398257708e-16,15.0,7.94136181108195e-17,1.6154804622349564e-15,-2.4336595392074887e-19,598.5082183333004,-0.0,-6.335889906984572e-16,598.5082183333004,-0.0,-4.461643528097481e-17,731.5100446295895,-0.0,-9.74397012977916e-16,731.5100446295895,-0.0,-2.226856747133129e-16
0.39,7.474511928862797e-17,2.7663150351064195e-16,15.0,7.035125757549525e-17,1.6162316011602532e-15,-1.0713257730518921e-19,598.5082183333004,-0.0,-5.7077781843616e-16,598.5082183333004,-0.0,-1.074276553881121e-16,731.5100446295895,-0.0,-9.045519192334563e-16,731.5100446295895,-0.0,-2.9253070041625933e-16
0.4,5.949683936558197e-17,2.767600663435114e-16,15.0,6.130088389924904e-17,1.616982735107694e-15,-2.1815459654599342e-20,598.5082183333004,-0.0,-5.230206124648051e-16,598.5082183333004,-0.0,-1.551848913226368e-16,731.5100446295895,-0.0,-8.489126018910741e-16,731.5100446295895,-0.0,-3.481699751471617e-16
0.41000000000000003,4.784279102004417e-17,2.7688862864909217e-16,15.0,5.22579286786142e-17,1.617733865974427e-15,3.01532673166089e-20,598.5082183333004,-0.0,-4.862777894697313e-16,598.5082183333004,-0.0,-1.9192773256900505e-16,731.5100446295895,-0.0,-8.042088384109263e-16,731.5100446295895,-0.0,-3.928737126716226e-16
0.42,3.8893392086018253e-17,2.770171906392114e-16,15.0,4.3219411704824976e-17,1.6184849949980623e-15,6.047563177019595e-20,598.5082183333004,-0.0,-4.57641760933247e-16,598.5082183333004,-0.0,-2.2056377175463133e-16,731.5100446295895,-0.0,-7.67955997365838e-16,731.5100446295895,-0.0,-4.2912653857226024e-16
0.43,3.1990263088728446e-17,2.7714575245066193e-16,15.0,3.4183408430332506e-17,1.6192361229778183e-15,7.690965622429112e-20,598.5082183333004,-0.0,-4.350081246494102e-16,598.5082183333004,-0.0,-2.431974138100588e-16,731.5100446295895,-0.0,-7.382570925760441e-16,731.5100446295895,-0.0,-4.588254351541105e-16
0.44,2.664325059453234e-17,2.7727431417062165e-16,15.0,2.5148692345086343e-17,1.619987250423035e-15,8.456866847940961e-20,598.5082183333004,-0.0,-4.16845045327526e-16,598.5082183333004,-0.0,-2.6136049582177054e-16,731.5100446295895,-0.0,-7.136572022456104e-16,731.5100446295895,-0.0,-4.834253216592652e-16
0.45,1.8199083266651242e-17,2.774250646012537e-16,15.0,1.6170893607581328e-17,1.62086801637624e-15,1.1757090635160964e-19,598.5082183333004,-0.0,-3.9351593963014096e-16,598.5082183333004,-0.0,-2.9313791412683077e-16,731.5100446295895,-0.0,-7.03081410297083e-16,731.5100446295895,-0.0,-5.409964127179491e-16
0.46,4.1297509654498773e-17,2.766672874840963e-16,15.0,6.083038702487783e-18,1.6164406705828538e-15,-6.634330755476638e-20,598.5082183332999,-5.551115123125783e-14,-2.802816161295383e-16,598.5082183332999,-5.551115123125783e-14,-4.908526766973094e-17,731.5100446295887,-5.551115123125783e-14,-2.9587422639196463e-16,731.5100446295887,-5.551115123125783e-14,-3.636946784228876e-18
0.47000000000000003,3.298978305835757e-17,2.741806701688203e-16,15.0,-5.091818901360899e-18,1.6019125006747334e-15,-9.655771050976032e-21,598.5082183332999,-5.551115123125783e-14,2.79089978719076e-17,598.5082183332999,-5.551115123125783e-14,2.0044504499574223e-16,731.5100446295887,-5.551115123125783e-14,3.0408776238898507e-16,731.5100446295887,-5.551115123125783e-14,5.292866222958964e-16
0.48,2.776828954516248e-17,2.709293750190461e-16,15.0,-1.6209150117459554e-17,1.5829166672317722e-15,2.4299860630559637e-20,598.5082183333004,-0.0,2.990596972224968e-16,598.5082183333004,-0.0,4.3133207585458043e-16,731.5100446295897,-0.0,7.390848618952727e-16,731.5100446295897,-0.0,9.167825129769234e-16
0.49,2.4461360353209567e-17,2.694388471924299e-16,15.0,-2.7451614962352636e-17,1.5742081935213904e-15,4.9459704848721243e-20,598.5082183333004,-0.0,2.816217129285036e-16,598.5082183333004,-0.0,3.843520818109735e-16,731.5100446295897,-0.0,5.242336149767911e-16,731.5100446295897,-0.0,6.670250284915674e-16
0.5,-1.3168478678296032e-16,2.708297096593581e-16,15.0,-3.476045490176712e-17,1.5823343680293148e-15,1.115639324318024e-18,598.5082183333004,-0.0,8.083716600546832e-16,598.5082183333004,-0.0,-1.9585825301080586e-17,731.5100446295896,-0.0,9.263758201352483e-16,731.5100446295896,-0.0,7.034303616851539e-17
0.51,-6.147197333305105e-17,2.7399654792528285e-16,15.0,-3.2435797683467835e-17,1.600836758451938e-15,4.422217513700266e-19,598.5082183333005,-0.0,6.078317374037168e-16,598.5082183333004,-0.0,2.1630463576907784e-16,731.5100446295896,-0.0,6.841817598976908e-16,731.5100446295896,-0.0,2.5297322547518314e-16
0.52,-8.346769363477539e-17,2.7798344301996835e-16,15.0,-3.5648378612301186e-17,1.6241303665940551e-15,5.94481376994823e-19,598.5082183333005,-0.0,6.82680268673488e-16,598.5082183333005,-0.0,1.576386513567431e-16,731.5100446295896,-0.0,7.009340490403137e-16,731.5100446295896,-0.0,1.2690317129713251e-16
0.53,-3.547882634638921e-17,2.833047788098166e-16,15.0,-3.318381392658494e-17,1.6552205025864905e-15,1.6638053545764358e-19,598.5082183333005,-0.0,5.66390868836625e-16,598.5082183333005,-0.0,3.3702217146185166e-16,731.5100446295896,-0.0,5.078300742339431e-16,731.5100446295896,-0.0,2.2941831871919227e-16
0.54,5.036933490859386e-17,2.891942360843557e-16,15.0,-3.412766707235947e-17,1.6896299130838277e-15,-4.550628845872647e-19,598.5082183333005,-0.0,2.79061792815449e-16,598.5082183333004,-0.0,5.601810201164521e-16,731.5100446295896,-0.0,1.5690046064960177e-16,731.5100446295896,-0.0,4.1754225827678696e-16
0.55,-6.801626100515899e-17,2.9543474806193987e-16,15.0,-3.4190270462739664e-17,1.7260903759652819e-15,3.8403814115936537e-19,598.5082183333005,-0.0,6.54533837882524e-16,598.5082183333005,-0.0,2.3150966495635474e-16,731.5100446295896,-0.0,5.646695931800519e-16,731.5100446295896,-0.0,7.898512373136755e-17
0.56,9.941193381806094e-17,3.0212848058957356e-16,15.0,-3.9816432858666513e-17,1.765198799639304e-15,-7.209663834221753e-19,598.5082183333005,-0.0,1.7139542074205618e-16,598.5082183333005,-0.0,7.30558752227941e-16,731.5100446295896,-0.0,-2.684301312191144e-17,731.5100446295896,-0.0,5.464500309944828e-16
0.5700000000000001,-1.9094424743904376e-16,3.095678090298261e-16,15.0,-3.2845943293697076e-17,1.808663399888942e-15,1.2181946212384846e-18,598.5082183333004,-0.0,9.928165902352386e-16,598.5082183333005,-0.0,-1.5669419199277856e-16,731.5100446295896,-0.0,8.270973913161165e-16,731.5100446295896,-0.0,-4.3601453413067383e-16
0.58,-3.7650617466062654e-16,3.1720377401887606e-16,15.0,-1.8215412709701776e-17,1.8532768577346106e-15,2.382602094728998e-18,598.5082183333011,5.551115123125783e-14,1.4878316022141946e-15,598.5082183333004,-0.0,-7.378530875207479e-16,731.5100446295896,-0.0,1.3645632413661673e-15,731.5100446295896,-0.0,-1.0678956504457007e-15
0.59,1.915189301269063e-16,3.227613264670299e-16,15.0,-2.4908649847107064e-19,1.8857470998358184e-15,-1.7747246351570718e-18,598.508218333301,5.551115123125783e-14,-3.6056228989144566e-16,598.508218333301,5.551115123125783e-14,8.183123781844449e-16,731.5100446295896,-0.0,-3.948038488764057e-16,731.5100446295896,-0.0,7.628604404150255e-16
0.6,1.5728209623527377e-16,3.2185857397146415e-16,15.0,-1.2123029020960465e-17,1.880472729083235e-15,-1.2362557218043307e-18,598.508218333301,5.551115123125783e-14,-5.521754348960829e-16,598.508218333301,5.551115123125783e-14,3.839367407966009e-16,731.5100446295896,-0.0,-2.7213857863331705e-16,731.5100446295896,-0.0,6.901847882868826e-16
0.61,-2.073437074431206e-16,3.1486457302836697e-16,15.0,-2.8484781215357177e-18,1.8396099741210424e-15,1.2768928924288811e-18,598.5082183333004,-0.0,4.368726188676285e-16,598.5082183333004,-0.0,-7.798012133186194e-16,731.5100446295896,-0.0,8.521153688412996e-16,731.5100446295896,-0.0,-4.818043751872545e-16
0.62,-1.5981759723443418e-16,3.0917568694605927e-16,15.0,1.875655962896349e-17,1.8063724095452755e-15,7.635704228889103e-19,598.5082183333004,-0.0,3.2809137548964e-16,598.5082183333004,-0.0,-5.706501346376842e-16,731.5100446295896,-0.0,6.274695940436246e-16,731.5100446295896,-0.0,-3.9989740984318626e-16
0.63,-1.2426208080515881e-16,3.0572071080644e-16,15.0,4.016195167455733e-17,1.786186561052815e-15,4.2903411529604096e-19,598.5082183333004,-0.0,2.5962523437186483e-16,598.5082183333004,-0.0,-4.0181422100623936e-16,731.5100446295896,-0.0,4.3498086595168467e-16,731.5100446295896,-0.0,-3.501474019104278e-16
0.64,-9.749781400077365e-17,3.044996434601046e-16,15.0,6.138386905163109e-17,1.7790524219282154e-15,2.1372122300319938e-19,598.5082183333004,-0.0,2.2014895434131118e-16,598.5082183333004,-0.0,-2.6196821033299887e-16,731.5100446295896,-0.0,2.669112586698015e-16,731.5100446295896,-0.0,-3.2481645524180916e-16
0.65,-8.595987610836846e-17,3.0548995853677816e-16,15.0,8.18753396730553e-17,1.784838380872561e-15,1.4981710640217904e-19,598.5082183333004,-0.0,2.2914785291383986e-16,598.5082183333004,-0.0,-1.689803791747022e-16,731.5100446295896,-0.0,1.443731639733854e-16,731.5100446295896,-0.0,-3.4576098934478765e-16
0.66,4.230394193549192e-16,3.084196346038759e-16,15.0,9.522534541620829e-17,1.8019551408247555e-15,-3.3715259662024784e-18,598.5082183333003,-0.0,-1.2957818401060148e-15,598.5082183333011,5.551115123125783e-14,1.3347639787674659e-15,731.5100446295896,-0.0,-1.5190058856888992e-15,731.5100446295896,-0.0,1.2287016321075042e-15
0.67,6.851896439799386e-16,3.110418268489235e-16,15.0,4.1456237800325416e-17,1.8172754131617066e-15,-4.305537514648055e-18,598.5082183333004,-0.0,-1.9973412598460345e-15,598.5082183333004,-0.0,2.0554898860529524e-15,731.5100446295896,-0.0,-2.4135732253717224e-15,731.5100446295896,-0.0,2.029592936895901e-15
0.68,5.707486489177258e-16,3.157421735884278e-16,15.0,-2.3005804994405177e-17,1.844737393595563e-15,-2.8380571091319237e-18,598.5082183333004,-0.0,-1.5425349733114434e-15,598.5082183333004,-0.0,1.7117903417578717e-15,731.5100446295896,-0.0,-2.1250411322812683e-15,731.5100446295895,-0.0,1.5914827560201998e-15
0.6900000000000001,-5.271340282648411e-16,3.2084983098748574e-16,15.0,-5.0837755708380035e-17,1.8745791042882853e-15,4.817086565535758e-18,598.5082183333011,5.551115123125783e-14,1.6517466118792125e-15,598.5082183333003,-0.0,-1.6303885146134717e-15,731.5100446295896,-0.0,1.363703053998221e-15,731.5100446295896,-0.0,-1.896716238260943e-15
0.7000000000000001,-7.218755010201379e-16,3.2176809116403635e-16,15.0,3.645068395759423e-18,1.879944079342079e-15,5.000128149840237e-18,598.5082183333009,5.551115123125783e-14,1.8947723019816705e-15,598.508218333301,5.551115123125783e-14,-2.3803675022832704e-15,731.5100446295896,-0.0,2.095659614161623e-15,731.5100446295896,-0.0,-2.4685454669302833e-15
0.71,3.3167670755462876e-16,3.163711108172481e-16,15.0,3.323684068888096e-17,1.8484119867328778e-15,-2.8564628566544484e-18,598.5082183333003,-0.0,-1.4050199445569372e-15,598.508218333301,5.551115123125783e-14,6.459151699219335e-16,731.5100446295896,-0.0,-1.230904020111452e-15,731.5100446295896,-0.0,8.409690367107387e-16
0.72,3.405280926469156e-16,3.101940997328504e-16,15.0,-5.535127350927008e-18,1.8123225305840897e-15,-2.2250382862655416e-18,598.5082183333004,-0.0,-1.3606941580857299e-15,598.5082183333003,-0.0,6.413053216780687e-16,731.5100446295896,-0.0,-1.3683584900381273e-15,731.5100446295896,-0.0,7.938876499610403e-16
0.73,2.4893611959548694e-16,3.0679094893707134e-16,15.0,-3.7612067388760265e-17,1.7924394739189976e-15,-1.256771784691837e-18,598.5082183333004,-0.0,-1.0012258637867791e-15,598.5082183333004,-0.0,3.978252894673876e-16,731.5100446295896,-0.0,-1.1605750925962707e-15,731.5100446295896,-0.0,4.211540322552821e-16
0.74,1.0172557545838483e-16,3.0540368920711084e-16,15.0,-6.621456229075888e-17,1.7843343485586355e-15,-9.633962048790189e-20,598.5082183333004,-0.0,-5.073474006866377e-16,598.5082183333004,-0.0,-1.8866918480630646e-17,731.5100446295896,-0.0,-7.351070750428728e-16,731.5100446295895,-0.0,-1.0488626036906148e-16
0.75,2.518085658229447e-16,3.057699737107809e-16,15.0,-9.876087848805144e-17,1.7864743817158644e-15,-1.0640731054147102e-18,598.5082183333004,-0.0,-9.061900368923075e-16,598.5082183333004,-0.0,4.3772845424603135e-16,731.5100446295896,-0.0,-1.2607290814909507e-15,731.5100446295895,-0.0,2.853980526201678e-16
0.76,-5.413952271815593e-16,3.062338073925681e-16,15.0,-1.0243402234602086e-16,1.789184350192604e-15,4.2030527885279465e-18,598.5082183333004,-0.0,1.3684381078986266e-15,598.5082183333004,-0.0,-1.9709238997156387e-15,731.5100446295895,-0.0,1.2580455224456238e-15,731.5100446295896,-0.0,-2.2464929313571427e-15
0.77,-2.5536624303750993e-16,3.07170979537068e-16,15.0,-8.479719282333328e-17,1.794659819242389e-15,1.726578068810438e-18,598.5082183333004,-0.0,5.79972928487346e-16,598.5082183333004,-0.0,-1.0003228869215978e-15,731.5100446295895,-0.0,3.6977078797547506e-16,731.5100446295896,-0.0,-1.3619281103187138e-15
0.78,-9.442179414450034e-17,3.1005028643327327e-16,15.0,-8.941335742152898e-17,1.81148229512105e-15,6.028556046466098e-19,598.5082183333011,5.551115123125783e-14,1.310274039893472e-16,598.5082183333003,-0.0,-4.986694810157834e-16,731.5100446295895,-0.0,-1.6873558497028143e-16,731.5100446295896,-0.0,-8.88551223316298e-16
0.79,-7.819608288300171e-16,3.112689603420569e-16,15.0,-3.634015038125111e-17,1.8186024504825663e-15,4.753534723317461e-18,598.5082183333003,-0.0,2.0340688898573232e-15,598.5082183333004,-0.0,-2.567377954249425e-15,731.5100446295895,-0.0,2.0206134925279183e-15,731.5100446295896,-0.0,-3.053747584644349e-15
0.8,-4.09137377040219e-16,3.1330689820674465e-16,15.0,2.645881874742177e-17,1.830509191169397e-15,1.6106794719508145e-18,598.5082183333004,-0.0,9.290949931761206e-16,598.5082183333004,-0.0,-1.3548077196049466e-15,731.5100446295895,-0.0,7.617074833208832e-16,731.5100446295896,-0.0,-1.939427417040448e-15
0.81,6.7730246047107e-16,3.1564603610783414e-16,15.0,4.328295780533825e-17,1.8441757061802845e-15,-5.785331429704961e-18,598.5082183333003,-0.0,-2.3882027541983595e-15,598.508218333301,5.551115123125783e-14,1.7697487842822753e-15,731.5100446295896,-0.0,-2.669724141574072e-15,731.5100446295895,-0.0,1.5409555979139852e-15
0.8200000000000001,3.147040791569509e-16,3.1663055486653354e-16,15.0,1.7503792568044335e-19,1.84992779988455e-15,-2.2017208038545293e-18,598.5082183332999,-5.551115123125783e-14,-1.1521286101035071e-15,598.5082183332999,-5.551115123125783e-14,7.136467102144504e-16,731.5100446295887,-5.551115123125783e-14,-1.4850080039421628e-15,731.5100446295886,-5.551115123125783e-14,5.064080879393604e-16
0.8300000000000001,-9.106397663476012e-17,3.1747006470415837e-16,15.0,-2.0937450407451786e-17,1.8548326726551308e-15,9.800026557676625e-19,598.5082183333005,-0.0,1.4847500912776353e-16,598.5082183332997,-5.551115123125783e-14,-4.454474325929037e-16,731.5100446295887,-5.551115123125783e-14,6.902624311392966e-17,731.5100446295887,-5.551115123125783e-14,-4.894348009118577e-16
0.84,-3.6871078754098585e-16,3.150143202240711e-16,15.0,1.2197364038835522e-17,1.8404848786305097e-15,2.411025653756499e-18,598.5082183332999,-5.551115123125783e-14,1.1465795653792e-15,598.5082183332999,-5.551115123125783e-14,-1.016548016034872e-15,731.5100446295887,-5.551115123125783e-14,1.5333020405479401e-15,731.5100446295888,-5.551115123125783e-14,-7.990430670265502e-16
0.85,-1.834864769805628e-16,3.1154727040901353e-16,15.0,4.596481198809624e-17,1.8202284891637284e-15,7.913389995727026e-19,598.5082183333004,-0.0,7.832676996732313e-16,598.5082183333004,-0.0,-2.2009478767604993e-16,731.5100446295897,-0.0,1.250258474216545e-15,731.5100446295897,-0.0,9.265226531708877e-17
0.86,-1.175068406342978e-16,3.0986565107755864e-16,15.0,7.513303295482295e-17,1.8104035550180232e-15,2.2746784762110854e-19,598.5082183333004,-0.0,5.686890123040026e-16,598.5082183333004,-0.0,-8.542546408644672e-18,731.5100446295896,-0.0,9.10777407657569e-16,731.5100446295897,-0.0,1.955872263404358e-16
0.87,3.427381402420593e-16,3.095997160325524e-16,15.0,6.766445309252044e-17,1.808849817941297e-15,-2.6013163837238638e-18,598.5082183333004,-0.0,-7.345146098546662e-16,598.5082183333004,-0.0,1.375178597641383e-15,731.5100446295897,-0.0,-6.129008961354565e-16,731.5100446295896,-0.0,1.6176028642927806e-15
0.88,1.936881913382203e-16,3.1158870627744604e-16,15.0,5.294639172467459e-17,1.8204705800287682e-15,-1.1897203503491733e-18,598.5082183333004,-0.0,-2.248391116134035e-16,598.5082183333004,-0.0,9.516985442846118e-16,731.5100446295896,-0.0,-2.2592920521846965e-16,731.5100446295896,-0.0,1.088164891953969e-15
0.89,3.2335289155280376e-16,3.1485520722974427e-16,15.0,4.16440839434146e-17,1.8395552540348917e-15,-1.9801895492139406e-18,598.5082183333004,-0.0,-5.998317959606273e-16,598.5082183333011,5.551115123125783e-14,1.3259166574694745e-15,731.5100446295897,-0.0,-6.44786801911408e-16,731.5100446295896,-0.0,1.4873200216946216e-15
0.9,5.950101242170307e-16,3.1636752180910137e-16,15.0,-2.733652136684421e-17,1.8483910177965496e-15,-3.095622783555245e-18,598.5082183333012,5.551115123125783e-14,-1.4733260183599575e-15,598.5082183333003,-0.0,1.9300175821601207e-15,731.5100446295897,-0.0,-1.5697840176167566e-15,731.5100446295896,-0.0,2.2837642255166505e-15
0.91,-4.438963002353264e-16,3.154970639192174e-16,15.0,-3.435485975836836e-17,1.8433053296834617e-15,3.86586984094471e-18,598.5082183333011,5.551115123125783e-14,1.4874438983358337e-15,598.5082183333003,-0.0,-1.25039464591787e-15,731.5100446295896,-0.0,1.7002801668269386e-15,731.5100446295896,-0.0,-1.0576066412643684e-15
0.92,-5.10554277748368e-16,3.160252614481321e-16,15.0,-1.6541983847961143e-18,1.8463913467388326e-15,3.632891987842443e-18,598.5082183333004,-0.0,1.7379832637402429e-15,598.5082183333004,-0.0,-1.298836466836415e-15,731.5100446295896,-0.0,1.8269806222005944e-15,731.5100446295896,-0.0,-1.3947539421591907e-15
0.93,4.592118820556252e-16,3.184159809927935e-16,15.0,1.1125635402837693e-17,1.8603592297476618e-15,-3.456006170929884e-18,598.5082183333003,-0.0,-1.213197505711617e-15,598.5082183333011,5.551115123125783e-14,1.5468149720423142e-15,731.5100446295896,-0.0,-1.2597374313204083e-15,731.5100446295896,-0.0,1.6253189328814205e-15
0.9400000000000001,-8.381302969781692e-17,3.1933442768546534e-16,15.0,-2.555614382846141e-17,1.865725294530013e-15,9.369517976793128e-19,598.5082183333011,5.551115123125783e-14,3.924780663061447e-16,598.5082183333003,-0.0,-1.6033017014889323e-16,731.5100446295896,-0.0,4.200329018566018e-16,731.5100446295896,-0.0,-1.0101565175836935e-16
0.9500000000000001,-5.492243605843001e-16,3.179210392071372e-16,15.0,3.4510172952662296e-17,1.8574675108199166e-15,3.278401879516026e-18,598.5082183333003,-0.0,1.5540874541580878e-15,598.5082183333011,5.551115123125783e-14,-1.6202964999245805e-15,731.5100446295896,-0.0,1.927253948865844e-15,731.5100446295896,-0.0,-1.5676323841265576e-15
0.96,3.9821948174178426e-16,3.13559142154407e-16,15.0,4.229763509069682e-17,1.831982937413912e-15,-3.289851656883683e-18,598.5082183333004,-0.0,-1.3367768931198782e-15,598.5082183333004,-0.0,1.112628655175988e-15,731.5100446295896,-0.0,-1.0879488502943272e-15,731.5100446295896,-0.0,1.4211641480191137e-15
0.97,3.741066026704478e-16,3.106918997267411e-16,15.0,1.0996193717715252e-17,1.815230948717864e-15,-2.510444419077369e-18,598.5082183333004,-0.0,-1.1060749282133527e-15,598.5082183333004,-0.0,1.1133205329258453e-15,731.5100446295896,-0.0,-1.1281864291337875e-15,731.5100446295896,-0.0,1.2624976563484093e-15
0.98,2.913065558283445e-16,3.1095163685385646e-16,15.0,-2.3263188479887805e-17,1.8167484741895145e-15,-1.531110907125064e-18,598.5082183333004,-0.0,-7.760812954388506e-16,598.5082183333004,-0.0,8.836962112370362e-16,731.5100446295896,-0.0,-9.399738767016805e-16,731.5100446295896,-0.0,9.315470399670213e-16
0.99,-3.4532251644149894e-17,3.133221648790703e-16,15.0,-5.5364902211249884e-17,1.8305983873670254e-15,9.632886461170217e-19,598.5082183333011,5.551115123125783e-14,2.2552541760144e-16,598.5082183333003,-0.0,-9.661784460413838e-17,731.5100446295896,-0.0,4.27775818637558e-17,731.5100446295896,-0.0,-1.6031775738323946e-16
1.0,3.6459025354601917e-10,-1.6632160287415602e-09,15.000000012015175,1.2500411578479664e-10,-9.717411955634374e-09,-5.533468589318828e-12,598.5082142796188,-1.52696466582114e-07,-1.824023561478884e-08,598.5082143271871,-1.499810831084858e-07,-1.5670319853300296e-08,731.5100487197665,1.1013845391261157e-07,2.0130478665011724e-08,731.5100487636289,1.1274303712838218e-07,2.2226109354597858e-08
1.01,0.00011694352077875947,-0.5332709010045025,14.997334738999351,-3.8878118246081925e-06,0.0003649311708507077,2.95806642856645e-08,599.185656107239,0.005737618415935231,0.004085397721855718,599.1761806732044,0.0056531659372582865,0.004688524143471432,728.6610235120946,-0.004132621789165736,-2.1878274500890993,728.6493036009075,-0.0042136272279114095,-2.1869856978687254
1.02,0.0003604426420674392,-1.0661838566807225,14.989337030751706,-2.7302904856174188e-05,0.0028387477579121397,5.827647801945193e-07,601.3649186697929,0.04466159028448935,0.016048935797358818,601.3278200395848,0.044068506542038755,0.01785003536052325,724.321730790317,-0.032116303401164004,-4.38625676053561,724.2775131395221,-0.03268517964394313,-4.38362649753997
1.03,0.0006168146769046234,-1.5984378224864622,14.976013266973899,-8.053745108824059e-05,0.009282931939091103,1.991239794632509e-06,605.2157100206338,0.14617621235513134,0.035270844648534805,605.1354434438728,0.14442674823822443,0.038235696991522704,718.3159593687528,-0.10488975545230872,-6.593199336258843,718.2232326116423,-0.1065678128705505,-6.588630578249482
1.04,0.00081953361943924,-2.1298074220457224,14.95737123123285,-0.00016608830322093602,0.02126083523936965,4.2656674646826546e-06,610.8435090423952,0.33515119066468424,0.0609751264460863,610.7084499611019,0.331543359691544,0.06471943696953443,710.5403196052629,-0.23986072620768573,-8.806548678981875,710.388467628923,-0.24332129877374653,-8.800369768817637
1.05,0.0009345303529533017,-2.660148113531079,14.933420556791246,-0.0002807735866362648,0.04001712112908715,7.226803010241864e-06,618.2915590441362,0.6316117878643057,0.09228119634680083,618.0947499934595,0.6255127222147272,0.09625644665183838,700.9610002911454,-0.4506608439226456,-11.024214209413431,700.745001505007,-0.4565109681171631,-11.017005254845918
1.06,0.0009502601896364427,-3.1893919691325343,14.904171932373016,-0.000417525935532481,0.06646843350982408,1.0584394348593882e-05,627.5447307639032,1.0505829188548477,0.1282309630335214,627.2841361791883,1.0415132729909016,0.13185044283555983,689.608343324057,-0.7470498877318876,-13.244173156683429,689.3285800569674,-0.7557493439687146,-13.23660690434922
1.07,0.0008706143326206373,-3.7175363099142444,14.869636387981272,-0.00056692307026383,0.10120464258426697,1.3993001969323902e-05,638.5347443877874,1.6020824896090802,0.1678021209318705,638.2130998615379,1.5897675973341463,0.17052633881074244,676.5698704829058,-1.1349566577199544,-15.464528390154134,676.2316171138851,-1.1467689013306415,-15.45726238546459
1.08,0.0007096280619445438,-4.244627895190479,14.829824718926114,-0.0007184790355936197,0.14449975566410408,1.7097961874312746e-05,651.1465032132866,2.2912545277403162,0.20991731881127906,650.7708468118559,2.2756475114565355,0.21130998838797344,661.9821209936173,-1.61664122478683,-17.68356540740207,661.5947901570831,-1.631611219997775,-17.677173425731024
1.09,0.0004873882544378292,-4.77074541978004,14.784747078640626,-0.0008617052693564606,0.19633136509053786,1.957545313498782e-05,665.2252718019168,3.1186287171253158,0.2534560583476876,664.8062427358775,3.099910548162166,0.25321729080616245,646.0216591003513,-2.190961475067088,-19.899803163657342,645.5978869736507,-2.208915637133768,-19.89473637473021
1.1,0.0002268073026405405,-5.295982784735605,14.73441274451793,-0.0009869479246229513,0.25640734076565663,2.1165818805107523e-05,680.5844223256407,4.0804897969725085,0.29727333661650585,680.1354069589269,4.059051165763439,0.2952542853220488,628.8956018667894,-2.8537255909822368,-22.112034521031138,628.4502488544989,-2.8742891760195066,-22.108604605450136
1.11,-4.8914434129997684e-05,-5.8204350687556,14.678830038872578,-0.0010860106118113463,0.3241983620278152,2.1697644406572763e-05,697.0134740268309,5.169337950347963,0.34022632067198555,696.5496716609113,5.145747605975859,0.3364285057698343,610.8320003332834,-3.598111419011063,-24.319353116627045,610.3811347481409,-3.620738892184283,-24.317731013303113
1.12,-0.00031822924369502456,-6.344188444946309,14.618006371195612,-0.0011525763679038057,0.3989748223027115,2.1100517349453646e-05,714.2861616216588,6.3744198018880205,0.38120799820522294,713.8236335272317,6.349383721030499,0.37577030154245167,592.070383072635,-4.415133528029358,-26.521164583978262,591.630304619711,-4.439147728035609,-26.521389850314673
1.1300000000000001,-0.0005626367850202635,-6.867314567359073,14.55194835903791,-0.001182447169066699,0.4798466281077655,1.9405877324105946e-05,732.1682880453241,7.682308956074635,0.41918503869488144,731.7230435319793,7.656624304457072,0.412361457399059,572.8527410698306,-5.294139116563567,-28.71718137679251,572.4390895247296,-5.318775415053823,-28.719178298484685
1.1400000000000001,-0.0007675735526827861,-7.3898692874268175,14.480661983014073,-0.0011736227329065363,0.5658044481341743,1.6737090508843966e-05,750.4251437692574,9.077515094011169,0.4532361710363274,750.0123071644633,9.052022472320676,0.44536753327292156,553.415197664142,-6.223314733637464,-30.90740188475348,553.0421810236617,-6.247766840156932,-30.910999448118194
1.1500000000000001,-0.0009228498272753432,-7.911895015812607,14.404152824328708,-0.0011262425243327317,0.6557610349507064,1.3291266256377474e-05,768.8282861066973,10.543101325136472,0.4825870678438106,768.4613789020856,10.518638273037173,0.47406982670544007,533.9805902839466,-7.19018686568279,-33.09207578938104,533.6603566743831,-7.213651425859668,-33.09702943477577
1.16,-0.0011349167149542184,-7.899835689124137,14.325094952235274,-0.0010386410921718345,0.7482364397602824,9.17227700522654e-06,786.5180051894541,12.055834244690145,0.5013869427714562,786.2174470739103,12.033274424641915,0.4919688098555201,517.5988240270051,-8.1779591864089,-33.08643594649811,517.3524095940893,-8.19959819747551,-33.093185452432024
1.17,-0.001404394667093603,-7.88687989487877,14.246160694970909,-0.000899604805282526,0.8404224157933683,3.822533548323975e-06,802.5302191664344,13.571857677450783,0.5041322259554379,802.3220920225045,13.552318233119308,0.4936189106581722,503.08827950598516,-9.154539558561382,-33.0686903112997,502.942428093541,-9.173281474552763,-33.0777493045642
1.18,-0.0016239570535027223,-7.873207941228923,14.167359748244284,-0.0007046247600450845,0.9294482505140925,-2.7737519710237605e-06,816.5537122776923,15.046232181754826,0.4913450889219133,816.4586561521807,15.030928077373606,0.4802390182243124,490.7768987167353,-10.087239558195959,-33.041512551290666,490.7504447953854,-10.101919005255478,-33.05273912445643
1.19,-0.0017388165812498415,-7.859058339247842,14.088698136094118,-0.00045784540958521244,1.012816080278552,-1.0055273726661893e-05,828.3673182260995,16.439593622382066,0.46429583153121573,828.3990779415848,16.429649689787162,0.4534138574040446,480.8875827149384,-10.947888511973591,-33.00728436924838,480.9909545127381,-10.95742656976867,-33.020138918906
1.2,-0.0017284214496464,-7.8447369988716105,14.010179160914586,-0.00016958525649251295,1.0884440598550909,-1.725530131319998e-05,837.8370179155403,17.71877771291819,0.4248232517058552,838.0017332032102,17.71509458428133,0.4150495277797687,473.54043902660106,-11.713374441443214,-32.96804989630776,473.7757028401407,-11.71690723829899,-32.98177126583039
1.21,-0.001593970754969175,-7.83060995046955,13.931802753189668,0.00014581335734065043,1.1546922377237023,-2.3634540758960638e-05,844.9110780812366,18.85719441294387,0.3751611582121521,845.2072307519021,18.86036118113099,0.3672942695798818,468.7579107230318,-12.365966557239483,-32.92552045729657,469.1193115723894,-12.36292904489672,-32.93924992097758
1.22,-0.0013499884565177406,-7.817082897247686,13.853564963380531,0.00047187045070682776,1.2103720272715661,-2.861468225751921e-05,849.6132970339377,19.834967850820064,0.3177842544595781,850.0322121636996,19.84521570728398,0.3124499362308324,466.4727276215424,-12.893428053723621,-32.88112370936427,466.9476458080487,-12.883598477115344,-32.893995954374766
1.23,-0.001018642366218351,-7.804572263894231,13.77545770497349,0.0007915976934193523,1.2547405578950936,-3.1839747550591495e-05,852.0347526577058,20.63886281018046,0.25526353960852105,852.5615334360606,20.656054063352524,0.25287327212734156,466.53819995695625,-13.288933387393786,-32.83607180544538,467.1084157470683,-13.272443818024671,-32.847284362091614
1.24,-0.000625954528015852,-7.793472785925452,13.697468808500913,0.0010888549991353831,1.2874815370058172,-3.3185445510329984e-05,852.3244482125515,21.262022842403194,0.1901331979909123,852.9392159222256,21.28566937999432,0.19087443472160284,468.74031251338175,-13.55080958835525,-32.791431011296304,469.3834606487621,-13.528128215563761,-32.800298475477234
1.25,-0.00019930091380694664,-7.784126355669161,13.619582397024281,0.0013494156672592703,1.3086745165190448,-3.2732830968284434e-05,850.6792462362531,21.703547585043726,0.12478832491013227,851.3585565854967,21.732852442790552,0.12863595454724652,472.8110464339268,-13.682125628302067,-32.7481855096378,473.50214250083576,-13.65401688719803,-32.7541817102584
1.26,0.00023434930017275283,-7.776795985935799,13.541779550326954,0.0015617302479227387,1.3187546349644108,-3.071987827551545e-05,847.3334240689875,21.96793814022652,0.06140038038936614,848.0517413192321,22.001853633588752,0.06814204528094621,478.4423676918658,-13.69015721630895,-32.70727711284093,479.1553021392581,-13.65762602879822,-32.71006522774273
1.27,0.0006497725574405447,-7.7716475705903765,13.46403919217734,0.0017173952108942906,1.318465005459108,-2.748311421722565e-05,842.5481738969858,22.064439703298856,0.001853876365768006,843.2793015165731,22.101735716953396,0.011123591709333464,485.3003318122765,-13.585756537940863,-32.66961824712169,486.00924794987,-13.549982810557914,-32.66906755131013
1.28,0.0010245953532946103,-7.768740816504008,13.38633911473265,0.0018113492851009746,1.308803943174105,-2.3399751650684247e-05,836.6013374216305,22.006310224502002,-0.052296180271255606,837.3197260087004,22.045646754879023,-0.04098029712173034,493.0387977301513,-13.382657320435198,-32.63607944204824,493.7192939132336,-13.344926362726605,-32.632267226397644
1.29,0.0013402256377442695,-7.768029472408194,13.308657046764372,0.0018418344437965768,1.2909691800796377,-1.8838412133170068e-05,829.7776346197224,21.810042900556603,-0.0998470711408938,830.4595114363507,21.850041750521353,-0.0870441361995307,501.3123029716741,-13.0967452372594,-32.60745701265465,501.9424225897148,-13.058378993415666,-32.60065518453074
1.3,0.0015825855894800167,-7.769369924800438,13.230971676614757,0.0018101676831603747,1.266301107158265,-1.4123526706835724e-05,822.3596135700346,21.494568838915264,-0.1399529071523875,822.9839004231399,21.5338803642276,-0.1262620439914331,509.78772539470276,-12.74532216349672,-32.58442924715366,510.34871852108984,-12.707615190237998,-32.575076777555886
1.31,0.0017425822228155582,-7.77253645810021,13.153263554215748,0.001720373220477279,1.2362269234803442,-9.515249205985408e-06,814.6195134061828,21.080464380615837,-0.17211305511488548,815.1685187946799,21.11782626228481,-0.15813931582250446,518.1544385603833,-12.34639031993362,-32.56751017461867,518.6312948163293,-12.310553413026614,-32.556174312036525
1.32,0.001816259602058301,-7.777241024574251,13.075515816059637,0.0015787230618923393,1.2022073669879563,-5.203771862643007e-06,806.8121948052652,20.58918534447396,-0.19614716472861277,807.2720812275371,20.62347139873716,-0.18247173857879745,526.1327533016682,-11.917979100092568,-32.557009172891824,526.5145165012541,-11.885092476615567,-32.54433967271772
1.33,0.0018046135966367847,-7.7831552329981974,12.99771469948804,0.0013932284615835113,1.1656874635765264,-1.3147971767941904e-06,799.1692522126731,20.04234789032805,-0.21215998508604503,799.530290228034,20.072605848190705,-0.19931535805233702,533.4805224519895,-11.477533585068144,-32.55300276631056,533.7604046503812,-11.448510645893805,-32.53968395947071
1.34,0.0017130969999456938,-7.789932401759438,12.91984983509519,0.0011731173436505529,1.1280524694357759,2.0781444656756937e-06,791.894379977043,19.46107282151266,-0.22049942031018918,792.1510076316042,19.486550769244605,-0.20894976325833942,539.9978649965752,-11.041379643938976,-32.55532249330673,540.1731817608885,-11.01694161244099,-32.54202777533269
1.35,0.0015508821479446701,-7.797227866299847,12.841914326004815,0.0009283248629571403,1.0905899068973228,4.938856703785797e-06,785.1600219595243,18.865407002920442,-0.22171124907340128,785.3107324180414,18.885568764162752,-0.2118380227273667,545.5300371058086,-10.624276307718173,-32.56356018483542,545.6019882327687,-10.604937475506116,-32.55091260839841
1.36,0.0013299700918789302,-7.804716204920542,12.763904638585156,0.000669017062790552,1.05445831612469,7.254655787553757e-06,779.1052925384644,18.27383222995277,-0.21649360532320264,779.1523751033562,18.28836240367887,-0.20858617124752055,549.968538648122,-10.239061981227316,-32.57708975677813,549.9418599434761,-10.225124875816505,-32.56563114290308
1.37,0.0010642382825845537,-7.812104573174677,12.68582033990815,0.00040516161562244605,1.020663073052366,9.025869497957664e-06,773.8351178983826,17.702868436566987,-0.20565373092781133,773.7842787432244,17.711668109816557,-0.19990463539414052,553.2505938673229,-9.896397174939287,-32.59510290636437,553.1331064011899,-9.88795667202641,-32.58527255311511
1.3800000000000001,0.0007685068937815993,-7.8191418464427365,12.607663722770454,0.00014615500471135427,0.9900393662358059,1.0259635168483012e-05,769.4205116015986,17.166774685206832,-0.19006875847645216,769.2804009345796,17.169949044027412,-0.18657328843177956,555.3571837472109,-9.60460291558457,-32.61665499788994,555.1592673324026,-9.60155812243013,-32.6087778961139
1.3900000000000001,0.0004576818345545553,-7.825623709271428,12.529439359827155,-9.948799046230028e-05,0.9632421887272068,1.0967835605850688e-05,765.8998697483503,16.677348052862694,-0.17065067618599306,765.6815419439924,16.675187243531177,-0.16941025431484813,556.3098351647376,-9.369590911613324,-32.640717316036806,556.0438525870247,-9.37166352464558,-32.635000940348036
1.4000000000000001,0.00014602788482321425,-7.831394163900019,12.451153625237149,-0.00032437934600239695,0.9407429913486532,1.11682283532703e-05,763.2811436158888,16.24381742757691,-0.14831907876739586,762.9974762411877,16.236772089861073,-0.14924798734671205,556.1663921825428,-9.19487895517035,-32.666229491872905,555.8460900520963,-9.201636728081441,-32.66276757334366
1.41,-0.0001534408927597733,-7.836344143708207,12.372814216325853,-0.0005224363130313726,0.9228324655915174,1.0887258008805634e-05,761.5447391027743,15.872826467522694,-0.12397735222756874,761.2098355118858,15.8614793857213,-0.1269123951307217,555.0159984190941,-9.081682963321347,-32.692151077362595,554.6559088493577,-9.092566898926735,-32.69093281128167
1.42,-0.0004294179173484336,-7.840408010903558,12.294429700351685,-0.0006889944895243581,0.9096287796382558,1.0163285944915059e-05,760.6469794104873,15.568497621174737,-0.0984902052833301,760.2755777330193,15.553532915522583,-0.10320267790746337,552.9735244414659,-9.029075480749437,-32.71750869466038,552.5883893308942,-9.04342938208924,-32.71843169855753
1.43,-0.0006726110060557471,-7.843558709104341,12.21600910363586,-0.0008208582107584387,0.9010904817766476,9.048973088562264e-06,760.5239570675798,15.33256722484172,-0.07266863788910591,760.1308663543663,15.314738445916854,-0.07887800762837134,550.1736695965651,-9.034199379862551,-32.74143312746267,549.7779069494248,-9.05130045352509,-32.744318539095524
1.44,-0.0008759244058652539,-7.845802252477439,12.1375615529988,-0.0009162925262638134,0.8970332126375962,7.611958073437453e-06,761.095616855009,15.16458033411816,-0.04725635973655314,760.695198289117,15.144678730137251,-0.05464504484863576,546.7649501889368,-9.092524875190355,-32.763187628281074,546.3721783174366,-9.111614168804682,-32.767796169486616
1.45,-0.001034521640072987,-7.84717209401384,12.05909597329564,-0.0009749625946014936,0.8971493288516221,5.9334712621398165e-06,762.2699135029311,15.06213309771648,-0.02291847421348861,761.8756214462585,15.040957197791583,-0.031147051773986235,542.9037725811438,-9.198137762674751,-32.782185984352274,542.5264044389951,-9.2184493401537,-32.78823403989568
1.46,-0.0011457841073943507,-7.8477237544128045,11.980620840215796,-0.0009978275552557639,0.9010295345442751,4.104951919932367e-06,763.9469029263506,15.021150139729322,-0.00023216646030894053,763.5708971566827,14.999477642637926,-0.008954340267663619,538.7487681035709,-9.3440469689412,-32.79800050869306,538.3976842414493,-9.364834874314553,-32.80517553689537
1.47,-0.001209181930998657,-7.8475299347779925,11.902143984499482,-0.0009869968737042263,0.90818564049297,2.223081938816318e-06,766.0226428934932,15.036184543157805,0.02032062902185244,765.6754798330486,15.014747327300737,0.011443933236076023,534.4555427428834,-9.522500002626055,-32.81036086747232,534.1398476477784,-9.543062230080778,-32.81833568826598
1.48,-0.0012260746809113596,-7.84667619987303,11.823672442198424,-0.0009455577721721875,0.9180736200867295,3.8387462261370565e-07,768.3927986716421,15.10072857105743,0.038358430087035815,768.0832058484112,15.080191454018788,0.02964640037873517,530.1719684908959,-9.725295691819069,-32.81914523703005,529.8988315139959,-9.74499455918265,-32.827590924111604
1.49,-0.0011994601637997835,-7.84525721592541,11.74521234528552,-0.0008773826422483443,0.9301162023214014,-1.3234477352121711e-06,770.9558703270953,15.207524157257179,0.05360303858823696,770.6906048723337,15.18846783996608,0.04534419423320595,526.0341158183128,-9.944084620745475,-32.82436566238636,525.8086946258229,-9.962363129167484,-32.832962899092685
1.5,-0.0011336892747491106,-7.843373462728873,11.66676884743175,-0.0007869252920193779,0.9437243304794567,-2.822076385065188e-06,773.6159799867988,15.348863374067712,0.06587976598161695,773.3997687749915,15.331771812095663,0.058323376795281774,522.1628987937698,-10.170648896813683,-32.82614964276099,521.9883403842338,-10.187042844011396,-32.83459849107428
1.51,-0.001034163793685501,-7.841128312727916,11.588346080735532,-0.0006790145278610636,0.9583169163206744,-4.052142596927583e-06,776.2851786208176,15.516870464354348,0.07511489877897119,776.1207348098196,15.502122724085854,0.06846478533972568,518.6614766726924,-10.397154238048378,-32.82471990260071,518.5389885689247,-10.411300029734505,-32.83274798854645
1.52,-0.0009070320082767242,-7.838625373844738,11.509947140264945,-0.0005586529364545354,0.973338429033503,-4.9737274182897865e-06,778.8852520351355,15.703758535478729,0.08133038568746849,778.7733603560802,15.691625021902189,0.07574114058194364,515.6134290484372,-10.61636882296585,-32.82037404948665,515.5424113484354,-10.628007091090353,-32.827743194132715
1.53,-0.0007588943668413554,-7.835966019101045,11.431574094188639,-0.0004308278500423614,0.9882739715496254,-5.56813828109405e-06,781.3490241853717,15.902055582969698,0.08463588976665275,781.2886854365927,15.892698374051829,0.08021143431324795,513.0816965544132,-10.8218448431866,-32.81346542607934,513.0599241525092,-10.830820125209861,-32.81997675745308
1.54,-0.0005965283582729274,-7.833247064556885,11.35322801785424,-0.0003003403891289912,1.0026616101087178,-5.837440883480737e-06,783.6211722063235,16.104796079546844,0.08521850890678322,783.6097960703688,16.098272974076956,0.08201279528021156,511.10825621800166,-11.008060197921665,-32.80438599889896,511.1320997004844,-11.014317054188705,-32.809883574415466
1.55,-0.00042663888498818627,-7.830558598152588,11.274909050351164,-0.0001716572323243008,1.0161018325941258,-5.802417821815963e-06,785.6585814252344,16.305675876330973,0.08333060473597717,785.6922159709734,16.301947661133077,0.08135019440536782,509.7144803992911,-11.170519225585817,-32.793551662072346,509.7791538668808,-11.174095268734806,-32.79792462142624
1.56,-0.0002556379011742801,-7.8279819977602605,11.196616471883084,-4.8788422499386396e-05,1.028264114045064,-5.499270406987963e-06,787.4302799512337,16.4991695736445,0.07927627934535124,787.5038659903807,16.498109944248885,0.07848447641814182,508.90211120784136,-11.305812741082999,-32.78138993091663,509.00193554095637,-11.306829120299177,-32.78457319340628
1.57,-8.945493063716996e-05,-7.825588201571411,11.118348799757463,6.480685104553411e-05,1.0388906613176843,-4.975478143628444e-06,788.9170009639953,16.68061079472205,0.07339686742199612,789.0246397572178,16.68201832157179,0.07371905756710778,508.65476880091285,-11.411638902033394,-32.76832957743213,508.7834396013864,-11.41028882525913,-32.7703030962137
1.58,6.66179705763672e-05,-7.823436304961353,11.040103900101233,0.00016628588299892768,1.0477974911190338,-4.285274184601011e-06,790.1104283720289,16.846236912971825,0.06605711048296734,790.2456519436262,16.849848432103798,0.06738694996256235,508.93990118528177,-11.486787533224685,-32.754792382691754,509.0907516539089,-11.483323423036929,-32.75557902252396
1.59,0.000208054368039986,-7.821572554812358,10.961879111674843,0.00025346008677746174,1.0548730649592548,-3.4851476857812384e-06,791.0121824454612,16.99320072428867,0.057630797736054375,791.1682169107197,16.998705544431004,0.0598369299887188,509.7110788458645,-11.531091470211807,-32.74118518376438,509.8773292677723,-11.525811336605907,-32.74084723972026
1.6,0.0003311839097365673,-7.8200297968402745,10.883671377514954,0.00032480632425562123,1.0600747603830254,-2.6298256511202153e-06,791.6326067953732,17.11955231750878,0.04848744847064999,791.8026204636484,17.126606672387858,0.05142041039898687,510.91053231372007,-11.545349227812363,-32.727892774192476,511.085519241199,-11.538582805785513,-32.726527288888036
1.61,0.0004332505630566015,-7.818827406639087,10.805477379698907,0.0003794544154501304,1.0634234993719014,-1.7689883787781104e-06,791.989416825281,17.224194973124828,0.03898077409340617,792.166746336572,17.232436201843615,0.04247982680251496,512.4718328679215,-11.53122384199473,-32.715271310174984,512.649212581865,-11.523318989958288,-32.713004369950724
1.62,0.00051243833042094,-7.8179717054675875,10.727293672362917,0.00041715392372854984,1.0649968821922002,-9.449018945369788e-07,792.1062669090397,17.3068193163603,0.029438637812937735,792.284616226344,17.315879321996576,0.03333828927157437,514.3226206150276,-11.49112307494854,-32.70364176964905,514.4965429733193,-11.48243286546069,-32.70062200868426
1.6300000000000001,0.0005678640855101959,-7.817456831086464,10.649116808250085,0.0004382237040823118,1.0649211888366594,-1.9102815859670848e-07,792.0112907805858,17.36782017709315,0.0201549129485988,792.1848993768805,17.377337789419467,0.024290942640733785,516.3872904536531,-11.428066319205787,-32.6932836658108,516.5525406270422,-11.418937180852017,-32.6896752638572
1.6400000000000001,0.0005995388015992661,-7.817266006091342,10.570943454504388,0.00044348786523165515,1.06336261130205,4.6843808880758337e-07,791.7356646140487,17.40820067594656,0.011383351665326398,791.8994426146234,17.417832623433938,0.015598191204566013,518.5895555876037,-11.345543497548183,-32.68442925092859,518.7416624546447,-11.336304690774568,-32.68040474210632
1.6500000000000001,0.0006082996160771039,-7.81737312407591,10.492770494118576,0.0004342017795146792,1.0605180694573217,1.0182448962038093e-06,791.3122364330907,17.429467977943926,0.0033334789101749224,791.4618657628065,17.438898253078484,0.0074808438559663595,520.8548191085795,-11.247371048812237,-32.67725855094017,520.9901302083684,-11.238325682866757,-32.6729917699423
1.6600000000000001,0.0005957164662123498,-7.817744559445549,10.4145951103199,0.00041197161873351355,1.0566059426078867,1.451166812503135e-06,790.7742588830155,17.433524949113654,-0.003831558633703081,790.9062606054403,17.44247242652408,0.00011714688825893007,523.1122963278364,-11.137549737298913,-32.67189561069359,523.2280202506118,-11.12896746304809,-32.6675550866946
1.67,0.000563978223485346,-7.818341100513233,10.336414852157324,0.00037867064155927587,1.0518570196563566,1.7667153407360305e-06,790.1542552829617,17.422561635667243,-0.009995328815066219,790.2660243002417,17.430785872544206,-0.0063584028188569735,525.2968434653716,-11.020128550230213,-32.668406304170745,525.3910614032095,-11.012239996491092,-32.66414937347795
1.68,0.0005157641546728395,-7.819119907345548,10.25822768055471,0.00033635514634839156,1.046505934723897,1.9696865315250604e-06,789.4830415005638,17.398950079439146,-0.015086829495546907,789.5728506140669,17.40625529095058,-0.011854629767725661,527.3504614961457,-10.89907838041576,-32.66679798324577,527.4221103879711,-10.892071340802778,-32.662765834254444
1.69,0.0004541070205275501,-7.820036404561951,10.180031995041125,0.0002871826615860277,1.040783314011449,2.0687236901813527e-06,788.7889188024668,17.365145507576894,-0.01907781455431734,788.8558948230426,17.37138276580008,-0.016321844006943215,529.2234569365894,-10.778178557531659,-32.66702111835128,529.272287231007,-10.772195881276758,-32.66333491369805
1.7,0.0003822541432357731,-7.821046033240687,10.10182664220128,0.000233334594253938,1.0349088153247175,2.0750257228472646e-06,788.0970456615987,17.32359640974568,-0.0219789835395175,788.1411208130852,17.328664162833352,-0.01974882999968439,530.8752537170985,-10.660918618274117,-32.66897294366601,530.9017652467511,-10.656057712251254,-32.665731092296035
1.71,0.0003035323653576405,-7.822105803293942,10.023610907563361,0.00017694520489815985,1.0290851957800227,2.0012788153894417e-06,787.4289897563588,17.27666546297074,-0.023835296117969407,787.4508320425387,17.28050851184726,-0.02215890382265365,532.2748616788106,-10.550417018827362,-32.67250297679582,532.280221490992,-10.546730829088691,-32.66977955999515
1.72,0.0002212220744685859,-7.8231756061818105,9.945384493135677,0.00012003843101489427,1.0234934973600915,1.86083937935309e-06,786.8024552606535,17.22656270258016,-0.02472066896242042,786.8033817674442,17.22916980552047,-0.023605281439365196,533.401017378208,-10.449357816092464,-32.67742015458967,533.3869635957411,-10.446857125517074,-32.67526445034829
1.73,0.00013844449563752765,-7.824219265893494,9.867147483113522,6.44737377246223e-05,1.0182893956592844,1.6671556944685917e-06,786.2311751475333,17.1752917862269,-0.02473230014478052,786.2130524298831,17.176692087295777,-0.02416599058036316,534.2420215767286,-10.35994569769394,-32.68350122488515,534.2107574677857,-10.358602551770735,-32.681938227691745
1.74,5.8065375265611595e-05,-7.825205322356983,9.788900300415293,1.1901835637624594e-05,1.013600715622135,1.4333878786080536e-06,785.7249537261955,17.124609673571157,-0.0239848469340385,785.690089483751,17.124868169168582,-0.023938541905431227,534.7953049013337,-10.283879142482688,-32.69049996609993,534.7493873160303,-10.283631197725962,-32.689531765842304
1.75,-1.7382888306047986e-05,-7.82610755491633,9.710643656695265,-3.626922958664569e-05,1.0095260804031636,1.172172265624149e-06,785.2898411144087,17.07599956163103,-0.022604620247556148,785.2408712940997,17.075211830374414,-0.023034514304296864,535.0667585711168,-10.222340957226073,-32.698156826594,535.0089847583505,-10.223096536186471,-32.697764690885
1.76,-8.575952055725783e-05,-7.826905263777934,9.632378498350043,-7.889743973306755e-05,1.006134626502003,8.954717338883961e-07,784.9284185448779,17.030656487172614,-0.02072416744953069,784.8681938254574,17.02894291220103,-0.02157442323170949,535.0698712048904,-10.176004972138442,-32.706208252741256,535.0031677704154,-10.177648605274426,-32.70635524462927
1.77,-0.00014535475171350494,-7.827583334313208,9.55410595081906,-0.00011511976201320263,1.0034666906863112,6.144609620124438e-07,784.6401723852504,16.98948464244987,-0.018477017169286476,784.5716477046194,16.98698435214019,-0.01968264192056057,534.8247140666327,-10.145057295346982,-32.7143958670624,534.7520314503665,-10.1474555329909,-32.71502984527521
1.78,-0.00019490938974179044,-7.828132113108836,9.475827263208368,-0.0001443551489101174,1.0015353522221193,3.3941866455949525e-07,784.4219333679818,16.95310515456955,-0.01599303740461948,784.3480637741158,16.949969897976313,-0.017482825640149594,534.3568189442843,-10.129230227480079,-32.72247457429334,534.2810343687414,-10.132237514416499,-32.723531413960394
1.79,-0.0002336171233687456,-7.828547126206553,9.397543754968389,-0.0001662982921005883,1.0003286978331287,7.959981384390682e-08,784.268358205767,16.921872856078714,-0.013394397001695325,784.1920038455982,16.91826101394811,-0.01509383830287544,533.6959913204902,-10.127846724681088,-32.73021953577223,533.6198226379025,-10.131311144683853,-32.73162643322928
1.8,-0.00026090115797076577,-7.828828970905327,9.319254011437698,-0.00018090609621828003,0.9998127537222394,-1.5695282444579692e-07,784.1730521505779,16.895901759057587,-0.010784552041525439,784.0968859434375,16.891972648575116,-0.01261731727983073,532.8744469064787,-10.139874193401678,-32.73744004704091,532.800367638929,-10.143642932027742,-32.73911747191279
1.81,-0.0004361682974631383,-7.295411583378995,9.243633774198596,-0.0001847376045488523,0.9995864448976883,-5.612720179205769e-07,783.4967925914167,16.869791154729196,-0.015677618212592902,783.4317018895783,16.865778827208246,-0.018502423835759785,534.7763570907146,-10.159867554586032,-30.554452249442424,534.7172037858588,-10.163716113636756,-30.557373162604943
1.82,-0.0007414885425574519,-6.761680067674607,9.173348228154014,-0.00016393417330486915,0.9979189470134382,-1.8836712069644002e-06,781.4697622043067,16.817934665422698,-0.035118922893557274,781.4341272946302,16.814374167112067,-0.03952579630502285,538.0752190771359,-10.166628976658709,-28.35662695591138,538.051295775382,-10.170044148507696,-28.361828506188527
1.83,-0.001020487168001603,-6.228042025852468,9.108399858053613,-0.00011002471190387804,0.9929580673352147,-4.031926244084623e-06,777.9299578733128,16.712846670706107,-0.06779548302677553,777.9397292045692,16.710457032339033,-0.07340929150252695,542.9831773027923,-10.137560562190506,-26.1458069494837,543.0102518522547,-10.139852664297733,-26.15333022448088
1.84,-0.001202055585419251,-5.694875629499697,9.048785811641137,-2.1514041334914723e-05,0.9831303525884412,-6.471702612404245e-06,772.7755205008441,16.53118252713287,-0.1116912184950066,772.8430538357002,16.53071526000899,-0.1177943084125828,549.6378420956449,-10.053462635017441,-23.92379759290489,549.7269488313801,-10.053910830013834,-23.93310904502064
1.85,-0.001259938430784303,-5.162523806760078,8.994499625554177,9.823793383216332e-05,0.9671629067682557,-8.705243217424874e-06,765.9609222207592,16.25401627066886,-0.16437367323170682,766.0942839522971,16.256149927187824,-0.17019582377229062,558.1053420687409,-9.898844580381095,-21.692397636248863,558.262629633068,-9.896798011883313,-21.702661700277893
1.86,-0.001193243664481185,-4.631286833335228,8.945531613798279,0.00024255409451066876,0.9440931784781778,-1.0417275242024192e-05,757.4920864747797,15.866949912208383,-0.22319565523691745,757.694766469886,15.872218046223574,-0.2280521947436124,568.3850391441473,-9.662079120890288,-19.45342354246402,568.6118287006866,-9.657026012753256,-19.46369214295245
1.87,-0.0010161013112268565,-4.101414354471162,8.901869334222047,0.000402680589220172,0.913267720349289,-1.1486544542287135e-05,747.4204589901814,15.360068555885176,-0.28545599039625036,747.6914300352395,15.368814620610681,-0.28881156804581404,580.4159530250488,-9.335412914974695,-17.208730398643926,580.7090375032649,-9.327023832482906,-17.218079781691365
1.8800000000000001,-0.0007515119035054339,-3.573098106456234,8.86349813230537,0.0005688292171340275,0.8743311325146388,-1.1944351656481052e-05,735.8363394790579,14.72775990883507,-0.34853526380772826,736.1703981508017,14.740114787687887,-0.35002831337180407,594.0845545550063,-8.914847720836006,-14.960223817655471,594.4367118668192,-8.902997122752721,-14.967853011733906
1.8900000000000001,-0.00042716290732297253,-3.046466470910902,8.830401749414401,0.0007310521762771569,0.82720658826251,-1.1916600507124426e-05,722.8617674242867,13.968419374819518,-0.41001001767337675,723.2500898390905,13.984297904114262,-0.40945456285667764,609.2335543855885,-8.399908744641138,-12.70985588125747,609.6342257601455,-8.384678318582917,-12.715153185953204
1.9000000000000001,-7.226808682722421e-05,-2.521581713056807,8.802562972659146,0.0008799566114995873,0.7720694608389809,-1.1567203451985617e-05,708.6432315441812,13.084063104322418,-0.46774434121719444,709.0740798258493,13.103176110147608,-0.4651179313716424,625.6713036722929,-7.7933188241500755,-10.459600958885758,626.1073833557631,-7.7749859410116695,-10.46218165560418
1.9100000000000001,0.0002849374830582915,-1.9984403916105158,8.779964296754503,0.0010072623579423247,0.7093156293573892,-1.1052183637805727e-05,693.3444442085136,12.079871540723152,-0.5199575940201985,693.8039646979815,12.101749987531496,-0.5153806471261089,643.1814332857175,-7.100598476167064,-8.211410700483073,643.6381181374553,-7.07961302718757,-8.211128603192996
1.92,0.0006191562387596952,-1.4769770444974242,8.762588565333678,0.0011062088396756944,0.6395260439421203,-1.0488890550701628e-05,677.139392155166,10.963685425995184,-0.5652674339252595,677.6124531280454,10.987713404491227,-0.5589775371997182,661.5323822351263,-6.3296124397169695,-5.967151755263325,661.9940346971978,-6.306565195037139,-5.964087986498423
1.93,0.0009094510256669728,-0.9570709027165828,8.750419559925016,0.001171820820804741,0.5634290815965514,-9.941167550452301e-06,660.2058433125048,9.745475088668965,-0.6027083920951899,660.6768671223394,9.770928580869642,-0.5950321284801183,680.4865024118403,-5.49008316716032,-3.728533146939902,680.9374858602919,-5.465668593008621,-3.722966711736029
1.94,0.0011401277986797349,-0.4385551017438447,8.743442508764106,0.0012010455595624927,0.48186213175002157,-9.418605351444404e-06,642.7194569384401,8.436802258801224,-0.6317274689152428,643.173208387785,8.462890889628593,-0.6230516898139257,699.8084723649691,-4.593090811188638,-1.4970321592762499,700.2339233435313,-4.568067022435896,-1.4893978277507998
1.95,0.0013014207957333535,0.07877214548568694,8.741641184130092,0.0011927758216960882,0.3957337213374649,-8.88648162714839e-06,624.8493776788338,7.050291716758473,-0.6521515409604987,625.2716660742528,7.0762010139328595,-0.642893799017716,719.2720296397819,-3.6505777410135165,0.7261587380276053,719.6585230013104,-3.625725966172777,0.7353216694753648
1.96,0.0015662993551972346,0.061750496703799916,8.742346198255712,0.0011440363526934749,0.30634704758010306,-8.211847434923693e-06,607.4120010432845,5.604724199122502,-0.658046967536741,607.7816500415033,5.629575022410515,-0.6477096347267433,735.8170681864058,-2.679006293581143,0.7466125058902635,736.1425558851919,-2.6551697896110005,0.7579986461231131
1.97,0.0019127216024687188,0.04427072337777949,8.742876362392474,0.0010426906944203981,0.2163635104856322,-6.891282241499828e-06,591.3654724598751,4.140181229869588,-0.6449303433693746,591.6554646364862,4.162830779214033,-0.6332313503962133,750.6152842213857,-1.7102731159191475,0.7386003174540642,750.851962239452,-1.6885480379765228,0.7528339625046327
1.98,0.0021684070627002575,0.02707858717892697,8.743232582772796,0.0008832988958143656,0.12854802507028837,-4.786690816850756e-06,577.0199219453216,2.69877908170002,-0.6156038595397384,577.2077666797979,2.7179663769621443,-0.6031602038098904,763.3317828976597,-0.7770390135588556,0.7049746178781131,763.4583426973275,-0.7586348732053771,0.7214108048724994
1.99,0.0022643491690985643,0.010819397532708148,8.743421058020909,0.0006683906671934337,0.04533384776200711,-1.9715056072554366e-06,564.6081522084395,1.317999775678369,-0.5730772489509626,564.6771097067282,1.33251879908719,-0.5608144952358016,773.7327691102237,0.092372340764868,0.6491879733254481,773.7348729963256,0.10629875097334374,0.6666259522449294
2.0,0.002184189183628357,-0.003986028796505611,8.743453832037897,0.0004060820267948963,-0.03121933829989819,1.4358478119835647e-06,554.2859269577532,0.030068753802514614,-0.520269842952834,554.2257769601899,0.03888981566452232,-0.5091537376477584,781.6833942786392,0.8744861831742057,0.5752237316465708,781.5539905103496,0.8829472016949613,0.5923159892317643
2.0100000000000002,0.0019397867078279026,-0.016952682619030233,8.74334748219033,0.00010833177537676357,-0.09945210469788221,5.277409282734111e-06,546.1348404873926,-1.1384683284876296,-0.4598631721071914,545.9421988771714,-1.1361151093558508,-0.4507667991698761,787.1424285143248,1.5509752321885006,0.487429831613449,786.8817131480306,1.553232401559801,0.5029166513548742
2.02,0.0015583032870649203,-0.02783118491971599,8.743121753374211,-0.00021050723737635227,-0.15811716879292032,9.339788925204602e-06,540.1671267492649,-2.1669667124674663,-0.39424176728596483,539.8453390853654,-2.1715394107048036,-0.3878745230271898,790.1545449184866,2.1087597997925256,0.39031322810524677,789.7695407709195,2.1043737422996034,0.40315038818053917
2.0300000000000002,0.0010748035581982882,-0.03649833309246574,8.742798242330867,-0.0005349589670356812,-0.20637754689572946,1.3356135981946654e-05,536.3320675137436,-3.040710583241235,-0.3255065338514684,535.8907298605625,-3.0523310833349693,-0.32237490537681845,790.8407070596518,2.5399289432402883,0.2883469926162454,790.3445020120342,2.5287827492728177,0.2977660906918784
2.04,0.0005275062211153003,-0.042941032684702965,8.742399211876956,-0.0008495418638092771,-0.2437923428177397,1.7029482415325957e-05,534.5236888842928,-3.7507635476276002,-0.2555002934641333,533.9778619426504,-3.769217441460082,-0.2558890362591826,789.387100871918,2.841504525317562,0.18577126953791795,788.7978193383468,2.8238038516414377,0.19129605483728332
2.05,-4.5402404807785325e-05,-0.047236355625038966,8.74194658741361,-0.001139724842478445,-0.27029179755676813,2.00694223370518e-05,534.5893595270451,-4.293662009487664,-0.18585215810791741,533.958551743681,-4.318419256300999,-0.18982082105930306,786.0331151317669,3.015071943854919,0.08643040113158929,785.3727092253276,2.9913251969115318,0.08786554439660962
2.06,-0.0006080727949322171,-0.04953024025230771,8.741461161578256,-0.0013927047783671982,-0.28614340124713206,2.2231436730192444e-05,536.3389381458959,-4.670975495433494,-0.11802307382030106,535.6459371467754,-4.701227963686383,-0.12541588441710616,781.0588123567624,3.0663024058693034,-0.006351042530372097,780.3517602460518,3.037284732238965,-0.008947872858717055
2.07,-0.0011287135491173988,-0.050016905120895086,8.740962009825639,-0.0015979932621662443,-0.2919109710538172,2.334950991789739e-05,539.5541347653226,-4.888760274462389,-0.0533360949330416,538.8237638302217,-4.923472021440556,-0.06380384339210204,774.7723024347459,3.0043920174062655,-0.08985621974313747,774.0442936917332,2.9710970764272315,-0.09621158658527491
2.08,-0.0015808459915375732,-0.04892048186422765,8.740466101774915,-0.0017478097806256892,-0.28840863369788766,2.3355790617933036e-05,543.9977669366531,-4.9569337069535475,0.007010866700778494,543.255636905512,-4.994899792973517,-0.0060212952600846754,767.4974030455606,2.8414427172538392,-0.16202437095175534,766.7740793626843,2.8050262673979254,-0.1716905475920094
2.09,-0.0019441375584442714,-0.04647977159373569,8.73998808111747,-0.0018372882233726733,-0.2766516220686489,2.2284709059251925e-05,549.4226287752667,-4.88859672138825,0.06194969121143937,548.6939468695822,-4.928506506815699,0.04698505324023806,759.5619261170542,2.591809247707133,-0.22146082947182244,758.8677324661561,2.553528433113461,-0.23385823906928285
2.1,-0.0022048286898848557,-0.042936470094431384,8.739540180692932,-0.0018645117910464902,-0.25780570920912127,2.026239493170136e-05,555.5797322833304,-4.699330779136368,0.11056036753534237,554.8882190477495,-4.739831980155207,0.09437202841530654,751.2868827098639,2.2714350131188277,-0.26741221052411507,750.6440705875451,2.232586922345625,-0.2818707971382427
2.11,-0.002355769495967158,-0.038526744820594726,8.739132238297294,-0.0018303972372742249,-0.2331369679744351,1.748484085566157e-05,562.2257268695602,-4.4064937998229965,0.15209710804614593,561.5926815735965,-4.446254032799302,0.1354248645803307,742.9768482923721,1.8971978989759108,-0.2997124083282365,742.4046601037111,1.859060532651724,-0.31551075445071614
2.12,-0.0023961008819092223,-0.03347571393369836,8.738771781736126,-0.0017384529707658097,-0.2039633698718547,1.4189685156532202e-05,569.1293519369862,-4.028536952676298,0.18601572990517598,568.5728957790595,-4.066300028350955,0.16958668601732782,734.9116775194173,1.4862849780495346,-0.3187067401583025,734.425729750862,1.4500632524024337,-0.3351082516306928
2.13,-0.0023306369491054506,-0.027994184696947328,8.738464157212894,-0.0015944373251435052,-0.17160953151196098,1.06267183929121e-05,576.0768264519852,-3.5843611538903253,0.21199634755369587,575.6113420454864,-3.6189959526549687,0.19648614903934158,727.3397036624149,1.0556125807923977,-0.32516259657378177,726.9515762750161,1.0223914472834439,-0.3414483273856334
2.14,-0.002169022048526061,-0.022276946777819367,8.738212681979238,-0.001405943793569857,-0.1373656913438386,7.031483594858977e-06,582.8761262880939,-3.0927287286652283,0.22995684597848975,582.5119014042236,-3.1232690691790355,0.21595794919517997,720.472504097789,0.6213055198277528,-0.32017507339068774,720.1895344062468,0.5920117238247258,-0.3356728463372644
2.15,-0.0019247424172215825,-0.016501962622848303,8.738018809063057,-0.0011819396142037897,-0.10245176223781183,3.605017577833552e-06,589.3601429697286,-2.5717421735167445,0.24005445080341817,589.1032166280294,-2.5974166595695847,0.2280526333306486,714.4812610598714,0.1982464006959339,-0.30507521826662715,714.306532186618,0.17361985284930492,-0.31918469135278804
2.16,-0.0016140688669025374,-0.010829920800689556,8.737882297899745,-0.0009322829811381892,-0.06798706572620498,5.012611670509679e-07,595.3887548326771,-2.0383984475324524,0.24267459568451688,595.2409548892703,-2.0586498271499276,0.23303407625453337,709.4946974379668,-0.2002970055015596,-0.28134685878651555,709.4272043151182,-0.21972179819590432,-0.2935601545142491
2.17,-0.0012549963590575432,-0.005403784905284012,8.737801389221133,-0.0006672423936205114,-0.03496611915264032,-2.1777389844413663e-06,600.8498727350471,-1.508223865003322,0.23840792501174712,600.8090264638316,-1.5227179470368446,0.23136475695221342,705.5985218711453,-0.5629613315521476,-0.25055578825867375,705.6334918872767,-0.5768638184006636,-0.2604732882384067
2.18,-0.0008662323470992282,-0.0003481480291631171,8.737772985340404,-0.00039703923314466716,-0.004240624400637827,-4.3798126456722545e-06,605.6595469966977,-0.9949915628245654,0.22801749282367734,605.719840092753,-1.0036161950821576,0.2236803789598873,702.8362767742535,-0.8804920534434824,-0.2142927586633129,702.9656177387571,-0.8887646598946253,-0.22163369792732565
2.19,-0.0004662718960361548,0.004231635763776166,8.737792838041711,-0.0001314315887772191,0.023492398086900658,-6.095519103901372e-06,609.7612403706938,-0.5105207510866516,0.21239896831048652,609.9136955320045,-0.5133757561678887,0.2107563208003646,701.2114480929596,-1.1458635153774877,-0.17412965396602342,701.4242933730254,-1.1486019896390087,-0.17873724399843766
2.2,-7.258576414201114e-05,0.008250445124271111,8.737855745902273,0.00012064627022370059,0.047696569172783636,-7.347888200216894e-06,613.1243829592281,-0.06455457228332628,0.19253585255681258,613.3574267872712,-0.06193385052738476,0.19346776040261246,700.6906680009272,-1.3543178315430504,-0.13158593583469694,700.9739875239208,-1.3518040780220453,-0.13342689964826482
2.21,0.0002990547642265425,0.011644331521318158,8.73795576145194,0.0003513783530024189,0.06799660155551075,-8.181061221699951e-06,615.7423379451727,0.33528858556847174,0.1694576544640879,616.0424242365543,0.3429213500389938,0.17275139311175192,701.2078159829287,-1.5033282481882737,-0.08810622595760355,701.5470620507823,-1.496007025124757,-0.08726493157925075
2.22,0.0006351294191400845,0.014371193917002867,8.738086406583674,0.0005542890174679184,0.0841737671813217,-8.649463433372377e-06,617.6298968236641,0.6834970406677798,0.14419655232084605,617.9821554504714,0.6955374976181372,0.14956443258718566,702.6688208438158,-1.5924944920361894,-0.0450392209031145,703.0485797458825,-1.5809454823083047,-0.041706649163230386
2.23,0.000924751025114089,0.016410986767158166,8.738240892529818,0.0007243904507437363,0.09615700946562795,-8.80894996890729e-06,618.8204315632504,0.976588938040035,0.11774649095661247,619.2093142365712,0.9923243917326352,0.12484477584958116,704.9569484862512,-1.6233791975368006,-0.003619091083958447,705.3615714234543,-1.6082860072603178,0.0019225512773525138
2.24,0.0011599003196230784,0.017765304894037322,8.73841233890706,0.0008582567612721776,0.10401040063690604,-8.710598657954245e-06,619.3628290312441,1.2129852586574286,0.09103162023226473,619.7727264834211,1.2316285970336294,0.09947956988176687,707.9383639741254,-1.5992956443924844,0.035049760818978794,708.3525542789848,-1.5814132586031149,0.042445829608734116
2.25,0.0013355143703579762,0.018456255795933133,8.738593985090297,0.0009540289751388501,0.10791768792869175,-8.397352896882548e-06,619.3183160173268,1.3928418999445413,0.06488010922443331,619.734125068377,1.4135656315402145,0.07427834882750314,711.467769975079,-1.5250577418613465,0.07000878073013228,711.8771077796496,-1.5051798768613844,0.07885324645852379
2.2600000000000002,0.001449433802048111,0.018524606672704575,8.738779386661767,0.0010113577122339561,0.10816468951607608,-7.903278236625904e-06,618.7572803327719,1.5178501784460785,0.040005127735895527,619.1649035641651,1.5398192235707708,0.049952696893717397,715.3939334328564,-1.4067034863122219,0.10046073848199562,715.7853231969008,-1.3856311369069285,0.11031821389634265
2.27,0.0015022235253948982,0.018027268050300117,8.738962589933768,0.0010312920913901902,0.10512029321659491,-7.254854135665267e-06,617.7561812026402,1.5910149991355538,0.01699297078983988,618.1429463627782,1.6134170676213588,0.027102574337213536,719.5649330723712,-1.2512030061667678,0.12578353124317013,719.9269637417929,-1.2297153078232315,0.13621097977780547
2.2800000000000002,0.0014968872546012864,0.017034238996058552,8.739138278490161,0.0010161245803881193,0.09921678078873322,-6.473538158919604e-06,616.3946299348958,1.6164195902892975,-0.0037020951432521062,616.7496205624224,1.6384921891314241,0.006209028933979836,723.8329840841087,-1.0661618337896583,0.14554087555067738,724.1561959372456,-1.0449901573492126,0.15610781215705227
2.29,0.001438500428599928,0.015625184141166554,8.73930188718455,0.0009692021381819595,0.09093015118563995,-5.5788074765075585e-06,614.7527086383809,1.5989851510829767,-0.021756987263662646,615.0670015774754,1.6200384899550668,-0.012367305810447676,728.0587229446219,-0.8595292560781842,0.15948842307904762,728.3357792828261,-0.839335237160066,0.16979461998592554
2.3000000000000003,0.0013337885338054814,0.013885836930482055,8.739449680874008,0.0008947141719421218,0.08076105067379494,-4.590977074293276e-06,612.9085809294256,1.544233033825393,-0.036973891888906825,613.1753903214133,1.5636683248990702,-0.028382748781770224,732.1148635343511,-0.6393205511728839,0.16757410581308152,732.3406291771983,-0.6206785372858681,0.1772640818396279
2.31,0.0011906780001527044,0.011904426614294571,8.73957879714384,0.0007974676226131903,0.06921683980875536,-3.53327565860934e-06,610.9364344832037,1.4580562169587141,-0.04927032361788873,611.1511653646558,1.475379089380613,-0.04170309945754639,735.8891642921268,-0.41336067905684004,0.16993199103088286,736.0606962463753,-0.39674486265217634,0.17870585797725705
2.32,0.0010178449695674885,0.009768310905648853,8.73968725418991,0.0006826589581273921,0.056795240441154804,-2.432883363331112e-06,608.9047813265382,1.3465058520742423,-0.05866623321060105,609.0649990696083,1.3613348138067916,-0.0522931552054168,739.2866739934699,-0.18905562116011687,0.16686949950086236,739.4031325849514,-0.17483192317174767,0.1744900280410463
2.33,0.0008242837921810295,0.007560966149595126,8.739773926704059,0.0005556520396403927,0.043969913726112364,-1.3208579432014072e-06,606.8751283051278,1.2155976221018827,-0.06526920031282453,606.9804527344104,1.2276676965604083,-0.06020418907259549,742.2312499146283,0.026803880898040866,0.15884841295097105,742.2937410228428,0.038381299256207146,0.16514443538616044
2.34,0.0006189127153133169,0.0053594474466052925,8.739838493934997,0.00042176977388015533,0.031178225895128944,-2.3106557503650914e-07,604.901017542844,1.071141562568434,-0.06925865299336689,604.9529526002991,1.080303399396687,-0.06556027472824989,744.6663658928397,0.22820289801750437,0.146460592336189,744.677726650114,0.236990782322144,0.15132706235301513
2.35,0.00041022950780182047,0.0032323877825435198,8.739881365005884,0.0002861062160844549,0.018811365443176346,8.016315331248751e-07,603.0274252614489,0.9185979068879746,-0.07086992355753607,603.0291365308988,0.9248128110287412,-0.0685442211206091,746.5552485598989,0.41002533410583464,0.13039969796474965,746.5197899405424,0.4159865686898523,0.13379487013416438
2.36,0.00020602520353466678,0.001238562707971749,8.739903587045184,0.000153364391867717,0.0072068861844122685,1.7436037042000667e-06,601.2904973141024,0.7629604521918742,-0.07037879656301349,601.2465505468836,0.7662918899038473,-0.06938373402375063,747.8803974456432,0.5681388778276952,0.11143042494578999,747.8036175793136,0.5713343384902148,0.11337069968523243
2.37,1.3160080784590959e-05,-0.000573990607874854,8.739906741759055,2.7723619890241055e-05,-0.003356332245458702,2.56475554436222e-06,599.7175914126026,0.6086679340077672,-0.0680870464922244,599.6336654301687,0.6092701566766667,-0.06833827170186169,748.6425585292178,0.6994426019201749,0.09035684397406511,748.5308403642524,0.7000202440720082,0.09090985384046789
2.38,-0.00016259681479401512,-0.002168341367869036,8.739892835803609,-8.72613951478143e-05,-0.01266078942681755,3.2405934225798894e-06,598.3275896910769,0.45954297253703036,-0.06430904478632433,598.2101767266374,0.45764744845699923,-0.06568664885465086,748.859230845748,0.8018790172784618,0.06799110262316377,748.7195370360569,0.800060861528229,0.06726760596513516
2.39,-0.0003166687577412642,-0.0035185830023064745,8.739864189786552,-0.00018872889684206842,-0.020550882437545322,3.753813093773488e-06,597.1314389275044,0.31875733242636706,-0.059360989725265226,596.9875446415765,0.31465769416516576,-0.061716950286145655,748.5627943719853,0.8744133183100633,0.04512544178007414,748.4023710418002,0.8704810122227569,0.04327054035297654
2.4,-0.00044571552162841403,-0.004609376085209034,8.739823330030392,-0.0002745464319934452,-0.026931438727807514,4.095245056974867e-06,596.1328767830817,0.1888215415752903,-0.053550293377677985,595.9697309591643,0.18285774364090734,-0.05671626531043053,747.7983459581155,0.9169833102827263,0.022505281037901163,747.6244453833073,0.9112629326721855,0.01968940821333678
2.41,-0.0005476238875575609,-0.0054351957770029154,8.73977288644995,-0.0003433170181825487,-0.031764507321188275,4.2641254068976165e-06,595.3292962572042,0.07159634754017041,-0.04716742449008152,595.1540836929685,0.06413869012117379,-0.05096255448764769,746.6213374316678,0.9304240882496151,0.0008076721211953329,746.44096795739,0.9232708250110355,-0.0027822410396124812
2.42,-0.0006214554765563192,-0.005999360856990302,8.739715499109312,-0.00039435790957196914,-0.035064682400087505,4.2676970633928165e-06,594.7127043067006,-0.03167693281924677,-0.04047943244354605,594.5323236415019,-0.04024331879926013,-0.0447179145922079,745.0951026112042,0.9163719338147192,-0.019375729745842358,744.9148121341319,0.9081551962420442,-0.023544615474531946
2.43,-0.0006673573534540419,-0.006312914309336463,8.73965373528529,-0.00042765555842481955,-0.03689325212669399,4.120241258738474e-06,594.2707317989327,-0.12033039653247535,-0.03372496701434247,594.091588160302,-0.12962008596845154,-0.03822307867953537,743.2883567979675,0.8771521219315681,-0.03755093003668832,743.1140541774118,0.8682416034929696,-0.0421032368673501
2.44,-0.0006864431546499563,-0.0063934156099110075,8.7395900182123,-0.0004438009224121198,-0.03735147336363439,3.841684078273498e-06,593.9876549880775,-0.19421124260815548,-0.02711078926208737,593.8154904530122,-0.20385164745739814,-0.03169318902081889,741.272745685832,0.8156553947111234,-0.05332898580516895,741.1095625407639,0.806408475774123,-0.05807545445273751
2.45,-0.0006806525403010046,-0.006263694109162044,8.73952656813579,-0.0004439095834968294,-0.0365732705428726,3.455946883736792e-06,593.8453929972347,-0.2536145547336055,-0.02080966513845564,593.6851570344083,-0.2632573200428978,-0.02531478279768691,739.1205121502607,0.7352077758336906,-0.06642877816742383,738.9727057235347,0.7259585927819057,-0.07119222922025209
2.46,-0.0006525965602307636,-0.005950602652293006,8.739465355859416,-0.0004295312395493457,-0.03471764539728264,2.9892113656727463e-06,593.8244507329603,-0.2992104706970311,-0.014959524520503163,593.6802110868626,-0.30854090458137806,-0.019243925240415485,736.902339786723,0.639438184621588,-0.07667561883419728,736.773235970051,0.6304885847733255,-0.08129569038322133
2.47,-0.0006053960926729722,-0.0054838017885238365,8.739408068625355,-0.0004025530282404033,-0.031961064882384586,2.468253168399154e-06,593.9047820882367,-0.33196883343616923,-0.009663761130507462,593.779675039088,-0.3407132370423782,-0.01360541851458442,734.6854216364272,0.5321479817286257,-0.08399628640303598,734.5773958888649,0.5237604925553696,-0.08833310043510822
2.48,-0.0005425198929409307,-0.004894598080298629,8.739356087899363,-0.0003651008739921822,-0.02849006876492902,1.918967638069964e-06,594.0665539593075,-0.35308413943679895,-0.004992541361973529,593.9627715820739,-0.3610149939509144,-0.008493005287554308,732.5317916365863,0.417186158643168,-0.0884111741892096,732.4462844189137,0.4095790124765686,-0.09234794378616046
2.49,-0.0004676280119736262,-0.004214855180636734,8.739310478422958,-0.0003194426462457916,-0.024494307494792422,1.3651730562580782e-06,594.2907972851483,-0.36390325777624355,-0.000984981876980936,594.209608261636,-0.37084230781730954,-0.003970473316352494,730.4969453157399,0.2983333913522124,-0.09002426197375425,730.434507812672,0.29167756784342913,-0.09346887829804554
2.5,-0.00038442545689970484,-0.0034759932126612863,8.739271987725326,-0.000267896415593885,-0.02016018657332716,8.277363823638807e-07,594.5599368163205,-0.3658580063206629,0.0023479524912152984,594.5017365374861,-0.37167735045107175,-7.35526256805537e-05,728.6287654456228,0.17919763528218002,-0.08901160526351878,728.5891307549608,0.173615815401984,-0.09189726519893661
2.5100000000000002,-0.00029653001578896647,-0.0027080900517036546,8.739241055142621,-0.0002127465272593197,-0.01566525711479731,3.240288952156716e-07,594.8581964641428,-0.36040425877176263,0.00501998631587861,594.8225815950758,-0.36502561692730584,0.0031875182956351096,726.9667580489487,0.06312336430797094,-0.08560897718505286,726.9489326696669,0.05869063301594535,-0.08789393040297573
2.52,-0.00020735720317548243,-0.001939096777844516,8.73921782926326,-0.0001561696106333085,-0.011173455019682825,-1.3231215541080794e-07,595.1718817369392,-0.3489688345131303,0.007065667291340586,595.1577440940026,-0.3523612081809957,0.005824894257212241,725.5415945982469,-0.04688402937003122,-0.08009921205773925,725.5439649282035,-0.05013793880653816,-0.08176572099694361
2.5300000000000002,-0.00012002434366951133,-0.0011941782590871718,8.739202192601487,-0.00010017203757898483,-0.006831254378623661,-5.313624544069995e-07,595.4895448369917,-0.33290500790567057,0.008536257839954072,595.4951793267321,-0.3350809817408429,0.007869639774553742,724.3749476334906,-0.1482177372313931,-0.07279969896990196,724.3953962666391,-0.15030489580797335,-0.0738523172455059
2.54,-3.727492992642058e-05,-0.0004951880793374002,8.739193792200078,-4.653975550312732e-05,-0.00276476550321465,-8.666898832671376e-07,595.80204140224,-0.3134570781217483,0.009495542735572382,595.825262870031,-0.3144680318101778,0.009368011318575408,723.479599541124,-0.23871255774648992,-0.06405037057802863,723.5156264043532,-0.23968224801912408,-0.0645136548562066
2.5500000000000003,3.85764039105656e-05,0.00013971545177999856,8.739192074782684,3.199126000371674e-06,0.0009222247249708194,-1.1349981279228272e-06,596.1024905922791,-0.29173407580435073,0.010015700534586483,596.1407546959902,-0.2916645832125031,0.010377653480335638,722.8597980025985,-0.31667157980813654,-0.05420242878991665,722.908641762364,-0.31660492364860016,-0.054118206109295276
2.56,0.00010567850802308619,0.00069630877780606,8.739196325024748,4.779910772734566e-05,0.004149301916425703,-1.3356958195975986e-06,596.3861522235634,-0.2686923574069522,0.010173361582005512,596.4366758502795,-0.26765404760775713,0.010963837281390752,722.5118267251235,-0.3808771350813922,-0.04360793562751482,722.5705823895128,-0.37988120527399083,-0.04303225316593034
2.57,0.00016265972587267683,0.0011643986836631882,8.739205705497357,8.630997121393872e-05,0.006859619913123037,-1.4704398604303797e-06,596.6502360753232,-0.24512655839703523,0.010046059091081713,596.7101133373753,-0.24325170146488606,0.011195963813203863,722.4247560870666,-0.4305870388208177,-0.03261076413290784,722.4904853115913,-0.42878870666140934,-0.031610645032962556
2.58,0.00020862535712935624,0.001537779166407852,8.739219296867121,0.00011807824319591388,0.009019321712821724,-1.5426940352461051e-06,596.8936588843551,-0.2216681466921666,0.009708969969705638,596.9599693054996,-0.21910320768775415,0.011144234177470676,722.5813374249456,-0.4655174831620923,-0.021537995563884336,722.6511686473374,-0.4630572355456275,-0.020188128220632928
2.59,0.00024313952210338265,0.0018140594837916778,8.739236137010444,0.00014273862036731216,0.010616280834032476,-1.5573287754133965e-06,597.1167650183502,-0.19879063913558204,0.009232225334823136,597.1866711519906,-0.1956900183678889,0.010876791593284073,722.9590016468486,-0.4858142211339178,-0.010692948639922864,723.0302178159953,-0.48284015631594457,-0.009072427161704784
2.6,0.0002661934718639748,0.0019943777630837406,8.739255257822386,0.0001601967249460645,0.011658270462024889,-1.5202717220057029e-06,597.3210260156219,-0.17682041765515466,0.00867873118450609,597.3918583840126,-0.17334056553630628,0.010457291551798979,723.5309249322612,-0.49201388017477976,-0.0003492176392512658,723.6010372449534,-0.4886760628362574,0.0014615600081806757
2.61,0.0002781626998162646,0.0020830184421049168,8.739275718664175,0.00017060469491383512,0.012170675287395676,-1.4382110219340155e-06,597.5087333686528,-0.15595200570001078,0.008102542106453925,597.5780612527908,-0.15224606784031147,0.009942961287666781,724.2671248423404,-0.4849973725585266,0.009254121350485619,724.3339315216862,-0.481442697468637,0.01117630355503612
2.62,0.00027975543920271507,0.0020869547844210583,8.73929663559187,0.0001743311780037054,0.012193864181692615,-1.3183451345348062e-06,597.6826975693547,-0.13626663686600038,0.007547786932574109,597.748384795165,-0.13247975097191445,0.009383165596777104,725.1355526441607,-0.4659374288369378,0.01791612378675279,725.1971823771197,-0.46230510971401184,0.01987492648963279
2.63,0.00027195516308312485,0.0020153395373209856,8.739317205731238,0.00017192730524964085,0.011780341065222048,-1.1681687609397372e-06,597.8459647883943,-0.11775296227950482,0.00704812476912196,597.9062102296838,-0.11401829418683507,0.008818474545800538,726.1031507914375,-0.4362422736994831,0.02547640443742156,726.1580909757505,-0.4326600410392012,0.027403244617859656
2.64,0.0002559596489365354,0.0018789673753062965,8.739336726398578,0.00016409017586813276,0.010991786922525162,-9.952835320221046e-07,598.0015606901763,-0.1003287962965671,0.006626692441214433,598.0549237300163,-0.09676436919808795,0.008280209862588513,727.1368482844802,-0.39749739767702685,0.031816386105806,727.1839587072516,-0.39407845739886094,0.03365058862370637
2.65,0.0002331190337248074,0.0016897321011544947,8.739354608801214,0.00015162529847963149,0.009896098393571633,-8.072236533650612e-07,598.1522688717349,-0.08386288572687084,0.00629649047374612,598.1976805219717,-0.08056922526400445,0.007790431269965596,728.2044708807551,-0.3514072602430196,0.036859393403065994,728.2429838545418,-0.34824803490102196,0.038549452124744935
2.66,0.00020487507714917703,0.0014600997761042773,8.739370386373029,0.00013540931221157676,0.008564518246954922,-6.112899423449869e-07,598.3004493374265,-0.0681957999870142,0.006061144420025965,598.3372101041841,-0.06525438912696746,0.007362311960983139,729.2755476737846,-0.2997385984037093,0.04056963859410471,729.3050559866806,-0.2969172451297575,0.04207403164900511
2.67,0.0001727035828579363,0.0012026162210839453,8.739383717999111,0.0001163541627633603,0.00706894088876178,-4.1438967134575347e-07,598.4479003564377,-0.053159171960803775,0.0059159715744072075,598.4756662538025,-0.05063168405328167,0.007000843804808951,730.3220002354453,-0.24426681867761868,0.04295017330797077,730.3424345265495,-0.24184249354181064,0.04423774942830906
2.68,0.00013806161574606764,0.0009294639304645921,8.739394386551508,9.537374035612226e-05,0.005479462450803473,-2.228835106512821e-07,598.5957650646229,-0.03859266550010343,0.0058492796329861095,598.6145234173848,-0.036520922036431536,0.006703807538989762,731.3187051732519,-0.18672672855796213,0.044039908153394564,731.3303025240715,-0.18473954605197074,0.045089875643146315
2.69,0.00010234081407633873,0.0006520796534857102,8.739402293289668,7.335380544301419e-05,0.0038622304995502023,-4.24439824499547e-08,598.7444823256388,-0.02435819918950033,0.005843823362986653,598.7545191654515,-0.022764780846562527,0.006462940839393084,732.2439254490936,-0.12876862515204257,0.04390982937189661,732.2471910865,-0.12724024429250358,0.044711390874780474
2.7,6.682774461589389e-05,0.00038084000798139454,8.739407448772331,5.1125840461087013e-05,0.002277633552212406,1.2206822058617624e-07,598.8937797090657,-0.010351111291662107,0.005878347411604208,598.8956406590463,-0.009240536978372127,0.006265237393154492,733.0796100202662,-0.07192051236276642,0.04265856505490118,733.0752740613083,-0.07085526761324568,0.04321024972630177
2.71,3.267190249213876e-05,0.00012481874938832807,8.739409960982266,2.9445277619203393e-05,0.000778855879257607,2.6670309299626175e-07,599.0427050150315,0.0034918977547260255,0.005929147614642844,599.0371515798266,0.004131518907157794,0.006094312538582333,733.8115651969208,-0.017556971803944776,0.04040747103634157,733.8005363355843,-0.016943457637308423,0.04071622098051883
2.72,8.616278982538669e-07,-0.00010838406928624757,8.739410021384252,8.974369095270444e-06,-0.0005891910379722692,3.884890557071265e-07,599.1896916049453,0.017188066146867076,0.005971589148590929,599.1776547422667,0.017383010693761136,0.005931775294310214,734.4295044842559,0.03312502609320589,0.03729541687543542,734.4128224319865,0.03331201371981063,0.03737548698315531
2.73,-2.7792078530290304e-05,-0.000312743697208921,8.73940788962411,-9.730208089973816e-06,-0.0017905621519401231,4.854650061524921e-07,599.3326519014435,0.03070700575491525,0.005981524459056038,599.3151846543935,0.030495642595440575,0.005758549644303922,734.9269865212261,0.0791233092602428,0.03347343911149892,734.9057748750158,0.07892057316849499,0.03334516911305606
2.74,-5.266417021170086e-05,-0.0004838479971310244,8.739403877538084,-2.622508046152328e-05,-0.002798611174503604,5.566744677915997e-07,599.4690928251782,0.043972048518137186,0.00593657705442353,599.4473236499937,0.0434023776736403,0.00555610921372821,735.3012531229361,0.11964083375598511,0.029099511012097935,735.2766741559349,0.11909441478263894,0.02878802588875447
2.75,-7.331713238117627e-05,-0.0006188771108735767,8.739398333083447,-4.018345120326629e-05,-0.0035959854248726283,6.021218391141621e-07,599.5962465770793,0.056864186242400194,0.0058172366984428955,599.5713348168757,0.05599130653477502,0.005307567999051709,735.5529809816841,0.1540894827881667,0.02433347439141985,735.5261936396323,0.1532522308236861,0.023867364607203533
2.7600000000000002,-8.949610050497001e-05,-0.0007165332279219114,8.73939162472867,-5.139425222097595e-05,-0.004174315577984864,6.226945877228955e-07,599.7112101345548,0.06922821106958299,0.005607744357718274,599.6843048787117,0.06811180621940638,0.004998601894769287,735.6859619500367,0.18208781768908056,0.019332336344515037,735.6580841076044,0.18101698038380798,0.01874236475077767
2.77,-0.00010111851298308744,-0.000776928790512431,8.739384126760829,-5.975760903689492e-05,-0.0045336393867494145,6.200561384566725e-07,599.8110870202665,0.08088061028588278,0.00529675875807547,599.7832903559163,0.0795825335234146,0.004618186864984362,735.7067274374403,0.20345339094995918,0.014246092618080816,735.6788032240097,0.2022082969124761,0.013563967398402672
2.7800000000000002,-0.00010825917012919736,-0.0008014416186027948,8.73937620588338,-6.527713012662191e-05,-0.0046816032682026,5.965163507692046e-07,599.8931252869814,0.09161873672514087,0.004877786604635499,599.8654607068277,0.09020076289578682,0.004159130420674324,735.6241324897434,0.21819032922659742,0.009214114932435858,735.5971052482009,0.21683023188001638,0.008471361303503027
2.79,-0.00011113168540110896,-0.0007925452525784732,8.739368209393364,-6.80495854679369e-05,-0.004632488612188387,5.548874448731312e-07,599.9548462652225,0.1012307640846366,0.0043493797105825715,599.9282327521582,0.09975256596050919,0.0036183933387267673,735.4489148584794,0.22647296254013627,0.00436218150394329,735.4236060605131,0.2250550990333111,0.0035891378044843806
2.8000000000000003,-0.00011006732609362167,-0.0007536223862628037,8.739360455146084,-6.825256866231581e-05,-0.004406110868621022,4.98333437974666e-07,599.9941593589763,0.10950594363978716,0.0037151080950820355,599.969391431204,0.10802333623960436,0.002997204213651804,735.1932436087383,0.2286263154346324,-0.00019981483761113609,735.17033782332,0.22720422262223483,-0.000974858031969969
2.81,-0.00010549221739737732,-0.0006887686834771427,8.739353223439345,-6.613074425749685e-05,-0.004026639025823108,4.3022074399702135e-07,600.009459027299,0.11624470323701175,0.002983325603164898,599.9871928049355,0.1148081868862505,0.002300976982195932,734.8702707261907,0.22510428824623618,-0.004379473921431876,734.850306530619,0.22372640521595155,-0.0051309796873839015
2.82,-9.790383073675192e-05,-0.0006025936067371253,8.7393467508797,-6.198126866006886e-05,-0.003521381176874631,3.5397666935488254e-07,599.9997010143876,0.12126816870966506,0.0021667510101132425,599.9804461660264,0.11992178879327575,0.0015390482510661933,734.4936978140519,0.21646634411010002,-0.008102828591112938,734.4770643541348,0.21517491847605763,-0.008808558771250235
2.83,-8.784759953822508e-05,-0.0005000241857821975,8.739341226230355,-5.6138941656318686e-05,-0.00291957868284672,2.729612585706288e-07,599.9644558495067,0.12442673936896576,0.001281892733975262,599.9485730995641,0.12320726862802278,0.0007242568945069804,734.0773683868866,0.2033534826397232,-0.011314657024540185,734.0643071381609,0.2021837862147824,-0.011956056389126187
2.84,-7.589440888954314e-05,-0.00038611694638287906,8.739336788184657,-4.896159885469278e-05,-0.002251247202026794,1.9035647419119695e-07,599.9039385948493,0.12560741011802268,0.0003483490749062962,599.8916423232575,0.12454384825705267,-0.00012760718502890977,733.6348945368752,0.18646422747781166,-0.01397822302798627,733.6255056945103,0.18544407630499693,-0.014540647254239276
2.85,-6.261959485825082e-05,-0.0002658825195857318,8.739333524960355,-4.0816196405031877e-05,-0.0015460977958598827,1.0907518881462274e-07,599.8190147412821,0.12473960011727403,-0.0006119817368286528,599.8103800882768,0.12385297568423548,-0.0009984551270781248,733.1793249343102,0.16653128553589802,-0.01607451314561827,733.1735777665191,0.16568084985524312,-0.01654730962436706
2.86,-4.8583970498195254e-05,-0.00014412675933724367,8.73933147556813,-3.206597135896094e-05,-0.0008325656821659914,3.169105595681512e-08,599.7111830101295,0.12179931890121676,-0.0015757464741315312,599.7061568113879,0.12110277007532089,-0.001868620258236288,732.7228592882576,0.1442994542198428,-0.017601047989820175,732.7206057264282,0.14363133595829414,-0.017977501983908285
2.87,-3.431727322328219e-05,-2.5311506169956056e-05,8.739330632573061,-2.305898723717914e-05,-0.00013696821697870793,-3.9610894742983184e-08,599.5825365896886,0.11681157265730491,-0.00251900207072157,599.5809514105316,0.11631067685380359,-0.0027176161533923084,732.2766125909964,0.12050526281925933,-0.018570349752186403,732.2776032981966,0.1200248117425029,-0.01884751121221056
2.88,-2.030430729682056e-05,8.656256199468141e-05,8.739330946139729,-1.4118297868627939e-05,0.0005171924302167405,-1.0306406254874228e-07,599.4357049989002,0.10985098347243705,-0.0034180679672619224,599.4372955093935,0.1095443006124408,-0.003524900326341839,731.850430750031,0.09585873896600372,-0.019008148824255812,731.8543329058306,0.09556457377374317,-0.019186557225378556
2.89,-6.973938979482575e-06,0.00018804926016779345,8.739332329130889,-5.533886243706616e-06,0.0011097724822667697,-1.5733230343924506e-07,599.2737793138411,0.10104066047178506,-0.004250335439545731,599.2782002471156,0.10092045135912109,-0.004270614279349251,731.4527576159234,0.07102759390320568,-0.018951410381652226,731.4591736768496,0.07091229128486365,-0.01903473629914167
2.9,5.309005207928291e-06,0.0002763253990910114,8.739334663015821,2.443538452153692e-06,0.0016243719944500628,-2.0150643629833355e-07,599.1002239071863,0.09054942195968474,-0.004995006857493329,599.1070688682792,0.09060250140080495,-0.004936273055325096,731.0905519789865,0.046624024253649754,-0.01844625511139865,731.0990387169522,0.04667493718701898,-0.01844087793646977
2.91,1.6248982684856676e-05,0.00034923418309684527,8.739337804338122,9.606871081712723e-06,0.00204856424332552,-2.350876985023488e-07,598.9187781297012,0.07858752035633243,-0.00563374432343269,598.9275985682431,0.07879620434392276,-0.005505383263357608,730.7692518454664,0.023194235713397404,-0.017545851044779966,730.7793390274705,0.023394401987175684,-0.017460392322248705
2.92,2.5622269479901945e-05,0.00040530395201669083,8.739341591493524,1.5795115486659685e-05,0.0023739755920099683,-2.5796051756378496e-07,598.7333515121406,0.0654010656991888,-0.0061512116887492045,598.7436752357239,0.06574417300803104,-0.005963972454638397,730.4927822625846,0.0012107079358503192,-0.016308337608175395,730.5039904103295,0.0015398108647590725,-0.016153168832894416
2.93,3.32769554839055e-05,0.00044374341874430596,8.739345851576358,2.0894165492202994e-05,0.002596226525543219,-2.703570689863563e-07,598.547916096881,0.051265377935316714,-0.0065354899598187785,598.5592647785243,0.051719248684023444,-0.006301008553728781,730.2636021416655,-0.01893285829918101,-0.014794813475416058,730.2754588946863,-0.018497512887127865,-0.01458155634714855
2.94,3.913068550738099e-05,0.00046441520960764513,8.739350407068152,2.4836008110515478e-05,0.0027147479981232854,-2.72815701667142e-07,598.3663993942287,0.036477522732558665,-0.006778369268523923,598.378304613692,0.03701701963654269,-0.006508710469839821,730.0827848498074,-0.03692403926475185,-0.013067469134228623,730.0948395473276,-0.0364065626425325,-0.012808504672231127
2.95,4.3166442816042955e-05,0.0004677900977157443,8.739355082162886,2.7596530627243847e-05,0.0027324899208289624,-2.661351024977513e-07,598.192581271229,0.02134830001110366,-0.00687550966924145,598.2045987220082,0.021947762000651405,-0.006582740095126278,729.9501269866255,-0.05253181761399883,-0.0111878782273868,729.9619631778048,-0.05195682346076369,-0.010895879298308828
2.96,4.5426703673629085e-05,0.0004548848062005185,8.739359708549872,2.919213922188345e-05,0.002655540532172352,-2.513258650581279e-07,598.0299977788063,0.006193959093070411,-0.006826474200514033,598.0417193668744,0.006828081479448578,-0.00652227685704691,729.8642795258484,-0.06560457569781963,-0.00921548037189933,729.8755252119336,-0.06499633585776987,-0.008902980085766447
2.97,4.600630910025911e-05,0.00042718662801155826,8.739364130505887,2.967541336302084e-05,0.002492676544746118,-2.2956090607454552e-07,597.8818545523137,-0.008672090168082569,-0.00663464052954125,597.8929182059821,-0.008027469922899932,-0.006329978799030472,729.8228954847767,-0.07606622136807628,-0.007206275018671408,729.8332309871718,-0.07544791215335911,-0.006885281132462125
2.98,4.504440344803624e-05,0.0003865683467719564,8.739368209182096,2.913002797835312e-05,0.0022548643835121006,-2.0212599757770914e-07,597.7509519892508,-0.022947313878141085,-0.006307000917546607,597.7610490890022,-0.02231454069484551,-0.006011837593872653,729.8227884315957,-0.08391073914065794,-0.005211738314550068,729.8319518645577,-0.08330379343418626,-0.004893401364059656
2.99,4.271578192259609e-05,0.000335197041408639,8.739371826006566,2.766517505738752e-05,0.001954732578441505,-1.7037154475012724e-07,597.6396239345046,-0.03634760221471467,-0.005853863031189319,597.6485043550315,-0.0357466491052727,-0.005576937759656695,729.8600964344924,-0.08919547315278109,-0.003277967949018815,729.8678868379848,-0.08861904874168935,-0.002972308393266387
3.0,3.9221972462098596e-05,0.0002754403158966799,8.739374885159085,2.5409708805327413e-05,0.0016060345157719888,-1.356666324262142e-07,597.5496911057787,-0.0486141198227652,-0.005288466261433121,597.5571659376882,-0.04806216078079295,-0.005037132618201175,729.9304464736542,-0.09203345180408551,-0.001445054659191076,729.9367247294161,-0.0915040217026597,-0.001160751946558803
