time_s,ay_mps2,ax_mps2,speed_mps,roll_deg,pitch_deg,yaw_rate_radps,Fz_FL,jounce_FL_mm,geometric_FL_n,Fz_FR,jounce_FR_mm,geometric_FR_n,Fz_RL,jounce_RL_mm,geometric_RL_n,Fz_RR,jounce_RR_mm,geometric_RR_n
0.0,0.0,0.0,15.0,0.0,0.0,0.0,598.5082183333004,-0.0,0.0,598.5082183333004,-0.0,0.0,731.5100446295896,-0.0,-0.0,731.5100446295896,-0.0,0.0
0.01,1.5564457453646112e-18,1.1169533421866411e-18,15.0,-7.690214185456993e-20,6.525848523229256e-18,-8.36050385059357e-22,598.5082183333004,-0.0,4.612309176578372e-17,598.5082183333004,-0.0,5.424656355314361e-17,731.5100446295896,-0.0,-7.688233257189539e-17,731.5100446295896,-0.0,-6.585622092129771e-17
0.02,2.7945401668247537e-18,4.467813361824715e-18,15.0,-3.0751118349069575e-19,2.6103394052475815e-17,-5.043696727749423e-22,598.5082183333004,-0.0,9.319550574517024e-17,598.5082183333004,-0.0,1.0754380448257996e-16,731.5100446295896,-0.0,-1.525853805282008e-16,731.5100446295896,-0.0,-1.328917258749642e-16
0.03,3.787364886569916e-18,1.0052580051914078e-17,15.0,-6.917286395933165e-19,5.873263654684105e-17,4.8812006147583005e-22,598.5082183333004,-0.0,1.410022928658992e-16,598.5082183333004,-0.0,1.6010667203859926e-16,731.5100446295896,-0.0,-2.2734251597509485e-16,731.5100446295896,-0.0,-2.008731430080021e-16
0.04,4.590457542412855e-18,1.787125340864091e-17,15.0,-1.2295008532226703e-18,1.0441357598404254e-16,1.8204979679349935e-21,598.5082183333004,-0.0,1.8938348965774226e-16,598.5082183333004,-0.0,2.1209512980413666e-16,731.5100446295896,-0.0,-3.0133522712658826e-16,731.5100446295896,-0.0,-2.696189842666843e-16
0.05,5.2462317371133864e-18,2.79238334301902e-17,15.0,-1.9208022887967836e-18,1.6314621235347598e-16,3.2936021058350794e-21,598.5082183333004,-0.0,2.382193506797466e-16,598.5082183333004,-0.0,2.6362892329008995e-16,731.5100446295896,-0.0,-3.747050706533351e-16,731.5100446295896,-0.0,-3.389876930798273e-16
0.06,5.787225241209974e-18,4.021032011597232e-17,15.0,-2.76562465103132e-18,2.349305456516965e-16,4.787303402023025e-21,598.5082183333004,-0.0,2.874197319410139e-16,598.5082183333004,-0.0,3.1479819652954665e-16,731.5100446295896,-0.0,-4.475627441788198e-16,731.5100446295896,-0.0,-4.0886857188394523e-16
0.07,6.3582419207855054e-18,5.474198465202996e-17,15.0,-3.764746177366629e-18,3.198324282737984e-16,6.12646161949084e-21,598.5082183333004,-0.0,3.40102232743519e-16,598.5082183333004,-0.0,3.69490229865551e-16,731.5100446295896,-0.0,-5.254009478983894e-16,731.5100446295896,-0.0,-4.837307598936884e-16
0.08,5.636222139898005e-19,7.098837003226585e-17,15.0,-4.9154429767792775e-18,4.147526420706159e-16,4.1533607150164445e-20,598.5082183333004,-0.0,3.70815578758057e-16,598.5082183333004,-0.0,3.653861888550552e-16,731.5100446295895,-0.0,-5.417779384888885e-16,731.5100446295895,-0.0,-5.388808986736441e-16
0.09,5.0669206891191395e-17,8.808597438061006e-17,15.0,-1.1405048400120445e-17,5.14646139742568e-16,-2.4795724069526614e-19,598.5082183333005,-0.0,2.7386715392721644e-16,598.5082183333004,-0.0,5.543804606327408e-16,731.5100446295896,-0.0,-6.860652352189374e-16,731.5100446295895,-0.0,-3.6762281545965873e-16
0.1,-1.7694217215094517e-17,1.0642733255596636e-16,15.0,-1.5070985019157307e-17,6.218063232900265e-16,2.38887268943887e-19,598.5082183333005,-0.0,4.84894295000706e-16,598.5082183333005,-0.0,3.55751603834814e-16,731.5100446295895,-0.0,-4.770310544740305e-16,731.5100446295895,-0.0,-5.942889503810344e-16
0.11,-1.3131042702842093e-17,1.2442798245970082e-16,15.0,-1.581514760457818e-17,7.269759039293434e-16,1.5874232262667306e-19,598.5082183333005,-0.0,4.652087331119828e-16,598.5082183333005,-0.0,3.6733091262922925e-16,731.5100446295896,-0.0,-4.822438727867038e-16,731.5100446295895,-0.0,-5.775479980197325e-16
0.12,-6.97138845312559e-17,1.4228248275884197e-16,15.0,-1.623654186694493e-17,8.312915991418629e-16,5.336333391040093e-19,598.5082183333004,-0.0,6.381903562487112e-16,598.5082183333005,-0.0,2.0614774131591867e-16,731.5100446295895,-0.0,-3.103563836305303e-16,731.5100446295896,-0.0,-7.662144024903258e-16
0.13,-8.086828773104357e-17,1.599820160397242e-16,15.0,-1.6486481829666212e-17,9.347018928044173e-16,5.994889828627172e-19,598.5082183333004,-0.0,6.631132431229002e-16,598.5082183333005,-0.0,1.6580643446635599e-16,731.5100446295895,-0.0,-2.6328380954591694e-16,731.5100446295896,-0.0,-7.913600011614808e-16
0.14,5.164007063460927e-17,1.777425636192951e-16,15.0,-1.295876636736934e-17,1.0384686651630417e-15,-4.1912641232032214e-19,598.5082183333005,-0.0,2.6140343378861084e-16,598.5082183333004,-0.0,5.626020374961971e-16,731.5100446295896,-0.0,-6.75125770948542e-16,731.5100446295895,-0.0,-3.725294066183395e-16
0.15,5.628690134543207e-17,1.9471946368028213e-16,15.0,-1.1106147348091976e-17,1.1376569427817951e-15,-4.7654492669653945e-19,598.5082183333005,-0.0,2.3647552636583946e-16,598.5082183333004,-0.0,5.692150144941689e-16,731.5100446295896,-0.0,-6.765062952573935e-16,731.5100446295895,-0.0,-3.4510269665848035e-16
0.16,-5.45465623927255e-17,2.1149197903160522e-16,15.0,-1.3931006816067942e-17,1.2356510938373743e-15,3.8330906752159257e-19,598.5082183333004,-0.0,5.691923610603692e-16,598.5082183333005,-0.0,2.332409741024972e-16,731.5100446295895,-0.0,-3.274308113357909e-16,731.5100446295896,-0.0,-6.895460153289184e-16
0.17,-8.455904038430028e-17,2.292021011917144e-16,15.0,-1.0796593034991143e-17,1.339123253487751e-15,5.657504835681961e-19,598.5082183333004,-0.0,6.723376974791096e-16,598.5082183333005,-0.0,1.6352528056259112e-16,731.5100446295895,-0.0,-2.5679598864319354e-16,731.5100446295896,-0.0,-8.077220879456742e-16
0.18,9.718885524769694e-17,2.4697721946505994e-16,15.0,-2.320000267175607e-18,1.4429751557590227e-15,-8.535508806384182e-19,598.5082183333005,-0.0,1.1733926933800416e-16,598.5082183333004,-0.0,7.090484634667527e-16,731.5100446295896,-0.0,-8.402173980867489e-16,731.5100446295895,-0.0,-2.4982969724140106e-16
0.19,6.10688090213023e-17,2.647745164962328e-16,15.0,-1.1307671665926056e-17,1.5469566383883524e-15,-3.992986277267316e-19,598.5082183333005,-0.0,2.6258059848690163e-16,598.5082183333005,-0.0,6.123175590846972e-16,731.5100446295896,-0.0,-6.946273878025596e-16,731.5100446295895,-0.0,-3.194739131421264e-16
0.2,-1.0519890497943736e-16,2.823424473776606e-16,15.0,-1.575408007213837e-17,1.6495980393033806e-15,8.426232306693381e-19,598.5082183333004,-0.0,7.271873110587872e-16,598.5082183333005,-0.0,7.853147389597496e-17,731.5100446295895,-0.0,-1.907035936980977e-16,731.5100446295896,-0.0,-8.622669351079623e-16
0.21,-1.174009087776139e-16,3.000664204754081e-16,15.0,-1.4092253675002777e-17,1.7531511236598469e-15,8.697718696955173e-19,598.5082183333004,-0.0,7.807768599469638e-16,598.5082183333005,-0.0,6.688973580724012e-17,731.5100446295895,-0.0,-1.5327630454706888e-16,731.5100446295896,-0.0,-9.069100459203697e-16
0.22,-7.77780787967539e-17,3.1872731030279365e-16,15.0,-1.7584616347049143e-17,1.8621781847936495e-15,6.158587371129052e-19,598.5082183333012,5.551115123125783e-14,6.764640232553175e-16,598.5082183333004,-0.0,1.9254529940307443e-16,731.5100446295895,-0.0,-2.978899990951194e-16,731.5100446295896,-0.0,-8.029073225944453e-16
0.23,2.7294596006718863e-16,3.3459771071340806e-16,15.0,-2.560785900480201e-17,1.954901690038651e-15,-1.8129808207892396e-18,598.508218333301,5.551115123125783e-14,-5.406808642825398e-16,598.508218333301,5.551115123125783e-14,1.0481197013239088e-15,731.5100446295896,-0.0,-1.2921712525267775e-15,731.5100446295895,-0.0,4.1112691687083846e-16
0.24,1.8226225739352605e-16,3.4289089487531163e-16,15.0,-5.009466043495486e-17,2.0033549795107757e-15,-9.594267784451328e-19,598.508218333301,5.551115123125783e-14,-5.501288746867564e-16,598.508218333301,5.551115123125783e-14,4.584543042706308e-16,731.5100446295896,-0.0,-9.512133409194392e-16,731.5100446295896,-0.0,1.7366879027549472e-16
0.25,1.0551473522913886e-16,3.433501132425003e-16,15.0,-7.349846142545867e-17,2.0060379828110665e-15,-3.1956111044632387e-19,598.508218333301,5.551115123125783e-14,-6.024004265657155e-16,598.508218333301,5.551115123125783e-14,-7.892663867069316e-17,731.5100446295896,-0.0,-6.706468836494265e-16,731.5100446295896,-0.0,-4.8846662637765884e-17
0.26,-1.5572574833632267e-16,3.3683076186362315e-16,15.0,-8.246358770631044e-17,1.9679483885895477e-15,1.3868122868161059e-18,598.5082183333009,5.551115123125783e-14,-4.621014759564781e-17,598.5082183333009,5.551115123125783e-14,-1.0687593526731703e-15,731.5100446295896,-0.0,2.156926779108615e-16,731.5100446295896,-0.0,-8.39597207064866e-16
0.27,-1.6704821394412385e-16,3.242222930600632e-16,15.0,-9.284067453965958e-17,1.8942828607521773e-15,1.4010703765309346e-18,598.508218333301,5.551115123125783e-14,-2.223477461670604e-16,598.5082183333002,-0.0,-1.3144822525934666e-15,731.5100446295896,-0.0,2.8854912392400973e-16,731.5100446295896,-0.0,-8.595404647860097e-16
0.28,-1.0082189082540732e-15,3.085861574432361e-16,15.0,-3.8432872129229104e-17,1.8029280577625343e-15,6.528855181265115e-18,598.5082183333003,-0.0,2.1590856820648443e-15,598.5082183333003,-0.0,-3.805784020674883e-15,731.5100446295895,-0.0,2.9510222465209818e-15,731.5100446295896,-0.0,-3.532580327970769e-15
0.29,-1.8847421735056654e-16,2.9482766656467684e-16,15.0,2.1949710421511913e-17,1.7225434758909793e-15,1.6675045536962965e-19,598.5082183333003,-0.0,-2.027664454472841e-16,598.5082183333003,-0.0,-1.1901726496732835e-15,731.5100446295895,-0.0,2.751084497300893e-16,731.5100446295896,-0.0,-1.0260449763654949e-15
0.3,-9.088100221871597e-17,2.850679210811221e-16,15.0,5.267496804366363e-17,1.6655217380570042e-15,-4.0232256513912412e-19,598.5082183333003,-0.0,-3.672723714332905e-16,598.5082183333003,-0.0,-7.617214831107885e-16,731.5100446295895,-0.0,-1.112991860516367e-16,731.5100446295896,-0.0,-7.410576296078046e-16
0.31,7.326483699228876e-17,2.7895320782312743e-16,15.0,7.355284791945632e-17,1.6297962596708295e-15,-1.3228358046815712e-18,598.5082183333003,-0.0,-7.261523113463907e-16,598.5082183333004,-0.0,-1.5179221333965417e-16,731.5100446295896,-0.0,-6.948823845443031e-16,731.5100446295896,-0.0,-2.3212509350519707e-16
0.32,-9.283512708000868e-17,2.7629446229216186e-16,15.0,9.813884148970932e-17,1.6142624231697207e-15,-2.890643000338677e-20,598.5082183333003,-0.0,-1.6571800885563878e-16,598.5082183333004,-0.0,-5.69750136094438e-16,731.5100446295895,-0.0,-2.623044706928031e-16,731.5100446295896,-0.0,-8.009039107154804e-16
0.33,7.289698913777667e-17,2.757326054316227e-16,15.0,1.164491245085046e-16,1.6109797500041278e-15,-1.0331939823148762e-18,598.5082183333004,-0.0,-6.171690390785038e-16,598.5082183333004,-0.0,-3.730039020254453e-17,731.5100446295895,-0.0,-8.600863181558958e-16,731.5100446295896,-0.0,-3.0911614731235443e-16
0.34,2.6702449894378183e-16,2.7598866210375543e-16,15.0,1.1598640279162286e-16,1.6124757722573307e-15,-2.0562696932627322e-18,598.5082183333004,-0.0,-1.1886268969182004e-15,598.5082183333004,-0.0,5.104221076262764e-16,731.5100446295895,-0.0,-1.507092955937116e-15,731.5100446295895,-0.0,3.1000936279439495e-16
0.35000000000000003,2.036591388434229e-16,2.761172373352239e-16,15.0,1.0676159251908965e-16,1.6132269786441253e-15,-1.290927649436126e-18,598.5082183333004,-0.0,-9.811232093429217e-16,598.5082183333004,-0.0,3.0291815126468113e-16,731.5100446295895,-0.0,-1.3200921481893932e-15,731.5100446295895,-0.0,1.230089372953709e-16
0.36,1.565441952278345e-16,2.7624580767225943e-16,15.0,9.7605642302591e-17,1.6139781564349825e-15,-7.865645005246031e-19,598.5082183333004,-0.0,-8.292183153851901e-16,598.5082183333004,-0.0,1.5101308017580354e-16,731.5100446295895,-0.0,-1.1754396126101032e-15,731.5100446295895,-0.0,-2.1643346380657297e-17
0.37,1.2130517656048044e-16,2.763743747950731e-16,15.0,8.849491315799488e-17,1.6147293154466085e-15,-4.567880784334299e-19,598.5082183333004,-0.0,-7.170960798064674e-16,598.5082183333004,-0.0,3.8890728780381295e-17,731.5100446295895,-0.0,-1.0627744450555777e-15,731.5100446295895,-0.0,-1.343083492289446e-16
0.38,9.479678921259014e-17,2.765029398257708e-16,15.0,7.94136181108195e-17,1.6154804622349564e-15,-2.4336595392074887e-19,598.5082183333004,-0.0,-6.335889906984572e-16,598.5082183333004,-0.0,-4.461643528097481e-17,731.5100446295895,-0.0,-9.74397012977916e-16,731.5100446295895,-0.0,-2.226856747133129e-16
0.39,7.474511928862797e-17,2.7663150351064195e-16,15.0,7.035125757549525e-17,1.6162316011602532e-15,-1.0713257730518921e-19,598.5082183333004,-0.0,-5.7077781843616e-16,598.5082183333004,-0.0,-1.074276553881121e-16,731.5100446295895,-0.0,-9.045519192334563e-16,731.5100446295895,-0.0,-2.9253070041625933e-16
0.4,5.949683936558197e-17,2.767600663435114e-16,15.0,6.130088389924904e-17,1.616982735107694e-15,-2.1815459654599342e-20,598.5082183333004,-0.0,-5.230206124648051e-16,598.5082183333004,-0.0,-1.551848913226368e-16,731.5100446295895,-0.0,-8.489126018910741e-16,731.5100446295895,-0.0,-3.481699751471617e-16
0.41000000000000003,4.784279102004417e-17,2.7688862864909217e-16,15.0,5.22579286786142e-17,1.617733865974427e-15,3.01532673166089e-20,598.5082183333004,-0.0,-4.862777894697313e-16,598.5082183333004,-0.0,-1.9192773256900505e-16,731.5100446295895,-0.0,-8.042088384109263e-16,731.5100446295895,-0.0,-3.928737126716226e-16
0.42,3.8893392086018253e-17,2.770171906392114e-16,15.0,4.3219411704824976e-17,1.6184849949980623e-15,6.047563177019595e-20,598.5082183333004,-0.0,-4.57641760933247e-16,598.5082183333004,-0.0,-2.2056377175463133e-16,731.5100446295895,-0.0,-7.67955997365838e-16,731.5100446295895,-0.0,-4.2912653857226024e-16
0.43,3.1990263088728446e-17,2.7714575245066193e-16,15.0,3.4183408430332506e-17,1.6192361229778183e-15,7.690965622429112e-20,598.5082183333004,-0.0,-4.350081246494102e-16,598.5082183333004,-0.0,-2.431974138100588e-16,731.5100446295895,-0.0,-7.382570925760441e-16,731.5100446295895,-0.0,-4.588254351541105e-16
0.44,2.664325059453234e-17,2.7727431417062165e-16,15.0,2.5148692345086343e-17,1.619987250423035e-15,8.456866847940961e-20,598.5082183333004,-0.0,-4.16845045327526e-16,598.5082183333004,-0.0,-2.6136049582177054e-16,731.5100446295895,-0.0,-7.136572022456104e-16,731.5100446295895,-0.0,-4.834253216592652e-16
0.45,1.8199083266651242e-17,2.774250646012537e-16,15.0,1.6170893607581328e-17,1.62086801637624e-15,1.1757090635160964e-19,598.5082183333004,-0.0,-3.9351593963014096e-16,598.5082183333004,-0.0,-2.9313791412683077e-16,731.5100446295895,-0.0,-7.03081410297083e-16,731.5100446295895,-0.0,-5.409964127179491e-16
0.46,4.1297509654498773e-17,2.766672874840963e-16,15.0,6.083038702487783e-18,1.6164406705828538e-15,-6.634330755476638e-20,598.5082183332999,-5.551115123125783e-14,-2.802816161295383e-16,598.5082183332999,-5.551115123125783e-14,-4.908526766973094e-17,731.5100446295887,-5.551115123125783e-14,-2.9587422639196463e-16,731.5100446295887,-5.551115123125783e-14,-3.636946784228876e-18
0.47000000000000003,3.298978305835757e-17,2.741806701688203e-16,15.0,-5.091818901360899e-18,1.6019125006747334e-15,-9.655771050976032e-21,598.5082183332999,-5.551115123125783e-14,2.79089978719076e-17,598.5082183332999,-5.551115123125783e-14,2.0044504499574223e-16,731.5100446295887,-5.551115123125783e-14,3.0408776238898507e-16,731.5100446295887,-5.551115123125783e-14,5.292866222958964e-16
0.48,2.776828954516248e-17,2.709293750190461e-16,15.0,-1.6209150117459554e-17,1.5829166672317722e-15,2.4299860630559637e-20,598.5082183333004,-0.0,2.990596972224968e-16,598.5082183333004,-0.0,4.3133207585458043e-16,731.5100446295897,-0.0,7.390848618952727e-16,731.5100446295897,-0.0,9.167825129769234e-16
0.49,2.4461360353209567e-17,2.694388471924299e-16,15.0,-2.7451614962352636e-17,1.5742081935213904e-15,4.9459704848721243e-20,598.5082183333004,-0.0,2.816217129285036e-16,598.5082183333004,-0.0,3.843520818109735e-16,731.5100446295897,-0.0,5.242336149767911e-16,731.5100446295897,-0.0,6.670250284915674e-16
0.5,-1.3168478678296032e-16,2.708297096593581e-16,15.0,-3.476045490176712e-17,1.5823343680293148e-15,1.115639324318024e-18,598.5082183333004,-0.0,8.083716600546832e-16,598.5082183333004,-0.0,-1.9585825301080586e-17,731.5100446295896,-0.0,9.263758201352483e-16,731.5100446295896,-0.0,7.034303616851539e-17
0.51,-6.147197333305105e-17,2.7399654792528285e-16,15.0,-3.2435797683467835e-17,1.600836758451938e-15,4.422217513700266e-19,598.5082183333005,-0.0,6.078317374037168e-16,598.5082183333004,-0.0,2.1630463576907784e-16,731.5100446295896,-0.0,6.841817598976908e-16,731.5100446295896,-0.0,2.5297322547518314e-16
0.52,-8.346769363477539e-17,2.7798344301996835e-16,15.0,-3.5648378612301186e-17,1.6241303665940551e-15,5.94481376994823e-19,598.5082183333005,-0.0,6.82680268673488e-16,598.5082183333005,-0.0,1.576386513567431e-16,731.5100446295896,-0.0,7.009340490403137e-16,731.5100446295896,-0.0,1.2690317129713251e-16
0.53,-3.547882634638921e-17,2.833047788098166e-16,15.0,-3.318381392658494e-17,1.6552205025864905e-15,1.6638053545764358e-19,598.5082183333005,-0.0,5.66390868836625e-16,598.5082183333005,-0.0,3.3702217146185166e-16,731.5100446295896,-0.0,5.078300742339431e-16,731.5100446295896,-0.0,2.2941831871919227e-16
0.54,5.036933490859386e-17,2.891942360843557e-16,15.0,-3.412766707235947e-17,1.6896299130838277e-15,-4.550628845872647e-19,598.5082183333005,-0.0,2.79061792815449e-16,598.5082183333004,-0.0,5.601810201164521e-16,731.5100446295896,-0.0,1.5690046064960177e-16,731.5100446295896,-0.0,4.1754225827678696e-16
0.55,-6.801626100515899e-17,2.9543474806193987e-16,15.0,-3.4190270462739664e-17,1.7260903759652819e-15,3.8403814115936537e-19,598.5082183333005,-0.0,6.54533837882524e-16,598.5082183333005,-0.0,2.3150966495635474e-16,731.5100446295896,-0.0,5.646695931800519e-16,731.5100446295896,-0.0,7.898512373136755e-17
0.56,9.941193381806094e-17,3.0212848058957356e-16,15.0,-3.9816432858666513e-17,1.765198799639304e-15,-7.209663834221753e-19,598.5082183333005,-0.0,1.7139542074205618e-16,598.5082183333005,-0.0,7.30558752227941e-16,731.5100446295896,-0.0,-2.684301312191144e-17,731.5100446295896,-0.0,5.464500309944828e-16
0.5700000000000001,-1.9094424743904376e-16,3.095678090298261e-16,15.0,-3.2845943293697076e-17,1.808663399888942e-15,1.2181946212384846e-18,598.5082183333004,-0.0,9.928165902352386e-16,598.5082183333005,-0.0,-1.5669419199277856e-16,731.5100446295896,-0.0,8.270973913161165e-16,731.5100446295896,-0.0,-4.3601453413067383e-16
0.58,-3.7650617466062654e-16,3.1720377401887606e-16,15.0,-1.8215412709701776e-17,1.8532768577346106e-15,2.382602094728998e-18,598.5082183333011,5.551115123125783e-14,1.4878316022141946e-15,598.5082183333004,-0.0,-7.378530875207479e-16,731.5100446295896,-0.0,1.3645632413661673e-15,731.5100446295896,-0.0,-1.0678956504457007e-15
0.59,1.915189301269063e-16,3.227613264670299e-16,15.0,-2.4908649847107064e-19,1.8857470998358184e-15,-1.7747246351570718e-18,598.508218333301,5.551115123125783e-14,-3.6056228989144566e-16,598.508218333301,5.551115123125783e-14,8.183123781844449e-16,731.5100446295896,-0.0,-3.948038488764057e-16,731.5100446295896,-0.0,7.628604404150255e-16
0.6,1.5728209623527377e-16,3.2185857397146415e-16,15.0,-1.2123029020960465e-17,1.880472729083235e-15,-1.2362557218043307e-18,598.508218333301,5.551115123125783e-14,-5.521754348960829e-16,598.508218333301,5.551115123125783e-14,3.839367407966009e-16,731.5100446295896,-0.0,-2.7213857863331705e-16,731.5100446295896,-0.0,6.901847882868826e-16
0.61,-2.073437074431206e-16,3.1486457302836697e-16,15.0,-2.8484781215357177e-18,1.8396099741210424e-15,1.2768928924288811e-18,598.5082183333004,-0.0,4.368726188676285e-16,598.5082183333004,-0.0,-7.798012133186194e-16,731.5100446295896,-0.0,8.521153688412996e-16,731.5100446295896,-0.0,-4.818043751872545e-16
0.62,-1.5981759723443418e-16,3.0917568694605927e-16,15.0,1.875655962896349e-17,1.8063724095452755e-15,7.635704228889103e-19,598.5082183333004,-0.0,3.2809137548964e-16,598.5082183333004,-0.0,-5.706501346376842e-16,731.5100446295896,-0.0,6.274695940436246e-16,731.5100446295896,-0.0,-3.9989740984318626e-16
0.63,-1.2426208080515881e-16,3.0572071080644e-16,15.0,4.016195167455733e-17,1.786186561052815e-15,4.2903411529604096e-19,598.5082183333004,-0.0,2.5962523437186483e-16,598.5082183333004,-0.0,-4.0181422100623936e-16,731.5100446295896,-0.0,4.3498086595168467e-16,731.5100446295896,-0.0,-3.501474019104278e-16
0.64,-9.749781400077365e-17,3.044996434601046e-16,15.0,6.138386905163109e-17,1.7790524219282154e-15,2.1372122300319938e-19,598.5082183333004,-0.0,2.2014895434131118e-16,598.5082183333004,-0.0,-2.6196821033299887e-16,731.5100446295896,-0.0,2.669112586698015e-16,731.5100446295896,-0.0,-3.2481645524180916e-16
0.65,-8.595987610836846e-17,3.0548995853677816e-16,15.0,8.18753396730553e-17,1.784838380872561e-15,1.4981710640217904e-19,598.5082183333004,-0.0,2.2914785291383986e-16,598.5082183333004,-0.0,-1.689803791747022e-16,731.5100446295896,-0.0,1.443731639733854e-16,731.5100446295896,-0.0,-3.4576098934478765e-16
0.66,4.230394193549192e-16,3.084196346038759e-16,15.0,9.522534541620829e-17,1.8019551408247555e-15,-3.3715259662024784e-18,598.5082183333003,-0.0,-1.2957818401060148e-15,598.5082183333011,5.551115123125783e-14,1.3347639787674659e-15,731.5100446295896,-0.0,-1.5190058856888992e-15,731.5100446295896,-0.0,1.2287016321075042e-15
0.67,6.851896439799386e-16,3.110418268489235e-16,15.0,4.1456237800325416e-17,1.8172754131617066e-15,-4.305537514648055e-18,598.5082183333004,-0.0,-1.9973412598460345e-15,598.5082183333004,-0.0,2.0554898860529524e-15,731.5100446295896,-0.0,-2.4135732253717224e-15,731.5100446295896,-0.0,2.029592936895901e-15
0.68,5.707486489177258e-16,3.157421735884278e-16,15.0,-2.3005804994405177e-17,1.844737393595563e-15,-2.8380571091319237e-18,598.5082183333004,-0.0,-1.5425349733114434e-15,598.5082183333004,-0.0,1.7117903417578717e-15,731.5100446295896,-0.0,-2.1250411322812683e-15,731.5100446295895,-0.0,1.5914827560201998e-15
0.6900000000000001,-5.271340282648411e-16,3.2084983098748574e-16,15.0,-5.0837755708380035e-17,1.8745791042882853e-15,4.817086565535758e-18,598.5082183333011,5.551115123125783e-14,1.6517466118792125e-15,598.5082183333003,-0.0,-1.6303885146134717e-15,731.5100446295896,-0.0,1.363703053998221e-15,731.5100446295896,-0.0,-1.896716238260943e-15
0.7000000000000001,-7.218755010201379e-16,3.2176809116403635e-16,15.0,3.645068395759423e-18,1.879944079342079e-15,5.000128149840237e-18,598.5082183333009,5.551115123125783e-14,1.8947723019816705e-15,598.508218333301,5.551115123125783e-14,-2.3803675022832704e-15,731.5100446295896,-0.0,2.095659614161623e-15,731.5100446295896,-0.0,-2.4685454669302833e-15
0.71,3.3167670755462876e-16,3.163711108172481e-16,15.0,3.323684068888096e-17,1.8484119867328778e-15,-2.8564628566544484e-18,598.5082183333003,-0.0,-1.4050199445569372e-15,598.508218333301,5.551115123125783e-14,6.459151699219335e-16,731.5100446295896,-0.0,-1.230904020111452e-15,731.5100446295896,-0.0,8.409690367107387e-16
0.72,3.405280926469156e-16,3.101940997328504e-16,15.0,-5.535127350927008e-18,1.8123225305840897e-15,-2.2250382862655416e-18,598.5082183333004,-0.0,-1.3606941580857299e-15,598.5082183333003,-0.0,6.413053216780687e-16,731.5100446295896,-0.0,-1.3683584900381273e-15,731.5100446295896,-0.0,7.938876499610403e-16
0.73,2.4893611959548694e-16,3.0679094893707134e-16,15.0,-3.7612067388760265e-17,1.7924394739189976e-15,-1.256771784691837e-18,598.5082183333004,-0.0,-1.0012258637867791e-15,598.5082183333004,-0.0,3.978252894673876e-16,731.5100446295896,-0.0,-1.1605750925962707e-15,731.5100446295896,-0.0,4.211540322552821e-16
0.74,1.0172557545838483e-16,3.0540368920711084e-16,15.0,-6.621456229075888e-17,1.7843343485586355e-15,-9.633962048790189e-20,598.5082183333004,-0.0,-5.073474006866377e-16,598.5082183333004,-0.0,-1.8866918480630646e-17,731.5100446295896,-0.0,-7.351070750428728e-16,731.5100446295895,-0.0,-1.0488626036906148e-16
0.75,2.518085658229447e-16,3.057699737107809e-16,15.0,-9.876087848805144e-17,1.7864743817158644e-15,-1.0640731054147102e-18,598.5082183333004,-0.0,-9.061900368923075e-16,598.5082183333004,-0.0,4.3772845424603135e-16,731.5100446295896,-0.0,-1.2607290814909507e-15,731.5100446295895,-0.0,2.853980526201678e-16
0.76,-5.413952271815593e-16,3.062338073925681e-16,15.0,-1.0243402234602086e-16,1.789184350192604e-15,4.2030527885279465e-18,598.5082183333004,-0.0,1.3684381078986266e-15,598.5082183333004,-0.0,-1.9709238997156387e-15,731.5100446295895,-0.0,1.2580455224456238e-15,731.5100446295896,-0.0,-2.2464929313571427e-15
0.77,-2.5536624303750993e-16,3.07170979537068e-16,15.0,-8.479719282333328e-17,1.794659819242389e-15,1.726578068810438e-18,598.5082183333004,-0.0,5.79972928487346e-16,598.5082183333004,-0.0,-1.0003228869215978e-15,731.5100446295895,-0.0,3.6977078797547506e-16,731.5100446295896,-0.0,-1.3619281103187138e-15
0.78,-9.442179414450034e-17,3.1005028643327327e-16,15.0,-8.941335742152898e-17,1.81148229512105e-15,6.028556046466098e-19,598.5082183333011,5.551115123125783e-14,1.310274039893472e-16,598.5082183333003,-0.0,-4.986694810157834e-16,731.5100446295895,-0.0,-1.6873558497028143e-16,731.5100446295896,-0.0,-8.88551223316298e-16
0.79,-7.819608288300171e-16,3.112689603420569e-16,15.0,-3.634015038125111e-17,1.8186024504825663e-15,4.753534723317461e-18,598.5082183333003,-0.0,2.0340688898573232e-15,598.5082183333004,-0.0,-2.567377954249425e-15,731.5100446295895,-0.0,2.0206134925279183e-15,731.5100446295896,-0.0,-3.053747584644349e-15
0.8,-4.09137377040219e-16,3.1330689820674465e-16,15.0,2.645881874742177e-17,1.830509191169397e-15,1.6106794719508145e-18,598.5082183333004,-0.0,9.290949931761206e-16,598.5082183333004,-0.0,-1.3548077196049466e-15,731.5100446295895,-0.0,7.617074833208832e-16,731.5100446295896,-0.0,-1.939427417040448e-15
0.81,6.7730246047107e-16,3.1564603610783414e-16,15.0,4.328295780533825e-17,1.8441757061802845e-15,-5.785331429704961e-18,598.5082183333003,-0.0,-2.3882027541983595e-15,598.508218333301,5.551115123125783e-14,1.7697487842822753e-15,731.5100446295896,-0.0,-2.669724141574072e-15,731.5100446295895,-0.0,1.5409555979139852e-15
0.8200000000000001,3.147040791569509e-16,3.1663055486653354e-16,15.0,1.7503792568044335e-19,1.84992779988455e-15,-2.2017208038545293e-18,598.5082183332999,-5.551115123125783e-14,-1.1521286101035071e-15,598.5082183332999,-5.551115123125783e-14,7.136467102144504e-16,731.5100446295887,-5.551115123125783e-14,-1.4850080039421628e-15,731.5100446295886,-5.551115123125783e-14,5.064080879393604e-16
0.8300000000000001,-9.106397663476012e-17,3.1747006470415837e-16,15.0,-2.0937450407451786e-17,1.8548326726551308e-15,9.800026557676625e-19,598.5082183333005,-0.0,1.4847500912776353e-16,598.5082183332997,-5.551115123125783e-14,-4.454474325929037e-16,731.5100446295887,-5.551115123125783e-14,6.902624311392966e-17,731.5100446295887,-5.551115123125783e-14,-4.894348009118577e-16
0.84,-3.6871078754098585e-16,3.150143202240711e-16,15.0,1.2197364038835522e-17,1.8404848786305097e-15,2.411025653756499e-18,598.5082183332999,-5.551115123125783e-14,1.1465795653792e-15,598.5082183332999,-5.551115123125783e-14,-1.016548016034872e-15,731.5100446295887,-5.551115123125783e-14,1.5333020405479401e-15,731.5100446295888,-5.551115123125783e-14,-7.990430670265502e-16
0.85,-1.834864769805628e-16,3.1154727040901353e-16,15.0,4.596481198809624e-17,1.8202284891637284e-15,7.913389995727026e-19,598.5082183333004,-0.0,7.832676996732313e-16,598.5082183333004,-0.0,-2.2009478767604993e-16,731.5100446295897,-0.0,1.250258474216545e-15,731.5100446295897,-0.0,9.265226531708877e-17
0.86,-1.175068406342978e-16,3.0986565107755864e-16,15.0,7.513303295482295e-17,1.8104035550180232e-15,2.2746784762110854e-19,598.5082183333004,-0.0,5.686890123040026e-16,598.5082183333004,-0.0,-8.542546408644672e-18,731.5100446295896,-0.0,9.10777407657569e-16,731.5100446295897,-0.0,1.955872263404358e-16
0.87,3.427381402420593e-16,3.095997160325524e-16,15.0,6.766445309252044e-17,1.808849817941297e-15,-2.6013163837238638e-18,598.5082183333004,-0.0,-7.345146098546662e-16,598.5082183333004,-0.0,1.375178597641383e-15,731.5100446295897,-0.0,-6.129008961354565e-16,731.5100446295896,-0.0,1.6176028642927806e-15
0.88,1.936881913382203e-16,3.1158870627744604e-16,15.0,5.294639172467459e-17,1.8204705800287682e-15,-1.1897203503491733e-18,598.5082183333004,-0.0,-2.248391116134035e-16,598.5082183333004,-0.0,9.516985442846118e-16,731.5100446295896,-0.0,-2.2592920521846965e-16,731.5100446295896,-0.0,1.088164891953969e-15
0.89,3.2335289155280376e-16,3.1485520722974427e-16,15.0,4.16440839434146e-17,1.8395552540348917e-15,-1.9801895492139406e-18,598.5082183333004,-0.0,-5.998317959606273e-16,598.5082183333011,5.551115123125783e-14,1.3259166574694745e-15,731.5100446295897,-0.0,-6.44786801911408e-16,731.5100446295896,-0.0,1.4873200216946216e-15
0.9,5.950101242170307e-16,3.1636752180910137e-16,15.0,-2.733652136684421e-17,1.8483910177965496e-15,-3.095622783555245e-18,598.5082183333012,5.551115123125783e-14,-1.4733260183599575e-15,598.5082183333003,-0.0,1.9300175821601207e-15,731.5100446295897,-0.0,-1.5697840176167566e-15,731.5100446295896,-0.0,2.2837642255166505e-15
0.91,-4.438963002353264e-16,3.154970639192174e-16,15.0,-3.435485975836836e-17,1.8433053296834617e-15,3.86586984094471e-18,598.5082183333011,5.551115123125783e-14,1.4874438983358337e-15,598.5082183333003,-0.0,-1.25039464591787e-15,731.5100446295896,-0.0,1.7002801668269386e-15,731.5100446295896,-0.0,-1.0576066412643684e-15
0.92,-5.10554277748368e-16,3.160252614481321e-16,15.0,-1.6541983847961143e-18,1.8463913467388326e-15,3.632891987842443e-18,598.5082183333004,-0.0,1.7379832637402429e-15,598.5082183333004,-0.0,-1.298836466836415e-15,731.5100446295896,-0.0,1.8269806222005944e-15,731.5100446295896,-0.0,-1.3947539421591907e-15
0.93,4.592118820556252e-16,3.184159809927935e-16,15.0,1.1125635402837693e-17,1.8603592297476618e-15,-3.456006170929884e-18,598.5082183333003,-0.0,-1.213197505711617e-15,598.5082183333011,5.551115123125783e-14,1.5468149720423142e-15,731.5100446295896,-0.0,-1.2597374313204083e-15,731.5100446295896,-0.0,1.6253189328814205e-15
0.9400000000000001,-8.381302969781692e-17,3.1933442768546534e-16,15.0,-2.555614382846141e-17,1.865725294530013e-15,9.369517976793128e-19,598.5082183333011,5.551115123125783e-14,3.924780663061447e-16,598.5082183333003,-0.0,-1.6033017014889323e-16,731.5100446295896,-0.0,4.200329018566018e-16,731.5100446295896,-0.0,-1.0101565175836935e-16
0.9500000000000001,-5.492243605843001e-16,3.179210392071372e-16,15.0,3.4510172952662296e-17,1.8574675108199166e-15,3.278401879516026e-18,598.5082183333003,-0.0,1.5540874541580878e-15,598.5082183333011,5.551115123125783e-14,-1.6202964999245805e-15,731.5100446295896,-0.0,1.927253948865844e-15,731.5100446295896,-0.0,-1.5676323841265576e-15
0.96,3.9821948174178426e-16,3.13559142154407e-16,15.0,4.229763509069682e-17,1.831982937413912e-15,-3.289851656883683e-18,598.5082183333004,-0.0,-1.3367768931198782e-15,598.5082183333004,-0.0,1.112628655175988e-15,731.5100446295896,-0.0,-1.0879488502943272e-15,731.5100446295896,-0.0,1.4211641480191137e-15
0.97,3.741066026704478e-16,3.106918997267411e-16,15.0,1.0996193717715252e-17,1.815230948717864e-15,-2.510444419077369e-18,598.5082183333004,-0.0,-1.1060749282133527e-15,598.5082183333004,-0.0,1.1133205329258453e-15,731.5100446295896,-0.0,-1.1281864291337875e-15,731.5100446295896,-0.0,1.2624976563484093e-15
0.98,2.913065558283445e-16,3.1095163685385646e-16,15.0,-2.3263188479887805e-17,1.8167484741895145e-15,-1.531110907125064e-18,598.5082183333004,-0.0,-7.760812954388506e-16,598.5082183333004,-0.0,8.836962112370362e-16,731.5100446295896,-0.0,-9.399738767016805e-16,731.5100446295896,-0.0,9.315470399670213e-16
0.99,-3.4532251644149894e-17,3.133221648790703e-16,15.0,-5.5364902211249884e-17,1.8305983873670254e-15,9.632886461170217e-19,598.5082183333011,5.551115123125783e-14,2.2552541760144e-16,598.5082183333003,-0.0,-9.661784460413838e-17,731.5100446295896,-0.0,4.27775818637558e-17,731.5100446295896,-0.0,-1.6031775738323946e-16
1.0,1.4031244517886323e-05,-6.939382695163572e-10,15.000000268929728,-4.2460003469760186e-08,-4.054336664690318e-09,-6.975281793848901e-07,598.5083535292587,4.3935366456082647e-07,-7.294608750385677e-05,598.5080621265677,-4.829781574677838e-07,7.279853892784288e-05,731.5103771286621,5.301684646852323e-07,-5.338728181977818e-06,731.5098272081865,-3.54517137868271e-07,6.372682253219878e-06
1.01,0.3292061554213498,-0.33408589139149003,14.998330526531864,0.0010059210770340414,0.00010800490065914491,0.003924063289644806,604.0058975412188,-0.010350419646976139,6.721761531864853,610.2523931081226,0.011500568035727188,10.38573476085106,729.5329644430266,-0.012825163841545528,0.007393838987964725,732.729382443447,0.00813394679283208,-0.013687085304169467
1.02,0.5739911221095388,-0.6691702721614096,14.993315830825827,0.006886892806620073,0.0008413084201936467,0.013920206181989095,607.9515814539815,-0.07038886827614999,14.019653191804686,623.9376117897029,0.07921075037636838,20.29761360473179,723.9948014862036,-0.09008658770581768,-0.06798163728622905,735.7891518907329,0.05340692406291536,0.04440864696054392
1.03,0.7893314538361869,-1.0048113748169833,14.984949374478566,0.02003447648770475,0.0027546266976367834,0.02801241767066958,610.4987855486289,-0.20343844261000443,21.64308707022998,639.3996892001636,0.2317578163738565,29.969577091351486,715.3714543724752,-0.2690478634747029,-0.3030879857657957,739.9657880073955,0.14838528289756736,0.25701688058588945
1.04,1.0042231770901058,-1.3408262306601482,14.973227699647484,0.04119720544506248,0.00631194304334091,0.04488809338605888,611.8268592594375,-0.41577706061340924,29.446958427283207,656.4354742386988,0.47912370875252686,39.542752597185675,704.0391342492294,-0.568202172619936,-0.7160512129362719,744.714236848992,0.2901720347310843,0.6521170529390117
1.05,1.2324185716396932,-1.677162304694722,14.958148262102394,0.0702117541424278,0.011877565021579143,0.06367488668235063,612.1196198421147,-0.7046531687695534,37.350219408391375,674.8212238497948,0.8205119690455898,49.10012172496948,690.3166722478298,-0.9947220217165764,-1.2942294479166678,749.6202290691715,0.46819147782034554,1.2292683201023302
1.06,1.4790002883780031,-2.013828411729084,14.939708550740107,0.10642962852402292,0.019712808474842063,0.0837927160926346,611.5537176583773,-1.0629283435250048,45.30977706156261,694.3240273168568,1.2489737332121442,58.68851543187049,674.4911451619582,-1.5488230156115446,-2.0107101693191507,754.368024389769,0.6687157110547015,1.9744781885440372
1.07,1.7443180210434752,-2.350858459168613,14.917905691316637,0.14896340546078615,0.029977210422031168,0.10485615951159033,610.29242932962,-1.4817104001423886,53.30445324777396,714.7096492324422,1.7541234041708043,68.33232563243627,656.8320729828519,-2.226320602729537,-2.8335965875735596,758.7190003408788,0.8774383524280394,2.86843625332396
1.08,2.0263178348404667,-2.688293133479888,14.892736303327442,0.19682880138728864,0.042733370198088226,0.12660966944987467,608.4824745516048,-1.951817754923757,61.325259902848096,735.7486545685748,2.3237602774686117,78.04211053529586,637.5982291457902,-3.0201623666072375,-3.7309809020860145,762.497254413635,1.0809022767078735,3.890937121911194
1.09,2.321891197174526,-3.026171199104572,14.864196487586872,0.24902687166167708,0.0579546896135592,0.14888450243194182,606.252561131508,-2.4645651058454177,69.3696304289454,757.2216482001462,2.944868411357604,87.82002753000447,617.0397610498417,-3.921386569746055,-4.673389034171513,765.5796105024281,1.267253742673169,5.023103955582717
1.1,2.627636839618315,-3.3645259239535457,14.832281873558772,0.30459247752961394,0.07553536529749988,0.1715699583574869,603.7129742839961,-3.0121617523644617,77.43808220610633,778.9239086971588,3.6042711802770633,97.66330997503763,595.3975292332668,-4.919769193167889,-5.634802127636727,767.8882217187702,1.426605252427049,6.248374431092893
1.11,2.9402729497898585,-3.7033842046099346,14.796987683127487,0.36262364157997096,0.09530204110766623,0.19459413420006547,600.9558724434715,-3.587888141412754,85.53235711585843,800.6694057590971,4.289092515935677,107.56651778429818,572.9009808292064,-6.0043025669708205,-6.592907151840425,769.3845921432617,1.551168675791914,7.55280786260461
1.12,3.256844249072481,-4.042767098724136,14.75830878598225,0.4222997950817275,0.11702656074406896,0.21791101765807983,598.0561248450988,-4.186144111463507,93.6544410709673,822.2940848314894,4.987105198138386,117.5230082572051,549.7654682754946,-7.163580377988865,-7.528955282120575,770.0642747537223,1.6352505924455696,8.925039831532908
1.1300000000000001,3.574810408678566,-4.382691055116227,14.716239733967688,0.4828930690251139,0.14043929249295806,0.2414918254616287,595.0726029020257,-4.802420204715996,101.80609245769166,843.6582918234619,5.687004989248845,127.52589794845521,526.1896214206791,-8.386124305526765,-8.427438884289652,769.9518157689234,1.6751610846027498,10.356069765158574
1.1400000000000001,3.8920670258227203,-4.723169427923518,14.670774769887293,0.5437746794290198,0.16524253521821472,0.26531919703480106,592.0498592060186,-5.43322018550646,109.98865382659626,864.6482505415167,6.378626993059799,137.56868174838246,502.35315571265266,-9.660666240534798,-9.275699457404235,769.0957336427605,1.6690647266613956,11.838983525919083
1.1500000000000001,4.206847457401689,-5.06421139339463,14.621906432674384,0.60441749925658,0.19112356980967202,0.28938695930242064,589.0193237193016,-6.075951886207298,118.20332648246116,885.1771651130535,7.053110823746156,147.645069036797,478.4136322373222,-10.976390940257485,-10.06346953858781,767.564610952324,1.6167916590856257,13.368639087990594
1.16,4.177379941437622,-5.053527329495001,14.571391569601861,0.6633454710150168,0.21766756807398213,0.30958309811016577,579.927177597943,-6.717581656007221,119.05220659981605,892.438423764208,7.691426806215096,146.372387836238,456.5390458872332,-12.309701084049717,-10.829554919487606,764.1652436929531,1.5111845837961768,14.94072009538242
1.17,4.250766650491575,-5.046547839777205,14.520954442752226,0.7163056380607233,0.2440859843221058,0.3238698613700936,572.560170148546,-7.315272708555753,119.43103181264725,897.5785230573947,8.244035354927515,145.87060433995163,438.2924502981471,-13.598321112509804,-11.548737809695222,758.4738687290687,1.3259131524639423,16.447478746627343
1.18,4.363706276942327,-5.041485468207209,14.470564846975162,0.7609090616206067,0.26956236939142264,0.3343875852587975,566.6045630809654,-7.846035250371419,119.56644105670395,900.7434177508719,8.682042525239241,145.7564752719881,423.1018358597423,-14.798241670523682,-12.173999068720171,751.4922227098947,1.055220685674263,17.80400242589219
1.19,4.484009749736873,-5.037399547763942,14.420207534117768,0.7966535921006459,0.2933779860594688,0.3424172904704418,561.7576078152159,-8.306467217447489,119.58437130260276,902.1766346064752,8.99795073390386,145.8164879826274,410.55772588452487,-15.886847220681787,-12.699506192222655,743.9956652142711,0.7112679571449898,18.9848244289308
1.2,4.596611969187024,-5.033840164766193,14.369875037839247,0.8240594006639173,0.3149285553243862,0.3487206581535412,557.7435202221723,-8.703154739536313,119.55300036255872,902.1722158662288,9.19647917663885,145.93700520880887,400.34632560283694,-16.854152589976135,-13.135850543571864,736.590800808776,0.3148840234979411,19.993585791215036
1.21,4.695528955641368,-5.030631157564529,14.31956352854118,0.8441626997456285,0.33373506100452555,0.35374866078478995,554.3243314672866,-9.047075124939463,119.50806552655611,901.0412169227618,9.289163107230658,146.06144522564202,392.2115507069471,-17.697722531269388,-13.498372608641565,729.7476560384977,-0.10990218612660918,20.84664890136163
1.22,4.779393876932017,-5.027741676256761,14.269270507986771,0.8582155788510606,0.34944895731904196,0.3577678069206172,551.3063769719612,-9.350332073455537,119.46722998777221,899.0884596964561,9.291098623133765,146.16503531116723,385.9344760064146,-18.41968075820416,-13.802070004176342,723.8182055079789,-0.5391247839245938,21.56452448566016
1.23,4.849013469417967,-5.0252100278463265,14.21899360325623,0.867504505222644,0.3618522929596586,0.3609368794734589,548.5431150105901,-9.624254700561997,119.43818172979559,896.596796798731,9.218901517656253,146.24008218772894,381.322302584964,-19.024892708097983,-14.059678471696905,719.04873795363,-0.9508449069498548,22.167503999762598
1.24,4.9060544371939985,-5.023098411501832,14.168730031334942,0.8732402926647882,0.3708533244091206,0.3633537307295448,545.9348565953792,-9.878330915590928,119.42320117858254,893.8170263776225,9.089384274118595,146.28745987472016,378.2022755776327,-19.519829002800638,-14.281226811873166,715.5901034108307,-1.3263062698139483,22.673564680653556
1.25,4.952357670779754,-5.021466221027057,14.118476467966945,0.8764931714253408,0.37647826332071965,0.3650838454809259,543.425960248798,-10.119673282204866,119.42175320685732,890.9621221515479,8.918680229827835,146.31174544852092,376.4180165363119,-19.911836873465315,-14.474221630405056,713.5078414017458,-1.6505590149850091,23.097518245613966
1.26,4.989601749815221,-5.020354944725437,14.068229150755414,0.8781579081028197,0.3788598441045056,0.3661776362370423,541.0000365584814,-10.35283996830022,119.43196708479915,888.2047880519436,8.72166532016394,146.31849988416897,375.8269451827317,-20.208667389656433,-14.644055182066305,712.7929938837649,-1.912713337456129,23.450858133434522
1.27,5.019160750250713,-5.019780653064643,14.017984105025908,0.8789398971490117,0.37822341889327726,0.3666806425492779,538.6737001088632,-10.579899851785646,119.45148231693597,885.6775608972245,8.511591123278372,146.31281645741603,376.29814991809906,-20.41817070788038,-14.79444873865454,713.3737364052147,-2.1059242624107966,23.74200581839431
1.28,5.042069457583375,-5.019731660700673,13.967737418063326,0.8793563538456316,0.3748712857008597,0.3666391657457197,536.4893880393612,-10.80066724206663,119.47792560609432,883.47482600717,8.299876240811688,146.29862400904346,377.7104438982148,-20.548106484358065,-14.927853360412328,715.1276019482782,-2.2271770211890196,23.976779662457844
1.29,5.059046057496316,-5.020169773516224,13.917485511597727,0.8797484213287381,0.36916593804635645,0.36610292192453214,534.5077354761902,-11.013051412833818,119.50916929159501,881.656205138446,8.09601987352221,146.27844090005976,379.9505420425159,-20.606035109441645,-15.045782687173737,717.8939007920214,-2.276925916406214,24.15897067474574
1.3,5.070542993434738,-5.021033962724769,13.867225379513574,0.8803009296624693,0.3615128894335281,0.3651257399350735,532.7999554838286,-11.213477606308809,119.5434585119819,880.25084862509,7.907610090204075,146.25339630774212,382.9113923085959,-20.599265530964807,-15.149076888384933,721.4858832750028,-2.258630393493277,24.290943012355182
1.31,5.076808583840402,-5.022245549944602,13.816954770581837,0.8810671045209408,0.3523436752998735,0.3637650013167559,531.4406154483147,-11.397343612557787,119.57945891653661,879.2622273423914,7.740403998168944,146.22340597278432,386.4907341527026,-20.53484125676741,-15.238107211127257,725.7022080029293,-2.178226201580591,24.374199628404448
1.32,5.0779491559688745,-5.0237141475224805,13.76667230606562,0.8819959182357793,0.3420995706642369,0.36208031843306576,530.5011345893708,-11.559481641382652,119.6162562255131,878.6730819792583,7.5984599913122,146.18743078728193,390.5899617047689,-20.41954982600458,-15.31293361008809,730.3373390924305,-2.0435649946442536,24.40987210916745
1.33,5.073985944905091,-5.025343731529994,13.716377530038228,0.8829601133046994,0.3312164863764067,0.3601318179354498,530.0442513809716,-11.69460014477053,119.65332660379819,878.450250254074,7.48430463580857,146.14377105633852,395.11335267966183,-20.259943795169157,-15.3734273557275,735.190583657,-1.863851454613652,24.399110563669453
1.34,5.0649038729804285,-5.027038353366255,13.666070896462452,0.8837832573159957,0.3201114237901132,0.3579783063473444,530.1196290514017,-11.797685046750772,119.69048925518763,878.5491572373112,7.399119095452155,146.09036405928927,399.9676955689671,-20.062363693452323,-15.419368241176919,740.0735804681227,-1.6491025774617585,24.343364297778045
1.35,5.050691123421763,-5.028707125285132,13.615753701619441,0.8842645257041862,0.30917078024343225,0.35567552474760084,530.7606868141436,-11.86434467256775,119.7278481044002,878.9178179826534,7.342932492217347,146.0250619655048,405.0623141038144,-19.8329557249044,-15.450523176499695,744.8161510553981,-1.409649056641149,24.244556133851002
1.36,5.031369486789,-5.030268242455937,13.56542797341892,0.8842002531928322,0.29874070931194596,0.3532746408687477,531.9826689467488,-11.89108751195256,119.76572692968071,879.5002623298436,7.31481223601288,145.94587378423998,410.3094548931959,-19.577679295190777,-15.466710267888208,749.2705165959677,-1.1556938226525149,24.10516201878313
1.37,5.007016025064528,-5.031651923134949,13.51509633058087,0.8834016345126878,0.2891196535325562,0.35082107523618744,533.7818975947955,-11.875526661700164,119.8046011901311,880.2393459727887,7.313044026918347,145.85116031731238,415.624975844184,-19.302301668174092,-15.46785034324555,753.313961653081,-0.8969379464379701,23.928212879094634
1.3800000000000001,4.9777768504074364,-5.032802252742607,13.464761824825615,0.8817082742970581,0.28055308590805716,0.3483537120041091,536.1361013834883,-11.8165091851814,119.8450295372117,881.0789571448537,7.3352967772837285,145.7397757825478,420.92925241913696,-19.012379107407828,-15.45400649584193,756.8500857252686,-0.6422795107575707,23.717237888643417
1.3900000000000001,4.9438738975291345,-5.033678002122309,13.414427778277965,0.8789975695933029,0.27323042221755744,0.345904505115911,539.0056722544722,-11.714172518980437,119.887588152094,881.9656629647218,7.3787699677052565,145.61115414605743,426.148207472289,-18.713225615178576,-15.425411581778416,759.8088246831443,-0.39958690345964776,23.476168076243386
1.4000000000000001,4.905605582941167,-5.034252552161742,13.364097626556577,0.8751901441336399,0.26728400065180374,0.34349845715060856,542.3356776144476,-11.569933304919012,119.93281122461435,882.8498631289474,7.440322822470479,145.46534220184728,431.2143684402212,-18.40987175324299,-15.382483594952733,762.1454475004414,-0.17554444737954977,23.209217287432256
1.41,4.863342251532,-5.034513095689993,13.313774775775356,0.8702517342325565,0.26278996970423685,0.34115392258877125,546.0584428543613,-11.386416540911936,119.98114080578742,883.6865317933623,7.516586099632128,145.30298487470625,436.06786186505707,-18.107016960612178,-15.32582924172544,763.8387416063448,0.024434551746443933,22.92075464900636
1.42,4.817517335793936,-5.0344593045038755,13.263462479214652,0.8641920500719618,0.25977088022381706,0.3388831698346715,550.096518666016,-11.167334699399179,120.0328887795599,884.4356325196838,7.604058225344157,145.1252708697004,440.65726824983545,-17.80897926604291,-15.256236631569978,764.8885957658465,0.19623435564974923,22.615179451466762
1.43,4.768615190331103,-5.03410164745716,13.213163736982368,0.8570612061250252,0.2581997433049035,0.33669312726277856,554.3658560793614,-10.91732748683233,120.08821280487906,885.0622879717217,7.699187996021761,144.93384847814593,444.94027675101665,-17.51964636058062,-15.174658557518427,765.3131760076556,0.337011347463112,22.29680618975389
1.44,4.71715660006918,-5.0334595287370245,13.162881219786202,0.8489443369855637,0.2580052921180831,0.33458623731453324,558.7790273573966,-10.641773283766643,120.14710688978286,885.5367776299066,7.798446193370944,144.7307220101119,448.8840987636159,-17.242431713984928,-15.082188281484852,765.1458706682813,0.44512574367761015,21.969764659193785
1.45,4.663682969217362,-5.032559388271012,13.112617216126774,0.839954998579552,0.2590781724796684,0.3325613481296226,563.2483507126298,-10.346583112760321,120.20940596208018,885.834425197915,7.898388294713343,144.51813901410844,452.4656183491222,-16.980238873830654,-14.980029944986086,764.4321578114877,0.520039823133922,21.63791764245801
1.46,4.608740166473171,-5.031432873280178,13.062373600880134,0.8302279090282154,0.2612777832876697,0.33061458275457617,567.6887994235495,-10.037987342257415,120.27480260092658,885.9354242704269,7.995710106684539,144.29847733403352,455.67127544619916,-16.73543636805902,-14.86946573666982,763.2265239645448,0.5621917972525869,21.304796904458755
1.47,4.55286292137242,-5.030115155618308,13.012151822389011,0.8199115174222174,0.2644394931166138,0.3287401397185863,572.0205999014322,-9.722324360634138,120.34287316626637,885.8246376179975,8.087297690604844,144.07413938050686,458.496693353733,-16.50984482669432,-14.751821788484504,761.5895387235571,0.572853875514534,20.973556923557656
1.48,4.496560540317638,-5.02864343737139,12.961952904791628,0.8091608105435774,0.26838197231580735,0.32693099375575796,576.1714474703017,-9.40583924861027,120.41311001901246,885.4913931208121,8.170272455245264,143.8474590278392,460.9460746639824,-16.30473712011765,-14.628434507623208,759.5851662211634,0.5539822692947616,20.646944972286473
1.49,4.440304549303393,-5.027055659991574,12.911777462311802,0.7981306838478112,0.2729143998277015,0.3251794799390836,580.0782922055705,-9.094499130140877,120.48495639706239,884.929288613534,8.242031823061991,143.62062454304095,463.031399424489,-16.12085153773363,-14.500618739572246,757.2783722985441,0.5080659071753924,20.327285731964857
1.5,4.384518688986239,-5.025389411717818,12.861625722514994,0.7869701190690959,0.2778433294697853,0.3234777571216682,583.6886694335305,-8.79383046732396,120.55784076274426,884.136009069919,8.300285468038403,143.3956191154068,464.771465858873,-15.958417343833686,-14.369638843379134,754.7330658431135,0.43797957375873997,20.01647848323888
1.51,4.329571502885998,-5.023681014838928,12.8114975559943,0.7758173306024474,0.28297903036776284,0.32181815649704215,586.9615698544821,-8.508782145963012,120.63120797699501,883.1131528190894,8.343086800821576,143.1741790236377,466.1908176720987,-15.81719147394911,-14.236683470230542,752.0103943912226,0.34684608725243926,19.716004959841896
1.52,4.275771585773757,-5.021964768163632,12.761392510484834,0.764795969218418,0.28814114931090634,0.32019342793814853,589.8678622514155,-8.243616825734158,120.70454537024644,881.8660588447963,8.36885915158242,142.9577683214316,467.318603087495,-15.69650468964312,-14.102844581153704,749.1673979409413,0.2379110437013554,19.42694609919731
1.53,4.223365407824914,-5.020272319789104,12.711309847927511,0.7540124066686449,0.2931635777376822,0.31859690063409224,592.3902970247765,-8.001831742979416,120.77740255448451,880.4036245582133,8.376415975549445,142.74756814996474,468.1874096391749,-15.595315197471981,-13.969101018818167,746.256011126334,0.11443261417815043,19.150006103577223
1.54,4.172537507859633,-5.018632149312195,12.661248583450284,0.7435540696361901,0.2978984415993436,0.3170225758138488,594.5231311091436,-7.78610898702442,120.84940455733793,878.7381025570113,8.364974376520562,142.54447835943168,468.83211572786735,-15.512267556327508,-13.836306756623713,743.3223925823723,-0.0204120851721723,18.88554239431256
1.55,4.123412758952423,-5.01706914519805,12.611207525567655,0.7334887469903854,0.3022191673122001,0.31546516861172397,596.2714240666405,-7.598294246801474,120.92025848674129,876.8848655348075,8.334161301232768,142.3491289777049,469.28879540958314,-15.445754638567788,-13.70518377958578,740.4065515321224,-0.16360339861659634,18.633600175171797
1.56,4.076060351587481,-5.01560427035154,12.56118531710471,0.7238647606446307,0.3060226103263344,0.3139201140388641,597.6500613343925,-7.4394021603031995,120.98975441306999,874.8621303935674,8.284011890343502,142.16189912803512,469.5937072046669,-15.393980462049372,-13.576319402103502,737.5422353328515,-0.31233841346989255,18.393950413216523
1.57,4.030499110723486,-5.014254315535408,12.511180476437254,0.7147118672677303,0.30923026358111905,0.31238354919476713,598.6825638770348,-7.309645704596357,121.0577614711181,872.6906354221167,8.214959665641675,141.9829411980358,469.78239127414844,-15.355021856981399,-13.450167696491755,734.757037818782,-0.4640738487939333,18.16613010246358
1.58,3.9867037594957013,-5.013031745060958,12.461191438627951,0.7060427450482454,0.31178859052193997,0.31085228080366045,599.3997441177867,-7.208486541481873,121.12422034449867,870.3932678126419,8.127818471941772,141.81220833813316,469.8888924898988,-15.326887155716562,-13.327054594473653,732.0726865847876,-0.616553775493911,17.949483711055745
1.59,3.944611758994458,-5.0119446415286735,12.411216595961703,0.6978549156959762,0.31366855083315454,0.3093237442872884,599.8382663363054,-7.134702879564636,121.18913332175345,867.9946424764977,8.023756358921052,141.64948367261314,469.94512008555114,-15.307570375961921,-13.207186134193531,729.5054676055795,-0.7678237594552773,17.743204742516824
1.6,3.9041303856409715,-5.010996756166577,12.361254337277284,0.6901329556474172,0.3148644061996524,0.30779595814950794,600.0391661277738,-7.086471217949142,121.25255303607412,865.5206367939121,7.904261865627982,141.49440990825022,469.98034804297464,-15.295099688640402,-13.090659260335057,727.0667474639523,-0.9162332615358371,17.546376381266004
1.61,3.8651437503991244,-5.010187668750068,12.311303085389723,0.6828508605911011,0.31539190802598077,0.30626747558818535,600.0463784408007,-7.061458285758659,121.31457085081742,862.9978893264592,7.7711034416736435,141.346518304802,470.0208544225487,-15.287579301271336,-12.977474546446311,724.7635566252658,-1.060428256591306,17.35801025383493
1.62,3.8275195131632884,-5.009513056729822,12.26136133182636,0.6759744424098442,0.31528597907307165,0.3047373340034589,599.9053175762443,-7.05691956739718,121.37530566122959,860.4532734195557,7.626282988681177,141.20525621876675,470.08969270287184,-15.283224227981618,-12.867550197165796,722.5992012933898,-1.199336061947276,17.177082427574884
1.6300000000000001,3.7911150974996803,-5.008965067760835,12.211427668078066,0.6694636559059821,0.31459800653034,0.30320500239842435,599.6615457352782,-7.069800985942621,121.43489367541568,857.9133588606859,7.471984719853941,141.0700126439462,470.20658400824107,-15.280387741833657,-12.760736702910798,720.573876079942,-1.332144309743044,17.0025658905479
1.6400000000000001,3.7557832624951466,-5.008532784088879,12.161500812605576,0.6632747727641763,0.3133928653744866,0.301670326476017,599.3595596126339,-7.09684058525667,121.49347953584183,855.4038762314955,7.310520703650014,140.94014135092291,470.38791595285124,-15.277581600449619,-12.656831558651913,718.6852547086856,-1.4582758743554303,16.83345890761303
1.6500000000000001,3.721376937427516,-5.008202761936178,12.111579632939872,0.6573623407920298,0.3117457883389778,0.3001334714014417,599.0417174481183,-7.134667384393278,121.55120896216656,852.9491992493014,7.144274571704856,140.81498137608452,470.6468317364317,-15.273489391410655,-12.555593518506951,716.9290409969708,-1.5773613927043129,16.66880882239683
1.6600000000000001,3.6877532695638013,-5.00795962473526,12.0616631623686,0.6516808864376786,0.309739192882756,0.2985948625891535,598.7473221273609,-7.1798949557465015,121.60822294704315,850.5718602412122,6.97564492685665,140.6938747335075,470.9933920462789,-15.266973552416907,-12.45675593506448,715.2994671901251,-1.68921080787926,16.507731063944227
1.67,3.6547768744090736,-5.007786686210225,12.011750610894275,0.6461863370213355,0.3074595667209261,0.2970551253579676,598.5118695550394,-7.229207682825312,121.66465342374433,848.2921129839309,6.806989983227652,140.57618132385224,471.4347921670743,-15.25707677882565,-12.360038821995525,713.7897312060268,-1.793785139958537,16.349423309741837
1.68,3.622322310444978,-5.007666578121577,11.961841370368974,0.6408371553810545,0.3049945023222813,0.2955150247646738,598.3664657498247,-7.279438068395317,121.7206202487283,846.1275555652953,6.640574908790498,140.46129109678205,471.97561734893196,-15.243018637141837,-12.265159375638717,712.3923683564325,-1.8911694549431646,16.193174942346413
1.69,3.5902758265022388,-5.007581858002587,11.911935013936192,0.6355951933031341,0.30242995786477894,0.29397540728750443,598.3374110201596,-7.327633875159334,121.77622930080986,844.0928237988337,6.478523226424282,140.34863358989367,472.61812078912953,-15.224188259245874,-12.17184079066977,711.0995565730894,-1.9815477740534049,16.038372104518817
1.7,3.5585364494438054,-5.007515574281235,11.8620312901267,0.6304262809811164,0.29984780804396527,0.29243714622713696,598.4459452218109,-7.371114277731294,121.83157148615989,842.1993631877137,6.322773469145504,140.23768501961575,473.36251038603916,-15.20013400276693,-12.079819301574211,709.9033570422371,-2.0651804496402137,15.884498798630018
1.71,3.527016493116931,-5.007451769529774,11.812130112147132,0.6253005778066587,0.29732373340355095,0.29090109269635456,598.7081444854462,-7.40751457729838,121.88672244813269,840.4552846358002,6.175042087687599,140.12797313934473,474.2072325657552,-15.170550933909732,-11.988849470654019,708.7958944345528,-2.1423843368823525,15.731134583566686
1.72,3.495641577102985,-5.007375906856893,11.762231543055659,0.6201927151740845,0.2949254820184488,0.2893680338805481,599.1349569214299,-7.434819372170276,121.94174280555654,838.8653061871171,6.036793383689343,140.01908010823027,475.1492438110661,-15.135266927218504,-11.89870782057236,707.7694826280339,-2.213515916496045,15.577949492578044
1.73,3.464350246351842,-5.00727520925912,11.712335777631592,0.6150817649259851,0.2927115228767895,0.28783865989489194,599.7323626257684,-7.451384383426518,121.99667877552899,837.430780179506,5.909216999767208,139.91064363132813,476.1842629007089,-15.094228089819472,-11.809194971750285,706.816702997205,-2.2789573753275727,15.424696827538366
1.74,3.4330932811259065,-5.0071389066869445,11.662443121811469,0.6099510679059221,0.2907300965891692,0.28631354008345866,600.5016417772965,-7.455947401901531,122.05156307079214,836.1498024484265,5.793213248970252,139.80235663908942,477.30699917427137,-15.047484113375642,-11.720136490186308,705.9304430353696,-2.339105529886365,15.271204480772155
1.75,3.4018327816352394,-5.006958390304724,11.612553970583463,0.6047879561873855,0.2890186564468592,0.28479310905483135,601.439733674753,-7.447629049044169,122.10641599269786,835.0173977194265,5.689386320352819,139.69396577223196,478.5113542759173,-14.995174042776116,-11.631382678663389,705.103903348042,-2.3943633823341193,15.117365399090282
1.76,3.370541104150537,-5.006727277643595,11.562668785208693,0.5995834003031028,0.2876036816341132,0.2832776621852969,602.5396691511969,-7.425924229277847,122.16124666553429,834.0257731683346,5.5980451635486705,139.58526892792906,479.7905967217866,-14.937512833336108,-11.542807554309297,704.3305809697778,-2.4451340279718625,14.963127741986874
1.77,3.3391997160241558,-5.006441395855373,11.512788070578218,0.5943316095850139,0.2865008347818746,0.2817673597981988,603.7910588585429,-7.390685295898369,122.21605437514577,833.1646303694911,5.519211641008159,139.47611210612104,481.1375102275528,-14.874778954020284,-11.454307249731558,703.604236578588,-2.491816585967088,14.808485204140277
1.78,3.307798026648679,-5.006098692949041,11.462912353425832,0.5890296098952845,0.2857154281714131,0.2802622387909321,605.1806203737215,-7.3420980576405785,122.27082998437209,832.4215245338182,5.452635348254853,139.36638577191442,482.5445179920994,-14.80730318792034,-11.365798056055704,702.9188525746645,-2.5348037985921112,14.653467878945241
1.79,3.2763322405669246,-5.005699088687265,11.413042162007848,0.5836768188946632,0.28524315683120627,0.2787622301607512,606.6927278788534,-7.280651820844975,122.32555740101864,831.7822590777491,5.3978143449088805,139.2560209229409,484.00378604846105,-14.735458686819191,-11.277214297395927,702.2685882116165,-2.57448093599405,14.498133942046618
1.8,3.244804801271274,-5.00524428176027,11.363178436647676,0.5782746345223289,0.285071052821535,0.277267173523415,608.3099518018464,-7.207104691264954,122.38021344099622,831.231285897162,5.354020912951951,139.14498739812896,485.50740390085116,-14.659652260967492,-11.188506743868802,701.6478290019244,-2.6112256610043016,14.34256410085529
1.81,3.212450380519637,-4.671172066921018,11.314988618556358,0.5728224362256191,0.28506588260333,0.27575455417408185,601.4318948976824,-7.123022994184714,113.92096127906498,822.1509297143089,5.319675399757806,130.50773301331478,487.43871799199445,-14.577847633739815,-11.101689327508051,701.4413684816349,-2.643014480366357,14.193328508587594
1.82,3.1828398098773825,-4.3371658884956235,11.270140786785653,0.5673237824476601,0.28466461109976277,0.2742176089672769,594.4567202106366,-7.032428228088305,105.45359035647792,812.9889408950048,5.290834205280759,121.87984468792574,490.2664381216464,-14.478839233604324,-11.018470582913103,702.1500175449683,-2.658567103638043,14.055615738136432
1.83,3.1551832228540286,-4.003321628524958,11.228633870256836,0.5618131295138971,0.2832660540843212,0.27266725208941445,587.3494632776951,-6.939752891998163,96.98112877799582,803.7365107540475,5.263813876061175,113.25725406916948,494.08792593561765,-14.350787168059542,-10.938612420068212,703.9077943246973,-2.6453251660434884,13.92775614324942
1.84,3.1290730048499404,-3.669736026020919,11.190465803771401,0.5563416600882151,0.2803612863461178,0.2711059665423541,580.0885201310406,-6.848908034788048,88.5050190429063,794.3942437458113,5.235815585772297,104.63853902984309,498.9693884153851,-14.183817520431518,-10.86190485937483,706.8048583208208,-2.5923479252001336,13.808185894469078
1.85,3.10426512566316,-3.3364968381195843,11.15563359422236,0.5509629419098302,0.2755411991454197,0.2695340775550704,572.6653177265217,-6.7630632047482875,80.0259358583404,784.9701479155591,5.204833658717767,96.0235053826256,504.94567262751895,-13.970013012133798,-10.788005030756723,710.8896205566989,-2.4906017349316523,13.695294106102258
1.86,3.0805831084526565,-3.003676892219115,11.124133441144885,0.5457243656110068,0.2685000685910824,0.2679529449360742,565.0833786519961,-6.684531275920447,71.54418824198368,775.4779041182478,5.169584749505518,87.41247550211878,512.0213892837365,-13.703398109383148,-10.716437584002081,716.1714285565,-2.3331235543827544,13.587432271990695
1.87,3.057880578609563,-2.6713304810529683,11.095960902575047,0.5406622112039741,0.2590354320997846,0.2663664434196606,557.3568363115791,-6.614730130313607,63.05991777257209,765.9353577400743,5.12943899503171,78.80592975143914,520.172882850569,-13.379899546556828,-10.64666362849103,722.6240276361643,-2.1150842630622835,13.48298815111949
1.8800000000000001,3.036031235465562,-2.3394914273653384,11.071111087313113,0.5357993074208406,0.24704464716841165,0.26478143353103983,549.5085043239277,-6.554204761818672,54.57319508671288,756.3632126520877,5.08434707603117,70.20432937025457,529.3507785000104,-12.997276413645176,-10.57817097169359,730.1897659438039,-1.833767507952444,13.380476803318574
1.8900000000000001,3.0149305616524695,-2.008172510560442,11.049578859280171,0.5311446923965107,0.2325185718684774,0.26320761424227784,541.5676317648994,-6.502697730807472,46.08406501979775,746.7839124461472,5.034762411091354,61.608035578787266,539.482943090213,-12.55501988198693,-10.510559853111076,738.7843950119972,-1.4884764805738193,13.278624669928048
1.9000000000000001,2.9945012680373044,-1.6773660795106273,11.031359041848525,0.5266948419168064,0.21553285289406,0.2616569982650741,533.5674895869824,-6.459257332768587,37.5925655496042,737.2206889324449,4.981559696222271,53.01728163356742,550.4777517662515,-12.054225260223483,-10.443609827292414,748.3022626772153,-1.0803803548649071,13.176434380383597
1.9100000000000001,2.9746984381384567,-1.3470456974662741,11.016446611489311,0.522436068471699,0.1962373341919366,0.2601431761929361,525.5429351092879,-6.42237317167027,29.098733375960162,727.6967514641287,4.925951478692903,44.43217496045641,562.2275778049991,-11.497440117164913,-10.377320631233161,758.6216775011281,-0.6123123913064354,13.07322483087929
1.92,2.9555125108463303,-1.0171686419625168,11.004836871571163,0.5183476934934059,0.1748441078066225,0.2586804943367654,517.528092351717,-6.390128943068785,20.602602921572583,718.2345872393024,4.869404320135606,35.852716379225264,574.6124329519489,-10.888492554750439,-10.311925105141054,769.6102304258319,-0.08853207779929706,12.968645729842525
1.93,2.936969504440668,-0.6876790496007675,10.996525598934372,0.5144055969583539,0.15161471996462356,0.2572832424400936,509.55426773224985,-6.360362554530097,12.104202525144718,708.855344290724,4.813555820120885,27.278828291436355,587.5036863194481,-10.232303803243358,-10.247876251576418,781.129882385739,0.4855362704014321,12.8626691237185
1.94,2.9191286259385687,-0.358511470774043,10.991509157968117,0.5105857707395195,0.1268470215104097,0.25596492263394083,501.6481956185909,-6.330824408730285,3.6035500370141973,699.578274738501,4.760133555984369,18.710386221305374,600.7677856411933,-9.534689352947435,-10.185813370612244,793.041659598887,1.103576449942134,12.755562559873578
1.95,2.9020778450181295,-0.029594590923409558,10.989784566930984,0.5068675532119441,0.10086211661374578,0.2547376482054112,493.83067950671716,-6.299325795944998,-4.899350864173638,690.4202259446834,4.71087698398348,10.147249649640127,614.2698967163386,-8.802152985112722,-10.126514072075171,805.2098334454018,1.7586537629818988,12.647849737056227
1.96,2.88851104708477,-0.03441136978827372,10.989681266544897,0.5032446322199499,0.07410365749220428,0.25364996165056247,494.6871742241361,-6.263337694942361,-4.89552577753333,690.016531474143,4.668177636947213,10.127729280865667,627.4796698930719,-8.044165832009288,-10.07192954114502,817.1286566131932,2.4411652006194884,12.53468229227107
1.97,2.873587004556952,-0.03908269590266389,10.989532522404717,0.499733124813902,0.04743415232198549,0.25272077289909806,495.80561216837316,-6.2185220376286265,-4.8854411437258625,689.9080074974044,4.6367233832669825,10.100667689445498,639.7885225562369,-7.279706851647749,-10.024972494591735,828.1920092589792,3.1324673275786585,12.413113343813846
1.98,2.8583722791724893,-0.04346217479799082,10.9893397748394,0.49632953393333146,0.021736758190765804,0.25192897471052617,497.1990500908074,-6.160648184313167,-4.872551937731076,690.0996592394271,4.620668920630844,10.071269356391419,650.974648346376,-6.52842956238564,-9.986785770039184,838.1607325259886,3.812833783172931,12.285868130775393
1.99,2.8434157781091467,-0.047425354348898975,10.989106396479697,0.4930202480559108,-0.0022219312784412014,0.2512627347747811,498.86125028398936,-6.086498205407798,-4.858646671559086,690.5826322662749,4.622936821329137,10.041816358763707,660.8600884694736,-5.8078525492570865,-9.95751449301662,846.8523495280996,4.4644626804701275,12.15515287162113
2.0,2.8290048543775335,-0.05087768582410191,10.988836863582632,0.4897941579597912,-0.023805656984196608,0.25071395678731767,500.76850043593834,-5.994073643646292,-4.844662073822638,691.3357137716956,4.645284734409505,10.013150121033915,669.3131552716642,-5.133188194397064,-9.936704892209626,854.139167994517,5.071910658023871,12.023006062735561
2.0100000000000002,2.8152957123391675,-0.053756637729985846,10.988536439325463,0.4866481687175398,-0.04251674046542109,0.2502755431821873,502.88199452277433,-5.8826689120605735,-4.831109872525098,692.3268541488587,4.688351619200781,9.985446730631537,676.2488783103428,-4.517190621037004,-9.923520585453794,859.9456554372057,5.622359684458567,11.89141891607428
2.02,2.8023796270574697,-0.05603016968520015,10.988210858249202,0.4835887038296828,-0.057999092691805934,0.24994017432437798,505.1506517142166,-5.752849757201695,-4.818298001619131,693.5148396793475,4.751711862884866,9.958617839532204,681.6278024258771,-3.9700521290728097,-9.916879302765176,864.244894199717,6.10575187386736,11.76234984816922
2.0300000000000002,2.790316183325827,-0.05769307139575182,10.98786603926707,0.48063094796744177,-0.07003639440495874,0.24969989317213606,507.514214041897,-5.606361608108901,-4.806441495800174,694.8511456909182,4.833950407735543,9.93251136731103,685.4534513911191,-3.4993611051840623,-9.915554985351026,867.0541986879786,6.514815726340162,11.63769411955765
2.04,2.7791494727748014,-0.05876225294206029,10.987507842224382,0.47779688592866126,-0.07854596666675107,0.24954609498451163,509.90646633347353,-5.445986172830208,-4.795713689953911,696.2819519513378,4.932763505415105,9.90700504553368,687.7687129320182,-3.1101252662744105,-9.918263189780047,868.4300502198544,6.845001976124143,11.519238047161759
2.05,2.7689154072879125,-0.0592717774239814,10.987141873884056,0.47511280978277187,-0.08356893510593538,0.249469696207681,512.2584348701608,-5.275361237186416,-4.786265126525604,697.750271855304,5.045084742319183,9.882043068238481,688.6513769881587,-2.8048585653027702,-9.923735290934069,868.4625339358741,7.094344721161827,11.408611643006358
2.06,2.7596443765601717,-0.05926818750785437,10.98677334265605,0.47260673295539246,-0.0852573501810474,0.24946135732806995,514.5014398716079,-5.0987765753806595,-4.778225474425666,699.1981287427857,5.167232955332334,9.857643331385887,688.2090485171743,-2.5837265586153846,-9.930781859218024,867.2694675433263,7.263262174925678,11.30724607530993
2.07,2.7513614968081606,-0.058806469302348764,10.986406957023268,0.4703059957191034,-0.08385895880427036,0.24951169404655477,516.5698983500197,-4.920957383608593,-4.771697366720894,700.5687036206045,5.295076801712928,9.833890405536767,686.5736486214734,-2.4447427140705247,-9.938343965932757,864.99040427977,7.354310484095072,11.216338843570549
2.08,2.7440856879433984,-0.05794681666844949,10.98604686017551,0.4682352363447229,-0.07970033106739763,0.24961144710507796,518.4037962517195,-4.746845323245985,-4.766747553168114,701.8083768236374,5.424209675763015,9.810922550679216,683.8957084155124,-2.384006639538694,-9.945531113253645,861.7806782153137,7.371903257469892,11.136827903630474
2.09,2.7378282847985065,-0.056752210904675,10.985696592558254,0.4664148197881609,-0.07316903149468446,0.24975160291490792,519.9507709160696,-4.581385956032746,-4.7633986931621335,702.8685902994318,5.550128179161451,9.788917201438885,680.3386468906042,-2.3959743329293737,-9.951645063523154,857.8056419686204,7.322008613073194,11.069375146015616
2.1,2.7325915924324464,-0.055286720135050274,10.985359074526432,0.46485975360135107,-0.06469548971277153,0.24992346996988601,521.1677659177676,-4.429330022215683,-4.7616237674855135,703.7074659184434,5.668407332924009,9.768077108397277,676.0732066494253,-2.4737501856581523,-9.956189632721987,853.2352267741903,7.211834624373803,11.01435914546709
2.11,2.728367621065443,-0.053614352617411,10.985036602671459,0.4635790748506419,-0.05473517359834494,0.2501187228312679,522.022239748325,-4.295054655152175,-4.761344125543021,704.2911272652767,5.774866080354435,9.748618028568634,671.2722001611877,-2.6093905355365488,-9.958867324655772,848.2389335916274,7.04951302709228,10.971876758027392
2.12,2.7251371291292723,-0.05179826775142367,10.984730855258334,0.46257565976882586,-0.04375160205368179,0.2503294280558468,522.4929271279094,-4.182409264936016,-4.762431461665068,704.5946865980006,5.865717296388295,9.730758143001143,666.1056949303447,-2.7942089995168784,-9.959564421799325,842.9813422515623,6.8437899470595305,10.941752870914549
2.13,2.7228690376085107,-0.049900153173007895,10.984442904192324,0.46184638773074116,-0.0322006579416895,0.25054806604217467,522.5701667425982,-4.09458948928404,-4.764713471498592,704.6028740176773,5.937697417185306,9.714709027387368,660.7367396698306,-3.019074561807278,-9.958326757590788,837.6182040100164,6.603731246438871,10.9235573947488
2.14,2.7215202413697193,-0.04797960834677978,10.984173232718737,0.4613825811292846,-0.02051657779264482,0.2507675603302908,522.2558217180415,-4.0340413331185765,-4.76798255454376,704.3103014329708,5.988171864540536,9.700667877592672,655.3177062856677,-3.2746943885869073,-9.955328829233613,832.293161790797,6.3384488826371825,10.916628434002131
2.15,2.7210358240182178,-0.046093425085200326,10.983921759418738,0.4611706410490725,-0.00909990700114969,0.2509813221796303,521.5628291297174,-4.002396427025213,-4.772006687740253,703.7213688312571,6.0152135956347275,9.688810704274015,649.9872952656916,-3.5518745260596507,-9.950839137262241,827.1351222453995,6.056853454859068,10.920100487910673
2.16,2.7213496741277994,-0.044294713525203006,10.983687869870673,0.46119280348832564,0.0016923794929290434,0.25118331392425625,520.5144223837862,-4.0004382521815485,-4.776541482415648,702.849834010849,6.017653297517689,9.679286294029021,644.8682259101475,-3.8417529528997907,-9.94518464116989,822.2562849088977,5.767436900893374,10.932936519828866
2.17,2.7223854956801707,-0.042631879098118705,10.983470457568599,0.4614279504742909,0.011554477727940684,0.25136813022563115,519.1430755475947,-4.028098222571941,-4.781342433697166,701.7180787597642,5.99510091145733,9.672210842934344,640.0656086282455,-4.1360008414148,-9.938717001740589,817.7508164702643,5.478088123878622,10.95396277510284
2.18,2.7240581988712083,-0.041147504426700926,10.983267975379167,0.46185242300933477,0.020237045241703003,0.2515310923822876,517.4892219040364,-4.084479695049215,-4.786176455564331,700.3561140929639,5.947939266279789,9.667663271620556,635.6659749926854,-4.426989276751058,-9.931782864103695,813.6941427286065,5.195943196360464,10.981905302744089
2.19,2.726275645709886,-0.03987722464240144,10.983078498090654,0.4624407967285618,0.027550225765558194,0.25166834769253205,515.5998004305487,-4.167907298691986,-4.790831943079731,698.800374326134,5.877291581764698,9.665681311601437,631.7369229618294,-4.707920037287483,-9.924699864423898,810.1428173309932,4.9272707255995645,11.015427217112405
2.2,2.7289407070376153,-0.03884870262843226,10.982899795617877,0.4631665949631174,0.03336451919918569,0.2517769637813802,513.5266838536694,-4.2759984362172325,-4.795126793779133,697.0923543475255,5.784965441610779,9.666258502669464,628.327320021176,-4.972920305096995,-9.917739376338947,807.1349149906796,4.677391985880853,11.05316579888581
2.21,2.73195356509602,-0.03808081188721447,10.982729415343472,0.46400292633798706,0.037609665166562084,0.2518550069674561,511.3250406762873,-4.405753407129065,-4.798914032352106,695.2771464583705,5.673376508217476,9.6693422599516,625.467996132026,-5.217102313694932,-9.911116318235946,804.6908876414467,4.450634543882337,11.093768567084062
2.22,2.7352141718887832,-0.037583120913358296,10.9825647710595,0.46492304414462676,0.04027175504563785,0.2519015942101493,509.0516813462606,-4.553660327310361,-4.802084898467003,693.4019327190402,5.545455745590122,9.67483316008088,623.1728512730592,-5.436589920866597,-9.90498568759279,802.8148149504971,4.2503173327318455,11.135927457865963
2.23,2.7386247527654266,-0.03735574747874399,10.982403235157747,0.4659008319323487,0.041388822911817835,0.2519169098652115,506.7634357035191,-4.715810864119319,-4.8045694610788745,691.514486106694,5.404544228222119,9.68258556429043,621.4402988010938,-5.628514896682368,-9.899444935237742,801.4959758329178,4.0787644776043575,11.178410237531361
2.24,2.7420922314115193,-0.03738961837612585,10.982242230197388,0.4669112238619674,0.04104519028171788,0.25190218118739194,504.51560511993574,-4.888022760840771,-4.806335000361483,689.6617292979076,5.254279747531343,9.69240964796848,620.2549654670966,-5.790986330611703,-9.894540887720641,800.7106651124673,3.9373446468063955,11.220088282389858
2.25,2.7455304502549884,-0.037667134482023815,10.982079315805223,0.4679305695447061,0.03936485318301324,0.2518596099439874,502.36052839405227,-5.065965181278942,-4.807382539628301,687.8883939409762,5.098479395666544,9.704074846857727,619.5895712179956,-5.92303698661778,-9.890279697893718,800.4241792540245,3.8265323014728403,11.25995990458954
2.2600000000000002,2.748862070828003,-0.03816320677598753,10.981912267042315,0.4689369518613174,0.03650420350922644,0.2517922612608946,500.34629551265107,-5.2452830569063575,-4.807742006289257,686.2358163164025,4.941022127885109,9.717314664558835,619.4069163492027,-6.024550679899376,-9.886638258099044,800.5928970993475,3.7459869463291606,11.297168512140031
2.27,2.752020061232117,-0.03884659976589627,10.981739140867845,0.46991046337060066,0.03264437070313999,0.25170391450000906,498.51563786968717,-5.421716858366954,-4.807466548520138,684.7408977393816,4.785735002469094,9.731832718749846,619.6619095946272,-6.096174829524736,-9.88357563129635,801.1663856464276,3.6946463431138943,11.331015072268384
2.2800000000000002,2.754948709771959,-0.039681497187684794,10.981558328081736,0.47083344324012477,0.027983455612727484,0.2515988841704522,496.9050174870599,-5.5912145331621925,-4.8066265323405055,683.4352503407029,4.636286397246392,9.747309838802844,620.3035778363088,-6.13922227884961,-9.881043309161988,802.0894669147493,3.6708296339912905,11.360964593636794
2.29,2.75760414073828,-0.040629192304164785,10.981368589047799,0.4716906730186385,0.022728907094963634,0.251481821280709,495.5439312986367,-5.750032743852607,-4.805303695881965,682.3445413175516,4.49608903090909,9.763411969531411,621.2770058428409,-6.155566294647863,-9.878993446581246,803.30418953701,3.6723464280827844,11.38664663431178
2.3000000000000003,2.7599543452902715,-0.04164980192584326,10.981169072496021,0.47246952673917186,0.017090264921347235,0.25135750692454584,494.45443977748175,-5.8948249960251164,-4.8035858515899275,681.488041640928,4.368215101137107,9.779798588922533,622.5251624538945,-6.147532381454102,-9.877384598113682,804.7516575361765,3.6966081199055756,11.407850148390681
2.31,2.7619787728137037,-0.04270390872593581,10.980959317685343,0.4731600692892398,0.011272461129966679,0.2512306501683006,493.65092229554455,-6.022714750076153,-4.801562414276336,680.8783787266867,4.255325313289426,9.796131315955964,623.9905776590772,-6.117790203869767,-9.87618484552014,806.3736783538701,3.740738020174772,11.424513271094542
2.32,2.7636675525818695,-0.04375404905353088,10.980739241097634,0.47375509693271084,0.0054698375410197255,0.25110570150922606,493.14005483247604,-6.13135215045435,-4.799320907063332,680.5214868301657,4.159613033002884,9.812082371359852,625.6168428955843,-6.069248518295267,-9.87537251659234,808.1142021369701,3.801677269918813,11.436708879219488
2.33,2.7650204302269783,-0.04476598128244934,10.980509109567363,0.47425011526777644,-0.00013899896421426427,0.2509866914584889,492.920999241555,-6.218953563090213,-4.796944472914185,680.416743955291,4.08276426963905,9.827342561496238,627.3499144926286,-6.004955595387829,-9.874934927381199,809.920534121618,3.876283958454574,11.444626928610612
2.34,2.7660455083630517,-0.045709690553630236,10.980269502289524,0.4746432524799462,-0.005395398352115212,0.25087710140988295,492.98578747590574,-6.284323667637814,-4.794510310295676,680.5572798798935,4.0259336977701015,9.84162848383831,629.1392074392508,-5.928007180875605,-9.874865719863902,811.7443112811369,3.9614233532911935,11.448554651400523
2.35,2.766757877045445,-0.046560107384171275,10.980021264471869,0.4749351090673398,-0.01016391732028165,0.25077977117798267,493.3198791883392,-6.326860386952681,-4.792088868560654,680.930436467881,3.989736460329907,9.85468869992347,630.9384734768785,-5.8414636075697635,-9.875161416012471,813.5422429021969,4.054047654109494,11.448855693267655
2.36,2.767178209887344,-0.04729753807297082,10.979765455509519,0.475128548781827,-0.014334582043605028,0.2506968447293766,493.9028671070892,-6.346543434009311,-4.789743588854904,681.5183587365344,3.9742550768144813,9.866308684377463,632.706463849336,-5.748277245392952,-9.875817778915678,815.2766221851533,4.151264183356373,11.445949194893883
2.37,2.767331388194665,-0.04790782257250489,10.979503294480567,0.47522843886767174,-0.017824180162720207,0.25062975296383116,494.70930166257745,-6.3439077004816,-4.787530961912544,682.2986931471772,3.979060408401014,9.876314431018516,634.4073828021986,-5.651231067108076,-9.87682648108271,816.9156221842618,4.250391404677256,11.44028968896292
2.38,2.767245200854884,-0.04838224944631157,10.97923610552387,0.47524135040069587,-0.020576626563930275,0.25057923015025807,495.7096045401927,-6.32000308882652,-4.785500692350256,683.2453682703655,4.003245313276671,9.88457467252622,636.0111430250332,-5.552888722033023,-9.87817245169552,818.4333943510206,4.349002602433316,11.432348514647664
2.39,2.766949153807491,-0.048717267134944287,10.978965265306375,0.4751752313763798,-0.022562471796237014,0.25054535893398966,496.8710401454256,-6.276342691956371,-4.783695803252018,684.3294323291589,4.045469363191501,9.891001741930276,637.4934385881531,-5.455556154401631,-9.879832130588872,819.8099916304977,4.44495744951573,11.422597265938224
2.4,2.766473410915501,-0.04891403593943597,10.978692154361392,0.4750390660488044,-0.023777642010458653,0.2505276377765411,498.1587143250544,-6.214841446377184,-4.782152575429581,685.5199221328933,4.104012788851974,9.895551166246674,638.8356544643605,-5.361254482538492,-9.881772716483558,821.0311405511925,4.536422028803777,11.41149360633095
2.41,2.7658478784496006,-0.04897786624619406,10.978418113624407,0.4748425339007152,-0.024241514864714753,0.2505250642607927,499.53657098723687,-6.137747524685599,-4.780900282131557,686.7847385603063,4.176837678968592,9.898220130574236,640.024634390487,-5.271703574349862,-9.883952375260163,822.0878881450985,4.621878151604141,11.39946961430892
2.42,2.7651014381520524,-0.048917586219749065,10.978144407046436,0.47459568064983854,-0.023994446850397193,0.2505362278247695,500.9683593736177,-6.047568793578484,-4.779960742111033,688.0915050038287,4.261654376195356,9.899044982550702,641.0523305873863,-5.188315517629105,-9.886321280305607,822.9761499580874,4.700123032970294,11.38692268099817
2.43,2.7642613285922653,-0.04874487733554126,10.9778721907569,0.4743086120575812,-0.023094874025813172,0.2505594060630346,502.41854751143575,-5.946996648892144,-4.779347763776293,689.4083869986131,4.355990992132853,9.898097962148537,641.9153597277175,-5.112196993130979,-9.888823295418993,823.6961849911496,4.770260540097104,11.374208868086509
2.44,2.7633526707468667,-0.0484736096483077,10.97760248889879,0.473991219223655,-0.021616110401198343,0.2505926596196918,503.85316066072517,-5.838829456651706,-4.779066585434451,690.7048535650001,4.457264000798378,9.895483342210422,642.6144895607996,-5.044159415760808,-9.891398081118155,824.2520222812224,4.831685329140301,11.361638551294805
2.45,2.7623981309343844,-0.04811920149914864,10.97733617597995,0.47365294174263295,-0.019642966509731335,0.25063392175092736,505.2405272192214,-5.725897687277548,-4.779113429362447,691.9523635087336,4.562847961651073,9.891333154117692,643.1540798462796,-4.984735614645464,-9.893983403667718,824.6508621122446,4.884061232286074,11.349474120145755
2.46,2.7614177120169066,-0.04769802124878752,10.977073965378176,0.4733025727593882,-0.017268305427610313,0.25068107973045695,506.5519184102953,-5.610992638532486,-4.779475281520282,693.1249629529548,4.670142564022317,9.885802654483339,643.5414998130431,-4.934201774881963,-9.89651744674615,824.9024726637065,4.927295256139996,11.337929474303923
2.47,2.7604286618995637,-0.04722684220531838,10.9768164035003,0.472948107744327,-0.014589645147545956,0.2507320463049536,507.7620720215572,-5.496800411616876,-4.780129987382765,694.1997836142339,4.77663536787809,9.879065666684252,643.78654236445,-4.892603359594072,-9.898940961339575,825.0186003699698,4.961508510533785,11.327171045257131
2.48,2.759445486700054,-0.04672235660680617,10.976563869016598,0.472596636826758,-0.011705905291487687,0.25078482030556126,508.84959436078975,-5.385842544257391,-4.78104672228357,695.157434672495,4.879958833392761,9.871309908733783,643.9008528244991,-4.859783766491099,-9.901199133153618,825.0124094885282,4.98700531003049,11.317320074383726
2.49,2.758480054513868,-0.04620075052897733,10.976316576559359,0.4722542788438326,-0.008714383228882332,0.25083753624418587,509.7972383427416,-5.280424424744745,-4.782186857076948,695.9822844141687,4.977940475257681,9.86273239883974,643.8973872939431,-4.835414543328698,-9.903243092311023,824.8979634631338,5.004241585245095,11.308455889829343
2.5,2.7575417745175663,-0.04567733893313009,10.976074584274619,0.47192615391498205,-0.005708030317034331,0.25088850325581996,510.5920591219349,-5.1825923212431295,-4.783505201849427,696.6626310486236,5.068645238074487,9.853535013323281,643.789912789909,-4.819026085674527,-9.905031032382164,824.689757716543,5.013793614079109,11.300619941309508
2.5100000000000002,2.756637835308353,-0.04516625861342645,10.975837804635797,0.4716163903409946,-0.0027730837642727397,0.25093623409960564,511.2254518656262,-5.094099570301824,-4.784951576090433,697.1907651194656,5.150409457679972,9.843920258725218,643.59255839788,-4.810037861894156,-9.906528941422536,824.4023106088172,5.016327940455756,11.293820371194116
2.52,2.7557734859476963,-0.04468021630338383,10.975606017956594,0.47132816093592,1.2905924689600038e-05,0.2509794651262471,511.69307905699833,-5.016382185476953,-4.786472626273589,697.5629286780459,5.221866041308198,9.834087310470725,643.3194237796009,-4.8077873478256645,-9.907710974735963,824.0498165332287,5.01257319623355,11.288036920239925
2.5300000000000002,2.754952343214616,-0.04423028935907401,10.975378888069745,0.4710637434991491,0.002582627326154376,0.25101716819111564,511.9946970871988,-4.950543878543545,-4.78801379309001,697.779178794951,5.2819607592466955,9.82422836349403,642.9842486479191,-4.811557000848509,-9.908559516964432,823.6458625652782,5.0032943864197215,11.283225986184979
2.54,2.7541767091092475,-0.04382577694144997,10.975155979663157,0.47082459998778203,0.0048801304378478716,0.25104855547715144,512.1338938077118,-4.897350238119436,-4.789521321319667,697.8431650111683,5.329959785120075,9.814525334657347,642.6001443164465,-4.8205987539384765,-9.909064990328506,823.2032077911788,4.989270043862682,11.279325672801972
2.5500000000000003,2.753447883679195,-0.04347410019146847,10.974936776783766,0.47061146901687123,0.006861522836990476,0.2510730781238368,512.1177501586022,-4.8572315887076005,-4.7909442052358076,697.7618319449252,5.365448845212562,9.80514695160891,642.1793862172593,-4.834155659330152,-9.909225467666998,822.733622467233,4.971272511980985,11.276260686028804
2.56,2.75276645974227,-0.04318075030592064,10.974720702032464,0.47042446655910114,0.008495255879188488,0.25109041946753907,511.9564399641491,-4.830293861135926,-4.792235970454616,697.5450594594283,5.388324534556288,9.796246257123066,641.733264395055,-4.851480453748891,-9.909046145052463,822.2477825329481,4.950051476812989,11.273946952751235
2.57,2.752132587997893,-0.042949283530004975,10.974507135983536,0.4702631901001943,0.009762027930148545,0.25110048360714504,511.66278250877707,-4.816336645923958,-4.793356207697644,697.2052535616573,5.398778525294745,9.787958551480248,641.2719874557513,-4.871850948772904,-9.908538721049423,821.7552137364377,4.926320746069523,11.272295857035335
2.58,2.751546203281398,-0.042781361814800876,10.97429543637248,0.4701268219994517,0.010654340610085142,0.25110337993267456,511.25176259728903,-4.814877475925461,-4.794271793170523,696.7569015565215,5.397275528696788,9.780399787929147,640.804634280113,-4.894582267538583,-9.907720719924617,821.2642787338809,4.900748165466428,11.271218008332042
2.59,2.751007205229258,-0.04267683724826159,10.974084956610891,0.4700142283775975,0.011175751127905907,0.25109940420207777,510.740032498153,-4.825181294290437,-4.794957752239908,696.216104948396,5.384525974913457,9.773665427870858,640.339147003252,-4.919036050367476,-9.90661478587152,820.7821999857808,4.873948473154643,11.270626476482173
2.6,2.7505155892830424,-0.04263387742283121,10.97387506320997,0.46992405048109215,0.011339868947421606,0.2510890167253081,510.1454095084129,-4.846294007985863,-4.795397745945774,695.6001031965473,5.361454443966018,9.76782975345865,639.8823582913526,-4.944626835484911,-9.905247965808625,820.3151110696529,4.846478822509715,11.27043944912727
2.61,2.7500715266500877,-0.042649127760613,10.973665151727339,0.4698547861307842,0.011169148282754799,0.25107281821284005,509.4863819110983,-4.877079004536156,-4.7955841819470235,694.9268007322265,5.329164918318751,9.762945626274954,639.4400457902138,-4.970825886147889,-9.903650990410465,819.8681291297779,4.818836652100645,11.27058228808888
2.62,2.749675394441053,-0.04271790561124214,10.973454660897156,0.4698048595328857,0.010693529343146244,0.25105152386244783,508.7816348724864,-4.916255518220003,-4.795517971373984,694.214308678105,5.288903933354017,9.759044672108324,639.0170067413765,-4.9971627822572025,-9.901857557232178,819.4454415497879,4.791459548844468,11.270988981971453
2.63,2.7493277596029135,-0.04283441980566499,10.973243084660504,0.4697726783930965,0.009948980965480423,0.2510259362855246,508.0496064014266,-4.9624377689524435,-4.795207969688737,693.480511523032,5.242022679462554,9.756137864037246,638.6171461204111,-5.023225123601871,-9.899903616257017,819.0504005176547,4.764726735081881,11.271603012124112
2.64,2.749029322354987,-0.042992008415799476,10.973029981880682,0.46975667791275033,0.008975995453108605,0.25099691790384604,507.3080819213094,-5.014173859206106,-4.794670152328209,692.74266764598,5.189939061194304,9.754216469361243,638.2435722050033,-5.048656704517707,-9.897826656828109,818.6856199059416,4.738961810968389,11.272377667556661
2.65,2.748780826526657,-0.04318338683494512,10.972814983603593,0.46975535184245604,0.007818083279944347,0.25096536347092113,506.5738343417272,-5.069983497884067,-4.793926584273203,692.0170511014734,5.134100648320594,9.75325332060267,637.8986941834531,-5.073154517589384,-9.895664995413046,818.3530697627897,4.71443639815794,11.273275860839192
2.66,2.7485829454224553,-0.04340089802246622,10.972597797803791,0.46976727130808443,0.006520311039170488,0.2509321733813897,505.86231481397584,-5.128393721073932,-4.793004246733255,691.3186405222625,5.075949364363785,9.753204366905491,637.5843172228958,-5.096464929078836,-9.893457065549299,818.0541646516126,4.691374356953215,11.27426951086207
2.67,2.7484361525641967,-0.0436367568770375,10.972378211637919,0.46979109259148905,0.0051279208489827775,0.2508982284213852,505.18739766145893,-5.187971893961974,-4.791933784142522,690.6608594087464,5.016888653969154,9.754010459636183,637.3017312892476,-5.118379343177882,-9.89124071412051,817.7898430433237,4.669956284429566,11.275338569121512
2.68,2.7483405868709427,-0.04388328120755205,10.972156091305369,0.4698255554311067,0.0036850636108462366,0.250864366578546,504.5611813375024,-5.247355401718834,-4.7907482311439935,690.0553705005641,4.9582537552884665,9.755599324718748,637.0517909084041,-5.138729638245909,-9.889052511297887,817.5606359118992,4.65032404296517,11.276469773580052
2.69,2.7482959215548974,-0.04413310261961882,10.971931379687371,0.4698694736949844,0.002233672282827542,0.2508313624708672,503.9938457183736,-5.305277565832656,-4.789481772895863,689.5119254019036,4.901285581134451,9.75788767403468,636.8349839456047,-5.157383618181022,-9.886927084561401,817.3667235756303,4.63258511462411,11.27765521792865
2.7,2.748301245280894,-0.04437935176338928,10.971704091997207,0.4699217204634295,0.000812494905733889,0.2507999098696248,503.49356462155714,-5.360589452309494,-4.788168583662444,689.038269192313,4.847108586744198,9.760783408894785,636.6514883265356,-5.174240678192222,-9.884896489783303,817.2079806324663,4.616816624573583,11.278890824210697
2.71,2.748354963026442,-0.044615813713647375,10.971474309723275,0.46998120963685125,-0.0005436992886899435,0.25077060768612924,503.06647117504906,-5.412277365835882,-4.786841779081781,688.640098428185,4.796712876025511,9.764187869963354,636.5012164036604,-5.189227838582944,-9.88298963409241,817.0840095354602,4.603068924018849,11.280174803382298
2.72,2.7484547226733023,-0.04483705068631344,10.971242173182041,0.4700468761574058,-0.0018047335626622178,0.25074394966986496,502.7166725723205,-5.459475946221259,-4.785532507526392,688.3210697509446,4.750940675355975,9.767998089941019,636.3838473637148,-5.202296254611049,-9.881231765938246,816.9941639276481,4.591368668126316,11.281506181761591
2.73,2.748597371753465,-0.045038490747841525,10.971007873018637,0.47011765680647777,-0.0029454558622372955,0.25072031793285127,502.4463098424191,-5.501476897470714,-4.7842691962890145,688.082855285572,4.710477187227225,9.772109007680438,636.2988486613453,-5.213418266738379,-9.879644047344492,816.9375632960497,4.581721365522872,11.282883461887373
2.74,2.7487789470592277,-0.045216482564074595,10.970771640999105,0.47019247332426656,-0.0039459935561182305,0.2506999802788213,502.25565755177894,-5.5377334834113,-4.783076959493814,687.9252401514948,4.675845727765083,9.776415605160167,636.2454879384863,-5.222585015062786,-9.878243221794204,816.91310080952,4.574113411983937,11.28430347460586
2.75,2.748994698101634,-0.04536831749443826,10.970533740431508,0.4702702193075176,-0.004791839485975805,0.2506830911833357,502.14325783389035,-5.567861015141173,-4.781977167054137,687.8462567262286,4.647406954504385,9.780814931842308,636.2228372432836,-5.229804605595689,-9.87704138863474,816.9194463786656,4.568513651003137,11.285760465864627
2.7600000000000002,2.7492391437479724,-0.045492221413706194,10.97029445653417,0.4703497519950013,-0.005473782115682951,0.250669696149129,502.1060828098491,-5.5916336334228545,-4.780987167899887,687.8423498043777,4.625361905415348,9.785207984383563,636.229771594434,-5.2351007852168285,-9.876045891511836,816.9550470263652,4.564874527546337,11.287245447393762
2.77,2.749506159858907,-0.045587319502639126,10.970054087040987,0.4704298896683787,-0.005987695845815542,0.25065973905587247,502.1397193070478,-5.608977752729727,-4.78012015615141,687.9085664798986,4.6097584982889295,9.78950141345587,636.2649640495624,-5.238512057220756,-9.87525932438119,817.0181265971793,4.563132918246115,11.288745825893418
2.7800000000000002,2.7497890944355,-0.045653577874010726,10.969812933297584,0.4705094150004471,-0.006334210067629833,0.2506530720398723,502.2385697913627,-5.6199625826517385,-4.779385165855565,688.0387644425398,4.600501081992281,9.793609033557022,636.3268794362099,-5.240091150728876,-9.8746796543746,817.1066866784793,4.5632107316847526,11.290245311194687
2.79,2.7500809057163003,-0.04569172629152308,10.969571292061127,0.47058708429501495,-0.006518277267353173,0.2506494673801695,502.39606358332605,-5.624788176896766,-4.778787178153497,688.2258324102588,4.597362588145804,9.797453116133083,636.4137688011872,-5.239904744977874,-9.8743004564962,817.2185103727895,4.565015376593595,11.291724090731673
2.8000000000000003,2.75037431785976,-0.045703166409195056,10.969329448172523,0.4706616422028859,-0.006548661479516714,0.25064863083453415,502.6048727124257,-5.623771480653628,-4.778327324081614,688.4619166050844,4.599998803427486,9.800965451053585,636.5236664414199,-5.2380333434723925,-9.874111251061695,817.3511702679632,4.568440194319678,11.29315924608441
2.81,2.750661988317719,-0.04568986993177192,10.969087668225168,0.47073184118392886,-0.006437368669476034,0.25065021586172465,502.857127155742,-5.617330854419955,-4.778003166352418,688.7386475035154,4.607964268535603,9.80408816640989,636.654391112184,-5.234571192855086,-9.874097931204975,817.5020416179151,4.573364945490043,11.294525377739477
2.82,2.750936680749229,-0.04565427090347323,10.968846195310746,0.47079646472963477,-0.006199040259115577,0.250653838183369,503.1446246870461,-5.60596954760334,-4.777809044158086,689.0473615352086,4.620729309083749,9.806774301665017,636.8035526836248,-5.229626146568633,-9.874243264851915,817.6683213894594,4.579656430253653,11.29579539685899
2.83,2.7511914373275834,-0.045599156007653685,10.968605244881715,0.4708543531733157,-0.005850330068225628,0.25065909017691523,503.459031109747,-5.590258579537211,-4.777736466055841,689.3793129444896,4.63769771530087,9.808988134262869,636.9685651515325,-5.223319383260428,-9.874527453434613,817.8470534674736,4.587169307706695,11.296941437907204
2.84,2.751419744535084,-0.045527556339226685,10.968365001732781,0.4709044308010752,-0.005409283509312492,0.2506655546463768,503.79206724170444,-5.570819460430087,-4.77777453714478,689.7258716460664,4.65822461005544,9.81070526479239,637.14666652153,-5.215784903605803,-9.874928728364923,818.0351599560164,4.595747164002795,11.297935843484954
2.85,2.7516156869919475,-0.04544264362892264,10.968125618071094,0.47094573293631625,-0.004894736034357616,0.25067281758559484,504.1356796430376,-5.548307151684639,-4.7779104079001335,690.078703576994,4.681634076929009,9.811912470578491,637.3349456947552,-5.2071687458993825,-9.875423965917332,818.2294781808317,4.605223861138152,11.298752172573666
2.86,2.751774084493809,-0.04534763338411696,10.967887212617175,0.4709774317002708,-0.004325745680329199,0.2506804796248051,504.4821927120584,-5.523393625536777,-4.778129733116206,690.4299307493507,4.707236160199191,9.812607342016356,637.5303761042856,-5.197627879451772,-9.875989301646545,818.4268026999721,4.615425180335809,11.299366185395098
2.87,2.7518906082004135,-0.04524569689098963,10.967649870656142,0.47099885924375323,-0.0037210721884470173,0.2506881659309281,504.8244404033814,-5.496752339621159,-4.778417130397725,690.7722689211809,4.734342894951615,9.812797719968101,637.72985549995,-5.187328754579834,-9.876600726696406,818.6239313731228,4.626170756132808,11.29975676196914
2.88,2.751961872787593,-0.04513988351792134,10.967413644941518,0.4710095273913591,-0.003098712670277108,0.25069553441110654,505.15587643208744,-5.469043894372527,-4.778756628540569,691.0991415076143,4.762283076410467,9.812500956003355,637.9302509676131,-5.1764455078782134,-9.877234650219306,818.8177143335845,4.637276280423819,11.299906716859372
2.89,2.751985502306456,-0.04503305428582867,10.967178557341507,0.4710091428270343,-0.0024755012468259496,0.2507022821441051,505.47066240614953,-5.440903091579353,-4.779132096991226,691.4047690319892,4.7904155312516465,9.811743020106201,638.128448007865,-5.1651578406533005,-9.877868414467862,819.0051045539848,4.64855594042951,11.29980347915329
2.9,2.7519601684500707,-0.04492782723826742,10.96694460110989,0.4709976171668261,-0.0018667775731940996,0.250708150032525,505.7637338661689,-5.412927562241099,-4.779527648417108,691.6842340531757,4.818140708537532,9.81055748262876,638.3214022961812,-5.153648606115835,-9.878480751784926,819.1832086003858,4.6598250413656945,11.299439614043678
2.91,2.7518856008723684,-0.04482653475902236,10.966711743659971,0.47097507149792056,-0.0012861267507876244,0.2507129257283763,506.03084469839496,-5.385668082388884,-4.779928007301683,691.9335220873545,4.844910462475427,9.808984398710574,638.5061926068386,-5.142101156518752,-9.879052175537794,819.3493361295613,4.6709027538613395,11.298813170072115
2.92,2.7517625701042303,-0.04473119265053693,10.966479929720071,0.47094183520059607,-0.0007451908815729634,0.2507164449342016,506.2685908179871,-5.359620647782448,-4.780318838438809,692.1495395603098,4.870235952106727,9.807069124086329,638.6800733086527,-5.130696514351552,-9.879565299870734,819.5010466994365,4.681614918195187,11.297927843810246
2.93,2.751592844438612,-0.0446434805032722,10.96624908475214,0.4708984391003562,-0.0002535504837831066,0.25071859122111967,506.4744143900055,-5.335220333352931,-4.780687030261026,692.3301102724919,4.893693633087892,9.804861091183641,638.8405248312074,-5.1196104415923145,-9.880005085848508,819.6361925296152,4.691796832340667,11.29679296117067
2.94,2.7513791228872377,-0.04456473265245543,10.966019118520887,0.47084560321166474,0.00018132779580403753,0.2507192945339565,506.64659016335344,-5.312836921695984,-4.781020929104115,692.4739522291333,4.914929362941134,9.802412573699693,638.9853005532095,-5.109010487605814,-9.880359014029082,819.7529559628928,4.701295948678741,11.295423281390537
2.95,2.7511249469272556,-0.044495938832070814,10.965789928708734,0.47078421952461896,0.0005540822441714949,0.2507185285726015,506.7841957368984,-5.2927722474716,-4.7813105217730225,692.5806369793581,4.9336606827249945,9.7997774664925,639.1124686745338,-5.099053099480333,-9.880617185651934,819.8498805335704,4.7099744049939325,11.293838635804596
2.96,2.750834594245806,-0.04443775349315576,10.965561404481576,0.4707153304457466,0.0008613922019993954,0.25071630724878813,506.88706775806315,-5.2752591717038495,-4.781547565104976,692.6505338217577,4.949677374409822,9.797010105702473,639.2204477939244,-5.089880878432096,-9.880772356412473,819.9258947373235,4.7177113188606175,11.292063418668967
2.97,2.750512958046811,-0.04439051265109416,10.965333429921255,0.4706401036300357,0.001101866435704072,0.250712680419782,506.9557461743011,-5.260462072021355,-4.781725662586188,692.6847413714852,4.962840423930581,9.794164151614314,639.3080351167415,-5.081620062544589,-9.880819908189599,819.9803278125702,4.724404780511337,11.29012595141158
2.98,2.750165415707309,-0.04435425706129263,10.965105887252497,0.470559804031383,0.0012758915704017264,0.2507077290962277,506.9914087204263,-5.248478712004623,-4.7818402894229,692.6850090496443,4.973079544718095,9.791291553976107,639.3744264524311,-5.074378309810501,-9.880757765107681,820.0129170766786,4.7299734874541866,11.288057744729292
2.99,2.749797690663973,-0.04432876049119198,10.964878659804425,0.4704757640526372,0.0013854487217289117,0.2507015603119215,506.9957978338705,-5.2393433350596545,-4.781888768745877,692.6536510550482,4.9803894354311655,9.788441616410216,639.4192274196276,-5.068242846571092,-9.880586260971231,820.0238066036095,4.734357974103764,11.285892684923118
3.0,2.749415711429202,-0.04431356184593729,10.964651634658757,0.4703893527044796,0.0014339065907249073,0.2506943018311947,506.97114217388014,-5.233030814070839,-4.781870202847648,692.5934553443212,4.9848249603846035,9.785660173503032,639.4424555503329,-5.063279035685653,-9.880307965526999,820.0135372800476,4.737521401036949,11.28366617207051
