time_s,ay_mps2,ax_mps2,speed_mps,roll_deg,pitch_deg,yaw_rate_radps,Fz_FL,jounce_FL_mm,geometric_FL_n,Fz_FR,jounce_FR_mm,geometric_FR_n,Fz_RL,jounce_RL_mm,geometric_RL_n,Fz_RR,jounce_RR_mm,geometric_RR_n
0.0,0.0,0.0,15.0,0.0,0.0,0.0,598.5082183333004,-0.0,0.0,598.5082183333004,-0.0,0.0,731.5100446295896,-0.0,-0.0,731.5100446295896,-0.0,0.0
0.01,1.5564457453646112e-18,1.1169533421866411e-18,15.0,-7.690214185456993e-20,6.525848523229256e-18,-8.36050385059357e-22,598.5082183333004,-0.0,4.612309176578372e-17,598.5082183333004,-0.0,5.424656355314361e-17,731.5100446295896,-0.0,-7.688233257189539e-17,731.5100446295896,-0.0,-6.585622092129771e-17
0.02,2.7945401668247537e-18,4.467813361824715e-18,15.0,-3.0751118349069575e-19,2.6103394052475815e-17,-5.043696727749423e-22,598.5082183333004,-0.0,9.319550574517024e-17,598.5082183333004,-0.0,1.0754380448257996e-16,731.5100446295896,-0.0,-1.525853805282008e-16,731.5100446295896,-0.0,-1.328917258749642e-16
0.03,3.787364886569916e-18,1.0052580051914078e-17,15.0,-6.917286395933165e-19,5.873263654684105e-17,4.8812006147583005e-22,598.5082183333004,-0.0,1.410022928658992e-16,598.5082183333004,-0.0,1.6010667203859926e-16,731.5100446295896,-0.0,-2.2734251597509485e-16,731.5100446295896,-0.0,-2.008731430080021e-16
0.04,4.590457542412855e-18,1.787125340864091e-17,15.0,-1.2295008532226703e-18,1.0441357598404254e-16,1.8204979679349935e-21,598.5082183333004,-0.0,1.8938348965774226e-16,598.5082183333004,-0.0,2.1209512980413666e-16,731.5100446295896,-0.0,-3.0133522712658826e-16,731.5100446295896,-0.0,-2.696189842666843e-16
0.05,5.2462317371133864e-18,2.79238334301902e-17,15.0,-1.9208022887967836e-18,1.6314621235347598e-16,3.2936021058350794e-21,598.5082183333004,-0.0,2.382193506797466e-16,598.5082183333004,-0.0,2.6362892329008995e-16,731.5100446295896,-0.0,-3.747050706533351e-16,731.5100446295896,-0.0,-3.389876930798273e-16
0.06,5.787225241209974e-18,4.021032011597232e-17,15.0,-2.76562465103132e-18,2.349305456516965e-16,4.787303402023025e-21,598.5082183333004,-0.0,2.874197319410139e-16,598.5082183333004,-0.0,3.1479819652954665e-16,731.5100446295896,-0.0,-4.475627441788198e-16,731.5100446295896,-0.0,-4.0886857188394523e-16
0.07,6.3582419207855054e-18,5.474198465202996e-17,15.0,-3.764746177366629e-18,3.198324282737984e-16,6.12646161949084e-21,598.5082183333004,-0.0,3.40102232743519e-16,598.5082183333004,-0.0,3.69490229865551e-16,731.5100446295896,-0.0,-5.254009478983894e-16,731.5100446295896,-0.0,-4.837307598936884e-16
0.08,5.636222139898005e-19,7.098837003226585e-17,15.0,-4.9154429767792775e-18,4.147526420706159e-16,4.1533607150164445e-20,598.5082183333004,-0.0,3.70815578758057e-16,598.5082183333004,-0.0,3.653861888550552e-16,731.5100446295895,-0.0,-5.417779384888885e-16,731.5100446295895,-0.0,-5.388808986736441e-16
0.09,5.0669206891191395e-17,8.808597438061006e-17,15.0,-1.1405048400120445e-17,5.14646139742568e-16,-2.4795724069526614e-19,598.5082183333005,-0.0,2.7386715392721644e-16,598.5082183333004,-0.0,5.543804606327408e-16,731.5100446295896,-0.0,-6.860652352189374e-16,731.5100446295895,-0.0,-3.6762281545965873e-16
0.1,-1.7694217215094517e-17,1.0642733255596636e-16,15.0,-1.5070985019157307e-17,6.218063232900265e-16,2.38887268943887e-19,598.5082183333005,-0.0,4.84894295000706e-16,598.5082183333005,-0.0,3.55751603834814e-16,731.5100446295895,-0.0,-4.770310544740305e-16,731.5100446295895,-0.0,-5.942889503810344e-16
0.11,-1.3131042702842093e-17,1.2442798245970082e-16,15.0,-1.581514760457818e-17,7.269759039293434e-16,1.5874232262667306e-19,598.5082183333005,-0.0,4.652087331119828e-16,598.5082183333005,-0.0,3.6733091262922925e-16,731.5100446295896,-0.0,-4.822438727867038e-16,731.5100446295895,-0.0,-5.775479980197325e-16
0.12,-6.97138845312559e-17,1.4228248275884197e-16,15.0,-1.623654186694493e-17,8.312915991418629e-16,5.336333391040093e-19,598.5082183333004,-0.0,6.381903562487112e-16,598.5082183333005,-0.0,2.0614774131591867e-16,731.5100446295895,-0.0,-3.103563836305303e-16,731.5100446295896,-0.0,-7.662144024903258e-16
0.13,-8.086828773104357e-17,1.599820160397242e-16,15.0,-1.6486481829666212e-17,9.347018928044173e-16,5.994889828627172e-19,598.5082183333004,-0.0,6.631132431229002e-16,598.5082183333005,-0.0,1.6580643446635599e-16,731.5100446295895,-0.0,-2.6328380954591694e-16,731.5100446295896,-0.0,-7.913600011614808e-16
0.14,5.164007063460927e-17,1.777425636192951e-16,15.0,-1.295876636736934e-17,1.0384686651630417e-15,-4.1912641232032214e-19,598.5082183333005,-0.0,2.6140343378861084e-16,598.5082183333004,-0.0,5.626020374961971e-16,731.5100446295896,-0.0,-6.75125770948542e-16,731.5100446295895,-0.0,-3.725294066183395e-16
0.15,5.628690134543207e-17,1.9471946368028213e-16,15.0,-1.1106147348091976e-17,1.1376569427817951e-15,-4.7654492669653945e-19,598.5082183333005,-0.0,2.3647552636583946e-16,598.5082183333004,-0.0,5.692150144941689e-16,731.5100446295896,-0.0,-6.765062952573935e-16,731.5100446295895,-0.0,-3.4510269665848035e-16
0.16,-5.45465623927255e-17,2.1149197903160522e-16,15.0,-1.3931006816067942e-17,1.2356510938373743e-15,3.8330906752159257e-19,598.5082183333004,-0.0,5.691923610603692e-16,598.5082183333005,-0.0,2.332409741024972e-16,731.5100446295895,-0.0,-3.274308113357909e-16,731.5100446295896,-0.0,-6.895460153289184e-16
0.17,-8.455904038430028e-17,2.292021011917144e-16,15.0,-1.0796593034991143e-17,1.339123253487751e-15,5.657504835681961e-19,598.5082183333004,-0.0,6.723376974791096e-16,598.5082183333005,-0.0,1.6352528056259112e-16,731.5100446295895,-0.0,-2.5679598864319354e-16,731.5100446295896,-0.0,-8.077220879456742e-16
0.18,9.718885524769694e-17,2.4697721946505994e-16,15.0,-2.320000267175607e-18,1.4429751557590227e-15,-8.535508806384182e-19,598.5082183333005,-0.0,1.1733926933800416e-16,598.5082183333004,-0.0,7.090484634667527e-16,731.5100446295896,-0.0,-8.402173980867489e-16,731.5100446295895,-0.0,-2.4982969724140106e-16
0.19,6.10688090213023e-17,2.647745164962328e-16,15.0,-1.1307671665926056e-17,1.5469566383883524e-15,-3.992986277267316e-19,598.5082183333005,-0.0,2.6258059848690163e-16,598.5082183333005,-0.0,6.123175590846972e-16,731.5100446295896,-0.0,-6.946273878025596e-16,731.5100446295895,-0.0,-3.194739131421264e-16
0.2,-1.0519890497943736e-16,2.823424473776606e-16,15.0,-1.575408007213837e-17,1.6495980393033806e-15,8.426232306693381e-19,598.5082183333004,-0.0,7.271873110587872e-16,598.5082183333005,-0.0,7.853147389597496e-17,731.5100446295895,-0.0,-1.907035936980977e-16,731.5100446295896,-0.0,-8.622669351079623e-16
0.21,-1.174009087776139e-16,3.000664204754081e-16,15.0,-1.4092253675002777e-17,1.7531511236598469e-15,8.697718696955173e-19,598.5082183333004,-0.0,7.807768599469638e-16,598.5082183333005,-0.0,6.688973580724012e-17,731.5100446295895,-0.0,-1.5327630454706888e-16,731.5100446295896,-0.0,-9.069100459203697e-16
0.22,-7.77780787967539e-17,3.1872731030279365e-16,15.0,-1.7584616347049143e-17,1.8621781847936495e-15,6.158587371129052e-19,598.5082183333012,5.551115123125783e-14,6.764640232553175e-16,598.5082183333004,-0.0,1.9254529940307443e-16,731.5100446295895,-0.0,-2.978899990951194e-16,731.5100446295896,-0.0,-8.029073225944453e-16
0.23,2.7294596006718863e-16,3.3459771071340806e-16,15.0,-2.560785900480201e-17,1.954901690038651e-15,-1.8129808207892396e-18,598.508218333301,5.551115123125783e-14,-5.406808642825398e-16,598.508218333301,5.551115123125783e-14,1.0481197013239088e-15,731.5100446295896,-0.0,-1.2921712525267775e-15,731.5100446295895,-0.0,4.1112691687083846e-16
0.24,1.8226225739352605e-16,3.4289089487531163e-16,15.0,-5.009466043495486e-17,2.0033549795107757e-15,-9.594267784451328e-19,598.508218333301,5.551115123125783e-14,-5.501288746867564e-16,598.508218333301,5.551115123125783e-14,4.584543042706308e-16,731.5100446295896,-0.0,-9.512133409194392e-16,731.5100446295896,-0.0,1.7366879027549472e-16
0.25,1.0551473522913886e-16,3.433501132425003e-16,15.0,-7.349846142545867e-17,2.0060379828110665e-15,-3.1956111044632387e-19,598.508218333301,5.551115123125783e-14,-6.024004265657155e-16,598.508218333301,5.551115123125783e-14,-7.892663867069316e-17,731.5100446295896,-0.0,-6.706468836494265e-16,731.5100446295896,-0.0,-4.8846662637765884e-17
0.26,-1.5572574833632267e-16,3.3683076186362315e-16,15.0,-8.246358770631044e-17,1.9679483885895477e-15,1.3868122868161059e-18,598.5082183333009,5.551115123125783e-14,-4.621014759564781e-17,598.5082183333009,5.551115123125783e-14,-1.0687593526731703e-15,731.5100446295896,-0.0,2.156926779108615e-16,731.5100446295896,-0.0,-8.39597207064866e-16
0.27,-1.6704821394412385e-16,3.242222930600632e-16,15.0,-9.284067453965958e-17,1.8942828607521773e-15,1.4010703765309346e-18,598.508218333301,5.551115123125783e-14,-2.223477461670604e-16,598.5082183333002,-0.0,-1.3144822525934666e-15,731.5100446295896,-0.0,2.8854912392400973e-16,731.5100446295896,-0.0,-8.595404647860097e-16
0.28,-1.0082189082540732e-15,3.085861574432361e-16,15.0,-3.8432872129229104e-17,1.8029280577625343e-15,6.528855181265115e-18,598.5082183333003,-0.0,2.1590856820648443e-15,598.5082183333003,-0.0,-3.805784020674883e-15,731.5100446295895,-0.0,2.9510222465209818e-15,731.5100446295896,-0.0,-3.532580327970769e-15
0.29,-1.8847421735056654e-16,2.9482766656467684e-16,15.0,2.1949710421511913e-17,1.7225434758909793e-15,1.6675045536962965e-19,598.5082183333003,-0.0,-2.027664454472841e-16,598.5082183333003,-0.0,-1.1901726496732835e-15,731.5100446295895,-0.0,2.751084497300893e-16,731.5100446295896,-0.0,-1.0260449763654949e-15
0.3,-9.088100221871597e-17,2.850679210811221e-16,15.0,5.267496804366363e-17,1.6655217380570042e-15,-4.0232256513912412e-19,598.5082183333003,-0.0,-3.672723714332905e-16,598.5082183333003,-0.0,-7.617214831107885e-16,731.5100446295895,-0.0,-1.112991860516367e-16,731.5100446295896,-0.0,-7.410576296078046e-16
0.31,7.326483699228876e-17,2.7895320782312743e-16,15.0,7.355284791945632e-17,1.6297962596708295e-15,-1.3228358046815712e-18,598.5082183333003,-0.0,-7.261523113463907e-16,598.5082183333004,-0.0,-1.5179221333965417e-16,731.5100446295896,-0.0,-6.948823845443031e-16,731.5100446295896,-0.0,-2.3212509350519707e-16
0.32,-9.283512708000868e-17,2.7629446229216186e-16,15.0,9.813884148970932e-17,1.6142624231697207e-15,-2.890643000338677e-20,598.5082183333003,-0.0,-1.6571800885563878e-16,598.5082183333004,-0.0,-5.69750136094438e-16,731.5100446295895,-0.0,-2.623044706928031e-16,731.5100446295896,-0.0,-8.009039107154804e-16
0.33,7.289698913777667e-17,2.757326054316227e-16,15.0,1.164491245085046e-16,1.6109797500041278e-15,-1.0331939823148762e-18,598.5082183333004,-0.0,-6.171690390785038e-16,598.5082183333004,-0.0,-3.730039020254453e-17,731.5100446295895,-0.0,-8.600863181558958e-16,731.5100446295896,-0.0,-3.0911614731235443e-16
0.34,2.6702449894378183e-16,2.7598866210375543e-16,15.0,1.1598640279162286e-16,1.6124757722573307e-15,-2.0562696932627322e-18,598.5082183333004,-0.0,-1.1886268969182004e-15,598.5082183333004,-0.0,5.104221076262764e-16,731.5100446295895,-0.0,-1.507092955937116e-15,731.5100446295895,-0.0,3.1000936279439495e-16
0.35000000000000003,2.036591388434229e-16,2.761172373352239e-16,15.0,1.0676159251908965e-16,1.6132269786441253e-15,-1.290927649436126e-18,598.5082183333004,-0.0,-9.811232093429217e-16,598.5082183333004,-0.0,3.0291815126468113e-16,731.5100446295895,-0.0,-1.3200921481893932e-15,731.5100446295895,-0.0,1.230089372953709e-16
0.36,1.565441952278345e-16,2.7624580767225943e-16,15.0,9.7605642302591e-17,1.6139781564349825e-15,-7.865645005246031e-19,598.5082183333004,-0.0,-8.292183153851901e-16,598.5082183333004,-0.0,1.5101308017580354e-16,731.5100446295895,-0.0,-1.1754396126101032e-15,731.5100446295895,-0.0,-2.1643346380657297e-17
0.37,1.2130517656048044e-16,2.763743747950731e-16,15.0,8.849491315799488e-17,1.6147293154466085e-15,-4.567880784334299e-19,598.5082183333004,-0.0,-7.170960798064674e-16,598.5082183333004,-0.0,3.8890728780381295e-17,731.5100446295895,-0.0,-1.0627744450555777e-15,731.5100446295895,-0.0,-1.343083492289446e-16
0.38,9.479678921259014e-17,2.765029398257708e-16,15.0,7.94136181108195e-17,1.6154804622349564e-15,-2.4336595392074887e-19,598.5082183333004,-0.0,-6.335889906984572e-16,598.5082183333004,-0.0,-4.461643528097481e-17,731.5100446295895,-0.0,-9.74397012977916e-16,731.5100446295895,-0.0,-2.226856747133129e-16
0.39,7.474511928862797e-17,2.7663150351064195e-16,15.0,7.035125757549525e-17,1.6162316011602532e-15,-1.0713257730518921e-19,598.5082183333004,-0.0,-5.7077781843616e-16,598.5082183333004,-0.0,-1.074276553881121e-16,731.5100446295895,-0.0,-9.045519192334563e-16,731.5100446295895,-0.0,-2.9253070041625933e-16
0.4,5.949683936558197e-17,2.767600663435114e-16,15.0,6.130088389924904e-17,1.616982735107694e-15,-2.1815459654599342e-20,598.5082183333004,-0.0,-5.230206124648051e-16,598.5082183333004,-0.0,-1.551848913226368e-16,731.5100446295895,-0.0,-8.489126018910741e-16,731.5100446295895,-0.0,-3.481699751471617e-16
0.41000000000000003,4.784279102004417e-17,2.7688862864909217e-16,15.0,5.22579286786142e-17,1.617733865974427e-15,3.01532673166089e-20,598.5082183333004,-0.0,-4.862777894697313e-16,598.5082183333004,-0.0,-1.9192773256900505e-16,731.5100446295895,-0.0,-8.042088384109263e-16,731.5100446295895,-0.0,-3.928737126716226e-16
0.42,3.8893392086018253e-17,2.770171906392114e-16,15.0,4.3219411704824976e-17,1.6184849949980623e-15,6.047563177019595e-20,598.5082183333004,-0.0,-4.57641760933247e-16,598.5082183333004,-0.0,-2.2056377175463133e-16,731.5100446295895,-0.0,-7.67955997365838e-16,731.5100446295895,-0.0,-4.2912653857226024e-16
0.43,3.1990263088728446e-17,2.7714575245066193e-16,15.0,3.4183408430332506e-17,1.6192361229778183e-15,7.690965622429112e-20,598.5082183333004,-0.0,-4.350081246494102e-16,598.5082183333004,-0.0,-2.431974138100588e-16,731.5100446295895,-0.0,-7.382570925760441e-16,731.5100446295895,-0.0,-4.588254351541105e-16
0.44,2.664325059453234e-17,2.7727431417062165e-16,15.0,2.5148692345086343e-17,1.619987250423035e-15,8.456866847940961e-20,598.5082183333004,-0.0,-4.16845045327526e-16,598.5082183333004,-0.0,-2.6136049582177054e-16,731.5100446295895,-0.0,-7.136572022456104e-16,731.5100446295895,-0.0,-4.834253216592652e-16
0.45,1.8199083266651242e-17,2.774250646012537e-16,15.0,1.6170893607581328e-17,1.62086801637624e-15,1.1757090635160964e-19,598.5082183333004,-0.0,-3.9351593963014096e-16,598.5082183333004,-0.0,-2.9313791412683077e-16,731.5100446295895,-0.0,-7.03081410297083e-16,731.5100446295895,-0.0,-5.409964127179491e-16
0.46,4.1297509654498773e-17,2.766672874840963e-16,15.0,6.083038702487783e-18,1.6164406705828538e-15,-6.634330755476638e-20,598.5082183332999,-5.551115123125783e-14,-2.802816161295383e-16,598.5082183332999,-5.551115123125783e-14,-4.908526766973094e-17,731.5100446295887,-5.551115123125783e-14,-2.9587422639196463e-16,731.5100446295887,-5.551115123125783e-14,-3.636946784228876e-18
0.47000000000000003,3.298978305835757e-17,2.741806701688203e-16,15.0,-5.091818901360899e-18,1.6019125006747334e-15,-9.655771050976032e-21,598.5082183332999,-5.551115123125783e-14,2.79089978719076e-17,598.5082183332999,-5.551115123125783e-14,2.0044504499574223e-16,731.5100446295887,-5.551115123125783e-14,3.0408776238898507e-16,731.5100446295887,-5.551115123125783e-14,5.292866222958964e-16
0.48,2.776828954516248e-17,2.709293750190461e-16,15.0,-1.6209150117459554e-17,1.5829166672317722e-15,2.4299860630559637e-20,598.5082183333004,-0.0,2.990596972224968e-16,598.5082183333004,-0.0,4.3133207585458043e-16,731.5100446295897,-0.0,7.390848618952727e-16,731.5100446295897,-0.0,9.167825129769234e-16
0.49,2.4461360353209567e-17,2.694388471924299e-16,15.0,-2.7451614962352636e-17,1.5742081935213904e-15,4.9459704848721243e-20,598.5082183333004,-0.0,2.816217129285036e-16,598.5082183333004,-0.0,3.843520818109735e-16,731.5100446295897,-0.0,5.242336149767911e-16,731.5100446295897,-0.0,6.670250284915674e-16
0.5,-1.3168478678296032e-16,2.708297096593581e-16,15.0,-3.476045490176712e-17,1.5823343680293148e-15,1.115639324318024e-18,598.5082183333004,-0.0,8.083716600546832e-16,598.5082183333004,-0.0,-1.9585825301080586e-17,731.5100446295896,-0.0,9.263758201352483e-16,731.5100446295896,-0.0,7.034303616851539e-17
0.51,-6.147197333305105e-17,2.7399654792528285e-16,15.0,-3.2435797683467835e-17,1.600836758451938e-15,4.422217513700266e-19,598.5082183333005,-0.0,6.078317374037168e-16,598.5082183333004,-0.0,2.1630463576907784e-16,731.5100446295896,-0.0,6.841817598976908e-16,731.5100446295896,-0.0,2.5297322547518314e-16
0.52,-8.346769363477539e-17,2.7798344301996835e-16,15.0,-3.5648378612301186e-17,1.6241303665940551e-15,5.94481376994823e-19,598.5082183333005,-0.0,6.82680268673488e-16,598.5082183333005,-0.0,1.576386513567431e-16,731.5100446295896,-0.0,7.009340490403137e-16,731.5100446295896,-0.0,1.2690317129713251e-16
0.53,-3.547882634638921e-17,2.833047788098166e-16,15.0,-3.318381392658494e-17,1.6552205025864905e-15,1.6638053545764358e-19,598.5082183333005,-0.0,5.66390868836625e-16,598.5082183333005,-0.0,3.3702217146185166e-16,731.5100446295896,-0.0,5.078300742339431e-16,731.5100446295896,-0.0,2.2941831871919227e-16
0.54,5.036933490859386e-17,2.891942360843557e-16,15.0,-3.412766707235947e-17,1.6896299130838277e-15,-4.550628845872647e-19,598.5082183333005,-0.0,2.79061792815449e-16,598.5082183333004,-0.0,5.601810201164521e-16,731.5100446295896,-0.0,1.5690046064960177e-16,731.5100446295896,-0.0,4.1754225827678696e-16
0.55,-6.801626100515899e-17,2.9543474806193987e-16,15.0,-3.4190270462739664e-17,1.7260903759652819e-15,3.8403814115936537e-19,598.5082183333005,-0.0,6.54533837882524e-16,598.5082183333005,-0.0,2.3150966495635474e-16,731.5100446295896,-0.0,5.646695931800519e-16,731.5100446295896,-0.0,7.898512373136755e-17
0.56,9.941193381806094e-17,3.0212848058957356e-16,15.0,-3.9816432858666513e-17,1.765198799639304e-15,-7.209663834221753e-19,598.5082183333005,-0.0,1.7139542074205618e-16,598.5082183333005,-0.0,7.30558752227941e-16,731.5100446295896,-0.0,-2.684301312191144e-17,731.5100446295896,-0.0,5.464500309944828e-16
0.5700000000000001,-1.9094424743904376e-16,3.095678090298261e-16,15.0,-3.2845943293697076e-17,1.808663399888942e-15,1.2181946212384846e-18,598.5082183333004,-0.0,9.928165902352386e-16,598.5082183333005,-0.0,-1.5669419199277856e-16,731.5100446295896,-0.0,8.270973913161165e-16,731.5100446295896,-0.0,-4.3601453413067383e-16
0.58,-3.7650617466062654e-16,3.1720377401887606e-16,15.0,-1.8215412709701776e-17,1.8532768577346106e-15,2.382602094728998e-18,598.5082183333011,5.551115123125783e-14,1.4878316022141946e-15,598.5082183333004,-0.0,-7.378530875207479e-16,731.5100446295896,-0.0,1.3645632413661673e-15,731.5100446295896,-0.0,-1.0678956504457007e-15
0.59,1.915189301269063e-16,3.227613264670299e-16,15.0,-2.4908649847107064e-19,1.8857470998358184e-15,-1.7747246351570718e-18,598.508218333301,5.551115123125783e-14,-3.6056228989144566e-16,598.508218333301,5.551115123125783e-14,8.183123781844449e-16,731.5100446295896,-0.0,-3.948038488764057e-16,731.5100446295896,-0.0,7.628604404150255e-16
0.6,1.5728209623527377e-16,3.2185857397146415e-16,15.0,-1.2123029020960465e-17,1.880472729083235e-15,-1.2362557218043307e-18,598.508218333301,5.551115123125783e-14,-5.521754348960829e-16,598.508218333301,5.551115123125783e-14,3.839367407966009e-16,731.5100446295896,-0.0,-2.7213857863331705e-16,731.5100446295896,-0.0,6.901847882868826e-16
0.61,-2.073437074431206e-16,3.1486457302836697e-16,15.0,-2.8484781215357177e-18,1.8396099741210424e-15,1.2768928924288811e-18,598.5082183333004,-0.0,4.368726188676285e-16,598.5082183333004,-0.0,-7.798012133186194e-16,731.5100446295896,-0.0,8.521153688412996e-16,731.5100446295896,-0.0,-4.818043751872545e-16
0.62,-1.5981759723443418e-16,3.0917568694605927e-16,15.0,1.875655962896349e-17,1.8063724095452755e-15,7.635704228889103e-19,598.5082183333004,-0.0,3.2809137548964e-16,598.5082183333004,-0.0,-5.706501346376842e-16,731.5100446295896,-0.0,6.274695940436246e-16,731.5100446295896,-0.0,-3.9989740984318626e-16
0.63,-1.2426208080515881e-16,3.0572071080644e-16,15.0,4.016195167455733e-17,1.786186561052815e-15,4.2903411529604096e-19,598.5082183333004,-0.0,2.5962523437186483e-16,598.5082183333004,-0.0,-4.0181422100623936e-16,731.5100446295896,-0.0,4.3498086595168467e-16,731.5100446295896,-0.0,-3.501474019104278e-16
0.64,-9.749781400077365e-17,3.044996434601046e-16,15.0,6.138386905163109e-17,1.7790524219282154e-15,2.1372122300319938e-19,598.5082183333004,-0.0,2.2014895434131118e-16,598.5082183333004,-0.0,-2.6196821033299887e-16,731.5100446295896,-0.0,2.669112586698015e-16,731.5100446295896,-0.0,-3.2481645524180916e-16
0.65,-8.595987610836846e-17,3.0548995853677816e-16,15.0,8.18753396730553e-17,1.784838380872561e-15,1.4981710640217904e-19,598.5082183333004,-0.0,2.2914785291383986e-16,598.5082183333004,-0.0,-1.689803791747022e-16,731.5100446295896,-0.0,1.443731639733854e-16,731.5100446295896,-0.0,-3.4576098934478765e-16
0.66,4.230394193549192e-16,3.084196346038759e-16,15.0,9.522534541620829e-17,1.8019551408247555e-15,-3.3715259662024784e-18,598.5082183333003,-0.0,-1.2957818401060148e-15,598.5082183333011,5.551115123125783e-14,1.3347639787674659e-15,731.5100446295896,-0.0,-1.5190058856888992e-15,731.5100446295896,-0.0,1.2287016321075042e-15
0.67,6.851896439799386e-16,3.110418268489235e-16,15.0,4.1456237800325416e-17,1.8172754131617066e-15,-4.305537514648055e-18,598.5082183333004,-0.0,-1.9973412598460345e-15,598.5082183333004,-0.0,2.0554898860529524e-15,731.5100446295896,-0.0,-2.4135732253717224e-15,731.5100446295896,-0.0,2.029592936895901e-15
0.68,5.707486489177258e-16,3.157421735884278e-16,15.0,-2.3005804994405177e-17,1.844737393595563e-15,-2.8380571091319237e-18,598.5082183333004,-0.0,-1.5425349733114434e-15,598.5082183333004,-0.0,1.7117903417578717e-15,731.5100446295896,-0.0,-2.1250411322812683e-15,731.5100446295895,-0.0,1.5914827560201998e-15
0.6900000000000001,-5.271340282648411e-16,3.2084983098748574e-16,15.0,-5.0837755708380035e-17,1.8745791042882853e-15,4.817086565535758e-18,598.5082183333011,5.551115123125783e-14,1.6517466118792125e-15,598.5082183333003,-0.0,-1.6303885146134717e-15,731.5100446295896,-0.0,1.363703053998221e-15,731.5100446295896,-0.0,-1.896716238260943e-15
0.7000000000000001,-7.218755010201379e-16,3.2176809116403635e-16,15.0,3.645068395759423e-18,1.879944079342079e-15,5.000128149840237e-18,598.5082183333009,5.551115123125783e-14,1.8947723019816705e-15,598.508218333301,5.551115123125783e-14,-2.3803675022832704e-15,731.5100446295896,-0.0,2.095659614161623e-15,731.5100446295896,-0.0,-2.4685454669302833e-15
0.71,3.3167670755462876e-16,3.163711108172481e-16,15.0,3.323684068888096e-17,1.8484119867328778e-15,-2.8564628566544484e-18,598.5082183333003,-0.0,-1.4050199445569372e-15,598.508218333301,5.551115123125783e-14,6.459151699219335e-16,731.5100446295896,-0.0,-1.230904020111452e-15,731.5100446295896,-0.0,8.409690367107387e-16
0.72,3.405280926469156e-16,3.101940997328504e-16,15.0,-5.535127350927008e-18,1.8123225305840897e-15,-2.2250382862655416e-18,598.5082183333004,-0.0,-1.3606941580857299e-15,598.5082183333003,-0.0,6.413053216780687e-16,731.5100446295896,-0.0,-1.3683584900381273e-15,731.5100446295896,-0.0,7.938876499610403e-16
0.73,2.4893611959548694e-16,3.0679094893707134e-16,15.0,-3.7612067388760265e-17,1.7924394739189976e-15,-1.256771784691837e-18,598.5082183333004,-0.0,-1.0012258637867791e-15,598.5082183333004,-0.0,3.978252894673876e-16,731.5100446295896,-0.0,-1.1605750925962707e-15,731.5100446295896,-0.0,4.211540322552821e-16
0.74,1.0172557545838483e-16,3.0540368920711084e-16,15.0,-6.621456229075888e-17,1.7843343485586355e-15,-9.633962048790189e-20,598.5082183333004,-0.0,-5.073474006866377e-16,598.5082183333004,-0.0,-1.8866918480630646e-17,731.5100446295896,-0.0,-7.351070750428728e-16,731.5100446295895,-0.0,-1.0488626036906148e-16
0.75,2.518085658229447e-16,3.057699737107809e-16,15.0,-9.876087848805144e-17,1.7864743817158644e-15,-1.0640731054147102e-18,598.5082183333004,-0.0,-9.061900368923075e-16,598.5082183333004,-0.0,4.3772845424603135e-16,731.5100446295896,-0.0,-1.2607290814909507e-15,731.5100446295895,-0.0,2.853980526201678e-16
0.76,-5.413952271815593e-16,3.062338073925681e-16,15.0,-1.0243402234602086e-16,1.789184350192604e-15,4.2030527885279465e-18,598.5082183333004,-0.0,1.3684381078986266e-15,598.5082183333004,-0.0,-1.9709238997156387e-15,731.5100446295895,-0.0,1.2580455224456238e-15,731.5100446295896,-0.0,-2.2464929313571427e-15
0.77,-2.5536624303750993e-16,3.07170979537068e-16,15.0,-8.479719282333328e-17,1.794659819242389e-15,1.726578068810438e-18,598.5082183333004,-0.0,5.79972928487346e-16,598.5082183333004,-0.0,-1.0003228869215978e-15,731.5100446295895,-0.0,3.6977078797547506e-16,731.5100446295896,-0.0,-1.3619281103187138e-15
0.78,-9.442179414450034e-17,3.1005028643327327e-16,15.0,-8.941335742152898e-17,1.81148229512105e-15,6.028556046466098e-19,598.5082183333011,5.551115123125783e-14,1.310274039893472e-16,598.5082183333003,-0.0,-4.986694810157834e-16,731.5100446295895,-0.0,-1.6873558497028143e-16,731.5100446295896,-0.0,-8.88551223316298e-16
0.79,-7.819608288300171e-16,3.112689603420569e-16,15.0,-3.634015038125111e-17,1.8186024504825663e-15,4.753534723317461e-18,598.5082183333003,-0.0,2.0340688898573232e-15,598.5082183333004,-0.0,-2.567377954249425e-15,731.5100446295895,-0.0,2.0206134925279183e-15,731.5100446295896,-0.0,-3.053747584644349e-15
0.8,-4.09137377040219e-16,3.1330689820674465e-16,15.0,2.645881874742177e-17,1.830509191169397e-15,1.6106794719508145e-18,598.5082183333004,-0.0,9.290949931761206e-16,598.5082183333004,-0.0,-1.3548077196049466e-15,731.5100446295895,-0.0,7.617074833208832e-16,731.5100446295896,-0.0,-1.939427417040448e-15
0.81,6.7730246047107e-16,3.1564603610783414e-16,15.0,4.328295780533825e-17,1.8441757061802845e-15,-5.785331429704961e-18,598.5082183333003,-0.0,-2.3882027541983595e-15,598.508218333301,5.551115123125783e-14,1.7697487842822753e-15,731.5100446295896,-0.0,-2.669724141574072e-15,731.5100446295895,-0.0,1.5409555979139852e-15
0.8200000000000001,3.147040791569509e-16,3.1663055486653354e-16,15.0,1.7503792568044335e-19,1.84992779988455e-15,-2.2017208038545293e-18,598.5082183332999,-5.551115123125783e-14,-1.1521286101035071e-15,598.5082183332999,-5.551115123125783e-14,7.136467102144504e-16,731.5100446295887,-5.551115123125783e-14,-1.4850080039421628e-15,731.5100446295886,-5.551115123125783e-14,5.064080879393604e-16
0.8300000000000001,-9.106397663476012e-17,3.1747006470415837e-16,15.0,-2.0937450407451786e-17,1.8548326726551308e-15,9.800026557676625e-19,598.5082183333005,-0.0,1.4847500912776353e-16,598.5082183332997,-5.551115123125783e-14,-4.454474325929037e-16,731.5100446295887,-5.551115123125783e-14,6.902624311392966e-17,731.5100446295887,-5.551115123125783e-14,-4.894348009118577e-16
0.84,-3.6871078754098585e-16,3.150143202240711e-16,15.0,1.2197364038835522e-17,1.8404848786305097e-15,2.411025653756499e-18,598.5082183332999,-5.551115123125783e-14,1.1465795653792e-15,598.5082183332999,-5.551115123125783e-14,-1.016548016034872e-15,731.5100446295887,-5.551115123125783e-14,1.5333020405479401e-15,731.5100446295888,-5.551115123125783e-14,-7.990430670265502e-16
0.85,-1.834864769805628e-16,3.1154727040901353e-16,15.0,4.596481198809624e-17,1.8202284891637284e-15,7.913389995727026e-19,598.5082183333004,-0.0,7.832676996732313e-16,598.5082183333004,-0.0,-2.2009478767604993e-16,731.5100446295897,-0.0,1.250258474216545e-15,731.5100446295897,-0.0,9.265226531708877e-17
0.86,-1.175068406342978e-16,3.0986565107755864e-16,15.0,7.513303295482295e-17,1.8104035550180232e-15,2.2746784762110854e-19,598.5082183333004,-0.0,5.686890123040026e-16,598.5082183333004,-0.0,-8.542546408644672e-18,731.5100446295896,-0.0,9.10777407657569e-16,731.5100446295897,-0.0,1.955872263404358e-16
0.87,3.427381402420593e-16,3.095997160325524e-16,15.0,6.766445309252044e-17,1.808849817941297e-15,-2.6013163837238638e-18,598.5082183333004,-0.0,-7.345146098546662e-16,598.5082183333004,-0.0,1.375178597641383e-15,731.5100446295897,-0.0,-6.129008961354565e-16,731.5100446295896,-0.0,1.6176028642927806e-15
0.88,1.936881913382203e-16,3.1158870627744604e-16,15.0,5.294639172467459e-17,1.8204705800287682e-15,-1.1897203503491733e-18,598.5082183333004,-0.0,-2.248391116134035e-16,598.5082183333004,-0.0,9.516985442846118e-16,731.5100446295896,-0.0,-2.2592920521846965e-16,731.5100446295896,-0.0,1.088164891953969e-15
0.89,3.2335289155280376e-16,3.1485520722974427e-16,15.0,4.16440839434146e-17,1.8395552540348917e-15,-1.9801895492139406e-18,598.5082183333004,-0.0,-5.998317959606273e-16,598.5082183333011,5.551115123125783e-14,1.3259166574694745e-15,731.5100446295897,-0.0,-6.44786801911408e-16,731.5100446295896,-0.0,1.4873200216946216e-15
0.9,5.950101242170307e-16,3.1636752180910137e-16,15.0,-2.733652136684421e-17,1.8483910177965496e-15,-3.095622783555245e-18,598.5082183333012,5.551115123125783e-14,-1.4733260183599575e-15,598.5082183333003,-0.0,1.9300175821601207e-15,731.5100446295897,-0.0,-1.5697840176167566e-15,731.5100446295896,-0.0,2.2837642255166505e-15
0.91,-4.438963002353264e-16,3.154970639192174e-16,15.0,-3.435485975836836e-17,1.8433053296834617e-15,3.86586984094471e-18,598.5082183333011,5.551115123125783e-14,1.4874438983358337e-15,598.5082183333003,-0.0,-1.25039464591787e-15,731.5100446295896,-0.0,1.7002801668269386e-15,731.5100446295896,-0.0,-1.0576066412643684e-15
0.92,-5.10554277748368e-16,3.160252614481321e-16,15.0,-1.6541983847961143e-18,1.8463913467388326e-15,3.632891987842443e-18,598.5082183333004,-0.0,1.7379832637402429e-15,598.5082183333004,-0.0,-1.298836466836415e-15,731.5100446295896,-0.0,1.8269806222005944e-15,731.5100446295896,-0.0,-1.3947539421591907e-15
0.93,4.592118820556252e-16,3.184159809927935e-16,15.0,1.1125635402837693e-17,1.8603592297476618e-15,-3.456006170929884e-18,598.5082183333003,-0.0,-1.213197505711617e-15,598.5082183333011,5.551115123125783e-14,1.5468149720423142e-15,731.5100446295896,-0.0,-1.2597374313204083e-15,731.5100446295896,-0.0,1.6253189328814205e-15
0.9400000000000001,-8.381302969781692e-17,3.1933442768546534e-16,15.0,-2.555614382846141e-17,1.865725294530013e-15,9.369517976793128e-19,598.5082183333011,5.551115123125783e-14,3.924780663061447e-16,598.5082183333003,-0.0,-1.6033017014889323e-16,731.5100446295896,-0.0,4.200329018566018e-16,731.5100446295896,-0.0,-1.0101565175836935e-16
0.9500000000000001,-5.492243605843001e-16,3.179210392071372e-16,15.0,3.4510172952662296e-17,1.8574675108199166e-15,3.278401879516026e-18,598.5082183333003,-0.0,1.5540874541580878e-15,598.5082183333011,5.551115123125783e-14,-1.6202964999245805e-15,731.5100446295896,-0.0,1.927253948865844e-15,731.5100446295896,-0.0,-1.5676323841265576e-15
0.96,3.9821948174178426e-16,3.13559142154407e-16,15.0,4.229763509069682e-17,1.831982937413912e-15,-3.289851656883683e-18,598.5082183333004,-0.0,-1.3367768931198782e-15,598.5082183333004,-0.0,1.112628655175988e-15,731.5100446295896,-0.0,-1.0879488502943272e-15,731.5100446295896,-0.0,1.4211641480191137e-15
0.97,3.741066026704478e-16,3.106918997267411e-16,15.0,1.0996193717715252e-17,1.815230948717864e-15,-2.510444419077369e-18,598.5082183333004,-0.0,-1.1060749282133527e-15,598.5082183333004,-0.0,1.1133205329258453e-15,731.5100446295896,-0.0,-1.1281864291337875e-15,731.5100446295896,-0.0,1.2624976563484093e-15
0.98,2.913065558283445e-16,3.1095163685385646e-16,15.0,-2.3263188479887805e-17,1.8167484741895145e-15,-1.531110907125064e-18,598.5082183333004,-0.0,-7.760812954388506e-16,598.5082183333004,-0.0,8.836962112370362e-16,731.5100446295896,-0.0,-9.399738767016805e-16,731.5100446295896,-0.0,9.315470399670213e-16
0.99,-3.4532251644149894e-17,3.133221648790703e-16,15.0,-5.5364902211249884e-17,1.8305983873670254e-15,9.632886461170217e-19,598.5082183333011,5.551115123125783e-14,2.2552541760144e-16,598.5082183333003,-0.0,-9.661784460413838e-17,731.5100446295896,-0.0,4.27775818637558e-17,731.5100446295896,-0.0,-1.6031775738323946e-16
1.0,1.347581966775579e-05,-1.4554607934751928e-09,15.000000258933955,-4.2474543070458356e-08,-8.503599133766875e-09,-6.709374100830002e-07,598.5082969041756,3.286639294053373e-07,-7.047189368774461e-05,598.5080167466147,-5.939836955626276e-07,6.960889852283402e-05,731.5103701734646,5.397898239500876e-07,-5.007254047564405e-06,731.5098416001715,-3.4519870295568467e-07,6.106888918209871e-06
1.01,0.3263880189336792,-0.3340588705456513,14.998330574267943,0.0009999956224574671,0.0002260308797008954,0.003900557888867219,595.833847991124,-0.007332219616240643,-1.8063476036197779,602.030039314783,0.014390053162227634,1.8258350240807224,728.1429082206116,-0.013001264683065727,-1.356815775049565,731.3165889498474,0.007834384716687293,-1.377397261946256
1.02,0.5659563998828361,-0.6689736218879522,14.993316808931489,0.006820699811798106,0.0017605283338679475,0.013776512615035921,592.4086172706101,-0.046565819179111845,-3.052135671625051,608.1931262817744,0.10159593084591023,3.1351269239171886,721.1855883811493,-0.09115054857883331,-2.7964449329432166,732.8451297341153,0.050963783077839775,-2.683854319668795
1.03,0.7757148667952731,-1.0041983789180842,14.984954070912694,0.019783446306677947,0.005767378893298632,0.02763619599639499,588.5022914476873,-0.1246320223508568,-3.9896055208764314,616.9531261385473,0.3051112653492116,4.184870838514206,711.1356493659069,-0.27182396895142347,-4.393290530013981,735.3711691722325,0.1403787763935016,-3.83860829501708
1.04,0.9850299595294489,-1.339473341657875,14.973241718438102,0.04058556722930508,0.013229075775181492,0.04418652447088263,584.3719456525157,-0.23356817257957907,-4.763108595500824,628.1918401737348,0.6480463517745116,5.1224261072470405,698.3863968740955,-0.5733184420660953,-6.163265949360102,738.3719967210344,0.2723118159878024,-4.815297250847923
1.05,1.2076289605814394,-1.6746935243238792,14.958180674674034,0.06903912197708263,0.024930704314122972,0.0625845385728474,580.2455451904178,-0.35879996714438533,-5.453290034292739,641.7396836427545,1.1408927330080476,6.030507970550668,683.2767250751893,-1.0023733551128844,-8.092502143923078,741.4686336310542,0.4361073980945762,-5.615040222176909
1.06,1.448608714898862,-2.0098399589290428,14.939772304734634,0.10449346269088486,0.04145321240165425,0.08228078624017893,576.3136183258001,-0.48385233689324236,-6.103710612284861,657.3900473239981,1.7859912473706663,6.953633039768945,666.1184309271235,-1.5585121186211803,-10.153797616902242,744.3888033045304,0.618684788734003,-6.251602777466516
1.07,1.708463488191171,-2.344942252252688,14.918017778084742,0.14607556118791928,0.06317443361182949,0.1029193501867576,572.7258872078418,-0.5929670131139542,-6.736650696663653,674.9095519257738,2.5801346975499184,7.9135326693579415,647.2097595827329,-2.2365808259642295,-12.315689439743322,746.9427885060519,0.8070065291623796,-6.743359304368297
1.08,1.985385290221821,-2.6800568072843944,14.892917706905513,0.19282711912428524,0.09027659383693322,0.1242724224213612,569.5909938208941,-0.6725029621276746,-7.362462180377528,694.0463778632126,3.516145548455085,8.918268417533357,626.8408334030843,-3.0282908449771884,-14.547222110818256,749.0068112520391,0.989392420275681,-7.109074829749402
1.09,2.276558684489384,-3.0152530383274203,14.86447195840549,0.24378293382935015,0.1227592220216739,0.14619664411776143,566.9782258397248,-0.7116169641647185,-7.985039835069971,714.5377031987927,4.583897472429211,9.967736305562328,605.2943230954404,-3.923213717330787,-16.82023897333491,750.510788228098,1.1561572728715497,-7.365858940066376
1.1,2.578875369690245,-3.350604083996641,14.832679580717516,0.2980160821481391,0.16045645242515158,0.1686034868286868,564.9205572934995,-0.7025152839080784,-8.604968261721279,736.1166525745755,5.771045108733275,11.057098834016662,582.8434541768846,-4.909480610110705,-19.11029137511521,751.428600040582,1.2998528277289312,-7.528336721025732
1.11,2.889315230007821,-3.6861805114941273,14.797538800938185,0.3546642514630664,0.20305773887602288,0.19143898260606648,563.4185598814745,-0.640445316667404,-9.221280044704372,758.518817437492,7.0636044422575095,12.179002620888024,559.7486739882082,-5.97432237919282,-21.396806397799303,751.7698143367151,1.415276369163776,-7.608483850061237
1.12,3.2051365076765697,-4.022046362644245,14.75904706446028,0.41294511671678724,0.2501310225512122,0.21466986616226946,562.444878702268,-0.5235264647193705,-9.83239200158296,781.4882476273409,8.44645613468864,13.325053790832488,536.253841880669,-7.1045200964345305,-23.662881306705295,751.5722840242171,1.4993407642220902,-7.615804080551385
1.1300000000000001,3.5239573912331847,-4.358257186862049,14.717201092139703,0.4721650321638416,0.30114742136121603,0.2382742119489577,561.9490477167642,-0.35248013438826664,-10.436565748811054,804.7827610572084,9.903804630823354,14.486810797395089,512.5825170150221,-8.28679885309902,-25.89491028065911,750.8953258135973,1.5508620441447851,-7.557662567380429
1.1400000000000001,3.8437761153126813,-4.694859740841841,14.671996937780843,0.5317232773102208,0.3555065532318423,0.2622352661028549,561.8624702297775,-0.13029639403222548,-11.032103554336382,828.1784239981484,11.419604114426996,15.656440005206607,488.93472665530874,-9.508177389651317,-28.082152578035085,749.8133519273566,1.5702986082585246,-7.439669507862547
1.1500000000000001,4.163017015734712,-5.031894881764853,14.623431171946706,0.5911130146479217,0.4125616675363979,0.2865347335018998,562.1037535873164,0.1381376009654267,-11.61769365995869,851.4723502859808,12.977951308934866,16.827460582212773,465.48578933720603,-10.756275813955106,-30.216336974766918,748.4091039501388,1.5594638651175718,-7.266038907712979
1.16,4.163455516936364,-5.017805536188263,14.573253069770493,0.6489632506196789,0.47142122258368135,0.30733187229235004,564.8836084631151,0.45354888649695724,-10.729002358574254,870.7788332786822,14.549788779517403,15.887706495354289,445.6354432469108,-12.006863571624226,-30.995500263449156,747.0647108086271,1.514019591068838,-5.664739208743605
1.17,4.254367812073933,-5.006730291274845,14.523191390203364,0.7013493994088735,0.5303569958735613,0.3225550189143879,568.519164573911,0.8319293148599805,-10.350317489269127,887.2913353112682,16.065865849980433,15.507574589041687,429.5972727956513,-13.198952800351826,-31.743113526177275,744.0519952138695,1.4131904068045986,-4.115237173349698
1.18,4.381678527819735,-4.997235331584672,14.473220863749889,0.7459842392305457,0.5875866775564688,0.33408896896205403,572.5776833490671,1.27051644952908,-10.248135948490281,900.9942661122905,17.473750600695393,15.414360311965861,416.8715224789452,-14.288122942724858,-32.417521477773974,740.2509353436842,1.2537547124754078,-2.698516377844136
1.19,4.51631510727796,-4.988554760279301,14.423328569331686,0.7823152884080335,0.6415443741952707,0.34308616444030837,576.6486890511386,1.7508067129063942,-10.284095687177576,911.9778429306085,18.742953932252338,15.449410536424864,407.0612941769384,-15.250779546338688,-33.01187070634382,736.3379070469782,1.0478106436462298,-1.443016073526568
1.2,4.643749170083999,-4.98034726226521,14.373508058889616,0.8107566906875773,0.6909080284651562,0.3502370274803459,580.3707356624818,2.2473850401383277,-10.378614776580243,920.4041657558797,19.85707200585357,15.525731139540552,399.83084754531467,-16.076406509931473,-33.53305874052651,732.8224739323167,0.8145177224893052,-0.3507116687194767
1.21,4.757539602486179,-4.972530208399324,14.323755616610763,0.8322223646284104,0.7346174177775179,0.35594939649292373,583.4478798669331,2.7333178873003017,-10.487438595558562,926.4808918510666,20.809036741062826,15.599280758082054,394.88051794981516,-16.762866371135775,-33.99161723568139,730.0718757261931,0.5750680396160446,0.5883185018566195
1.22,4.85553464582296,-4.965170064195896,14.274068003875755,0.8478404350758556,0.7718826243456653,0.36046374875592146,585.6585556379251,3.183416802267247,-10.587236026918935,930.4410827090377,21.598175314873014,15.650764791987624,391.9334699503332,-17.31349179091801,-34.397321805440704,728.3282591536353,0.3496439252548278,1.3881221286852963
1.23,4.93770154773843,-4.958409191965517,14.224441187990038,0.85877668791719,0.8021834286641666,0.3639260302037823,586.8586257164977,3.5761703202321082,-10.666880406147488,932.5280293942185,22.2283067331665,15.674451606388812,390.72958245945694,-17.735214845833237,-34.757672705931995,727.7227756861876,0.1556098767772629,2.0629436898088898
1.24,5.004929531265989,-4.952416084459727,14.174869741691557,0.866126068713635,0.8252603912421488,0.36643283690904216,586.9797719023751,3.8948060128555784,-10.722213861477352,932.9841843583722,22.70644703453567,15.671489503212063,391.0232034797977,-18.037311273408964,-35.077743351128305,728.289032754673,0.006507665753607839,2.6254478810912403
1.25,5.058402794387318,-4.947351215399843,14.125346700381211,0.8708484991446735,0.8410986417895928,0.36805873096795616,586.0241258301763,4.127759626994576,-10.752919553746542,932.0434977770435,23.041884559729553,15.646021094274092,392.5827028092948,-18.2305209186992,-35.36060680627111,729.9771508442437,-0.08840108525948187,3.0861385602539926
1.26,5.099301011331243,-4.943344067754233,14.075863725824565,0.8737350941851953,0.849905554894799,0.3688720255924092,584.0559484417907,4.268722577402462,-10.760668738168068,929.9265587991366,23.245494119972122,15.603004223480037,395.19063105484,-18.326411237003793,-35.60793548748194,732.6688074834825,-0.12420179821248656,3.4534289852389755
1.27,5.1286824158777815,-4.940478819292421,14.026411463967369,0.8753962058089977,0.8520835843308847,0.3689431218480765,581.1911506633792,4.316381015062043,-10.748040992230884,926.8379907499042,23.329216927090002,15.54706032728941,398.64388768374556,-18.336908853637148,-35.82057670074469,736.1930822529105,-0.10010706046742479,3.7340420928144944
1.28,5.14746293141578,-4.93878711297862,13.97698001003139,0.8762655107722332,0.8481995633669432,0.36834805306945073,577.5854479988003,4.273928775167024,-10.717913148877978,922.9655715953304,23.305662899557657,15.481934529492472,402.75367890609976,-18.273954772065448,-35.999019177544795,740.342588358104,-0.019026122139720325,3.9335409796574936
1.29,5.1564399448934894,-4.938246712605089,13.927559412229625,0.8766157527692773,0.8389517689576921,0.3671690039717507,573.4219266761318,4.148420450881929,-10.673129255551038,918.4805698902774,23.18780618526062,15.410314981847609,407.3452684272084,-18.1492539741262,-36.14372692332708,744.8892268169274,0.11301397517576861,4.056861532775294
1.3,5.156331089680397,-4.938784929800043,13.878140160275947,0.8765824596135809,0.8251359967065712,0.36549300685745567,568.8987486458387,3.9500219051194496,-10.616334896627027,913.5388210183357,22.98875126754002,15.333858893508578,412.2576351274089,-17.974097380711207,-36.25534903757074,749.5988855296986,0.28754098732486355,4.108768313572401
1.31,5.147812147849735,-4.94028568543181,13.828713618201041,0.8761923866186505,0.8076118069896095,0.3634096483998661,564.2176337776442,3.6912094101803627,-10.549903651918411,908.2821263079409,22.721550271888603,15.253332696130578,417.343184060754,-17.759237733108947,-36.33482931899662,754.2444881709246,0.4943545219989187,4.09419249891851
1.32,5.131546824385909,-4.942599042128167,13.779272373546357,0.8753938061281211,0.7872699868412697,0.361008367613899,559.5736353762071,3.385962964291611,-10.475912106566957,902.8396377443022,22.3990544719746,15.168809142901596,422.46763675751083,-17.51480331323463,-36.3834439048309,758.6169415765183,0.7222436431143509,4.018439953688226
1.33,5.108206346531018,-4.945552069282594,13.729810486794374,0.8740861737170836,0.7650021336117007,0.35837574318476123,555.1465810217264,3.0489930785744246,-10.396138648062937,897.3289865344829,22.03378565982289,15.079884736379983,427.5101756792597,-17.25023576570395,-36.40279311138606,762.5337032194185,0.959667322432356,3.8872784354791747
1.34,5.078479651705984,-4.948959995741293,13.68032363555353,0.8721471829074176,0.741673111802653,0.3555930320735419,551.0943989573435,2.6950331720300147,-10.312073548541338,891.857014415044,21.637816342343243,14.985893021099985,432.36385432565066,-16.974241067588324,-36.39476812250274,765.8448659150429,1.1953672794467463,3.7069254720971117
1.35,5.043076120520141,-4.952636763399741,13.630809157101982,0.86945575691605,0.71809697064292,0.3527341186839556,547.5484048369539,2.3382218561413537,-10.224935397471755,886.520061552103,21.22265152459918,14.886096892721294,436.9362235688532,-16.694745897779974,-36.36150655356288,768.4368153294686,1.4188907229856773,3.48396356877549
1.36,5.002723004237502,-4.956404298892979,13.581266000027805,0.8659100802479445,0.6950167433119473,0.34986395763728056,544.6104962010689,1.9915912851821704,-10.135693011370353,881.4038451759635,20.799108772567408,14.779848492214962,441.15007655394606,-16.418855024744328,-36.30534485124122,770.2336447203245,1.6210086876455865,3.225208998205918
1.37,4.958159371531286,-4.960100046420539,13.53169460066679,0.86144030096072,0.6730883851220977,0.3470375379980273,542.352100348554,1.666669918558683,-10.045093418393032,876.5830227890707,20.3771968874516,14.666709707725932,444.9441847341129,-16.152808510664585,-36.22877092103191,771.1966048496054,1.7940234799061483,2.9375567505891915
1.3800000000000001,4.910127901458614,-4.963582528375552,13.482096702811756,0.8560159971383138,0.6528689525237589,0.34429935776211856,540.814648925694,1.3732009654494615,-9.953696225231631,872.1205703973363,19.965996499786364,14.54653031693715,448.27388804971747,-15.901940199205155,-36.13437761243259,771.3219247312501,1.931965721485407,2.627819254877455
1.3900000000000001,4.859365387829704,-4.966734901390317,13.432475139917708,0.8496488706805789,0.6348089817251702,0.3416833701572733,540.0113094039041,1.1189718178237773,-9.861913414751172,868.0671203526466,19.573547957024317,14.419484452430744,451.11141144835904,-15.670640883067632,-36.02481655099392,770.6373640998453,2.0306872504512463,2.302571588025856
1.4000000000000001,4.80659249137046,-4.969466639012948,13.382833598078188,0.8423913936675281,0.6192488983189546,0.33921334429519634,539.9296866379501,0.909745133578832,-9.770052119173897,864.4603980253278,19.206752929748493,14.286069226143841,453.44580422930187,-15.462330625512388,-35.9027518158725,769.1978566978781,2.087860525915697,1.9680117565627349
1.41,4.7525030975765175,-4.971713590386345,13.333176375823223,0.8343322860115762,0.6064191799625751,0.33690356967572693,540.5352120775775,0.7492789669144018,-9.678356748001349,861.324876089356,18.871296230447975,14.14707180950907,455.28243324300973,-15.27944494386091,-35.77081356618386,767.0805811359628,2.1028981456509,1.6298414368164167
1.42,4.697753581740706,-4.973436735134996,13.283508153754356,0.8255897571879803,0.596443904388491,0.334759825922455,541.774958384669,0.6394213930660531,-9.58704639473205,858.6717347775685,18.57159356210708,14.003512877505147,456.64200061681714,-15.12343905597896,-35.63155243826888,764.3797597040343,2.0768077184073475,1.2931701789570127
1.43,4.642952302144657,-4.974619981495258,13.233833783638817,0.816303416189755,0.5893472455550255,0.3327805357491391,543.5816477070609,0.5802642830212701,-9.496343829249415,856.4991810753347,18.310769497757562,13.856575026769983,457.55909657776317,-14.994813312154243,-35.48739605038024,761.2014410666915,2.0119978121846405,0.962444305516776
1.44,4.588649691808334,-4.975267344642168,13.184158103226048,0.8066256630985317,0.58506243163296,0.3309580206691998,545.8776578610975,0.5703410402694287,-9.40649350058795,854.7931439335432,18.09066817434013,13.70752461753451,458.08033406852985,-14.89316148745784,-35.34060912553221,757.6584752844527,1.9120502533854777,0.6414003865679518
1.45,4.5353293620979365,-4.975399804505908,13.134485780029049,0.7967132443390705,0.5834426492019104,0.32927978532870683,548.5788683343472,0.6068539844160115,-9.317767555533555,853.5283297693938,17.91189720172509,13.557634606821173,458.26214124174635,-14.817242000542963,-35.193258593424225,753.8658429403409,1.781472922182059,0.3330421443318414
1.46,4.483400644526513,-4.975052087276274,13.084821184830947,0.7867195018825467,0.5842733674445566,0.3277297670007629,551.5982245584242,0.6859184301031274,-9.23046057123287,852.6695953067338,17.773903351885224,13.408114538167162,458.16830878903994,-14.765070541534808,-35.047184667988525,749.9364569979301,1.6254456079297097,0.03963888725392195
1.47,4.433192969608898,-4.974269551997829,13.035168293830433,0.7767876913857465,0.5872855627906324,0.32628950055173095,554.8489325302127,0.8028121637594365,-9.14487516924711,852.17357463599,17.675076873193753,13.260052158318395,457.86740076585744,-14.734031186530384,-34.90397845871214,745.9775179344475,1.4495696572127126,-0.23725691342132293
1.48,4.384952413603302,-4.9731053015618025,12.985530617133891,0.7670455985260077,0.5921693465403424,0.32493916445042215,558.2472256041199,0.9522208010722122,-9.061301678872072,851.9904847250231,17.612879889385148,13.114369362866906,457.4301404478145,-14.721001957743507,-34.764966283209965,742.0874703000642,1.2596302290056594,-0.4967755255738844
1.49,4.338840642858533,-4.9716175824575695,12.935911150671313,0.7576015554250286,0.598587533372302,0.3236584883672659,561.7146707730965,1.1284712907119188,-8.979995433694613,852.066028166131,17.583993359024884,12.97179351629322,456.92687776701524,-14.722490019216606,-34.6312005771916,738.3535820616604,1.0613780871244205,-0.7386819728396432
1.5,4.294936363327582,-4.969867494052492,12.886312348443253,0.7485418549368542,0.6061887349934123,0.322427516013198,565.1800030240136,1.325747529080823,-8.901155131209876,852.3433128313656,17.58447650965328,12.832843782011402,456.4252339616185,-14.734771298946846,-34.50345717303995,734.8501463616117,0.8603360905818369,-0.9633166620894968
1.51,4.253239251970434,-4.967916997871645,12.8367361121605,0.7399294812766241,0.614619618065012,0.3212272269902915,568.5804936833291,1.5382836143032486,-8.824905081006532,852.7647140636968,17.609932502563762,12.697831018368102,455.98800304338886,-14.754029284609505,-34.382238690824465,731.6372878811402,0.6616339347424449,-1.171526895841147
1.52,4.213676220479616,-4.965827200230969,12.787183795678262,0.7318040200366873,0.6235360264333474,0.3200400280463602,571.8628724268533,1.76053166899659,-8.751283282741548,853.2736147162923,17.655674282296975,12.566869071572466,455.6713717502755,-14.776488010744771,-34.26778383387498,728.7603420668795,0.4698732714004672,-1.3645913258114355
1.53,4.176109747616687,-4.963656875937043,12.73765622203048,0.7241825764742403,0.6326127321369746,0.3188501273536655,574.98383325689,1.9873023924954492,-8.6802362977697,853.8159703783232,17.716885054696483,12.439894913547166,455.5234999486419,-14.79853478282106,-34.160082408006176,726.2497643357602,0.2890240972493463,-1.5441392492959416
1.54,4.140347921970873,-4.9614612038048875,12.68815371124287,0.7170615144692326,0.6415516452886587,0.31764380585528057,577.9101626779105,2.2138775683800405,-8.611620963638911,854.3416602687436,17.788768544993005,12.316694982451583,455.58348434851644,-14.81682890119268,-34.05889586258896,724.1215174772249,0.12235223964018882,-1.7120665977588025
1.55,4.106155764868015,-4.959290693169752,12.638676117384872,0.7104188258440317,0.6500883775496947,0.31640959823331355,580.6185339335021,2.4360946629526925,-8.54521225855549,854.8055974994169,17.866685038723627,12.196935220505537,455.8807105329938,-14.828393487631208,-33.96378304277279,722.3778784518353,-0.027623127197895503,-1.8704505190837075
1.56,4.073267355224827,-4.957190291116548,12.589222873483173,0.7042169470088161,0.6579971155798118,0.3151383936326455,583.0950148690258,2.6504044179587183,-8.480716109505197,855.1685848950182,17.946270134125697,12.080192595600089,456.4345825597481,-14.830688414416148,-33.874130645706344,721.0086004367932,-0.15914374788861263,-2.021464582034877
1.57,4.041398254825852,-4.955198670018226,12.539793042964865,0.6984058537636413,0.6650938178874539,0.3138234638093794,585.334339070056,2.853902979645162,-8.41778566184574,855.3979137347837,18.023534074730506,11.965986271750431,457.25460623475277,-14.821663233937576,-33.78918761124508,719.9923622201754,-0.27120075497821805,-2.1672967803919647
1.58,4.010257733787149,-4.953347702105252,12.490385376250362,0.6929262827523734,0.6712377995662521,0.312460424527391,587.3389906489876,3.044340627868125,-8.356039464074604,855.4677122995752,18.09494043615656,11.853807001083705,458.3407918034176,-14.79978985821706,-33.70810238929364,719.2984349157712,-0.36350024618525545,-2.310072620393175
1.59,3.9795603214362063,-4.95166213100273,12.440998371011974,0.6877129473928456,0.6763318134533419,0.311047135171617,589.1181525993244,3.220109582659114,-8.295080123032598,855.359058814308,18.157463774527482,11.74314370327938,459.6843342498706,-14.76407550649167,-33.629961760205305,718.8884955245435,-0.43640924082194443,-2.4517855768797396
1.6,3.949036256357498,-4.950159449154829,12.39163033449527,0.6826976356336788,0.6803207725810995,0.30958354176198827,590.686567137732,3.3802136781482806,-8.23451219845523,855.0598792816068,18.208626580324406,11.633506548661973,461.2685244665349,-14.714057100033761,-33.55382968897355,718.7185181751476,-0.49088554080356506,-2.5942370551395584
1.61,3.918440478644223,-4.94884998523212,12.342279446206655,0.6778120957465439,0.6831892870302897,0.3080714696691371,592.063353989498,3.524222909389918,-8.17395838000597,854.5646549407176,18.24651650645531,11.524446153676895,463.06984195988235,-14.649778822344583,-33.47878460581166,718.7406769663778,-0.52839516801656,-2.7389876764379117
1.62,3.8875598936537146,-4.947737197949199,12.292943819233008,0.6729906341848192,0.6849582083408409,0.3065143740151645,593.2708291997582,3.652215979227047,-8.11307328119556,853.8739668661254,18.269785347669874,11.415568728649854,465.0591791353732,-14.571754974855411,-33.4039535464744,718.905199172522,-0.5508210908388156,-2.8873212244128226
1.6300000000000001,3.8562187343964793,-4.946818163477512,12.24362155849823,0.668172366315403,0.68568038667633,0.30491705757479365,594.3333628261737,3.764714002051417,-8.051554460189646,852.9939067869391,18.277631642172775,11.306547192054143,467.20314818175655,-14.480920546070807,-33.32854175759243,719.1621140330959,-0.5603668912605442,-3.0402219831281094
1.6400000000000001,3.82428195244595,-4.946084234169864,12.194310814384991,0.6633030767555166,0.6854358503843809,0.3032853675677191,595.2763088668037,3.8626084618446077,-7.989150515984713,851.935383799752,18.269769052363326,11.197128392438987,469.4654238041404,-14.378572084226827,-33.25185665905297,719.4628502083582,-0.559458864749729,-3.198365522280291
1.6500000000000001,3.79165666770429,-4.945521837851365,12.145009830354168,0.658336661374955,0.6843266150590132,0.30162588372327287,596.1250351190955,3.9470863775729614,-7.925666298600854,850.7133564701886,18.246382869955113,11.087136670238456,471.80807824324955,-14.266301532131543,-33.17332542582272,719.7616439276989,-0.5506497945405031,-3.3621223076024407
1.6600000000000001,3.7582917985457978,-4.945113380449119,12.095716983466707,0.6532361379451961,0.6824713204610937,0.2999456101969553,596.9040745202898,4.019555406696518,-7.860965411012741,849.3460190277088,18.20807709229577,10.976474058138784,474.19286893742105,-14.14592566179207,-33.09250586509319,720.0167295038577,-0.5365273102989621,-3.531572900409408
1.67,3.724176069968206,-4.94483821085888,12.046430817032828,0.6479742269679349,0.6799998795745965,0.2982516832565822,597.6364131007191,4.081571327118672,-7.794970271961025,847.8539690568265,18.15581454222448,10.865117469821218,476.5824436709042,-14.019413649735135,-33.00909067817148,720.1912938040798,-0.5196293413683994,-3.7065330137253234
1.68,3.6893346543922787,-4.944673605939876,11.997150064958657,0.6425335182450986,0.6770483056316874,0.29655110519539957,598.342923237277,4.134769992266141,-7.727660060019988,846.2593823321339,18.090852462908924,10.753113269061878,478.941432993433,-13.888815174734948,-32.922905570761074,720.2541860246533,-0.5023687233020602,-3.8865863495451514
1.69,3.6538247357698057,-4.944595735302628,11.947873667706473,0.6369062519272461,0.6737538611305216,0.29485051283484787,599.0419446859454,4.180805468662507,-7.6590668798140475,844.5852182600622,18.014675920059787,10.640569647457406,481.2374050076428,-13.756191209655322,-32.83390197938608,720.1803833005195,-0.48696853178442634,-4.071122967330314
1.7,3.6177303029070647,-4.944580569737752,11.898600780110176,0.6310937546315298,0.6702506487027522,0.2931559864796948,599.7490101504004,4.221295657541313,-7.589270490832691,842.8544767910336,17.928931193790408,10.527647269611974,483.4416632255279,-13.623549428462056,-32.74214539641639,719.9512209475841,-0.47540922022315524,-4.259380922356897
1.71,3.5811564743905997,-4.944604703157423,11.849330771573976,0.6251055812298858,0.666665738143546,0.2914729025359111,600.4767071268241,4.257776289532,-7.518391926621728,841.0895246726811,17.835361147551744,10.41454866742767,485.5298740044506,-13.492785867076973,-32.647800394443394,719.554403213624,-0.46938814611924284,-4.450489042184877
1.72,3.5442236384810237,-4.944646065111273,11.800063219416959,0.6189584205748562,0.6631158979225059,0.28980583043701413,601.234663620678,4.291663781339993,-7.446586314040017,839.3115055700389,17.735744328268744,10.301506876954779,487.48251597526894,-13.365634170784734,-32.55111347679092,718.9838161278464,-0.4702916053632711,-4.643508947790746
1.73,3.5070616607559515,-4.944684508605481,11.750797896301476,0.6126748283615707,0.6597049739003774,0.2881584722469208,602.0296421653564,4.324227070938491,-7.374035183239582,837.5398449540295,17.631839286785635,10.188773808722896,489.2851497316635,-13.243623439226692,-32.45239482761259,718.2391683077162,-0.47917906892436246,-4.837474735682445
1.74,3.4698043741824174,-4.944702265469137,11.701534752797036,0.6062818522925519,0.6565219335404647,0.28653364145788873,602.865724425697,4.356568215651002,-7.300938541166747,835.7918568573965,17.52533531857825,10.076608823025836,490.92851169961375,-13.12804535061729,-32.35199992078016,717.3254884094794,-0.4967789457687166,-5.03142908227561
1.75,3.432584524408959,-4.9446842683628205,11.652273896186207,0.5998096136895136,0.6536395712737622,0.28493327615787156,603.7445675195205,4.38961125486731,-7.227506964802085,834.0824557455941,17.41781052003549,9.965267944183898,492.40844137591205,-13.01993091801773,-32.250311792428015,716.252509374656,-0.5234948881625012,-5.224454880401995
1.76,3.3955293005085165,-4.944618344345553,11.603015566620673,0.5932899058610136,0.6511138503837446,0.2833584809183216,604.66571296264,4.42409861166232,-7.153953953740038,832.4239729928264,17.310697744963743,9.85499409305655,493.7256558429969,-12.920036910916977,-32.147724607941214,715.0339698629509,-0.5594214157094157,-5.415701845623715
1.77,3.358756540565206,-4.944495289501035,11.5537601116931,0.5867548632498446,0.6489838392284965,0.28180959141550765,605.6269297212378,4.460594137456752,-7.0804887630282805,830.8260739375914,17.20525873939105,9.746008647512598,494.88538947874247,-12.828841673711233,-32.04462897812754,713.6868624437045,-0.6043674636926344,-5.604407820536725
1.78,3.3223716640345127,-4.944308837412325,11.504507960412948,0.5802357471575073,0.6472721850984047,0.28028625587265127,606.6245740975047,4.499491790117938,-7.007309914397522,829.2957683553649,17.102566440339306,9.638504560139884,495.8969199578856,-12.746549797364338,-31.94139931515775,712.2306564335464,-0.6578863573560856,-5.789914749455772
1.79,3.2864653497194425,-4.9440555363298175,11.45525959747227,0.5737618842757324,0.645986057679665,0.2787875278012747,607.6539509243685,4.541028875022279,-6.934599555631452,827.8375045449942,17.003495155519687,9.53264117612352,496.7730038996749,-12.673104859240114,-31.838383375998372,710.6865209111228,-0.7193106718241804,-5.971679491056522
1.8,3.251107904906943,-4.943734211169616,11.40601777902982,0.5673597821547031,0.645118483581616,0.2773120797062552,608.7091166112536,4.5853027478024995,-6.86250313757074,826.4528661795955,16.908718047232373,9.428514201031293,497.52969685362854,-12.60820919792155,-31.735888216870606,709.0771721667849,-0.7877904413254866,-6.14927753162733
1.81,3.2270377866509286,-4.609995762181316,11.358445859858824,0.5610847523525777,0.6444269848298709,0.2759247219022399,609.300856339208,4.628525194603883,-6.836071915470092,824.8239416055378,16.815648892508193,9.36461981813313,499.89079403780397,-12.549069796285671,-30.292215455741726,709.2762643594403,-0.8593797187039787,-4.937670585702403
1.82,3.2012898271141257,-4.276045327602821,11.314214061374464,0.5550793896591296,0.642824531438986,0.2746351640180312,608.9607578986297,4.653020733244917,-6.801126602619815,822.435521079408,16.709711960616215,9.28090811593059,503.01549930589437,-12.483905123685691,-28.8476771752032,710.4757005749822,-0.9193237423295586,-3.712995521458419
1.83,3.175799815145404,-3.942180967528706,11.273323337769057,0.5494380382645138,0.6391429741769309,0.2733841187469204,607.585055107081,4.6403102460620405,-6.764913754141694,819.1821447747697,16.574479946902255,9.187615947573908,507.04975260931855,-12.3995651248347,-27.40609553272279,712.7892169611521,-0.9525043913757303,-2.4738284114806497
1.84,3.151380193852944,-3.6086533634277633,11.23577149267414,0.5442019836464553,0.6323891932894655,0.27213523489772173,605.1095953389458,4.575049363096495,-6.730619945652152,814.9923395710775,16.395507277076227,9.090445431415688,512.0898577584155,-12.28452126974161,-25.968910683211888,716.2869032071064,-0.946531025720232,-1.2212854025846909
1.85,3.12825448606142,-3.275675636756657,11.201554045821355,0.5393802226233874,0.6217586848251158,0.27086662460978517,601.507888871849,4.444991326481462,-6.699306019146412,809.8271842412348,16.16074402703177,8.99275431141603,518.1870530614309,-12.12926175761153,-24.536228034082548,720.9946239783832,-0.8917030448387653,0.04222586768642955
1.86,3.1063475991344576,-2.9434262581045045,11.170664578369648,0.5349599097703137,0.6066419203275764,0.2695664919598857,596.7882324260537,4.240960049930909,-6.670936375681594,803.6780356943166,15.860735827165184,8.89667110866131,525.3516269718256,-11.926485703418532,-23.10743839720341,726.8961025602428,-0.7809864885203743,1.3137438753572859
1.87,3.0854479217908586,-2.61204857452268,11.143095068434144,0.5309120830474362,0.5866239172766515,0.2682307016305062,590.9899269232618,3.956778877904299,-6.644937778073752,796.5636357798599,15.488676962362502,8.803656021834746,533.557156404961,-11.671160180265872,-21.681608583218782,733.9369469460366,-0.6099518135406212,2.590211099218495
1.8800000000000001,3.0653006674004053,-2.2816491054722703,11.11883623981831,0.5271955094709523,0.5614777257761975,0.26686120596367213,584.1787833158382,3.5891346000110347,-6.620511281221393,788.5268236166299,15.040357934023863,8.714778354640744,542.7450290517663,-11.360478401458874,-20.257740568755274,742.0300155899588,-0.37665193822211673,3.868769033721973
1.8900000000000001,3.045662972164923,-1.9522959650468423,11.097877929533238,0.5237600413696157,0.5311526583689558,0.2654648084545333,576.4421374960299,3.137373637648211,-6.596812898949143,779.631013584534,14.51403460656958,8.630852064418104,552.8292622599342,-10.99374387368729,-18.834946574754333,751.0616440343249,-0.08143641370150778,5.146949347515127
1.9000000000000001,3.026336256585873,-1.6240182539834154,11.08020946869219,0.5205500690046555,0.4957581714008985,0.26405203831689367,567.8836060574283,2.6032370105398273,-6.573062039092852,769.9565549462993,13.910238267137165,8.552502916647054,563.7015589984043,-10.57219820725608,-17.412562236457415,760.8983247641385,0.2732927939699259,6.422790984289159
1.9100000000000001,3.0071838429841753,-1.2968068910169386,11.06582006473474,0.5175082035778726,0.45554435022525314,0.2626360652555188,558.6178111383151,1.9905459988310281,-6.548607490180807,759.5970589563366,13.231541418780191,8.480204845734901,575.2365077113615,-10.098806334396471,-15.990209143335822,771.3934847049326,0.683372945962879,7.694899521052286
1.92,2.988138246259924,-0.9706170596458631,11.054699169595105,0.5145790761802947,0.410879959584091,0.26123165915526864,548.7652861098579,1.304853055697941,-6.52296592618581,748.6557601598546,12.482291366392728,8.414304166564397,587.2968173411864,-9.57801059440655,-14.567814642949322,782.394054081991,1.1432057444231147,8.96245989963062
1.93,2.969200960319975,-0.6453722124282585,11.046836817716049,0.5117130161384311,0.3622289982320497,0.2598542297850995,538.4477463412961,0.5530734051092945,-6.4958406319747795,737.2419682209423,11.668321879708065,8.355040212607664,599.7384718510784,-9.015463715477123,-13.145596828388797,793.7465730426848,1.6461011479135257,10.225212266975209
1.94,2.950436873692254,-0.3209693963440741,11.0422239191757,0.5088693347748765,0.3101266473015712,0.2585189860346244,527.7838733704197,-0.25688760251785236,-6.467124790429629,725.4676627298453,10.79665204120045,8.302565619616495,612.4156862642675,-8.417749766536975,-11.724023587757006,805.30263887564,2.184624993764317,11.483400482903534
1.95,2.93196931805742,0.002714238549236331,11.04085087113053,0.5060190120419391,0.2551552727495307,0.25724013454205724,516.8861035503712,-1.1165005359073388,-6.436906863889691,713.4446144918675,9.875178706817922,8.256989950811976,625.185246840731,-7.7921001657682005,-10.303764779501128,816.9231400883348,2.7509391078662238,12.73770406054418
1.96,2.9045475676623265,-0.0074398256419832744,11.041054826002686,0.5031163834429514,0.19814659112725222,0.25595372273946654,506.3489917341777,-2.0131349364494455,-6.360456259436439,701.6125112869452,8.915538425367963,8.179378571116034,636.19157697032,-7.14839626515279,-10.23895894441917,826.6430911447618,3.3342087961822364,12.610887006313796
1.97,2.8805637492435205,-0.017948543952557384,11.041148025325946,0.5000471206446393,0.14079249106420386,0.25464384909321813,496.7455958375777,-2.919924382515704,-6.293734286873455,690.6170390509996,7.942112437631376,8.130140706108968,646.1673350824357,-6.505575377845185,-10.183812489551594,835.178922598887,3.913113000663271,12.474061264259262
1.98,2.858398296426317,-0.028324930698136828,11.041136479923264,0.4967595074051529,0.08484744285655214,0.2533760433102893,488.258334058821,-3.80941847496169,-6.231566820506413,680.6700524252816,6.981227265255074,8.099677070964116,654.8749746242167,-5.88365607760638,-10.134709580527327,842.353245296959,4.46655514260158,12.326747613856021
1.99,2.8374884780744978,-0.0381658871607132,11.041023472534416,0.4932657366837238,0.03185475174458225,0.25219546083928274,481.0189974179484,-4.657799725026446,-6.172281574052759,671.9395966932401,6.056966050543677,8.082712901290138,662.1415334830995,-5.300551374710915,-10.090237913429728,848.0484368590304,4.976877022264514,12.171263082820762
2.0,2.8177675411486183,-0.047152059134839476,11.040815893707139,0.48961815215853494,-0.016879458587370264,0.2511341759135021,475.1085973292021,-5.445022172857139,-6.115755672111009,664.5471920791373,5.190513538884611,8.07612574190338,667.8574410357305,-4.771513892646906,-10.049968019702915,852.2079744156855,5.429918320656368,12.011279041331152
2.0100000000000002,2.799384373041401,-0.05504793632173982,11.040523415564321,0.48589442359359686,-0.060303111075889544,0.2502145389126576,470.5604286858948,-6.154923932911894,-6.062472027943912,658.56805421468,4.399721123765299,8.07790514997917,671.9734817478997,-4.308798659078905,-10.013841329120451,854.8328198751632,5.8150445585501975,11.850994879301583
2.02,2.782559736878163,-0.06169885392391071,11.04015767274454,0.4821868264795973,-0.09762568492664289,0.24945094617613092,467.36434786439946,-6.775254591140756,-6.013061701181974,654.0326274289989,3.698846192539351,8.08662307956757,674.4967620403534,-3.9214921069495867,-9.981872006572132,855.9757482195652,6.125094359029304,11.694649895109544
2.0300000000000002,2.767513836690269,-0.06702450003890534,11.039731487203138,0.47859356565370137,-0.12831703212382878,0.2488509234982249,465.4719504763118,-7.2976020539862185,-5.968097989246141,650.9293034411074,3.0984364728663394,8.101157578420876,675.4855438728523,-3.6154748556289085,-9.954019609700813,855.7343464261816,6.356235568086788,11.54622517295364
2.04,2.7544315072179333,-0.0710095512793762,11.039258170793758,0.47521139430143516,-0.15209836954326603,0.24841594986924637,464.80234075509605,-7.717221101110172,-5.928020977620412,649.208182985364,2.6053409000656447,8.120544924058004,675.0430130495213,-3.393497301722781,-9.930152657172924,854.2432260871053,6.507735638180523,11.409256682569032
2.05,2.74344733782212,-0.0736924897784908,11.038750930220843,0.47212938372591895,-0.16892647289216162,0.2481422157761592,465.2482101612165,-8.03277514842149,-5.893127003163326,648.7857100759509,2.222832370512573,8.143899635440528,673.3101643850993,-3.255351771927928,-9.910058064664879,851.6658736942563,6.581659521743555,11.286718166409392
2.06,2.7346412524021213,-0.07515373454346624,11.038222387445401,0.4694239273566252,-0.17897220992052318,0.2480213924217249,466.68197876745796,-8.24600721416907,-5.863586084752282,649.5499804379102,1.95082819765785,8.17037256146602,670.4580501289768,-3.198126379711008,-9.893470759155289,848.1864753166066,6.582511668367874,11.180952055031689
2.07,2.7280393846419666,-0.0755040933852601,11.037684217571666,0.4671550964824203,-0.18259461574915198,0.24804142647820737,468.96179355174615,-8.361357758879029,-5.839466352274187,651.3665046325244,1.786193136321279,8.199131835877331,666.6796711348097,-3.2165256440048196,-9.88010860168957,844.001982302943,6.516839500370963,11.093636656114606
2.08,2.723617431698944,-0.07487430412158355,11.037146897147439,0.4653644055486671,-0.18031173503199283,0.24818734407975387,471.93721871900834,-8.385547045543118,-5.820754410226665,654.0841965712928,1.7231085634952237,8.229358375437137,662.1818007383671,-3.3032423628250873,-9.869703876990817,839.3146261678884,6.392815058089307,11.025782562332605
2.09,2.7213049940967564,-0.07340615349892712,11.036619549401884,0.464073950173082,-0.17276943743837944,0.24844203593445852,475.45449176904714,-8.327138615947138,-5.8073671877807,657.541360961526,1.753490396320001,8.260250897595066,657.177023499229,-3.4493647390737014,-9.862026279108282,834.3250419587497,6.219810027794814,10.977753151210264
2.1,2.7209901841926687,-0.0712453881312043,11.036109869379116,0.4632867860619781,-0.16070935896873378,0.24878699599455187,479.36125355263715,-8.196098842275735,-5.799155225332268,661.5714683658922,1.8674379037158517,8.29103707389264,651.8762479038036,-3.644802632603583,-9.856894810314516,829.2261191050094,6.007977511510831,10.9493046970342
2.11,2.7225242406807597,-0.06853639697736222,11.035624110957066,0.4629883414517274,-0.1449370370070788,0.24920299390991205,483.5106902965889,-8.003365585438626,-5.795899951124929,666.008532181587,2.053695858574456,8.320988286367726,646.4819168423089,-3.8787172097007327,-9.854177970709122,824.1976658495391,5.767851930475132,10.939641834267512
2.12,2.7257261409166356,-0.06541846924879913,11.035167118858842,0.46314860889503995,-0.1262911973792719,0.24967067200553222,487.76505051579045,-7.760436969021567,-5.797308594365233,670.6919352444881,2.300113487839872,8.349435913080695,641.1820955469111,-4.139939220161759,-9.85378329752382,819.4019463136628,5.509976524174731,10.947484343250718
2.13,2.7303873252854367,-0.062023323158559525,11.034742391320686,0.46372484610459036,-0.10561502292180643,0.2501710671073957,491.99852028707744,-7.4789892835637755,-5.8030103005095075,675.4705918405296,2.594085326553308,8.37578734355474,636.1455673359851,-4.417362618875487,-9.855638719776247,814.9801263205787,5.244566088787817,10.971141637766836
2.14,2.736276684016523,-0.05847355778590997,11.034352162401024,0.4646645270493242,-0.08373009111855148,0.2506860637956863,496.0994571680517,-7.170531139554237,-5.812556165445917,680.2063706031689,2.9229612315330167,8.399540149681789,631.5180164989675,-4.700302176535331,-9.859669214361661,811.0496436501768,4.98121091409931,11.00859191170446
2.15,2.7431459384423125,-0.05488169319255273,11.033997496383169,0.46590831741657085,-0.06141351901635235,0.2511987876665037,499.9719967933412,-6.8460992212939225,-5.825424699137939,684.7767423861387,3.2744152948784855,8.42029310218862,627.4193281460293,-4.978805973882117,-9.865772758337833,807.702499125141,4.7286263171403835,11.057563545111659
2.16,2.7507354965087387,-0.05134951850390173,11.033678389845445,0.4673928953884815,-0.03937870231991559,0.25169394535405215,503.53705753572336,-6.515999366072778,-5.841033010281928,689.076652542841,3.636766045183204,8.43775307051333,623.9419894206451,-5.243916112107339,-9.873799497540983,805.0044460149375,4.494450710934073,11.115616944838912
2.17,2.758780789013724,-0.04796754739019223,11.033393879410688,0.4690534918479754,-0.018259887225901845,0.2521581137604297,506.73277817795395,-6.189595199449949,-5.858753004220954,693.0196475252574,3.9992429749846625,8.451737270958594,621.1505370406339,-5.487873464593895,-9.883537411057832,802.9950363747005,4.285093763945424,11.180225388859721
2.18,2.7670190069449387,-0.04481446886525993,11.033142154772499,0.47082607685947764,0.0013993274948383508,0.25257997591767123,509.5144318056533,-5.875145187944075,-5.877931219312471,696.5383103286263,4.352196949410192,8.46217079316129,619.0819639244431,-5.704264717860674,-9.89470665510185,801.6884642407321,4.105634883275089,11.248853598515085
2.19,2.775196069597371,-0.04195656438716107,11.032920677312983,0.47264916614945934,0.01915359078688272,0.25295049682330134,511.8538664745669,-5.579687715060288,-5.897910605346443,699.5840775926845,4.687254325619006,8.46907977893736,617.7469732667806,-5.888112195434614,-9.906963403462743,801.0751275731476,3.9597709864414576,11.319032692209797
2.2,2.7830735684861008,-0.0394471292931072,11.032726304584573,0.47446525855421595,0.03465965089133317,0.25326303063270517,513.7385298286193,-5.308972638452092,-5.918052519651176,702.1265231574264,4.997416570023894,8.47258099293765,617.1319518697745,-6.035908942381707,-9.919912589756525,801.1238142159583,3.8498113188095706,11.388429956163806
2.21,2.7904353664918577,-0.03732598126661321,11.03255542032024,0.4762219409373597,0.04767670743201984,0.25351335128634805,515.1701407496612,-5.067436743731058,-5.937757400070627,704.152199018231,5.277108756844173,8.47286877028237,617.2015253408587,-6.14560321000901,-9.933127722526464,801.7844028358269,3.7767159436040143,11.454911624527634
2.22,2.797093498278078,-0.03561915867772103,11.032404068697492,0.4778727105056158,0.0580635960463761,0.25369960185378404,516.1630761040416,-4.858219579395695,-5.956482883277759,705.6631257275649,5.5221815532264795,8.4702004346077,617.9015550783441,-6.216537785174781,-9.946175069600805,802.9909587390313,3.7401735052995377,11.516596723342456
2.23,2.802893026264647,-0.034338908794184705,11.032268090550394,0.4793775668608769,0.06577320217192471,0.2538221629056041,516.742544350083,-4.683215349862435,-5.973758498677255,706.675021375635,5.729872154551008,8.464881255724931,619.1624396668192,-6.249350547054777,-9.958639102279845,804.6650975007084,3.738712977586711,11.571900104320788
2.24,2.807715558929834,-0.03348404433680731,11.03214325830959,0.48070341980273773,0.07084454675534653,0.25388344607441454,516.9426197345877,-4.543155877653859,-5.989196428588852,707.215352480709,5.898730160412702,8.45724988214203,620.9025901752949,-6.245843218914803,-9.97014617401047,806.7194871056851,3.769843389026528,11.619563124678669
2.25,2.811481229216068,-0.03304071263983892,11.032025405811169,0.4818243468964855,0.07339301479448841,0.25388762456127273,516.8042106062554,-4.437719142385054,-6.002498150289291,707.3212825331265,6.0285146228273305,8.447664973801837,623.0319587070932,-6.208825544316676,-9.980383917827726,809.0613621107985,3.8302150059890683,11.658671002071262
2.2600000000000002,2.8141490472459267,-0.03298358138353509,11.03191054884641,0.4827217204857327,0.07359920865231577,0.2538403167636495,516.3730327060791,-4.365657583365157,-6.013457046964772,707.0375855193593,6.120068506132947,8.436493512479537,625.4555113641537,-6.141942099576414,-9.989114652061781,811.5959311223295,3.9157951699421156,11.688656614659578
2.27,2.815715665950495,-0.03327740476412645,11.031794992457765,0.4833842102768457,0.07169690331415825,0.25374824183552236,515.6976530652197,-4.324940229303465,-6.021957286540876,706.4145832253938,6.175176625862644,8.42410101765163,628.0765497614409,-6.049488706798334,-9.996182020844298,814.2295711706433,4.022051950197669,11.709291315229201
2.2800000000000002,2.8162127127503993,-0.03387889927485354,11.031675421495374,0.4838076573282252,0.06796056185744523,0.2536188666098256,514.8276625049051,-4.312902798701613,-6.027969420841379,705.5061569342583,6.196412829486853,8.410843674602736,630.7997988096048,-5.936224984449289,-10.001511002432348,816.8727185423647,4.144138985445744,11.720664068393122
2.29,2.815702930666408,-0.034738832696938456,11.03154897176275,0.4839948097834528,0.06269283829212353,0.2534600620473856,513.8120250873301,-4.326400192436575,-6.031543257506385,704.3678764842596,6.186981784457091,8.397062210554717,633.534192342325,-5.80718901112498,-10.005102163448948,819.4423842351653,4.277075334058688,11.723150805165877
2.3000000000000003,2.814275429561712,-0.03580421544931829,11.031413280099805,0.48395491049889483,0.05621245372041667,0.2532797846248587,512.6976417975264,-4.361956257972754,-6.032798610039137,703.0552825310136,6.150560277190853,8.383077245043136,636.1953021173988,-5.667519421865885,-10.007021540187667,821.864242245623,4.4159148057400515,11.717376261801588
2.31,2.812040370567123,-0.03702048048385967,11.031266512864018,0.4837031313786784,0.048842782673746116,0.25308579438564593,511.52815393966785,-4.415906313669115,-6.031914544109102,701.6223511184019,6.0911424194546315,8.369185794029748,638.7073696618013,-5.522289536204317,-10.007387763576464,824.0742592077291,4.5559000649552095,11.704170715430847
2.32,2.809123397709366,-0.03833354539982808,11.031107373366698,0.4832598575480177,0.04090143176214206,0.2528854173258242,510.3429999234117,-4.484528644493501,-6.029117717711417,700.1201631265845,6.012892617212106,8.355658616191082,641.0049142618735,-5.376357356981276,-10.006358034395879,826.0198534062633,4.692597730777182,11.684523970872903
2.33,2.8056600977074826,-0.03969166631382899,11.030935089806354,0.4826498348381643,0.03269103463003001,0.25268535587217333,509.17672795250564,-4.564161975130321,-6.024670365942865,698.595794670714,5.920009587829345,8.342738141176872,643.0339039818638,-5.234234497267343,-10.004114354655863,827.6605890283246,4.822011695775618,11.659538738715826
2.34,2.801790720732542,-0.041047014574310293,11.030749386043809,0.4819012046751952,0.024491427764479948,0.25249154779930394,508.058557144537,-4.651306750183548,-6.018858415137118,697.0914379877346,5.816604119260715,8.330636796817926,644.7524897275384,-5.099976304469401,-10.000851099455273,828.9684270566919,4.940672896834308,11.630385231655838
2.35,2.797655340199197,-0.042356931775857025,11.030550438140368,0.4810444597766556,0.01655331290537481,0.25230907124347185,507.01217118879345,-4.742708863880118,-6.011980133104232,695.6437557829418,5.706592655042364,8.319535638310319,646.1313147991002,-4.977094669441906,-9.99676464053677,829.9275670612955,5.045704746667379,11.598258448496322
2.36,2.7933895753149796,-0.04358484300334477,11.030338819915183,0.48011136084665545,0.009093455417737798,0.25214209157733763,506.05572200764544,-4.835425248771063,-6.004335639164483,694.2834655190355,5.593608169673525,8.30958326239,647.1534238044445,-4.86849424759872,-9.992045366247423,830.5339241432853,5.134864337439982,11.564339256379203
2.37,2.78912095092577,-0.04470083056444978,11.030115440879785,0.4791338579774771,0.0022914155233019528,0.2519938447784285,505.20201609360356,-4.926871426994939,-5.996217515685575,693.035143897895,5.4809291815121615,8.300895052267315,647.8138049273891,-4.776432092670035,-9.986872124288036,830.794292448428,5.2065603277346995,11.529760050716868
2.38,2.7849659277975864,-0.04568188901794451,11.029881479805717,0.47814306046431215,-0.0037122379934627996,0.2518666514479072,504.4588531917125,-5.014851729167436,-5.98790268675885,691.9172360315038,5.371427148779084,8.293552838045018,648.1186080870715,-4.70250002645739,-9.98140886771185,830.7252511522707,5.259849101368841,11.495575484243046
2.39,2.7810276037544486,-0.046511896130741553,11.029638316916389,0.47716829541257294,-0.00881632311427983,0.25176195567181736,503.82948563292996,-5.097573383134102,-5.979645662645118,690.9422487543143,5.267531924662561,8.287605070531468,648.0840882563264,-4.647628454302111,-9.975803120277769,830.351870884045,5.294411330727334,11.46273851626668
2.4,2.777394061730256,-0.047181343218037713,11.029387467315424,0.4762362894026115,-0.012958174736197129,0.2516803833112319,503.31316668443213,-5.17364606290055,-5.971673192094414,690.1171034033407,5.1712144263478255,8.283067595785592,647.7353279715885,-4.612109799752073,-9.970185792248284,829.7062785107433,5.310511485853486,11.432081838322706
2.41,2.7741373237767335,-0.04768687242216085,11.02913051781866,0.4753704993377176,-0.01611166244219757,0.2516218149171414,502.9057575197789,-5.242068768174734,-5.964180318448555,689.4436203464982,5.083985215571407,8.279925088303088,647.1047957910603,-4.595639285006003,-9.964671862276772,828.8261363812306,5.30894310756691,11.404304577189787
2.42,2.771312859097319,-0.04803066857037232,11.02886906888938,0.47459060930400637,-0.018284268307227906,0.2515854691675105,502.60036456910035,-5.302206082835492,-5.957327798309172,688.9191056736943,5.0069073081557836,8.278133159063115,646.2307981548496,-4.597370435351078,-9.959361481110879,827.7530888649078,5.290962817232403,11.379964053942462
2.43,2.7689595879217523,-0.04821975027741336,11.028604682921543,0.47391220067575707,-0.019513409466587407,0.2515699934204659,502.3879818392529,-5.353755945323558,-5.951240811679389,688.5370098089371,4.94062123660699,8.277621107789411,645.1558808672401,-4.615982441830424,-9.954341132587537,826.5312246238609,5.258216079613131,11.359472282128358
2.44,2.7671003202902718,-0.04826519997400547,11.028338839699071,0.47334659357628084,-0.019862195511043724,0.25157355859905006,502.2581160702336,-5.396711066594396,-5.946008868029728,688.2876283166001,4.885380188835997,8.278295243339096,643.9252334293087,-4.649756378796721,-9.949684590842203,825.2055978169302,5.212657682534482,11.343096814314633
2.45,2.765742568545323,-0.04818136654810793,11.028072899496062,0.4729008497714899,-0.019414809648098483,0.2515939561258383,502.19937612012797,-5.431316064160418,-5.941686792275362,688.1588167602209,4.841092938555169,8.280042657515246,642.5851449331511,-4.696657239952106,-9.945453524854772,823.8208456010678,5.1564697626526605,11.33096549037969
2.46,2.7648796736760315,-0.04798506812737979,11.027808073978987,0.47257792056727094,-0.018271695648916123,0.25162869499095564,502.20001158204724,-5.458022256480454,-5.938296657388888,688.1366939768872,4.807372265793974,8.282735309591374,641.1815544671837,-4.754418822267792,-9.941697709293486,822.4199330892568,5.0919800052199315,11.323074600264587
2.47,2.7644921879351196,-0.04769481683553163,11.02754540482632,0.47237691854727343,-0.016544720670772388,0.2516750972672663,502.2483892015617,-5.477441892822399,-5.935830516186226,688.2063113668451,4.783586632276182,8.286234263471902,639.7587322847054,-4.820628642771552,-9.938454893407833,821.0430505339668,5.02158239150674,11.319299946309503
2.48,2.76454945880772,-0.047330082504872334,11.027285749787314,0.47229348908877006,-0.014352467971598708,0.25173039050226953,502.33339908159775,-5.490303391300078,-5.934253774112809,688.3522695575666,4.7689130159063176,8.290393917053162,638.3581206770227,-4.892810306708184,-9.935750449651914,819.7266810928327,4.947662573673462,11.319410274010265
2.49,2.765011362063045,-0.04691060847265491,11.027029775750783,0.4723202564390839,-0.01181579422755186,0.2517917954513938,502.4447858606321,-5.4974089326439435,-5.933509038312603,688.559267868912,4.762389008749091,8.295066072941257,637.0173558862951,-4.968501042995732,-9.93359696617135,818.5028512392828,4.872529635483291,11.323082533507993
2.5,2.765830134019562,-0.04645578968602307,11.02677795827713,0.4724473195106043,-0.009053764549273077,0.2518566076137653,502.5734029792226,-5.499595518847656,-5.933520276593923,688.8125761725338,4.7629625295606,8.300103719096887,635.7694847922123,-5.045322468813618,-9.931993960931102,817.3985698274038,4.798355659251463,11.329918436082838
2.5100000000000002,2.766952255215762,-0.0459841212070634,11.026530586954246,0.4726627741632606,-0.0061800552712773064,0.2519222710331205,502.7113907772746,-5.497700362418478,-5.934197123606005,689.0984228139037,4.769537780434041,8.305364414410858,634.6423827809697,-5.121043023546434,-9.93092788192129,816.4354561158032,4.727124174699893,11.3394617794285
2.52,2.768320339470208,-0.04551272358678657,11.026287775863755,0.4729532412513245,-0.0032998910196635864,0.25198644287364597,502.8522814709548,-5.492531230688879,-5.935439180722418,689.4042960858774,4.781016372961188,8.31071320458244,633.6583723858629,-5.193630907269265,-9.930372522112982,815.6295517961369,4.66058822276244,11.351216032064515
2.5300000000000002,2.7698749840414623,-0.045056950188888945,11.026049478384849,0.4733043827724459,-0.0005075592357496784,0.25204704740464645,502.99103603331463,-5.484842136639245,-5.937140170448964,689.719160177906,4.796332848884644,8.316025024962311,632.8340361614339,-5.261296755413813,-9.930289926261857,814.9913073445738,4.600238434782577,11.36466169093897
2.54,2.7715565385665233,-0.04463008014766512,11.025815505517693,0.4737013917520801,0.0021154770489867805,0.25210231824776136,503.12401964147244,-5.475314548095023,-5.939191824861821,690.0335894802998,4.814484111428985,8.321186576576759,632.1802119544349,-5.322525665467981,-9.93063180708287,814.5257288947357,4.547281212034571,11.37927295756401
2.5500000000000003,2.7733067530146993,-0.044243099064098415,11.025585546877766,0.47412944475641416,0.004501868223768077,0.25215082805973604,503.2489236531549,-5.464544085354406,-5.941487409506481,690.3398275402693,4.8345525561456215,8.326097687279676,631.702154352491,-5.376098551673758,-9.931341428758138,814.2326683826909,4.502626798336518,11.394533317625402
2.56,2.775070268370602,-0.043904567691300356,11.025359193498907,0.4745741089468396,0.006599087718613201,0.25219150523110817,503.3646430359101,-5.4530324968782296,-5.943924808010814,690.6317788220534,4.855722936134788,8.330672190474512,631.3998426671993,-5.421103129952087,-9.932355863474143,814.107236988956,4.46688677518281,11.40994965755379
2.57,2.7767959183939364,-0.04362057673597228,11.025135961589223,0.47502169823587986,0.008369597413358732,0.252223637651923,503.4711187946054,-5.441184546553012,-5.946409116977129,690.9049427240491,4.87729321010505,8.334838368415738,631.2684133425724,-5.456935120312368,-9.933608487437265,814.1403199330035,4.440380278931066,11.42506460924793
2.58,2.778437816691685,-0.04339478358615423,11.024915316412047,0.47545957531518424,0.009790517670473422,0.25224686409530683,503.56915523070035,-5.429309316498376,-5.9488547241882905,691.1563000831147,4.898679799269335,8.338539015710959,631.2986931378474,-5.483290492749648,-9.935031560205891,814.3191694769812,4.423148046864278,11.439466880464662
2.59,2.779956210404127,-0.043228524405349744,11.024696695515718,0.47587639809915977,0.01085286161974489,0.2522611542589042,503.6602218290697,-5.417625327995223,-5.951186864665652,691.3841627003319,4.919417818938399,8.341731181843695,631.477808753638,-5.500149772334151,-9.936558726452132,814.6280525601572,4.414973246153142,11.452799401861043
2.6,2.7813180897982304,-0.0431209927796781,11.0244795306103,0.47626231050888973,0.011560401197247943,0.25226677894340765,503.7462492194412,-5.406268810755788,-5.953342667797917,691.587996315932,4.939156952996015,8.344385650278,631.7898486702995,-5.507755559163052,-9.938127291395007,815.0489297838249,4.415407928517245,11.464765199850095
2.61,2.7824975515838872,-0.043069474143768986,11.02426326748457,0.4766090785866356,0.011928237435134265,0.2522642722021745,503.82942802322,-5.3953044075105705,-5.95527172410061,691.7682270121641,4.957653705792875,8.346486207198787,632.216553752619,-5.506584510179213,-9.93968014718965,815.5621434449063,4.423803884213873,11.475130984065055
2.62,2.783475922327504,-0.04306962369892595,11.024047383469169,0.47691017377081474,0.011981149736428692,0.2522543875405327,503.91201850441246,-5.384737586059119,-5.956936211960407,691.9260403007767,4.974760799032085,8.348028746470419,632.7380145439223,-5.497315075168096,-9.941167263248031,816.147093900723,4.439346641143871,11.48372851558007
2.63,2.7842416564130423,-0.043115774591054645,11.023831402076532,0.4771608058611779,0.011751798546919425,0.25223805036338315,503.9961778368579,-5.374528042961235,-5.95831063305669,692.06318122264,4.990414484372874,8.349020250174837,633.3333550223856,-5.4807922822490145,-9.94254669392316,816.7828856444652,4.461091366418368,11.490453893293116
2.64,2.784790030108153,-0.04320126280214633,11.02361490457934,0.4773579088344806,0.01127885321117327,0.2522163088627618,504.08381052834386,-5.3646034195813925,-5.959381210350975,692.1817627108585,5.0046205196234705,8.349477677131768,633.9813848210509,-5.457990833446447,-9.943785097391393,817.448926973925,4.487999475586813,11.495264957578325
2.65,2.785122659042175,-0.04331875553786248,11.02339753842038,0.4775000832787969,0.01060511217492827,0.25219028541215094,504.1764461607097,-5.354872709149083,-5.960145005059149,692.2840882987665,5.017439511651622,8.349426785848673,634.6612044232139,-5.429977703539313,-9.944857795758029,818.1254699298428,4.518974834779755,11.49817705972613
2.66,2.785246870534708,-0.04346057082142617,11.023179022471899,0.4775874998191184,0.00977567640767513,0.2521611303098656,504.2751471727491,-5.3452388091349,-5.960608809415428,692.3724940358754,5.028972266635456,8.348900913820119,635.352750544117,-5.3978753407066815,-9.945748435301738,818.7940801463945,4.552898548297546,11.499257481055484
2.67,2.7851749646169037,-0.04361897744154318,11.022959149276188,0.47762176850146476,0.008836229322654765,0.2521299794146086,504.380447988429,-5.335609762401883,-5.960787870836006,692.449213247079,5.039345712049448,8.347939732117498,636.0372717117148,-5.362826450954206,-9.946448325552671,819.4380292798493,4.588661453111376,11.498618806239508
2.68,2.7849233982943935,-0.04378646622728813,11.022737784496929,0.4776057796600643,0.007831467929045497,0.25209791687031297,504.4923254328171,-5.325908328825124,-5.960704500774419,692.5162665659168,5.048699868665407,8.346587992638757,636.6977268833683,-5.325961215287888,-9.946955546043535,820.0426056548123,4.625193586386689,11.496411561719938
2.69,2.7845119267624803,-0.04395598569499006,11.022514863889594,0.4775435222715451,0.00680372082010218,0.25206594375280006,504.61019913212465,-5.3160796318807435,-5.9603866185053205,692.57537851973,5.05717625846952,8.344894284892275,637.3191027077887,-5.288367644278202,-9.947273910678808,820.5953415957733,4.661490046465932,11.492816423377386
2.7,2.783962733140325,-0.04412113728640599,11.022290388157256,0.4774398861559016,0.005791779223255258,0.2520349531131234,504.7329595038762,-5.306096727756837,-5.95986627653577,692.6279208671931,5.064908039089766,8.342909819327824,637.8886476951631,-5.251065623954165,-9.947411873188301,821.0861585149021,4.6966328258783445,11.488036279812931
2.71,2.7832995751308705,-0.044276327558436454,11.022064416095079,0.4773004545739625,0.004829958030944567,0.25200571156278245,504.8590200400617,-5.295964043811663,-5.959178210465881,692.6748819082469,5.0720120601913665,8.340687254532277,638.3960240333781,-5.214985054471766,-9.947381445041975,821.5074331423532,4.729808351408682,11.482288411010922
2.72,2.782546973143054,-0.044416876676686395,11.021837056443625,0.47713129376287056,0.003947394779411166,0.2519788472596652,504.9863898904497,-5.2857187252126625,-5.958358451945605,692.7168601209619,5.078582945119758,8.338279585654712,638.8333800327332,-5.180948332941693,-9.947197181687885,821.8539902674493,4.7603206161526685,11.475797009261315
2.73,2.7817294601253852,-0.04453908431954849,11.02160845886942,0.47693874572707434,0.0031675861940478668,0.2519548439200147,505.1127622746039,-5.275430010432958,-5.957443038883125,692.7540797447135,5.084689214365001,8.335739110891792,639.1953481526317,-5.149657287978171,-9.94687527613773,822.1230289799282,4.787599927644381,11.468786232406785
2.74,2.780870908915192,-0.04464025555764564,11.021378804474189,0.4767292301618664,0.0025081543793468507,0.25193404030464933,505.23561398845965,-5.265196825768815,-5.956466852201973,692.7864253360876,5.0903713883659885,8.333116491555122,639.4789752280258,-5.121684539302118,-9.946432782579379,822.3139906478685,4.811207421194563,11.461473940892802
2.75,2.779993948521861,-0.0447186904069731,11.021148296204094,0.47650906074581295,0.001980828159563234,0.2519166345059943,505.3523112143991,-5.255143844686838,-5.955462603178358,692.8134918814249,5.095641937608974,8.330459919104728,639.6835928481252,-5.09746913393877,-9.945886978241209,822.4283777450474,4.830835596018379,11.454066231552874
2.7600000000000002,2.7791194766016516,-0.0447736415615604,11.020917149490987,0.476284280228632,0.0015916195880498272,0.2519026922913945,505.46021697476715,-5.245416298837846,-5.954459989713099,692.834646761685,5.100486889349387,8.32781439963988,639.8106368325523,-5.077316203527971,-9.945254860078832,822.4695331593083,4.846305221876069,11.446752843991664
2.77,2.778266271566758,-0.044805245313523326,11.020685583411888,0.4760605178046957,0.0013411713091267888,0.2518921587303833,505.5567958639909,-5.236173853865433,-5.953485033859284,692.8490997307209,5.1048688536513565,8.325221162868912,639.8634253993835,-5.061400296765717,-9.944552764448208,822.4423897989564,4.8575590349340665,11.439703480905427
2.7800000000000002,2.777450704379678,-0.04481443090122862,11.020453812603353,0.4758428712489728,0.0012252473037772486,0.2518848723405518,505.6397121263218,-5.2275838751518755,-5.952559606654512,692.8559770815522,5.108731197405403,8.322717198775294,639.8469059340576,-5.049771968210437,-9.943796092793065,822.3532001974183,4.864652693222005,11.433065052433157
2.79,2.7766865471592563,-0.044802813535271095,11.020222040116805,0.4756358152540489,0.0012353375671586503,0.25188058101964517,505.70691768472193,-5.219814407346646,-5.951701139978336,692.8543963265952,5.112003073725225,8.320334921333574,639.7673802664058,-5.042367150214999,-9.942999124207574,822.2092554339297,4.867743494894716,11.426959827109206
2.8000000000000003,2.775984873282535,-0.04477257618530449,11.019990451350782,0.475443136394286,0.0013593464040146024,0.2518789590824018,505.7567273411177,-5.21302717826061,-5.950922518994175,692.8435379926162,5.114605005390738,8.318101954971372,639.6322180718541,-5.039018798626005,-9.942174896002985,822.0186020798398,4.8670773775293945,11.421484448413063
2.81,2.7753540417020757,-0.044726344914623656,11.019759209148392,0.47526789420130316,0.0015823342089326968,0.2518796247825196,505.78787902936295,-5.207370914127041,-5.950232142994823,692.8227115110486,5.116454724121866,8.316041036252491,639.4495674660624,-5.03947028461843,-9.941335135450784,821.7897650878335,4.862974715334589,11.41670975633302
2.82,2.774799756692736,-0.04466706216414298,11.019528450103444,0.47511240700082225,0.0018872837179818543,0.2518821577675646,505.79957768178826,-5.202975221164918,-5.949634137399044,692.7914126483029,5.117472981414684,8.314170020646584,639.2280710990865,-5.043390003614423,-9.94049022900265,821.5314836068367,4.855815415186426,11.412681337709596
2.83,2.774325193166232,-0.044597861945566905,11.019298282078324,0.4749782604618446,0.0022558636528140826,0.25188611598378857,505.79152194284075,-5.1999452497672465,-5.949128695470241,692.7493704457312,5.117589070102513,8.312501982356645,638.9765951184697,-5.050386686244634,-9.939649218850292,821.2524656696668,4.846023783834474,11.409420717248347
2.84,2.773931177011374,-0.044521950429083634,11.019068782900158,0.47486633626201463,0.0026691652900973526,0.2518910516163069,505.763913607007,-5.198357314423974,-5.94871252522065,692.6965822010619,5.1167458271289545,8.311045394031567,638.7039773051263,-5.0600249239708965,-9.938819820140484,820.9611666026731,4.8340535995595175,11.40692709278591
2.85,2.7736164095953155,-0.04444249491990951,11.018840000170302,0.47477685788462914,0.0031083906321184482,0.2518965257167396,505.71745025417107,-5.198255596590928,-5.9483793750412755,692.6333355988946,5.11490392549141,8.309804372771387,638.4187995362427,-5.071840461252641,-9.938008455091511,820.6655948832882,4.820373774214071,11.405179513419082
2.86,2.773377725557046,-0.044362523720047786,11.018611952095156,0.4747094503305826,0.003555474379590686,0.2519021212349411,505.6533020890761,-5.199650010911661,-5.948120610896325,692.5602176645009,5.1120453050712005,8.308778979052077,638.1291885390336,-5.08535485476963,-9.937220302412577,820.3731480559178,4.805454938111964,11.404139397207798
2.87,2.7732103733000493,-0.04428483887184198,11.018384629224254,0.4746632104423883,0.003993625668203016,0.2519074542340863,505.5730744511274,-5.202515269141783,-5.94792581840908,692.4781107523966,5.108175636258483,8.307965555939308,637.8426477085136,-5.100089155882226,-9.936459361700969,820.0904802385598,4.789757222767088,11.403753286065706
2.88,2.773108308108107,-0.044211943281064314,11.018157996964222,0.4746367845811891,0.0044077793857915295,0.25191218312955843,505.4787578386942,-5.206791132260191,-5.947783404740898,692.388176271075,5.103325755096588,8.307357097085918,637.5659216078167,-5.115576332887839,-9.935728532908849,819.8234017379131,4.773719457025816,11.403955738875483
2.89,2.773064488529368,-0.04414598322172643,11.017931998724757,0.4746284505512421,0.0047849507070068615,0.25191601585216306,505.37266758367537,-5.212383800831666,-5.947681177667048,692.2918272733692,5.09755205242829,8.306943633370524,637.3048936828192,-5.131372212439922,-9.935029710666363,819.5768103608295,4.757749932523647,11.404672269513808
2.9,2.773071167562528,-0.044088706735951624,11.017706559545093,0.474636200907551,0.005114490150159101,0.2519187148952083,505.2573755158547,-5.219168357725568,-5.947606882481052,692.1906913972283,5.090935840725397,8.306712629497879,637.0645167298704,-5.147064782617672,-9.934363892420002,819.3546531823067,4.742218836304657,11.405822244036408
2.91,2.773120171199999,-0.04404143796554186,11.01748159004649,0.4746578250884424,0.005388239875469227,0.25192010026260997,505.13563607348226,-5.226992146596443,-5.947548681088204,692.0865659168857,5.083581759631805,8.30664938332872,636.8487747768288,-5.162281761635301,-9.93373129823279,819.1599168176164,4.727452393318288,11.40732166043512
2.92,2.773203158000982,-0.04400506699505612,11.017256990557899,0.4746909881642678,0.005600595021584615,0.25192005039061777,505.01030935000296,-5.235678944654487,-5.947495561645157,691.9813668558851,5.075615313716975,8.306737422043204,636.6606742879143,-5.176696394374014,-9.93313149893343,818.9946436574037,4.713728710594555,11.409085744800675
2.93,2.7733118545478352,-0.04398005435912715,11.017032655268016,0.47473330436630584,0.005748476552644695,0.2519185011678624,504.88428352227294,-5.245033769546992,-5.947437671143441,691.8770742209332,5.067179662741783,8.306958890405033,636.5022619911011,-5.190031492394553,-9.932563548303845,818.8599710641021,4.7012752691885655,11.41103130905823
2.94,2.773438262848241,-0.04396644898057782,11.016808476266904,0.47478240393931326,0.005831224314798836,0.2519154432257685,504.7603989900769,-5.254848147764724,-5.94736656722027,691.7756754420201,5.058431805386343,8.307294927348947,636.3746661564954,-5.202061780728684,-9.93202611432084,818.7561901965494,4.690267970252904,11.413078827332193
2.95,2.7735748369498157,-0.04396391797219147,11.016584347353993,0.47483599223297024,0.0058504207506284815,0.25191091771243884,504.641376378709,-5.264905665820052,-5.947275389043808,691.6791090552163,5.049538311630741,8.307726027852018,636.2781578243885,-5.21261465572409,-9.931517604218763,818.682820924112,4.680831608361357,11.415154200083453
2.96,2.7737146272012563,-0.04397178646448405,11.016360167505862,0.47489190030072176,0.005809656981648858,0.2519050107964102,504.5297503253673,-5.274987625272065,-5.947158950234365,691.5892105478093,5.040670766823629,8.308232387584901,636.2122282870242,-5.2215694920111355,-9.93103627835164,818.6386992057069,4.673041618774521,11.41719018709505
2.97,2.7738513916949463,-0.04398908542333957,11.016135843916139,0.47494812660116387,0.005714253748392933,0.2518978471709539,504.4278106963961,-5.284878628098955,-5.94701375936674,691.5076621104112,5.032001092142635,8.30879422820104,636.1756790598254,-5.228855663014286,-9.930580348481069,818.6220733337271,4.666926925788905,11.419127501826493
2.98,2.7739796754337003,-0.04401460530087024,11.015911294540366,0.47500286969165395,0.005570950014431742,0.2518895828439594,504.33755257680343,-5.294371929399356,-5.946837975607,691.4359478179953,5.023696902067609,8.309392101351472,636.1667206243295,-5.234449458349166,-9.930148057129006,818.6307055665374,4.662473706527281,11.4209155703086
2.99,2.7740948586559733,-0.04404695332281104,11.015686450100008,0.4750545520629008,0.0053875719275023395,0.25188039750244684,504.26063604688187,-5.303274409295233,-5.946631308469222,691.3753155026732,5.015917050221086,8.31000716965337,636.1830763725158,-5.2383700931630255,-9.929737735899872,818.6619758825941,4.659629878209726,11.42251296734028
3.0,2.7741931765128984,-0.04408461225295883,11.015461255521155,0.47510183548516044,0.005172694341309344,0.25187048673472684,504.19835642446947,-5.311411034355784,-5.9463948715674135,691.3267462976357,5.0088075013076105,8.31062146293272,636.2220884121549,-5.240675009583306,-9.929347842069753,818.7129848667021,4.658310116461228,11.423887551070601
