time_s,ay_mps2,ax_mps2,speed_mps,roll_deg,pitch_deg,yaw_rate_radps,Fz_FL,jounce_FL_mm,geometric_FL_n,Fz_FR,jounce_FR_mm,geometric_FR_n,Fz_RL,jounce_RL_mm,geometric_RL_n,Fz_RR,jounce_RR_mm,geometric_RR_n
0.0,0.0,0.0,15.0,0.0,0.0,0.0,598.5082183333004,-0.0,-0.0,598.5082183333004,-0.0,0.0,731.5100446295896,-0.0,0.0,731.5100446295896,-0.0,0.0
0.01,1.5564457453646112e-18,1.1169533421866411e-18,15.0,-7.690214185456993e-20,6.525848523229256e-18,-8.36050385059357e-22,598.5082183333004,-0.0,4.612309176578372e-17,598.5082183333004,-0.0,5.424656355314361e-17,731.5100446295896,-0.0,-7.688233257189539e-17,731.5100446295896,-0.0,-6.585622092129771e-17
0.02,2.7945401668247537e-18,4.467813361824715e-18,15.0,-3.0751118349069575e-19,2.6103394052475815e-17,-5.043696727749423e-22,598.5082183333004,-0.0,9.319550574517024e-17,598.5082183333004,-0.0,1.0754380448257996e-16,731.5100446295896,-0.0,-1.525853805282008e-16,731.5100446295896,-0.0,-1.328917258749642e-16
0.03,3.787364886569916e-18,1.0052580051914078e-17,15.0,-6.917286395933165e-19,5.873263654684105e-17,4.8812006147583005e-22,598.5082183333004,-0.0,1.410022928658992e-16,598.5082183333004,-0.0,1.6010667203859926e-16,731.5100446295896,-0.0,-2.2734251597509485e-16,731.5100446295896,-0.0,-2.008731430080021e-16
0.04,4.590457542412855e-18,1.787125340864091e-17,15.0,-1.2295008532226703e-18,1.0441357598404254e-16,1.8204979679349935e-21,598.5082183333004,-0.0,1.8938348965774226e-16,598.5082183333004,-0.0,2.1209512980413666e-16,731.5100446295896,-0.0,-3.0133522712658826e-16,731.5100446295896,-0.0,-2.696189842666843e-16
0.05,5.2462317371133864e-18,2.79238334301902e-17,15.0,-1.9208022887967836e-18,1.6314621235347598e-16,3.2936021058350794e-21,598.5082183333004,-0.0,2.382193506797466e-16,598.5082183333004,-0.0,2.6362892329008995e-16,731.5100446295896,-0.0,-3.747050706533351e-16,731.5100446295896,-0.0,-3.389876930798273e-16
0.06,5.787225241209974e-18,4.021032011597232e-17,15.0,-2.76562465103132e-18,2.349305456516965e-16,4.787303402023025e-21,598.5082183333004,-0.0,2.874197319410139e-16,598.5082183333004,-0.0,3.1479819652954665e-16,731.5100446295896,-0.0,-4.475627441788198e-16,731.5100446295896,-0.0,-4.0886857188394523e-16
0.07,6.3582419207855054e-18,5.474198465202996e-17,15.0,-3.764746177366629e-18,3.198324282737984e-16,6.12646161949084e-21,598.5082183333004,-0.0,3.40102232743519e-16,598.5082183333004,-0.0,3.69490229865551e-16,731.5100446295896,-0.0,-5.254009478983894e-16,731.5100446295896,-0.0,-4.837307598936884e-16
0.08,5.636222139898005e-19,7.098837003226585e-17,15.0,-4.9154429767792775e-18,4.147526420706159e-16,4.1533607150164445e-20,598.5082183333004,-0.0,3.70815578758057e-16,598.5082183333004,-0.0,3.653861888550552e-16,731.5100446295895,-0.0,-5.417779384888885e-16,731.5100446295895,-0.0,-5.388808986736441e-16
0.09,5.0669206891191395e-17,8.808597438061006e-17,15.0,-1.1405048400120445e-17,5.14646139742568e-16,-2.4795724069526614e-19,598.5082183333005,-0.0,2.7386715392721644e-16,598.5082183333004,-0.0,5.543804606327408e-16,731.5100446295896,-0.0,-6.860652352189374e-16,731.5100446295895,-0.0,-3.6762281545965873e-16
0.1,-1.7694217215094517e-17,1.0642733255596636e-16,15.0,-1.5070985019157307e-17,6.218063232900265e-16,2.38887268943887e-19,598.5082183333005,-0.0,4.84894295000706e-16,598.5082183333005,-0.0,3.55751603834814e-16,731.5100446295895,-0.0,-4.770310544740305e-16,731.5100446295895,-0.0,-5.942889503810344e-16
0.11,-1.3131042702842093e-17,1.2442798245970082e-16,15.0,-1.581514760457818e-17,7.269759039293434e-16,1.5874232262667306e-19,598.5082183333005,-0.0,4.652087331119828e-16,598.5082183333005,-0.0,3.6733091262922925e-16,731.5100446295896,-0.0,-4.822438727867038e-16,731.5100446295895,-0.0,-5.775479980197325e-16
0.12,-6.97138845312559e-17,1.4228248275884197e-16,15.0,-1.623654186694493e-17,8.312915991418629e-16,5.336333391040093e-19,598.5082183333004,-0.0,6.381903562487112e-16,598.5082183333005,-0.0,2.0614774131591867e-16,731.5100446295895,-0.0,-3.103563836305303e-16,731.5100446295896,-0.0,-7.662144024903258e-16
0.13,-8.086828773104357e-17,1.599820160397242e-16,15.0,-1.6486481829666212e-17,9.347018928044173e-16,5.994889828627172e-19,598.5082183333004,-0.0,6.631132431229002e-16,598.5082183333005,-0.0,1.6580643446635599e-16,731.5100446295895,-0.0,-2.6328380954591694e-16,731.5100446295896,-0.0,-7.913600011614808e-16
0.14,5.164007063460927e-17,1.777425636192951e-16,15.0,-1.295876636736934e-17,1.0384686651630417e-15,-4.1912641232032214e-19,598.5082183333005,-0.0,2.6140343378861084e-16,598.5082183333004,-0.0,5.626020374961971e-16,731.5100446295896,-0.0,-6.75125770948542e-16,731.5100446295895,-0.0,-3.725294066183395e-16
0.15,5.628690134543207e-17,1.9471946368028213e-16,15.0,-1.1106147348091976e-17,1.1376569427817951e-15,-4.7654492669653945e-19,598.5082183333005,-0.0,2.3647552636583946e-16,598.5082183333004,-0.0,5.692150144941689e-16,731.5100446295896,-0.0,-6.765062952573935e-16,731.5100446295895,-0.0,-3.4510269665848035e-16
0.16,-5.45465623927255e-17,2.1149197903160522e-16,15.0,-1.3931006816067942e-17,1.2356510938373743e-15,3.8330906752159257e-19,598.5082183333004,-0.0,5.691923610603692e-16,598.5082183333005,-0.0,2.332409741024972e-16,731.5100446295895,-0.0,-3.274308113357909e-16,731.5100446295896,-0.0,-6.895460153289184e-16
0.17,-8.455904038430028e-17,2.292021011917144e-16,15.0,-1.0796593034991143e-17,1.339123253487751e-15,5.657504835681961e-19,598.5082183333004,-0.0,6.723376974791096e-16,598.5082183333005,-0.0,1.6352528056259112e-16,731.5100446295895,-0.0,-2.5679598864319354e-16,731.5100446295896,-0.0,-8.077220879456742e-16
0.18,9.718885524769694e-17,2.4697721946505994e-16,15.0,-2.320000267175607e-18,1.4429751557590227e-15,-8.535508806384182e-19,598.5082183333005,-0.0,1.1733926933800416e-16,598.5082183333004,-0.0,7.090484634667527e-16,731.5100446295896,-0.0,-8.402173980867489e-16,731.5100446295895,-0.0,-2.4982969724140106e-16
0.19,6.10688090213023e-17,2.647745164962328e-16,15.0,-1.1307671665926056e-17,1.5469566383883524e-15,-3.992986277267316e-19,598.5082183333005,-0.0,2.6258059848690163e-16,598.5082183333005,-0.0,6.123175590846972e-16,731.5100446295896,-0.0,-6.946273878025596e-16,731.5100446295895,-0.0,-3.194739131421264e-16
0.2,-1.0519890497943736e-16,2.823424473776606e-16,15.0,-1.575408007213837e-17,1.6495980393033806e-15,8.426232306693381e-19,598.5082183333004,-0.0,7.271873110587872e-16,598.5082183333005,-0.0,7.853147389597496e-17,731.5100446295895,-0.0,-1.907035936980977e-16,731.5100446295896,-0.0,-8.622669351079623e-16
0.21,-1.174009087776139e-16,3.000664204754081e-16,15.0,-1.4092253675002777e-17,1.7531511236598469e-15,8.697718696955173e-19,598.5082183333004,-0.0,7.807768599469638e-16,598.5082183333005,-0.0,6.688973580724012e-17,731.5100446295895,-0.0,-1.5327630454706888e-16,731.5100446295896,-0.0,-9.069100459203697e-16
0.22,-7.77780787967539e-17,3.1872731030279365e-16,15.0,-1.7584616347049143e-17,1.8621781847936495e-15,6.158587371129052e-19,598.5082183333012,5.551115123125783e-14,6.764640232553175e-16,598.5082183333004,-0.0,1.9254529940307443e-16,731.5100446295895,-0.0,-2.978899990951194e-16,731.5100446295896,-0.0,-8.029073225944453e-16
0.23,2.7294596006718863e-16,3.3459771071340806e-16,15.0,-2.560785900480201e-17,1.954901690038651e-15,-1.8129808207892396e-18,598.508218333301,5.551115123125783e-14,-5.406808642825398e-16,598.508218333301,5.551115123125783e-14,1.0481197013239088e-15,731.5100446295896,-0.0,-1.2921712525267775e-15,731.5100446295895,-0.0,4.1112691687083846e-16
0.24,1.8226225739352605e-16,3.4289089487531163e-16,15.0,-5.009466043495486e-17,2.0033549795107757e-15,-9.594267784451328e-19,598.508218333301,5.551115123125783e-14,-5.501288746867564e-16,598.508218333301,5.551115123125783e-14,4.584543042706308e-16,731.5100446295896,-0.0,-9.512133409194392e-16,731.5100446295896,-0.0,1.7366879027549472e-16
0.25,1.0551473522913886e-16,3.433501132425003e-16,15.0,-7.349846142545867e-17,2.0060379828110665e-15,-3.1956111044632387e-19,598.508218333301,5.551115123125783e-14,-6.024004265657155e-16,598.508218333301,5.551115123125783e-14,-7.892663867069316e-17,731.5100446295896,-0.0,-6.706468836494265e-16,731.5100446295896,-0.0,-4.8846662637765884e-17
0.26,-1.5572574833632267e-16,3.3683076186362315e-16,15.0,-8.246358770631044e-17,1.9679483885895477e-15,1.3868122868161059e-18,598.5082183333009,5.551115123125783e-14,-4.621014759564781e-17,598.5082183333009,5.551115123125783e-14,-1.0687593526731703e-15,731.5100446295896,-0.0,2.156926779108615e-16,731.5100446295896,-0.0,-8.39597207064866e-16
0.27,-1.6704821394412385e-16,3.242222930600632e-16,15.0,-9.284067453965958e-17,1.8942828607521773e-15,1.4010703765309346e-18,598.508218333301,5.551115123125783e-14,-2.223477461670604e-16,598.5082183333002,-0.0,-1.3144822525934666e-15,731.5100446295896,-0.0,2.8854912392400973e-16,731.5100446295896,-0.0,-8.595404647860097e-16
0.28,-1.0082189082540732e-15,3.085861574432361e-16,15.0,-3.8432872129229104e-17,1.8029280577625343e-15,6.528855181265115e-18,598.5082183333003,-0.0,2.1590856820648443e-15,598.5082183333003,-0.0,-3.805784020674883e-15,731.5100446295895,-0.0,2.9510222465209818e-15,731.5100446295896,-0.0,-3.532580327970769e-15
0.29,-1.8847421735056654e-16,2.9482766656467684e-16,15.0,2.1949710421511913e-17,1.7225434758909793e-15,1.6675045536962965e-19,598.5082183333003,-0.0,-2.027664454472841e-16,598.5082183333003,-0.0,-1.1901726496732835e-15,731.5100446295895,-0.0,2.751084497300893e-16,731.5100446295896,-0.0,-1.0260449763654949e-15
0.3,-9.088100221871597e-17,2.850679210811221e-16,15.0,5.267496804366363e-17,1.6655217380570042e-15,-4.0232256513912412e-19,598.5082183333003,-0.0,-3.672723714332905e-16,598.5082183333003,-0.0,-7.617214831107885e-16,731.5100446295895,-0.0,-1.112991860516367e-16,731.5100446295896,-0.0,-7.410576296078046e-16
0.31,7.326483699228876e-17,2.7895320782312743e-16,15.0,7.355284791945632e-17,1.6297962596708295e-15,-1.3228358046815712e-18,598.5082183333003,-0.0,-7.261523113463907e-16,598.5082183333004,-0.0,-1.5179221333965417e-16,731.5100446295896,-0.0,-6.948823845443031e-16,731.5100446295896,-0.0,-2.3212509350519707e-16
0.32,-9.283512708000868e-17,2.7629446229216186e-16,15.0,9.813884148970932e-17,1.6142624231697207e-15,-2.890643000338677e-20,598.5082183333003,-0.0,-1.6571800885563878e-16,598.5082183333004,-0.0,-5.69750136094438e-16,731.5100446295895,-0.0,-2.623044706928031e-16,731.5100446295896,-0.0,-8.009039107154804e-16
0.33,7.289698913777667e-17,2.757326054316227e-16,15.0,1.164491245085046e-16,1.6109797500041278e-15,-1.0331939823148762e-18,598.5082183333004,-0.0,-6.171690390785038e-16,598.5082183333004,-0.0,-3.730039020254453e-17,731.5100446295895,-0.0,-8.600863181558958e-16,731.5100446295896,-0.0,-3.0911614731235443e-16
0.34,2.6702449894378183e-16,2.7598866210375543e-16,15.0,1.1598640279162286e-16,1.6124757722573307e-15,-2.0562696932627322e-18,598.5082183333004,-0.0,-1.1886268969182004e-15,598.5082183333004,-0.0,5.104221076262764e-16,731.5100446295895,-0.0,-1.507092955937116e-15,731.5100446295895,-0.0,3.1000936279439495e-16
0.35000000000000003,2.036591388434229e-16,2.761172373352239e-16,15.0,1.0676159251908965e-16,1.6132269786441253e-15,-1.290927649436126e-18,598.5082183333004,-0.0,-9.811232093429217e-16,598.5082183333004,-0.0,3.0291815126468113e-16,731.5100446295895,-0.0,-1.3200921481893932e-15,731.5100446295895,-0.0,1.230089372953709e-16
0.36,1.565441952278345e-16,2.7624580767225943e-16,15.0,9.7605642302591e-17,1.6139781564349825e-15,-7.865645005246031e-19,598.5082183333004,-0.0,-8.292183153851901e-16,598.5082183333004,-0.0,1.5101308017580354e-16,731.5100446295895,-0.0,-1.1754396126101032e-15,731.5100446295895,-0.0,-2.1643346380657297e-17
0.37,1.2130517656048044e-16,2.763743747950731e-16,15.0,8.849491315799488e-17,1.6147293154466085e-15,-4.567880784334299e-19,598.5082183333004,-0.0,-7.170960798064674e-16,598.5082183333004,-0.0,3.8890728780381295e-17,731.5100446295895,-0.0,-1.0627744450555777e-15,731.5100446295895,-0.0,-1.343083492289446e-16
0.38,9.479678921259014e-17,2.765029398257708e-16,15.0,7.94136181108195e-17,1.6154804622349564e-15,-2.4336595392074887e-19,598.5082183333004,-0.0,-6.335889906984572e-16,598.5082183333004,-0.0,-4.461643528097481e-17,731.5100446295895,-0.0,-9.74397012977916e-16,731.5100446295895,-0.0,-2.226856747133129e-16
0.39,7.474511928862797e-17,2.7663150351064195e-16,15.0,7.035125757549525e-17,1.6162316011602532e-15,-1.0713257730518921e-19,598.5082183333004,-0.0,-5.7077781843616e-16,598.5082183333004,-0.0,-1.074276553881121e-16,731.5100446295895,-0.0,-9.045519192334563e-16,731.5100446295895,-0.0,-2.9253070041625933e-16
0.4,5.949683936558197e-17,2.767600663435114e-16,15.0,6.130088389924904e-17,1.616982735107694e-15,-2.1815459654599342e-20,598.5082183333004,-0.0,-5.230206124648051e-16,598.5082183333004,-0.0,-1.551848913226368e-16,731.5100446295895,-0.0,-8.489126018910741e-16,731.5100446295895,-0.0,-3.481699751471617e-16
0.41000000000000003,4.784279102004417e-17,2.7688862864909217e-16,15.0,5.22579286786142e-17,1.617733865974427e-15,3.01532673166089e-20,598.5082183333004,-0.0,-4.862777894697313e-16,598.5082183333004,-0.0,-1.9192773256900505e-16,731.5100446295895,-0.0,-8.042088384109263e-16,731.5100446295895,-0.0,-3.928737126716226e-16
0.42,3.8893392086018253e-17,2.770171906392114e-16,15.0,4.3219411704824976e-17,1.6184849949980623e-15,6.047563177019595e-20,598.5082183333004,-0.0,-4.57641760933247e-16,598.5082183333004,-0.0,-2.2056377175463133e-16,731.5100446295895,-0.0,-7.67955997365838e-16,731.5100446295895,-0.0,-4.2912653857226024e-16
0.43,3.1990263088728446e-17,2.7714575245066193e-16,15.0,3.4183408430332506e-17,1.6192361229778183e-15,7.690965622429112e-20,598.5082183333004,-0.0,-4.350081246494102e-16,598.5082183333004,-0.0,-2.431974138100588e-16,731.5100446295895,-0.0,-7.382570925760441e-16,731.5100446295895,-0.0,-4.588254351541105e-16
0.44,2.664325059453234e-17,2.7727431417062165e-16,15.0,2.5148692345086343e-17,1.619987250423035e-15,8.456866847940961e-20,598.5082183333004,-0.0,-4.16845045327526e-16,598.5082183333004,-0.0,-2.6136049582177054e-16,731.5100446295895,-0.0,-7.136572022456104e-16,731.5100446295895,-0.0,-4.834253216592652e-16
0.45,1.8199083266651242e-17,2.774250646012537e-16,15.0,1.6170893607581328e-17,1.62086801637624e-15,1.1757090635160964e-19,598.5082183333004,-0.0,-3.9351593963014096e-16,598.5082183333004,-0.0,-2.9313791412683077e-16,731.5100446295895,-0.0,-7.03081410297083e-16,731.5100446295895,-0.0,-5.409964127179491e-16
0.46,4.1297509654498773e-17,2.766672874840963e-16,15.0,6.083038702487783e-18,1.6164406705828538e-15,-6.634330755476638e-20,598.5082183332999,-5.551115123125783e-14,-2.802816161295383e-16,598.5082183332999,-5.551115123125783e-14,-4.908526766973094e-17,731.5100446295887,-5.551115123125783e-14,-2.9587422639196463e-16,731.5100446295887,-5.551115123125783e-14,-3.636946784228876e-18
0.47000000000000003,3.298978305835757e-17,2.741806701688203e-16,15.0,-5.091818901360899e-18,1.6019125006747334e-15,-9.655771050976032e-21,598.5082183332999,-5.551115123125783e-14,2.79089978719076e-17,598.5082183332999,-5.551115123125783e-14,2.0044504499574223e-16,731.5100446295887,-5.551115123125783e-14,3.0408776238898507e-16,731.5100446295887,-5.551115123125783e-14,5.292866222958964e-16
0.48,2.776828954516248e-17,2.709293750190461e-16,15.0,-1.6209150117459554e-17,1.5829166672317722e-15,2.4299860630559637e-20,598.5082183333004,-0.0,2.990596972224968e-16,598.5082183333004,-0.0,4.3133207585458043e-16,731.5100446295897,-0.0,7.390848618952727e-16,731.5100446295897,-0.0,9.167825129769234e-16
0.49,2.4461360353209567e-17,2.694388471924299e-16,15.0,-2.7451614962352636e-17,1.5742081935213904e-15,4.9459704848721243e-20,598.5082183333004,-0.0,2.816217129285036e-16,598.5082183333004,-0.0,3.843520818109735e-16,731.5100446295897,-0.0,5.242336149767911e-16,731.5100446295897,-0.0,6.670250284915674e-16
0.5,-1.3168478678296032e-16,2.708297096593581e-16,15.0,-3.476045490176712e-17,1.5823343680293148e-15,1.115639324318024e-18,598.5082183333004,-0.0,8.083716600546832e-16,598.5082183333004,-0.0,-1.9585825301080586e-17,731.5100446295896,-0.0,9.263758201352483e-16,731.5100446295896,-0.0,7.034303616851539e-17
0.51,-6.147197333305105e-17,2.7399654792528285e-16,15.0,-3.2435797683467835e-17,1.600836758451938e-15,4.422217513700266e-19,598.5082183333005,-0.0,6.078317374037168e-16,598.5082183333004,-0.0,2.1630463576907784e-16,731.5100446295896,-0.0,6.841817598976908e-16,731.5100446295896,-0.0,2.5297322547518314e-16
0.52,-8.346769363477539e-17,2.7798344301996835e-16,15.0,-3.5648378612301186e-17,1.6241303665940551e-15,5.94481376994823e-19,598.5082183333005,-0.0,6.82680268673488e-16,598.5082183333005,-0.0,1.576386513567431e-16,731.5100446295896,-0.0,7.009340490403137e-16,731.5100446295896,-0.0,1.2690317129713251e-16
0.53,-3.547882634638921e-17,2.833047788098166e-16,15.0,-3.318381392658494e-17,1.6552205025864905e-15,1.6638053545764358e-19,598.5082183333005,-0.0,5.66390868836625e-16,598.5082183333005,-0.0,3.3702217146185166e-16,731.5100446295896,-0.0,5.078300742339431e-16,731.5100446295896,-0.0,2.2941831871919227e-16
0.54,5.036933490859386e-17,2.891942360843557e-16,15.0,-3.412766707235947e-17,1.6896299130838277e-15,-4.550628845872647e-19,598.5082183333005,-0.0,2.79061792815449e-16,598.5082183333004,-0.0,5.601810201164521e-16,731.5100446295896,-0.0,1.5690046064960177e-16,731.5100446295896,-0.0,4.1754225827678696e-16
0.55,-6.801626100515899e-17,2.9543474806193987e-16,15.0,-3.4190270462739664e-17,1.7260903759652819e-15,3.8403814115936537e-19,598.5082183333005,-0.0,6.54533837882524e-16,598.5082183333005,-0.0,2.3150966495635474e-16,731.5100446295896,-0.0,5.646695931800519e-16,731.5100446295896,-0.0,7.898512373136755e-17
0.56,9.941193381806094e-17,3.0212848058957356e-16,15.0,-3.9816432858666513e-17,1.765198799639304e-15,-7.209663834221753e-19,598.5082183333005,-0.0,1.7139542074205618e-16,598.5082183333005,-0.0,7.30558752227941e-16,731.5100446295896,-0.0,-2.684301312191144e-17,731.5100446295896,-0.0,5.464500309944828e-16
0.5700000000000001,-1.9094424743904376e-16,3.095678090298261e-16,15.0,-3.2845943293697076e-17,1.808663399888942e-15,1.2181946212384846e-18,598.5082183333004,-0.0,9.928165902352386e-16,598.5082183333005,-0.0,-1.5669419199277856e-16,731.5100446295896,-0.0,8.270973913161165e-16,731.5100446295896,-0.0,-4.3601453413067383e-16
0.58,-3.7650617466062654e-16,3.1720377401887606e-16,15.0,-1.8215412709701776e-17,1.8532768577346106e-15,2.382602094728998e-18,598.5082183333011,5.551115123125783e-14,1.4878316022141946e-15,598.5082183333004,-0.0,-7.378530875207479e-16,731.5100446295896,-0.0,1.3645632413661673e-15,731.5100446295896,-0.0,-1.0678956504457007e-15
0.59,1.915189301269063e-16,3.227613264670299e-16,15.0,-2.4908649847107064e-19,1.8857470998358184e-15,-1.7747246351570718e-18,598.508218333301,5.551115123125783e-14,-3.6056228989144566e-16,598.508218333301,5.551115123125783e-14,8.183123781844449e-16,731.5100446295896,-0.0,-3.948038488764057e-16,731.5100446295896,-0.0,7.628604404150255e-16
0.6,1.5728209623527377e-16,3.2185857397146415e-16,15.0,-1.2123029020960465e-17,1.880472729083235e-15,-1.2362557218043307e-18,598.508218333301,5.551115123125783e-14,-5.521754348960829e-16,598.508218333301,5.551115123125783e-14,3.839367407966009e-16,731.5100446295896,-0.0,-2.7213857863331705e-16,731.5100446295896,-0.0,6.901847882868826e-16
0.61,-2.073437074431206e-16,3.1486457302836697e-16,15.0,-2.8484781215357177e-18,1.8396099741210424e-15,1.2768928924288811e-18,598.5082183333004,-0.0,4.368726188676285e-16,598.5082183333004,-0.0,-7.798012133186194e-16,731.5100446295896,-0.0,8.521153688412996e-16,731.5100446295896,-0.0,-4.818043751872545e-16
0.62,-1.5981759723443418e-16,3.0917568694605927e-16,15.0,1.875655962896349e-17,1.8063724095452755e-15,7.635704228889103e-19,598.5082183333004,-0.0,3.2809137548964e-16,598.5082183333004,-0.0,-5.706501346376842e-16,731.5100446295896,-0.0,6.274695940436246e-16,731.5100446295896,-0.0,-3.9989740984318626e-16
0.63,-1.2426208080515881e-16,3.0572071080644e-16,15.0,4.016195167455733e-17,1.786186561052815e-15,4.2903411529604096e-19,598.5082183333004,-0.0,2.5962523437186483e-16,598.5082183333004,-0.0,-4.0181422100623936e-16,731.5100446295896,-0.0,4.3498086595168467e-16,731.5100446295896,-0.0,-3.501474019104278e-16
0.64,-9.749781400077365e-17,3.044996434601046e-16,15.0,6.138386905163109e-17,1.7790524219282154e-15,2.1372122300319938e-19,598.5082183333004,-0.0,2.2014895434131118e-16,598.5082183333004,-0.0,-2.6196821033299887e-16,731.5100446295896,-0.0,2.669112586698015e-16,731.5100446295896,-0.0,-3.2481645524180916e-16
0.65,-8.595987610836846e-17,3.0548995853677816e-16,15.0,8.18753396730553e-17,1.784838380872561e-15,1.4981710640217904e-19,598.5082183333004,-0.0,2.2914785291383986e-16,598.5082183333004,-0.0,-1.689803791747022e-16,731.5100446295896,-0.0,1.443731639733854e-16,731.5100446295896,-0.0,-3.4576098934478765e-16
0.66,4.230394193549192e-16,3.084196346038759e-16,15.0,9.522534541620829e-17,1.8019551408247555e-15,-3.3715259662024784e-18,598.5082183333003,-0.0,-1.2957818401060148e-15,598.5082183333011,5.551115123125783e-14,1.3347639787674659e-15,731.5100446295896,-0.0,-1.5190058856888992e-15,731.5100446295896,-0.0,1.2287016321075042e-15
0.67,6.851896439799386e-16,3.110418268489235e-16,15.0,4.1456237800325416e-17,1.8172754131617066e-15,-4.305537514648055e-18,598.5082183333004,-0.0,-1.9973412598460345e-15,598.5082183333004,-0.0,2.0554898860529524e-15,731.5100446295896,-0.0,-2.4135732253717224e-15,731.5100446295896,-0.0,2.029592936895901e-15
0.68,5.707486489177258e-16,3.157421735884278e-16,15.0,-2.3005804994405177e-17,1.844737393595563e-15,-2.8380571091319237e-18,598.5082183333004,-0.0,-1.5425349733114434e-15,598.5082183333004,-0.0,1.7117903417578717e-15,731.5100446295896,-0.0,-2.1250411322812683e-15,731.5100446295895,-0.0,1.5914827560201998e-15
0.6900000000000001,-5.271340282648411e-16,3.2084983098748574e-16,15.0,-5.0837755708380035e-17,1.8745791042882853e-15,4.817086565535758e-18,598.5082183333011,5.551115123125783e-14,1.6517466118792125e-15,598.5082183333003,-0.0,-1.6303885146134717e-15,731.5100446295896,-0.0,1.363703053998221e-15,731.5100446295896,-0.0,-1.896716238260943e-15
0.7000000000000001,-7.218755010201379e-16,3.2176809116403635e-16,15.0,3.645068395759423e-18,1.879944079342079e-15,5.000128149840237e-18,598.5082183333009,5.551115123125783e-14,1.8947723019816705e-15,598.508218333301,5.551115123125783e-14,-2.3803675022832704e-15,731.5100446295896,-0.0,2.095659614161623e-15,731.5100446295896,-0.0,-2.4685454669302833e-15
0.71,3.3167670755462876e-16,3.163711108172481e-16,15.0,3.323684068888096e-17,1.8484119867328778e-15,-2.8564628566544484e-18,598.5082183333003,-0.0,-1.4050199445569372e-15,598.508218333301,5.551115123125783e-14,6.459151699219335e-16,731.5100446295896,-0.0,-1.230904020111452e-15,731.5100446295896,-0.0,8.409690367107387e-16
0.72,3.405280926469156e-16,3.101940997328504e-16,15.0,-5.535127350927008e-18,1.8123225305840897e-15,-2.2250382862655416e-18,598.5082183333004,-0.0,-1.3606941580857299e-15,598.5082183333003,-0.0,6.413053216780687e-16,731.5100446295896,-0.0,-1.3683584900381273e-15,731.5100446295896,-0.0,7.938876499610403e-16
0.73,2.4893611959548694e-16,3.0679094893707134e-16,15.0,-3.7612067388760265e-17,1.7924394739189976e-15,-1.256771784691837e-18,598.5082183333004,-0.0,-1.0012258637867791e-15,598.5082183333004,-0.0,3.978252894673876e-16,731.5100446295896,-0.0,-1.1605750925962707e-15,731.5100446295896,-0.0,4.211540322552821e-16
0.74,1.0172557545838483e-16,3.0540368920711084e-16,15.0,-6.621456229075888e-17,1.7843343485586355e-15,-9.633962048790189e-20,598.5082183333004,-0.0,-5.073474006866377e-16,598.5082183333004,-0.0,-1.8866918480630646e-17,731.5100446295896,-0.0,-7.351070750428728e-16,731.5100446295895,-0.0,-1.0488626036906148e-16
0.75,2.518085658229447e-16,3.057699737107809e-16,15.0,-9.876087848805144e-17,1.7864743817158644e-15,-1.0640731054147102e-18,598.5082183333004,-0.0,-9.061900368923075e-16,598.5082183333004,-0.0,4.3772845424603135e-16,731.5100446295896,-0.0,-1.2607290814909507e-15,731.5100446295895,-0.0,2.853980526201678e-16
0.76,-5.413952271815593e-16,3.062338073925681e-16,15.0,-1.0243402234602086e-16,1.789184350192604e-15,4.2030527885279465e-18,598.5082183333004,-0.0,1.3684381078986266e-15,598.5082183333004,-0.0,-1.9709238997156387e-15,731.5100446295895,-0.0,1.2580455224456238e-15,731.5100446295896,-0.0,-2.2464929313571427e-15
0.77,-2.5536624303750993e-16,3.07170979537068e-16,15.0,-8.479719282333328e-17,1.794659819242389e-15,1.726578068810438e-18,598.5082183333004,-0.0,5.79972928487346e-16,598.5082183333004,-0.0,-1.0003228869215978e-15,731.5100446295895,-0.0,3.6977078797547506e-16,731.5100446295896,-0.0,-1.3619281103187138e-15
0.78,-9.442179414450034e-17,3.1005028643327327e-16,15.0,-8.941335742152898e-17,1.81148229512105e-15,6.028556046466098e-19,598.5082183333011,5.551115123125783e-14,1.310274039893472e-16,598.5082183333003,-0.0,-4.986694810157834e-16,731.5100446295895,-0.0,-1.6873558497028143e-16,731.5100446295896,-0.0,-8.88551223316298e-16
0.79,-7.819608288300171e-16,3.112689603420569e-16,15.0,-3.634015038125111e-17,1.8186024504825663e-15,4.753534723317461e-18,598.5082183333003,-0.0,2.0340688898573232e-15,598.5082183333004,-0.0,-2.567377954249425e-15,731.5100446295895,-0.0,2.0206134925279183e-15,731.5100446295896,-0.0,-3.053747584644349e-15
0.8,-4.09137377040219e-16,3.1330689820674465e-16,15.0,2.645881874742177e-17,1.830509191169397e-15,1.6106794719508145e-18,598.5082183333004,-0.0,9.290949931761206e-16,598.5082183333004,-0.0,-1.3548077196049466e-15,731.5100446295895,-0.0,7.617074833208832e-16,731.5100446295896,-0.0,-1.939427417040448e-15
0.81,6.7730246047107e-16,3.1564603610783414e-16,15.0,4.328295780533825e-17,1.8441757061802845e-15,-5.785331429704961e-18,598.5082183333003,-0.0,-2.3882027541983595e-15,598.508218333301,5.551115123125783e-14,1.7697487842822753e-15,731.5100446295896,-0.0,-2.669724141574072e-15,731.5100446295895,-0.0,1.5409555979139852e-15
0.8200000000000001,3.147040791569509e-16,3.1663055486653354e-16,15.0,1.7503792568044335e-19,1.84992779988455e-15,-2.2017208038545293e-18,598.5082183332999,-5.551115123125783e-14,-1.1521286101035071e-15,598.5082183332999,-5.551115123125783e-14,7.136467102144504e-16,731.5100446295887,-5.551115123125783e-14,-1.4850080039421628e-15,731.5100446295886,-5.551115123125783e-14,5.064080879393604e-16
0.8300000000000001,-9.106397663476012e-17,3.1747006470415837e-16,15.0,-2.0937450407451786e-17,1.8548326726551308e-15,9.800026557676625e-19,598.5082183333005,-0.0,1.4847500912776353e-16,598.5082183332997,-5.551115123125783e-14,-4.454474325929037e-16,731.5100446295887,-5.551115123125783e-14,6.902624311392966e-17,731.5100446295887,-5.551115123125783e-14,-4.894348009118577e-16
0.84,-3.6871078754098585e-16,3.150143202240711e-16,15.0,1.2197364038835522e-17,1.8404848786305097e-15,2.411025653756499e-18,598.5082183332999,-5.551115123125783e-14,1.1465795653792e-15,598.5082183332999,-5.551115123125783e-14,-1.016548016034872e-15,731.5100446295887,-5.551115123125783e-14,1.5333020405479401e-15,731.5100446295888,-5.551115123125783e-14,-7.990430670265502e-16
0.85,-1.834864769805628e-16,3.1154727040901353e-16,15.0,4.596481198809624e-17,1.8202284891637284e-15,7.913389995727026e-19,598.5082183333004,-0.0,7.832676996732313e-16,598.5082183333004,-0.0,-2.2009478767604993e-16,731.5100446295897,-0.0,1.250258474216545e-15,731.5100446295897,-0.0,9.265226531708877e-17
0.86,-1.175068406342978e-16,3.0986565107755864e-16,15.0,7.513303295482295e-17,1.8104035550180232e-15,2.2746784762110854e-19,598.5082183333004,-0.0,5.686890123040026e-16,598.5082183333004,-0.0,-8.542546408644672e-18,731.5100446295896,-0.0,9.10777407657569e-16,731.5100446295897,-0.0,1.955872263404358e-16
0.87,3.427381402420593e-16,3.095997160325524e-16,15.0,6.766445309252044e-17,1.808849817941297e-15,-2.6013163837238638e-18,598.5082183333004,-0.0,-7.345146098546662e-16,598.5082183333004,-0.0,1.375178597641383e-15,731.5100446295897,-0.0,-6.129008961354565e-16,731.5100446295896,-0.0,1.6176028642927806e-15
0.88,1.936881913382203e-16,3.1158870627744604e-16,15.0,5.294639172467459e-17,1.8204705800287682e-15,-1.1897203503491733e-18,598.5082183333004,-0.0,-2.248391116134035e-16,598.5082183333004,-0.0,9.516985442846118e-16,731.5100446295896,-0.0,-2.2592920521846965e-16,731.5100446295896,-0.0,1.088164891953969e-15
0.89,3.2335289155280376e-16,3.1485520722974427e-16,15.0,4.16440839434146e-17,1.8395552540348917e-15,-1.9801895492139406e-18,598.5082183333004,-0.0,-5.998317959606273e-16,598.5082183333011,5.551115123125783e-14,1.3259166574694745e-15,731.5100446295897,-0.0,-6.44786801911408e-16,731.5100446295896,-0.0,1.4873200216946216e-15
0.9,5.950101242170307e-16,3.1636752180910137e-16,15.0,-2.733652136684421e-17,1.8483910177965496e-15,-3.095622783555245e-18,598.5082183333012,5.551115123125783e-14,-1.4733260183599575e-15,598.5082183333003,-0.0,1.9300175821601207e-15,731.5100446295897,-0.0,-1.5697840176167566e-15,731.5100446295896,-0.0,2.2837642255166505e-15
0.91,-4.438963002353264e-16,3.154970639192174e-16,15.0,-3.435485975836836e-17,1.8433053296834617e-15,3.86586984094471e-18,598.5082183333011,5.551115123125783e-14,1.4874438983358337e-15,598.5082183333003,-0.0,-1.25039464591787e-15,731.5100446295896,-0.0,1.7002801668269386e-15,731.5100446295896,-0.0,-1.0576066412643684e-15
0.92,-5.10554277748368e-16,3.160252614481321e-16,15.0,-1.6541983847961143e-18,1.8463913467388326e-15,3.632891987842443e-18,598.5082183333004,-0.0,1.7379832637402429e-15,598.5082183333004,-0.0,-1.298836466836415e-15,731.5100446295896,-0.0,1.8269806222005944e-15,731.5100446295896,-0.0,-1.3947539421591907e-15
0.93,4.592118820556252e-16,3.184159809927935e-16,15.0,1.1125635402837693e-17,1.8603592297476618e-15,-3.456006170929884e-18,598.5082183333003,-0.0,-1.213197505711617e-15,598.5082183333011,5.551115123125783e-14,1.5468149720423142e-15,731.5100446295896,-0.0,-1.2597374313204083e-15,731.5100446295896,-0.0,1.6253189328814205e-15
0.9400000000000001,-8.381302969781692e-17,3.1933442768546534e-16,15.0,-2.555614382846141e-17,1.865725294530013e-15,9.369517976793128e-19,598.5082183333011,5.551115123125783e-14,3.924780663061447e-16,598.5082183333003,-0.0,-1.6033017014889323e-16,731.5100446295896,-0.0,4.200329018566018e-16,731.5100446295896,-0.0,-1.0101565175836935e-16
0.9500000000000001,-5.492243605843001e-16,3.179210392071372e-16,15.0,3.4510172952662296e-17,1.8574675108199166e-15,3.278401879516026e-18,598.5082183333003,-0.0,1.5540874541580878e-15,598.5082183333011,5.551115123125783e-14,-1.6202964999245805e-15,731.5100446295896,-0.0,1.927253948865844e-15,731.5100446295896,-0.0,-1.5676323841265576e-15
0.96,3.9821948174178426e-16,3.13559142154407e-16,15.0,4.229763509069682e-17,1.831982937413912e-15,-3.289851656883683e-18,598.5082183333004,-0.0,-1.3367768931198782e-15,598.5082183333004,-0.0,1.112628655175988e-15,731.5100446295896,-0.0,-1.0879488502943272e-15,731.5100446295896,-0.0,1.4211641480191137e-15
0.97,3.741066026704478e-16,3.106918997267411e-16,15.0,1.0996193717715252e-17,1.815230948717864e-15,-2.510444419077369e-18,598.5082183333004,-0.0,-1.1060749282133527e-15,598.5082183333004,-0.0,1.1133205329258453e-15,731.5100446295896,-0.0,-1.1281864291337875e-15,731.5100446295896,-0.0,1.2624976563484093e-15
0.98,2.913065558283445e-16,3.1095163685385646e-16,15.0,-2.3263188479887805e-17,1.8167484741895145e-15,-1.531110907125064e-18,598.5082183333004,-0.0,-7.760812954388506e-16,598.5082183333004,-0.0,8.836962112370362e-16,731.5100446295896,-0.0,-9.399738767016805e-16,731.5100446295896,-0.0,9.315470399670213e-16
0.99,-3.4532251644149894e-17,3.133221648790703e-16,15.0,-5.5364902211249884e-17,1.8305983873670254e-15,9.632886461170217e-19,598.5082183333011,5.551115123125783e-14,2.2552541760144e-16,598.5082183333003,-0.0,-9.661784460413838e-17,731.5100446295896,-0.0,4.27775818637558e-17,731.5100446295896,-0.0,-1.6031775738323946e-16
1.0,1.4379796300226508e-05,5.338750626567163e-10,14.999999835156553,-4.176031351386165e-08,3.1191752433392655e-09,-7.135487642084759e-07,598.5084022399961,5.22619614251596e-07,-7.437158045750346e-05,598.5081036762033,-3.8451325456989593e-07,7.485824774066921e-05,731.510315939648,4.197575620423777e-07,-6.179699351943019e-06,731.509752571959,-4.503494799301677e-07,5.993121344363882e-06
1.01,0.3266361216593689,0.19922153244364293,15.00099752810491,0.001003868574905568,-8.391859940446114e-05,0.003903639598304097,595.2071080234869,-0.012772283106532445,-1.794783018328155,601.4173255930962,0.0090341193698662,1.8409315029268463,735.0945549868046,-0.01005791669006495,5.124926269720108,738.2805046228414,0.010858428542426246,5.103510482548481
1.02,0.5664491731409392,0.3972863325998309,15.003981829933137,0.006850585015460299,-0.0006488093089419355,0.013791270907345074,589.7502007305295,-0.08895380085877092,-3.011822185771412,605.5856098882348,0.059857126609885736,3.182383410192405,736.1399992390938,-0.06837165655004807,10.17371860734207,747.8520033110915,0.07436535551175183,10.285704575403532
1.03,0.7763900887306152,0.5944859964917759,15.008944366984105,0.019875451029596654,-0.002114300579191143,0.02765864666967118,582.2309563561726,-0.2636038092101445,-3.9078298875245743,610.7845530725751,0.16813804069049088,4.27214244297565,735.2578147824622,-0.19761755691599658,15.067383752991311,759.6145373509992,0.21650217666213667,15.6292860373552
1.04,0.9860037368599234,0.7908804415263956,15.01587788991497,0.04078002804964953,-0.004832617203699629,0.044185046966943864,572.7932493015585,-0.5527841345688289,-4.627210137349274,616.7761454758459,0.33305455854509836,5.255691061167559,732.9000033627917,-0.40402152447271966,19.784877374756853,773.1040934298852,0.44566048728961194,21.16226030887973
1.05,1.2090963117401459,0.9864320735723772,15.024774993458726,0.0693743882822771,-0.009087514440316595,0.062487593233022665,561.6098234618352,-0.9615758408845765,-5.247993641517587,623.3300544358265,0.5453997549860201,6.217030395266744,729.4117451339888,-0.6850754780468593,24.335093991663765,787.9480894124399,0.7603909098290451,26.883828166106632
1.06,1.4506860793965974,1.1810737628349224,15.035627566770273,0.10500251842895242,-0.015093704626222875,0.0819662443520251,548.8694207489352,-1.4886660046863898,-5.80976777519663,630.232784415053,0.7922359720312633,7.203512829666226,725.0639708996412,-1.033951045200432,28.7405973359448,803.8321909496095,1.153852891651208,32.778824082361666
1.07,1.7110670255716298,1.3747415967187093,15.048426701814412,0.1467836357302202,-0.022997527821774125,0.1022060592443741,534.768466631969,-2.1289590087039123,-6.330367104438223,637.2924135795155,1.0595253793914128,8.240707803956948,720.0734160061887,-1.4419857455110208,33.02857365822661,820.4812685158553,1.616356422662113,38.825684742132886
1.08,1.9881630025345673,1.5673891747851054,15.063162819120643,0.19374910634125794,-0.03287920243717472,0.12291490104190508,519.5051310647027,-2.8750829552900425,-6.815780153921946,644.3409984767998,1.3335976932139504,9.341318559834242,714.6151333699374,-1.9000678486497113,37.22605139196479,837.6492372592792,2.136829916241867,45.00080682486494
1.09,2.278867938048673,1.758992479278498,15.079825888905473,0.24492032873627628,-0.044756699488802835,0.14388339933053926,503.2746779160919,-3.7182839377818966,-7.265952409813607,651.2357044323196,1.6019477161479667,10.510527925476833,708.8304817943346,-2.3993913547009083,41.35760011979269,855.1143516834435,2.703687986823633,51.28087774685221
1.1,2.5797916278129103,1.9495500509668922,15.098405679669812,0.2993537665891212,-0.058591097925390356,0.16495890507966374,486.26559930766086,-4.648989765061396,-7.678129372700703,657.8591603298642,1.8536498916615907,11.749212723381335,702.8324881103716,-2.9318549386880277,45.44442229707691,872.6776615978774,3.305370854495282,57.64408431831612
1.11,2.887659069499982,2.1390809168725835,15.118891995239023,0.35616769129720044,-0.07429317350385216,0.18602831222432764,468.65635064041794,-5.657197156944072,-8.048731065847434,664.1192367857715,2.079552124933437,13.055882465351074,696.7097599257486,-3.4902591151616535,49.50419710157479,890.1631142492982,3.930704481741265,64.07070307062978
1.12,3.1995095126566926,2.327621515145509,15.141274878924735,0.41455849328798333,-0.09173091994637288,0.20700654622311254,450.61265752014475,-6.732763131134856,-8.374354896966043,669.9483102850429,2.2723388509352516,14.427852147922069,690.529667955583,-4.068387005963848,53.55130350113268,907.4183086448496,4.569159793164634,70.54334926816541
1.1300000000000001,3.5127810784109217,2.5152222459628852,15.165544774917098,0.47381063659145783,-0.11073768132924214,0.22782870639546993,432.2854248604326,-7.865640100097493,-8.652265391712701,675.3020297022676,2.4265123188488835,15.86195342520048,684.3412190106658,-4.661015104740596,57.59720918759464,924.3152665680285,5.211049460371209,77.04703459936411
1.1400000000000001,3.8253309994897386,2.7019439751561904,15.191692644238723,0.5333022582990533,-0.13112057771878396,0.24844458893485255,413.80928412596296,-9.046071823498036,-8.880585303546729,680.1576013743037,2.538318408357776,17.354964980964205,678.1778430145295,-5.263878895388874,61.650906910337945,940.7508372234158,5.847679082105484,83.5691134864382
1.1500000000000001,4.135422381847803,2.88785461634881,15.219710012350822,0.5925073574034351,-0.15266892434043047,0.2688146781842709,395.3018239157392,-10.264756152885967,-9.058323321705288,684.5116158023839,2.6056315427668286,18.903881094253954,672.0602251552275,-5.873606947509213,65.71933389850011,956.6464906922291,6.471458801382224,90.09916190303798
1.16,4.158101578132047,2.88884105223142,15.24866646619762,0.6501323865361155,-0.17507135886478417,0.2856716900789438,379.08459392384407,-11.501422186714017,-8.327492540115946,685.0960335711545,2.6206237031290436,18.076296813647673,662.2492024724228,-6.478921839414009,64.7217811751441,965.3843879894168,7.066714014108911,91.48936823546896
1.17,4.248931537073711,2.8871176388295714,15.277613879918025,0.7025139530070438,-0.19767436306383487,0.2972024460372346,365.15916944780463,-12.70152313332662,-7.9252093503754875,684.3150165223631,2.558270209205793,17.78036502302915,654.6823442679985,-7.044573277626476,63.767765220152135,971.0721394748007,7.592371357047489,92.79349470985518
1.18,4.363792370935808,2.88399767022317,15.30652972560313,0.7473595870878599,-0.21980565021823376,0.3050508026322275,353.4380600352442,-13.824428919761822,-7.711532693395327,682.4021804335388,2.4094111432154675,17.77554220684459,648.8194679641524,-7.5491273590923,62.9233997581417,974.2381774439036,8.022106987028765,93.93094086734209
1.19,4.479062131588638,2.8803051784988614,15.335403752765185,0.7839308271213983,-0.24088124784665002,0.3103624027968059,343.7773203712592,-14.847866089293282,-7.604904546848172,679.6402764427329,2.180285934475723,17.914518753394773,644.2296000593954,-7.986429608326739,62.2110113785358,975.352676750613,8.346695802227188,94.87628264287079
1.2,4.583224134708571,2.876548903121031,15.364233178597177,0.8124155398004173,-0.260412304533504,0.3139411168707224,335.9992293996831,-15.761217303990993,-7.558584814364527,676.3290037447284,1.8855982989869347,18.11049624470674,640.5673738036157,-8.358998690114305,61.630525643792325,974.8425035193227,8.567538724987001,95.63386877661874
1.21,4.671712070867702,2.8730354849048734,15.393019722645557,0.8335337664843645,-0.27800834772262656,0.316355240347712,329.9087489194106,-16.56132651944131,-7.546041534085212,672.7613638165617,1.5441487848293356,18.315042195860762,637.5576800117216,-8.673918245258761,61.171018936267245,973.0975307644757,8.692558067000867,96.22295341713898
1.22,4.743829746647733,2.869940686404919,15.421767665007087,0.8482860727958823,-0.29337736281401594,0.31800834126127775,325.30556749081495,-17.249820331974806,-7.552311085144145,669.2068902932687,1.1760470659469835,18.50364334482463,634.9855999075805,-8.940267685481063,60.81686983673028,970.4719279476236,8.733523492117367,96.6691639448393
1.23,4.800928938510279,2.867354133808482,15.450482571368184,0.8577901652787276,-0.3063230970510563,0.3191868104981787,321.99275750870066,-17.831355996325737,-7.569013466895711,665.9004519316487,0.8009151755200561,18.666370494348865,632.6890274773796,-9.167515575981945,60.55101149519375,967.2832586659074,8.704254731706884,96.99967989763219
1.24,4.845335157282112,2.8653079022095715,15.479170461893272,0.8631738249548464,-0.31673998937080305,0.3200923119672772,319.78277751407643,-18.312448933027746,-7.591517858457495,663.035565049608,0.4367346808639705,18.80185152168285,630.5523861183318,-9.364531737622473,60.35664699194132,963.8110874530806,8.619379075702206,97.24056770694153
1.25,4.879716643910985,2.863795333168602,15.507837278972799,0.8655052338403398,-0.3246061255890972,0.32086444602727077,318.5013788068908,-18.700674756475355,-7.617341594719991,660.7613292686248,0.09913159698310414,18.913383449309354,628.5006085658055,-9.539010686223925,60.21814864872763,960.2959948870429,8.493456632399587,97.41537316372563
1.26,4.906718248151702,2.8627838969962527,15.536488557642803,0.8657492071220064,-0.3299746166811391,0.3215969931362996,317.9898679271868,-19.00412258876827,-7.645243264059581,659.1822274334111,-0.199027312957345,19.00644297254813,626.4930439422146,-9.697177508238452,60.121514101518756,956.9393959894707,8.340362858355654,97.54445743817104
1.27,4.92875581241799,2.862224336200563,15.565129233857132,0.8647419912689625,-0.33296379627251044,0.32234985512589936,318.10610360374096,-19.23102249436087,-7.674700096707098,658.3601226330285,-0.44780914353664825,19.087123429284155,624.5172466081541,-9.843691549063172,60.05457083980111,953.9042607993779,8.172860032339635,97.64477849691383
1.28,4.947909618184745,2.862057386082761,15.593763546745215,0.8631796662308622,-0.3337466263180669,0.3231580229219982,318.7245471801252,-19.38949661356304,-7.705596280386433,658.3178661316415,-0.6402177212279647,19.16119293851228,622.5827544886405,-9.981689173554742,60.00702869971988,951.3166756417863,8.00231302929727,97.72994179542032
1.29,4.965879992287082,2.862218824382626,15.622395004930578,0.8616165696621485,-0.33253968581387516,0.324038413460101,319.7356343146671,-19.487399280483043,-7.73802789547587,659.0440047564573,-0.7720678324047991,19.233571201135636,620.7150304041257,-10.112922337490449,59.97043498420044,949.2681067029148,7.838518031074438,97.81041264673155
1.3,4.983982258818627,2.8626432940074356,15.651026396289291,0.860471005962765,-0.3295920952865575,0.3249951233251118,321.04469004323107,-19.532221070411026,-7.77217482555539,660.4981489093233,-0.8417651934572445,19.30808712929247,618.9497528238903,-10.237959591929524,59.938065609647595,947.8182002892303,7.689620534944542,97.89382201225601
1.31,5.003166436060959,2.8632671730007657,15.679659826729475,0.8600360632834145,-0.32517469985343905,0.3260234693453102,322.5705681316658,-19.53103804223494,-7.808214338053222,662.6166335065825,-0.8500206992842485,19.38742151036549,617.32762460542,-10.35642302470674,59.90477534726499,946.9979551471038,7.562103814450049,97.98532092822845
1.32,5.024052004255214,2.86403067469892,15.708296777712249,0.8604937713402526,-0.31956979670967905,0.32711307993250066,324.24415861379543,-19.49049188936758,-7.846263600571568,665.3181729584363,-0.799523036736971,19.473167275384803,615.8898339665652,-10.467239908115268,59.86682451355897,946.8131180736591,7.4608322566528384,98.08795349831422
1.33,5.046971142195604,2.864879313167942,15.736938175023111,0.8619311610200846,-0.3130616503542401,0.328250235641606,326.0068742974148,-19.416790066828504,-7.886344382833366,668.5092763538318,-0.6945899788194931,19.56595972005797,614.6742603787512,-10.568892180414291,59.82169548629733,947.2476764972001,7.389136475431046,98.20302808048521
1.34,5.072015833092522,2.8657648437794814,15.765584463226059,0.8643570671977557,-0.3059279924065991,0.3294196149870168,327.8091977280481,-19.315717628625993,-7.928365699656167,672.08924889144,-0.5408152531752308,19.665643143792536,613.7124752716405,-10.659650686614286,59.767909079104555,948.2673457353121,7.348929142899696,98.3304729247958
1.35,5.099085602814722,2.8666457742772637,15.794235681614177,0.8677187641183813,-0.29843265431741794,0.3306055713621417,329.6093446174411,-19.192654695881885,-7.972120996696537,675.954659156122,-0.3447246817356864,19.771450584836806,613.0275472864131,-10.737784492519554,59.70484783465469,949.8229713354698,7.340842255743163,98.469167137542
1.36,5.127933616454147,2.8674875314034343,15.822891538516592,0.8719177438424218,-0.29081943245382325,0.33179304323499753,331.3720780978499,-19.052595286914553,-8.017296682825053,680.0031983633318,-0.11345229748538355,19.882180771251555,612.6326267124259,-10.801738618432811,59.632590743689946,951.8537867351318,7.3643781265298465,98.61724108915703
1.37,5.158209561135558,2.8682623588815663,15.851551481656374,0.8768241439715644,-0.2833072376317566,0.3329681799337684,333.06769035763284,-18.900164729778623,-8.063488887399139,684.1368968853586,0.1455556164575711,19.99636185817976,612.5302550128637,-10.850276223074328,59.55176187022923,954.2904828375861,7.418067782499149,98.77234267522881
1.3800000000000001,5.18949826850331,2.8689490130504196,15.880214762944721,0.8822895009441752,-0.2760865366550337,0.334118748292478,334.67115417151234,-18.73963407718371,-8.110225485824055,688.2646953082311,0.42480311429909934,20.112395537075333,612.7123234963972,-10.88258359583455,59.463393911904404,957.058058981676,7.499631669465268,98.93186749678485
1.3900000000000001,5.221353432918786,2.869532312582327,15.908880496676158,0.8881576492603447,-0.26931705302733444,0.33523437100290643,336.16143636795954,-18.57493087738765,-8.156990745248283,692.304392312201,0.7169705459196818,20.228678075697815,613.1605901282757,-10.898338277591236,59.36880681523512,960.0784345525426,7.606138597825995,99.09315228180287
1.4000000000000001,5.253326096061682,2.870002588909916,15.93754771057109,0.8942737052792568,-0.26312665867296253,0.3363066357575845,337.5209580618796,-18.409646346496167,-8.20325036637986,696.1840103961416,1.015102507950616,20.34369705035141,613.8476546786359,-10.897742225239371,59.2695010981076,963.2728076933854,7.734159737189161,99.25363188854352
1.41,5.284987818312919,2.870355074784889,15.96621538950128,0.9004911677349418,-0.25761135889484976,0.33732910514436637,338.7351821036559,-18.24703946429701,-8.248475181496591,699.8426335838295,1.3127579639243825,20.45610414643001,614.7382890969352,-10.881523171146823,59.16706536896925,966.563752854072,7.879915178371666,99.41096111188192
1.42,5.315948656848736,2.870589260284218,15.994882512034613,0.9066772376254628,-0.2528362493016625,0.3382972505538003,339.79230616558027,-18.090038807238972,-8.292162257498799,703.2307795350472,1.6041239501210502,20.564765552177267,615.7910212657691,-10.850908224568245,59.063097534063516,969.8770528423523,8.039411154940336,99.56310330031451
1.43,5.345870229048394,2.8707082388500362,16.02354808015457,0.9127165100457364,-0.2488373061866698,0.33920832869402995,340.68303968483724,-17.94124307068451,-8.333852604278825,706.310372731837,1.8840952295764435,20.66879224004428,616.9598751828386,-10.807574345077231,58.959139232247246,973.1432641354573,8.208566473540401,99.70838848663134
1.44,5.374474263116593,2.8707180606678273,16.052211142655906,0.9185132226521169,-0.24562386075223236,0.3400612161725189,341.40044400283756,-17.80292125106453,-8.37314507705512,709.0543863918846,2.148322935880964,20.76755288773289,618.1961782514281,-10.753580622352155,58.85662305032902,976.2990168600721,8.38332706716699,99.84554431767093
1.45,5.40154712892615,2.870627106733143,16.080870812803425,0.9239922627323938,-0.24318160236551864,0.3408562154784506,341.93981702551406,-17.677013388997743,-8.409706375344461,711.4462191931761,2.393235693338991,20.86067239596876,619.4503559261229,-10.69128736037267,58.75683201032554,979.288053333564,8.559767881868686,99.9737035078049
1.46,5.426940902997929,2.8704454940843003,16.109526280878303,0.9290991402371193,-0.2414759562630402,0.341594844122702,342.2986061929264,-17.565132646090554,-8.443277280214435,713.4788694155185,2.6160369451405097,20.948018967046934,620.6736447784743,-10.62326682714776,58.66087067996641,982.0620115422494,8.734181556277921,100.09239181089215
1.47,5.450571553962883,2.870184520586079,16.138176822239398,0.9337991303386258,-0.24045568622579036,0.3422796173133058,342.4763361890813,-17.468569326432316,-8.473675441283497,715.1539642635296,2.8146823003668553,21.029682568337982,621.8196665551782,-10.552210233081949,58.56964706202353,984.580962479137,8.903153572215217,100.20150059329391
1.48,5.472414840852565,2.8698561560427676,16.166821801506938,0.9380757785453323,-0.24005658205946642,0.342913833143998,342.47454043154937,-17.388297279465505,-8.500795134941889,716.4806963877097,2.987840655864049,21.1059473643778,622.8458175496148,-10.480835079600126,58.48386420351072,986.8137128635327,9.063623756328187,100.30124799956732
1.49,5.492500498910861,2.8694725850535896,16.19546067344302,0.9419289461648104,-0.24020510450682267,0.3435013677567695,342.29668782176043,-17.32498294968565,-8.524604475932962,717.4747133320627,3.134842689163031,21.177260399466807,623.7144392410166,-10.411796509235627,58.40402027181777,988.737887353949,9.212934205578394,100.39213245203739
1.5,5.510905249907797,2.8690458057301425,16.224092981064306,0.9453725556510953,-0.24082187572712827,0.34404648631018464,341.94809844242536,-17.278997181394363,-8.545140586011804,718.1569990985945,3.25562007915986,21.244198481856653,624.3937473926395,-10.34760571986526,58.33041570413933,990.3398068493821,9.348863897401028,100.47488184740209
1.51,5.527745120472965,2.868587287082635,16.252718351482855,0.9484321754020291,-0.24182492092748578,0.344553673912044,341.43584383733184,-17.250429750060803,-8.562503215189778,718.5527804576011,3.350638514122928,21.30743488480289,624.8585074138869,-10.29055790605593,58.26316596987289,991.6141817470314,9.469650428977461,100.55040134697352
1.52,5.543167487497377,2.86810768652749,16.28133648993288,0.9511425628917772,-0.24313258536436713,0.3450274890559379,340.7686292096237,-17.239106478722842,-8.576847281149888,718.6904842264121,3.4208272105172854,21.367707156040638,625.0904535937123,-10.24267158261577,58.202218499959486,992.5636409876302,9.573999507063501,100.61972214312092
1.53,5.557343199006234,2.867616627600631,16.309947172407234,0.9535452643817981,-0.24466607003040045,0.34547244063490423,339.9566563501692,-17.244608708609,-8.588374747576179,718.6007656306109,3.467507307076345,21.425787026593436,625.0784586456574,-10.205640548901274,58.147372426814215,993.1981192913383,9.661082976347934,100.6839530611804
1.54,5.570459046631697,2.8671225366334556,16.338550237295717,0.955686349410862,-0.24635154823651487,0.34589288836996196,339.01146738284353,-17.26629482630182,-8.597326208011804,718.3156221667106,3.492321130135312,21.482453138572453,624.8184677361522,-10.180799183469702,58.0982999284679,993.5341261102654,9.730526325765876,100.74423635555121
1.55,5.582710795880921,2.8666325359236904,16.367145576388708,0.9576143392468174,-0.2481218434000714,0.3462929655333806,337.9457705080821,-17.303323502822543,-8.603972483036777,717.86760219928,3.4971639601766302,21.538467072743387,624.313217690553,-10.169101230660505,58.0545681602832,993.5939204682081,9.782386744053017,100.80170860483547
1.56,5.594296915967868,2.8661523898628842,16.395733125582304,0.9593783708224325,-0.2499176651465056,0.3466765221785004,336.7732498509718,-17.354678270160463,-8.608606478735764,717.2891129254984,3.4841195758681387,21.59455295089004,623.5717673082389,-10.17111176442137,58.0156609650716,993.4046160190929,9.817122904218323,100.85746721900804
1.57,5.605413094320276,2.8656864995990743,16.424312855594053,0.9610266216421052,-0.251688415908742,0.34704708669142736,335.50836227811203,-17.419193045228987,-8.611535496530681,716.6118283845188,3.4554005191679282,21.651380714793007,622.6088686245836,-10.187011598546846,57.98099975734618,992.9972403503949,9.835557738731849,100.91254274903724
1.58,5.616247573331914,2.865237941127258,16.452884762970637,0.9626050069510705,-0.2533925932461633,0.3474078433137494,334.16612463510376,-17.49557820758252,-8.613074130710679,715.8661949158717,3.413293720426369,21.709553041591207,621.4442115265874,-10.216613062575098,57.94996316356075,992.4057718197026,9.838835521433387,100.96787693671908
1.59,5.6269773090094946,2.864808541202062,16.481448861639258,0.9641561482702957,-0.25499782388306597,0.34776162329470817,332.76189526828705,-17.582446843474376,-8.613537842017415,715.0810288960832,3.3601118514450246,21.76959574258721,620.101575392529,-10.25938578277591,57.921905156506156,991.6661760863406,9.828374598065126,101.02430625531709
1.6,5.637764922650135,2.864398985132746,16.51000517522263,0.9657186023313129,-0.2564805738620311,0.34811090745690065,331.31115392626316,-17.678340783400635,-8.613237254473926,714.2831996975387,3.298150541188094,21.831951407091122,618.6079214555523,-10.314490899665296,57.8961715430289,990.8154630352674,9.805817105552507,101.08255056215728
1.61,5.648756396811797,2.8640089503211104,16.53855373030259,0.9673263315473517,-0.25782558518894166,0.3484578381459991,329.82928419016775,-17.781756081876598,-8.612473188815674,713.4973895861915,3.2296513956813766,21.896975992355845,616.9924584951198,-10.380822016845537,57.87211474933186,989.8907830390169,9.772976992240723,101.14320640307531
1.62,5.660079454444444,2.863637259310709,16.567094550779224,0.9690083914136123,-0.25902509296587883,0.3488042387359766,328.3313624648192,-17.89116761577597,-8.611532419453589,712.745921649972,3.156770611285775,21.964938022480986,615.2857123783426,-10.45705110823214,57.84910690072294,988.928579514464,9.731787599357721,101.20674446545448
1.6300000000000001,5.671842553752047,2.8632820461117374,16.595627653431478,0.9707888065516794,-0.26007787839214347,0.34915163904353347,326.8319572929259,-18.005052510083274,-8.610684122564034,712.0486467532263,3.08155285810896,22.03602004058615,613.5186270710647,-10.541677607459166,57.826551218921765,987.9638125515685,9.684249990602744,101.27351066183589
1.6400000000000001,5.684134429686896,2.86294092964251,16.62415304474124,0.9726866053413117,-0.26098821235077374,0.3495013051495512,325.3449423560115,-18.121912136334906,-8.610176970027663,711.4228808540385,3.005910035395465,22.110321956574296,611.7217211976142,-10.63307895840243,57.8038917675253,987.0292660631279,9.632383124685894,101.34373033101647
1.6500000000000001,5.6970241145188645,2.862611188289677,16.65267071899733,0.9747159829933033,-0.2617647418263824,0.3498542722256408,323.8833260300738,-18.24029246819042,-8.61023681669381,710.8833847010571,2.931604459616266,22.187865944267784,609.9243202389465,-10.729561011803446,57.780621572844424,986.1549484678368,9.578176857725385,101.41751506085323
1.6600000000000001,5.7105613733928635,2.8622899298486737,16.681180657649378,0.9768865642336717,-0.2624193673945977,0.3502113790258046,322.4590998066759,-18.35880261922618,-8.611064925860452,710.4423788402704,2.8602360339148314,22.26860256335071,608.1538802104918,-10.829406801369235,57.75628914026956,985.3675944108008,9.523548641439561,101.49487166086561
1.67,5.724777495121254,2.86197425148171,16.709682829835693,0.9792037391796268,-0.26296615478195545,0.3505733027408778,321.08310730781375,-18.476131428853904,-8.612836678918397,710.1095879079661,2.7932329591106586,22.35241781017221,606.4354143339301,-10.930922414201072,57.730503381434076,984.690272483331,9.470304651805817,101.57571283894853
1.68,5.739686382843915,2.8616613848401187,16.73817719396629,0.9816690491619733,-0.26342031732670684,0.35094059294564733,319.7649350507291,-18.591062001884428,-8.615700718829077,709.8923092691455,2.7318455757887605,22.439140833990916,604.7910299752372,-11.03247887542469,57.702936968761165,984.1421013652941,9.420105943976132,101.65986916235109
1.69,5.755285893088206,2.8613488221522743,16.76666370020329,0.9842806028596391,-0.263797299383955,0.3513137034155394,318.5128255872046,-18.702484144433484,-8.619778482570815,709.7955020984509,2.6771429682685977,22.528552088899715,603.2395791068449,-11.132549185999597,57.6733281435949,983.7380743187099,9.374440085367697,101.74710190717386
1.7,5.771559374900526,2.8610344198770963,16.795142293648652,0.9870335068547564,-0.2641119836100196,0.3516930206697103,317.33361317468325,-18.809404672504083,-8.625164084095443,709.82189392685,2.6300120089116086,22.620391724119173,601.7964218803446,-11.229739876892243,57.641481022273595,983.4889895538112,9.334598572628972,101.83711642279209
1.71,5.7884773630586945,2.860716477452445,16.823612918025244,0.9899202983247998,-0.2643780379083257,0.35207888822379996,316.2326817489756,-18.910955598873624,-8.63192451599256,709.9721024434801,2.5911585703086715,22.71436804476443,600.47329965513,-11.322816663908053,57.607264469875,983.4014817137404,9.301660192246375,101.92957565853334
1.72,5.805999381056378,2.860393789698326,16.85207551962245,0.9929313708476811,-0.2646074108726429,0.35247162571546153,315.21394466664617,-19.00640022836869,-8.640100144392523,710.244770919633,2.5611106792425287,22.810165900362634,599.2783110760024,-11.410723998330429,57.570609641460294,983.4781476291352,9.276480341623206,102.0241135209757
1.73,5.824075810847775,2.8600656725244984,16.88053005127404,0.9960553870534145,-0.26480997804076817,0.3528715422985416,314.27984546650134,-19.095137211139644,-8.649705477188094,710.6367160004527,2.540223426697241,22.907454878730128,598.2159825590493,-11.492598503207052,57.53150632231682,983.7177576258974,9.259686190228322,102.1203477530405
1.74,5.842649787590558,2.8597319626883473,16.908976476142858,0.9992796740236833,-0.2649933353538055,0.3532789439794762,313.43137875345644,-19.176702618410644,-8.660730190063962,711.1430867970574,2.5286854804144054,23.005897198333702,597.2874228352345,-11.567776459057988,57.489998228605764,984.1155420742328,9.251677431651784,102.21789205228698
1.75,5.861659079162761,2.859392993394162,16.937414771104685,1.0025905988933468,-0.26516273104534194,0.35369413487761586,312.66813021728575,-19.250770116044592,-8.673140397825637,711.7575342286409,2.5265270693682895,23.105155203505237,596.4905499978059,-11.635795652783054,57.446177454902546,984.6635415841527,9.252632259755867,102.31636717682322
1.76,5.881037912345852,2.8590495484617686,16.96584492955101,1.005973923077381,-0.26532112286381526,0.35411741271054487,311.98833474312875,-19.317149319012906,-8.68688015996073,712.4723894433123,2.5336293228417905,23.20489837483761,595.8203787692263,-11.69639202771533,57.400178272916136,985.3510083153573,9.262518098145268,102.41541082383111
1.77,5.900718710457984,2.858702798569303,16.994266963465765,1.0094151340114617,-0.2654693441240798,0.3545490591141689,311.3889515278464,-19.37578241564336,-8.701873209179354,713.2788499269705,2.5497348511037132,23.304809773011957,595.2693553988163,-11.749491670485279,57.35217049460813,986.1648452996052,9.281106524149651,102.51468610795615
1.78,5.92063371098014,2.858354223650745,17.022680904672136,1.012899753366273,-0.2656063596173791,0.35498932568345926,310.86575506609205,-19.426739155498364,-8.718024889921958,714.1671716335621,2.574459451276212,23.40459183956751,594.8277276698799,-11.795198742010292,57.302352612355364,987.0900704820192,9.307991758365276,102.61388851406625
1.79,5.940716436317178,2.858005525877023,17.051086805190604,1.0164136205055534,-0.2657295908751504,0.3554384168435026,310.41344079527653,-19.47021030005652,-8.735224290658149,715.1268651785637,2.607304812534794,23.503971484045458,594.4839378767865,-11.833780006812123,57.250944919017236,988.110292370494,9.34261203995912,102.71275124974251
1.8,5.960904909539426,2.8576585374659045,17.079484122057135,1.019943149779787,-0.26583529001739103,0.35589653555862905,310.02588806939207,-19.506499651967435,-8.753350075227491,716.1470000992739,2.64767207432387,23.602707831748358,594.2250149967571,-11.865646638691828,57.19817498574314,989.208131595545,9.384273180403913,102.81105837011597
1.81,5.970571454546976,2.657329181424784,17.106874309106818,1.0234496369423667,-0.2658366777534355,0.3564673185607868,309.94105613811865,-19.533870584206582,-8.77798831115358,717.4064863124307,2.6964574141607467,23.705703234347467,589.0189811047088,-11.891425834360202,52.14284151346419,985.1082570117062,9.43154183754319,97.74934706197853
1.82,5.985062244379376,2.45708696092893,17.132257045863483,1.0268302371890097,-0.2653364964766008,0.35725154628276834,310.4321291509395,-19.542900442443557,-8.814637503387448,719.1512249256305,2.7608505564933883,23.81632616595405,583.7851019749849,-11.912483086528203,47.06994719884719,980.8939476030696,9.480910728778657,92.70987142578566
1.83,6.003471210833134,2.2570042345996564,17.155633122516686,1.0300477688307983,-0.26390847236325077,0.358249939722791,311.5267980513115,-19.52414269646374,-8.862885870207952,721.4604634060238,2.849491275545124,23.932633894493716,578.469331378566,-11.930915561318367,41.98484742946422,976.5764535991981,9.529508860812552,87.68838363579837
1.84,6.02519965143364,2.05713875646422,17.17700403200187,1.0331372853091825,-0.261190848016622,0.3594669440006321,313.232428597122,-19.47026734711177,-8.922182754803332,724.397699842249,2.9704715266077875,24.053350163716523,573.0274800402942,-11.949160307356099,36.89118010985659,972.1763228527445,9.575630040905503,82.6827116328578
1.85,6.049877250227288,1.857532965340062,17.196371782018105,1.0361796640551617,-0.25689100440405077,0.3609076090312286,315.5396824203864,-19.375857301424272,-8.991869455171113,728.0080554955498,3.1309654172531065,24.1776883328114,567.4271704396441,-11.969677359468244,31.79125320270729,967.7199614329517,9.618499533956992,77.69215883461527
1.86,6.077292234336041,1.6582142289553679,17.213738719854017,1.039279790637804,-0.25078757914991695,0.3625754060038074,318.4256687486299,-19.237212928268743,-9.071202326704752,732.3169282266883,3.3369508123803904,24.305181983577306,561.6486169067692,-11.994706687780853,26.68638458783312,963.2368175245358,9.658062614474439,72.7169938140908
1.87,6.1073326666826455,1.4591958522690147,17.229107371653402,1.0425492974202184,-0.24273026907996156,0.3644708025702022,321.85667535875086,-19.052166561319584,-9.159372962447266,737.3297757123835,3.5930199230573834,24.435540570499843,555.6844417496623,-12.026095694094629,21.577191823458513,958.7571198337653,9.694797464389392,67.75803072342761
1.8800000000000001,6.139939299021106,1.2604786519046585,17.24248030143524,1.0460935952210726,-0.23263755418654267,0.36659045227267284,325.7905310964323,-18.819907210096243,-9.255526902683073,743.0328555312265,3.902272939779461,24.568537741611316,549.5387337094058,-12.065191217457027,16.46383224675314,954.3101030448386,9.729553007933989,62.8162964632886
1.8900000000000001,6.1750694606965695,1.062052899114527,17.25385999325138,1.0500027909300418,-0.2204926176930242,0.36892687451604483,330.1786528991527,-18.540814894758395,-9.358780790456157,749.394738881703,4.266286453383228,24.703933338717572,543.2255459631458,-12.112788216985027,11.346195786122518,949.9226547416747,9.763411035314085,57.89277771030565
1.9000000000000001,6.2126709105706714,0.8639004451025467,17.263248758040614,1.0543459950296878,-0.2063377625983218,0.371468515565463,334.96782763204436,-18.21630362184129,-9.46823743064631,756.3684133961792,4.6851468715162214,24.841425982665882,536.7670176788013,-12.16912624683747,6.224054311685855,945.6183213275124,9.797571165158503,52.9882392142412
1.9100000000000001,6.252664301317409,0.6659968645691525,17.270648665107633,1.0591684775517463,-0.19026763933621,0.37420009257461523,340.1017741595938,-17.84867191950751,-9.582998325452037,763.8937967937637,5.15753814988723,24.98063095333721,530.1912862393198,-12.233924375099347,1.0971724108334762,941.416614886989,9.83325671187113,48.1031039007006
1.92,6.294932810769035,0.4683134836799107,17.276061496798732,1.0644911196665467,-0.17242160267390372,0.3771031338266728,345.5225246885287,-17.440959950332456,-9.702173608790527,771.9004955493326,5.680872811504701,25.121077271434142,523.5303372715872,-12.30644520890134,-4.034614868855623,937.3325685469248,9.871639276942457,43.23738504208668
1.93,6.339317523670172,0.2708191939411364,17.2794887239169,1.0703116235544685,-0.15297550965514176,0.38015664020659484,351.1716571331809,-16.996812445065178,-9.824889671436194,780.3106599201342,6.251455336918788,25.26221803547342,516.817917244772,-12.385579077654752,-9.17135153201252,933.3764944713251,9.913779815268587,38.39066094003759
1.94,6.385617254099899,0.07348199003215243,17.28093149874171,1.076606979411493,-0.13213325542960316,0.38333780549198043,356.9914025910743,-16.520346999688517,-9.950295038314142,789.0418071470702,6.86466749573772,25.40344878729996,510.087609493428,-12.469940113488342,-14.312931788654492,929.5539058187567,9.960583994369554,33.562083083958946
1.95,6.433589566984583,-0.12372979473708808,17.2803912767015,1.0833367399312368,-0.11011832114640294,0.3866226620826916,362.92549477246115,-16.016027600055992,-10.077561619715706,798.0094078358009,7.515165986076989,25.544126410100567,503.3711556473355,-12.55796687944244,-19.459079179432177,925.865631669087,10.012769825623879,28.750398405232804
1.96,6.497342046997612,-0.12085634453247712,17.278867100045993,1.0904808483758164,-0.0872478614558067,0.38985307580358514,368.66557831709815,-15.490767826509488,-10.200214398161659,806.9515310583723,8.195600786650658,25.678864233166077,501.66937482881934,-12.64800532399979,-19.641755615941637,927.5980929490578,10.071572733521105,29.13093725931581
1.97,6.557234107381729,-0.11797739216654626,17.2773598264113,1.0981026260649476,-0.06415302113207556,0.39287753269801,373.86950391113527,-14.959635921255988,-10.312278874295412,815.5446095027439,8.892278065788684,25.804240236754637,500.0949604385528,-12.738028099797294,-19.812237677910154,929.6367628660223,10.140338377572167,29.49731163463043
1.98,6.61386191934482,-0.11517186406011437,17.27586942797906,1.106190682425321,-0.04149096173853305,0.3956796212574759,378.45487251435844,-14.437743998704844,-10.413796385153988,823.6239617966002,9.58983787086215,25.921934671699745,498.7096874341028,-12.825381242596078,-19.974923127741313,931.9420674870971,10.221482999641706,29.85126792541872
1.99,6.667505417520368,-0.11250501903450369,17.274395174000308,1.1146478688457906,-0.019845371202403005,0.39824227503928944,382.36559167831274,-13.937918200953192,-10.504799953610044,831.0453812967205,10.273344130796891,26.032862492147043,497.5611098810848,-12.907149680817797,-20.13260475085969,934.4614741658182,10.315897861881307,30.19258134246159
2.0,6.718192851687903,-0.11003031960565338,17.27293579830517,1.123322594657564,0.00028333657585776336,0.4005500830842736,385.56850284150573,-13.470820582530296,-10.585250650129286,837.6894476952023,10.928842850906618,26.13732413981367,496.6803980096828,-12.980530292485525,-20.28672052669452,937.1338739000685,10.423228511015182,30.519656724067865
2.0100000000000002,6.7657704094788,-0.10779111468341301,17.27148963130653,1.132034924842703,0.018484447040040937,0.40259073371097126,388.05048003302653,-13.04507160421775,-10.655037048293044,843.4640796326903,11.543806336880069,26.235182282399627,496.0817618705125,-13.043116606289317,-20.437610177979,939.8931711897579,10.542133663743291,30.830059623353584
2.02,6.809969431922465,-0.10582191034762942,17.27005470565636,1.1405972303870542,0.0344401361890048,0.40435586942788987,389.8159003610052,-12.66736983780431,-10.714012285465028,848.3055458825819,12.107461880952297,26.326033815839974,495.7631286070474,-13.09309566043737,-20.58476403449918,942.671236467649,10.670518437145503,31.120964876179816
2.0300000000000002,6.850466598500707,-0.10414915947539242,17.268628841359504,1.1488296415154033,0.047925649409529925,0.4058415442313141,390.88438648787184,-12.342609291661866,-10.762048391576606,852.1781824902496,12.61100994676989,26.409359443498527,495.7077544249326,-13.129363315274256,-20.727056417655422,945.4003576483788,10.805740852201096,31.38951938244033
2.04,6.8869345977827825,-0.10279161813857071,17.267209716700112,1.1565708481968346,0.05880675673470642,0.4070484063849945,391.28873158526,-12.073996744180803,-10.799093056000736,855.0730696854549,13.047741301165372,26.48464267343309,495.8864801520387,-13.151567978051782,-20.862959179159198,948.0153009448583,10.944793004219022,31.633121834251053
2.05,6.919082323368747,-0.10176039272226972,17.265794930654618,1.163684945393088,0.06703482571157167,0.4079816815817359,391.0729346199828,-11.863172126337862,-10.82521907139509,857.0059131358797,13.413065210355569,26.551456605627102,496.260375015415,-13.160094701777314,-20.990732673586606,950.4550621654205,11.084459478316377,31.849625744107698
2.06,6.946684654319514,-0.10105883803398721,17.264382061046575,1.1700650706335292,0.07263989037976383,0.40865100082374173,390.29029462844085,-11.710334752058627,-10.840660891320212,858.014354487635,13.704462146258646,26.60952092200918,496.78355267526035,-13.156002364119457,-21.108592180177766,952.6643620723331,11.221455885286835,32.03747414532496
2.07,6.969602514895005,-0.10068246897574394,17.262968720970736,1.1756345601999043,0.0757221173194634,0.40907010045626235,389.0015341182737,-11.61437739890825,-10.845835939347419,858.1549103090694,13.921374778395668,26.65873360139816,497.4059835961564,-13.140926452021473,-21.214848239645896,954.5949154084764,11.352550126208783,32.19577530284926
2.08,6.987794270299378,-0.1006190249453128,17.261552614315285,1.1803462828947913,0.07644207800725382,0.409256414244591,387.2729417889235,-11.5730291602259,-10.841350575060654,857.4997097676816,14.065050642412979,26.699182611718857,498.0761663339579,-13.116959148833763,-21.308019891880427,956.2064841972649,11.474668416962764,32.32432904503619
2.09,7.001319692037852,-0.10084878631191349,17.260131589780165,1.1841807170198444,0.07501023190731583,0.4092305753923845,385.1745418625831,-11.583006826802745,-10.827992110299773,856.1331721077232,14.138349008363582,26.731142673802232,498.7435557887191,-13.086517167939515,-21.386920516126853,957.4677124617452,11.584987408648606,32.42361313311638
2.1,7.010337783237764,-0.10134519503068157,17.25870369176694,1.1871432321044477,0.07167600822174656,0.4090158470451817,382.77831047944926,-11.640173460770564,-10.806709152572406,854.1487370610629,14.145523304167574,26.755061540133873,499.3606779892106,-13.052206280468992,-21.450716855533216,958.3567316108605,11.68101306549213,32.49473856691303
2.11,7.0150997345095325,-0.10207578439612822,17.257267205954612,1.1892609333979869,0.06671684766051035,0.4086375011573951,380.1564683598362,-11.73970189949064,-10.778582991856576,851.6457359135919,14.091989124729364,26.77153937824353,499.8848880611459,-13.016689886997334,-21.4989627410992,958.861522999678,11.760646401540175,32.53938197771904
2.12,7.015938212385141,-0.10300338193700288,17.255820697260983,1.1905793320169438,0.06042753075799924,0.40812216652114036,377.3798832508689,-11.876240236489533,-10.744792871793095,848.7264687344946,13.984086481871882,26.78130398519671,500.2797505908738,-12.982567392564814,-21.53160988607294,958.9800258633788,11.822235786271673,32.559702354642305
2.13,7.013254082497376,-0.1040875183327091,17.25436303815249,1.1911590218146004,0.053110078033006484,0.4074971667980228,374.5166159175062,-12.04407589999451,-10.706577894344417,845.4935344922745,13.828843600515617,26.78518380023875,500.51603981686776,-12.952266639453313,-21.548998794289236,958.7199840123443,11.864615330423767,32.55824835308557
2.14,7.0075015499666655,-0.10528595581300929,17.252893425810456,1.191072477934415,0.04506446155266152,0.4067898685146158,371.6306402484641,-12.237294789731568,-10.665198069125209,842.0474453347917,13.633748292214198,26.78408008034291,500.5723713474148,-12.92795328517321,-21.55183325244909,958.0985323040632,11.887128854652262,32.5378614035018
2.15,6.999172568441284,-0.10655624189199045,17.251411387377136,1.1904010420502629,0.03658031906502357,0.4060270573552969,368.78076224202664,-12.449932019836629,-10.621896685408629,838.4845438814972,13.406531766832153,26.778939169617313,500.4354879107376,-12.911458814134413,-21.54114204182062,957.1415329056648,11.88963910369073,32.50157883083525
2.16,6.988781233869857,-0.10785719724408857,17.249916773283076,1.1892321244317627,0.02792981255772153,0.40523435896419796,366.01975509790066,-12.676111114533429,-10.577865793352371,834.8952325189207,13.154968689006285,26.77072551272272,500.100229528001,-12.904227852683803,-21.51823143337093,955.8826807258524,11.872522162956367,32.4525402579845
2.17,6.976848745356307,-0.10915025790780519,17.248409739403392,1.187656631142558,0.01936172448527773,0.40443571808429796,363.3937192300873,-12.91016896813202,-10.534216159925435,831.3625159169382,12.886696348639203,26.76039590397694,499.56922397764663,-12.907284617299286,-21.48463177158101,954.3624062569944,11.836647421236302,32.393899736554346
2.18,6.963889388338694,-0.11040060918418085,17.246890719431423,1.1857666132691014,0.011096838408020624,0.4036529473832592,360.94166750187895,-13.146764461745452,-10.49195263799303,827.9608518252599,12.609054987241963,26.748875390649847,498.8523369535961,-12.921217654214335,-21.442041067072616,952.626611732446,11.78334385807972,32.328745347429816
2.19,6.950397878667311,-0.11157806888245418,17.245360389344313,1.1836531312965535,0.0033246076143170593,0.40290535483300227,358.6953280007636,-13.38096927577881,-10.451955474510985,824.7553002612026,12.328950593932076,26.7370352242774,497.965923298079,-12.946181509550236,-21.39226806693227,950.7252824713715,11.714353875682647,32.26002745003916
2.2,6.936838302489605,-0.11265769848283017,17.243819626142354,1.1814043289282208,-0.003798923558548856,0.4022094560503185,356.67914969268077,-13.608340103277827,-10.414967703728642,821.8009571406543,12.052740844780585,26.72567324565649,496.9319214201575,-12.98191358363654,-21.337176805684116,948.7110192488769,11.63177630531742,32.19049632700426
2.21,6.9236347975035315,-0.11362014030703625,17.242269463169215,1.1791037144483496,-0.010152014780534008,0.4015787755579139,354.91049063336,-13.824972114550471,-10.381588438875703,819.1426550058602,11.786144296403345,26.715497073337207,495.77683272617986,-13.027764152886867,-21.278634197685154,946.6375393692318,11.538000567823891,32.1226496541596
2.22,6.91116404636636,-0.11445169544317967,17.24071104427902,1.1768286522744202,-0.01564703844846155,0.4010237384673852,353.3999642298707,-14.027534115902629,-10.352271602820338,816.8149106242302,11.534172450633262,26.70711042687478,494.5306267569057,-13.082737369992547,-21.21846183786108,944.5581938661496,11.435634234643944,32.05869000173454
2.23,6.899749592249502,-0.11514417008362654,17.239145578935698,1.1746490712615487,-0.02022932169840815,0.40055165160852263,352.15191636756555,-14.213286361243583,-10.32732943233177,814.8420968035298,11.301083875722039,26.701002848938316,493.2256108671529,-13.1455409630854,-21.158392844249118,942.5245460639973,11.3274264070653,32.00049241482521
2.24,6.889657938507308,-0.11569452677108116,17.237574300044535,1.1726263987353887,-0.023875157740244887,0.40016677065116035,351.16500497127083,-14.380082399573945,-10.306939954931188,813.2388137769076,11.090359197085842,26.697542996525726,491.8953007827023,-13.214642334181182,-21.100034304906856,940.5850528578699,11.216189401390464,31.949582004372477
2.25,6.881096357577803,-0.11610438193006287,17.235998425962325,1.1708127297175817,-0.02658913311824641,0.399870447337582,350.4328536038113,-14.526356666586636,-10.29115757015725,812.0104339783793,10.904695455409453,26.696975558646486,490.5733252928111,-13.288328796276561,-21.0448356785438,938.7838848205583,11.10472119829109,31.907121380857618
2.2600000000000002,6.874212306715653,-0.11637939244235779,17.234419127745806,1.169250239315968,-0.028400922535844624,0.3996613486458754,349.94475182007574,-14.651099754116492,-10.279925862215306,811.1537929930582,10.746018071521647,26.699421736679383,489.2923947470246,-13.36476977855522,-20.99406333361442,937.1599149639891,10.995730992975183,31.873907663640136
2.27,6.869094328036911,-0.11652857256423745,17.232837502308996,1.1679708430039761,-0.029361702802301458,0.3995357376383576,349.6863769679899,-14.75382342165582,-10.273091818534763,810.6579989633223,10.615508456064514,26.70488310559456,488.0833589907752,-13.442078963316007,-20.948781283454657,935.745899021445,10.891769980619802,31.85037868676394
2.2800000000000002,6.86577429571885,-0.11656357892515082,17.23125455179281,1.1669961049132136,-0.029540332802626516,0.3994878040217909,349.64051473396137,-14.834517458277684,-10.2704207162874,810.5053327838687,10.513645157696205,26.71324856927373,486.9743759785713,-13.518374490379792,-20.909838073900257,934.5678628096686,10.795169243309477,31.836627890578722
2.29,6.864230862289502,-0.1164979964264141,17.229671169123556,1.1663373888030182,-0.02901943778123399,0.39951003115790323,349.787758758711,-14.893600472335732,-10.271611052797972,810.672212023551,10.440256355828904,26.724304038358127,485.9902076480255,-13.591835569081667,-20.87785969416517,933.6447048814216,10.707986286504823,31.832427236851835
2.3000000000000003,6.8643939472913065,-0.11634665222768494,17.22808812946153,1.1659962405551285,-0.02789152434185098,0.39959358549422325,350.1071729138915,-14.931866592868603,-10.276309022587613,811.130192640782,10.394581471023567,26.73774439805345,485.15165484248223,-13.660754068593238,-20.853248302814738,932.9880155539794,10.631961421262549,31.837257317597437
2.31,6.8661501041563495,-0.11612497919993653,17.226506087023125,1.1659649853278626,-0.026255238107014592,0.3997287141875947,350.5769031752014,-14.950429923670573,-10.284122171550038,811.8469841563776,10.375339685095518,26.753187296493742,484.47513826877355,-13.72357990789702,-20.836186482018036,932.602106717566,10.568484818878565,31.850343653402216
2.32,6.86934859433787,-0.11584844462895336,17.224925576600793,1.1662275172633705,-0.024211859660317248,0.3999051370820885,351.1747293296955,-14.950668411003676,-10.294631977831363,812.7874559354999,10.380803229266766,26.770188269385613,483.97242781009925,-13.778959330396134,-20.826646651161997,932.4842407654049,10.518574691904037,31.870698007659637
2.33,6.873807991597448,-0.115532054831427,17.223347019002713,1.1667602551411427,-0.02186211690579302,0.4001124201587074,351.8785499183428,-14.934168580432505,-10.307405212587657,813.914614517359,10.40887340659663,26.78825671985888,483.6505181198446,-13.825765417554148,-20.824405184436344,932.6250416779059,10.482866692453353,31.89716339288834
2.34,6.879323134347436,-0.1151899418387339,17.221770729582854,1.1675332337752278,-0.01930337397703935,0.40034031904059164,352.6667967679294,-14.902672377502258,-10.32200401810406,815.1905344214281,10.457157457740784,26.806872289273848,483.5116444244545,-13.86312046358218,-20.829060687933683,933.0090668355193,10.461614276344843,31.92846132873748
2.35,6.88567224097447,-0.11483503446308096,17.220196929026667,1.1685112983374157,-0.016627238916585633,0.4005790830283044,353.51877815494595,-14.858027119870165,-10.337994704623503,816.577227459732,10.52304454954861,26.82550118094595,483.55342896398463,-13.890410091596362,-20.84005580426276,933.61551459428,10.454699468866568,31.963239841732427
2.36,6.892624003209742,-0.11447881287592795,17.218625755589937,1.1696553671644443,-0.013917615060859033,0.40081971234552677,354.414952026681,-14.802139342634302,-10.354955311658998,818.0374382153658,10.603779356722631,26.84361203094089,483.76914557029903,-13.907289233940467,-20.85670183246954,934.4190400750138,10.46165319197334,32.000120684896
2.37,6.899944476939273,-0.1141311432513965,17.217057278051257,1.1709237279448321,-0.011249204870013983,0.40105416367102015,355.33713274782923,-14.736933100456984,-10.37248200703778,819.5353559426244,10.696531910626028,26.860690955960273,484.1480875654079,-13.913680319480315,-20.878205384907115,935.3906500074394,10.48168407890543,32.037744307538375
2.38,6.90740359921468,-0.11380018699370412,17.215491508724366,1.172273332433824,-0.0086864602157786,0.40127550148640423,356.2686365181048,-14.664313085069548,-10.390194410758339,821.0372356566535,10.798462599897363,26.87625544667545,484.67602246488747,-13.909764203782704,-20.903696257252854,936.4986468272313,10.513714514450879,32.07481122304845
2.39,6.91478117508256,-0.11349237751218658,17.213928415978053,1.173661055965539,-0.006282960180646976,0.40147799515202504,357.1943718972117,-14.586132729449918,-10.40773993445747,822.5119235789498,10.906781419210143,26.88986681535939,485.3357158743357,-13.895964540759142,-20.93225566881604,937.7095925172987,10.556422499792328,32.11011860119233
2.4,6.921872198148514,-0.11321245637256432,17.212367935821348,1.1750448899778385,-0.004081186439715243,0.4016571638168279,358.10088276678556,-14.504167304054572,-10.424797224208062,823.9312843713793,11.018800770714154,26.901140949589877,486.1075064299358,-13.872926424568055,-20.96294404152722,938.9892638603546,10.608287851230468,32.142591141696705
2.41,6.928491393947014,-0.11296355989209989,17.210809982224596,1.1763850385000416,-0.002112657421046704,0.40180977317297006,358.9763515537405,-14.420091868833252,-10.441078787321704,825.2705297153542,11.131981323737772,26.909757169643907,486.96991360277633,-13.8414902277178,-20.99482752913038,940.3035727495898,10.667641201891175,32.17130555383921
2.42,6.934476904143371,-0.1127473468230609,17.209254455956877,1.1776448930347332,-0.00039837572245027096,0.4019337896062948,359.81057064888716,-14.335463829283302,-10.456332875034025,826.5084497674765,11.243970629382872,26.91546503638348,487.90026059973036,-13.802661625971545,-21.027002582112075,941.6194278854467,10.732714283361311,32.1955082555052
2.43,6.939693060936,-0.11256415765464237,17.20770125182275,1.1787918644349313,0.0010504613189271726,0.4020282984219252,360.5948897069791,-14.251709756453511,-10.470344684010549,827.6275508402587,11.352634365522253,26.918089009016946,488.87529539045306,-13.757578834358519,-21.0586179352968,942.9055174448634,10.801690017332499,32.214626196620976
2.44,6.944032233142023,-0.11241319623251188,17.206150264272868,1.1797980551515088,0.002231540537245591,0.4020933935213984,361.32214595302287,-14.17011606948898,-10.482936931591265,828.6141043043348,11.456080252664647,26.9175309076827,489.8717940135896,-13.707478083562874,-21.088893528163407,944.1329960030597,10.872751041768158,32.22827098855033
2.45,6.947415756697981,-0.11229272482072011,17.20460139144115,1.1806407604813483,0.0031503545783747107,0.40213004618324294,361.98658380264374,-14.09182314382168,-10.493969853233994,829.4581131698194,11.552674830733856,26.91377019337251,490.86713171539844,-13.653658344817964,-21.117136005606163,945.2760629639762,10.944125426694484,32.23623676769585
2.46,6.949793991176649,-0.11220026438195274,17.20305453772421,1.1813027930231663,0.003819018406733196,0.4021399604868496,362.58376909978386,-14.017822396278245,-10.50334066602684,830.1532040579286,11.641053419714165,26.906862135795613,491.83980910644664,-13.597446267034796,-21.1427505910514,946.312423856251,11.014128495243636,32.23849242638358
2.47,6.951145569152798,-0.11213279269228378,17.20150961506615,1.1817726302484324,0.0042550301912366644,0.40212542247388317,363.1105021580812,-13.948955907091165,-10.510982539504452,830.6964532963411,11.720123702164686,26.896933996478012,492.76992234778015,-13.540162225121277,-21.165249266474497,947.2236299235362,11.081199849062862,32.23516899952912
2.48,6.951475925918902,-0.11208693389311519,17.19996654314423,1.1820443906966,0.00448002219020059,0.40208914943018287,363.5647326387941,-13.885918164293297,-10.516863114228709,831.0881566411348,11.789063461743964,26.884179407533942,493.63956835957333,-13.483088296190438,-21.184255327495595,947.9952953384645,11.143934896131025,32.22654309836318
2.49,6.950815212601276,-0.11205913416882705,17.19842524866861,1.182117649573426,0.004518542350078142,0.40203414476923743,363.94547818000154,-13.829259554028416,-10.520982609467136,831.3315526270977,11.847313088254873,26.868851173916553,494.4331781449411,-13.427438883429177,-21.199504500147317,948.6171949738762,11.201110385699653,32.21301733349609
2.5,6.9492157059647095,-0.11204581937484591,17.19688566401506,1.1819971092419521,0.004396901677426525,0.40196356298204833,364.2527476718493,-13.779391266552366,-10.523371563502426,831.4325097676061,11.894563515775335,26.851252766471855,495.1377734981754,-13.374334598619363,-21.210842904478152,949.0832488713545,11.251703661980695,32.195098673096766
2.5100000000000002,6.946748833253536,-0.11204353157947955,17.1953477254042,1.1816921440465051,0.004142116295541259,0.4018805880590665,364.48746920091537,-13.736591337897785,-10.524088253231188,831.3991877659604,11.930740296039966,26.831728803025662,495.7431445746804,-13.32477989649411,-21.218222226080034,949.3914022797461,11.294905548303369,32.17337564473217
2.52,6.943501930698936,-0.11204904258030696,17.193811370827294,1.1812162419411154,0.003780966703630323,0.4017883277504882,364.65142199816967,-13.701011597483104,-10.52321584329929,831.2416825746745,11.955984524757547,26.810654833756562,496.24194798882843,-13.279644830182402,-21.22169250890298,949.5434123468888,11.3301269605382,32.1484952197621
2.5300000000000002,6.9395748504232255,-0.11205944347528057,17.192276537898863,1.1805863673991783,0.0033391903463957976,0.4016897250620822,364.74717123816424,-13.672685339110979,-10.52085931858034,830.9716645720339,11.970631334947413,26.78842675456468,496.6297272218328,-13.239651169930088,-21.22139301200269,949.5445542143572,11.35699951743202,32.12114012599031
2.54,6.935076523113582,-0.11207221028180782,17.19074316179265,1.1798222710161903,0.0028408173816008085,0.4015874875219001,364.7780042548075,-13.651535574320473,-10.517142256848157,830.6020183507204,11.975186650174107,26.7654501679947,496.904859108509,-13.205363000179881,-21.217541581169215,949.4032603903321,11.375370562090426,32.09200722618902
2.5500000000000003,6.930121573800948,-0.11208524638524557,17.189211173391133,1.1789457710995295,0.0023076536816290464,0.4014840340219098,364.74786665017257,-13.637383761219867,-10.512203500583391,830.1464916744095,11.970302853847315,26.742129996105707,497.068431974808,-13.177181786070358,-21.210422976716053,949.1307078834504,11.385293130422635,32.06178748495242
2.56,6.924827076144423,-0.11209690325212762,17.187680497752204,1.1779800314446722,0.0017589097711633833,0.40138145844822054,364.66129685423385,-13.629958927866726,-10.506193787631453,829.6193601030376,11.956753981058998,26.718860624664305,497.12406256641106,-13.155345782597417,-21.20037657465579,948.7403677110675,11.38701149739263,32.031147930661156
2.57,6.919309517525785,-0.1121059813620647,17.18615105297,1.1769488575517677,0.0012109697041354942,0.40128150886355485,364.5233579142763,-13.6289071268188,-10.499272399664621,829.0351126662079,11.935410979628857,26.69601682480095,497.0776601995317,-13.139933551031213,-21.18778382385935,948.2475311017138,11.380943000051214,32.000715908287496
2.58,6.913682033658701,-0.11211171370119642,17.18462274948182,1.1758760309036698,0.0006772899039482291,0.40118558068684246,364.33956561648176,-13.63380116718732,-10.491603884990798,828.4081628258991,11.907217520154834,26.673945658764325,496.9371475448395,-13.130871250452426,-21.173055800234348,947.6688260541795,11.367656878222665,31.97106581599867
2.59,6.908051957873477,-0.11211373442957871,17.183095489849794,1.1747846977935188,0.00016841478474372015,0.4010947221121261,364.1158124312282,-13.644150573366431,-10.483354908248998,827.7525878593924,11.87316676398903,26.65295953276443,496.7121481035485,-13.127943289796884,-21.156621153738918,947.021736959119,11.347850890931765,31.94270842632538
2.6,6.902518717196052,-0.11211203549762733,17.181569169024506,1.1736968257528353,-0.0003079064390811992,0.4010096499039238,363.85828719104205,-13.659411716964165,-10.474691274109626,827.0818987492491,11.83427942606502,26.633330514244534,496.41365074314945,-13.13080585948806,-21.138914697834576,946.3241387977042,11.322326461376653,31.916082812184424
2.61,6.89717209513696,-0.11210691405609585,17.18004367507889,1.1726327370811245,-0.0007465189681913348,0.400930773679255,363.57339082305634,-13.678998061842417,-10.465775165547408,826.4088417197455,11.79158339902947,26.615285985293028,496.05366163548746,-13.139002812874168,-21.120366845806394,945.5938560677505,11.291963078166267,31.89155082947954
2.62,6.89209086997023,-0.1120989134926062,17.178518890383547,1.1716107254896815,-0.0011445957320499,0.4008582268190561,363.2676488385497,-13.702290453170784,-10.456762629935316,825.7452317291499,11.746095138373825,26.599005660073175,495.6448536008537,-13.151983336961381,-21.10139405558382,944.8482551079472,11.257692638601824,31.869394050885507
2.63,6.88734182734988,-0.11208876084641989,17.176994693180045,1.1706467585940898,-0.0015013230275904364,0.4007919022272786,362.9476216095172,-13.728647371501257,-10.447801338515685,825.1018175264998,11.69880294696618,26.58461995358387,495.20022223944375,-13.169120839354564,-21.08239040503512,944.1038769466908,11.220474364073418,31.849812998841916
2.64,6.882979137439721,-0.11207730321091543,17.175470959495637,1.1697542660381097,-0.0018175562247095677,0.4007314912612365,362.6198137219015,-13.757415063392342,-10.439028637128038,824.4881773128895,11.6506522427538,26.572209652871106,494.7327573664059,-13.189732483250117,-21.06372038344017,943.3761162380096,11.181270851216563,31.83292848863516
2.65,6.879044079317484,-0.11206544553735379,17.173947565332345,1.1689440104872812,-0.0020954622420762373,0.40067652428182593,362.2905838793783,-13.78793745212259,-10.430569898763883,823.9126436058917,11.602532846132663,26.561806810722572,494.2551372061405,-13.21309882354782,-21.045712951872893,942.6789503010674,11.14102574824799,31.81878486356971
2.66,6.875565089214527,-0.11205409201004893,17.172424389054576,1.1682240366395233,-0.002338163998072683,0.40062641141039823,361.9660569388287,-13.819565726317373,-10.422537181860843,823.3822555808906,11.55526828378245,26.553396756284304,493.7794515976742,-13.238483032885052,-21.02865689525975,942.0247207833966,11.100643466598449,31.807354882565384
2.67,6.872558104097353,-0.11204409287763784,17.170901313893054,1.1675996917755977,-0.002549400181809311,0.4005804822264479,361.6520396918755,-13.85166750139577,-10.415028192437038,822.9027369391594,11.509607073399874,26.546921097009733,493.3169591687309,-13.265149254494624,-21.012797461539215,941.4239690470358,11.060971256023622,31.798546005173375
2.68,6.870027168111803,-0.1120361983038731,17.16937823047888,1.1670737101999389,-0.0027332115690178226,0.4005380232950666,361.3539419733052,-13.883635448852905,-10.4081255433131,822.4784972118788,11.466215928188417,26.542281571718757,492.87788210402505,-13.292379676750565,-20.99833425831284,940.8853250521615,11.022783888982923,31.79220780931373
2.69,6.86796526641962,-0.11203102045139693,17.16785503932012,1.166646353165519,-0.0028936628264625347,0.4004983125747678,361.0767045861136,-13.91489529155715,-10.401896299789081,822.1126543332631,11.425674800360941,26.539344604952067,492.4712408117904,-13.319489989450151,-20.98542035443379,940.4154483015228,10.986771119124327,31.788140272551196
2.7,6.866355348893117,-0.11202900464200416,17.16633165313471,1.1663155954834625,-0.0030346064007868456,0.4004606499246874,360.8247353950052,-13.94491306929263,-10.396391798176303,821.8070762866935,11.38847366832213,26.53794640778051,492.1047295246703,-13.345842951597021,-20.974162513063966,940.0190183243107,10.953528000808955,31.786102648183356
2.71,6.8651715049453745,-0.11203041005732976,17.16480799895765,1.1660773499289268,-0.0031594927604795776,0.4004243831049514,360.601854766326,-13.973201587417105,-10.39164772141037,821.5624396296178,11.355010961617895,26.537898469247864,491.7846326934317,-13.370859872059048,-20.96462246396953,939.6987712309252,10.923548083137835,31.7858226726985
2.72,6.86438025041544,-0.1120353000664844,17.163284019947415,1.165925720706943,-0.0032712290304235175,0.4003889288439707,360.4112513326719,-13.999325972365028,-10.387684414425184,821.3783027231804,11.325593510185083,26.538993285154994,491.5157809727804,-13.394029875552826,-20.956819106451114,939.4555780684883,10.897219424036098,31.787005851212317
2.73,6.863941887866413,-0.11204354190461951,17.161759676826474,1.1658532775762167,-0.003372085993657272,0.4003537887292593,360.2554488437754,-14.022908270392042,-10.3845074208691,821.2531915217229,11.300437899024407,26.541010176434316,491.30154467867527,-13.41491689476032,-20.950731520675557,939.2885600570199,10.874823308557547,31.78934458225346
2.74,6.863811902853252,-0.11205481509160523,17.16023494890265,1.165851342692878,-0.0034636515887158377,0.4003185598605231,360.1362846390179,-14.043631040025096,-10.382108221912155,821.184695809801,11.279673105430488,26.543721057468684,491.1438618284813,-13.433164393173492,-20.9463026546586,939.1952352915533,10.856535501447107,31.79252690259758
2.75,6.863942360637079,-0.1120686276851366,17.15870983463252,1.1659102827871102,-0.0035468274446176667,0.4002829403805915,360.05490004681286,-14.061239903769895,-10.38046515716924,821.1695738077427,11.263344292788357,26.546896024993085,491.04329726453756,-13.44849788100355,-20.943443547091338,939.1716911575538,10.842429817736033,31.79624465646472
2.7600000000000002,6.864283270411497,-0.11208433921825325,17.15718435170354,1.1660197998912127,-0.00362186369777466,0.40024673016583445,360.011742786366,-14.075545040400483,-10.379544507024894,821.2038631014757,11.251417632329396,26.550308650349695,490.9991289072274,-13.460725337088085,-20.942037942863212,939.212776524369,10.832483757163002,31.80020092083656
2.77,6.864783887296672,-0.11210118898573107,17.155658536628074,1.1661692144762357,-0.0036884263418297727,0.4002098271072917,360.0065812212333,-14.08642161530821,-10.379301714817428,821.2829958909304,11.24378602195164,26.553740871561235,491.00945687912576,-13.469735692464734,-20.94194715862978,939.3123077499957,10.826585918784549,31.804116549256946
2.7800000000000002,6.865393926062197,-0.1121183282223793,17.154132443859304,1.166347735513225,-0.0037456906768772716,0.4001722195412727,360.03853009383647,-14.093809162680104,-10.379682726395181,821.4019165977711,11.240275569233516,26.55698739668452,491.07133107700383,-13.475495565784534,-20.943015060064774,939.4632826429132,10.824544891357146,31.8077357294016
2.79,6.866064664655213,-0.11213485466095645,17.152606144454854,1.1665447126488546,-0.0037924540421053086,0.4001339754888433,360.1060871579912,-14.097709949464466,-10.380625423526826,821.555199931865,11.240652704211485,26.559859545945656,491.1808927299874,-13.478044466977202,-20.945073020296412,939.6580967728021,10.826099302875203,31.81083048393538
2.8000000000000003,6.86674992001608,-0.1121498479668118,17.151079724329133,1.1667498663729892,-0.003827260919522681,0.4000952294337291,360.2071799244603,-14.098186366964638,-10.382061126599115,821.7371675910822,11.24463178654872,26.562188476971436,491.33352555531224,-13.47748870375759,-20.947944740082242,939.8887568883043,10.830928708796094,31.81320407860449
2.81,6.867406883227794,-0.11216240461588167,17.149553282148133,1.1669534927587695,-0.0038485336619321605,0.4000561674056002,360.33922154512385,-14.095357411257837,-10.383916141077426,821.9420018641237,11.25188307163688,26.563827754721025,491.52401229183397,-13.473994236135878,-20.951450823985915,940.1470866704253,10.838665002559033,31.81469333498772
2.82,6.867996805631325,-0.11217167090497318,17.148026926931458,1.167146640075237,-0.003854702495050764,0.4000170111400531,360.4991746875162,-14.089394328237026,-10.386113321465809,822.1638545232015,11.262040901195036,26.564655245151762,491.74669264026403,-13.467778727647318,-20.955413022559767,940.4249206064669,10.848904043440577,31.815169876741123
2.83,6.8684855320113645,-0.11217687294884653,17.146500775434152,1.1673212553072183,-0.0038443290361519617,0.3999780020592228,360.68362209654106,-14.080515512679526,-10.38857362611386,822.3969495331835,11.274711986284602,26.564574328860335,491.9956189526759,-13.459103039272335,-20.95965806760692,940.7142823911336,10.861217214836072,31.81454036650139
2.84,6.868843881189628,-0.11217734271656093,17.144974949386043,1.1674702993626787,-0.00381621832108349,0.3999393857608569,360.8888424082092,-14.068980763076166,-10.391217636307115,822.6356782652057,11.289483654516319,26.563514447530622,492.26470637794046,-13.448262403754907,-20.96402104528764,941.00754492773,10.875162649854165,31.812745815026144
2.85,6.869047878243197,-0.1121725393783171,17.143449572668565,1.1675878304955427,-0.003769515197604842,0.3999013976232786,361.1108896751449,-14.055085004730017,-10.393967013739553,822.8746860833445,11.305931938693725,26.56143101159246,492.54787457142015,-13.435577505045426,-20.968348269464762,941.29756969162,10.890295889667168,31.809760064010487
2.86,6.869078846000718,-0.11216206546218897,17.141924768508098,1.1676690562095622,-0.0037037818851119197,0.399864250034402,361.3456749894666,-14.039151602557476,-10.396745871769472,823.1089493688198,11.323629391230716,26.558304711657126,492.8391785043633,-13.4213856707171,-20.97249963463027,941.5778239094182,10.906179772304236,31.805587558944616
2.87,6.868923366388748,-0.11214567754702454,17.140400656761518,1.1677103546204233,-0.003619054479549255,0.3998281216409394,361.58904854898947,-14.0215253918074,-10.399482037821029,823.3338422527997,11.342152517352211,26.554140288682653,493.1329263503992,-13.406032365204046,-20.976350443499125,941.8424746812334,10.922393384398099,31.800260538223903
2.88,6.868573124558688,-0.11212329143408187,17.138877351363643,1.1677092669209717,-0.0035158771605616128,0.39979314889541245,361.8368805103357,-14.002565559294855,-10.402108186890082,823.5451925409236,11.361088730207914,26.548964828127904,493.4237828735188,-13.389863149340487,-20.979792718483328,942.0864598119213,10.93853994467231,31.793835769594235
2.89,6.868024650498424,-0.1120949819379676,17.137354957998642,1.167664463199439,-0.003395313801939847,0.39975942005961473,362.0851390091801,-13.982638509509759,-10.40456282927119,823.7393265246294,11.380042742400565,26.542825651336962,493.7068571850757,-13.37321624764909,-20.9827360184767,942.3055357055846,10.95425352459145,31.78639096521813
2.9,6.86727897402432,-0.11206097761139866,17.135833572047872,1.1675756843848668,-0.0032589375665262894,0.3997269717092257,362.3299638039505,-13.96211084894816,-10.406791139236436,823.9131025812784,11.398642320834151,26.535787882907044,493.9777741687651,-13.356415839778146,-20.985107792521603,942.496303203181,10.96920454756406,31.778021002666623
2.91,6.8663412096794465,-0.11202165086434625,17.134313276856265,1.1674436635217724,-0.0031087998580323767,0.3996957876799702,362.56773411391043,-13.941342618142949,-10.408745615328119,824.0639336619464,11.416543344942799,26.527931775774306,494.2327292848085,-13.339766167034806,-20.986853309928286,942.6562126968942,10.98310404245556,31.768834071584546
2.92,6.865220088172422,-0.11197750405418949,17.132794142348363,1.1672700298951333,-0.002947380684859367,0.3996658003046285,362.7951293730134,-13.920680894162041,-10.410386567017952,824.1897989488422,11.433434122004705,26.519349876244807,494.46852685128573,-13.323546519644513,-20.987935212316984,942.783550230885,10.995706659127691,31.75894785532961
2.93,6.863927450630941,-0.11192915220918093,17.13127622401372,1.1670571997290555,-0.002777523050472361,0.39963689371479305,363.00918180344104,-13.900453876889651,-10.411682426578288,824.2892451302384,11.449038927085986,26.510144109336384,494.6826022556632,-13.308007145700962,-20.98833273696326,942.8774065932084,11.006812482602157,31.748485844264827
2.94,6.862477721178656,-0.11187730310368602,17.129759562270372,1.1668082572651826,-0.0026023544119372914,0.3996089089228895,363.20731992203724,-13.880965560414682,-10.412609888951653,824.3613778875346,11.463120748947453,26.50042286079735,494.87302886820123,-13.293366099191351,-20.98804066292745,942.9376316182154,11.016267707747884,31.73757386329782
2.95,6.860887372242233,-0.11182273543219243,17.128244182204593,1.1665268299921683,-0.0024251985388144283,0.39958165035897136,363.3874023225367,-13.862491076615912,-10.413153886056147,824.4058443151221,11.475483236730478,26.49029812631691,495.0385107066291,-13.279807022405166,-20.987068031944368,942.964776054972,11.02396425774338,31.72633688136901
2.96,6.8591743956305775,-0.11176627583257612,17.126730093675498,1.1662169616526743,-0.002249481259474926,0.39955489351260914,363.5477413196849,-13.84527278191544,-10.413307405220365,824.4228070985575,11.485971855203836,26.479882791071315,495.178362135166,-13.267477837794361,-20.985436695181516,942.9600234201473,11.029838446789398,31.714896155493832
2.97,6.857357790872199,-0.11170877549053848,17.125217291764102,1.165882986410916,-0.0020786336062359628,0.3995283933215889,363.6871162903117,-13.829517140622084,-10.413071164218085,824.4129113604049,11.494474268624433,26.469288094231146,495.2924760682631,-13.256490306249813,-20.983179734975142,942.9251142497272,11.033868800578439,31.703366747168985
2.98,6.855457080618053,-0.11165108701961449,17.123705757539227,1.1655294072370364,-0.0019159957735325884,0.39950189295436195,363.8047767936892,-13.815392439780805,-10.412453157625727,824.3772451464059,11.500919984667457,26.458621323756596,495.38128228914866,-13.246920393028883,-20.980339807754074,942.8622651006377,11.036073156952098,31.691855434877475
2.99,6.853491861181938,-0.11159404225784125,17.12219545910615,1.1651607811722828,-0.0017647250969467104,0.39947513265019585,363.9004357916866,-13.80302735149408,-10.411468090938701,824.3172945687329,11.505279300317085,26.44798377710663,495.4456975855616,-13.238809369372827,-20.976967450784613,942.7740845396473,11.036505174201071,31.680459033403213
3.0,6.8514813945535895,-0.11153843155599619,17.1206863528989,1.1647816137003602,-0.0016277109601383366,0.39944785830757024,363.97425351138185,-13.792510339816877,-10.410136720062871,824.2348946488695,11.50756160094546,26.437469013720126,495.4870694507944,-13.23216556731699,-20.973119391297423,942.6634882015561,11.035250375863281,31.66926311892301
