time_s,ay_mps2,ax_mps2,speed_mps,roll_deg,pitch_deg,yaw_rate_radps,Fz_FL,jounce_FL_mm,geometric_FL_n,Fz_FR,jounce_FR_mm,geometric_FR_n,Fz_RL,jounce_RL_mm,geometric_RL_n,Fz_RR,jounce_RR_mm,geometric_RR_n
0.0,0.0,0.0,15.0,0.0,0.0,0.0,598.5082183333004,-0.0,-0.0,598.5082183333004,-0.0,0.0,731.5100446295896,-0.0,0.0,731.5100446295896,-0.0,0.0
0.01,1.5564457453646112e-18,1.1169533421866411e-18,15.0,-7.690214185456993e-20,6.525848523229256e-18,-8.36050385059357e-22,598.5082183333004,-0.0,4.612309176578372e-17,598.5082183333004,-0.0,5.424656355314361e-17,731.5100446295896,-0.0,-7.688233257189539e-17,731.5100446295896,-0.0,-6.585622092129771e-17
0.02,2.7945401668247537e-18,4.467813361824715e-18,15.0,-3.0751118349069575e-19,2.6103394052475815e-17,-5.043696727749423e-22,598.5082183333004,-0.0,9.319550574517024e-17,598.5082183333004,-0.0,1.0754380448257996e-16,731.5100446295896,-0.0,-1.525853805282008e-16,731.5100446295896,-0.0,-1.328917258749642e-16
0.03,3.787364886569916e-18,1.0052580051914078e-17,15.0,-6.917286395933165e-19,5.873263654684105e-17,4.8812006147583005e-22,598.5082183333004,-0.0,1.410022928658992e-16,598.5082183333004,-0.0,1.6010667203859926e-16,731.5100446295896,-0.0,-2.2734251597509485e-16,731.5100446295896,-0.0,-2.008731430080021e-16
0.04,4.590457542412855e-18,1.787125340864091e-17,15.0,-1.2295008532226703e-18,1.0441357598404254e-16,1.8204979679349935e-21,598.5082183333004,-0.0,1.8938348965774226e-16,598.5082183333004,-0.0,2.1209512980413666e-16,731.5100446295896,-0.0,-3.0133522712658826e-16,731.5100446295896,-0.0,-2.696189842666843e-16
0.05,5.2462317371133864e-18,2.79238334301902e-17,15.0,-1.9208022887967836e-18,1.6314621235347598e-16,3.2936021058350794e-21,598.5082183333004,-0.0,2.382193506797466e-16,598.5082183333004,-0.0,2.6362892329008995e-16,731.5100446295896,-0.0,-3.747050706533351e-16,731.5100446295896,-0.0,-3.389876930798273e-16
0.06,5.787225241209974e-18,4.021032011597232e-17,15.0,-2.76562465103132e-18,2.349305456516965e-16,4.787303402023025e-21,598.5082183333004,-0.0,2.874197319410139e-16,598.5082183333004,-0.0,3.1479819652954665e-16,731.5100446295896,-0.0,-4.475627441788198e-16,731.5100446295896,-0.0,-4.0886857188394523e-16
0.07,6.3582419207855054e-18,5.474198465202996e-17,15.0,-3.764746177366629e-18,3.198324282737984e-16,6.12646161949084e-21,598.5082183333004,-0.0,3.40102232743519e-16,598.5082183333004,-0.0,3.69490229865551e-16,731.5100446295896,-0.0,-5.254009478983894e-16,731.5100446295896,-0.0,-4.837307598936884e-16
0.08,5.636222139898005e-19,7.098837003226585e-17,15.0,-4.9154429767792775e-18,4.147526420706159e-16,4.1533607150164445e-20,598.5082183333004,-0.0,3.70815578758057e-16,598.5082183333004,-0.0,3.653861888550552e-16,731.5100446295895,-0.0,-5.417779384888885e-16,731.5100446295895,-0.0,-5.388808986736441e-16
0.09,5.0669206891191395e-17,8.808597438061006e-17,15.0,-1.1405048400120445e-17,5.14646139742568e-16,-2.4795724069526614e-19,598.5082183333005,-0.0,2.7386715392721644e-16,598.5082183333004,-0.0,5.543804606327408e-16,731.5100446295896,-0.0,-6.860652352189374e-16,731.5100446295895,-0.0,-3.6762281545965873e-16
0.1,-1.7694217215094517e-17,1.0642733255596636e-16,15.0,-1.5070985019157307e-17,6.218063232900265e-16,2.38887268943887e-19,598.5082183333005,-0.0,4.84894295000706e-16,598.5082183333005,-0.0,3.55751603834814e-16,731.5100446295895,-0.0,-4.770310544740305e-16,731.5100446295895,-0.0,-5.942889503810344e-16
0.11,-1.3131042702842093e-17,1.2442798245970082e-16,15.0,-1.581514760457818e-17,7.269759039293434e-16,1.5874232262667306e-19,598.5082183333005,-0.0,4.652087331119828e-16,598.5082183333005,-0.0,3.6733091262922925e-16,731.5100446295896,-0.0,-4.822438727867038e-16,731.5100446295895,-0.0,-5.775479980197325e-16
0.12,-6.97138845312559e-17,1.4228248275884197e-16,15.0,-1.623654186694493e-17,8.312915991418629e-16,5.336333391040093e-19,598.5082183333004,-0.0,6.381903562487112e-16,598.5082183333005,-0.0,2.0614774131591867e-16,731.5100446295895,-0.0,-3.103563836305303e-16,731.5100446295896,-0.0,-7.662144024903258e-16
0.13,-8.086828773104357e-17,1.599820160397242e-16,15.0,-1.6486481829666212e-17,9.347018928044173e-16,5.994889828627172e-19,598.5082183333004,-0.0,6.631132431229002e-16,598.5082183333005,-0.0,1.6580643446635599e-16,731.5100446295895,-0.0,-2.6328380954591694e-16,731.5100446295896,-0.0,-7.913600011614808e-16
0.14,5.164007063460927e-17,1.777425636192951e-16,15.0,-1.295876636736934e-17,1.0384686651630417e-15,-4.1912641232032214e-19,598.5082183333005,-0.0,2.6140343378861084e-16,598.5082183333004,-0.0,5.626020374961971e-16,731.5100446295896,-0.0,-6.75125770948542e-16,731.5100446295895,-0.0,-3.725294066183395e-16
0.15,5.628690134543207e-17,1.9471946368028213e-16,15.0,-1.1106147348091976e-17,1.1376569427817951e-15,-4.7654492669653945e-19,598.5082183333005,-0.0,2.3647552636583946e-16,598.5082183333004,-0.0,5.692150144941689e-16,731.5100446295896,-0.0,-6.765062952573935e-16,731.5100446295895,-0.0,-3.4510269665848035e-16
0.16,-5.45465623927255e-17,2.1149197903160522e-16,15.0,-1.3931006816067942e-17,1.2356510938373743e-15,3.8330906752159257e-19,598.5082183333004,-0.0,5.691923610603692e-16,598.5082183333005,-0.0,2.332409741024972e-16,731.5100446295895,-0.0,-3.274308113357909e-16,731.5100446295896,-0.0,-6.895460153289184e-16
0.17,-8.455904038430028e-17,2.292021011917144e-16,15.0,-1.0796593034991143e-17,1.339123253487751e-15,5.657504835681961e-19,598.5082183333004,-0.0,6.723376974791096e-16,598.5082183333005,-0.0,1.6352528056259112e-16,731.5100446295895,-0.0,-2.5679598864319354e-16,731.5100446295896,-0.0,-8.077220879456742e-16
0.18,9.718885524769694e-17,2.4697721946505994e-16,15.0,-2.320000267175607e-18,1.4429751557590227e-15,-8.535508806384182e-19,598.5082183333005,-0.0,1.1733926933800416e-16,598.5082183333004,-0.0,7.090484634667527e-16,731.5100446295896,-0.0,-8.402173980867489e-16,731.5100446295895,-0.0,-2.4982969724140106e-16
0.19,6.10688090213023e-17,2.647745164962328e-16,15.0,-1.1307671665926056e-17,1.5469566383883524e-15,-3.992986277267316e-19,598.5082183333005,-0.0,2.6258059848690163e-16,598.5082183333005,-0.0,6.123175590846972e-16,731.5100446295896,-0.0,-6.946273878025596e-16,731.5100446295895,-0.0,-3.194739131421264e-16
0.2,-1.0519890497943736e-16,2.823424473776606e-16,15.0,-1.575408007213837e-17,1.6495980393033806e-15,8.426232306693381e-19,598.5082183333004,-0.0,7.271873110587872e-16,598.5082183333005,-0.0,7.853147389597496e-17,731.5100446295895,-0.0,-1.907035936980977e-16,731.5100446295896,-0.0,-8.622669351079623e-16
0.21,-1.174009087776139e-16,3.000664204754081e-16,15.0,-1.4092253675002777e-17,1.7531511236598469e-15,8.697718696955173e-19,598.5082183333004,-0.0,7.807768599469638e-16,598.5082183333005,-0.0,6.688973580724012e-17,731.5100446295895,-0.0,-1.5327630454706888e-16,731.5100446295896,-0.0,-9.069100459203697e-16
0.22,-7.77780787967539e-17,3.1872731030279365e-16,15.0,-1.7584616347049143e-17,1.8621781847936495e-15,6.158587371129052e-19,598.5082183333012,5.551115123125783e-14,6.764640232553175e-16,598.5082183333004,-0.0,1.9254529940307443e-16,731.5100446295895,-0.0,-2.978899990951194e-16,731.5100446295896,-0.0,-8.029073225944453e-16
0.23,2.7294596006718863e-16,3.3459771071340806e-16,15.0,-2.560785900480201e-17,1.954901690038651e-15,-1.8129808207892396e-18,598.508218333301,5.551115123125783e-14,-5.406808642825398e-16,598.508218333301,5.551115123125783e-14,1.0481197013239088e-15,731.5100446295896,-0.0,-1.2921712525267775e-15,731.5100446295895,-0.0,4.1112691687083846e-16
0.24,1.8226225739352605e-16,3.4289089487531163e-16,15.0,-5.009466043495486e-17,2.0033549795107757e-15,-9.594267784451328e-19,598.508218333301,5.551115123125783e-14,-5.501288746867564e-16,598.508218333301,5.551115123125783e-14,4.584543042706308e-16,731.5100446295896,-0.0,-9.512133409194392e-16,731.5100446295896,-0.0,1.7366879027549472e-16
0.25,1.0551473522913886e-16,3.433501132425003e-16,15.0,-7.349846142545867e-17,2.0060379828110665e-15,-3.1956111044632387e-19,598.508218333301,5.551115123125783e-14,-6.024004265657155e-16,598.508218333301,5.551115123125783e-14,-7.892663867069316e-17,731.5100446295896,-0.0,-6.706468836494265e-16,731.5100446295896,-0.0,-4.8846662637765884e-17
0.26,-1.5572574833632267e-16,3.3683076186362315e-16,15.0,-8.246358770631044e-17,1.9679483885895477e-15,1.3868122868161059e-18,598.5082183333009,5.551115123125783e-14,-4.621014759564781e-17,598.5082183333009,5.551115123125783e-14,-1.0687593526731703e-15,731.5100446295896,-0.0,2.156926779108615e-16,731.5100446295896,-0.0,-8.39597207064866e-16
0.27,-1.6704821394412385e-16,3.242222930600632e-16,15.0,-9.284067453965958e-17,1.8942828607521773e-15,1.4010703765309346e-18,598.508218333301,5.551115123125783e-14,-2.223477461670604e-16,598.5082183333002,-0.0,-1.3144822525934666e-15,731.5100446295896,-0.0,2.8854912392400973e-16,731.5100446295896,-0.0,-8.595404647860097e-16
0.28,-1.0082189082540732e-15,3.085861574432361e-16,15.0,-3.8432872129229104e-17,1.8029280577625343e-15,6.528855181265115e-18,598.5082183333003,-0.0,2.1590856820648443e-15,598.5082183333003,-0.0,-3.805784020674883e-15,731.5100446295895,-0.0,2.9510222465209818e-15,731.5100446295896,-0.0,-3.532580327970769e-15
0.29,-1.8847421735056654e-16,2.9482766656467684e-16,15.0,2.1949710421511913e-17,1.7225434758909793e-15,1.6675045536962965e-19,598.5082183333003,-0.0,-2.027664454472841e-16,598.5082183333003,-0.0,-1.1901726496732835e-15,731.5100446295895,-0.0,2.751084497300893e-16,731.5100446295896,-0.0,-1.0260449763654949e-15
0.3,-9.088100221871597e-17,2.850679210811221e-16,15.0,5.267496804366363e-17,1.6655217380570042e-15,-4.0232256513912412e-19,598.5082183333003,-0.0,-3.672723714332905e-16,598.5082183333003,-0.0,-7.617214831107885e-16,731.5100446295895,-0.0,-1.112991860516367e-16,731.5100446295896,-0.0,-7.410576296078046e-16
0.31,7.326483699228876e-17,2.7895320782312743e-16,15.0,7.355284791945632e-17,1.6297962596708295e-15,-1.3228358046815712e-18,598.5082183333003,-0.0,-7.261523113463907e-16,598.5082183333004,-0.0,-1.5179221333965417e-16,731.5100446295896,-0.0,-6.948823845443031e-16,731.5100446295896,-0.0,-2.3212509350519707e-16
0.32,-9.283512708000868e-17,2.7629446229216186e-16,15.0,9.813884148970932e-17,1.6142624231697207e-15,-2.890643000338677e-20,598.5082183333003,-0.0,-1.6571800885563878e-16,598.5082183333004,-0.0,-5.69750136094438e-16,731.5100446295895,-0.0,-2.623044706928031e-16,731.5100446295896,-0.0,-8.009039107154804e-16
0.33,7.289698913777667e-17,2.757326054316227e-16,15.0,1.164491245085046e-16,1.6109797500041278e-15,-1.0331939823148762e-18,598.5082183333004,-0.0,-6.171690390785038e-16,598.5082183333004,-0.0,-3.730039020254453e-17,731.5100446295895,-0.0,-8.600863181558958e-16,731.5100446295896,-0.0,-3.0911614731235443e-16
0.34,2.6702449894378183e-16,2.7598866210375543e-16,15.0,1.1598640279162286e-16,1.6124757722573307e-15,-2.0562696932627322e-18,598.5082183333004,-0.0,-1.1886268969182004e-15,598.5082183333004,-0.0,5.104221076262764e-16,731.5100446295895,-0.0,-1.507092955937116e-15,731.5100446295895,-0.0,3.1000936279439495e-16
0.35000000000000003,2.036591388434229e-16,2.761172373352239e-16,15.0,1.0676159251908965e-16,1.6132269786441253e-15,-1.290927649436126e-18,598.5082183333004,-0.0,-9.811232093429217e-16,598.5082183333004,-0.0,3.0291815126468113e-16,731.5100446295895,-0.0,-1.3200921481893932e-15,731.5100446295895,-0.0,1.230089372953709e-16
0.36,1.565441952278345e-16,2.7624580767225943e-16,15.0,9.7605642302591e-17,1.6139781564349825e-15,-7.865645005246031e-19,598.5082183333004,-0.0,-8.292183153851901e-16,598.5082183333004,-0.0,1.5101308017580354e-16,731.5100446295895,-0.0,-1.1754396126101032e-15,731.5100446295895,-0.0,-2.1643346380657297e-17
0.37,1.2130517656048044e-16,2.763743747950731e-16,15.0,8.849491315799488e-17,1.6147293154466085e-15,-4.567880784334299e-19,598.5082183333004,-0.0,-7.170960798064674e-16,598.5082183333004,-0.0,3.8890728780381295e-17,731.5100446295895,-0.0,-1.0627744450555777e-15,731.5100446295895,-0.0,-1.343083492289446e-16
0.38,9.479678921259014e-17,2.765029398257708e-16,15.0,7.94136181108195e-17,1.6154804622349564e-15,-2.4336595392074887e-19,598.5082183333004,-0.0,-6.335889906984572e-16,598.5082183333004,-0.0,-4.461643528097481e-17,731.5100446295895,-0.0,-9.74397012977916e-16,731.5100446295895,-0.0,-2.226856747133129e-16
0.39,7.474511928862797e-17,2.7663150351064195e-16,15.0,7.035125757549525e-17,1.6162316011602532e-15,-1.0713257730518921e-19,598.5082183333004,-0.0,-5.7077781843616e-16,598.5082183333004,-0.0,-1.074276553881121e-16,731.5100446295895,-0.0,-9.045519192334563e-16,731.5100446295895,-0.0,-2.9253070041625933e-16
0.4,5.949683936558197e-17,2.767600663435114e-16,15.0,6.130088389924904e-17,1.616982735107694e-15,-2.1815459654599342e-20,598.5082183333004,-0.0,-5.230206124648051e-16,598.5082183333004,-0.0,-1.551848913226368e-16,731.5100446295895,-0.0,-8.489126018910741e-16,731.5100446295895,-0.0,-3.481699751471617e-16
0.41000000000000003,4.784279102004417e-17,2.7688862864909217e-16,15.0,5.22579286786142e-17,1.617733865974427e-15,3.01532673166089e-20,598.5082183333004,-0.0,-4.862777894697313e-16,598.5082183333004,-0.0,-1.9192773256900505e-16,731.5100446295895,-0.0,-8.042088384109263e-16,731.5100446295895,-0.0,-3.928737126716226e-16
0.42,3.8893392086018253e-17,2.770171906392114e-16,15.0,4.3219411704824976e-17,1.6184849949980623e-15,6.047563177019595e-20,598.5082183333004,-0.0,-4.57641760933247e-16,598.5082183333004,-0.0,-2.2056377175463133e-16,731.5100446295895,-0.0,-7.67955997365838e-16,731.5100446295895,-0.0,-4.2912653857226024e-16
0.43,3.1990263088728446e-17,2.7714575245066193e-16,15.0,3.4183408430332506e-17,1.6192361229778183e-15,7.690965622429112e-20,598.5082183333004,-0.0,-4.350081246494102e-16,598.5082183333004,-0.0,-2.431974138100588e-16,731.5100446295895,-0.0,-7.382570925760441e-16,731.5100446295895,-0.0,-4.588254351541105e-16
0.44,2.664325059453234e-17,2.7727431417062165e-16,15.0,2.5148692345086343e-17,1.619987250423035e-15,8.456866847940961e-20,598.5082183333004,-0.0,-4.16845045327526e-16,598.5082183333004,-0.0,-2.6136049582177054e-16,731.5100446295895,-0.0,-7.136572022456104e-16,731.5100446295895,-0.0,-4.834253216592652e-16
0.45,1.8199083266651242e-17,2.774250646012537e-16,15.0,1.6170893607581328e-17,1.62086801637624e-15,1.1757090635160964e-19,598.5082183333004,-0.0,-3.9351593963014096e-16,598.5082183333004,-0.0,-2.9313791412683077e-16,731.5100446295895,-0.0,-7.03081410297083e-16,731.5100446295895,-0.0,-5.409964127179491e-16
0.46,4.1297509654498773e-17,2.766672874840963e-16,15.0,6.083038702487783e-18,1.6164406705828538e-15,-6.634330755476638e-20,598.5082183332999,-5.551115123125783e-14,-2.802816161295383e-16,598.5082183332999,-5.551115123125783e-14,-4.908526766973094e-17,731.5100446295887,-5.551115123125783e-14,-2.9587422639196463e-16,731.5100446295887,-5.551115123125783e-14,-3.636946784228876e-18
0.47000000000000003,3.298978305835757e-17,2.741806701688203e-16,15.0,-5.091818901360899e-18,1.6019125006747334e-15,-9.655771050976032e-21,598.5082183332999,-5.551115123125783e-14,2.79089978719076e-17,598.5082183332999,-5.551115123125783e-14,2.0044504499574223e-16,731.5100446295887,-5.551115123125783e-14,3.0408776238898507e-16,731.5100446295887,-5.551115123125783e-14,5.292866222958964e-16
0.48,2.776828954516248e-17,2.709293750190461e-16,15.0,-1.6209150117459554e-17,1.5829166672317722e-15,2.4299860630559637e-20,598.5082183333004,-0.0,2.990596972224968e-16,598.5082183333004,-0.0,4.3133207585458043e-16,731.5100446295897,-0.0,7.390848618952727e-16,731.5100446295897,-0.0,9.167825129769234e-16
0.49,2.4461360353209567e-17,2.694388471924299e-16,15.0,-2.7451614962352636e-17,1.5742081935213904e-15,4.9459704848721243e-20,598.5082183333004,-0.0,2.816217129285036e-16,598.5082183333004,-0.0,3.843520818109735e-16,731.5100446295897,-0.0,5.242336149767911e-16,731.5100446295897,-0.0,6.670250284915674e-16
0.5,-1.3168478678296032e-16,2.708297096593581e-16,15.0,-3.476045490176712e-17,1.5823343680293148e-15,1.115639324318024e-18,598.5082183333004,-0.0,8.083716600546832e-16,598.5082183333004,-0.0,-1.9585825301080586e-17,731.5100446295896,-0.0,9.263758201352483e-16,731.5100446295896,-0.0,7.034303616851539e-17
0.51,-6.147197333305105e-17,2.7399654792528285e-16,15.0,-3.2435797683467835e-17,1.600836758451938e-15,4.422217513700266e-19,598.5082183333005,-0.0,6.078317374037168e-16,598.5082183333004,-0.0,2.1630463576907784e-16,731.5100446295896,-0.0,6.841817598976908e-16,731.5100446295896,-0.0,2.5297322547518314e-16
0.52,-8.346769363477539e-17,2.7798344301996835e-16,15.0,-3.5648378612301186e-17,1.6241303665940551e-15,5.94481376994823e-19,598.5082183333005,-0.0,6.82680268673488e-16,598.5082183333005,-0.0,1.576386513567431e-16,731.5100446295896,-0.0,7.009340490403137e-16,731.5100446295896,-0.0,1.2690317129713251e-16
0.53,-3.547882634638921e-17,2.833047788098166e-16,15.0,-3.318381392658494e-17,1.6552205025864905e-15,1.6638053545764358e-19,598.5082183333005,-0.0,5.66390868836625e-16,598.5082183333005,-0.0,3.3702217146185166e-16,731.5100446295896,-0.0,5.078300742339431e-16,731.5100446295896,-0.0,2.2941831871919227e-16
0.54,5.036933490859386e-17,2.891942360843557e-16,15.0,-3.412766707235947e-17,1.6896299130838277e-15,-4.550628845872647e-19,598.5082183333005,-0.0,2.79061792815449e-16,598.5082183333004,-0.0,5.601810201164521e-16,731.5100446295896,-0.0,1.5690046064960177e-16,731.5100446295896,-0.0,4.1754225827678696e-16
0.55,-6.801626100515899e-17,2.9543474806193987e-16,15.0,-3.4190270462739664e-17,1.7260903759652819e-15,3.8403814115936537e-19,598.5082183333005,-0.0,6.54533837882524e-16,598.5082183333005,-0.0,2.3150966495635474e-16,731.5100446295896,-0.0,5.646695931800519e-16,731.5100446295896,-0.0,7.898512373136755e-17
0.56,9.941193381806094e-17,3.0212848058957356e-16,15.0,-3.9816432858666513e-17,1.765198799639304e-15,-7.209663834221753e-19,598.5082183333005,-0.0,1.7139542074205618e-16,598.5082183333005,-0.0,7.30558752227941e-16,731.5100446295896,-0.0,-2.684301312191144e-17,731.5100446295896,-0.0,5.464500309944828e-16
0.5700000000000001,-1.9094424743904376e-16,3.095678090298261e-16,15.0,-3.2845943293697076e-17,1.808663399888942e-15,1.2181946212384846e-18,598.5082183333004,-0.0,9.928165902352386e-16,598.5082183333005,-0.0,-1.5669419199277856e-16,731.5100446295896,-0.0,8.270973913161165e-16,731.5100446295896,-0.0,-4.3601453413067383e-16
0.58,-3.7650617466062654e-16,3.1720377401887606e-16,15.0,-1.8215412709701776e-17,1.8532768577346106e-15,2.382602094728998e-18,598.5082183333011,5.551115123125783e-14,1.4878316022141946e-15,598.5082183333004,-0.0,-7.378530875207479e-16,731.5100446295896,-0.0,1.3645632413661673e-15,731.5100446295896,-0.0,-1.0678956504457007e-15
0.59,1.915189301269063e-16,3.227613264670299e-16,15.0,-2.4908649847107064e-19,1.8857470998358184e-15,-1.7747246351570718e-18,598.508218333301,5.551115123125783e-14,-3.6056228989144566e-16,598.508218333301,5.551115123125783e-14,8.183123781844449e-16,731.5100446295896,-0.0,-3.948038488764057e-16,731.5100446295896,-0.0,7.628604404150255e-16
0.6,1.5728209623527377e-16,3.2185857397146415e-16,15.0,-1.2123029020960465e-17,1.880472729083235e-15,-1.2362557218043307e-18,598.508218333301,5.551115123125783e-14,-5.521754348960829e-16,598.508218333301,5.551115123125783e-14,3.839367407966009e-16,731.5100446295896,-0.0,-2.7213857863331705e-16,731.5100446295896,-0.0,6.901847882868826e-16
0.61,-2.073437074431206e-16,3.1486457302836697e-16,15.0,-2.8484781215357177e-18,1.8396099741210424e-15,1.2768928924288811e-18,598.5082183333004,-0.0,4.368726188676285e-16,598.5082183333004,-0.0,-7.798012133186194e-16,731.5100446295896,-0.0,8.521153688412996e-16,731.5100446295896,-0.0,-4.818043751872545e-16
0.62,-1.5981759723443418e-16,3.0917568694605927e-16,15.0,1.875655962896349e-17,1.8063724095452755e-15,7.635704228889103e-19,598.5082183333004,-0.0,3.2809137548964e-16,598.5082183333004,-0.0,-5.706501346376842e-16,731.5100446295896,-0.0,6.274695940436246e-16,731.5100446295896,-0.0,-3.9989740984318626e-16
0.63,-1.2426208080515881e-16,3.0572071080644e-16,15.0,4.016195167455733e-17,1.786186561052815e-15,4.2903411529604096e-19,598.5082183333004,-0.0,2.5962523437186483e-16,598.5082183333004,-0.0,-4.0181422100623936e-16,731.5100446295896,-0.0,4.3498086595168467e-16,731.5100446295896,-0.0,-3.501474019104278e-16
0.64,-9.749781400077365e-17,3.044996434601046e-16,15.0,6.138386905163109e-17,1.7790524219282154e-15,2.1372122300319938e-19,598.5082183333004,-0.0,2.2014895434131118e-16,598.5082183333004,-0.0,-2.6196821033299887e-16,731.5100446295896,-0.0,2.669112586698015e-16,731.5100446295896,-0.0,-3.2481645524180916e-16
0.65,-8.595987610836846e-17,3.0548995853677816e-16,15.0,8.18753396730553e-17,1.784838380872561e-15,1.4981710640217904e-19,598.5082183333004,-0.0,2.2914785291383986e-16,598.5082183333004,-0.0,-1.689803791747022e-16,731.5100446295896,-0.0,1.443731639733854e-16,731.5100446295896,-0.0,-3.4576098934478765e-16
0.66,4.230394193549192e-16,3.084196346038759e-16,15.0,9.522534541620829e-17,1.8019551408247555e-15,-3.3715259662024784e-18,598.5082183333003,-0.0,-1.2957818401060148e-15,598.5082183333011,5.551115123125783e-14,1.3347639787674659e-15,731.5100446295896,-0.0,-1.5190058856888992e-15,731.5100446295896,-0.0,1.2287016321075042e-15
0.67,6.851896439799386e-16,3.110418268489235e-16,15.0,4.1456237800325416e-17,1.8172754131617066e-15,-4.305537514648055e-18,598.5082183333004,-0.0,-1.9973412598460345e-15,598.5082183333004,-0.0,2.0554898860529524e-15,731.5100446295896,-0.0,-2.4135732253717224e-15,731.5100446295896,-0.0,2.029592936895901e-15
0.68,5.707486489177258e-16,3.157421735884278e-16,15.0,-2.3005804994405177e-17,1.844737393595563e-15,-2.8380571091319237e-18,598.5082183333004,-0.0,-1.5425349733114434e-15,598.5082183333004,-0.0,1.7117903417578717e-15,731.5100446295896,-0.0,-2.1250411322812683e-15,731.5100446295895,-0.0,1.5914827560201998e-15
0.6900000000000001,-5.271340282648411e-16,3.2084983098748574e-16,15.0,-5.0837755708380035e-17,1.8745791042882853e-15,4.817086565535758e-18,598.5082183333011,5.551115123125783e-14,1.6517466118792125e-15,598.5082183333003,-0.0,-1.6303885146134717e-15,731.5100446295896,-0.0,1.363703053998221e-15,731.5100446295896,-0.0,-1.896716238260943e-15
0.7000000000000001,-7.218755010201379e-16,3.2176809116403635e-16,15.0,3.645068395759423e-18,1.879944079342079e-15,5.000128149840237e-18,598.5082183333009,5.551115123125783e-14,1.8947723019816705e-15,598.508218333301,5.551115123125783e-14,-2.3803675022832704e-15,731.5100446295896,-0.0,2.095659614161623e-15,731.5100446295896,-0.0,-2.4685454669302833e-15
0.71,3.3167670755462876e-16,3.163711108172481e-16,15.0,3.323684068888096e-17,1.8484119867328778e-15,-2.8564628566544484e-18,598.5082183333003,-0.0,-1.4050199445569372e-15,598.508218333301,5.551115123125783e-14,6.459151699219335e-16,731.5100446295896,-0.0,-1.230904020111452e-15,731.5100446295896,-0.0,8.409690367107387e-16
0.72,3.405280926469156e-16,3.101940997328504e-16,15.0,-5.535127350927008e-18,1.8123225305840897e-15,-2.2250382862655416e-18,598.5082183333004,-0.0,-1.3606941580857299e-15,598.5082183333003,-0.0,6.413053216780687e-16,731.5100446295896,-0.0,-1.3683584900381273e-15,731.5100446295896,-0.0,7.938876499610403e-16
0.73,2.4893611959548694e-16,3.0679094893707134e-16,15.0,-3.7612067388760265e-17,1.7924394739189976e-15,-1.256771784691837e-18,598.5082183333004,-0.0,-1.0012258637867791e-15,598.5082183333004,-0.0,3.978252894673876e-16,731.5100446295896,-0.0,-1.1605750925962707e-15,731.5100446295896,-0.0,4.211540322552821e-16
0.74,1.0172557545838483e-16,3.0540368920711084e-16,15.0,-6.621456229075888e-17,1.7843343485586355e-15,-9.633962048790189e-20,598.5082183333004,-0.0,-5.073474006866377e-16,598.5082183333004,-0.0,-1.8866918480630646e-17,731.5100446295896,-0.0,-7.351070750428728e-16,731.5100446295895,-0.0,-1.0488626036906148e-16
0.75,2.518085658229447e-16,3.057699737107809e-16,15.0,-9.876087848805144e-17,1.7864743817158644e-15,-1.0640731054147102e-18,598.5082183333004,-0.0,-9.061900368923075e-16,598.5082183333004,-0.0,4.3772845424603135e-16,731.5100446295896,-0.0,-1.2607290814909507e-15,731.5100446295895,-0.0,2.853980526201678e-16
0.76,-5.413952271815593e-16,3.062338073925681e-16,15.0,-1.0243402234602086e-16,1.789184350192604e-15,4.2030527885279465e-18,598.5082183333004,-0.0,1.3684381078986266e-15,598.5082183333004,-0.0,-1.9709238997156387e-15,731.5100446295895,-0.0,1.2580455224456238e-15,731.5100446295896,-0.0,-2.2464929313571427e-15
0.77,-2.5536624303750993e-16,3.07170979537068e-16,15.0,-8.479719282333328e-17,1.794659819242389e-15,1.726578068810438e-18,598.5082183333004,-0.0,5.79972928487346e-16,598.5082183333004,-0.0,-1.0003228869215978e-15,731.5100446295895,-0.0,3.6977078797547506e-16,731.5100446295896,-0.0,-1.3619281103187138e-15
0.78,-9.442179414450034e-17,3.1005028643327327e-16,15.0,-8.941335742152898e-17,1.81148229512105e-15,6.028556046466098e-19,598.5082183333011,5.551115123125783e-14,1.310274039893472e-16,598.5082183333003,-0.0,-4.986694810157834e-16,731.5100446295895,-0.0,-1.6873558497028143e-16,731.5100446295896,-0.0,-8.88551223316298e-16
0.79,-7.819608288300171e-16,3.112689603420569e-16,15.0,-3.634015038125111e-17,1.8186024504825663e-15,4.753534723317461e-18,598.5082183333003,-0.0,2.0340688898573232e-15,598.5082183333004,-0.0,-2.567377954249425e-15,731.5100446295895,-0.0,2.0206134925279183e-15,731.5100446295896,-0.0,-3.053747584644349e-15
0.8,-4.09137377040219e-16,3.1330689820674465e-16,15.0,2.645881874742177e-17,1.830509191169397e-15,1.6106794719508145e-18,598.5082183333004,-0.0,9.290949931761206e-16,598.5082183333004,-0.0,-1.3548077196049466e-15,731.5100446295895,-0.0,7.617074833208832e-16,731.5100446295896,-0.0,-1.939427417040448e-15
0.81,6.7730246047107e-16,3.1564603610783414e-16,15.0,4.328295780533825e-17,1.8441757061802845e-15,-5.785331429704961e-18,598.5082183333003,-0.0,-2.3882027541983595e-15,598.508218333301,5.551115123125783e-14,1.7697487842822753e-15,731.5100446295896,-0.0,-2.669724141574072e-15,731.5100446295895,-0.0,1.5409555979139852e-15
0.8200000000000001,3.147040791569509e-16,3.1663055486653354e-16,15.0,1.7503792568044335e-19,1.84992779988455e-15,-2.2017208038545293e-18,598.5082183332999,-5.551115123125783e-14,-1.1521286101035071e-15,598.5082183332999,-5.551115123125783e-14,7.136467102144504e-16,731.5100446295887,-5.551115123125783e-14,-1.4850080039421628e-15,731.5100446295886,-5.551115123125783e-14,5.064080879393604e-16
0.8300000000000001,-9.106397663476012e-17,3.1747006470415837e-16,15.0,-2.0937450407451786e-17,1.8548326726551308e-15,9.800026557676625e-19,598.5082183333005,-0.0,1.4847500912776353e-16,598.5082183332997,-5.551115123125783e-14,-4.454474325929037e-16,731.5100446295887,-5.551115123125783e-14,6.902624311392966e-17,731.5100446295887,-5.551115123125783e-14,-4.894348009118577e-16
0.84,-3.6871078754098585e-16,3.150143202240711e-16,15.0,1.2197364038835522e-17,1.8404848786305097e-15,2.411025653756499e-18,598.5082183332999,-5.551115123125783e-14,1.1465795653792e-15,598.5082183332999,-5.551115123125783e-14,-1.016548016034872e-15,731.5100446295887,-5.551115123125783e-14,1.5333020405479401e-15,731.5100446295888,-5.551115123125783e-14,-7.990430670265502e-16
0.85,-1.834864769805628e-16,3.1154727040901353e-16,15.0,4.596481198809624e-17,1.8202284891637284e-15,7.913389995727026e-19,598.5082183333004,-0.0,7.832676996732313e-16,598.5082183333004,-0.0,-2.2009478767604993e-16,731.5100446295897,-0.0,1.250258474216545e-15,731.5100446295897,-0.0,9.265226531708877e-17
0.86,-1.175068406342978e-16,3.0986565107755864e-16,15.0,7.513303295482295e-17,1.8104035550180232e-15,2.2746784762110854e-19,598.5082183333004,-0.0,5.686890123040026e-16,598.5082183333004,-0.0,-8.542546408644672e-18,731.5100446295896,-0.0,9.10777407657569e-16,731.5100446295897,-0.0,1.955872263404358e-16
0.87,3.427381402420593e-16,3.095997160325524e-16,15.0,6.766445309252044e-17,1.808849817941297e-15,-2.6013163837238638e-18,598.5082183333004,-0.0,-7.345146098546662e-16,598.5082183333004,-0.0,1.375178597641383e-15,731.5100446295897,-0.0,-6.129008961354565e-16,731.5100446295896,-0.0,1.6176028642927806e-15
0.88,1.936881913382203e-16,3.1158870627744604e-16,15.0,5.294639172467459e-17,1.8204705800287682e-15,-1.1897203503491733e-18,598.5082183333004,-0.0,-2.248391116134035e-16,598.5082183333004,-0.0,9.516985442846118e-16,731.5100446295896,-0.0,-2.2592920521846965e-16,731.5100446295896,-0.0,1.088164891953969e-15
0.89,3.2335289155280376e-16,3.1485520722974427e-16,15.0,4.16440839434146e-17,1.8395552540348917e-15,-1.9801895492139406e-18,598.5082183333004,-0.0,-5.998317959606273e-16,598.5082183333011,5.551115123125783e-14,1.3259166574694745e-15,731.5100446295897,-0.0,-6.44786801911408e-16,731.5100446295896,-0.0,1.4873200216946216e-15
0.9,5.950101242170307e-16,3.1636752180910137e-16,15.0,-2.733652136684421e-17,1.8483910177965496e-15,-3.095622783555245e-18,598.5082183333012,5.551115123125783e-14,-1.4733260183599575e-15,598.5082183333003,-0.0,1.9300175821601207e-15,731.5100446295897,-0.0,-1.5697840176167566e-15,731.5100446295896,-0.0,2.2837642255166505e-15
0.91,-4.438963002353264e-16,3.154970639192174e-16,15.0,-3.435485975836836e-17,1.8433053296834617e-15,3.86586984094471e-18,598.5082183333011,5.551115123125783e-14,1.4874438983358337e-15,598.5082183333003,-0.0,-1.25039464591787e-15,731.5100446295896,-0.0,1.7002801668269386e-15,731.5100446295896,-0.0,-1.0576066412643684e-15
0.92,-5.10554277748368e-16,3.160252614481321e-16,15.0,-1.6541983847961143e-18,1.8463913467388326e-15,3.632891987842443e-18,598.5082183333004,-0.0,1.7379832637402429e-15,598.5082183333004,-0.0,-1.298836466836415e-15,731.5100446295896,-0.0,1.8269806222005944e-15,731.5100446295896,-0.0,-1.3947539421591907e-15
0.93,4.592118820556252e-16,3.184159809927935e-16,15.0,1.1125635402837693e-17,1.8603592297476618e-15,-3.456006170929884e-18,598.5082183333003,-0.0,-1.213197505711617e-15,598.5082183333011,5.551115123125783e-14,1.5468149720423142e-15,731.5100446295896,-0.0,-1.2597374313204083e-15,731.5100446295896,-0.0,1.6253189328814205e-15
0.9400000000000001,-8.381302969781692e-17,3.1933442768546534e-16,15.0,-2.555614382846141e-17,1.865725294530013e-15,9.369517976793128e-19,598.5082183333011,5.551115123125783e-14,3.924780663061447e-16,598.5082183333003,-0.0,-1.6033017014889323e-16,731.5100446295896,-0.0,4.200329018566018e-16,731.5100446295896,-0.0,-1.0101565175836935e-16
0.9500000000000001,-5.492243605843001e-16,3.179210392071372e-16,15.0,3.4510172952662296e-17,1.8574675108199166e-15,3.278401879516026e-18,598.5082183333003,-0.0,1.5540874541580878e-15,598.5082183333011,5.551115123125783e-14,-1.6202964999245805e-15,731.5100446295896,-0.0,1.927253948865844e-15,731.5100446295896,-0.0,-1.5676323841265576e-15
0.96,3.9821948174178426e-16,3.13559142154407e-16,15.0,4.229763509069682e-17,1.831982937413912e-15,-3.289851656883683e-18,598.5082183333004,-0.0,-1.3367768931198782e-15,598.5082183333004,-0.0,1.112628655175988e-15,731.5100446295896,-0.0,-1.0879488502943272e-15,731.5100446295896,-0.0,1.4211641480191137e-15
0.97,3.741066026704478e-16,3.106918997267411e-16,15.0,1.0996193717715252e-17,1.815230948717864e-15,-2.510444419077369e-18,598.5082183333004,-0.0,-1.1060749282133527e-15,598.5082183333004,-0.0,1.1133205329258453e-15,731.5100446295896,-0.0,-1.1281864291337875e-15,731.5100446295896,-0.0,1.2624976563484093e-15
0.98,2.913065558283445e-16,3.1095163685385646e-16,15.0,-2.3263188479887805e-17,1.8167484741895145e-15,-1.531110907125064e-18,598.5082183333004,-0.0,-7.760812954388506e-16,598.5082183333004,-0.0,8.836962112370362e-16,731.5100446295896,-0.0,-9.399738767016805e-16,731.5100446295896,-0.0,9.315470399670213e-16
0.99,-3.4532251644149894e-17,3.133221648790703e-16,15.0,-5.5364902211249884e-17,1.8305983873670254e-15,9.632886461170217e-19,598.5082183333011,5.551115123125783e-14,2.2552541760144e-16,598.5082183333003,-0.0,-9.661784460413838e-17,731.5100446295896,-0.0,4.27775818637558e-17,731.5100446295896,-0.0,-1.6031775738323946e-16
1.0,-3.0123696072302926e-08,1.4788100297964402e-11,15.000000557250823,-5.6026148683599305e-12,8.633983376313612e-11,2.890364017350748e-11,598.5080876110044,1.3717360580756122e-09,-8.528395234884239e-07,598.5080895077605,1.250055614576695e-09,-1.0125404512535724e-06,731.5101640559545,-9.655609645164986e-10,1.2187450704683136e-06,731.5101665114979,-1.0823009155558339e-09,1.0049096445875496e-06
1.01,-7.00260605542717e-05,0.33329593972903726,15.001667019688476,2.3285717202795378e-06,-0.00021861056460496697,-1.6934473483651154e-08,598.0911119673807,-0.0035371047915067066,-0.002516706552814455,598.0967803841233,-0.00348652269999139,-0.0028768433144674374,734.0237459654036,0.002375623116168679,2.1341671774743585,734.0307541025431,0.0024241406325065107,2.133661883751821
1.02,-0.00021591434619884058,0.6663754670218319,15.006665642023762,1.6327526615888363e-05,-0.0016978879511699023,-3.335591702697336e-07,596.7495194854982,-0.02749837510918063,-0.009828250004167606,596.7717053089668,-0.027143702569787376,-0.010899626121787858,737.3910199901588,0.018423372228792978,4.274517321611246,737.4174440867085,0.01876356833802051,4.27293269678922
1.03,-0.0003696772497433179,0.9990426904224848,15.014993152300985,4.8155139592051855e-05,-0.005551169266418989,-1.1178062041481776e-06,594.376699906141,-0.09001900842697808,-0.02140197340425607,594.4247112438896,-0.08897296477478056,-0.023157494288840858,741.7110424498757,0.060117788062752364,6.4199597675228555,741.7664564466892,0.06112113605560854,6.417197398134744
1.04,-0.0004916489182420999,1.3311234920006558,15.026644538587894,9.932068138249401e-05,-0.012714466158605142,-2.3448399192187904e-06,590.9043071105681,-0.20650356271018078,-0.03652328675513376,590.9851204904837,-0.20434608238517615,-0.038731080231105455,747.0396637303504,0.13736672960701357,8.569417778930287,747.13044226854,0.13943614951056338,8.565672101234558
1.05,-0.000561823763598569,1.6624665512444075,15.041613160206003,0.0001679519145347005,-0.0239346013064011,-3.898314508287175e-06,586.3004741393836,-0.38946028038566727,-0.0543611304542965,586.4182857534981,-0.38581196743192603,-0.05670179533089705,753.3912563177616,0.2578567904181761,10.721834755018978,753.5204629527302,0.26135619263911725,10.717461669102402
1.06,-0.0005737478034986219,1.9929458526080917,15.05989098724259,0.00024986327672858543,-0.03976407189148066,-5.632428881725934e-06,580.5671575400751,-0.6484308123815286,-0.07402601597285473,580.7232275112343,-0.6430031916743184,-0.07617023707238167,760.7416860293529,0.4269851273642211,12.876183657318217,760.9091845632382,0.43219121253235127,12.871605523294233
1.07,-0.0005300887697472367,2.3224640433671704,15.081468869984036,0.0003394639654288007,-0.06056221401907633,-7.407127009770507e-06,573.7367921699229,-0.9900088526650919,-0.09462164102609101,573.9295319514522,-0.9826348956487596,-0.09627922496546865,769.0323173840372,0.6478726825087655,15.031478959026673,769.2350676991929,0.6549456616877225,15.027116458395305
1.08,-0.0004393425738754801,2.650955896756901,15.106336843088314,0.0004305229750575468,-0.08650208672686135,-9.104979233112043e-06,565.868416104987,-1.4179390191663699,-0.1152895527488683,566.09366771976,-1.4085870513837473,-0.11623759618256159,778.1748441315132,0.9214517469542383,17.18679038595868,778.4073389225474,0.9304220017661291,17.183015174049753
1.09,-0.00031334032999298254,2.9783911463642254,15.134484461823542,0.0005167986261593223,-0.11758237111141315,-1.0636127197367384e-05,557.0434242035468,-1.9332857796263703,-0.135246118139769,557.294880490155,-1.9220597133936534,-0.13534192473955808,788.0567218899167,1.2466190253784815,19.341257970648847,788.3115196147658,1.2573868848261838,19.338362093414958
1.1,-0.00016534808120984395,3.3047760704773927,15.16590116084959,0.0005925371405750747,-0.1536434881790876,-1.193618728529086e-05,547.3611037833186,-2.53466118011203,-0.1538111718818624,547.630821207579,-2.5217899166459223,-0.15299416867803903,798.5469750135509,1.620443919986947,21.494107821750084,798.8152862314929,1.6327898257605389,21.49228699414472
1.11,-8.629938061572472e-06,3.6301533898044704,15.200576620684034,0.0006528453806987082,-0.19438707862592577,-1.2960813809139726e-05,536.9340974653126,-3.2184995317968146,-0.17042800371371045,537.2130571124226,-3.204318265891404,-0.16871396929186563,809.5021538091918,2.038420726053536,23.644667742363474,809.7744419752407,2.0520231647791487,23.64401612062775
1.12,0.00014460788390445432,3.9546002652763526,15.23850112372627,0.0006939450494675753,-0.23939795823441645,-1.3679568053417573e-05,525.8839270484526,-3.979366997616973,-0.18467472830476597,526.1626047119494,-3.964292999553254,-0.18214495991423948,820.7722302399923,2.4947528490181226,25.792381584750775,821.0387932378122,2.5092115818547422,25.7928958583469
1.1300000000000001,0.000283948682157554,4.278224411997238,15.279665880735187,0.0007133182357169448,-0.28816766242015035,-1.4070787485393552e-05,514.3366987550903,-4.810294149914185,-0.1962674867609149,514.6056111228634,-4.794799384766623,-0.19305500072943024,832.2062391676288,2.9826570175952583,27.936821114894684,832.4577437893506,2.99751934334902,27.938411779610668
1.1400000000000001,0.00040121661601935014,4.601158552641248,15.324063309881124,0.0007097564992230985,-0.34011872035861856,-1.4118322884727374e-05,502.4190947347159,-5.703120002921224,-0.20505631300966382,502.66929512033073,-5.687702682791784,-0.201330736759699,843.6574966118291,3.4946757565468833,30.077694225810973,843.8854443829878,3.5094637983036914,30.08020190832881
1.1500000000000001,0.0004907135100836085,4.92355362817074,15.371686755111112,0.0006833274303573765,-0.39462884328352077,-1.3810372552687129e-05,490.2548562986567,-6.648836617777265,-0.2110142386731862,490.4783581746335,-6.633993480035738,-0.2069665596784281,854.9881508605876,4.022986975466047,32.214847449811145,855.1852576180777,4.037224270850793,32.21806241564288
1.16,0.0006161865024656778,4.912390820752466,15.420864485777463,0.0006329712488122443,-0.45083860393832964,-1.3167881471768277e-05,478.37738446620045,-7.634381143237945,-0.21236061341001353,478.5618683792627,-7.6206319345733515,-0.20787997014378404,863.5742496244771,4.557410427008913,32.21365723827611,863.7278378459998,4.570598443483176,32.217849977871346
1.17,0.0007828643253877782,4.9015233818003745,15.469933623468942,0.0005517434693136194,-0.5070827716707026,-1.2050797796218958e-05,467.4006803241253,-8.633188036540119,-0.2078238502521672,467.53027514752387,-8.621203331309168,-0.20279413635159468,870.9934176871761,5.079476496076762,32.202565527241546,871.0871571458315,5.090972029665575,32.208046006806384
1.18,0.000926755749691069,4.891375711697721,15.518897361222075,0.00043665969412673184,-0.5616506210058785,-1.0298190598754907e-05,457.52966568282204,-9.617514585789078,-0.19829602786832398,457.5917888231355,-9.608029759005376,-0.19290288921586984,877.0717527405229,5.570665649921203,32.18307672807201,877.0938754612355,5.579763340917754,32.18966130286494
1.19,0.0010124264592360332,4.882295477565292,15.567764705928733,0.000289971300614227,-0.6130486512485708,-7.83742849104319e-06,448.9181137106385,-10.562689081625997,-0.18470756502753202,448.904318073438,-10.556390578918219,-0.1792900216056326,881.6989155944077,6.015265339473441,32.15680886645762,881.6426484250003,6.021306760438105,32.16404272150334
1.2,0.001024474060996842,4.874540204607249,15.616547697954179,0.00011770180996563497,-0.6600257985504444,-4.670661700337787e-06,441.66981578192355,-11.447502258335573,-0.16796176968233087,441.5761964731167,-11.444945665961937,-0.1629129899898815,884.8257056142545,6.400659556950295,32.12544149476476,884.6893283062932,6.403111798614747,32.13275941036858
1.21,0.0009613067300803124,4.868272562472328,15.665260479092964,-7.164331460632655e-05,-0.7015886670669498,-8.729547332845717e-07,435.8406749905309,-12.25446333692709,-0.1488966771186381,435.66789834338647,-12.256019482690228,-0.14459833810946365,886.4601921596619,6.717483729279938,32.090660344203215,886.2467714468044,6.715991099670415,32.09749833307451
1.22,0.0008305430767370045,4.8635634854815,15.713918353680004,-0.00026820950454231043,-0.7370072346442396,3.410507146294321e-06,431.4419893613585,-12.969924474613926,-0.12826819453531244,431.1950074282653,-12.975750138141729,-0.1250480704263949,886.662307334328,6.959653526878995,32.05410254960074,886.3791646796142,6.954065645535968,32.05997049360041
1.23,0.0006455348793782097,4.860401531315352,15.76253691360538,-0.0004617683269912486,-0.7658117844148721,7.973912695755393e-06,428.4447116189179,-13.584082028484545,-0.10674728854366024,428.13223002819547,-13.59411183398379,-0.10485338821969405,885.5372220936246,7.124279602246208,32.017304811157835,885.1952017646735,7.114659176563287,32.02182829651834
1.24,0.00042270678702221423,4.85870655530239,15.811131280160277,-0.0006425288106380972,-0.7877820111810262,1.2568172515354743e-05,426.7844621508644,-14.090866201867891,-0.08492300539574289,426.4182304590049,-14.10482212980141,-0.0845098920073432,883.2278320041291,7.211482458046648,31.981656174452723,882.8404387313756,7.198096159824696,31.984594558477575
1.25,0.0001795451107364443,4.858345717167094,15.85971549590249,-0.0008017792510667571,-0.8029294050737098,1.6924413623206306e-05,426.36706077863914,-14.487733174504413,-0.06331257079099008,425.96105313589334,-14.5051480081958,-0.06443684950081112,879.9066782341436,7.2241232451144555,31.94836265560637,879.4891523823043,7.207419220961519,31.949609758613644
1.26,-6.692378596448705e-05,4.859149999699712,15.90830208055022,-0.0009323580469214138,-0.8114741183719492,2.0780268010612646e-05,427.074358469594,-14.775375610689478,-0.04237080218627853,426.6439075021132,-14.795626603951838,-0.044993825744374834,875.7676069780111,7.167467257102766,31.91842121249738,875.3359989581688,7.1480428349939835,31.917994006520864
1.27,-0.00030125356052167906,4.860929743310744,15.956901748222965,-0.001028958370844444,-0.813817577535939,2.3905115118467983e-05,428.7701578919053,-14.957368512155622,-0.02249730438309111,428.3310973470895,-14.97971766977263,-0.02649365176261412,871.0174546908916,7.048797292572684,31.892604500497914,870.5877512681907,7.027360345470635,31.89062433683786
1.28,-0.0005103625542836555,4.863488118553751,16.00552327042936,-0.0010882779623942293,-0.8105121136778413,2.6120831785366337e-05,431.30603144879507,-15.03976776170768,-0.004040248269111548,430.8738939715182,-15.063405370665306,-0.009210766621855741,865.8680193713251,6.876993940077291,31.871456251754957,865.455363520331,6.854321131485208,31.86812626620124
1.29,-0.0006840305262443378,4.866631904471863,16.054173460653868,-0.0011090310523009085,-0.8022288549469204,2.7315608677283586e-05,434.5268688790394,-15.030678448077984,0.012703353693779035,434.11617513159047,-15.054766867198532,0.006615118245241098,860.5285472494139,6.662099265864585,31.85529649976392,860.1465814545296,6.638994047524438,31.850877947518896
1.3,-0.0008151443701863445,4.870179357846933,16.1028572522026,-0.0010918437262312985,-0.7897250584804721,2.7449706937454818e-05,438.27601326459364,-14.939809249476744,0.02749013018610188,437.89967825212125,-14.963524427677067,0.020779348334654668,855.1989295803536,6.414879403708163,31.844235334842615,854.8592809830155,6.392132191964938,31.839024790467086
1.31,-0.000899725789505728,4.873965305354166,16.15157784062564,-0.0010390566065680458,-0.7738119631438953,2.6553352435903637e-05,442.39987298630473,-14.778027874044586,0.0401343547029513,442.0687455398746,-14.800596585462678,0.03311547473710374,850.0637667881065,6.146400218465409,31.838193462377774,849.7756821128297,6.124752678941913,31.832502119756903
1.32,-0.00093677456793514,4.877843842113614,16.200336864696254,-0.0009544595718889653,-0.7553241231569041,2.471805172346604e-05,446.7519265260025,-14.55693090906729,0.050512072984327486,446.47446888534085,-14.57766222943957,0.04349982023882577,845.2874180031262,5.867628596653185,31.836927588415804,845.0575472363086,5.847743452622622,31.831063340650996
1.33,-0.0009279638941601915,4.881689167427265,16.24913460458507,-0.0008429825639035881,-0.735091043000133,2.2083310400887494e-05,451.19606585503783,-14.288439519215324,0.058564072789881565,450.97817246628694,-14.306749589529044,0.05185607347660309,841.0101141943314,5.589070067931634,31.84005860531951,840.8424347653228,5.5715073474266745,31.834311182331653
1.34,-0.0008772268469406002,4.885395137067471,16.297970181495092,-0.0007103646895816337,-0.7139117818519997,1.882099403720876e-05,455.60925146073765,-13.984430356979772,0.06429672084857109,455.4541996019163,-13.99985996225428,0.05815872447674554,837.3451737299798,5.320451442595797,31.847100694905233,837.2410414695106,5.305651617128482,31.841729875626424
1.35,-0.0007902739450511787,4.88887407757912,16.346841748707064,-0.0005628211830909997,-0.6925330371772027,1.5119440460797467e-05,459.88347701984657,-13.656408899533234,0.06778009568554692,459.79199672688895,-13.668633815262677,0.06243448231638291,834.3773214123948,5.070455025859344,31.857489776521874,834.335630722127,5.058729086282132,31.852716546889443
1.36,-0.0006740798549098564,4.892055314583383,16.39574666901135,-0.0004067246865422273,-0.6716310575857104,1.1169019094223579e-05,463.9270637194627,-13.315230289774938,0.06914326324063975,463.8975106816886,-13.324064706037476,0.06476119908917188,832.1620768520909,4.8465088050712035,31.870610144549627,832.1795101267056,4.838034977227568,31.86661060884596
1.37,-0.0005363730490121803,4.894883739479787,16.444681677401995,-0.0002483140127203117,-0.651797579821996,7.150271859106756e-06,467.66532285410517,-12.97087070793257,0.06856691164724511,467.69393541217903,-12.976264327241305,0.06526420228412558,830.7261464107685,4.654634866032403,31.885818590716468,830.7974916073953,4.649461394450549,31.882720428322017
1.3800000000000001,-0.00038515614352137767,4.897318601595036,16.49364303046488,-9.344026613215748e-05,-0.6335298382364986,3.225186915493791e-06,471.040640398197,-12.632250393169342,0.06627384328894563,471.1218604151651,-12.634280012925881,0.06411026285226414,830.0687256493997,4.499356242218644,31.90246571958649,830.1872408015055,4.497409464084779,31.90034698287058
1.3900000000000001,-0.00022827736904304104,4.899332586185734,16.542626645113092,5.264294281178491e-05,-0.6172245611457624,-4.6835236467714274e-07,474.0120485934708,-12.307107717781818,0.06251784336487728,474.13888566727616,-12.305964254764323,0.06149951478009438,830.1635970013433,4.383660494559405,31.91991458665265,830.3214012478304,4.384757285616992,31.918804640041326
1.4000000000000001,-7.307020718320636e-05,4.900911137561443,16.591628229395273,0.0001854413625264585,-0.6031757501448064,-3.819280891580531e-06,476.5543583956471,-12.001922221510808,0.0575722657621007,476.7187774763652,-11.997894219230032,0.057656515863596096,830.9618898793167,4.309016611364624,31.937556369589498,831.150362028171,4.3128802053890025,31.937438739734965
1.41,7.393813229593893e-05,4.9020519192605505,16.640643407328785,0.0003013327968743148,-0.5915759380805446,-6.7437955390985385e-06,478.6569302737026,-11.721883261219979,0.05171859934040199,478.8502441546574,-11.715337948250525,0.05282069496421828,832.3953606065365,4.275440352825399,31.95482416122747,832.6055282809687,4.281718510163457,31.955641082205855
1.42,0.00020723972410486243,4.902764272152174,16.68966783844391,0.0003976317008246712,-0.5825205403202238,-9.18414772089116e-06,480.3221625529579,-11.470899928214928,0.045234828352736435,480.535412723786,-11.46226287254043,0.04723595041412257,834.3800428636762,4.281601971691695,31.97120506343138,834.6029477410164,4.289886494481476,31.972863420944396
1.43,0.00032248138661568283,4.903068533036123,16.738697331317713,0.0004726086109715021,-0.5760148529670395,-1.1106438699351743e-05,481.5637783312817,-11.251647130029907,0.03838597299647981,481.78809002524696,-11.241381470720569,0.04114182490384623,836.8201186781669,4.324969345449626,31.986249737544032,837.0471458824394,4.334815998256525,31.988628065872
1.44,0.0004165309314064806,4.902995104317945,16.78772794912349,0.0005254688085611855,-0.5719832110649979,-1.2497922328722566e-05,482.40498593776596,-11.065642222603422,0.03141594493948349,482.6318859380376,-11.054228364616336,0.03476548476636458,839.6118667693975,4.40197896632405,31.999580360569812,839.83502930289,4.412926952556573,32.00253653038576
1.45,0.0004874792211121286,4.902583210376642,16.836756104342623,0.0005562957508425015,-0.5702797986005526,-1.3364186316700887e-05,482.8765845771143,-10.913346293303261,0.024541246585699544,483.09827315496847,-10.901262830922187,0.02831510738525544,842.6475533958577,4.508226945794891,32.01089663570954,842.8597252703744,4.5198172056297725,32.014275835744286
1.46,0.0005345865693809922,4.901879328668129,16.885778639401757,0.0005659655410867382,-0.5707005992582062,-1.3726438928809518e-05,483.0150800472248,-10.794284119156172,0.017946601435263852,483.2246512080034,-10.7819906173377,0.021974856013825116,845.819144422661,4.638672189078985,32.01997969506743,846.0142388329369,4.650463915312986,32.02362230878131
1.47,0.00055818325744448,4.900935334529006,16.934792890137704,0.0005560390908343997,-0.5729959907174359,-1.3619000253830585e-05,482.8608677351011,-10.707176936342155,0.011782475410940928,483.05247463048846,-10.695099054660705,0.015901492567570102,849.0217336041896,4.787844157422672,32.026693720724296,849.1948249883885,4.799429064341554,32.03044272323548
1.48,0.0005595346686701656,4.8998064409337365,16.983796729603167,0.0005286386988420296,-0.5768835137365854,-1.3087002285601313e-05,482.45653151667085,-10.650082432979048,0.006164345983615082,482.6254963583038,-10.638599730746655,0.010222569596612406,852.1566004667663,4.95004812993971,32.03098515604605,852.3039915574825,4.9610621504483365,32.03469270561622
1.49,0.000540681757911506,4.898549043365224,17.03278859069592,0.00048631557424889396,-0.5820603880271731,-1.2184245311967478e-05,481.84529803198575,-10.620536792343593,0.0011735002248187327,481.98816804708304,-10.609973411646711,0.00503605760326803,855.133830819254,5.119561564135067,32.032879470818294,855.253067754221,5.129693786436185,32.036412438601545
1.5,0.0005042672872173201,4.8972185932951415,17.081767467275416,0.0004319144137431715,-0.5882153974746502,-1.0971137290803406e-05,481.06967639107404,-10.615694141850208,-0.003140905281693375,481.18422925057047,-10.606312432489384,0.0004112048690926814,857.8744529937999,5.290815993494125,32.03247556371805,857.964293194254,5.299814775942324,32.03571982812289
1.51,0.00045335751425133486,4.89586762173115,17.13073289466806,0.0003684405505746043,-0.5950398250268684,-9.512650917688864e-06,480.1703039862312,-10.632459377701187,-0.006758812380508826,480.25550768135804,-10.624456408129369,-0.003609606861947828,860.3120626763256,5.458559848382172,32.0299380139027,860.3724014911169,5.46623616613473,32.03280143355702
1.52,0.00039126789222175616,4.894544019007622,17.179684911609858,0.00029893447119079124,-0.6022371799819388,-7.87626025475168e-06,479.18501002260035,-10.667611009514244,-0.009685547441215752,479.24094335292574,-10.66111780366824,-0.0070082589060986,862.3939279755778,5.617998600173313,32.025487512056934,862.4256910213246,5.624226777209252,32.02790157597655
1.53,0.00032139993696127993,4.89328965193816,17.228624006618507,0.00022635768372491672,-0.6095315249929323,-6.129854934211851e-06,478.14809988353466,-10.717911377277067,-0.01194769893333443,478.1758405464499,-10.712994630638295,-0.00978778546455696,864.0815836623083,5.764909667348606,32.01938989629243,864.0865923659857,5.7696257304511445,32.021310124688284
1.54,0.00024709485910765253,4.892139368738623,17.2775510524473,0.00015349305873571225,-0.6166742745671954,-4.339666045685816e-06,477.08985573941504,-10.7802023096768,-0.013588830152006258,477.09134348766736,-10.77686827010982,-0.011968977183222231,865.3509388657618,5.895730549005885,32.01194428135263,865.3317569496459,5.898928505325252,32.01334951076523
1.55,0.00017150796493609402,4.891120409927907,17.32646723261608,8.286188055027616e-05,-0.6234493991001366,-2.568266978755373e-06,476.0362420681067,-10.851484994848947,-0.014665233293919404,476.0141245479224,-10.849685145154886,-0.013586889285725752,866.191935641138,6.007619633067063,32.003470797338665,866.1517042048565,6.00934601950831,32.004361526839105
1.56,9.750629885466568e-05,4.8902522133921265,17.37537396404314,1.6658978490108046e-05,-0.6296770267477392,-8.727304202585758e-07,475.00879911657375,-10.928983500848478,-0.015241890159850167,474.9662678433491,-10.928621650242388,-0.0146874109922661,866.6078065275318,6.098490035774951,31.99429844764777,866.5500750122312,6.0988371169685145,31.99469444814224
1.57,2.7590612409045328e-05,4.889546576772921,17.424272819553853,-4.329352052435748e-05,-0.6352154882152159,6.969720613058665e-07,474.02470291381195,-11.010191995415086,-0.015388732278065037,473.96532642184303,-11.011132375399024,-0.015323986346892539,866.6139873644829,6.167017643681438,31.984753509268007,866.5425470719688,6.166115646554005,31.98469090679883
1.58,-3.615820102532627e-05,4.889008122089115,17.47316545357581,-9.557403677184894e-05,-0.6399618956518431,2.099250706677534e-06,473.0969670403688,-11.092906257950341,-0.015177439885968286,473.02452760654757,-11.094982222834226,-0.015554725852644289,866.2367476439842,6.212625232554281,31.975149170049995,866.1554736822327,6.21063400093097,31.974677209353487
1.59,-9.211053203597437e-05,4.8886349967120095,17.522053533719408,-0.0001391718718157596,-0.6438513854319703,3.301795103228025e-06,472.23475979435744,-11.175240539312735,-0.014678553250602237,472.1530993062527,-11.178263491034068,-0.015439697538920565,865.511603034313,6.235445117927174,31.965776118923337,865.4243096004885,6.232545551990432,31.96495379121975
1.6,-0.0001390971641912404,4.888419741203971,17.57093868026015,-0.00017348149946035273,-0.6468551852210901,4.282051628053794e-06,471.4438090275294,-11.25563120017764,-0.013959146945323991,471.35668864261186,-11.25939938897097,-0.015038643904788434,864.481576935002,6.236263244213225,31.956894957267508,864.3918898250047,6.232648859044065,31.955787662878024
1.61,-0.00017640002072867047,4.888350257127618,17.619822414852493,-0.00019828272191234716,-0.6489776880785078,5.027276708785908e-06,470.72686746365025,-11.332828841643217,-0.013081017100250355,470.63784469115654,-11.337135735576764,-0.01440909722717495,863.1953758627308,6.216447940152026,31.948730334521976,863.1066250247644,6.212316837807597,31.94740671375519
1.62,-0.00020372707227723602,4.888410815154793,17.668706119169123,-0.000213708931471214,-0.6502527305640544,5.534183567303459e-06,470.0842124671463,-11.405880832370652,-0.012099340014347275,469.99653826476913,-11.410522797436428,-0.013604864935394341,861.7055407223941,6.177866761566786,31.941466848800914,861.6206746102541,6.173414264462885,31.93999588620092
1.6300000000000001,-0.00022117438933990882,4.888583053970537,17.71759100361181,-0.00022020592586563555,-0.6507392782342629,5.808226780773361e-06,469.5141561924275,-11.47410623810552,-0.011061785793698256,469.43069365038195,-11.478889323723651,-0.012674885220110116,860.0666314429252,6.122794913904938,31.93524671356226,859.9881539192477,6.1182070562712525,31.933695191247196
1.6400000000000001,-0.00022917844915335263,4.8888469318728704,17.766478085801833,-0.00021848381273788348,-0.6505167210740805,5.862588240485314e-06,469.01354470515764,-11.537065177737894,-0.010008048841004398,468.9367099259401,-11.541810857603195,-0.011662432841775776,858.3334964971075,6.053818705711311,31.93016909081252,858.2634261188896,6.049266727065017,31.928599439270272
1.6500000000000001,-0.00022846174035590522,4.889181604163699,17.81536817823332,-0.00020946451727637443,-0.6496799740531208,5.7169405192069805e-06,468.57822779597217,-11.594524573526165,-0.008969750075794007,468.5099527009126,-11.599074346318904,-0.010604648695503902,856.5596718644208,5.973737341621432,31.926290931435766,856.4995225793513,5.969373273840617,31.9247595021636
1.6600000000000001,-0.00021997453779747824,4.8895662093240135,17.86426188425503,-0.00019422728996044137,-0.6483345649952024,5.39606899591e-06,468.2034846492425,-11.646422141974643,-0.007970661003488018,468.1452006764991,-11.650640948510594,-0.009532361803090436,854.7959463063817,5.885466133088546,31.923629119129725,854.7467279166311,5.88141952273774,31.922184883419103
1.67,-0.00020483546559959816,4.88998055490787,17.913159601417277,-0.00017395441485386836,-0.6465918742783079,4.928432806059769e-06,467.8843941234103,-11.69283029763768,-0.007027196752816952,467.83703514278886,-11.69660875881451,-0.008470168625444302,853.0891216966319,5.791943901584884,31.922163686736184,853.0513579167232,5.788319663313224,31.92084734878893
1.68,-0.00018427315079789765,4.890405699832115,17.96206153116074,-0.00014987906051851935,-0.6445646695675933,4.344737880630842e-06,467.6161419964382,-11.733921427049099,-0.0061491237129382495,467.58016426333063,-11.737176949121576,-0.007436731713243885,851.4809888629317,5.696046987997083,31.921841861873535,851.454750412611,5.692924344376571,31.92068536204977
1.69,-0.000159570913906956,4.890824433397886,18.01096769381049,-0.00012323691356004376,-0.6423630548731014,3.676584487717151e-06,467.3942609979494,-11.769935746428317,-0.005340427299696749,467.3696776042701,-11.772612575759844,-0.006445257701353425,850.0075312159623,5.60051187923799,31.922582701026858,849.9924811438499,5.597944308246506,31.921609075931023
1.7,-0.00013201606659931655,4.891221653332243,18.05987794785301,-9.522290676903166e-05,-0.6400909277454907,2.9552384232737727e-06,467.21480267628675,-11.801152696852835,-0.004600286614159617,467.201229727012,-11.803221034785372,-0.005504113570681612,848.6983605962282,5.507868034440921,31.924282085074616,848.6938089164607,5.5058841184648095,31.92350564485549
1.71,-0.00010285500874898884,4.891584645910823,18.108792012501322,-6.695401623051239e-05,-0.6378430123576097,2.2105608756202455e-06,467.0744430432002,-11.827866565521205,-0.003924105292769777,467.0711546846782,-11.82932087516997,-0.004617540058387188,847.5763824719191,5.420382053655803,31.92681787154021,847.5813472009713,5.4189871035845165,31.926244650683056
1.72,-7.325495274602888e-05,4.891903271381521,18.157709492585184,-3.943876923744235e-05,-0.6357025104718307,1.4701183447431759e-06,466.9705264325596,-11.8503667618019,-0.003304551628017881,466.9765158709422,-11.851223412525535,-0.003786422183827815,846.6576810403502,5.340013895927809,31.930055026390033,846.6709528290522,5.339192210539856,31.92968346194276
1.73,-4.427276445801581e-05,4.892170057966637,18.20662990483559,-1.3553789685853654e-05,-0.6337393876700036,7.584818362128918e-07,466.90105405575923,-11.868922930882153,-0.00273256594663472,466.9150978158051,-11.869217333277948,-0.0030090791038702293,845.9516090605581,5.268385433909229,31.933850587890603,845.971816809512,5.268103047937789,31.93367237811485
1.74,-1.6831102789464696e-05,4.892380208065038,18.255552704666997,9.972580316873928e-06,-0.632009289418056,9.671451784332172e-08,466.86462531080787,-11.883774863406416,-0.002198298042402751,466.88534818022305,-11.883558248527159,-0.002282037781351667,845.4610624853163,5.2067612400795715,31.938058355025326,845.4867375924164,5.206969013535234,31.938059451629744
1.75,8.29817300123977e-06,4.892531521133196,18.30447731260072,3.05697973119428e-05,-0.6305530611183098,-4.97960737232165e-07,466.8603409900649,-11.895126962365776,-0.0016919499332163019,466.88627935439627,-11.89446295419555,-0.0016007655992808384,845.1829161486332,5.15604114473417,31.942533160561855,845.2125533467954,5.156678050530051,31.942694848598517
1.76,3.0503802943530613e-05,4.8926242391490735,18.353403139524417,4.782820039131534e-05,-0.6293968287092662,-1.0123279594046398e-06,466.88767816829045,-11.903146862899671,-0.0012044939004454641,466.91733975126033,-11.902107983820798,-0.00096032825856546,845.108594180061,5.116763795819601,31.94713473264525,845.1407072665947,5.117760271670823,31.947434755010466
1.77,4.933837883741918e-05,4.892660822467317,18.402329610050746,6.149626423525139e-05,-0.6285525819015689,-1.4371951721247608e-06,466.94634672642144,-11.907967669258612,-0.0007282521337326145,466.9782650898888,-11.906631905166387,-0.00035595682326554237,845.2247470462545,5.089120190820862,31.951731086060317,845.2579181637161,5.090401433929747,31.952144770956423
1.78,6.451579541303894e-05,4.892645666034636,18.45125618332719,7.147275232440485e-05,-0.6280191909683298,-1.7672818022869225e-06,467.03613723888856,-11.909693177119596,-0.0002573356665724186,467.0689197516562,-11.908140712964865,0.00021648415048541782,845.5140063946643,5.072975944894253,31.95620134304827,845.5469278835949,5.074465043165111,31.95670269720766
1.79,7.590365528068111e-05,4.892584768086078,18.500182370759443,7.779459011528943e-05,-0.6277837801918372,-2.0009954708509063e-06,467.156769384096,-11.908405388616817,0.00021206563291105806,467.1891377275431,-11.906715607349183,0.000760141800904242,845.9557892444049,5.067900908899469,31.96043802948157,845.9872974411609,5.06952171950309,31.96100076431766
1.8,8.352957287352837e-05,4.8924854187289295,18.549107356478157,8.062154674909702e-05,-0.6278233911565022,-2.14014130306878e-06,467.3078394989664,-11.904173846164156,0.0006819379367924173,467.33866079556424,-11.902422660403978,0.001277418142900177,846.5270458666507,5.073204805115639,31.964348091437824,846.5561448273347,5.074884513906031,31.964946691228203
1.81,0.00014494671122019577,4.5592867653825655,18.59636736689935,7.792060892960112e-05,-0.6278930119999344,-2.2174800564904016e-06,467.9049606224567,-11.893529407455805,0.002818394260638921,467.9275645902562,-11.891836888960839,0.003691397740689246,844.7105538016696,5.085730629493412,29.83426193771831,844.7294299269154,5.087354065600902,29.835302103784013
1.82,0.000270123127872313,4.226702822365962,18.64029673898486,6.069353377963428e-05,-0.6269329228353713,-2.0772996970396073e-06,469.4561076540321,-11.859607710571375,0.008146603572004203,469.4587358913337,-11.858289382227827,0.009554617591443037,842.1660382625931,5.093683389081615,27.69862463615005,842.161505547868,5.094947908105052,27.70058112986399
1.83,0.00040513269844231234,3.8948695700738667,18.68090393102051,2.306370771154922e-05,-0.6238100751434963,-1.5122262330646768e-06,472.06669330024033,-11.784309296629381,0.016388668393235578,472.03936801081284,-11.783808327979484,0.018331825152140584,838.7763937778847,5.0845216947387195,25.558424353302176,838.7382875647631,5.085002215688583,25.561367016703382
1.84,0.0005157440118060507,3.5638751732903193,18.71819693209981,-3.609751423674941e-05,-0.617563371893581,-4.1245460832907045e-07,475.8035437599915,-11.652292764516847,0.027213432460969668,475.7389203986536,-11.653076842452425,0.029531040733209717,834.4658157193453,5.047597743110033,23.414650030392167,834.3874980081584,5.046845668355504,23.418399404547397
1.85,0.0005828465989710483,3.233758403010989,18.75218436507628,-0.00011437589458397896,-0.6074166722420118,1.236545050159626e-06,480.6963390774621,-11.451150969862711,0.04025253665255956,480.59016946822976,-11.453635345504143,0.04269744703579032,829.1983178825596,4.974332130379732,21.26827345174502,829.0768280017095,4.971949157825673,21.27251818315549
1.86,0.0005987447560049669,2.9045118901963147,18.78287500542383,-0.000206922669299505,-0.5927847102944285,3.3633540614464558e-06,486.7403091212935,-11.171487947212066,0.055112026277557874,486.59156701747423,-11.175982556991592,0.05740725257370045,822.9747430937889,4.8582963934847845,19.1202266573979,822.8106491058389,4.853985237165681,19.12460924298645
1.87,0.000564068377446749,2.57608897152601,18.81027735157481,-0.00030744432293800715,-0.5732724267941173,5.827043580654863e-06,493.8996527526662,-10.806902742790337,0.07138005511595807,493.71038486700354,-10.813580827187863,0.07326073587221729,815.8288201614828,4.69521062287609,16.971379991925037,815.6258382280016,4.6888051133519575,16.97555607335159
1.8800000000000001,0.0004851902500623185,2.2484128697242554,18.834399276483328,-0.0004090546149101126,-0.5486684134828584,8.439335057574845e-06,502.111508933626,-10.353889393643401,0.08863306112610911,501.88647647206284,-10.362774621059224,0.08987608783932367,807.8225054635523,4.482865861247632,14.822522189867762,807.586955062247,4.474343296175299,14.826198241062388
1.8900000000000001,0.00037207329232033173,1.9213869038697569,18.855247777203747,-0.0005049761457904066,-0.5189332842182068,1.0989970071898767e-05,511.2903079819013,-9.811664000800135,0.10644198996215028,511.0364821338419,-9.82263282849749,0.10688507445447243,799.0408437157257,4.220982364208037,12.674343778138978,798.7810032600618,4.2104612437636195,12.677297706284428
1.9000000000000001,0.0002364997425218175,1.594904537038781,18.872828826671956,-0.0005890863691758655,-0.484183862759465,1.3272213745118006e-05,521.3323366975059,-9.18193103079884,0.1243796448048756,521.058307042436,-9.194726924709073,0.12393128192553306,789.5865717079049,3.9110156435786525,10.527424637811812,789.3119926641408,3.8987420310525045,10.529513457147713
1.9100000000000001,9.064994788413042e-05,1.26885829695541,18.88714732101473,-0.0006563105429286022,-0.44467411627763304,1.5105480744264224e-05,532.1203613624901,-8.46860165345198,0.14202956801819064,531.83570948241,-8.482857843141122,0.14067122540924187,779.5746726268618,3.555922582918647,8.38222624895519,779.2955015932405,3.542248278522897,8.383384517470871
1.92,-5.399321353943961e-05,0.9431469016503292,18.898207107514807,-0.0007028708439014914,-0.4007737688738947,1.6352681199689953e-05,543.5281669608877,-7.6774771127841035,0.15899627170085617,543.2428494808198,-7.692744758308501,0.15677815158481775,769.1270679580659,3.159899856960746,6.2390888208845645,768.8534163514083,3.1452553806413652,6.239320968986612
1.93,-0.00018743615347864171,0.6176802392575315,18.906011073265805,-0.0007264062185190046,-0.3529455042456396,1.693084463765222e-05,555.4248884481692,-6.8159098762932135,0.17491619029346356,555.1486649813272,-6.8316888400129505,0.17194798680180653,758.3676099073413,2.7281064552123757,4.09823319796233,758.1090007810667,2.712971530828112,4.097602270989473
1.94,-0.0003016871451051185,0.29238214839532767,18.910561272560088,-0.0007259812703051893,-0.3017216152313666,1.6814658895697824e-05,567.679029575667,-5.892454670446301,0.18946847116829207,567.4209622238222,-5.908224484006464,0.18590661863334135,747.4175107892843,2.2663813605351413,1.959767140401033,747.1824225930836,2.2512552128345353,1.9583818779365296
1.95,-0.00039076365707175716,-0.03280789552547273,18.911850066012036,-0.000702025990117004,-0.24767885455070493,1.603391396598837e-05,580.1644447867174,-4.916487412722493,0.20239580878067523,579.9324563244356,-4.931736937051234,0.1984299632741632,736.3891968219524,1.7809446499552073,-0.17631848030550654,736.184677861692,1.7663175551909105,-0.1783150099026283
1.96,-0.0005102015062705614,-0.0247380127456433,18.911585167068456,-0.0006537152816243575,-0.19164621712519114,1.465279926545241e-05,592.3309330545932,-3.9016170667672267,0.2113233701633835,592.1374299583441,-3.91581723116019,0.2068638798965049,727.903062475193,1.280605661865053,-0.17702056307570851,727.7418322912567,1.2669850960186912,-0.1798851424845657
1.97,-0.0006660180709403996,-0.01692325115286059,18.911377098277782,-0.0005742629877214168,-0.13526190353304257,1.2488013283128874e-05,603.5704986709816,-2.8747802663516286,0.21409810328324072,603.4314165012873,-2.887254583463894,0.2090432978681707,720.3762531037129,0.7827319310263481,-0.17096236988971084,720.2746680030853,0.7707667697145482,-0.17500755895672285
1.98,-0.0008057159138510171,-0.009419193992649913,18.911245666498083,-0.00046063027757721784,-0.08023014595842963,9.437129974599088e-06,613.6685798947776,-1.8641549522453449,0.21083812619537712,613.596670231911,-1.874160922777146,0.2053704163327196,713.9978219560168,0.3052342869447333,-0.15924000146970937,713.9676928451638,0.29563672337334923,-0.1644190891150445
1.99,-0.0008973210885118556,-0.0022803279288804742,18.91118749850575,-0.0003150269639505081,-0.028053310091046398,5.60850318201731e-06,622.4668736804799,-0.8948400258170786,0.20195319044548835,622.470735310301,-0.9016831565967776,0.19641842170675947,708.8953431503912,-0.13635841331816057,-0.14297838354011871,708.9434020964354,-0.14292223263751014,-0.1490163516779379
2.0,-0.0009254496155816481,0.004427005614461059,18.911198623386365,-0.0001434912750049835,0.019994795870054434,1.242589864424429e-06,629.8573473915426,0.011545767573839516,0.18807064760714456,629.9410024190302,0.008428797501791596,0.1828785731272427,705.1402609763222,-0.5292197309275659,-0.12326750727190519,705.2681457201835,-0.5322094777313602,-0.1297648621607608
2.0100000000000002,-0.000886952577351059,0.010620358507564825,18.911274327004893,4.542352938928e-05,0.06288541313775371,-3.360094337561631e-06,635.7801498979295,0.8371161332592081,0.169981996094343,635.9430212386563,0.8381028392802636,0.16553247873714716,702.750418902368,-0.8634189955852856,-0.10114382664673512,702.9549966145262,-0.8624725632793706,-0.10765394333270716
2.02,-0.00078722329159805,0.016203231298704556,18.9114089965014,0.00024181837989908412,0.09984233252931131,-7.895544208324741e-06,640.2204122563181,1.5678408406854527,0.14858712822846118,640.4576291968356,1.5730937005160595,0.1452197376879993,701.6941787721332,-1.132000070235395,-0.07757802456910948,701.9681301454701,-1.1269616128468662,-0.0836639827540731
2.0300000000000002,-0.0006371646364321896,0.02107194497953637,18.911596010864958,0.00043545265101295954,0.1303410330973868,-1.2094965679195482e-05,643.2041476390851,2.1935505186937987,0.12484203933639376,643.5071024103527,2.203009556893454,0.12280573646796529,701.8958563727807,-1.33095274740469,-0.053468168220534476,702.2284419390796,-1.3218797923968406,-0.05874344132839729
2.04,-0.0004507388598271499,0.025125473433614428,18.911827716646336,0.0006165695907019943,0.1541002846644175,-1.574652989196896e-05,644.7934511066974,2.70783478644554,0.09970529878685737,645.1505301562825,2.7212280894702845,0.0991446104337414,703.24217966585,-1.4590870081397922,-0.02963211035937284,703.6201149721762,-1.4462403705445825,-0.033787903104559126
2.05,-0.00024308356988778405,0.02827631196718,18.912095508737792,0.000776536996410935,0.17106719173360949,-1.87032531120346e-05,645.0812123075845,3.1078475248654813,0.07409586465854705,645.4786295428991,3.124715671981637,0.07504968773791415,705.5894550208128,-1.5178228365548274,-0.006803592936033604,705.997827587636,-1.5016431852393763,-0.009625122063407411
2.06,-2.908547468678899e-05,0.03046063674843692,18.912390017618534,0.000908304925605919,0.18139676295691873,-2.088085365025188e-05,644.1855281429789,3.394034143248015,0.0488575955561192,644.6081946205827,3.4137645780964454,0.05126720832220394,708.7711376203282,-1.510910105051666,0.014372864822971052,709.1943078873024,-1.4919849940745467,0.012999600693864589
2.07,0.00017765436494191048,0.0316463703518387,18.912701388694984,0.0010066898729956663,0.18542715413340505,-2.224945875516756e-05,642.2439969016474,3.569796226030819,0.02473236087240311,642.6763708542226,3.591663799264233,0.02845560152000982,712.605509877804,-1.44409421665892,0.03334789439991131,713.0279489781,-1.4231191974350965,0.03343748033673307
2.08,0.0003655284412358193,0.03183823401702972,18.91301962778842,0.0010685014052985342,0.18365175509606946,-2.282251974029177e-05,639.4080586568264,3.6411090163568915,0.0023417861639472735,639.8349305933737,3.66431927771832,0.007170845186966759,716.9031951174051,-1.3247436994504036,0.04967376021695921,717.3102236425685,-1.3024807956955597,0.051149501068941894
2.09,0.0005253577850905701,0.031079363837309935,18.91333498011435,0.0010925322707090515,0.17668927508609014,-2.2645478638455443e-05,635.8375293183258,3.6161068693492116,-0.01782278425050807,636.244708287436,3.6398391443963063,-0.012142021772951803,721.4742645751762,-1.161455824608415,0.06301060366896206,721.8526676932422,-1.1386922138489908,0.0657179652931093
2.1,0.0006505987754287087,0.029449532203359906,18.913638308240426,0.0010794362414110802,0.16525293141635275,-2.1785825512538643e-05,631.6954567092786,3.504651145810167,-0.03540287906565703,632.0703348910878,3.528098959409809,-0.029151544790791756,726.1347328113634,-0.9636556222822334,0.0731313749699738,726.4732375324955,-0.9411648622988933,0.07685514765976376
2.11,0.0007373604052052182,0.027060399368258683,18.91392143692326,0.0010315193785200801,0.15011976716160655,-2.032534303222494e-05,627.1434067232941,3.3178940664668755,-0.05016908314463164,627.4753897087134,3.3403010329609018,-0.04363727913803684,730.7122776768671,-0.7412024776853876,0.07992435672694675,731.0018872743519,-0.7197100812523227,0.08440789803593843
2.12,0.0007842675426452113,0.0240484931064776,18.914177438438085,0.0009524702058904593,0.13210102052463116,-1.8354653398603616e-05,622.337266365689,3.0678508532691606,-0.06201203051524151,622.618065392006,3.0885407064746295,-0.05548285107895416,735.0510638868604,-0.5040168990252392,0.08339237880990126,735.2852522288767,-0.48417152962410004,0.08835733629364353
2.13,0.0007922046054195651,0.02056676547199697,18.914400839852195,0.000847052752009805,0.11201434692551783,-1.596971240689537e-05,617.4236286998273,2.766991090396631,-0.07092952226619698,617.6474185301967,2.785391046717378,-0.06466566022242534,739.0155920321379,-0.26173816234997815,0.08364816553279292,739.1903667800318,-0.2440892246545201,0.08881324001399163
2.14,0.0007639735351931712,0.01677560910928933,18.914587742442944,0.0007207839360807108,0.09065856031601975,-1.3269643676291658e-05,612.5368028820585,2.42785868615647,-0.07701109476977559,612.7002548859593,2.443515800370666,-0.07124429183446337,742.4935357906709,-0.023421461268435806,0.08090566287069624,742.6073841102636,-0.008403412940505284,0.08600323513234245
2.15,0.000703898836658983,0.01283414850378047,18.914735852024133,0.0005796136979992995,0.06879141817918304,-1.0355247093896129e-05,607.7964711062134,2.062728151871862,-0.08042129054549925,607.8986754695092,2.0753187247674054,-0.07534468582200814,745.3975678133912,0.20271897759188695,0.07546759337063944,745.4513015357836,0.21479564955295682,0.08025736795361432
2.16,0.000617410046091102,0.008892479293232029,18.914844426438165,0.000429622915519128,0.04711083028974498,-7.327602672011993e-06,603.3059939447428,1.6833031812779065,-0.08138273728647613,603.3482879279532,1.6926356051395475,-0.07714601047674911,747.6662082343682,0.40951651796833355,0.06770982615445399,747.6627274341316,0.4184680265703067,0.07198900297838003
2.17,0.0005106281929785512,0.005085340408455055,18.91491415228666,0.0002767507585148002,0.0262397293041544,-4.286368921991072e-06,599.151346807618,1.3004617616954595,-0.08015993752205713,599.1370677284908,1.3064734428498426,-0.07686703000128647,749.2637583296661,0.5910062653289305,0.058063397518729805,749.2077532137442,0.5967725717422878,0.06167322449143359
2.18,0.00038997792225889085,0.0015274982263050313,18.914946966795142,0.0001265598712467651,0.006714705797378592,-1.3275895949528157e-06,595.4006535276618,0.9240503246332743,-0.07704443543259272,595.3348358299404,0.9267995046952637,-0.07475355731885734,750.1794051674128,0.7425264740753001,0.046995162721192286,750.077016138816,0.7451634427061427,0.0498240177875338
2.19,0.0002618412919013703,-0.0016890755459264646,18.91494584249596,-1.5955240765183485e-05,-0.01102161497937909,1.4589710712409859e-06,592.104268877128,0.5627277954224907,-0.07234172938679331,591.9933044219155,0.5623812098194958,-0.07106731850848481,750.4256010361844,0.8607686812563964,0.034988078792151815,750.2840559589428,0.860436242004603,0.036971455709474584
2.2,0.0001322648483187458,-0.004496320250378401,18.914914552352638,-0.0001465139506121261,-0.026624589714166993,3.992780949572495e-06,589.2953503060419,0.22385887228099088,-0.06636005061981266,589.1466300431614,0.22067624269128672,-0.06607632510826797,750.0358342569829,0.9437795490761514,0.022522132947614952,749.8630804466819,0.9407268227349941,0.023640060269476557
2.21,6.726304842953753e-06,-0.006849714110468249,18.914857431385848,-0.00026164905045243593,-0.03984819927316199,6.205491475077004e-06,586.9908492606332,-0.08654550650416537,-0.05940236188937998,586.8124028971617,-0.09222914205642141,-0.06004811132444531,749.061916046658,0.9909186560730365,0.010057214477820093,748.8662625610349,0.9854670056453907,0.010329725436322773
2.22,-0.00011004463104256489,-0.008726713580562918,18.91477914823562,-0.00035876177291954865,-0.05054262927165711,8.04354184237314e-06,585.1928515146498,-0.36384373142328563,-0.051757949626146965,584.992999664901,-0.37163688360020153,-0.0532422468285783,747.5709096482921,1.0027774709939763,-0.0019828156875594874,747.3606929035215,0.9953024066609584,-0.0025015975531159453
2.23,-0.00021417970497244703,-0.01012434141766317,18.91468449687161,-0.00043613564021873,-0.05864916487449498,9.47013397464119e-06,583.8901857185009,-0.6047393270865453,-0.04369741167747472,583.6772167909915,-0.6142132209412399,-0.04590588299719806,745.6418302870015,0.9810654759920268,-0.01322234649704979,745.4251135853497,0.9719782716823833,-0.014450877083041278
2.24,-0.00030273409188461963,-0.011056257444685975,18.914578215277004,-0.0004929136662189497,-0.06419282088047544,1.0466337142417819e-05,583.0602255993307,-0.8072219427154859,-0.03546859379217902,582.8421071223681,-0.8179291879811812,-0.038269961602817835,743.3622367724922,0.9284698780481215,-0.023343422730210988,743.1465515665013,0.9181996632014466,-0.0251796806676462
2.25,-0.0003736998281684314,-0.011549611335585266,18.91446483474334,-0.0005290443567402679,-0.06727315612443366,1.1031187281921969e-05,582.6708109471962,-0.9704789983145945,-0.02729369297096713,582.45494247553,-0.9819710865297537,-0.030546314319285547,740.8248294564384,0.8484955809338612,-0.03209193304510791,740.6169635175249,0.8374725575437947,-0.034420228964992396
2.2600000000000002,-0.00042597757463970335,-0.011641921215156474,18.914348560684967,-0.0005452025019323101,-0.06805373268522144,1.1180763771589065e-05,582.6822175306344,-1.0947837551184558,-0.019367312110956703,582.4752297716531,-1.1066268360750975,-0.022925466864607183,738.1241586819655,0.7452921002416013,-0.03928065075682286,737.9299938276025,0.7339324103444178,-0.04197799491454919
2.27,-0.00045931416172691615,-0.011378156100047686,18.914233183768374,-0.0005426909793233623,-0.06675067660020352,1.094633511398575e-05,583.049112359751,-1.1813656652489013,-0.011855297018357712,582.8567148045679,-1.1931541903413834,-0.015575011727308156,735.3535355236215,0.6234739139671097,-0.04478936305655193,735.1779352776998,0.6121665531640952,-0.047731179502929745
2.2800000000000002,-0.0004742135637632081,-0.010808133750539649,18.914122018706752,-0.0005233297258639744,-0.06362077937268731,1.037175353491983e-05,583.7224383321167,-1.2322687488788842,-0.0048942361356954745,583.5493155472947,-1.2436367026932293,-0.008638466495055008,732.6022227204589,0.48794037602212237,-0.04856245417807265,732.4489683000926,0.4770364203226518,-0.051627514151065514
2.29,-0.0004718288312747836,-0.009984285882695731,18.914017867260615,-0.0004893377347109228,-0.05894955038320456,9.510337650019402e-06,584.651180848333,-1.2502034714071963,0.0014084538590360964,584.5009357307663,-1.2608330400672996,-0.002234581206332216,729.9529687571144,0.34370080660006685,-0.05060439602036358,729.8247401360705,0.3335050978853227,-0.053678912385259854
2.3000000000000003,-0.0004538421286395927,-0.0089597949632916,18.913923001715684,-0.0004432134351866276,-0.05303959141973752,8.421508299014834e-06,585.7839780746319,-1.2383971756110834,0.006973902697937959,585.659118828777,-1.2480248167699992,0.0035429084670578473,727.4799325361449,0.19570973924931678,-0.050973643315168335,727.378330048137,0.18647506303570704,-0.05395452038452891
2.31,-0.00042233942040463914,-0.007787073481763892,18.913839165246365,-0.00038761817185834803,-0.046199618063847536,7.1674367674919375e-06,587.0705457904692,-1.2004475939922932,0.01175065106972612,586.9725121696843,-1.208867575777317,0.008625067899239216,725.2470304747916,0.048716577980001396,-0.049775431308655665,725.1726314875884,0.04064026892092176,-0.052572701017503595
2.32,-0.0003796855664911727,-0.006516537862399421,18.913767585969172,-0.0003252667595583891,-0.03873440077040139,5.809932305118257e-06,588.4628968600616,-1.1401833547121099,0.015713031820168734,588.3921203230045,-1.1472489173045552,0.01296707388836191,723.3067225875109,-0.09286687314358222,-0.04715393803226427,723.2591671843975,-0.09964404542617267,-0.04969243645998956
2.33,-0.00032840467594066967,-0.005195623404901887,18.91370900200779,-0.00025882830051206414,-0.030935843275204076,4.407745056219794e-06,589.916344025549,-1.0615347301559108,0.018859102461891774,589.8723358822685,-1.0671570928952878,0.016547043743823372,721.6992395824803,-0.22507837314145185,-0.043284209891594885,721.6773389025644,-0.230471251687403,-0.04550456052827182
2.34,-0.0002710695902221253,-0.003867990936842666,18.913663695412843,-0.00019083964745045183,-0.023075359470374035,3.0144001618551216e-06,591.3902827052694,-0.9684171880973702,0.021208178496683088,591.3717440435568,-0.972562676787303,0.01936439822603725,720.4522395625722,-0.3444949031747857,-0.038364169855224575,720.4541004394662,-0.34847118824471446,-0.04022314504276091
2.35,-0.00021020338212555064,-0.0025728867225665013,18.91363153322241,-0.00012363311638279847,-0.01539765396008434,1.6766173531769455e-06,592.848757616819,-0.8646296168839385,0.022798034724235312,592.8537047774848,-0.867315220822007,0.021437797971419925,719.5808708853677,-0.44829904803112,-0.03260694368464642,719.6040306438172,-0.45087503548191243,-0.034077276325670605
2.36,-0.00014819482150821842,-0.0013446310492492624,18.91361201426551,-5.92793217811835e-05,-0.008115957811501852,4.3331483261424835e-07,594.2608232066318,-0.753768430124202,0.023681858483448743,594.2867227810846,-0.755056117346109,0.022802717514342666,719.0882073515562,-0.534321912366964,-0.026233661813607353,719.1297730303542,-0.5355570409267818,-0.02730337819267696
2.37,-8.722891661880135e-05,-0.00021222466795620064,18.913604320486627,4.546539538151063e-07,-0.0014087209817064221,-6.84848466206376e-07,595.6007129798951,-0.6391581315501327,0.02392505123243132,595.6446206957596,-0.6391482553896877,0.023508741401321583,718.9660133436867,-0.6010631120635934,-0.019466830001526433,719.0228001675226,-0.6010536390117505,-0.020138173128960275
2.38,-2.923290134188238e-05,0.0008009264949992468,18.913607371618518,5.413212137676358e-05,0.004582282285945672,-1.655469718418858e-06,596.8478368025096,-0.5237983518510125,0.02360192550709201,596.9065352031438,-0.5226224740006447,0.023616624859997406,719.1957899737323,-0.6476890340395003,-0.012524286945769328,719.2644545560736,-0.6465611512034286,-0.012812298728113168
2.39,2.416212761049116e-05,0.0016771607276970817,18.91361988198653,0.00010065952027216392,0.009752518214709183,-2.4640327049713525e-06,597.9866285568368,-0.41032686750741565,0.022792707908194453,598.0567590219574,-0.408140304410054,0.02319553100773529,719.7500485167765,-0.6740111218367373,-0.0056139600704413215,719.8272129892171,-0.6719138062127872,-0.0055447954526500216
2.4,7.16460897903279e-05,0.0024045737991939945,18.913640418134577,0.0001392862627545203,0.014034044490886485,-3.103268455002634e-06,599.0062675224665,-0.3009976847694884,0.02158031017193557,599.0844529085084,-0.2979720574214362,0.022319920224186572,720.5937554599271,-0.6804464091004214,0.0010710392208343475,720.6761195031679,-0.6775442767461559,0.0014620050052490386
2.41,0.0001122399230465039,0.002976887694158592,18.91366745586637,0.0001695932068762091,0.01739378978604751,-3.57234364880597e-06,599.9002991032091,-0.1976729234448582,0.02004761333263415,599.9832540147343,-0.1939889575865439,0.021066836983346295,721.6858918343366,-0.6679628827103712,0.007356408693954131,721.7703303137034,-0.6644292828054676,0.008026598663627526
2.42,0.0001452937829781702,0.0033931717808847613,18.91369943523568,0.00019147146799337628,0.0198309232540267,-3.875956489471483e-06,600.6661795800002,-0.10182696760530074,0.01827500355386405,600.7508060438397,-0.09766775419001172,0.019513356680866917,722.9810715333948,-0.6380125080133192,0.01309004408119648,723.0647161827156,-0.6340230584108708,0.013991755088929435
2.43,0.00017047440552195038,0.0036574210912872166,18.91373481202641,0.00020509338704880514,0.021373487746513382,-4.023403591942947e-06,601.3047692563605,-0.014561161792325805,0.01633828083712384,601.388236300394,-0.010106048101088394,0.017734326898816204,724.4311656603533,-0.5924548924668982,0.018144721623202957,724.511469944157,-0.588181620150785,0.019227185974990648
2.44,0.0001877432518820657,0.003778005051520701,18.91377210435299,0.000210877507248608,0.022074476178804068,-4.0276642869658435e-06,601.819796896026,0.06337278151891113,0.014306974869803816,601.8996032221576,0.06795353996696951,0.015800454030769757,725.9868841745762,-0.533474604931472,0.022420041448663247,726.0616710865021,-0.5290808162159433,0.023631407023841134
2.45,0.00019732714743708258,0.003767008275573357,18.913809933187267,0.00020944937643949783,0.022007530019153513,-3.904532246836367e-06,602.2173163940236,0.13154253971076058,0.012243082507809712,602.2913359634064,0.13609227578031957,0.013776766144749368,727.5992713986474,-0.4634951131353149,0.025843600905392783,727.6667645126229,-0.4591310805787674,0.02713276831013097
2.46,0.0001996831733123828,0.00363949181147197,18.913847055869685,0.00020159990435339667,0.02126243288280033,-3.6718106944867913e-06,602.5051742269321,0.1897999580430798,0.010200222897270088,602.5716851337074,0.19417918502651066,0.011721463573480521,729.2210781216195,-0.38509216132714963,0.028371377220960024,729.2799166952802,-0.380891678302242,0.029689641138712045
2.47,0.00019545957065293608,0.0034127077313573792,18.913882391971043,0.00018824287323476909,0.019940561408581275,-3.348577465217962e-06,602.6925035152136,0.23824262535765417,0.008223189950232938,602.7502010056389,0.24233170605136856,0.009685151108297402,730.8079798156814,-0.30090919553704687,0.029987316983604646,730.8572191490114,-0.29698701609615075,0.03128976970720614
2.48,0.00018545437158144732,0.003105301782111811,18.913915041211514,0.0001703730379928104,0.01815044078593715,-2.954519969394531e-06,602.7892576193138,0.27717390006265497,0.006347868431328302,602.8372525125225,0.2808748056833954,0.0077104306256801525,732.3196176080726,-0.21357716829495388,0.03070215413833788,732.3587161835317,-0.21002732004643532,0.031948821635718085
2.49,0.0001705733774037651,0.0027365379323900704,18.9139442934885,0.00014902606763840713,0.016003534334706495,-2.5093372359147303e-06,602.8057931946424,0.3070628759376248,0.004601469627314278,602.8435972781418,0.31030007487486966,0.0058318209653134495,733.7204458628102,-0.12564073198079173,0.030551505851748494,733.74924103693,-0.12253566361242196,0.03170819982336167
2.5,0.00015178896614407222,0.002325575352266105,18.913969631388557,0.0001252413818484038,0.013610376287654498,-2.0322059248456143e-06,602.7525096537906,0.3285055853869956,0.0030030355454938326,602.7800098624294,0.3312261246793402,0.004075963087078983,734.9803772977192,-0.03949247432943892,0.029593323716924056,734.9990514809652,-0.036882977457242117,0.030632206089647656
2.5100000000000002,0.00013010103392249457,0.001890823165112487,18.91399072583951,0.0001000287322279911,0.011077135242363586,-1.5413085500310809e-06,602.6395491220093,0.34218852628037366,0.0015641566940296434,602.6569724662463,0.34436138715887576,0.0024620629041475673,736.0752232846319,0.042683525149689316,0.027904803457669748,736.0842626396945,0.044767697829017905,0.028804671827477757
2.52,0.00010650116652546612,0.0014493918764415807,18.91400742578047,7.433917323150705e-05,0.008502673453306556,-1.053424219877081e-06,602.4765583067375,0.3488553764117164,0.00028984745287149457,602.4844295988261,0.3504701992620429,0.0010025214792629543,736.986933182358,0.11895791978994152,0.025578877127550696,736.9870808958336,0.1205068315035529,0.026325190153013715
2.5300000000000002,8.194090932520898e-05,0.001016653409156808,18.91401974288223,4.904086775859893e-05,0.00597614498517031,-5.835841944056712e-07,602.272511302151,0.3492775352839095,-0.0008204755429465717,602.2716057427151,0.3503428190482216,-0.00029629788348665276,737.7036420921004,0.18769157792580815,0.022720426051291022,737.6958482363808,0.18871338072018462,0.023305096247556296
2.54,5.7304766640973244e-05,0.0006059148105582264,18.914027832434844,2.489998138454508e-05,0.0035751544254695373,-1.4479589020472513e-07,602.0355902688201,0.3442289140347943,-0.0017719631641686068,602.0268829074927,0.3447698005893396,-0.001433214153761901,738.2195411996971,0.2475601567411556,0.01944235947263844,738.2049111075346,0.2480789662934746,0.01986334701006405
2.5500000000000003,3.338832668765471e-05,0.00022820448342114328,18.914031971538233,2.5667405667782203e-06,0.0013644779470791317,2.521606889272294e-07,601.7731192042363,0.33446518757984656,-0.002573297884362261,601.7577331838465,0.3345209432626395,-0.0024113295719916197,738.534588804637,0.2975679334756287,0.015861702863899457,738.5143317356891,0.29762141341627135,0.016122447791615858
2.56,1.0881680060223665e-05,-0.00010783538102293473,18.91403253569311,-1.7433432969286902e-05,-0.0006046694931842314,5.988608863082946e-07,601.4915446766651,0.3207075341112864,-0.0032356896638150246,601.4707000187437,0.3203288386671166,-0.0032371244698383823,738.6540831862085,0.33705135753914206,0.012095821541526946,738.6294628810712,0.3366881190519089,0.012204553387056626
2.57,-9.641840613424597e-06,-0.0003959604068029875,18.91402997480598,-3.470394427712111e-05,-0.0022948527544859264,8.892861978741563e-07,601.1964564193646,0.30363072046690753,-0.0037719495570303734,601.1714209188218,0.3028768686233474,-0.0039195926705468285,738.5881206951422,0.3656730455190438,0.008258957481116491,738.5604091981837,0.3649499631385167,0.00822792142625469
2.58,-2.773201542723925e-05,-0.0006322525121362731,18.914024789505113,-4.8976561134911675e-05,-0.003682166008362533,1.119798488038982e-06,600.8926401346371,0.283855250879983,-0.004195644898044291,600.8646837091181,0.2827913640041646,-0.004469424139579808,738.3509635860652,0.3834071559810637,0.004459055220223024,738.3213994773535,0.3823866930594,0.004303690366808109
2.59,-4.306322793401551e-05,-0.000814979465213382,18.914017508528413,-6.0106925057963603e-05,-0.004755568677568503,1.2890418967311804e-06,600.5841545893696,0.2619431832750485,-0.004520373960455517,600.5545081895002,0.2606375185418841,-0.004898273977236278,737.9603428478298,0.3905172501134091,0.0007950913366415669,737.9300947760084,0.3892648778183738,0.0005331957838727728
2.6,-5.5431794199484476e-05,-0.0009444000223953553,18.914008667799887,-6.806657702751015e-05,-0.005515871020876154,1.3977789984896126e-06,600.2744252118758,0.23839713255935369,-0.0047591663088089094,600.244245145137,0.2369185653403605,-0.005218128636229083,737.4367207965813,0.38752786658741156,-0.0026451056482057964,737.406856947885,0.38610964905083645,-0.0029941937810687345
2.61,-6.474963867903305e-05,-0.0010225286400960237,18.91399879166806,-7.293209437109713e-05,-0.005974437471942865,1.4486704278658777e-06,599.9663467820849,0.21366192409050244,-0.0049240148202957445,599.9366850474113,0.212077666315591,-0.005440778980153195,736.8025373062071,0.37519111534534133,-0.005786505718193083,736.7740011929295,0.3736715211531405,-0.006202686369986493
2.62,-7.103493273327317e-05,-0.0010528726787763505,18.913988376645072,-7.487196843211242e-05,-0.006151678104451221,1.4460093968565455e-06,599.6623884371687,0.1881283314883464,-0.005025539935890061,599.6341694172662,0.18650193505626023,-0.005577405058210169,736.0814619741942,0.35444962722286366,-0.008567989980376046,736.0550546860165,0.35288961431861887,-0.009031118070038698
2.63,-7.440034326300834e-05,-0.00104015363176384,18.91397787786258,-7.41318631518618e-05,-0.006075398403769326,1.3954239443538847e-06,599.3646950371068,0.16213832921807558,-0.005072781290869199,599.3386986583101,0.16052800962479408,-0.00563827229385362,735.2976724527012,0.32639718737176304,-0.010942940416090244,735.2740412929087,0.3248525951088932,-0.011433466040553786
2.64,-7.503954044043136e-05,-0.0009900224193848607,18.913967698352824,-7.101888411913563e-05,-0.005779075122584172,1.3035603881952703e-06,599.0751798966456,0.135991309180572,-0.005073107566621971,599.0520311484104,0.1344486108618148,-0.005632534532243917,734.4751767139657,0.2922383342874868,-0.012879339772350559,734.4548099452206,0.2907586032470655,-0.013378860580867088
2.65,-7.321259259592737e-05,-0.0009087773415982672,18.91395818117002,-6.588545808007791e-05,-0.00530012167494263,1.1777612987676943e-06,598.7956049408284,0.10995074869296628,-0.0050322319324468566,598.7757694538058,0.1085195605414202,-0.005568135825781905,733.6371942696007,0.25324812749805137,-0.014359428931951003,733.6204215249063,0.2518753551893349,-0.014851147702819768
2.66,-6.923083686032136e-05,-0.0008030919714424502,18.913949604288103,-5.911337689543674e-05,-0.0046782006027753145,1.0257504529668577e-06,598.5276454314281,0.08425087112867713,-0.004954317828815724,598.5114306486057,0.08296678861396956,-0.005451799992749024,732.8056084291067,0.21073318078052017,-0.015378979479910465,732.7926062056528,0.20950150979703874,-0.015848063634475953
2.67,-6.344176017629515e-05,-0.0006797591324996549,18.9139421781438,-5.1098500414912894e-05,-0.003953633473182115,8.553357852143147e-07,598.2729374959492,0.05910290634780768,-0.004842158077636909,598.2604988381289,0.0579929259267864,-0.005289094874012433,732.0004986641737,0.16599492961072437,-0.0159462456536214,731.9913002125259,0.16493025451302934,-0.016380088700291274
2.68,-5.621436080302795e-05,-0.0005454561259095318,18.913936045637634,-4.2236542887753713e-05,-0.003165950481900677,6.741394873564071e-07,598.0331077288159,0.034700632066064774,-0.004697409361199927,598.024459055054,0.03378315434526824,-0.005084556828999577,731.239759135485,0.12029595702106599,-0.016080662708367034,731.234267984232,0.11941592737052531,-0.016469050410110472
2.69,-4.792538929261042e-05,-0.0004065355147469976,18.91393128435809,-3.291029062811446e-05,-0.0023526133917760946,4.893622929624565e-07,597.809785091549,0.011224955791422353,-0.004520863937667081,597.8048126872743,0.010510066352276137,-0.004841860326593922,730.5388065230135,0.07483004673847216,-0.015811358418378364,730.536812838581,0.07414433646013574,-0.016146544833237072
2.7,-3.8946793696489746e-05,-0.0002688449790837143,18.913927910755213,-2.347851794913466e-05,-0.0015479365526870287,3.0758678014302324e-07,597.6045961869918,-0.011152623584254062,-0.004312740984353304,597.603075476216,-0.011662632588005373,-0.004564017451948143,729.9103775535107,0.030696471767344136,-0.015175541556517014,729.9115765245076,0.030207279457628022,-0.015452242035414997
2.71,-2.9634619233376203e-05,-0.00013757896669312398,18.913925885958612,-1.4266786967564388e-05,-0.0007822219351465117,1.3462238421911497e-07,597.4191457009443,-0.03226775814824112,-0.004072981091348374,597.4207598722909,-0.03257766654302108,-0.0042535927004182066,729.3644141036986,-0.011121134432023894,-0.014216826398091272,729.3684255560323,-0.011418393504603053,-0.01443213616318705
2.72,-2.0319540624311387e-05,-1.716403676582777e-05,18.913925122911685,-5.560237577488658e-06,-8.111563626157988e-05,-2.4607152844085893e-08,597.2549843782716,-0.05196220850439692,-0.0038015290629060785,597.2593441346634,-0.05208299003051087,-0.0039129194856279735,728.9080315250777,-0.04977113373666464,-0.01298354621118351,728.9144200147773,-0.049886985404534734,-0.01313679430822082
2.73,-1.1299136155533743e-05,8.882109838199947e-05,18.9139254944794,2.401600837861171e-06,0.0005348145803187592,-1.6613487580757982e-07,597.1135673225018,-0.07008396249286175,-0.003498591810927991,597.1202310078037,-0.07003179403597404,-0.003544305852153043,728.5455639260908,-0.08454542400215814,-0.011527100584689394,728.5538586174767,-0.08449538487004249,-0.011619649816187521
2.74,-2.8319593972546593e-06,0.00017769078787859224,18.913926842181535,9.42801250533792e-06,0.0010502882743659285,-2.8698264226731634e-07,596.9962056736923,-0.0864884048696335,-0.003164862210894623,597.0046990924862,-0.08628360611373509,-0.0031502204959418037,728.2786785761501,-0.11488625885680559,-0.009900380527741805,728.2883922894986,-0.11468981923379307,-0.009935384528874892
2.75,4.866618083863146e-06,0.0002476638725931297,18.91392898520793,1.537840955373283e-05,0.0014553216142680883,-3.851575026231957e-07,596.9040148389862,-0.10104038175473562,-0.0028017003701700984,596.9138501640499,-0.10070632628528253,-0.0027334501535997745,728.1065503990222,-0.14038856265852218,-0.008156301051920275,728.1171973001588,-0.14006814210615337,-0.008138429741940956
2.7600000000000002,1.162683670882726e-05,0.00029784330194975204,18.913931729386913,2.0161904593875496e-05,0.0017450558919620794,-4.5961664263263644e-07,596.8378624298671,-0.11361696874084837,-0.002411262982244935,596.8485556816057,-0.1131790044324732,-0.002297218459718895,728.0260866861435,-0.16079806147023534,-0.006346455459887004,728.0371981865675,-0.16037797325613168,-0.006281600042624298
2.77,1.732534351049801e-05,0.00032816687325133806,18.913934875802692,2.373532921689435e-05,0.0019194282730572443,-5.102056320838662e-07,596.79831889851,-0.12411072801266076,-0.0019965843366254745,596.8094055771619,-0.12359514046017539,-0.001845268822092412,728.0321916376174,-0.17600563743924713,-0.00451993260566688,728.0433301730762,-0.17551109427665912,-0.004414901001359747
2.7800000000000002,2.1884502320035593e-05,0.00033933289124331756,18.91393822879125,2.6099916256302867e-05,0.001982710734238312,-5.375748670541286e-07,596.7856136131363,-0.1324332275269846,-0.0015616040097043524,596.7966621648558,-0.13186627554501174,-0.0013819049719600595,728.1180602165697,-0.18603838133141037,-0.0027222968975706137,728.1288306721323,-0.18549457024663596,-0.0025845097100919106
2.79,2.527037650908415e-05,0.00033270524996482454,18.913941603085934,2.7296883991636433e-05,0.0019429449761911208,-5.43079157261599e-07,596.7995987507629,-0.13851859374064412,-0.0011111437140446437,596.8102216486898,-0.13792564078518588,-0.0009119902022181985,728.2754909344679,-0.19104786605800284,-0.000994743679982002,728.2855495812312,-0.1904791152640417,-0.0008319399653965509
2.8000000000000003,2.748956929878952e-05,0.0003102029412490564,18.91394482993172,2.7402171087775043e-05,0.0018113018717256784,-5.286652961371554e-07,596.8397229579454,-0.14232687769877295,-0.0006508366897158487,596.8495852761959,-0.14173163765823782,-0.00044090704418320553,728.4952076133847,-0.191296193210011,0.0006265653531249882,728.5042685134366,-0.19072524868135599,0.0008066043359666029
2.81,2.8585121798803595e-05,0.00027417926485593514,18.913947762038557,2.6520572771365304e-05,0.0016013937910563467,-4.967522214997403e-07,596.9050162500413,-0.14384703137099164,-0.00018701464662705574,596.9138416994889,-0.1432709417333311,2.5519313863752013e-05,728.7671808330438,-0.1871403758035295,0.0021109862275915645,728.7750197530121,-0.18658780002867026,0.00230068835218864
2.82,2.863167785214317e-05,0.000227296042134557,18.91395027729756,2.47795224703351e-05,0.0013285670389032278,-4.5010806562010194e-07,596.9940871093937,-0.1430993156185112,0.00027344141784478777,597.0016615869745,-0.14256104571591655,0.0004811292638477794,729.0809406283113,-0.17901561499539254,0.003433699602591808,729.0873965760547,-0.17849931529284602,0.0036259227311107043
2.83,2.7730127534327216e-05,0.00017239792464806357,18.91395228123562,2.2322749958190443e-05,0.0010091997594336112,-3.917280275275798e-07,597.1051322234148,-0.14013699158454962,0.0007232792081406118,597.1113049998263,-0.13965208859817446,0.0009195630396518752,729.4258730139994,-0.16741800813796504,0.00457584744710832,729.430847576363,-0.16695289711021744,0.0047640656811057495
2.84,2.6001938115114877e-05,0.00011239146460202668,18.91395370823331,1.9304028098738085e-05,0.0006600281465468964,-3.2471659355143183e-07,597.2359587941814,-0.13504718205581412,0.0011550739383034444,597.2406415269705,-0.13462785285611734,0.0013344146221158219,729.7914940349539,-0.15288719220335478,0.005524509667819989,729.7949487463537,-0.15248497848113773,0.005702962323537653
2.85,2.3583372859511683e-05,5.0133012277684385e-05,18.91395452157453,1.5881196769541327e-05,0.00029752077799748215,-2.521771941099436e-07,597.384018869542,-0.12795082682381942,0.0015614396143952332,597.3871826789691,-0.12760584962540067,0.0017193984335155763,730.16769622863,-0.13598938245468206,0.0062725338295184134,730.1696482399623,-0.13565848595820107,0.00643633589399946
2.86,2.061978449663988e-05,-1.1671226343421847e-05,18.91395471243343,1.221062563720963e-05,-6.26824854631472e-05,-1.7711191918105824e-07,597.5464547072363,-0.11900169470874244,0.0019352443935176597,597.5481255905671,-0.11873645100668462,0.0020685217647280338,730.5449636043342,-0.11730121356168244,0.006818233693740091,730.5454799495302,-0.11704679613322444,0.0069634478651940555
2.87,1.726015241586712e-05,-7.055044946573349e-05,18.91395429793363,8.442248307502135e-06,-0.00040625419007468336,-1.0233342814132844e-07,597.720153801004,-0.10838445319144574,0.0022698218475618592,597.7204066870511,-0.10820106756809222,0.0023762559321187145,730.9145524513532,-0.09739473142567068,0.007164974451938083,730.9137432249003,-0.09721883092977945,0.007288646095540015
2.88,1.3652011016518222e-05,-0.00012433815273005477,18.913953318435574,4.715270061023655e-06,-0.0007205764014997978,-3.0390682854603935e-08,597.901811881123,-0.09631183315272906,0.002559170442545923,597.9007636413395,-0.0962094063218788,0.002637699452553473,731.268636454048,-0.07682382105472785,0.007320664180609509,731.2666472177979,-0.07672557491084087,0.007420821604102572
2.89,9.9368922881069e-06,-0.0001712237895499952,18.913951834220754,1.1546209071576354e-06,-0.0009950457115734089,3.649038467853023e-08,598.0880019584713,-0.08302095982082314,0.0027981342539468578,598.0858036942593,-0.08299587872073744,0.0028487270323939834,731.6004156872069,-0.05611229105140225,0.007297172138716307,731.5974194195414,-0.05608823366964888,0.0073727954866064805
2.9,6.246378749492054e-06,-0.00020978708963349528,18.913949921746223,-2.131804058281139e-06,-0.0012212840974871913,9.645068032516172e-08,598.2752473147552,-0.06876895065544009,0.0029825585399972333,598.2720762339443,-0.068815258487398,0.003006118557742713,731.9041900649332,-0.03574377063764178,0.007109694301491443,731.9003789509752,-0.03578818835403563,0.007160657061316679
2.91,2.698839536035338e-06,-0.00023901559295335235,18.913947669640542,-5.055103231674953e-06,-0.0013932568288150303,1.4802615601227778e-07,598.4600962557711,-0.053827905711734125,0.0031094165340561464,598.456147435468,-0.05393771452372187,0.003107664823052777,732.1753987080331,-0.016153512430505668,0.006776090554664502,732.170976047395,-0.016258839250160584,0.006803078195714798
2.92,-6.031173178875836e-07,-0.00025830651109580975,18.91394517460393,-7.546538260122736e-06,-0.0015073015260339555,1.9016081801088308e-07,598.6391964304651,-0.03847943544954546,0.003176901366284882,598.6346747399476,-0.03864336412967573,0.0031522440241560454,732.4106274460079,0.0022778650347610174,0.0063162078217276684,732.4057999257252,0.002120627321133828,0.0063206183208029745
2.93,-3.5744510352896376e-06,-0.0002674544611877902,18.913942537361823,-9.557950555962832e-06,-0.0015620749913765213,2.2220540336443572e-07,598.8093665853136,-0.02300888457817951,0.003184481970577739,598.8044790128179,-0.023216505896206385,0.003139867896707896,732.6075873059341,0.01922871546777838,0.005751212414840947,732.6025578524373,0.019029568489259407,0.00573504360613745
2.94,-6.148767331669589e-06,-0.00026662692875331043,18.9139398588041,-1.1061480194215201e-05,-0.0015584265143124974,2.4390298447401105e-07,598.9676637521081,-0.0076994182228729,0.0031329218374157855,598.9626123446889,-0.007939699764758501,0.0030716961280690463,732.7650673214108,0.03443885269166502,0.005102948657307135,732.7600287079777,0.03420837855966363,0.0050686772531518525
2.95,-8.27870313242027e-06,-0.0002563295117997353,18.913937236422587,-1.2048659420120095e-05,-0.001499207973208347,2.5536308306383345e-07,599.1114440560139,0.00717386149778898,0.0030242601378502984,599.1064196434992,0.006912136085612808,0.0029500182137049387,732.8828653412056,0.04771029921124548,0.004393337685571373,732.8779946877011,0.04745925646892912,0.00434379459991931
2.96,-9.93566800959278e-06,-0.00023736309157073728,18.913934761138208,-1.2528965933181816e-05,-0.0013890322021471108,2.5702613198593435e-07,599.2384155706072,0.021349604225173735,0.0028617566457100722,599.2335924046652,0.021077445418182794,0.0027782037039487794,732.9617007312708,0.058906441331607606,0.003643829432976389,732.9571549926729,0.058645391047384976,0.003582075704848738
2.97,-1.1109010297127219e-05,-0.00021077508138688515,18.913932514587888,-1.2527930293037629e-05,-0.0012339917734344654,2.4962029374172726e-07,599.3466819252234,0.03458555024132837,0.0026498028856878366,599.3422133239545,0.034313413930897596,0.002560622681725056,733.0031129491218,0.06794976415774867,0.0028749177288662623,732.9990254494988,0.06768873545182075,0.0028041249014868846
2.98,-1.1804688208323431e-05,-0.00017780684076648462,18.9139305669198,-1.208489726899363e-05,-0.0010413505820567484,2.3411272945815744e-07,599.4347756772684,0.04666337798092668,0.0023938029630940676,599.4307907259156,0.046400865396811763,0.0023025392649497567,733.0093499389735,0.07481835988476515,0.0021057256966321154,733.0058279695555,0.07456656210003132,0.002029063990310786
2.99,-1.2043534870984109e-05,-0.00013983922407517346,18.913928975125387,-1.1250542874613085e-05,-0.0008192204405213221,2.1165741489012167e-07,599.5016807867654,0.0573929363535397,0.0021000284019437594,599.4982821072604,0.05714854792249202,0.002009981750755124,732.9832501619397,0.07954141565680306,0.0013536659079097172,732.9803736266218,0.07930700226377319,0.0012742029553585409
3.0,-1.1859211724271009e-05,-9.833809340252742e-05,18.913927781917803,-1.0084248278947015e-05,-0.0005762344446580107,1.835415435509017e-07,599.5468438609588,0.06661575805083642,0.0017754520629575039,599.5441064277506,0.0663967043000313,0.001689593737555705,732.9281218902813,0.08219389515301545,0.0006341772024242287,732.9259429499729,0.08198378237161963,0.000554789513089148
