candidate_id,cell_id,manufacturer,cell_model,series_cells,parallel_cells,total_cells,pack_mass_kg,vehicle_mass_kg,nominal_pack_energy_kwh,model_usable_energy_kwh,endurance_terminal_power_limit_kw,pack_aware_curve_points,pack_aware_full_soc,pack_aware_terminal_power_limit_kw,pack_aware_maximum_achievable_terminal_power_kw,pack_aware_maximum_achievable_wheel_power_kw,pack_aware_maximum_tractive_force_n,pack_aware_active_limiter_at_peak_terminal_power,pack_aware_reaches_79p9kw_terminal,raw_endurance_time_s,projected_average_lap_s,projected_terminal_energy_kwh_per_lap,efficiency_factor,efficiency_points,pack_aware_acceleration_raw_time_s,pack_aware_acceleration_converged,pack_aware_skidpad_raw_time_s,pack_aware_skidpad_converged,pack_aware_autocross_raw_time_s,pack_aware_autocross_converged,mass_isolated_acceleration_raw_time_s,mass_isolated_acceleration_converged,mass_isolated_skidpad_raw_time_s,mass_isolated_skidpad_converged,mass_isolated_autocross_raw_time_s,mass_isolated_autocross_converged,terminal_energy_kwh,pack_aware_acceleration_cohort_points,pack_aware_acceleration_cohort_point_loss,pack_aware_acceleration_cohort_time_rank,pack_aware_skidpad_cohort_points,pack_aware_skidpad_cohort_point_loss,pack_aware_skidpad_cohort_time_rank,pack_aware_autocross_cohort_points,pack_aware_autocross_cohort_point_loss,pack_aware_autocross_cohort_time_rank,pack_aware_cohort_nonenergy_points,pack_aware_cohort_performance_points_excluding_efficiency,pack_aware_cohort_full_dynamic_points,mass_isolated_acceleration_cohort_points,mass_isolated_acceleration_cohort_point_loss,mass_isolated_acceleration_cohort_time_rank,mass_isolated_skidpad_cohort_points,mass_isolated_skidpad_cohort_point_loss,mass_isolated_skidpad_cohort_time_rank,mass_isolated_autocross_cohort_points,mass_isolated_autocross_cohort_point_loss,mass_isolated_autocross_cohort_time_rank,mass_isolated_cohort_nonenergy_points,mass_isolated_cohort_performance_points_excluding_efficiency,mass_isolated_cohort_full_dynamic_points,endurance_cohort_points,endurance_cohort_point_loss,endurance_cohort_time_rank,cohort_efficiency_energy_eligible,cohort_efficiency_time_eligible,cohort_efficiency_eligible,cohort_efficiency_factor,cohort_efficiency_unclipped_points,cohort_efficiency_points,inherited_competition_efficiency_factor,inherited_competition_efficiency_points,pack_aware_cohort_full_dynamic_points_with_inherited_efficiency,pack_aware_fully_cohort_normalized_full_dynamic_points,pack_aware_cohort_nonenergy_points_rank,pack_aware_cohort_performance_points_excluding_efficiency_rank,pack_aware_cohort_full_dynamic_points_rank,pack_aware_cohort_full_dynamic_points_with_inherited_efficiency_rank,pack_aware_fully_cohort_normalized_full_dynamic_points_rank,mass_isolated_cohort_full_dynamic_points_with_inherited_efficiency,mass_isolated_fully_cohort_normalized_full_dynamic_points,mass_isolated_cohort_nonenergy_points_rank,mass_isolated_cohort_performance_points_excluding_efficiency_rank,mass_isolated_cohort_full_dynamic_points_rank,mass_isolated_cohort_full_dynamic_points_with_inherited_efficiency_rank,mass_isolated_fully_cohort_normalized_full_dynamic_points_rank,pack_aware_minus_mass_isolated_cohort_nonenergy_points,pack_aware_minus_mass_isolated_cohort_full_dynamic_points,pack_aware_minus_mass_isolated_fully_cohort_normalized_points
tenpower_60xg_125s3p,tenpower_60xg,Tenpower,INR21700-60XG,125,3,375,35.625,258.51015114,8.1,7.939125,47.671875,121,1.0,80.0,56.55194851595368,50.2315176285761,3471.857362953549,bus_current+motor_voltage,False,1216.8449572794348,63.86141684451132,0.1677885289061496,0.7193964338265985,84.7237074461808,4.342580605254257,True,4.794899035926109,True,52.254710652882935,True,4.247502178631121,True,4.794899035926109,True,52.17037644133791,True,6.692105632970218,93.95362161679631,6.046378383203688,71,72.0004252549235,2.999574745076501,108,122.29351527948806,2.706484720511938,107,288.2475621512079,562.7054925747095,647.4292000208903,97.15694265870837,2.843057341291626,108,72.0004252549235,2.999574745076501,108,121.58729051935836,3.412709480641638,108,290.74465843299026,565.2025888564918,649.9262963026727,274.4579304235016,0.5420695764984202,2,True,True,True,0.4259586922774473,24.544343058381234,24.544343058381234,0.7193964338265985,84.7237074461808,647.4292000208903,587.2498356330908,89,3,28,28,12,649.9262963026727,589.7469319148731,108,1,14,14,5,-2.497096281782376,-2.4970962817823192,-2.4970962817823192
reliance_rs50_110s4p,reliance_rs50,Reliance,INR21700-RS50,110,4,440,36.85,259.73515114,7.92,7.762699999999999,48.71875,121,1.0,80.0,67.86742957933734,60.44989780388532,3471.857362953549,bus_current+motor_voltage,False,1216.0261253241367,63.81844360580077,0.1696885045599506,0.7118204583600724,83.23237369292762,4.292370329604366,True,4.797431016765577,True,52.23341125715974,True,4.250501074226722,True,4.797431016765577,True,52.20290269935094,True,6.767884578397529,97.23424573985227,2.7657542601477303,36,71.79400062472676,3.2059993752732368,115,122.44811312373255,2.551886876267446,101,291.4763594883116,566.4763594883116,649.7087331812392,96.9568115350724,3.0431884649275958,115,71.79400062472676,3.2059993752732368,115,121.35150656458914,3.648493435410856,115,290.10231872438834,565.1023187243884,648.334692417316,275.0,0.0,1,True,True,True,0.4214729144076819,23.73260726095702,23.73260726095702,0.7118204583600724,83.23237369292762,649.7087331812392,590.2089667492686,59,1,17,17,1,648.334692417316,588.8349259853454,115,2,18,18,8,1.374040763923233,1.3740407639231762,1.3740407639231762
ampace_jp50_110s4p,ampace_jp50,Ampace,JP50P1 (JP50),110,4,440,39.6,262.48515114,7.876,7.762699999999999,48.25,121,1.0,80.0,67.86742957933734,60.44989780388532,3471.857362953549,bus_current+motor_voltage,False,1218.4728918638116,63.94685271575076,0.1698200357068107,0.7098408592282298,82.8426888244547,4.299477094597742,True,4.803090401087801,True,52.30643349836143,True,4.257232640246016,True,4.803090401087801,True,52.2756265575398,True,6.773130588566114,96.76525089218129,3.2347491078187147,41,71.33378812824309,3.6662118717569143,126,121.91861838639046,3.081381613609537,120,290.0176574068148,563.400053607548,646.2427424320027,96.5086076426122,3.491392357387795,126,71.33378812824309,3.6662118717569143,126,120.82539023701841,4.174609762981589,126,288.6677860078737,562.0501822086069,644.8928710330616,273.3823962007332,1.617603799266817,3,True,True,True,0.42030078257913245,23.52050104612484,23.52050104612484,0.7098408592282298,82.8426888244547,646.2427424320027,586.9205546536729,72,2,30,30,14,644.8928710330616,585.5706832547318,126,4,33,33,21,1.3498713989411044,1.3498713989411044,1.3498713989411044
tenpower_50xg_110s4p,tenpower_50xg,Tenpower,INR21700-50XG,110,4,440,41.25,264.13515114,7.92,7.762699999999999,47.9375,121,1.0,80.0,67.86742957933734,60.44989780388532,3471.857362953549,bus_current+motor_voltage,False,1219.981716255776,64.02603754769176,0.1697987203000166,0.7090519550750897,82.68739273131688,4.303741338746866,True,4.806470102955475,True,52.35005557404894,True,4.261271224332836,True,4.806470102955475,True,52.319068393338256,True,6.772280441331341,96.48458528203129,3.51541471796871,43,71.05973087352112,3.9402691264788814,128,121.60301325238373,3.3969867476162676,125,289.1473294079361,561.5354474362402,644.2228401675571,96.24038860676868,3.7596113932313244,128,71.05973087352112,3.9402691264788814,128,120.51181071886157,4.488189281138432,128,287.81193019915133,560.2000482274555,642.8874409587723,272.38811802830406,2.6118819716959365,4,True,True,True,0.41983366797360633,23.435973087359667,23.435973087359667,0.7090519550750897,82.68739273131688,644.2228401675571,584.9714205235999,82,6,36,36,27,642.8874409587723,583.6360213148151,128,6,38,38,33,1.3353992087847928,1.3353992087847928,1.3353992087847928
tenpower_60xg_120s3p,tenpower_60xg,Tenpower,INR21700-60XG,120,3,360,34.2,257.08515114,7.776,7.62156,42.29296875,121,1.0,80.0,54.28987098119978,48.204396446908646,3471.857362953549,bus_current+motor_voltage,False,1221.9283921512442,64.12820132794819,0.1614110880275468,0.7447091204906438,89.70651978162279,4.353876365797747,True,4.791944925095995,True,52.23483869258638,True,4.244013571977018,True,4.791944925095995,True,52.132434958521685,True,6.437746718771118,93.22600863765345,6.77399136234655,79,72.24167855998337,2.75832144001663,99,122.43774839806495,2.5622516019350456,102,287.90543559570176,559.0143697497097,648.7208895313324,97.39011050345229,2.6098894965477086,99,72.24167855998337,2.75832144001663,99,121.86270139568968,3.137298604310317,99,291.49449045912536,562.6034246131333,652.309944394756,271.10893415400795,3.8910658459920455,5,True,True,True,0.4409464770404234,27.256497286569346,27.256497286569346,0.7447091204906438,89.70651978162279,648.7208895313324,586.270867036279,90,8,22,22,17,652.309944394756,589.8599218997026,99,3,8,8,4,-3.5890548634235984,-3.5890548634235984,-3.5890548634235984
molicel_p50b_110s4p,molicel_p50b,Molicel,INR-21700-P50B,110,4,440,39.05,261.93515114,7.92,7.762699999999999,43.25,121,1.0,80.0,79.99999934839148,69.07638665083184,3471.857362953549,terminal_power_limit+motor_voltage,True,1224.091904117029,64.24174491348758,0.1636769607866896,0.733101681686735,87.42159088321556,4.272030518165478,True,4.801961207674562,True,52.27164714591756,True,4.2558864450073015,True,4.801961207674562,True,52.26111418781777,True,6.528119165290004,98.58514925811225,1.4148507418877472,27,71.42548248759657,3.574517512403432,123,122.17067470373871,2.8293252962612883,114,292.18130644944756,561.8733447721884,649.294935655404,96.59812714578662,3.40187285421338,123,71.42548248759657,3.574517512403432,123,120.9302621501106,4.069737849889407,123,288.9538717834938,558.6459101062346,646.0675009894502,269.69203832274087,5.307961677259129,7,True,True,True,0.434073646955203,26.01280614274566,26.01280614274566,0.733101681686735,87.42159088321556,649.294935655404,587.886150914934,46,5,21,21,8,646.0675009894502,584.6587162489802,123,10,30,30,25,3.2274346659537514,3.2274346659537514,3.2274346659537514
reliance_rs50_140s3p,reliance_rs50,Reliance,INR21700-RS50,140,3,420,35.175,258.06015114,7.56,7.40985,42.625,121,1.0,80.0,64.78254141018913,57.61822378955744,3471.857362953549,bus_current+motor_voltage,False,1222.1493185723816,64.13979579952637,0.1620907479886837,0.7414524376582187,89.06544048390131,4.299172048294293,True,4.793967183287888,True,52.19845977482135,True,4.246400595496384,True,4.793967183287888,True,52.15840723381881,True,6.464854389862106,96.78534988257046,3.2146501174295423,40,72.07647869258236,2.9235213074176443,106,122.70207557462301,2.2979244253769906,85,291.5639041497758,562.5279224052327,651.593362889134,97.23052773318656,2.7694722668134375,106,72.07647869258236,2.9235213074176443,106,121.67412973122494,3.3258702687750628,106,290.98113615699384,561.9451544124508,651.0105948963521,270.96401825545695,4.035981744543051,6,True,True,True,0.43901817673862265,26.90755660591156,26.90755660591156,0.7414524376582187,89.06544048390131,651.593362889134,589.4354790111443,56,4,9,9,3,651.0105948963521,588.8527110183624,106,5,11,11,7,0.5827679927819531,0.5827679927818963,0.5827679927818963
molicel_p50b_140s3p,molicel_p50b,Molicel,INR-21700-P50B,140,3,420,37.275,260.16015114,7.56,7.40985,38.40625,121,1.0,80.0,79.99999983734592,71.3673349080841,3471.857362953549,terminal_power_limit+motor_voltage,True,1230.7658992083143,64.59200381869417,0.1565412818700956,0.7623623728120509,93.18156945119112,4.263453524122029,True,4.798307859449993,True,52.2216305153007,True,4.2515414336223945,True,4.798307859449993,True,52.21416859008002,True,6.243518558895058,99.15866873316415,0.8413312668358515,14,71.72259049746975,3.277409502530247,116,122.53367569174394,2.4663243082560626,94,293.4149349223778,558.7675220815853,651.9490915327764,96.887449172797,3.1125508272029947,116,71.72259049746975,3.277409502530247,116,121.26990823224506,3.730091767754942,116,289.87994790251184,555.2325350617193,648.4141045129104,265.3525871592075,9.647412840792526,15,True,True,True,0.45139906746163605,29.147973428957,29.147973428957,0.7623623728120509,93.18156945119112,651.9490915327764,587.9154955105423,36,10,8,8,7,648.4141045129104,584.3805084906763,116,16,17,17,26,3.53498701986598,3.53498701986598,3.53498701986598
ampace_jp50_140s3p,ampace_jp50,Ampace,JP50P1 (JP50),140,3,420,37.8,260.68515114,7.518,7.40985,42.3125,121,1.0,80.0,64.78254141018913,57.61822378955744,3471.857362953549,bus_current+motor_voltage,False,1224.5565037342585,64.26612763344237,0.1622139830349857,0.73943274044497,88.66786229231694,4.306060450129884,True,4.799389892434655,True,52.26855210252506,True,4.252826585744518,True,4.799389892434655,True,52.228071626686514,True,6.46976951697427,96.33217851009974,3.6678214899002626,45,71.63452360255769,3.3654763974423076,119,122.19311714386038,2.806882856139623,112,290.15981925651784,559.5482417602491,648.216104052566,96.80181295548485,3.1981870445151515,119,71.63452360255769,3.3654763974423076,119,121.16925769997776,3.830742300022237,119,289.6055942580203,558.9940167617515,647.6618790540684,269.38842250373125,5.611577496268751,8,True,True,True,0.4378223026095619,26.69115404030193,26.69115404030193,0.73943274044497,88.66786229231694,648.216104052566,586.239395800551,69,7,24,24,19,647.6618790540684,585.6851708020534,119,9,22,22,20,0.5542249984975456,0.5542249984976024,0.5542249984976024
ampace_jp50_135s3p,ampace_jp50,Ampace,JP50P1 (JP50),135,3,405,36.45,259.33515114,7.2495,7.1452125,42.34375,121,1.0,80.0,62.468883451751154,55.54452190354812,3471.857362953549,bus_current+motor_voltage,False,1226.6641530826705,64.37673948485022,0.1555577921631464,0.7697476098985587,94.63535627924384,4.312557611493355,True,4.796605003337477,True,52.24204567258141,True,4.249521856560609,True,4.796605003337477,True,52.19229084544618,True,6.204292891617624,95.90607259613711,4.093927403862892,52,71.86130703995367,3.1386929600463276,112,122.3854265744544,2.6145734255456006,105,290.1528062105452,558.1667682314412,652.8021245106851,97.02212851114747,2.9778714888525286,112,71.86130703995367,3.1386929600463276,112,121.4283999564097,3.571600043590294,112,290.31183550751086,558.3257975284068,652.9611538076507,268.013962020896,6.986037979104026,10,True,True,True,0.4557719080591276,29.93927236360519,29.93927236360519,0.7697476098985587,94.63535627924384,652.8021245106851,588.1060405950464,70,11,4,4,6,652.9611538076507,588.265069892012,112,11,5,5,10,-0.15902929696568435,-0.1590292969656275,-0.1590292969656275
tenpower_50xg_140s3p,tenpower_50xg,Tenpower,INR21700-50XG,140,3,420,39.375,262.26015114,7.56,7.40985,42.0,121,1.0,80.0,64.78254141018913,57.61822378955744,3471.857362953549,bus_current+motor_voltage,False,1226.1911480502984,64.3519156390832,0.1620901392022276,0.7390112025371145,88.58488238919577,4.310193430836436,True,4.802628618497106,True,52.31043054751619,True,4.256681932917804,True,4.802628618497106,True,52.26969162165052,True,6.464830108921695,96.06097491895432,3.939025081045685,48,71.37127863424405,3.6287213657559505,125,121.88967788346136,3.11032211653864,123,289.3219314366597,557.643942819283,646.2288252084787,96.54522182159766,3.4547781784023357,125,71.37127863424405,3.6287213657559505,125,120.86827130715443,4.13172869284557,125,288.7847717629961,557.1067831456194,645.6916655348151,268.32201138262326,6.677988617376741,9,True,True,True,0.43757270763308903,26.64598792126027,26.64598792126027,0.7390112025371145,88.58488238919577,646.2288252084787,584.2899307405432,80,12,31,31,32,645.6916655348151,583.7527710668796,125,14,32,32,31,0.5371596736636093,0.5371596736636093,0.5371596736636093
tenpower_60xg_115s3p,tenpower_60xg,Tenpower,INR21700-60XG,115,3,345,32.775,255.66015114,7.452,7.303995,37.9375,121,1.0,80.0,52.027793772880834,46.176710175955456,3471.857362953549,bus_current+motor_voltage,False,1228.2307628017934,64.45895695693413,0.1548242255731323,0.7724082550185581,95.1591053186138,4.3670172354945365,True,4.788981218621004,True,52.218588265018994,True,4.240524824427334,True,4.788981218621004,True,52.09437832249883,True,6.175035199562063,92.38428010028163,7.615719899718371,85,72.484164284165,2.5158357158349958,89,122.55577757975786,2.4442224202421414,93,287.4242219642045,554.419607667425,649.5787129860388,97.62367143480046,2.376328565199543,89,72.484164284165,2.5158357158349958,89,122.139351153707,2.860648846293003,89,292.2471868726725,559.242572575893,654.4016778945067,266.99538570322045,8.00461429677955,13,True,True,True,0.4573472910644353,30.224349961557863,30.224349961557863,0.7724082550185581,95.1591053186138,649.5787129860388,584.6439576289829,93,16,20,20,30,654.4016778945067,589.4669225374508,89,7,4,4,6,-4.822964908468009,-4.822964908467952,-4.822964908467952
reliance_rs50_135s3p,reliance_rs50,Reliance,INR21700-RS50,135,3,405,33.91875,256.80390114,7.29,7.1452125,38.71875,121,1.0,80.0,62.468883451751154,55.54452190354812,3471.857362953549,bus_current+motor_voltage,False,1227.6506667068245,64.42851284956528,0.1562886284210438,0.7655324590891427,93.8056021829021,4.305836003141828,True,4.791360749452055,True,52.174170338048405,True,4.243325070291728,True,4.791360749452055,True,52.12493283892111,True,6.233441686652294,96.34692148464534,3.6530785153546645,44,72.28943927358559,2.710560726414414,98,122.87876647853264,2.12123352146736,72,291.51512723676353,558.887375999737,652.6929781826391,97.4361731586298,2.563826841370201,98,72.28943927358559,2.710560726414414,98,121.91720550322644,3.082794496773559,98,291.6428179354418,559.0150666984152,652.8206688813174,267.3722487629734,7.627751237026587,11,True,True,True,0.4532760934538473,29.48763563132398,29.48763563132398,0.7655324590891427,93.8056021829021,652.6929781826391,588.3750116310609,58,9,5,5,5,652.8206688813174,588.5027023297392,98,8,7,7,9,-0.1276906986782933,-0.1276906986782933,-0.1276906986782933
tenpower_60xg_110s3p,tenpower_60xg,Tenpower,INR21700-60XG,110,3,330,31.35,254.23515114,7.128,6.98643,36.953125,121,1.0,80.0,49.76571414574354,44.14924234043971,3471.857362953549,bus_current+motor_voltage,False,1232.1464611352658,64.66445728958976,0.1473357491983577,0.8090871874466345,100.0,4.382249579980233,True,4.78600771265941,True,52.20609071311092,True,4.237035725468326,True,4.78600771265941,True,52.05620304043549,True,5.87636356058474,91.4149009381409,8.585099061859097,91,72.72790463730526,2.272095362694742,79,122.64659907284859,2.3534009271514122,88,286.78940464829475,551.2502143168862,651.2502143168862,97.85764057512986,2.1423594248701363,79,72.72790463730526,2.272095362694742,79,122.4172697931697,2.5827302068303055,79,293.0028150056048,557.4636246741962,657.4636246741962,264.4608096685914,10.539190331408577,16,True,True,True,0.479065094151241,34.154352453609995,34.154352453609995,0.8090871874466345,100.0,651.2502143168862,585.4045667704962,95,23,11,11,23,657.4636246741962,591.6179771278063,79,13,2,2,1,-6.213410357310067,-6.213410357310067,-6.213410357310067
molicel_p50b_135s3p,molicel_p50b,Molicel,INR-21700-P50B,135,3,405,35.94375,258.82890114,7.29,7.1452125,35.359375,121,1.0,80.0,79.99999953257931,71.26939489785825,3471.857362953549,terminal_power_limit+motor_voltage,True,1236.297401843082,64.88230341144194,0.1511161436304715,0.786198072852037,97.87363638819627,4.2603683751382775,True,4.795558530937689,True,52.18642878367922,True,4.248282467357593,True,4.795558530937689,True,52.17884778342848,True,6.027141441760088,99.36552867435718,0.6344713256428207,9,71.94662715774481,3.053372842255186,110,122.78957317216178,2.2104268278382193,77,294.1017290042638,555.8932248096462,653.7668611978424,97.10484294164795,2.895157058352055,110,71.94662715774481,3.053372842255186,110,121.52585316121493,3.4741468387850745,110,290.57732326060767,552.36881906599,650.2424554541863,261.79149580538234,13.20850419461766,19,True,True,True,0.46551232010113563,31.7018743839708,31.7018743839708,0.786198072852037,97.87363638819627,653.7668611978424,587.595099193617,30,15,3,3,9,650.2424554541863,584.0706934499608,110,19,13,13,28,3.524405743656132,3.524405743656189,3.524405743656189
tenpower_50xg_135s3p,tenpower_50xg,Tenpower,INR21700-50XG,135,3,405,37.96875,260.85390114,7.29,7.1452125,42.1875,121,1.0,80.0,62.468883451751154,55.54452190354812,3471.857362953549,bus_current+motor_voltage,False,1228.058243919801,64.44990296844485,0.1555993149189899,0.768668613662545,94.42295544538288,4.316590087045306,True,4.79973742598298,True,52.28260524467553,True,4.253239696155548,True,4.79973742598298,True,52.23253726733429,True,6.205948992127526,95.64225426720098,4.3577457327990174,55,71.6062504094034,3.393749590596599,120,122.09123789430087,2.9087621056991253,117,289.3397425709053,556.4471690485752,650.8701244939581,96.77429630070961,3.225703699290392,120,71.6062504094034,3.393749590596599,120,121.13694022463011,3.8630597753698908,120,289.51748693474315,556.6249134124131,651.047868857796,267.10742647766995,7.8925735223300535,12,True,True,True,0.455133028292627,29.82366218588908,29.82366218588908,0.768668613662545,94.42295544538288,650.8701244939581,586.2708312344644,79,14,13,13,18,651.047868857796,586.4485755983022,120,15,10,10,15,-0.17774436383785996,-0.17774436383785996,-0.17774436383785996
reliance_rs50_130s3p,reliance_rs50,Reliance,INR21700-RS50,130,3,390,32.6625,255.54765114,7.02,6.880574999999999,38.375,121,1.0,80.0,60.155222324125376,53.47054037376493,3471.857362953549,bus_current+motor_voltage,False,1230.2861056754437,64.56682370464704,0.1497306046797939,0.7973501787126814,100.0,4.313762558848687,True,4.788746827129469,True,52.15169254323767,True,4.240249357993906,True,4.788746827129469,True,52.09136885234048,True,5.971880375482335,95.82718915142672,4.1728108485732776,53,72.50336103463164,2.496638965368362,88,123.04242541749512,1.9575745825048756,64,291.37297560355347,557.0359552624177,657.0359552624177,97.64212943757691,2.357870562423088,88,72.50336103463164,2.496638965368362,88,122.16124550991071,2.8387544900892863,88,292.3067359821193,557.9697156409836,657.9697156409836,265.6629796588643,9.337020341135712,14,True,True,True,0.4721155449785122,32.89677840441642,32.89677840441642,0.7973501787126814,100.0,657.0359552624177,589.9327336668341,60,13,1,1,2,657.9697156409836,590.8664940454,88,12,1,1,2,-0.9337603785658075,-0.9337603785659212,-0.9337603785659212
molicel_p50b_130s3p,molicel_p50b,Molicel,INR-21700-P50B,130,3,390,34.6125,257.49765114,7.02,6.880574999999999,32.515625,121,1.0,80.0,79.41023989251752,70.60505643970043,3471.857362953549,bus_current+motor_voltage,False,1242.9112111431236,65.22940369740142,0.1455965576856349,0.8116608174705061,100.0,4.258324838173799,True,4.792801040353334,True,52.15186559730024,True,4.24502350469012,True,4.792801040353334,True,52.14342983274221,True,5.806997356619648,99.50271331783001,0.4972866821699853,8,72.17171630419932,2.8282836958006783,102,123.0411648864946,1.9588351135054012,65,294.7155945085239,552.290833955311,652.290833955311,97.32257026269582,2.6774297373041804,102,72.17171630419932,2.8282836958006783,102,121.78285019903822,3.217149800961778,102,291.2771367659334,548.8523762127205,648.8523762127205,257.5752394467871,17.424760553212877,25,True,True,True,0.4805889550265905,34.430106728281665,34.430106728281665,0.8116608174705061,100.0,652.290833955311,586.7209406835926,19,20,6,6,16,648.8523762127205,583.2824829410022,102,23,15,15,35,3.438457742590515,3.438457742590458,3.438457742590458
reliance_rs50_125s3p,reliance_rs50,Reliance,INR21700-RS50,125,3,375,31.40625,254.29140114,6.75,6.615937499999999,32.2265625,121,1.0,80.0,57.8415596557264,51.39692203278347,3471.857362953549,bus_current+motor_voltage,False,1241.2928863916009,65.14447216119498,0.1444082219964196,0.8194068803488813,100.0,4.323103303278687,True,4.786125276237689,True,52.13145178019198,True,4.237173467828641,True,4.786125276237689,True,52.05771224112092,True,5.759601578067319,95.21717686754175,4.7828231324582475,60,72.71825924257588,2.2817407574241173,80,123.18991747760688,1.8100825223931167,55,291.1253535877245,549.7281116700992,649.7281116700992,97.84839665512428,2.151603344875724,80,72.71825924257588,2.2817407574241173,80,122.4062749713547,2.593725028645295,80,292.9729308690549,551.5756889514296,651.5756889514296,258.60275808237475,16.39724191762525,23,True,True,True,0.4851754426137208,35.26006671894661,35.26006671894661,0.8194068803488813,100.0,649.7281116700992,584.9881783890459,62,26,16,16,26,651.5756889514296,586.8357556703762,80,20,9,9,14,-1.847577281330416,-1.8475772813303593,-1.8475772813303593
ampace_jp50_130s3p,ampace_jp50,Ampace,JP50P1 (JP50),130,3,390,35.099999999999994,257.98515114,6.981,6.880574999999999,38.171875,121,1.0,80.0,60.155222324125376,53.47054037376493,3471.857362953549,bus_current+motor_voltage,False,1232.563235307409,64.68633007541843,0.1498458080278703,0.7952652139230861,99.65850667777283,4.320319232891999,True,4.793811782981949,True,52.21736732171328,True,4.246216989414666,True,4.793811782981949,True,52.15641125783007,True,5.976475165004747,95.39871911182016,4.6012808881798435,57,72.08916605103427,2.910833948965731,104,122.56464843286648,2.435351567133523,92,290.0525335957209,554.244519500983,653.9030261787558,97.24279621842666,2.757203781573338,104,72.08916605103427,2.910833948965731,104,121.68861484992108,3.3113851500789195,104,291.020577119382,555.212563024644,654.8710697024169,264.1919859052621,10.808014094737928,17,True,True,True,0.4708810255488057,32.67338267622783,32.67338267622783,0.7952652139230861,99.65850667777283,653.9030261787558,586.9179021772107,71,17,2,2,15,654.8710697024169,587.8859457008718,104,17,3,3,12,-0.9680435236610947,-0.9680435236610947,-0.9680435236610947
tenpower_50xg_130s3p,tenpower_50xg,Tenpower,INR21700-50XG,130,3,390,36.5625,259.44765114,7.02,6.880574999999999,37.96875,121,1.0,80.0,60.155222324125376,53.47054037376493,3471.857362953549,bus_current+motor_voltage,False,1234.093369499976,64.76663327009823,0.1498265219293848,0.7943814181849921,99.48453113877795,4.324253101510745,True,4.796837393352986,True,52.25661304104852,True,4.249797266168287,True,4.796837393352986,True,52.195276323401416,True,5.975705955040552,95.14226961667117,4.857730383328828,61,71.84236758706042,3.157632412939577,113,122.27971326691812,2.7202867330818776,108,289.26435047064973,552.47094060465,651.9554717434279,97.00375475981518,2.9962452401848196,113,71.84236758706042,3.157632412939577,113,121.40676405091041,3.593235949089589,113,290.252886397786,553.4594765317862,652.9440076705641,263.2065901340002,11.79340986599982,18,True,True,True,0.4703577250997938,32.57868745956671,32.57868745956671,0.7943814181849921,99.48453113877795,651.9554717434279,585.0496280642167,81,19,7,7,25,652.9440076705641,586.0381639913529,113,18,6,6,18,-0.9885359271362972,-0.9885359271362404,-0.9885359271362404
tenpower_30xg_130s5p,tenpower_30xg,Tenpower,INR18650-30XG,130,5,650,39.0,261.88515114,7.02,6.880574999999999,36.1171875,121,1.0,80.0,79.99999993714532,71.40867664296988,3471.857362953549,terminal_power_limit+motor_voltage,True,1236.8535662241095,64.91149155505744,0.1528319926645396,0.7770218518798975,96.06729367714516,4.267620390042466,True,4.801858487896434,True,52.26722061949202,True,4.255764059964382,True,4.801858487896434,True,52.259794082929176,True,6.095576650418699,98.87975419465482,1.1202458053451778,21,71.43382689422734,3.5661731057726627,122,122.20277266565587,2.7972273343441287,111,292.51635375453804,553.9515622681884,650.0188559453335,96.60626833405576,3.3937316659442445,122,71.43382689422734,3.5661731057726627,122,120.93980462110346,4.0601953788965375,122,288.9798998493866,550.4151083630369,646.482402040182,261.4352085136503,13.56479148634969,20,True,True,True,0.46007902782784726,30.71867861187894,30.71867861187894,0.7770218518798975,96.06729367714516,650.0188559453335,584.6702408800672,43,18,15,15,29,646.482402040182,581.1337869749158,122,22,27,27,46,3.536453905151461,3.536453905151461,3.536453905151461
ampace_jp50_125s3p,ampace_jp50,Ampace,JP50P1 (JP50),125,3,375,33.74999999999999,256.63515114,6.7125,6.615937499999999,32.046875,121,1.0,80.0,57.8415596557264,51.39692203278347,3471.857362953549,bus_current+motor_voltage,False,1243.709381502296,65.27129259188641,0.1444091140694857,0.8178097420363502,100.0,4.3294993201213625,True,4.791010064006394,True,52.194936045707465,True,4.2429119553458285,True,4.791010064006394,True,52.12042952209785,True,5.759637157658068,94.80099299155829,5.199007008441711,63,72.31811881513593,2.681881184864068,94,122.7276983662469,2.272301633753102,83,289.8468101729411,546.9162540946015,646.9162540946015,97.46381885998954,2.5361811400104557,94,72.31811881513593,2.681881184864068,94,121.94993036157855,3.050069638421448,94,291.73186803670404,548.8013119583645,648.8013119583645,257.0694439216605,17.93055607833952,27,True,True,True,0.48422976799677403,35.088939667724325,35.088939667724325,0.8178097420363502,100.0,646.9162540946015,582.0051937623258,73,32,29,29,45,648.8013119583645,583.8902516260888,94,24,16,16,29,-1.8850578637629383,-1.8850578637629951,-1.8850578637629951
tenpower_30xg_125s5p,tenpower_30xg,Tenpower,INR18650-30XG,125,5,625,37.5,260.38515114,6.75,6.6159375,32.984375,121,1.0,80.0,79.9999998681689,71.35316358273141,3471.857362953549,terminal_power_limit+motor_voltage,True,1243.7632105071189,65.2741175997025,0.1466585333004628,0.8052314886560716,100.0,4.264049715735111,True,4.798771739726681,True,52.22762243680382,True,4.2520921942013885,True,4.798771739726681,True,52.22012887988189,True,5.849353368919166,99.11872846185948,0.8812715381405241,16,71.68482788781928,3.3151721121807185,117,122.4901520306449,2.509847969355107,97,293.29370838032366,550.3290645676492,650.3290645676492,96.85074285777429,3.149257142225707,117,71.68482788781928,3.3151721121807185,117,121.22675236604752,3.7732476339524794,117,289.7623231116411,546.7976792989666,646.7976792989666,257.03535618732553,17.964643812674467,28,True,True,True,0.476782113116837,33.74122958300223,33.74122958300223,0.8052314886560716,100.0,650.3290645676492,584.0702941506514,39,25,14,14,35,646.7976792989666,580.5389088819688,117,32,26,26,49,3.531385268682584,3.531385268682584,3.531385268682584
ampace_jp30_130s5p,ampace_jp30,Ampace,JP30P1 (JP30),130,5,650,40.625,263.51015114,7.176,6.880574999999999,35.9140625,121,1.0,80.0,79.99999993714532,71.40867664296988,3471.857362953549,terminal_power_limit+motor_voltage,True,1238.5458907732375,65.00030668538405,0.1527549649345196,0.7763514278076739,95.93532043458148,4.271661271967234,True,4.80519129252326,True,52.31010385656208,True,4.259741457190646,True,4.80519129252326,True,52.30262974106638,True,6.0925044636052,98.60979227188069,1.3902077281193073,26,71.16336055845719,3.8366394415428147,127,121.89204311259981,3.107956887400192,122,291.6651959429377,552.0182439789653,647.9535644135468,96.34192691856701,3.6580730814329883,127,71.16336055845719,3.8366394415428147,127,120.63040983405452,4.369590165945482,127,288.13569731107873,548.4887453471063,644.4240657816878,260.35304803602753,14.64695196397247,21,True,True,True,0.45968206594751543,30.646845325025833,30.646845325025833,0.7763514278076739,95.93532043458148,647.9535644135468,582.6650893039912,52,21,26,26,40,644.4240657816878,579.1355906721321,127,25,35,35,56,3.529498631858985,3.529498631859042,3.529498631859042
tenpower_50xg_125s3p,tenpower_50xg,Tenpower,INR21700-50XG,125,3,375,35.15625,258.04140114,6.75,6.615937499999999,32.0234375,121,1.0,80.0,57.8415596557264,51.39692203278347,3471.857362953549,bus_current+motor_voltage,False,1244.8873345813422,65.33311291842367,0.1445794315686498,0.8160734188868498,100.0,4.333335981602492,True,4.793928335668828,True,52.232877231011045,True,4.24635469414607,True,4.793928335668828,True,52.157908269738485,True,5.76643012916202,94.55193390890324,5.448066091096763,67,72.07965021589798,2.920349784102015,105,122.4519908769956,2.5480091230044053,99,289.0835750017968,545.4077424092739,645.4077424092739,97.2335947436665,2.766405256333499,105,72.07965021589798,2.920349784102015,105,121.67775068985748,3.3222493101425243,105,290.99099564942196,547.315163056899,647.315163056899,256.32416740747703,18.675832592522966,30,True,True,True,0.4832016812516144,34.902899511895775,34.902899511895775,0.8160734188868498,100.0,645.4077424092739,580.3106419211696,83,34,33,33,51,647.315163056899,582.2180625687947,105,30,24,24,40,-1.9074206476251447,-1.9074206476251447,-1.9074206476251447
ampace_jp30_125s5p,ampace_jp30,Ampace,JP30P1 (JP30),125,5,625,39.0625,261.94765114,6.9,6.6159375,35.734375,121,1.0,80.0,79.9999998681689,71.35316358273141,3471.857362953549,terminal_power_limit+motor_voltage,True,1240.9945184343896,65.12881346912044,0.1461349018745668,0.8099197290489999,100.0,4.2679356469840135,True,4.801986885900211,True,52.2689823325801,True,4.255917041198662,True,4.801986885900211,True,52.26144419318558,True,5.8284687659151135,98.85867422627464,1.141325773725356,22,71.42339660923466,3.5766033907653423,124,122.18999734769497,2.8100026523050303,113,292.47206818320427,551.2645608296393,651.2645608296393,96.59609192649353,3.4039080735064715,124,71.42339660923466,3.5766033907653423,124,120.92787675842843,4.072123241571575,124,288.9473652941566,547.7398579405916,647.7398579405916,258.792492646435,16.207507353565006,22,True,True,True,0.4795580467369575,34.24355599241114,34.24355599241114,0.8099197290489999,100.0,651.2645608296393,585.5081168220505,44,22,10,10,21,647.7398579405916,581.9834139330028,124,28,21,21,42,3.52470288904766,3.524702889047717,3.524702889047717
molicel_p30b_130s5p,molicel_p30b,Molicel,INR-18650-P30B,130,5,650,38.1875,261.07265114,7.02,6.880574999999999,33.7265625,121,1.0,80.0,71.45774982908272,63.68935916047048,3471.857362953549,bus_current+motor_voltage,False,1242.1985038025182,65.192,0.1483181818181818,0.7972240632635236,100.0,4.284202953108688,True,4.800187743025538,True,52.25958408974073,True,4.253775200437397,True,4.800187743025538,True,52.23832378911069,True,5.915547066823213,97.77515485061072,2.2248451493892816,32,71.56962451637906,3.430375483620935,121,122.25816002762389,2.7418399723761127,109,291.60293939461366,549.6303663148489,649.6303663148489,96.73863513116983,3.261364868830171,121,71.56962451637906,3.430375483620935,121,121.0950718594122,3.904928140587799,121,289.4033315069611,547.4307584271962,647.4307584271962,258.0274269202352,16.9725730797648,24,True,True,True,0.4720408713086506,32.88326563300608,32.88326563300608,0.7972240632635236,100.0,649.6303663148489,582.513631947855,54,27,18,18,41,647.4307584271962,580.3140240602023,121,29,23,23,51,2.1996078876525758,2.1996078876526326,2.1996078876526326
molicel_p50b_125s3p,molicel_p50b,Molicel,INR-21700-P50B,125,3,375,33.28124999999999,256.16640114,6.75,6.615937499999999,32.3828125,121,1.0,80.0,76.35599993061054,67.8398697632131,3471.857362953549,bus_current+motor_voltage,False,1245.5083978098985,65.36570702787726,0.1390878695125382,0.8478711903844081,100.0,4.260892029090599,True,4.79003522599341,True,52.12051451188056,True,4.24176434684996,True,4.79003522599341,True,52.107911764057015,True,5.547403753467017,99.3303964501889,0.6696035498111002,11,72.39787551322354,2.602124486776461,92,123.26966374062107,1.7303362593789302,51,294.9979357040335,550.929731560995,650.929731560995,97.54064521440144,2.4593547855985634,92,72.39787551322354,2.602124486776461,92,122.04092455198716,2.9590754480128396,92,291.97944527961215,547.9112411365736,647.9112411365736,255.9317958569615,19.068204143038514,31,True,True,True,0.502029321378201,38.30990492221276,38.30990492221276,0.8478711903844081,100.0,650.929731560995,589.2396364832078,16,24,12,12,4,647.9112411365736,586.2211460587864,92,27,20,20,16,3.0184904244213726,3.0184904244214295,3.0184904244214295
molicel_p30b_125s5p,molicel_p30b,Molicel,INR-18650-P30B,125,5,625,36.71875,259.60390114,6.75,6.6159375,33.8046875,121,1.0,80.0,68.7093742006193,61.22181063846924,3471.857362953549,bus_current+motor_voltage,False,1244.124318235751,65.29306894682851,0.1418221804815898,0.8324494224242265,100.0,4.288813028596993,True,4.797160061465921,True,52.22727964599113,True,4.250179773858636,True,4.797160061465921,True,52.19942165624293,True,5.656459467570796,97.46958547405531,2.5304145259446926,34,71.8160751626564,3.1839248373435964,114,122.49264169900786,2.507358300992138,96,291.77830233571956,548.5850598524282,648.5850598524282,96.97823998815643,3.0217600118435683,114,71.8160751626564,3.1839248373435964,114,121.37672672390718,3.6232732760928172,114,290.17104187472,546.9777993914288,646.9777993914288,256.8067575167087,18.19324248329127,29,True,True,True,0.49289800545273355,36.65752350041949,36.65752350041949,0.8324494224242265,100.0,648.5850598524282,585.2425833528478,50,29,23,23,24,646.9777993914288,583.6353228918483,114,31,25,25,34,1.607260460999555,1.6072604609994414,1.6072604609994414
reliance_rs50_120s3p,reliance_rs50,Reliance,INR21700-RS50,120,3,360,30.15,253.03515114,6.48,6.351299999999999,32.1796875,121,1.0,80.0,55.52789736330417,49.322756587904216,3471.857362953549,bus_current+motor_voltage,False,1243.6208120719234,65.26664436675397,0.1380196272931205,0.8557304026008736,100.0,4.33403822026458,True,4.783495953953888,True,52.11398798467259,True,4.234097182760669,True,4.783495953953888,True,52.02396178779283,True,5.504797802866303,94.50639542400415,5.493604575995846,68,72.93414948923811,2.0658505107618907,72,123.31726617229377,1.6827338277062296,50,290.75781108553605,547.8833488718808,647.8833488718808,98.05499010089909,1.94500989910091,72,72.93414948923811,2.0658505107618907,72,122.6523059974511,2.3476940025489057,72,293.6414455875883,550.766983373933,650.766983373933,257.1255377863448,17.874462213655192,26,True,True,True,0.5066828053275857,39.15198841678672,39.15198841678672,0.8557304026008736,100.0,647.8833488718808,587.0353372886675,65,31,27,27,13,650.766983373933,589.9189717907198,72,21,12,12,3,-2.883634502052246,-2.883634502052246,-2.883634502052246
ampace_jp50_120s3p,ampace_jp50,Ampace,JP50P1 (JP50),120,3,360,32.4,255.28515114,6.444,6.351299999999999,31.9765625,121,1.0,80.0,55.52789736330417,49.322756587904216,3471.857362953549,bus_current+motor_voltage,False,1246.082774841558,65.3958509922544,0.1379392685750917,0.8545372175649089,100.0,4.340275614859307,True,4.788199675565711,True,52.175289694273175,True,4.239606660214734,True,4.788199675565711,True,52.08434385058205,True,5.501592762372268,94.10256213611328,5.897437863886722,70,72.54818392350819,2.4518160764918093,85,122.87062022567932,2.1293797743206824,73,289.5213662853008,545.0906338420059,645.0906338420059,97.68520360228008,2.314796397719917,85,72.54818392350819,2.4518160764918093,85,122.2123633197164,2.7876366802835975,85,292.4457508455047,548.0150184022098,648.0150184022098,255.56926755670506,19.430732443294943,32,True,True,True,0.505976313727591,39.024143360935746,39.024143360935746,0.8545372175649089,100.0,645.0906338420059,584.1147772029417,77,35,34,34,34,648.0150184022098,587.0391617631456,85,26,19,19,13,-2.924384560203862,-2.924384560203862,-2.924384560203862
tenpower_30xg_120s5p,tenpower_30xg,Tenpower,INR18650-30XG,120,5,600,36.0,258.88515114,6.48,6.3513,32.890625,121,1.0,80.0,79.99999954451741,71.24947172940612,3471.857362953549,terminal_power_limit+motor_voltage,True,1246.1522430737652,65.39949676463311,0.1400084966767958,0.8418608193057754,100.0,4.260549970543432,True,4.795674863775114,True,52.18795382142687,True,4.2484201826863135,True,4.795674863775114,True,52.180342134307466,True,5.58412220062165,99.35334436320996,0.6466556367900438,10,71.93713964606452,3.062860353935477,111,122.77847982168709,2.2215201783129146,79,294.0689638309616,549.5944079286476,649.5944079286476,97.09564970451676,2.9043502954832405,111,71.93713964606452,3.062860353935477,111,121.51501763657511,3.4849823634248907,111,290.5478069871564,546.0732510848424,646.0732510848424,255.525444097686,19.474555902313995,33,True,True,True,0.49847054671047203,37.66591744074767,37.66591744074767,0.8418608193057754,100.0,649.5944079286476,587.2603253693952,31,28,19,19,11,646.0732510848424,583.73916852559,111,34,29,29,32,3.5211568438052154,3.5211568438052154,3.5211568438052154
tenpower_50xg_120s3p,tenpower_50xg,Tenpower,INR21700-50XG,120,3,360,33.75,256.63515114,6.48,6.351299999999999,31.875,121,1.0,80.0,55.52789736330417,49.322756587904216,3471.857362953549,bus_current+motor_voltage,False,1247.499037696748,65.47017808874736,0.1379314082080819,0.8536157197406737,100.0,4.344016839050327,True,4.791010064006394,True,52.21193277660903,True,4.2429119553458285,True,4.791010064006394,True,52.12042952209785,True,5.501279258185263,93.86089707531316,6.1391029246868385,72,72.31811881513593,2.681881184864068,94,122.60413855197757,2.39586144802243,91,288.7831544424266,543.4599488565693,643.4599488565693,97.46381885998954,2.5361811400104557,94,72.31811881513593,2.681881184864068,94,121.94993036157855,3.050069638421448,94,291.73186803670404,546.4086624508467,646.4086624508467,254.67679441414265,20.32320558585735,35,True,True,True,0.5054306896603993,38.92540851491029,38.92540851491029,0.8536157197406737,100.0,643.4599488565693,582.3853573714796,86,38,38,38,42,646.4086624508467,585.334070965757,94,33,28,28,23,-2.9487135942774216,-2.948713594277365,-2.948713594277365
ampace_jp30_120s5p,ampace_jp30,Ampace,JP30P1 (JP30),120,5,600,37.5,260.38515114,6.624,6.3513,32.890625,121,1.0,80.0,79.99999954451741,71.24947172940612,3471.857362953549,terminal_power_limit+motor_voltage,True,1247.3497349175325,65.46234250791802,0.140210675962693,0.8398398377405358,100.0,4.264281682987608,True,4.798771739726681,True,52.227784212746926,True,4.2520921942013885,True,4.798771739726681,True,52.22012887988189,True,5.592185952934414,99.10319145079212,0.8968085492078757,17,71.68482788781928,3.3151721121807185,117,122.48897707337812,2.5110229266218766,98,293.27699641198956,548.0477800008589,648.0477800008589,96.85074285777429,3.149257142225707,117,71.68482788781928,3.3151721121807185,117,121.22675236604752,3.7732476339524794,117,289.7623231116411,544.5331067005104,644.5331067005104,254.77078358886936,20.229216411130636,34,True,True,True,0.49727391210934235,37.44937726190368,37.44937726190368,0.8398398377405358,100.0,648.0477800008589,585.4971572627626,40,30,25,25,22,644.5331067005104,581.9824839624141,117,36,34,34,43,3.514673300348477,3.514673300348477,3.514673300348477
molicel_p50b_120s3p,molicel_p50b,Molicel,INR-21700-P50B,120,3,360,31.95,254.83515114,6.48,6.351299999999999,29.640625,121,1.0,80.0,73.30175940492859,65.07381630706163,3471.857362953549,bus_current+motor_voltage,False,1253.734932280985,65.79744497764727,0.1335534867274264,0.8772125498590243,100.0,4.264648332257016,True,4.787260922828846,True,52.090192896557696,True,4.238504900750006,True,4.787260922828846,True,52.07229149254016,True,5.32666950868455,99.0786369756449,0.9213630243551023,18,72.62512275467203,2.3748772453279656,82,123.49092106795007,1.5090789320499312,40,295.194680798267,545.9658440997508,645.9658440997508,97.75907487178104,2.2409251282189615,82,72.62512275467203,2.3748772453279656,82,122.30009509259136,2.699904907408637,82,292.68429271904444,543.4554560205283,643.4554560205283,250.77116330148388,24.22883669851612,38,True,True,True,0.5194025060699429,41.4537155028929,41.4537155028929,0.8772125498590243,100.0,645.9658440997508,587.4195596026437,15,33,32,32,10,643.4554560205283,584.9091715234213,82,37,36,36,24,2.510388079222537,2.51038807922248,2.51038807922248
molicel_p30b_120s5p,molicel_p30b,Molicel,INR-18650-P30B,120,5,600,35.25,258.13515114,6.48,6.3513,30.859375,121,1.0,80.0,65.96099949545007,58.75384294089413,3471.857362953549,bus_current+motor_voltage,False,1252.0949273929896,65.71137564305145,0.1361400870158377,0.8616730573695738,100.0,4.294776235253918,True,4.794122557393391,True,52.19628432102904,True,4.246584197580861,True,4.794122557393391,True,52.16040289085096,True,5.429833905399665,97.0752996650385,2.9247003349615,37,72.06379470665547,2.9362052933445284,107,122.71789397540319,2.282106024596814,84,291.8569883470972,543.6515402192184,643.6515402192184,97.21826057589075,2.7817394241092472,107,72.06379470665547,2.9362052933445284,107,121.65964803556075,3.3403519644392503,107,290.941703318107,542.7362551902282,642.7362551902282,251.79455187212127,23.205448127878725,36,True,True,True,0.5102014847856797,39.78872036355731,39.78872036355731,0.8616730573695738,100.0,643.6515402192184,583.4402605827757,47,37,37,37,38,642.7362551902282,582.5249755537856,107,39,39,39,38,0.9152850289901835,0.9152850289901835,0.9152850289901835
reliance_rs50_115s3p,reliance_rs50,Reliance,INR21700-RS50,115,3,345,28.893750000000004,251.77890114,6.21,6.086662499999999,29.234375,121,1.0,80.0,53.21423465481861,47.24851572043036,3471.857362953549,bus_current+motor_voltage,False,1252.7516960033363,65.74584361182991,0.1321241381927865,0.8873983701878043,100.0,4.346775558644929,True,4.780858714645712,True,52.099952270640415,True,4.2310204118791805,True,4.780858714645712,True,51.99011480937267,True,5.269661133663325,93.6829635496717,6.3170364503283025,75,73.15104770009442,1.8489522999055765,66,123.41967864814605,1.5803213518539536,44,290.2536898979122,541.6380862743362,641.6380862743362,98.26191666293279,1.7380833370672093,66,73.15104770009442,1.8489522999055765,66,122.89936146736662,2.1006385326333827,66,294.31232583039383,545.6967222068179,645.6967222068179,251.384396376424,23.615603623575993,37,True,True,True,0.5254335878254385,42.54508585163999,42.54508585163999,0.8873983701878043,100.0,641.6380862743362,584.1831721259762,68,40,40,40,33,645.6967222068179,588.2418080584579,66,35,31,31,11,-4.05863593248165,-4.058635932481707,-4.058635932481707
ampace_jp50_115s3p,ampace_jp50,Ampace,JP50P1 (JP50),115,3,345,31.05,253.93515114,6.1755,6.086662499999999,29.1328125,121,1.0,80.0,53.21423465481861,47.24851572043036,3471.857362953549,bus_current+motor_voltage,False,1254.9109131663056,65.85916180119933,0.1321929726352771,0.8854102164601881,100.0,4.352855689362547,True,4.785380443237711,True,52.15908197253305,True,4.236301072709782,True,4.785380443237711,True,52.04815089969098,True,5.2724065380323655,93.2916000024273,6.708399997572698,78,72.77938039104687,2.220619608953129,76,122.9886080389263,2.0113919610736986,66,289.05958843240046,539.0985680569987,639.0985680569987,97.9069534359195,2.0930465640804954,76,72.77938039104687,2.220619608953129,76,122.47594198768631,2.524058012313688,76,293.1622758146527,543.2012554392509,643.2012554392509,250.03897962459823,24.961020375401773,39,True,True,True,0.5242563907724072,42.3320630457163,42.3320630457163,0.8854102164601881,100.0,639.0985680569987,581.430631102715,84,43,43,43,46,643.2012554392509,585.5333184849671,76,38,37,37,22,-4.102687382252213,-4.102687382252157,-4.102687382252157
tenpower_30xg_115s5p,tenpower_30xg,Tenpower,INR18650-30XG,115,5,575,34.5,257.38515114,6.21,6.086662499999999,29.84375,121,1.0,80.0,79.99999954559658,71.07521304613276,3471.857362953549,terminal_power_limit+motor_voltage,True,1255.0619475928356,65.86708826086276,0.1339859048831915,0.8734569759100802,100.0,4.257150047739106,True,4.79256763383455,True,52.148233862743865,True,4.244748073718791,True,4.79256763383455,True,52.14043219865137,True,5.343916146430643,99.58163777389431,0.4183622261056854,6,72.190786708391,2.809213291608998,101,123.06762030482955,1.9323796951704537,60,294.84004478711483,544.7850874963285,644.7850874963285,97.34098679174653,2.6590132082534694,101,72.190786708391,2.809213291608998,101,121.80461742902158,3.195382570978424,101,291.3363909291591,541.2814336383728,641.2814336383728,249.9450427092137,25.05495729078629,40,True,True,True,0.5171788095198583,41.05132061292774,41.05132061292774,0.8734569759100802,100.0,644.7850874963285,585.8364081092562,18,36,35,35,20,641.2814336383728,582.3327542513006,101,41,41,41,39,3.503653857955726,3.503653857955669,3.503653857955669
tenpower_50xg_115s3p,tenpower_50xg,Tenpower,INR21700-50XG,115,3,345,32.34375,255.22890114,6.21,6.086662499999999,29.03125,121,1.0,80.0,53.21423465481861,47.24851572043036,3471.857362953549,bus_current+motor_voltage,False,1256.364605573639,65.93545324345175,0.132140195480723,0.8847389675540615,100.0,4.3565031247564985,True,4.788082385344735,True,52.19443011083736,True,4.239468945085673,True,4.788082385344735,True,52.08283796244132,True,5.270301565209813,93.05734749403825,6.942652505961746,80,72.55779438841218,2.4422056115878235,84,122.73137755501973,2.2686224449802666,82,288.34651943747014,537.4823023754033,637.4823023754033,97.69443508917104,2.305564910828963,84,72.55779438841218,2.4422056115878235,84,122.2233227920055,2.7766772079944957,84,292.4755522695887,541.6113352075218,641.6113352075218,249.13578293793316,25.864217062066842,41,True,True,True,0.5238589405032621,42.260141381173916,42.260141381173916,0.8847389675540615,100.0,637.4823023754033,579.7424437565771,88,47,47,47,53,641.6113352075218,583.8714765886957,84,40,40,40,30,-4.1290328321185825,-4.1290328321185825,-4.1290328321185825
ampace_jp30_115s5p,ampace_jp30,Ampace,JP30P1 (JP30),115,5,575,35.9375,258.82265114,6.348,6.086662499999999,29.7421875,121,1.0,80.0,78.93152156929165,70.17190970044135,3471.857362953549,bus_current+motor_voltage,False,1256.6004424729954,65.94783023400178,0.1340079846352271,0.8722438369946042,100.0,4.262482059279871,True,4.795545604167593,True,52.187768583558224,True,4.248267165597168,True,4.795545604167593,True,52.17868173350217,True,5.344796778938332,99.22377337165231,0.7762266283476862,12,71.94768144167365,3.0523185583263484,109,122.77982723478969,2.2201727652103074,78,293.9512820481157,542.9407336769787,642.9407336769787,97.10586445305314,2.894135546946856,109,71.94768144167365,3.0523185583263484,109,121.5270572260351,3.4729427739649026,109,290.5806031207619,539.5700547496249,639.5700547496249,248.98945162886298,26.01054837113702,42,True,True,True,0.5164605031150873,40.92133757783327,40.92133757783327,0.8722438369946042,100.0,642.9407336769787,583.8620712548119,32,39,39,39,36,639.5700547496249,580.4913923274581,109,43,43,43,50,3.370678927353765,3.370678927353765,3.370678927353765
molicel_p30b_115s5p,molicel_p30b,Molicel,INR-18650-P30B,115,5,575,33.78125,256.66640114,6.21,6.086662499999999,28.015625,121,1.0,80.0,63.212623667110094,56.28606757093525,3471.857362953549,bus_current+motor_voltage,False,1261.7026602192705,66.21560046420008,0.1303757466114924,0.8929187990009633,100.0,4.302282060111452,True,4.7910750159651165,True,52.167327876151965,True,4.242988458913854,True,4.7910750159651165,True,52.12126358730879,True,5.199927992631016,96.58057000680843,3.419429993191571,42,72.31280647878131,2.6871935212186884,97,122.92857093815049,2.071429061849514,71,291.8219474237402,537.6589856551507,637.6589856551507,97.45869882595143,2.54130117404857,97,72.31280647878131,2.6871935212186884,97,121.94386892098815,3.0561310790118483,97,291.7153742257209,537.5524124571314,637.5524124571314,245.83703823141053,29.16296176858947,43,True,True,True,0.5287022649101384,43.13657795778164,43.13657795778164,0.8929187990009633,100.0,637.6589856551507,580.7955636129323,49,46,46,46,49,637.5524124571314,580.688990414913,97,47,47,47,48,0.10657319801930498,0.10657319801930498,0.10657319801930498
molicel_p50b_115s3p,molicel_p50b,Molicel,INR-21700-P50B,115,3,345,30.61875,253.50390114,6.21,6.086662499999999,27.0,121,1.0,80.0,70.2475184675531,62.30675915022807,3471.857362953549,bus_current+motor_voltage,False,1263.6136877678248,66.31589337838729,0.127926986243978,0.9086346689690578,100.0,4.269774614451346,True,4.784477962416736,True,52.06111690625615,True,4.235245061022688,True,4.784477962416736,True,52.03656644105424,True,5.102261226278928,98.73577187994306,1.2642281200569414,23,72.85347640293188,2.146523597068125,74,123.7033311157853,1.2966688842146965,30,295.2925793986602,539.9554394381257,639.9554394381257,97.97786717583108,2.0221328241689207,74,72.85347640293188,2.146523597068125,74,122.56038438869419,2.439615611305811,74,293.39172796745714,538.0545880069226,638.0545880069226,244.66286003946547,30.33713996053453,47,True,True,True,0.5380077202958481,44.82047124612888,44.82047124612888,0.9086346689690578,100.0,639.9554394381257,584.7759106842547,13,42,42,42,28,638.0545880069226,582.8750592530515,74,45,45,45,37,1.9008514312030798,1.9008514312031366,1.9008514312031366
tenpower_30xg_140s4p,tenpower_30xg,Tenpower,INR18650-30XG,140,4,560,33.6,256.48515114,6.048,5.92788,28.015625,121,1.0,80.0,79.99999949272333,71.4281374128997,3471.857362953549,terminal_power_limit+motor_voltage,True,1261.7556174558383,66.21837972061986,0.1303761971231609,0.8928782369123219,100.0,4.254059453451978,True,4.790698229904752,True,52.12361158308309,True,4.242544733098981,True,4.790698229904752,True,52.11642522884053,True,5.199945960913441,99.78947743505346,0.21052256494654387,5,72.34362633029588,2.6563736697041236,93,123.2470788503865,1.752921149613499,52,295.38018261573586,541.1846348172609,641.1846348172609,97.48839793649793,2.5116020635020675,93,72.34362633029588,2.6563736697041236,93,121.9790336483474,3.0209663516526035,93,291.8110579151412,537.6155101166662,637.6155101166662,245.804452201525,29.19554779847499,44,True,True,True,0.5286782478683222,43.13223189046479,43.13223189046479,0.8928782369123219,100.0,641.1846348172609,584.3168667077257,12,41,41,41,31,637.6155101166662,580.747742007131,93,46,46,46,47,3.5691247005946707,3.5691247005946707,3.5691247005946707
tenpower_60xg_140s2p,tenpower_60xg,Tenpower,INR21700-60XG,140,2,280,26.6,249.48515114,6.048,5.92788,26.015625,121,1.0,80.0,42.22544982601894,37.257404128752725,3471.857362953549,bus_current+motor_voltage,False,1265.2261925634648,66.40051947664419,0.1250265507718539,0.9285287804658758,100.0,4.453513992967114,True,4.776022541551842,True,52.21164315160709,True,4.225401313694404,True,4.776022541551842,True,51.92806195441586,True,4.986579774825684,86.96775149459133,13.032248505408674,102,73.54972992162322,1.450270078376775,58,122.60624334263149,2.393756657368513,90,283.12372475884604,526.7985848500314,626.7985848500314,98.64060381007506,1.3593961899249365,58,73.54972992162322,1.450270078376775,58,123.3531334154418,1.6468665845581967,58,295.54346714714006,539.2183272383254,639.2183272383254,243.67486009118528,31.32513990881472,48,True,True,True,0.5497871360932426,46.95204658336008,46.95204658336008,0.9285287804658758,100.0,626.7985848500314,573.7506314333915,106,60,60,60,64,639.2183272383254,586.1703738216855,58,44,44,44,17,-12.419742388294026,-12.419742388294026,-12.419742388294026
reliance_rs50_110s3p,reliance_rs50,Reliance,INR21700-RS50,110,3,330,27.637500000000003,250.52265114,5.94,5.822025,26.5078125,121,1.0,80.0,50.90057133335909,45.17440220110661,3471.857362953549,bus_current+motor_voltage,False,1263.4678266022838,66.30823841738481,0.1261699091251262,0.9213949254189994,100.0,4.361557867703205,True,4.778213409800069,True,52.08991954172627,True,4.227943098123168,True,4.778213409800069,True,51.95617017226802,True,5.032181669820048,92.73335992507597,7.266640074924027,83,73.36897014324705,1.6310298567529458,62,123.49291691423592,1.50708308576408,39,289.59524698255893,534.3476021870509,634.3476021870509,98.4691809857957,1.5308190142042974,62,73.36897014324705,1.6310298567529458,62,123.14745305069624,1.8525469493037576,62,294.98560417973897,539.737959384231,639.737959384231,244.75235520449198,30.247644795508023,46,True,True,True,0.5455631402214521,46.187682239683,46.187682239683,0.9213949254189994,100.0,634.3476021870509,580.5352844267339,76,50,50,50,50,639.737959384231,585.925641623914,62,42,42,42,19,-5.3903571971800375,-5.3903571971800375,-5.3903571971800375
ampace_jp30_140s4p,ampace_jp30,Ampace,JP30P1 (JP30),140,4,560,35.0,257.88515114,6.1824,5.92788,27.9140625,121,1.0,80.0,76.87243735126569,68.5500680597605,3471.857362953549,bus_current+motor_voltage,False,1263.344587143553,66.30177066946129,0.1303457242914564,0.8919636993968886,100.0,4.263185055065748,True,4.7936045417676985,True,52.16498188903565,True,4.245972178465413,True,4.7936045417676985,True,52.15374948176763,True,5.198730577418324,99.17665775128616,0.8233422487138427,13,72.10608778056616,2.893912219433844,103,122.94564976195959,2.0543502380404135,70,294.2283952938119,539.0563819042117,639.0563819042117,97.25915603906759,2.740843960932409,103,72.10608778056616,2.893912219433844,103,121.70793351196923,3.2920664880307697,103,291.073177331603,535.9011639420028,635.9011639420028,244.8279866103998,30.17201338960021,45,True,True,True,0.5281367450392901,43.034242813989444,43.034242813989444,0.8919636993968886,100.0,639.0563819042117,582.0906247182011,28,44,44,44,44,635.9011639420028,578.9354067559922,103,49,49,49,58,3.1552179622088943,3.1552179622088943,3.1552179622088943
ampace_jp50_110s3p,ampace_jp50,Ampace,JP50P1 (JP50),110,3,330,29.7,252.58515114,5.907,5.822025,26.3671875,121,1.0,80.0,50.90057133335909,45.17440220110661,3471.857362953549,bus_current+motor_voltage,False,1265.8755625595986,66.43459915767615,0.1260752761248122,0.9203326928303182,100.0,4.3674833749410045,True,4.782552188926479,True,52.14684766870988,True,4.232995099377788,True,4.782552188926479,True,52.011848640877815,True,5.028407311473891,92.35451491223296,7.645485087767042,86,73.01172766842637,1.9882723315736257,69,123.07771902525045,1.9222809747495546,59,288.44396160590975,531.7216562750857,631.7216562750857,98.12907554601387,1.8709244539861345,69,73.01172766842637,1.9882723315736257,69,122.74068519222055,2.2593148077794467,69,293.88148840666076,537.1591830758367,637.1591830758367,243.277694669176,31.722305330824014,49,True,True,True,0.5449341863052333,46.07386822045432,46.07386822045432,0.9203326928303182,100.0,631.7216562750857,577.79552449554,87,54,54,54,58,637.1591830758367,583.233051296291,69,48,48,48,36,-5.437526800751016,-5.437526800751016,-5.437526800751016
tenpower_50xg_110s3p,tenpower_50xg,Tenpower,INR21700-50XG,110,3,330,30.9375,253.82265114,5.94,5.822025,26.296875,121,1.0,80.0,50.90057133335909,45.17440220110661,3471.857362953549,bus_current+motor_voltage,False,1267.2491735697204,66.50668783649658,0.126057038994386,0.9194681189985328,100.0,4.371038114775616,True,4.785145102451285,True,52.18088092186533,True,4.236025562988584,True,4.785145102451285,True,52.04512995465423,True,5.027679938726483,92.1277369189528,7.872263081047194,87,72.7986984381616,2.201301561838406,75,122.82993461086251,2.1700653891374913,76,287.7563699679769,530.1952825770213,630.1952825770213,97.92545117142247,2.0745488285775338,75,72.7986984381616,2.201301561838406,75,122.49795888866579,2.502041111334208,75,293.22210849824984,535.6610211072941,635.6610211072941,242.43891260904434,32.56108739095566,52,True,True,True,0.5444222672555297,45.981232555004055,45.981232555004055,0.9194681189985328,100.0,630.1952825770213,576.1765151320253,92,57,57,57,60,635.6610211072941,581.6422536622981,75,50,50,50,44,-5.465738530272915,-5.465738530272802,-5.465738530272802
tenpower_30xg_110s5p,tenpower_30xg,Tenpower,INR18650-30XG,110,5,550,33.0,255.88515114,5.94,5.822025,26.9296875,121,1.0,80.0,79.99999999010521,70.78139765684563,3471.857362953549,terminal_power_limit+motor_voltage,True,1265.9179123705112,66.43682172425028,0.1278125778792238,0.9077926336496414,100.0,4.253919005230738,True,4.789449818480996,True,52.10850946981813,True,4.24107573607186,True,4.789449818480996,True,52.10039502904877,True,5.097698144003747,99.79892962439132,0.2010703756086798,4,72.44579423048144,2.5542057695185605,91,123.35723393816374,1.6427660618362552,47,295.6019577930365,538.8537647711507,638.8537647711507,97.5867640441242,2.4132359558758054,91,72.44579423048144,2.5542057695185605,91,122.09558627569156,2.9044137243084407,91,292.1281445502972,535.3799515284114,635.3799515284114,243.25180697811427,31.748193021885726,50,True,True,True,0.5375091464266362,44.73025049310689,44.73025049310689,0.9077926336496414,100.0,638.8537647711507,583.5840152642576,10,45,45,45,37,635.3799515284114,580.1102020215183,91,51,51,51,53,3.473813242739311,3.473813242739311,3.473813242739311
molicel_p30b_140s4p,molicel_p30b,Molicel,INR-18650-P30B,140,4,560,32.9,255.78515114,6.048,5.92788,26.4375,121,1.0,80.0,61.563598687449584,54.70931529783139,3471.857362953549,bus_current+motor_voltage,False,1268.4089068021613,66.56755196461931,0.1268517335656943,0.9128724573009608,100.0,4.307482212080979,True,4.789241581985064,True,52.15104319585768,True,4.240830889010033,True,4.789241581985064,True,52.097721304490925,True,5.059375669369178,96.23882466436055,3.76117533563945,47,72.4628437318839,2.5371562681161066,90,123.04715535794404,1.9528446420559646,62,291.7488237541885,533.4809710855562,633.4809710855562,97.60316597367542,2.3968340263245835,90,72.4628437318839,2.5371562681161066,90,122.11503341335266,2.8849665866473373,90,292.181043118912,533.9131904502797,633.9131904502797,241.73214733136774,33.26785266863226,53,True,True,True,0.5405169387060704,45.274533499380816,45.274533499380816,0.9128724573009608,100.0,633.4809710855562,578.7555045849371,51,53,53,53,54,633.9131904502797,579.1877239496605,90,54,54,54,55,-0.432219364723494,-0.43221936472343714,-0.43221936472343714
ampace_jp30_110s5p,ampace_jp30,Ampace,JP30P1 (JP30),110,5,550,34.375,257.26015114,6.072,5.822025,26.9296875,121,1.0,80.0,75.49971629871892,67.06426267192802,3471.857362953549,bus_current+motor_voltage,False,1267.056989871629,66.49660181593899,0.1279983975259486,0.9056598440762856,100.0,4.265512920580246,True,4.792308223422447,True,52.1511303211926,True,4.244442034144069,True,4.792308223422447,True,52.13710064343162,True,5.105109405742977,99.02075227115796,0.97924772884204,19,72.21198502175675,2.788014978243254,100,123.0465207175326,1.9534792824673985,63,294.2792580104473,536.8354162814338,636.8354162814338,97.36145275033134,2.6385472496686617,100,72.21198502175675,2.788014978243254,100,121.8288123540498,3.171187645950198,100,291.4022501261379,533.9584083971245,633.9584083971245,242.55615827098657,32.44384172901343,51,True,True,True,0.5362463096723072,44.50173052855381,44.50173052855381,0.9056598440762856,100.0,636.8354162814338,581.3371468099876,27,48,48,48,47,633.9584083971245,578.4601389256783,100,53,53,53,59,2.8770078843093643,2.8770078843093643,2.8770078843093643
molicel_p30b_110s5p,molicel_p30b,Molicel,INR-18650-P30B,110,5,550,32.3125,255.19765114,5.94,5.822025,25.59375,121,1.0,80.0,60.46424978442319,53.81760440493093,3471.857362953549,bus_current+motor_voltage,False,1271.9765205900371,66.75478442170828,0.1243823801717733,0.9283844032314386,100.0,4.311551732792083,True,4.788017217471963,True,52.14079674248789,True,4.239392436094171,True,4.788017217471963,True,52.08200127670818,True,4.96088756732201,95.97195751904634,4.028042480953658,51,72.56313438477947,2.436865615220526,83,123.12180760640685,1.878192393593153,58,291.6568995102327,531.2229500525274,631.2229500525274,97.69956399147179,2.3004360085282087,83,72.56313438477947,2.436865615220526,83,122.229412252634,2.770587747365994,83,292.49211062888526,532.0581611711799,632.0581611711799,239.56605054229468,35.433949457705324,56,True,True,True,0.5497016495171576,46.936577133908486,46.936577133908486,0.9283844032314386,100.0,631.2229500525274,578.1595271864359,53,56,56,56,56,632.0581611711799,578.9947383050884,83,57,57,57,57,-0.8352111186525804,-0.8352111186525235,-0.8352111186525235
molicel_p50b_110s3p,molicel_p50b,Molicel,INR-21700-P50B,110,3,330,29.287499999999994,252.17265114,5.94,5.822025,24.8203125,121,1.0,80.0,67.1932790687109,59.53982179928519,3471.857362953549,bus_current+motor_voltage,False,1273.5858457030831,66.8392436465814,0.1223459444898238,0.9426446171825096,100.0,4.276481961486742,True,4.7816861728092,True,52.03347062192884,True,4.231984755067106,True,4.7816861728092,True,52.00073402930352,True,4.879666027403875,98.28840057658256,1.7115994234174394,29,73.08295524837017,1.917044751629831,67,123.90551683771736,1.0944831622826428,28,295.2768726626701,533.8697842171423,633.8697842171423,98.19702790968628,1.802972090313716,67,73.08295524837017,1.917044751629831,67,122.82181515814044,2.1781848418595615,67,294.1017983161969,532.694709870669,632.694709870669,238.59291155447215,36.40708844552785,57,True,True,True,0.5581452027523117,48.464502639232286,48.464502639232286,0.9426446171825096,100.0,633.8697842171423,582.3342868563745,14,52,52,52,43,632.694709870669,581.1592125099013,67,56,56,56,45,1.1750743464731954,1.1750743464732523,1.1750743464732523
tenpower_30xg_135s4p,tenpower_30xg,Tenpower,INR18650-30XG,135,4,540,32.400000000000006,255.28515114,5.832,5.71617,25.9453125,121,1.0,80.0,79.99999996962386,71.42020614690306,3471.857362953549,terminal_power_limit+motor_voltage,True,1270.4551890976609,66.674943202815,0.1253792436460121,0.9221058910998902,100.0,4.251158272812923,True,4.788199675565711,True,52.0915505970188,True,4.239606660214734,True,4.788199675565711,True,52.08434385058205,True,5.000646636161496,99.98485418552909,0.015145814470912455,2,72.54818392350819,2.4518160764918093,85,123.48100839670774,1.518991603292264,41,296.014046505745,536.5022942749629,636.5022942749629,97.68520360228008,2.314796397719917,85,72.54818392350819,2.4518160764918093,85,122.2123633197164,2.7876366802835975,85,292.4457508455047,532.9339986147226,632.9339986147226,240.48824776921785,34.51175223078215,54,True,True,True,0.5459841070172916,46.26385939950472,46.26385939950472,0.9221058910998902,100.0,636.5022942749629,582.7661536744675,8,49,49,49,39,632.9339986147226,579.1978580142272,85,55,55,55,54,3.5682956602403237,3.5682956602403237,3.5682956602403237
tenpower_60xg_135s2p,tenpower_60xg,Tenpower,INR21700-60XG,135,2,270,25.65,248.53515114,5.832,5.71617,24.1875,121,1.0,80.0,40.71740279915522,35.91231496576389,3471.857362953549,bus_current+motor_voltage,False,1274.266992332757,66.87499100173096,0.1204460916799745,0.9570015645688013,100.0,4.471878038643241,True,4.774011455909234,True,52.22616477511524,True,4.223073376092877,True,4.774011455909234,True,51.90226411693299,True,4.803891981505195,85.84473914139261,14.155260858607392,106,73.71587566973872,1.2841243302612781,53,122.50073916287211,2.499260837127892,95,282.06135397400345,520.2431249360857,620.2431249360857,98.79778543450277,1.2022145654972292,53,73.71587566973872,1.2841243302612781,53,123.54210375901441,1.4578962409855905,53,296.0557648632559,534.237535825338,634.237535825338,238.18177096208217,36.81822903791783,58,True,True,True,0.5666460324008987,50.002792749420934,50.002792749420934,0.9570015645688013,100.0,620.2431249360857,570.2459176855066,110,64,64,64,70,634.237535825338,584.2403285747589,53,52,52,52,27,-13.994410889252435,-13.994410889252322,-13.994410889252322
ampace_jp30_135s4p,ampace_jp30,Ampace,JP30P1 (JP30),135,4,540,33.75,256.63515114,5.961600000000001,5.71617,25.875,121,1.0,80.0,74.12699333348714,66.08527449307071,3471.857362953549,bus_current+motor_voltage,False,1271.9402429540887,66.75288052982988,0.1253589386884553,0.921178469651326,100.0,4.265990488865182,True,4.791010064006394,True,52.135984110462985,True,4.2429119553458285,True,4.791010064006394,True,52.12042952209785,True,4.9998367898524005,98.98878884875191,1.0112111512480908,20,72.31811881513593,2.681881184864068,94,123.15688096908555,1.8431190309144512,57,294.4637886329734,534.0518041939997,634.0518041939997,97.46381885998954,2.5361811400104557,94,72.31811881513593,2.681881184864068,94,121.94993036157855,3.050069638421448,94,291.73186803670404,531.3198835977304,631.3198835977304,239.5880155610263,35.41198443897369,55,True,True,True,0.5454349755386725,46.16448986056877,46.16448986056877,0.921178469651326,100.0,634.0518041939997,580.2162940545685,24,51,51,51,52,631.3198835977304,577.4843734582992,94,58,58,58,63,2.731920596269333,2.731920596269333,2.731920596269333
molicel_p30b_135s4p,molicel_p30b,Molicel,INR-18650-P30B,135,4,540,31.725,254.61015114,5.832,5.71617,24.609375,121,1.0,80.0,59.36489795557949,52.73993794468134,3471.857362953549,bus_current+motor_voltage,False,1277.0230737183974,67.01963330901332,0.1221999199104947,0.9412307953825988,100.0,4.315527459705036,True,4.786791175931363,True,52.1308608399582,True,4.237953980156762,True,4.786791175931363,True,52.06626083858491,True,4.873841958760738,95.71172713605165,4.28827286394835,54,72.66363953207318,2.3363604679268235,81,123.19422531033891,1.8057746896610922,54,291.56959197846373,528.0922679095586,628.0922679095586,97.7960276510931,2.203972348906902,81,72.66363953207318,2.3363604679268235,81,122.344008799335,2.6559912006649995,81,292.8036759825013,529.3263519135962,629.3263519135962,236.52267593109485,38.47732406890515,59,True,True,True,0.5573080708780267,48.31301722705839,48.31301722705839,0.9412307953825988,100.0,628.0922679095586,576.405285136617,55,59,59,59,59,629.3263519135962,577.6393691406546,81,59,59,59,61,-1.2340840040375838,-1.2340840040376406,-1.2340840040376406
tenpower_30xg_130s4p,tenpower_30xg,Tenpower,INR18650-30XG,130,4,520,31.200000000000003,254.08515114,5.616,5.50446,24.046875,121,1.0,80.0,78.4187035926393,69.97762573812624,3471.857362953549,bus_current+motor_voltage,False,1279.7552138876815,67.16301915384467,0.1204797870500452,0.9526309667818876,100.0,4.250933535449968,True,4.785694133514616,True,52.06129743624975,True,4.236668405225029,True,4.785694133514616,True,52.05217763605944,True,4.805235893257239,100.0,0.0,1,72.75363542411444,2.246364575885565,77,123.70201155048474,1.297988449515259,31,296.4556469745992,531.340693125807,631.340693125807,97.88229445589866,2.117705544101341,77,72.75363542411444,2.246364575885565,77,122.4465987685705,2.553401231429504,77,293.0825286485836,527.9675747997915,627.9675747997915,234.88504615120783,40.11495384879217,60,True,True,True,0.5640581767621353,49.53450048851586,49.53450048851586,0.9526309667818876,100.0,631.340693125807,580.8751936143228,6,55,55,55,48,627.9675747997915,577.5020752883073,77,61,61,61,62,3.3731183260155717,3.373118326015515,3.373118326015515
tenpower_60xg_130s2p,tenpower_60xg,Tenpower,INR21700-60XG,130,2,260,24.7,247.58515114,5.616,5.50446,22.4296875,121,1.0,80.0,39.209351952698,34.56708888175716,3471.857362953549,bus_current+motor_voltage,False,1283.983544176625,67.38492676953813,0.1158574268599671,0.9873757509265212,100.0,4.492066311115839,True,4.771995530701052,True,52.247235812819895,True,4.220745079173798,True,4.771995530701052,True,51.87640766997247,True,4.620876909557337,84.62076571369418,15.379234286305817,111,73.88263210055315,1.1173678994468474,47,122.34775570987445,2.6522442901255516,106,280.8511535241218,513.2155009519988,613.2155009519988,98.95516474606669,1.0448352539333143,47,73.88263210055315,1.1173678994468474,47,123.73169200839418,1.2683079916058233,47,296.569488855014,528.933836282891,628.933836282891,232.36434742787696,42.635652572123035,62,True,True,True,0.5846307597244769,53.25726664431873,53.25726664431873,0.9873757509265212,100.0,613.2155009519988,566.4727675963176,113,68,68,68,75,628.933836282891,582.1911029272097,47,60,60,60,41,-15.718335330892216,-15.71833533089216,-15.71833533089216
ampace_jp30_130s4p,ampace_jp30,Ampace,JP30P1 (JP30),130,4,520,32.5,255.38515114,5.7408,5.50446,23.9765625,121,1.0,80.0,71.38154921987862,63.62047628499047,3471.857362953549,bus_current+motor_voltage,False,1281.2522908097658,67.24158746511357,0.1204278508444158,0.9519282223237068,100.0,4.269829812877932,True,4.7884081536125365,True,52.10794604065179,True,4.239851483779085,True,4.7884081536125365,True,52.08702052192766,True,4.803164460981663,98.73208448102933,1.2679155189706677,24,72.5311035013131,2.4688964986869024,87,123.36134483622527,1.6386551637747289,46,294.6245328185677,528.6152012829913,628.6152012829913,97.66879377407079,2.3312062259292077,87,72.5311035013131,2.4688964986869024,87,122.19288474818858,2.8071152518114246,87,292.39278202357247,526.383450487996,626.383450487996,233.99066846442358,41.00933153557642,61,True,True,True,0.5636420777987035,49.45920420018083,49.45920420018083,0.9519282223237068,100.0,628.6152012829913,578.0744054831721,22,58,58,58,57,626.383450487996,575.8426546881768,87,62,62,62,67,2.2317507949952073,2.231750794995264,2.231750794995264
molicel_p30b_130s4p,molicel_p30b,Molicel,INR-18650-P30B,130,4,520,30.55,253.43515114,5.616,5.50446,22.8515625,121,1.0,80.0,57.16619937383081,50.770172165169065,3471.857362953549,bus_current+motor_voltage,False,1286.2915831395203,67.50605529739296,0.1175159018251379,0.9716944632135548,100.0,4.324901702313785,True,4.784334003190475,True,52.11286175719434,True,4.235076713153367,True,4.784334003190475,True,52.03471859808917,True,4.687023801296093,95.10003203190816,4.899967968091843,62,72.8652997060288,2.134700293971207,73,123.32548172670012,1.6745182732998813,49,291.29081346463704,522.2862264419314,622.2862264419314,97.98917541085297,2.0108245891470347,73,72.8652997060288,2.134700293971207,73,122.57385731660023,2.4261426833997746,73,293.42833243348196,524.4237454107763,624.4237454107763,230.9954129772944,44.00458702270561,63,True,True,True,0.575345780687381,51.57707870778626,51.57707870778626,0.9716944632135548,100.0,622.2862264419314,573.8633051497177,61,63,63,63,63,624.4237454107763,576.0008241185626,73,63,63,63,65,-2.1375189688449154,-2.1375189688449154,-2.1375189688449154
tenpower_30xg_125s4p,tenpower_30xg,Tenpower,INR18650-30XG,125,4,500,30.0,252.88515114,5.4,5.29275,22.21875,121,1.0,80.0,75.4025996104116,67.256069872271,3471.857362953549,bus_current+motor_voltage,False,1289.8671336692155,67.69370428378149,0.1156801523396891,0.9843781492859548,100.0,4.253906410565274,True,4.783181478816006,True,52.03330162745829,True,4.233729833448731,True,4.783181478816006,True,52.019925457236255,True,4.613806463064552,99.79977727802854,0.20022272197145696,3,72.95999447548233,2.0400055245176674,70,123.90675340657596,1.0932465934240412,27,296.66652516008685,525.5508959239235,625.5508959239235,98.07968016945195,1.9203198305480527,70,72.95999447548233,2.0400055245176674,70,122.68175105082918,2.3182489491708225,70,293.72142569576346,522.6057964596001,622.6057964596001,228.88437076383667,46.11562923616333,64,True,True,True,0.5828558628599031,52.9360854883321,52.9360854883321,0.9843781492859548,100.0,625.5508959239235,578.4869814122555,4,61,61,61,55,622.6057964596001,575.5418819479322,70,65,65,65,68,2.945099464323391,2.9450994643233344,2.9450994643233344
tenpower_60xg_125s2p,tenpower_60xg,Tenpower,INR21700-60XG,125,2,250,23.75,246.63515114,5.4,5.29275,20.8125,121,1.0,80.0,37.7012988069242,33.22170644091007,3471.857362953549,bus_current+motor_voltage,False,1294.2716372502414,67.92485767559067,0.1112463045289502,1.0201282310491095,100.0,4.514273619692571,True,4.769974697141824,True,52.27504717480609,True,4.218416302784107,True,4.769974697141824,True,51.850491711649866,True,4.43696613849996,83.28702677516391,16.71297322483609,116,74.05000679352578,0.9499932064742183,39,122.14602384934763,2.8539761506523718,115,279.48305741803733,505.7829970788682,605.7829970788682,99.11275024741644,0.887249752583557,39,74.05000679352578,0.9499932064742183,39,123.92190635372087,1.0780936462791288,39,297.0846633946631,523.3846030554939,623.3846030554939,226.29993966083086,48.70006033916914,66,True,True,True,0.604023688221011,56.76656530657021,56.76656530657021,1.0201282310491095,100.0,605.7829970788682,562.5495623854384,118,73,73,73,81,623.3846030554939,580.1511683620641,39,64,64,64,52,-17.601605976625763,-17.601605976625706,-17.601605976625706
ampace_jp30_125s4p,ampace_jp30,Ampace,JP30P1 (JP30),125,4,500,31.25,254.13515114,5.52,5.29275,22.078125,121,1.0,80.0,68.6361046826523,61.1555150480711,3471.857362953549,bus_current+motor_voltage,False,1291.8590868569304,67.79824426818494,0.1155005495611685,0.9843886523231448,100.0,4.274844626818109,True,4.785798672232065,True,52.080935346541125,True,4.236790846488367,True,4.785798672232065,True,52.05351957969854,True,4.606643155932232,98.39747914251764,1.6025208574823608,28,72.74505692093776,2.254943079062244,78,123.55852490002806,1.4414750999719388,36,294.7010609634834,522.414430340636,622.414430340636,97.8740759413046,2.1259240586954036,78,72.74505692093776,2.254943079062244,78,122.43682090347258,2.5631790965274206,78,293.0559537657149,520.7693231428675,620.7693231428675,227.71336937715265,47.286630622847355,65,True,True,True,0.5828620817675539,52.937210847212455,52.937210847212455,0.9843886523231448,100.0,622.414430340636,575.3516411878485,20,62,62,62,62,620.7693231428675,573.70653399008,78,66,66,66,73,1.6451071977685388,1.6451071977685388,1.6451071977685388
molicel_p30b_125s4p,molicel_p30b,Molicel,INR-18650-P30B,125,4,500,29.375,252.26015114,5.4,5.29275,21.09375,121,1.0,80.0,54.967499899749214,48.80001998990288,3471.857362953549,bus_current+motor_voltage,False,1297.0874309467754,68.07263375332906,0.1127289416453254,1.0045258405419062,100.0,4.335763041344239,True,4.781869945263322,True,52.09751872277353,True,4.23219908051515,True,4.781869945263322,True,52.00309254455314,True,4.496099884190615,94.3946075449793,5.605392455020706,69,73.0678372057983,1.9321627942017017,68,123.43744079745507,1.5625592025449322,42,290.89988554823265,515.5567987778677,615.5567987778677,98.18261038893581,1.8173896110641863,68,73.0678372057983,1.9321627942017017,68,122.80459651952687,2.195403480473132,68,294.05504411426097,518.7119573438961,618.7119573438961,224.65691322963505,50.34308677036495,67,True,True,True,0.5947854246651307,55.094830893483945,55.094830893483945,1.0045258405419062,100.0,615.5567987778677,570.6516296713517,63,67,67,67,67,618.7119573438961,573.80678823738,68,67,67,67,71,-3.1551585660283195,-3.1551585660283763,-3.1551585660283763
tenpower_30xg_120s4p,tenpower_30xg,Tenpower,INR18650-30XG,120,4,480,28.8,251.68515114,5.184,5.08104,20.53125,121,1.0,80.0,72.38649572239264,64.53253967495849,3471.857362953549,bus_current+motor_voltage,False,1300.73875817613,68.26425958769244,0.1106508556700426,1.0205186264302508,100.0,4.258063676895663,True,4.780661584185713,True,52.00637505345303,True,4.230790796921887,True,4.780661584185713,True,51.98758499562149,True,4.413217157036099,99.52025482021891,0.47974517978109077,7,73.1672749999779,1.8327250000220943,65,124.10388358747852,0.8961164125214793,24,296.79141340767535,519.3283560945013,619.3283560945013,98.27737136123196,1.7226286387680432,65,73.1672749999779,1.8327250000220943,65,122.91783997513264,2.0821600248673633,65,294.3624863363425,516.8994290231684,616.8994290231684,222.5369426868259,52.46305731317409,68,True,True,True,0.6042548435314947,56.80839462708761,56.80839462708761,1.0205186264302508,100.0,619.3283560945013,576.1367507215889,2,65,65,65,61,616.8994290231684,573.707823650256,65,69,69,69,72,2.4289270713328506,2.4289270713328506,2.4289270713328506
ampace_jp30_120s4p,ampace_jp30,Ampace,JP30P1 (JP30),120,4,480,30.0,252.88515114,5.2992,5.08104,20.4609375,121,1.0,80.0,65.89066171377698,58.69026169364111,3471.857362953549,bus_current+motor_voltage,False,1302.3124816039146,68.34685039535327,0.110536436890222,1.020340510175154,100.0,4.28119725870837,True,4.783181478816006,True,52.05520595570255,True,4.233729833448731,True,4.783181478816006,True,52.019925457236255,True,4.408653659364672,97.97473552616727,2.025264473832735,31,72.95999447548233,2.0400055245176674,70,123.74654165286985,1.2534583471301488,29,294.68127165451943,516.3081721475446,616.3081721475446,98.07968016945195,1.9203198305480527,70,72.95999447548233,2.0400055245176674,70,122.68175105082918,2.3182489491708225,70,293.72142569576346,515.3483261887886,615.3483261887886,221.62690049302523,53.37309950697477,69,True,True,True,0.6041493798906882,56.78931017505837,56.78931017505837,1.020340510175154,100.0,616.3081721475446,573.097482322603,21,66,66,66,66,615.3483261887886,572.137636363847,70,71,71,71,80,0.9598459587559773,0.9598459587559773,0.9598459587559773
tenpower_60xg_120s2p,tenpower_60xg,Tenpower,INR21700-60XG,120,2,240,22.8,245.68515114,5.184,5.08104,19.3359375,121,1.0,80.0,36.1932463928674,31.87617373504757,3471.857362953549,bus_current+motor_voltage,False,1305.3597152790214,68.50677270820381,0.1065518634921474,1.056025823531576,100.0,4.538728515467559,True,4.767948885394424,True,52.31009193549089,True,4.21608698386188,True,4.767948885394424,True,51.82451688873989,True,4.249732270303843,81.83340080948949,18.16659919051051,120,74.21800745403563,0.7819925459643713,31,121.89212942122609,3.1078705787739125,121,277.94353768475116,497.8145423254167,597.8145423254167,99.27054660838505,0.7294533916149533,31,74.21800745403563,0.7819925459643713,31,124.1127436353138,0.8872563646861948,31,297.6012976977345,517.4723023384,617.4723023384,219.87100464066557,55.128995359334425,70,True,True,True,0.6252788555122987,60.61285031476674,60.61285031476674,1.056025823531576,100.0,597.8145423254167,558.4273926401835,122,81,81,81,92,617.4723023384,578.0851526531668,31,68,68,68,60,-19.657760012983317,-19.657760012983317,-19.657760012983317
molicel_p30b_120s4p,molicel_p30b,Molicel,INR-18650-P30B,120,4,480,28.2,251.08515114,5.184,5.08104,19.6171875,121,1.0,80.0,52.76879985252664,46.83037981801933,3471.857362953549,bus_current+motor_voltage,False,1307.6695000800091,68.62799285964098,0.1078129740645711,1.0418297933404912,100.0,4.348298318809328,True,4.779398881463689,True,52.08542662555422,True,4.229321124218751,True,4.779398881463689,True,51.971381365605225,True,4.3000306144191045,93.58484437192548,6.4151556280745154,76,73.27126524343586,1.7287347565641369,63,123.52572405571674,1.4742759442832636,37,290.3818336710781,508.9273322393816,608.9273322393816,98.37633039434102,1.623669605658975,63,73.27126524343586,1.7287347565641369,63,123.03623874285532,1.9637612571446823,63,294.6838343806322,513.2293329489357,613.2293329489357,218.5454985683035,56.454501431696514,71,True,True,True,0.6168733058440011,59.09180184538696,59.09180184538696,1.0418297933404912,100.0,608.9273322393816,568.0191340847686,67,71,71,71,72,613.2293329489357,572.3211347943227,63,73,73,73,79,-4.302000709554136,-4.302000709554136,-4.302000709554136
reliance_rs50_140s2p,reliance_rs50,Reliance,INR21700-RS50,140,2,280,23.450000000000003,246.33515114,5.04,4.9399,19.125,121,1.0,80.0,43.18836112660906,38.12504041954178,3471.857362953549,bus_current+motor_voltage,False,1308.0647159613304,68.64873424167955,0.1059517131617974,1.0598113817764678,100.0,4.4308724985628185,True,4.769335508264447,True,52.09859561749669,True,4.217680811146199,True,4.769335508264447,True,51.842295419469735,True,4.225795774569916,88.36515540707771,11.634844592922292,96,74.10299163977922,0.8970083602207808,38,123.4295804782818,1.5704195217181933,43,285.89772752513875,504.2168942998455,604.2168942998455,99.16255624243902,0.8374437575609761,38,74.10299163977922,0.8970083602207808,38,123.98210394274233,1.0178960572576727,38,297.2476518249606,515.5668185996674,615.5668185996674,218.31916677470673,56.68083322529327,72,True,True,True,0.6275203059333927,61.01845790341196,61.01845790341196,1.0598113817764678,100.0,604.2168942998455,565.2353522032574,97,75,75,75,76,615.5668185996674,576.5852765030793,38,70,70,70,64,-11.34992429982185,-11.34992429982185,-11.34992429982185
ampace_jp50_140s2p,ampace_jp50,Ampace,JP50P1 (JP50),140,2,280,25.2,248.08515114,5.012,4.9399,19.0546875,121,1.0,80.0,43.18836112660906,38.12504041954178,3471.857362953549,bus_current+motor_voltage,False,1310.2333090686686,68.76254449134643,0.1058727768692295,1.058846129977293,100.0,4.436313024369413,True,4.773057151426101,True,52.1483920696635,True,4.2219705882698175,True,4.773057151426101,True,51.89002377416945,True,4.222647466329875,88.0280712195753,11.971928780424705,98,73.7947889729325,1.2052110270675058,49,123.06646776767055,1.9335322323294548,61,284.8893279601783,501.96901734573237,601.9690173457324,98.87230583135184,1.127694168648162,49,73.7947889729325,1.2052110270675058,49,123.63183055792868,1.36816944207132,49,296.298925362213,513.3786147477671,613.3786147477671,217.07968938555402,57.92031061444598,73,True,True,True,0.626948774890477,60.915034992081274,60.915034992081274,1.058846129977293,100.0,601.9690173457324,562.8840523378136,98,77,77,77,79,613.3786147477671,574.2936497398483,49,72,72,72,70,-11.409597402034706,-11.409597402034706,-11.409597402034706
tenpower_50xg_140s2p,tenpower_50xg,Tenpower,INR21700-50XG,140,2,280,26.25,249.13515114,5.04,4.9399,19.0546875,121,1.0,80.0,43.18836112660906,38.12504041954178,3471.857362953549,bus_current+motor_voltage,False,1311.15112549299,68.81071254834474,0.1059688778980646,1.057145355169637,100.0,4.439576375431791,True,4.775282174005206,True,52.178196703937374,True,4.224543682909956,True,4.775282174005206,True,51.91856408229543,True,4.226480375770077,87.82627685968441,12.173723140315587,99,73.61087093850045,1.3891290614995455,55,122.84946573717153,2.1505342628284723,74,284.2866135353564,500.842952184396,600.8429521843959,98.69849062059927,1.301509379400727,55,73.61087093850045,1.3891290614995455,55,123.4226839222196,1.5773160777803952,55,295.73204548131935,512.288384130359,612.288384130359,216.55633864903956,58.44366135096044,74,True,True,True,0.6259417365193327,60.7328037004368,60.7328037004368,1.057145355169637,100.0,600.8429521843959,561.5757558848328,101,80,80,80,84,612.288384130359,573.0211878307957,55,74,74,74,74,-11.445431945962923,-11.445431945963037,-11.445431945962923
tenpower_30xg_115s4p,tenpower_30xg,Tenpower,INR18650-30XG,115,4,460,27.6,250.48515114,4.968,4.86933,18.984375,121,1.0,80.0,69.37039194544059,61.80802260200422,3471.857362953549,bus_current+motor_voltage,False,1312.703331886886,68.89217411742656,0.1056993587216043,1.058587724736049,100.0,4.263585319395072,True,4.778134319933969,True,51.98069282775252,True,4.227851221668548,True,4.778134319933969,True,51.95515538820591,True,4.215730828046271,99.14983849771143,0.8501615022885716,15,73.37549120613231,1.6245087938676903,61,124.29209415279557,0.7079058472044295,21,296.8174238566393,512.4903398533778,612.4903398533778,98.47537371979986,1.5246262802001382,61,73.37549120613231,1.6245087938676903,61,123.1548748059205,1.8451251940795004,61,295.00573973185266,510.67865572859114,610.6786557285911,215.67291599673848,59.32708400326152,75,True,True,True,0.626795771687427,60.88734789284406,60.88734789284406,1.058587724736049,100.0,612.4903398533778,573.3776877462219,1,69,69,69,65,610.6786557285911,571.5660036214352,61,76,76,76,81,1.811684124786666,1.811684124786666,1.811684124786666
molicel_p50b_140s2p,molicel_p50b,Molicel,INR-21700-P50B,140,2,280,24.85,247.73515114,5.04,4.9399,18.2109375,121,1.0,80.0,57.01247847701365,50.598527745059535,3471.857362953549,bus_current+motor_voltage,False,1317.859145975112,69.16275714502702,0.1030654015705165,1.0813938590558123,100.0,4.310379474798774,True,4.772314159220919,True,51.95794469881383,True,4.221112751188299,True,4.772314159220919,True,51.8804942383736,True,4.110677642332629,96.04877906388326,3.9512209361167407,49,73.85626123045316,1.143738769546843,48,124.45895776559865,0.5410422344013455,15,294.36399805993506,507.1174705953483,607.1174705953483,98.93030071573672,1.0696992842632795,48,73.85626123045316,1.143738769546843,48,123.701715327756,1.2982846722439945,48,296.48827727394587,509.24174980935913,609.2417498093591,212.7534725354133,62.246527464586705,78,True,True,True,0.6402994126480546,63.33093495434041,63.33093495434041,1.0813938590558123,100.0,607.1174705953483,570.4484055496887,25,72,72,72,69,609.2417498093591,572.5726847636995,48,78,78,78,77,-2.124279214010812,-2.124279214010812,-2.124279214010812
tenpower_60xg_115s2p,tenpower_60xg,Tenpower,INR21700-60XG,115,2,230,21.85,244.73515114,4.968,4.86933,17.953125,121,1.0,80.0,34.68519480041022,30.530464366261548,3471.857362953549,bus_current+motor_voltage,False,1317.4610903773064,69.14186673141542,0.101772290826338,1.0954648466377306,100.0,4.5656911485349045,True,4.765918024549452,True,52.35463818270997,True,4.213757209193512,True,4.765918024549452,True,51.79848167943384,True,4.0591029980372975,80.24876120283088,19.751238797169123,124,74.38664191600611,0.6133580839938872,23,121.56988866706122,3.430111332938779,126,276.2052917858982,489.1833465284765,589.1833465284765,99.42854835063099,0.5714516493690098,23,74.38664191600611,0.6133580839938872,23,124.30421663851068,0.695783361489319,23,298.1194069051478,511.09746164772605,611.097461647726,212.97805474257828,62.02194525742172,77,True,True,True,0.6486309238811098,64.83858560287031,64.83858560287031,1.0954648466377306,100.0,589.1833465284765,554.0219321313468,126,90,90,90,100,611.097461647726,575.9360472505964,23,75,75,75,66,-21.914115119249573,-21.914115119249573,-21.914115119249573
ampace_jp30_115s4p,ampace_jp30,Ampace,JP30P1 (JP30),115,4,460,28.75,251.63515114,5.0784,4.86933,18.9140625,121,1.0,80.0,63.145217396867935,56.22507970058907,3471.857362953549,bus_current+motor_voltage,False,1314.3457534648496,68.97837028267942,0.1055839809935914,1.0584202358938362,100.0,4.28907789753013,True,4.780556429552792,True,52.03148209961229,True,4.23066833356112,True,4.780556429552792,True,51.98623553654855,True,4.211129083525429,97.45204913572229,2.547950864277709,35,73.17593189456284,1.8240681054371635,64,123.92006779167431,1.0799322083256868,26,294.54804882195947,509.28846913364896,609.288469133649,98.28561469094203,1.714385309057974,64,73.17593189456284,1.8240681054371635,64,122.92769755879864,2.0723024412013586,64,294.3892441443035,509.12966445599307,609.1296644559931,214.74042031168952,60.25957968831048,76,True,True,True,0.6266966005978227,60.8694021260588,60.8694021260588,1.0584202358938362,100.0,609.288469133649,570.1578712597078,23,70,70,70,71,609.1296644559931,569.9990665820519,64,79,79,79,86,0.15880467765595085,0.158804677655894,0.158804677655894
molicel_p30b_115s4p,molicel_p30b,Molicel,INR-18650-P30B,115,4,460,27.025,249.91015114,4.968,4.86933,18.2109375,121,1.0,80.0,50.57009997159064,44.86023808588162,3471.857362953549,bus_current+motor_voltage,False,1319.5084280495334,69.24931335699037,0.1030581886332408,1.0801177925720924,100.0,4.36272395419137,True,4.776920688866225,True,52.077004475181866,True,4.226442610254407,True,4.776920688866225,True,51.93958440990504,True,4.110389960340969,92.65872530425818,7.3412746957418165,84,73.47559729755915,1.5244027024408524,59,123.58723760107326,1.4127623989267448,34,289.7215602028906,501.5459547349157,601.5459547349158,98.57035183761387,1.4296481623861297,59,73.47559729755915,1.5244027024408524,59,123.26879154612443,1.731208453875567,59,295.31474068129745,507.13913521332256,607.1391352133226,211.8243945320251,63.17560546797489,80,True,True,True,0.639543846474654,63.19420947927712,63.19420947927712,1.0801177925720924,100.0,601.5459547349158,564.7401642141929,74,78,78,78,78,607.1391352133226,570.3333446925997,59,81,81,81,84,-5.59318047840685,-5.5931804784067936,-5.5931804784067936
reliance_rs50_135s2p,reliance_rs50,Reliance,INR21700-RS50,135,2,270,22.6125,245.49765114,4.86,4.763475,17.953125,121,1.0,80.0,41.64592319081573,36.74879940428538,3471.857362953549,bus_current+motor_voltage,False,1318.409905010128,69.19166160989384,0.1017745583652677,1.0946520885469833,100.0,4.448787135136026,True,4.767548459780807,True,52.11226852198271,True,4.21562715501422,True,4.767548459780807,True,51.81938319417643,True,4.059193436937641,87.25831230216357,12.741687697836426,100,74.25124012005844,0.7487598799415593,30,123.3298093754765,1.6701906245234994,48,284.83936179769853,497.2823207656131,597.2823207656131,99.30171766225443,0.6982823377455674,30,74.25124012005844,0.7487598799415593,30,124.15048358287318,0.8495164171268215,30,297.70344136518605,510.14640033310064,610.1464003331007,212.4429589679146,62.55704103208541,79,True,True,True,0.6481496852243775,64.75150178906694,64.75150178906694,1.0946520885469833,100.0,597.2823207656131,562.03382255468,99,82,82,82,83,610.1464003331007,574.8979021221676,30,77,77,77,69,-12.864079567487522,-12.864079567487579,-12.864079567487579
ampace_jp50_135s2p,ampace_jp50,Ampace,JP50P1 (JP50),135,2,270,24.3,247.18515114,4.833,4.763475,17.90625,121,1.0,80.0,41.64592319081573,36.74879940428538,3471.857362953549,bus_current+motor_voltage,False,1320.3717864395217,69.29462339398351,0.1017763151725151,1.0930067267174557,100.0,4.45412875034568,True,4.771145255668538,True,52.16076822566532,True,4.219764532127738,True,4.771145255668538,True,51.86550282173499,True,4.059263505730503,86.93000756587844,13.06999243412156,103,73.9530298574697,1.0469701425302986,42,122.97632915653764,2.023670843462355,68,283.8593665798858,495.19833726004595,595.198337260046,99.02149598716875,0.9785040128312517,42,73.9530298574697,1.0469701425302986,42,123.81170673147724,1.1882932685227559,42,296.7862325761157,508.1252032562759,608.1252032562759,211.3389706801602,63.6610293198398,81,True,True,True,0.6471754571906064,64.57520777879141,64.57520777879141,1.0930067267174557,100.0,595.198337260046,559.7735450388374,102,83,83,83,88,608.1252032562759,572.7004110350673,42,80,80,80,76,-12.926865996229935,-12.926865996229935,-12.926865996229935
tenpower_50xg_135s2p,tenpower_50xg,Tenpower,INR21700-50XG,135,2,270,25.3125,248.19765114,4.86,4.763475,17.90625,121,1.0,80.0,41.64592319081573,36.74879940428538,3471.857362953549,bus_current+motor_voltage,False,1321.2704407431606,69.34178580094462,0.1018426137595722,1.0915522714463788,100.0,4.457332091879752,True,4.7732958297446,True,52.18978373461909,True,4.222246301271655,True,4.7732958297446,True,51.893085113757245,True,4.061907769619073,86.73350219409042,13.26649780590958,104,73.77504775764012,1.2249522423598762,51,122.76516961775242,2.23483038224758,80,283.273719569483,494.108095059825,594.108095059825,98.85367099826354,1.1463290017364614,51,73.77504775764012,1.2249522423598762,51,123.60938569720315,1.3906143027968483,51,296.2381044531068,507.0724799434489,607.0724799434489,210.83437549034207,64.16562450965793,82,True,True,True,0.6463142660085088,64.4193686509455,64.4193686509455,1.0915522714463788,100.0,594.108095059825,558.5274637107705,105,85,85,85,91,607.0724799434489,571.4918485943945,51,82,82,82,82,-12.964384883623836,-12.964384883623893,-12.964384883624007
molicel_p50b_135s2p,molicel_p50b,Molicel,INR-21700-P50B,135,2,270,23.9625,246.84765114,4.86,4.763475,17.15625,121,1.0,80.0,54.97631961230931,48.77586735441476,3471.857362953549,bus_current+motor_voltage,False,1327.8789394432097,69.688607380535,0.0993036801764942,1.1138891331370868,100.0,4.320829996526894,True,4.770427155441251,True,51.94859960739701,True,4.21893722854293,True,4.770427155441251,True,51.85629382500039,True,3.960644519718616,95.36539597377457,4.634604026225432,59,74.01251364285685,0.9874863571431547,41,124.52754886033034,0.47245113966965846,12,293.90545847696177,501.0501343644163,601.0501343644163,99.07748472186044,0.9225152781395565,41,74.01251364285685,0.9874863571431547,41,123.87930429143455,1.1206957085654494,41,296.96930265615185,504.11397854360644,604.1139785436064,207.14467588745455,67.85532411254545,85,True,True,True,0.6595400479945919,66.81267500688269,66.81267500688269,1.1138891331370868,100.0,601.0501343644163,567.862809371299,33,79,79,79,73,604.1139785436064,570.9266535504892,41,83,83,83,83,-3.0638441791900846,-3.0638441791901414,-3.0638441791901414
tenpower_30xg_110s4p,tenpower_30xg,Tenpower,INR18650-30XG,110,4,440,26.4,249.28515114,4.752,4.65762,17.53125,121,1.0,80.0,66.3542868501042,59.08226917867224,3471.857362953549,bus_current+motor_voltage,False,1325.8421858827396,69.5817162212656,0.1004510316473821,1.1028579011529558,100.0,4.270680454346231,True,4.775599553906865,True,51.956461255964,True,4.224911249024327,True,4.775599553906865,True,51.9226355746674,True,4.0064056768810365,98.67527146452228,1.3247285354777176,25,73.58465759603092,1.4153424039690776,57,124.46984429076322,0.5301557092367801,14,296.7297733513164,505.0077014379766,605.0077014379766,98.6736784305098,1.3263215694902044,57,73.58465759603092,1.4153424039690776,57,123.39286630112778,1.607133698872218,57,295.6512023276685,503.9291304143287,603.9291304143287,208.2779280866602,66.72207191333979,83,True,True,True,0.6530083932223049,65.63072214407646,65.63072214407646,1.1028579011529558,100.0,605.0077014379766,570.6384235820531,3,74,74,74,68,603.9291304143287,569.5598525584052,57,85,85,85,87,1.0785710236478963,1.0785710236478963,1.0785710236478963
ampace_jp30_110s4p,ampace_jp30,Ampace,JP30P1 (JP30),110,4,440,27.5,250.38515114,4.857600000000001,4.65762,17.53125,121,1.0,80.0,60.39977305350645,53.75961951419772,3471.857362953549,bus_current+motor_voltage,False,1326.8150111423977,69.63277120493649,0.1005588541983855,1.100867628078218,100.0,4.298705724781701,True,4.77792337779854,True,52.01015958491428,True,4.227606258500567,True,4.77792337779854,True,51.95244885848109,True,4.010706089463678,96.8160806717616,3.183919328238403,39,73.39288524472246,1.6071147552775358,60,124.07616460153996,0.9238353984600423,25,294.285130518024,502.0213433922904,602.0213433922904,98.49188624865764,1.5081137513423641,60,73.39288524472246,1.6071147552775358,60,123.17467078095162,1.8253292190483847,60,295.05944227433173,502.79565514859814,602.7956551485981,207.73621287426639,67.26378712573361,84,True,True,True,0.6518299412918711,65.41747225849377,65.41747225849377,1.100867628078218,100.0,602.0213433922904,567.4388156507841,26,76,76,76,74,602.7956551485981,568.2131274070919,60,87,87,87,89,-0.7743117563077249,-0.7743117563077249,-0.7743117563077249
tenpower_60xg_110s2p,tenpower_60xg,Tenpower,INR21700-60XG,110,2,220,20.9,243.78515114,4.752,4.65762,16.59375,121,1.0,80.0,33.17714312609969,29.18504566455168,3471.857362953549,bus_current+motor_voltage,False,1331.3927847202908,69.87301800460375,0.0972441144080782,1.1344784980239888,100.0,4.595460076041688,True,4.763882042604086,True,52.41113075850997,True,4.211426708653214,True,4.763882042604086,True,51.77238404814763,True,3.878500455579412,78.52078959533708,21.479210404662922,128,74.55591814459825,0.44408185540174827,14,121.16201781229337,3.837982187706629,128,274.2387255522287,479.4364444605659,579.4364444605659,99.58677421623813,0.4132257837618738,14,74.55591814459825,0.44408185540174827,14,124.49634198547645,0.5036580145235519,14,298.6390343463128,503.83675325465003,603.83675325465,205.19771890833718,69.80228109166282,87,True,True,True,0.6717311272516818,69.01874399414025,69.01874399414025,1.1344784980239888,100.0,579.4364444605659,548.4551884547061,128,99,99,99,110,603.83675325465,572.8554972487902,14,86,86,86,75,-24.40030879408414,-24.40030879408414,-24.40030879408414
reliance_rs50_130s2p,reliance_rs50,Reliance,INR21700-RS50,130,2,260,21.775,244.66015114,4.68,4.58705,16.78125,121,1.0,80.0,40.10348113465109,35.37252967042564,3471.857362953549,bus_current+motor_voltage,False,1330.2851032968322,69.81488561502424,0.0978109186642614,1.1288434774030554,100.0,4.468493842834386,True,4.765757476271325,True,52.13249467350723,True,4.213573251963355,True,4.765757476271325,True,51.796423619310254,True,3.9011069709373047,86.05099833233768,13.949001667662316,105,74.39998239080717,0.6000176091928324,22,123.18231523815159,1.8176847618484118,56,283.6332959612964,489.44365063647246,589.4436506364725,99.44103149038716,0.5589685096128392,22,74.39998239080717,0.6000176091928324,22,124.31936061831443,0.680639381685566,22,298.16037449950875,503.9707291746848,603.9707291746847,205.81035467517603,69.18964532482397,86,True,True,True,0.6683945997102793,68.41497382916998,68.41497382916998,1.1288434774030554,100.0,589.4436506364725,557.8586244656424,103,89,89,89,93,603.9707291746847,572.3857030038548,22,84,84,84,78,-14.527078538212322,-14.527078538212209,-14.527078538212436
molicel_p30b_110s4p,molicel_p30b,Molicel,INR-18650-P30B,110,4,440,25.85,248.73515114,4.752,4.65762,16.875,121,1.0,80.0,48.37139864244466,42.88984600874722,3471.857362953549,bus_current+motor_voltage,False,1332.658927957726,69.93946665164542,0.0983911336828632,1.1201877418630983,100.0,4.379291379493482,True,4.774435242252965,True,52.07239888539719,True,4.223563456642185,True,4.774435242252965,True,51.90769998484319,True,3.9242483633771337,91.60263176579947,8.397368234200528,90,73.68084712010526,1.3191528798947445,54,123.62088423792656,1.3791157620734396,32,288.90436312383133,493.4030516851383,593.4030516851383,98.764680948957,1.2353190510430068,54,73.68084712010526,1.3191528798947445,54,123.50227015758487,1.4977298424151257,54,295.94779822664714,500.4464867879541,600.4464867879541,204.49868856130692,70.50131143869308,89,True,True,True,0.6632694898015633,67.4875460118724,67.4875460118724,1.1201877418630983,100.0,593.4030516851383,560.8905976970107,85,86,86,86,86,600.4464867879541,567.9340327998265,54,90,90,90,91,-7.043435102815806,-7.043435102815806,-7.043435102815806
ampace_jp50_130s2p,ampace_jp50,Ampace,JP50P1 (JP50),130,2,260,23.4,246.28515114,4.654,4.58705,16.734375,121,1.0,80.0,40.10348113465109,35.37252967042564,3471.857362953549,bus_current+motor_voltage,False,1332.3302985578146,69.92221980440365,0.0977856733695328,1.1274016306166008,100.0,4.473737714251389,True,4.769228928364864,True,52.17971773558072,True,4.217558221178192,True,4.769228928364864,True,51.840928837218286,True,3.90010008339761,85.73152891300228,14.268471086997721,107,74.1118285335371,0.888171466462893,34,122.83839803544988,2.1616019645501154,75,282.6817554819893,487.3617507623643,587.3617507623643,99.17085947426041,0.8291405257395894,34,74.1118285335371,0.888171466462893,34,123.99214264438854,1.0078573556114634,34,297.27483065218604,501.9548259325611,601.9548259325611,204.67999528037504,70.32000471962496,88,True,True,True,0.6675408740831507,68.26048565056675,68.26048565056675,1.1274016306166008,100.0,587.3617507623643,555.622236412931,107,92,92,92,97,601.9548259325611,570.2153115831279,34,88,88,88,85,-14.593075170196755,-14.593075170196812,-14.593075170196926
tenpower_50xg_130s2p,tenpower_50xg,Tenpower,INR21700-50XG,130,2,260,24.375,247.26015114,4.68,4.58705,16.6875,121,1.0,80.0,40.10348113465109,35.37252967042564,3471.857362953549,bus_current+motor_voltage,False,1333.777570072244,69.9981742708435,0.0977149983155061,1.1269928353624206,100.0,4.476882501274256,True,4.771304748757689,True,52.20797148702361,True,4.219948395993219,True,4.771304748757689,True,51.86754829753356,True,3.897281267771501,85.54029982019115,14.459700179808848,109,73.93982190276769,1.0601780972323098,44,122.6329284410096,2.3670715589904034,89,282.1130501639684,485.995247150987,585.995247150987,99.00905576728832,0.9909442327116835,44,73.93982190276769,1.0601780972323098,44,123.79669541432703,1.2033045856729672,44,296.745573084383,500.6277700714015,600.6277700714015,203.88219698701855,71.11780301298145,90,True,True,True,0.6672988241039013,68.21668485645102,68.21668485645102,1.1269928353624206,100.0,585.995247150987,554.211932007438,109,93,93,93,98,600.6277700714015,568.8444549278526,44,89,89,89,88,-14.632522920414601,-14.632522920414544,-14.632522920414544
molicel_p50b_130s2p,molicel_p50b,Molicel,INR-21700-P50B,130,2,260,23.075,245.96015114,4.68,4.58705,15.84375,121,1.0,80.0,52.94015686482714,46.95320261246647,3471.857362953549,bus_current+motor_voltage,False,1342.4679754064734,70.45425669471923,0.0955111302157936,1.145533713122987,100.0,4.33270645697113,True,4.768535820675417,True,51.94201921080892,True,4.216761337355116,True,4.768535820675417,True,51.83204200293678,True,3.80938182541654,94.59276961213966,5.407230387860338,66,74.16931085290612,0.830689147093878,33,124.57586245857209,0.4241375414279105,10,293.3379429236179,492.46579054865424,592.4657905486542,99.22484557127338,0.7751544287266228,33,74.16931085290612,0.830689147093878,33,124.05743686712044,0.9425631328795561,33,297.45159329129996,496.57944091633624,596.5794409163362,199.1278476250363,75.87215237496369,91,True,True,True,0.6782769825617601,70.20326655281696,70.20326655281696,1.145533713122987,100.0,592.4657905486542,562.6690571014713,37,87,87,87,80,596.5794409163362,566.7827074691531,33,91,91,91,92,-4.113650367682055,-4.113650367681998,-4.113650367681885
tenpower_30xg_140s3p,tenpower_30xg,Tenpower,INR18650-30XG,140,3,420,25.2,248.08515114,4.536,4.44591,15.9375,121,1.0,80.0,63.338183264094,56.31282054541587,3471.857362953549,bus_current+motor_voltage,False,1343.3882463178984,70.50255356601153,0.0957280041072481,1.1421555260208904,100.0,4.278931247934064,True,4.773057151426101,True,51.93397522533388,True,4.2219705882698175,True,4.773057151426101,True,51.89002377416945,True,3.81803165982482,98.12538595225936,1.8746140477406357,30,73.7947889729325,1.2052110270675058,49,124.6349384298931,0.3650615701069029,7,296.555113355085,495.1831007108825,595.1831007108825,98.87230583135184,1.127694168648162,49,73.7947889729325,1.2052110270675058,49,123.63183055792868,1.36816944207132,49,296.298925362213,494.92691271801056,594.9269127180105,198.62798735579753,76.37201264420247,92,True,True,True,0.6762767388955196,69.84130717038697,69.84130717038697,1.1421555260208904,100.0,595.1831007108825,565.0244078812694,5,84,84,84,77,594.9269127180105,564.7682198883975,49,93,93,93,98,0.2561879928719577,0.25618799287201455,0.25618799287190086
reliance_rs50_125s2p,reliance_rs50,Reliance,INR21700-RS50,125,2,250,20.9375,243.82265114,4.5,4.410625,15.421875,121,1.0,80.0,38.56103950150256,33.996298228037006,3471.857362953549,bus_current+motor_voltage,False,1345.9564195907924,70.63733424035144,0.0936393934203817,1.1654031932064126,100.0,4.490190693259821,True,4.763962508299258,True,52.15978738099321,True,4.211518718837929,True,4.763962508299258,True,51.77341541449203,True,3.734729163320555,84.73401679456099,15.265983205439014,110,74.54922392184709,0.4507760781529129,15,122.98347133066405,2.0165286693359548,67,282.26671204707213,479.5033692983567,579.5033692983567,99.58052400136376,0.4194759986362442,15,74.54922392184709,0.4507760781529129,15,124.48874560439755,0.5112543956024496,15,298.6184935276084,495.85515077889295,595.855150778893,197.23665725128458,77.76334274871542,94,True,True,True,0.6900418139601444,72.33220273155565,72.33220273155565,1.1654031932064126,100.0,579.5033692983567,551.8355720299123,108,98,98,98,103,595.855150778893,568.1873535104486,15,92,92,92,90,-16.35178148053626,-16.35178148053626,-16.35178148053626
ampace_jp30_140s3p,ampace_jp30,Ampace,JP30P1 (JP30),140,3,420,26.25,249.13515114,4.6368,4.44591,15.84375,121,1.0,80.0,57.654325403491285,51.17813733069747,3471.857362953549,bus_current+motor_voltage,False,1345.5126883350845,70.61404671590702,0.0955425324276233,1.1425658719685654,100.0,4.310392340513554,True,4.775282174005206,True,51.99217216699586,True,4.224543682909956,True,4.775282174005206,True,51.91856408229543,True,3.810634276463363,96.0479357086349,3.9520642913651045,50,73.61087093850045,1.3891290614995455,55,124.20794556092058,0.792054439079422,23,293.8667522080559,491.34342514650797,591.343425146508,98.69849062059927,1.301509379400727,55,73.61087093850045,1.3891290614995455,55,123.4226839222196,1.5773160777803952,55,295.73204548131935,493.2087184197714,593.2087184197715,197.47667293845205,77.52332706154795,93,True,True,True,0.6765197070491472,69.8852741151755,69.8852741151755,1.1425658719685654,100.0,591.343425146508,561.2286992616835,34,88,88,88,85,593.2087184197715,563.0939925349469,55,95,95,95,101,-1.8652932732634326,-1.8652932732634326,-1.8652932732634326
ampace_jp50_125s2p,ampace_jp50,Ampace,JP50P1 (JP50),125,2,250,22.5,245.38515114,4.475,4.410625,15.421875,121,1.0,80.0,38.56103950150256,33.996298228037006,3471.857362953549,bus_current+motor_voltage,False,1347.3610394399288,70.71105029855354,0.0937741559645697,1.1625152125798226,100.0,4.495333738259832,True,4.767308109777137,True,52.20566672339236,True,4.215351276535004,True,4.767308109777137,True,51.81630187327428,True,3.740104055078372,84.42370195808165,15.57629804191835,112,74.27119159563067,0.7288084043693317,26,122.64968102926898,2.350318970731024,87,281.3445745829813,477.8225106316843,577.8225106316843,99.32042228211962,0.6795777178803775,26,74.27119159563067,0.7288084043693317,26,124.17313925987067,0.8268607401293337,26,297.76475313762097,494.242689186324,594.242689186324,196.47793604870301,78.52206395129699,95,True,True,True,0.6883318243171853,72.02276703350869,72.02276703350869,1.1625152125798226,100.0,577.8225106316843,549.845277665193,112,101,101,101,106,594.242689186324,566.2654562198327,26,94,94,94,94,-16.420178554639676,-16.420178554639733,-16.420178554639733
tenpower_50xg_125s2p,tenpower_50xg,Tenpower,INR21700-50XG,125,2,250,23.4375,246.32265114,4.5,4.410625,15.375,121,1.0,80.0,38.56103950150256,33.996298228037006,3471.857362953549,bus_current+motor_voltage,False,1348.824227722993,70.78784009523865,0.0936680456248904,1.162569638146258,100.0,4.498420479770138,True,4.769308864588526,True,52.23311840874023,True,4.217650163841509,True,4.769308864588526,True,51.84195378986316,True,3.735871932617358,84.23779860806792,15.76220139193208,114,74.10520069997754,0.8947993000224557,36,122.45023959014938,2.54976040985062,100,280.7932388981949,476.4824977683256,576.4824977683256,99.16463199245611,0.8353680075438916,36,74.10520069997754,0.8947993000224557,36,123.98461345132569,1.0153865486743143,36,297.2544461437593,492.94370501389,592.9437050138899,195.6892588701307,79.31074112986931,96,True,True,True,0.6883640500025173,72.02859851762135,72.02859851762135,1.162569638146258,100.0,576.4824977683256,548.5110962859469,114,103,103,103,109,592.9437050138899,564.9723035315113,36,96,96,96,95,-16.461207245564424,-16.46120724556431,-16.461207245564424
molicel_p30b_140s3p,molicel_p30b,Molicel,INR-18650-P30B,140,3,420,24.675,247.56015114,4.536,4.44591,15.28125,121,1.0,80.0,46.17269901851338,40.81557874336524,3471.857362953549,bus_current+motor_voltage,False,1351.3097489854022,70.91828309741821,0.0935204160340962,1.1622631098095917,100.0,4.399198191786169,True,4.771942414058345,True,52.074687678390745,True,4.22068379888078,True,4.771942414058345,True,51.87572643060206,True,3.729983849429624,90.34418951170854,9.655810488291465,94,73.88702874329032,1.1129712567096846,46,123.60416246797715,1.3958375320228527,33,287.83538072297597,482.18882674240774,582.1888267424077,98.95930928211169,1.0406907178883102,46,73.88702874329032,1.1129712567096846,46,123.7366896420873,1.263310357912701,46,296.5830276674893,490.9364736869211,590.9364736869211,194.35344601943177,80.64655398056823,97,True,True,True,0.6881825528428247,71.99575521910532,71.99575521910532,1.1622631098095917,100.0,582.1888267424077,554.184581961513,91,96,96,96,99,590.9364736869211,562.9322289060265,46,97,97,97,103,-8.747646944513349,-8.747646944513349,-8.747646944513463
molicel_p50b_125s2p,molicel_p50b,Molicel,INR-21700-P50B,125,2,250,22.1875,245.07265114,4.5,4.410625,14.859375,121,1.0,80.0,50.90399879735011,45.13068378423005,3471.857362953549,bus_current+motor_voltage,False,1354.660637809662,71.09414158023111,0.0914786187286603,1.1852656094769984,100.0,4.346180531068594,True,4.76664009733495,True,51.9386313030475,True,4.214584944505554,True,4.76664009733495,True,51.80773810013192,True,3.648548465627352,93.72132288346823,6.278677116531767,74,74.32665922071422,0.6733407792857804,25,124.60074141942039,0.3992585805796125,9,292.6487235236028,485.2090344919486,585.2090344919486,99.37239260592366,0.6276073940763354,25,74.32665922071422,0.6733407792857804,25,124.23611929174838,0.7638807082516195,25,297.9351711183863,490.49548208673207,590.4954820867321,192.56031096834582,82.43968903165418,98,True,True,True,0.7018024628350433,74.46038205069603,74.46038205069603,1.1852656094769984,100.0,585.2090344919486,559.6694165426446,42,94,94,94,89,590.4954820867321,564.9558641374281,25,98,98,98,96,-5.2864475947834535,-5.2864475947834535,-5.2864475947834535
tenpower_30xg_135s3p,tenpower_30xg,Tenpower,INR18650-30XG,135,3,405,24.3,247.18515114,4.374,4.2871275,14.953125,121,1.0,80.0,61.076105941674975,54.28603702490272,3471.857362953549,bus_current+motor_voltage,False,1355.414138126208,71.13368613972452,0.091867108739289,1.1795972024315922,100.0,4.286767351305419,True,4.771145255668538,True,51.91915975613797,True,4.219764532127738,True,4.771145255668538,True,51.86550282173499,True,3.664043065916356,97.60509787416844,2.394902125831564,33,73.9530298574697,1.0469701425302986,42,124.74379287700032,0.2562071229996832,6,296.30192060863845,488.4602378106521,588.4602378106521,99.02149598716875,0.9785040128312517,42,73.9530298574697,1.0469701425302986,42,123.81170673147724,1.1882932685227559,42,296.7862325761157,488.9445497781294,588.9445497781294,192.15831720201365,82.84168279798635,99,True,True,True,0.698446167003113,73.85303466243447,73.85303466243447,1.1795972024315922,100.0,588.4602378106521,562.3132724730865,7,91,91,91,82,588.9445497781294,562.7975844405638,42,100,100,100,104,-0.4843119674772538,-0.48431196747731065,-0.48431196747731065
reliance_rs50_120s2p,reliance_rs50,Reliance,INR21700-RS50,120,2,240,20.1,242.98515114,4.32,4.2342,14.484375,121,1.0,80.0,37.01859698430389,32.6199333456733,3471.857362953549,bus_current+motor_voltage,False,1358.2251930080029,71.2812135190387,0.0894652658169768,1.2087585396984668,100.0,4.514099154840503,True,4.762163505753348,True,52.19438211114272,True,4.209463878342188,True,4.762163505753348,True,51.75035805607119,True,3.5682475627630628,83.29745374012454,16.70254625987546,115,74.6989702640657,0.30102973593430704,7,122.7317266153876,2.2682733846123995,81,280.72815061957783,471.3907008673233,571.3907008673233,99.72017357735498,0.2798264226450158,7,74.6989702640657,0.30102973593430704,7,124.65864355637534,0.34135644362466167,7,299.07778739779604,489.74033764554144,589.7403376455414,190.66255024774543,84.33744975225457,101,True,True,True,0.7157127595287213,76.97755657580034,76.97755657580034,1.2087585396984668,100.0,571.3907008673233,548.3682574431236,115,106,106,106,111,589.7403376455414,566.7178942213418,7,99,99,99,93,-18.349636778218212,-18.349636778218155,-18.349636778218155
ampace_jp30_135s3p,ampace_jp30,Ampace,JP30P1 (JP30),135,3,405,25.3125,248.19765114,4.4712,4.2871275,14.90625,121,1.0,80.0,55.595245145216616,49.33499245344455,3471.857362953549,bus_current+motor_voltage,False,1357.0180994652028,71.21786386759302,0.0917001232673683,1.1803484498945034,100.0,4.320476244970794,True,4.7732958297446,True,51.98100320934883,True,4.222246301271655,True,4.7732958297446,True,51.893085113757245,True,3.657382989541945,95.38847452270822,4.611525477291778,58,73.77504775764012,1.2249522423598762,51,124.28981843068033,0.7101815693196727,22,293.45334071102866,484.7574282520561,584.7574282520561,98.85367099826354,1.1463290017364614,51,73.77504775764012,1.2249522423598762,51,123.60938569720315,1.3906143027968483,51,296.2381044531068,487.5421919941343,587.5421919941343,191.30408754102749,83.69591245897251,100,True,True,True,0.6988909848696351,73.93352785582765,73.93352785582765,1.1803484498945034,100.0,584.7574282520561,558.6909561078837,35,95,95,95,90,587.5421919941343,561.4757198499619,51,102,102,102,108,-2.7847637420781552,-2.784763742078212,-2.784763742078212
ampace_jp50_120s2p,ampace_jp50,Ampace,JP50P1 (JP50),120,2,240,21.6,244.48515114,4.296,4.2342,14.484375,121,1.0,80.0,37.01859698430389,32.6199333456733,3471.857362953549,bus_current+motor_voltage,False,1359.588047974335,71.35273770836363,0.0895899296873845,1.2058665821508865,100.0,4.519143568927602,True,4.765382739297461,True,52.23884847784024,True,4.213143999303704,True,4.765382739297461,True,51.79161996002769,True,3.573219677333841,82.99629710379467,17.003702896205326,117,74.43112574258254,0.5688742574174626,20,122.40863604901713,2.591363950982867,104,279.83605889539433,469.7756580413209,569.7756580413209,99.47016435370513,0.5298356462948703,20,74.43112574258254,0.5688742574174626,20,124.35471243155736,0.6452875684426402,20,298.256002527845,488.1956016737716,588.1956016737715,189.9395991459266,85.06040085407341,102,True,True,True,0.714000415128379,76.66769476640373,76.66769476640373,1.2058665821508865,100.0,569.7756580413209,546.4433528077246,117,108,108,108,114,588.1956016737715,564.8632964401753,20,101,101,101,97,-18.419943632450668,-18.419943632450668,-18.419943632450668
molicel_p30b_135s3p,molicel_p30b,Molicel,INR-18650-P30B,135,3,405,23.79375,246.67890114,4.374,4.2871275,14.484375,121,1.0,80.0,44.52367412203672,39.34327806118388,3471.857362953549,bus_current+motor_voltage,False,1361.8685351573713,71.47242028726016,0.0898843136201994,1.1999045531289996,100.0,4.415204304996185,True,4.770067870656686,True,52.07982031888068,True,4.218523555087452,True,4.770067870656686,True,51.85168651419667,True,3.5849609351414484,89.34056677247426,10.659433227525739,95,74.04228505801203,0.9577149419879731,40,123.56666908027182,1.4333309197281778,35,286.9495209107581,475.682630646496,575.682630646496,99.10548879090712,0.8945112090928831,40,74.04228505801203,0.9577149419879731,40,123.91313272723596,1.0868672727640387,40,297.0609065761551,485.794016311893,585.7940163118931,188.7331097357379,86.26689026426209,104,True,True,True,0.7104702640655294,76.02888694505701,76.02888694505701,1.1999045531289996,100.0,575.682630646496,551.711517591553,94,104,104,104,105,585.7940163118931,561.82290325695,40,104,104,104,106,-10.111385665396995,-10.111385665397052,-10.111385665396938
tenpower_50xg_120s2p,tenpower_50xg,Tenpower,INR21700-50XG,120,2,240,22.5,245.38515114,4.32,4.2342,14.4375,121,1.0,80.0,37.01859698430389,32.6199333456733,3471.857362953549,bus_current+motor_voltage,False,1361.1466245464967,71.43453359169575,0.0894549338640266,1.2063034897140432,100.0,4.522170012687759,True,4.767308109777137,True,52.26545682670802,True,4.215351276535004,True,4.767308109777137,True,51.81630187327428,True,3.567835481430756,82.8159378106971,17.184062189302907,118,74.27119159563067,0.7288084043693317,26,122.21556392759504,2.784436072404958,110,279.3026933339228,468.4172918162744,568.4172918162744,99.32042228211962,0.6795777178803775,26,74.27119159563067,0.7288084043693317,26,124.17313925987067,0.8268607401293337,26,297.76475313762097,486.87935161997257,586.8793516199726,189.11459848235162,85.88540151764838,103,True,True,True,0.7142591105645771,76.71450768320189,76.71450768320189,1.2063034897140432,100.0,568.4172918162744,545.1317994994763,119,109,109,109,115,586.8793516199726,563.5938593031744,26,103,103,103,100,-18.462059803698196,-18.46205980369814,-18.46205980369814
molicel_p50b_120s2p,molicel_p50b,Molicel,INR-21700-P50B,120,2,240,21.3,244.18515114,4.32,4.2342,13.96875,121,1.0,80.0,48.86783750530029,43.30777449902308,3471.857362953549,bus_current+motor_voltage,False,1367.7512832905772,71.78115364599952,0.0874574210784977,1.227897162883306,100.0,4.361449745007939,True,4.76473992700326,True,51.93846934719262,True,4.21240807471923,True,4.76473992700326,True,51.783380205509424,True,3.48816634879628,92.7402822709124,7.259717729087598,82,74.48456520575479,0.5154347942452091,17,124.60193081684451,0.398069183155485,8,291.8267782935117,477.4662012569013,577.4662012569013,99.52012448829825,0.47987551170174925,17,74.48456520575479,0.5154347942452091,17,124.41536694870042,0.5846330512995763,17,298.4200566427535,484.0594796061431,584.0594796061431,185.6394229633896,89.36057703661041,106,True,True,True,0.7270448464289043,79.02818432943934,79.02818432943934,1.227897162883306,100.0,577.4662012569013,556.4943855863406,48,102,102,102,94,584.0594796061431,563.0876639355824,17,105,105,105,102,-6.593278349241757,-6.593278349241814,-6.593278349241814
tenpower_30xg_130s3p,tenpower_30xg,Tenpower,INR18650-30XG,130,3,390,23.4,246.28515114,4.212,4.128345,14.109375,121,1.0,80.0,58.81402764622042,52.25882881716458,3471.857362953549,bus_current+motor_voltage,False,1367.657372163892,71.77622508252749,0.0880119077075411,1.2202450319783034,100.0,4.295884615408494,True,4.769228928364864,True,51.9062866151768,True,4.217558221178192,True,4.769228928364864,True,51.840928837218286,True,3.5102815858617613,97.0021344702963,2.9978655297037022,38,74.1118285335371,0.888171466462893,34,124.8384268116079,0.16157318839209722,5,295.95238981544134,481.64099079572907,581.6409907957291,99.17085947426041,0.8291405257395894,34,74.1118285335371,0.888171466462893,34,123.99214264438854,1.0078573556114634,34,297.27483065218604,482.96343163247377,582.9634316324738,185.6886009802877,89.3113990197123,105,True,True,True,0.7225139764938215,78.20828877808601,78.20828877808601,1.2202450319783034,100.0,581.6409907957291,559.8492795738151,9,97,97,97,87,582.9634316324738,561.1717204105598,34,106,106,106,109,-1.322440836744704,-1.322440836744704,-1.322440836744704
ampace_jp30_130s3p,ampace_jp30,Ampace,JP30P1 (JP30),130,3,390,24.375,247.26015114,4.3056,4.128345,14.109375,121,1.0,80.0,53.53616159824291,47.4915171672099,3471.857362953549,bus_current+motor_voltage,False,1368.4660826913812,71.81866713711594,0.0880939956997949,1.2183875341911004,100.0,4.331970057269602,True,4.771304748757689,True,51.97248972265471,True,4.219948395993219,True,4.771304748757689,True,51.86754829753356,True,3.5135555970170063,94.64055309838443,5.35944690161557,64,73.93982190276769,1.0601780972323098,44,124.35224928397753,0.6477507160224718,19,292.93262428512963,478.19795267067093,578.1979526706709,99.00905576728832,0.9909442327116835,44,73.93982190276769,1.0601780972323098,44,123.79669541432703,1.2033045856729672,44,296.745573084383,482.0109014699243,582.0109014699243,185.2653283855413,89.7346716144587,107,True,True,True,0.7214141415611732,78.00926523924659,78.00926523924659,1.2183875341911004,100.0,578.1979526706709,556.2072179099175,41,100,100,100,96,582.0109014699243,560.0201667091709,44,108,108,108,111,-3.812948799253377,-3.812948799253377,-3.812948799253377
reliance_rs50_115s2p,reliance_rs50,Reliance,INR21700-RS50,115,2,230,19.2625,242.14765114,4.14,4.057775,13.546875,121,1.0,80.0,35.47615661478713,31.243417908207288,3471.857362953549,bus_current+motor_voltage,False,1372.6376979650236,72.03759828385844,0.0853809615793459,1.2532820798486142,100.0,4.54047787683584,True,4.760360417836014,True,52.23714490635461,True,4.207408359070969,True,4.760360417836014,True,51.72725069094612,True,3.4053484922866684,81.73001695917053,18.269983040829473,121,74.84922705092465,0.15077294907534622,2,122.42100398770044,2.578996012299555,103,279.0002479977956,462.0901084233152,562.0901084233152,99.86000575726003,0.13999424273997363,2,74.84922705092465,0.15077294907534622,2,124.82906193903682,0.17093806096318076,2,299.53829474722147,482.6281551727411,582.6281551727411,183.08986042551962,91.91013957448038,108,True,True,True,0.742075399161281,81.74807774863368,81.74807774863368,1.2532820798486142,100.0,562.0901084233152,543.8381861719489,120,113,113,113,118,582.6281551727411,564.3762329213748,2,107,107,107,99,-20.53804674942586,-20.538046749425916,-20.538046749425916
molicel_p30b_130s3p,molicel_p30b,Molicel,INR-18650-P30B,130,3,390,22.9125,245.79765114,4.212,4.128345,13.640625,121,1.0,80.0,42.8746496152927,37.87084625972268,3471.857362953549,bus_current+motor_voltage,False,1373.9348814158604,72.10567595684554,0.0862261308909254,1.2398260158499366,100.0,4.432916987643321,True,4.768189046320757,True,52.08978725320608,True,4.216362863255535,True,4.768189046320757,True,51.82759597162943,True,3.439057365877176,88.23838587577202,11.761614124227975,97,74.1980797089684,0.8019202910316068,32,123.49388280024709,1.5061171997529073,38,285.9303483849875,468.3464294080784,568.3464294080784,99.25184845367693,0.7481515463230721,32,74.1980797089684,0.8019202910316068,32,124.09011158909523,0.9098884109047702,32,297.54003975174055,479.95612077483145,579.9561207748314,182.41608102309092,92.58391897690908,109,True,True,True,0.7341079876555132,80.30631372914611,80.30631372914611,1.2398260158499366,100.0,568.3464294080784,548.6527431372245,96,110,110,110,107,579.9561207748314,560.2624345039776,32,111,111,111,110,-11.609691366753054,-11.609691366753054,-11.609691366753054
ampace_jp50_115s2p,ampace_jp50,Ampace,JP50P1 (JP50),115,2,230,20.7,243.58515114,4.117,4.057775,13.5,121,1.0,80.0,35.47615661478713,31.243417908207288,3471.857362953549,bus_current+motor_voltage,False,1374.110724228134,72.11490438900245,0.0853402354218832,1.252536031549642,100.0,4.545421503611314,True,4.763452755431729,True,52.28024699877739,True,4.210936053008656,True,4.763452755431729,True,51.76688177573533,True,3.4037241634392674,81.4382884378944,18.5617115621056,122,74.59163777963363,0.4083622203663708,12,122.10833034062809,2.891669659371914,116,278.1382565581561,460.4630997097738,560.4630997097738,99.62010886887485,0.3798911311251487,12,74.59163777963363,0.4083622203663708,12,124.53687329971685,0.46312670028315495,12,298.7486199482253,481.073463099843,581.073463099843,182.32484315161773,92.67515684838227,110,True,True,True,0.7416336597490969,81.66814162508645,81.66814162508645,1.252536031549642,100.0,560.4630997097738,542.1312413348603,121,115,115,115,120,581.073463099843,562.7416047249295,12,109,109,109,105,-20.61036339006921,-20.61036339006921,-20.61036339006921
tenpower_50xg_115s2p,tenpower_50xg,Tenpower,INR21700-50XG,115,2,230,21.5625,244.44765114,4.14,4.057775,13.5,121,1.0,80.0,35.47615661478713,31.243417908207288,3471.857362953549,bus_current+motor_voltage,False,1374.827135515798,72.15250247378714,0.085404016540089,1.2509484181818569,100.0,4.548388312842151,True,4.765302415840061,True,52.30604600283756,True,4.213052013090436,True,4.765302415840061,True,51.79059033626635,True,3.4062680201808724,81.26351844624966,18.736481553750338,123,74.4378021588324,0.5621978411676025,18,121.92142427016805,3.078575729831954,119,277.6227448752501,459.57611182364553,559.5761118236455,99.47640812008753,0.5235918799124732,18,74.4378021588324,0.5621978411676025,18,124.36229064734735,0.6377093526526494,18,298.2765009262673,480.2298678746628,580.2298678746628,181.95336694839546,93.04663305160454,111,True,True,True,0.7406936249057393,81.49803513400883,81.49803513400883,1.2509484181818569,100.0,559.5761118236455,541.0741469576544,123,116,116,116,121,580.2298678746628,561.7279030086715,18,110,110,110,107,-20.65375605101724,-20.65375605101724,-20.653756051017126
molicel_p50b_115s2p,molicel_p50b,Molicel,INR-21700-P50B,115,2,230,20.4125,243.29765114,4.14,4.057775,12.9375,121,1.0,80.0,46.83167963674738,41.48446924519443,3471.857362953549,bus_current+motor_voltage,False,1383.897839983994,72.62854343171816,0.0835420110148045,1.270447833152479,100.0,4.378743388206295,True,4.76283525042034,True,51.94250373230342,True,4.210230680743864,True,4.76283525042034,True,51.75896732497768,True,3.3320034816834405,91.63743577362555,8.362564226374445,89,74.64303536881249,0.356964631187509,9,124.57230466023199,0.42769533976800744,11,290.85277580267007,468.13603078162936,568.1360307816294,99.66804476704746,0.3319552329525379,9,74.64303536881249,0.356964631187509,9,124.595188522698,0.4048114773020046,9,298.90626865855796,476.18952363751725,576.1895236375173,177.2832549789593,97.71674502104071,114,True,True,True,0.7522393386603665,83.58732030004721,83.58732030004721,1.270447833152479,100.0,568.1360307816294,551.7233510816766,64,111,111,111,104,576.1895236375173,559.7768439375644,9,112,112,112,112,-8.053492855887896,-8.05349285588784,-8.05349285588784
tenpower_30xg_125s3p,tenpower_30xg,Tenpower,INR18650-30XG,125,3,375,22.5,245.38515114,4.05,3.9695625,13.171875,121,1.0,80.0,56.55194851595368,50.2315176285761,3471.857362953549,bus_current+motor_voltage,False,1381.9714991166722,72.52744685702578,0.0842026696174862,1.2622368248923603,100.0,4.3064402881743415,True,4.767308109777137,True,51.89580253089292,True,4.215351276535004,True,4.767308109777137,True,51.81630187327428,True,3.3583532994290257,96.30723205446446,3.692767945535536,46,74.27119159563067,0.7288084043693317,26,124.91553283380989,0.08446716619010886,4,295.49395648390504,473.7638735098607,573.7638735098607,99.32042228211962,0.6795777178803775,26,74.27119159563067,0.7288084043693317,26,124.17313925987067,0.8268607401293337,26,297.76475313762097,476.0346701635766,576.0346701635766,178.2699170259556,96.7300829740444,112,True,True,True,0.7473775542862694,82.70754325125216,82.70754325125216,1.2622368248923603,100.0,573.7638735098607,556.4714167611128,11,105,105,105,95,576.0346701635766,558.7422134148287,26,113,113,113,113,-2.2707966537159336,-2.2707966537159336,-2.2707966537159336
ampace_jp30_125s3p,ampace_jp30,Ampace,JP30P1 (JP30),125,3,375,23.4375,246.32265114,4.14,3.9695625,13.171875,121,1.0,80.0,51.47707909840328,45.64778138293696,3471.857362953549,bus_current+motor_voltage,False,1382.869160322501,72.57455714507657,0.0842584281582178,1.2605827188138423,100.0,4.345037694154677,True,4.769308864588526,True,51.96715060870676,True,4.217650163841509,True,4.769308864588526,True,51.84195378986316,True,3.360577182354445,93.79502702469777,6.204972975302226,73,74.10520069997754,0.8947993000224557,36,124.3914123559772,0.6085876440228049,18,292.29164008065254,470.10143756189905,570.101437561899,99.16463199245611,0.8353680075438916,36,74.10520069997754,0.8947993000224557,36,123.98461345132569,1.0153865486743143,36,297.2544461437593,475.0642436250058,575.0642436250058,177.80979748124653,97.19020251875347,113,True,True,True,0.7463981487332756,82.53031232929331,82.53031232929331,1.2605827188138423,100.0,570.101437561899,552.6317498911924,45,107,107,107,101,575.0642436250058,557.5945559542992,36,114,114,114,115,-4.962806063106768,-4.962806063106768,-4.962806063106768
molicel_p30b_125s3p,molicel_p30b,Molicel,INR-18650-P30B,125,3,375,22.03125,244.91640114,4.05,3.9695625,12.65625,121,1.0,80.0,41.22562273647963,36.39826767428888,3471.857362953549,bus_current+motor_voltage,False,1390.6186079996046,72.98125703355595,0.0826321128825472,1.2782296860771414,100.0,4.4525206855572375,True,4.766305884520048,True,52.10618452224092,True,4.214201747317235,True,4.766305884520048,True,51.80345370543165,True,3.2957129530280898,87.02875908177738,12.97124091822262,101,74.35441894085513,0.6455810591448738,24,123.37419781963696,1.6258021803630385,45,284.7573758422695,458.61969253471227,558.6196925347123,99.39838697060601,0.6016130293939881,24,74.35441894085513,0.6455810591448738,24,124.26763556771999,0.7323644322800078,24,298.02044147918116,471.8827581716239,571.8827581716239,173.86231669244276,101.13768330755724,115,True,True,True,0.7568470177360785,84.42111505257105,84.42111505257105,1.2782296860771414,100.0,558.6196925347123,543.0408075872833,100,117,117,117,119,571.8827581716239,556.303873224195,24,115,115,115,118,-13.263065636911676,-13.26306563691162,-13.26306563691162
ampace_jp50_110s2p,ampace_jp50,Ampace,JP50P1 (JP50),110,2,220,19.8,242.68515114,3.938,3.88135,12.375,121,1.0,80.0,33.93371404296415,29.866735380685533,3471.857362953549,bus_current+motor_voltage,False,1393.4836219549816,73.13161624684368,0.0812349576103148,1.2975406328964272,100.0,4.574467786210691,True,4.761518095783005,True,52.333062917752486,True,4.208727652792833,True,4.761518095783005,True,51.74208659085555,True,3.2399885794466847,79.73697331034658,20.263026689653415,126,74.75273462055422,0.24726537944577842,5,121.72589233511052,3.2741076648894847,124,276.21560026601134,448.6296279347366,548.6296279347366,99.77024158410485,0.229758415895148,5,74.75273462055422,0.24726537944577842,5,124.71962868134415,0.2803713186558525,5,299.2426048860032,471.6566325547285,571.6566325547285,172.41402766872525,102.58597233127475,116,True,True,True,0.7682811384336591,86.49020660185471,86.49020660185471,1.2975406328964272,100.0,548.6296279347366,535.1198345365913,125,122,122,122,124,571.6566325547285,558.1468391565832,5,116,116,116,114,-23.027004619991885,-23.027004619991885,-23.027004619991885
tenpower_50xg_110s2p,tenpower_50xg,Tenpower,INR21700-50XG,110,2,220,20.625,243.51015114,3.96,3.88135,12.375,121,1.0,80.0,33.93371404296415,29.866735380685533,3471.857362953549,bus_current+motor_voltage,False,1394.2592570625302,73.17232246551688,0.081286936194933,1.2959895577098863,100.0,4.577374351585886,True,4.7632917132504335,True,52.35813416126538,True,4.210752050233268,True,4.7632917132504335,True,51.764817695630384,True,3.242061701972908,79.56791674892455,20.432083251075454,127,74.60504008397126,0.39495991602873914,10,121.54462249647274,3.4553775035272594,127,275.71757932936856,447.740540641155,547.740540641155,99.63261183592165,0.3673881640783492,10,74.60504008397126,0.39495991602873914,10,124.55208012727215,0.4479198727278515,10,298.7897320471651,470.8126933589516,570.8126933589516,172.02296131178647,102.97703868821353,117,True,True,True,0.7673627380538177,86.32401503233675,86.32401503233675,1.2959895577098863,100.0,547.740540641155,534.0645556734918,127,123,123,123,126,570.8126933589516,557.1367083912884,10,117,117,117,116,-23.07215271779654,-23.072152717796598,-23.072152717796598
molicel_p50b_110s2p,molicel_p50b,Molicel,INR-21700-P50B,110,2,220,19.525,242.41015114,3.96,3.88135,11.96875,121,1.0,80.0,44.7955197354246,39.66165539857834,3471.857362953549,bus_current+motor_voltage,False,1400.9772249171165,73.52488911169746,0.0795020265690515,1.318731922171501,100.0,4.398327511815138,True,4.760926007467179,True,51.95182611881656,True,4.208052703283544,True,4.760926007467179,True,51.73449873851581,True,3.1708720691680017,90.3989927727792,9.601007227220805,93,74.80207637397383,0.1979236260261672,4,124.50386412519603,0.4961358748039686,13,289.704933271949,458.3588891440383,558.3588891440384,99.81615782439587,0.18384217560412708,4,74.80207637397383,0.1979236260261672,4,124.77559071066992,0.22440928933008308,4,299.3938249090396,468.0477807811289,568.047780781129,168.65395587208928,106.34604412791072,120,True,True,True,0.7808286205212049,88.76076940583341,88.76076940583341,1.318731922171501,100.0,558.3588891440384,547.1196585498717,75,118,118,118,113,568.047780781129,556.8085501869623,4,118,118,118,117,-9.688891637090592,-9.688891637090592,-9.688891637090592
tenpower_30xg_120s3p,tenpower_30xg,Tenpower,INR18650-30XG,120,3,360,21.6,244.48515114,3.888,3.81078,12.1875,121,1.0,80.0,54.28987098119978,48.204396446908646,3471.857362953549,bus_current+motor_voltage,False,1398.9062510286935,73.4162020304292,0.0804554819107768,1.3050331461461342,100.0,4.318617498167739,True,4.765382739297461,True,51.88824954064224,True,4.213143999303704,True,4.765382739297461,True,51.79161996002769,True,3.208899840820461,95.50980022498669,4.490199775013309,56,74.43112574258254,0.5688742574174626,20,124.97110120410359,0.02889879589640998,3,294.91202717167283,464.6011093359198,564.6011093359198,99.47016435370513,0.5298356462948703,20,74.43112574258254,0.5688742574174626,20,124.35471243155736,0.6452875684426402,20,298.256002527845,467.945084692092,567.945084692092,169.68908216424697,105.31091783575303,118,True,True,True,0.7727174978533748,87.29299975295912,87.29299975295912,1.3050331461461342,100.0,564.6011093359198,551.8941090888788,17,112,112,112,102,567.945084692092,555.2380844450511,20,119,119,119,119,-3.343975356172166,-3.3439753561722227,-3.3439753561722227
reliance_rs50_110s2p,reliance_rs50,Reliance,INR21700-RS50,110,2,220,18.425,241.31015114,3.96,3.88135,11.625,121,1.0,80.0,33.93371404296415,29.866735380685533,3471.857362953549,bus_current+motor_voltage,False,1402.5616261404352,73.60804030229575,0.0814165498302088,1.2862670564280023,100.0,4.569625146226311,True,4.758553193051323,True,52.29118138504069,True,4.205352467457964,True,4.758553193051323,True,51.70409358243788,True,3.2472312337900937,80.01911676216505,19.980883237834945,125,75.0,0.0,1,122.02909146301779,2.9709085369822077,118,277.04820822518286,444.91230332779514,544.9123033277951,100.0,0.0,1,75.0,0.0,1,125.0,0.0,1,300.0,467.8640951026123,567.8640951026123,167.8640951026123,107.13590489738769,121,True,True,True,0.7616059901232389,85.28228748637537,85.28228748637537,1.2862670564280023,100.0,544.9123033277951,530.1945908141705,124,125,125,125,127,567.8640951026123,553.1463825889876,1,120,120,120,122,-22.95179177481714,-22.95179177481714,-22.95179177481714
ampace_jp30_120s3p,ampace_jp30,Ampace,JP30P1 (JP30),120,3,360,22.5,245.38515114,3.9744,3.81078,12.1875,121,1.0,80.0,49.41799619127135,43.80446129319505,3471.857362953549,bus_current+motor_voltage,False,1399.8132370074936,73.46380169324394,0.0805161873464411,1.3032042749997952,100.0,4.359867924167012,True,4.767308109777137,True,51.96508629870896,True,4.215351276535004,True,4.767308109777137,True,51.81630187327428,True,3.211321026527313,92.8415945367437,7.158405463256301,81,74.27119159563067,0.7288084043693317,26,124.40655648658466,0.5934435134153375,16,291.51934261895906,460.7547127798108,560.7547127798108,99.32042228211962,0.6795777178803775,26,74.27119159563067,0.7288084043693317,26,124.17313925987067,0.8268607401293337,26,297.76475313762097,467.00012329847266,567.0001232984727,169.23537016085172,105.76462983914828,119,True,True,True,0.7716346129164916,87.097043445429,87.097043445429,1.3032042749997952,100.0,560.7547127798108,547.8517562252398,57,114,114,114,112,567.0001232984727,554.0971667439017,26,121,121,121,120,-6.245410518661913,-6.245410518661856,-6.245410518661856
molicel_p30b_120s3p,molicel_p30b,Molicel,INR-18650-P30B,120,3,360,21.15,244.03515114,3.888,3.81078,11.8125,121,1.0,80.0,39.57659986409652,34.92549124958771,3471.857362953549,bus_current+motor_voltage,False,1406.2707537079614,73.80269956459719,0.0787926812463799,1.3255953423530755,100.0,4.474232374453026,True,4.764418327916303,True,52.13034659340637,True,4.212040082318559,True,4.764418327916303,True,51.77925795623568,True,3.142580422173307,85.70143166017459,14.298568339825408,108,74.51130909530394,0.4886909046960568,16,123.19797414138273,1.8020258586172702,53,283.41071489686124,449.43268424017174,549.4326842401717,99.54511314704641,0.4548868529535923,16,74.51130909530394,0.4886909046960568,16,124.44571891278574,0.5542810872142638,16,298.5021411551361,464.5241104984466,564.5241104984466,166.0219693433105,108.9780306566895,122,True,True,True,0.7848924903815867,89.49615772364989,89.49615772364989,1.3255953423530755,100.0,549.4326842401717,538.9288419638216,104,121,121,121,123,564.5241104984466,554.0202682220964,16,122,122,122,121,-15.09142625827485,-15.09142625827485,-15.09142625827485
tenpower_30xg_115s3p,tenpower_30xg,Tenpower,INR18650-30XG,115,3,345,20.7,243.58515114,3.726,3.6519975,11.4375,121,1.0,80.0,52.027793772880834,46.176710175955456,3471.857362953549,bus_current+motor_voltage,False,1414.6549795438043,74.24271333777203,0.0767415325681286,1.352959489287872,100.0,4.332628397253701,True,4.763452755431729,True,51.88432241379922,True,4.210936053008656,True,4.763452755431729,True,51.76688177573533,True,3.060772066660143,94.5978339795757,5.402166020424303,65,74.59163777963363,0.4083622203663708,12,125.0,0.0,1,294.1894717592093,456.08303992670244,556.0830399267024,99.62010886887485,0.3798911311251487,12,74.59163777963363,0.4083622203663708,12,124.53687329971685,0.46312670028315495,12,298.7486199482253,460.64218811571845,560.6421881157185,161.8935681674931,113.1064318325069,123,True,True,True,0.8010949563593975,92.42811780339072,92.42811780339072,1.352959489287872,100.0,556.0830399267024,548.5111577300931,29,119,119,119,108,560.6421881157185,553.0703059191092,12,123,123,123,123,-4.559148189016014,-4.559148189016014,-4.559148189016014
ampace_jp30_115s3p,ampace_jp30,Ampace,JP30P1 (JP30),115,3,345,21.5625,244.44765114,3.8088,3.6519975,11.40625,121,1.0,80.0,47.35891273430644,41.96073537187677,3471.857362953549,bus_current+motor_voltage,False,1416.1829537377291,74.32290317324957,0.0766406859042426,1.35327808290893,100.0,4.376681154580737,True,4.765302415840061,True,51.96687255108675,True,4.213052013090436,True,4.765302415840061,True,51.79059033626635,True,3.0567498815211627,91.76849041350454,8.231509586495463,88,74.4378021588324,0.5621978411676025,18,124.39345216403706,0.6065478359629424,17,290.59974473637396,451.74620294264196,551.746202942642,99.47640812008753,0.5235918799124732,18,74.4378021588324,0.5621978411676025,18,124.36229064734735,0.6377093526526494,18,298.2765009262673,459.4229591325353,559.4229591325353,161.14645820626797,113.85354179373203,124,True,True,True,0.8012835974421342,92.46225384939387,92.46225384939387,1.35327808290893,100.0,551.746202942642,544.2084567920358,66,120,120,120,116,559.4229591325353,551.8852129819292,18,124,124,124,124,-7.676756189893354,-7.676756189893354,-7.676756189893354
molicel_p30b_115s3p,molicel_p30b,Molicel,INR-18650-P30B,115,3,345,20.26875,243.15390114,3.726,3.6519975,11.0625,121,1.0,80.0,37.92757459629015,33.45250335153472,3471.857362953549,bus_current+motor_voltage,False,1422.7591190054484,74.66802785728419,0.075119666688768,1.3742975224268668,100.0,4.49830061342942,True,4.762526318348721,True,52.1626823922898,True,4.2098779657321685,True,4.762526318348721,True,51.75500792808339,True,2.996085297797284,84.24501296566694,15.754987034333055,113,74.66875661276997,0.33124338723003177,8,122.96239162598422,2.0376083740157753,69,281.8761612044211,439.8254887806696,539.8254887806696,99.6920207031859,0.3079792968140964,8,74.66875661276997,0.33124338723003177,8,124.62436882747029,0.3756311725297081,8,298.98514614342616,456.93447371967466,556.9344737196747,157.94932757624846,117.05067242375154,125,True,True,True,0.8137293263177142,94.71440363180672,94.71440363180672,1.3742975224268668,100.0,539.8254887806696,534.5398924124763,111,127,127,127,125,556.9344737196747,551.6488773514814,8,125,125,125,125,-17.10898493900504,-17.10898493900504,-17.10898493900504
tenpower_30xg_110s3p,tenpower_30xg,Tenpower,INR18650-30XG,110,3,330,19.8,242.68515114,3.564,3.493215,10.53125,121,1.0,80.0,49.76571414574354,44.14924234043971,3471.857362953549,bus_current+motor_voltage,False,1434.137363952086,75.26517118203506,0.0728558380148161,1.4057583924744266,100.0,4.348720256729743,True,4.761518095783005,True,51.88446292876441,True,4.208727652792833,True,4.761518095783005,True,51.74208659085555,True,2.905794377912609,93.55766892494395,6.442331075056046,77,74.75273462055422,0.24726537944577842,5,124.9989659082023,0.0010340917977060826,2,293.30936945370047,445.7961957353438,545.7961957353439,99.77024158410485,0.229758415895148,5,74.75273462055422,0.24726537944577842,5,124.71962868134415,0.2803713186558525,5,299.2426048860032,451.72943116764657,551.7294311676466,152.48682628164335,122.51317371835665,126,True,True,True,0.8323574851926293,98.08531138468327,98.08531138468327,1.4057583924744266,100.0,545.7961957353439,543.8815071200271,38,124,124,124,117,551.7294311676466,549.8147425523298,5,126,126,126,126,-5.933235432302752,-5.933235432302695,-5.933235432302695
ampace_jp30_110s3p,ampace_jp30,Ampace,JP30P1 (JP30),110,3,330,20.625,243.51015114,3.6432,3.493215,10.5,121,1.0,80.0,45.299829729504665,40.11652616577922,3471.857362953549,bus_current+motor_voltage,False,1435.6404540562785,75.34405507198709,0.0727541756555977,1.406248854940976,100.0,4.395737859092582,True,4.7632917132504335,True,51.97378614791178,True,4.210752050233268,True,4.7632917132504335,True,51.764817695630384,True,2.901739659445133,90.56212175214355,9.437878247856446,92,74.60504008397126,0.39495991602873914,10,124.34274105581932,0.6572589441806826,20,289.50990289193413,441.2815959088504,541.2815959088505,99.63261183592165,0.3673881640783492,10,74.60504008397126,0.39495991602873914,10,124.55208012727215,0.4479198727278515,10,298.7897320471651,450.5614250640814,550.5614250640814,151.7716930169163,123.22830698308371,127,True,True,True,0.8326478907896538,98.13786249749383,98.13786249749383,1.406248854940976,100.0,541.2815959088505,539.4194584063442,78,126,126,126,122,550.5614250640814,548.6992875615753,10,127,127,127,127,-9.27982915523097,-9.279829155230914,-9.279829155231027
molicel_p30b_110s3p,molicel_p30b,Molicel,INR-18650-P30B,110,3,330,19.3875,242.27265114,3.564,3.493215,10.15625,121,1.0,80.0,36.27854944563737,31.979296147783582,3471.857362953549,bus_current+motor_voltage,False,1442.6038670487644,75.70950296007948,0.0715191085583636,1.4236282881002018,100.0,4.525014385535074,True,4.760629796818837,True,52.20364618740301,True,4.207715200920367,True,4.760629796818837,True,51.73070276522599,True,2.8524800376320125,82.6466488591953,17.353351140804705,119,74.82676803446387,0.1732319655361323,3,122.66436887473319,2.335631125266815,86,280.13778576839235,428.6159021241308,528.6159021241308,99.83912334731443,0.16087665268557316,3,74.82676803446387,0.1732319655361323,3,124.8035929840858,0.19640701591420395,3,299.4694843658641,447.94760072160256,547.9476007216026,148.47811635573845,126.52188364426155,128,True,True,True,0.842938351338158,100.0,100.0,1.4236282881002018,100.0,528.6159021241308,528.6159021241308,116,128,128,128,128,547.9476007216026,547.9476007216026,3,128,128,128,128,-19.331698597471757,-19.331698597471814,-19.331698597471814
