time_s,ay_mps2,ax_mps2,speed_mps,roll_deg,pitch_deg,yaw_rate_radps,Fz_FL,jounce_FL_mm,geometric_FL_n,Fz_FR,jounce_FR_mm,geometric_FR_n,Fz_RL,jounce_RL_mm,geometric_RL_n,Fz_RR,jounce_RR_mm,geometric_RR_n
0.0,0.0,0.0,15.0,0.0,0.0,0.0,598.5082183333004,-0.0,-0.0,598.5082183333004,-0.0,0.0,731.5100446295896,-0.0,0.0,731.5100446295896,-0.0,0.0
0.01,1.5564457453646112e-18,1.1169533421866411e-18,15.0,-7.690214185456993e-20,6.525848523229256e-18,-8.36050385059357e-22,598.5082183333004,-0.0,4.612309176578372e-17,598.5082183333004,-0.0,5.424656355314361e-17,731.5100446295896,-0.0,-7.688233257189539e-17,731.5100446295896,-0.0,-6.585622092129771e-17
0.02,2.7945401668247537e-18,4.467813361824715e-18,15.0,-3.0751118349069575e-19,2.6103394052475815e-17,-5.043696727749423e-22,598.5082183333004,-0.0,9.319550574517024e-17,598.5082183333004,-0.0,1.0754380448257996e-16,731.5100446295896,-0.0,-1.525853805282008e-16,731.5100446295896,-0.0,-1.328917258749642e-16
0.03,3.787364886569916e-18,1.0052580051914078e-17,15.0,-6.917286395933165e-19,5.873263654684105e-17,4.8812006147583005e-22,598.5082183333004,-0.0,1.410022928658992e-16,598.5082183333004,-0.0,1.6010667203859926e-16,731.5100446295896,-0.0,-2.2734251597509485e-16,731.5100446295896,-0.0,-2.008731430080021e-16
0.04,4.590457542412855e-18,1.787125340864091e-17,15.0,-1.2295008532226703e-18,1.0441357598404254e-16,1.8204979679349935e-21,598.5082183333004,-0.0,1.8938348965774226e-16,598.5082183333004,-0.0,2.1209512980413666e-16,731.5100446295896,-0.0,-3.0133522712658826e-16,731.5100446295896,-0.0,-2.696189842666843e-16
0.05,5.2462317371133864e-18,2.79238334301902e-17,15.0,-1.9208022887967836e-18,1.6314621235347598e-16,3.2936021058350794e-21,598.5082183333004,-0.0,2.382193506797466e-16,598.5082183333004,-0.0,2.6362892329008995e-16,731.5100446295896,-0.0,-3.747050706533351e-16,731.5100446295896,-0.0,-3.389876930798273e-16
0.06,5.787225241209974e-18,4.021032011597232e-17,15.0,-2.76562465103132e-18,2.349305456516965e-16,4.787303402023025e-21,598.5082183333004,-0.0,2.874197319410139e-16,598.5082183333004,-0.0,3.1479819652954665e-16,731.5100446295896,-0.0,-4.475627441788198e-16,731.5100446295896,-0.0,-4.0886857188394523e-16
0.07,6.3582419207855054e-18,5.474198465202996e-17,15.0,-3.764746177366629e-18,3.198324282737984e-16,6.12646161949084e-21,598.5082183333004,-0.0,3.40102232743519e-16,598.5082183333004,-0.0,3.69490229865551e-16,731.5100446295896,-0.0,-5.254009478983894e-16,731.5100446295896,-0.0,-4.837307598936884e-16
0.08,5.636222139898005e-19,7.098837003226585e-17,15.0,-4.9154429767792775e-18,4.147526420706159e-16,4.1533607150164445e-20,598.5082183333004,-0.0,3.70815578758057e-16,598.5082183333004,-0.0,3.653861888550552e-16,731.5100446295895,-0.0,-5.417779384888885e-16,731.5100446295895,-0.0,-5.388808986736441e-16
0.09,5.0669206891191395e-17,8.808597438061006e-17,15.0,-1.1405048400120445e-17,5.14646139742568e-16,-2.4795724069526614e-19,598.5082183333005,-0.0,2.7386715392721644e-16,598.5082183333004,-0.0,5.543804606327408e-16,731.5100446295896,-0.0,-6.860652352189374e-16,731.5100446295895,-0.0,-3.6762281545965873e-16
0.1,-1.7694217215094517e-17,1.0642733255596636e-16,15.0,-1.5070985019157307e-17,6.218063232900265e-16,2.38887268943887e-19,598.5082183333005,-0.0,4.84894295000706e-16,598.5082183333005,-0.0,3.55751603834814e-16,731.5100446295895,-0.0,-4.770310544740305e-16,731.5100446295895,-0.0,-5.942889503810344e-16
0.11,-1.3131042702842093e-17,1.2442798245970082e-16,15.0,-1.581514760457818e-17,7.269759039293434e-16,1.5874232262667306e-19,598.5082183333005,-0.0,4.652087331119828e-16,598.5082183333005,-0.0,3.6733091262922925e-16,731.5100446295896,-0.0,-4.822438727867038e-16,731.5100446295895,-0.0,-5.775479980197325e-16
0.12,-6.97138845312559e-17,1.4228248275884197e-16,15.0,-1.623654186694493e-17,8.312915991418629e-16,5.336333391040093e-19,598.5082183333004,-0.0,6.381903562487112e-16,598.5082183333005,-0.0,2.0614774131591867e-16,731.5100446295895,-0.0,-3.103563836305303e-16,731.5100446295896,-0.0,-7.662144024903258e-16
0.13,-8.086828773104357e-17,1.599820160397242e-16,15.0,-1.6486481829666212e-17,9.347018928044173e-16,5.994889828627172e-19,598.5082183333004,-0.0,6.631132431229002e-16,598.5082183333005,-0.0,1.6580643446635599e-16,731.5100446295895,-0.0,-2.6328380954591694e-16,731.5100446295896,-0.0,-7.913600011614808e-16
0.14,5.164007063460927e-17,1.777425636192951e-16,15.0,-1.295876636736934e-17,1.0384686651630417e-15,-4.1912641232032214e-19,598.5082183333005,-0.0,2.6140343378861084e-16,598.5082183333004,-0.0,5.626020374961971e-16,731.5100446295896,-0.0,-6.75125770948542e-16,731.5100446295895,-0.0,-3.725294066183395e-16
0.15,5.628690134543207e-17,1.9471946368028213e-16,15.0,-1.1106147348091976e-17,1.1376569427817951e-15,-4.7654492669653945e-19,598.5082183333005,-0.0,2.3647552636583946e-16,598.5082183333004,-0.0,5.692150144941689e-16,731.5100446295896,-0.0,-6.765062952573935e-16,731.5100446295895,-0.0,-3.4510269665848035e-16
0.16,-5.45465623927255e-17,2.1149197903160522e-16,15.0,-1.3931006816067942e-17,1.2356510938373743e-15,3.8330906752159257e-19,598.5082183333004,-0.0,5.691923610603692e-16,598.5082183333005,-0.0,2.332409741024972e-16,731.5100446295895,-0.0,-3.274308113357909e-16,731.5100446295896,-0.0,-6.895460153289184e-16
0.17,-8.455904038430028e-17,2.292021011917144e-16,15.0,-1.0796593034991143e-17,1.339123253487751e-15,5.657504835681961e-19,598.5082183333004,-0.0,6.723376974791096e-16,598.5082183333005,-0.0,1.6352528056259112e-16,731.5100446295895,-0.0,-2.5679598864319354e-16,731.5100446295896,-0.0,-8.077220879456742e-16
0.18,9.718885524769694e-17,2.4697721946505994e-16,15.0,-2.320000267175607e-18,1.4429751557590227e-15,-8.535508806384182e-19,598.5082183333005,-0.0,1.1733926933800416e-16,598.5082183333004,-0.0,7.090484634667527e-16,731.5100446295896,-0.0,-8.402173980867489e-16,731.5100446295895,-0.0,-2.4982969724140106e-16
0.19,6.10688090213023e-17,2.647745164962328e-16,15.0,-1.1307671665926056e-17,1.5469566383883524e-15,-3.992986277267316e-19,598.5082183333005,-0.0,2.6258059848690163e-16,598.5082183333005,-0.0,6.123175590846972e-16,731.5100446295896,-0.0,-6.946273878025596e-16,731.5100446295895,-0.0,-3.194739131421264e-16
0.2,-1.0519890497943736e-16,2.823424473776606e-16,15.0,-1.575408007213837e-17,1.6495980393033806e-15,8.426232306693381e-19,598.5082183333004,-0.0,7.271873110587872e-16,598.5082183333005,-0.0,7.853147389597496e-17,731.5100446295895,-0.0,-1.907035936980977e-16,731.5100446295896,-0.0,-8.622669351079623e-16
0.21,-1.174009087776139e-16,3.000664204754081e-16,15.0,-1.4092253675002777e-17,1.7531511236598469e-15,8.697718696955173e-19,598.5082183333004,-0.0,7.807768599469638e-16,598.5082183333005,-0.0,6.688973580724012e-17,731.5100446295895,-0.0,-1.5327630454706888e-16,731.5100446295896,-0.0,-9.069100459203697e-16
0.22,-7.77780787967539e-17,3.1872731030279365e-16,15.0,-1.7584616347049143e-17,1.8621781847936495e-15,6.158587371129052e-19,598.5082183333012,5.551115123125783e-14,6.764640232553175e-16,598.5082183333004,-0.0,1.9254529940307443e-16,731.5100446295895,-0.0,-2.978899990951194e-16,731.5100446295896,-0.0,-8.029073225944453e-16
0.23,2.7294596006718863e-16,3.3459771071340806e-16,15.0,-2.560785900480201e-17,1.954901690038651e-15,-1.8129808207892396e-18,598.508218333301,5.551115123125783e-14,-5.406808642825398e-16,598.508218333301,5.551115123125783e-14,1.0481197013239088e-15,731.5100446295896,-0.0,-1.2921712525267775e-15,731.5100446295895,-0.0,4.1112691687083846e-16
0.24,1.8226225739352605e-16,3.4289089487531163e-16,15.0,-5.009466043495486e-17,2.0033549795107757e-15,-9.594267784451328e-19,598.508218333301,5.551115123125783e-14,-5.501288746867564e-16,598.508218333301,5.551115123125783e-14,4.584543042706308e-16,731.5100446295896,-0.0,-9.512133409194392e-16,731.5100446295896,-0.0,1.7366879027549472e-16
0.25,1.0551473522913886e-16,3.433501132425003e-16,15.0,-7.349846142545867e-17,2.0060379828110665e-15,-3.1956111044632387e-19,598.508218333301,5.551115123125783e-14,-6.024004265657155e-16,598.508218333301,5.551115123125783e-14,-7.892663867069316e-17,731.5100446295896,-0.0,-6.706468836494265e-16,731.5100446295896,-0.0,-4.8846662637765884e-17
0.26,-1.5572574833632267e-16,3.3683076186362315e-16,15.0,-8.246358770631044e-17,1.9679483885895477e-15,1.3868122868161059e-18,598.5082183333009,5.551115123125783e-14,-4.621014759564781e-17,598.5082183333009,5.551115123125783e-14,-1.0687593526731703e-15,731.5100446295896,-0.0,2.156926779108615e-16,731.5100446295896,-0.0,-8.39597207064866e-16
0.27,-1.6704821394412385e-16,3.242222930600632e-16,15.0,-9.284067453965958e-17,1.8942828607521773e-15,1.4010703765309346e-18,598.508218333301,5.551115123125783e-14,-2.223477461670604e-16,598.5082183333002,-0.0,-1.3144822525934666e-15,731.5100446295896,-0.0,2.8854912392400973e-16,731.5100446295896,-0.0,-8.595404647860097e-16
0.28,-1.0082189082540732e-15,3.085861574432361e-16,15.0,-3.8432872129229104e-17,1.8029280577625343e-15,6.528855181265115e-18,598.5082183333003,-0.0,2.1590856820648443e-15,598.5082183333003,-0.0,-3.805784020674883e-15,731.5100446295895,-0.0,2.9510222465209818e-15,731.5100446295896,-0.0,-3.532580327970769e-15
0.29,-1.8847421735056654e-16,2.9482766656467684e-16,15.0,2.1949710421511913e-17,1.7225434758909793e-15,1.6675045536962965e-19,598.5082183333003,-0.0,-2.027664454472841e-16,598.5082183333003,-0.0,-1.1901726496732835e-15,731.5100446295895,-0.0,2.751084497300893e-16,731.5100446295896,-0.0,-1.0260449763654949e-15
0.3,-9.088100221871597e-17,2.850679210811221e-16,15.0,5.267496804366363e-17,1.6655217380570042e-15,-4.0232256513912412e-19,598.5082183333003,-0.0,-3.672723714332905e-16,598.5082183333003,-0.0,-7.617214831107885e-16,731.5100446295895,-0.0,-1.112991860516367e-16,731.5100446295896,-0.0,-7.410576296078046e-16
0.31,7.326483699228876e-17,2.7895320782312743e-16,15.0,7.355284791945632e-17,1.6297962596708295e-15,-1.3228358046815712e-18,598.5082183333003,-0.0,-7.261523113463907e-16,598.5082183333004,-0.0,-1.5179221333965417e-16,731.5100446295896,-0.0,-6.948823845443031e-16,731.5100446295896,-0.0,-2.3212509350519707e-16
0.32,-9.283512708000868e-17,2.7629446229216186e-16,15.0,9.813884148970932e-17,1.6142624231697207e-15,-2.890643000338677e-20,598.5082183333003,-0.0,-1.6571800885563878e-16,598.5082183333004,-0.0,-5.69750136094438e-16,731.5100446295895,-0.0,-2.623044706928031e-16,731.5100446295896,-0.0,-8.009039107154804e-16
0.33,7.289698913777667e-17,2.757326054316227e-16,15.0,1.164491245085046e-16,1.6109797500041278e-15,-1.0331939823148762e-18,598.5082183333004,-0.0,-6.171690390785038e-16,598.5082183333004,-0.0,-3.730039020254453e-17,731.5100446295895,-0.0,-8.600863181558958e-16,731.5100446295896,-0.0,-3.0911614731235443e-16
0.34,2.6702449894378183e-16,2.7598866210375543e-16,15.0,1.1598640279162286e-16,1.6124757722573307e-15,-2.0562696932627322e-18,598.5082183333004,-0.0,-1.1886268969182004e-15,598.5082183333004,-0.0,5.104221076262764e-16,731.5100446295895,-0.0,-1.507092955937116e-15,731.5100446295895,-0.0,3.1000936279439495e-16
0.35000000000000003,2.036591388434229e-16,2.761172373352239e-16,15.0,1.0676159251908965e-16,1.6132269786441253e-15,-1.290927649436126e-18,598.5082183333004,-0.0,-9.811232093429217e-16,598.5082183333004,-0.0,3.0291815126468113e-16,731.5100446295895,-0.0,-1.3200921481893932e-15,731.5100446295895,-0.0,1.230089372953709e-16
0.36,1.565441952278345e-16,2.7624580767225943e-16,15.0,9.7605642302591e-17,1.6139781564349825e-15,-7.865645005246031e-19,598.5082183333004,-0.0,-8.292183153851901e-16,598.5082183333004,-0.0,1.5101308017580354e-16,731.5100446295895,-0.0,-1.1754396126101032e-15,731.5100446295895,-0.0,-2.1643346380657297e-17
0.37,1.2130517656048044e-16,2.763743747950731e-16,15.0,8.849491315799488e-17,1.6147293154466085e-15,-4.567880784334299e-19,598.5082183333004,-0.0,-7.170960798064674e-16,598.5082183333004,-0.0,3.8890728780381295e-17,731.5100446295895,-0.0,-1.0627744450555777e-15,731.5100446295895,-0.0,-1.343083492289446e-16
0.38,9.479678921259014e-17,2.765029398257708e-16,15.0,7.94136181108195e-17,1.6154804622349564e-15,-2.4336595392074887e-19,598.5082183333004,-0.0,-6.335889906984572e-16,598.5082183333004,-0.0,-4.461643528097481e-17,731.5100446295895,-0.0,-9.74397012977916e-16,731.5100446295895,-0.0,-2.226856747133129e-16
0.39,7.474511928862797e-17,2.7663150351064195e-16,15.0,7.035125757549525e-17,1.6162316011602532e-15,-1.0713257730518921e-19,598.5082183333004,-0.0,-5.7077781843616e-16,598.5082183333004,-0.0,-1.074276553881121e-16,731.5100446295895,-0.0,-9.045519192334563e-16,731.5100446295895,-0.0,-2.9253070041625933e-16
0.4,5.949683936558197e-17,2.767600663435114e-16,15.0,6.130088389924904e-17,1.616982735107694e-15,-2.1815459654599342e-20,598.5082183333004,-0.0,-5.230206124648051e-16,598.5082183333004,-0.0,-1.551848913226368e-16,731.5100446295895,-0.0,-8.489126018910741e-16,731.5100446295895,-0.0,-3.481699751471617e-16
0.41000000000000003,4.784279102004417e-17,2.7688862864909217e-16,15.0,5.22579286786142e-17,1.617733865974427e-15,3.01532673166089e-20,598.5082183333004,-0.0,-4.862777894697313e-16,598.5082183333004,-0.0,-1.9192773256900505e-16,731.5100446295895,-0.0,-8.042088384109263e-16,731.5100446295895,-0.0,-3.928737126716226e-16
0.42,3.8893392086018253e-17,2.770171906392114e-16,15.0,4.3219411704824976e-17,1.6184849949980623e-15,6.047563177019595e-20,598.5082183333004,-0.0,-4.57641760933247e-16,598.5082183333004,-0.0,-2.2056377175463133e-16,731.5100446295895,-0.0,-7.67955997365838e-16,731.5100446295895,-0.0,-4.2912653857226024e-16
0.43,3.1990263088728446e-17,2.7714575245066193e-16,15.0,3.4183408430332506e-17,1.6192361229778183e-15,7.690965622429112e-20,598.5082183333004,-0.0,-4.350081246494102e-16,598.5082183333004,-0.0,-2.431974138100588e-16,731.5100446295895,-0.0,-7.382570925760441e-16,731.5100446295895,-0.0,-4.588254351541105e-16
0.44,2.664325059453234e-17,2.7727431417062165e-16,15.0,2.5148692345086343e-17,1.619987250423035e-15,8.456866847940961e-20,598.5082183333004,-0.0,-4.16845045327526e-16,598.5082183333004,-0.0,-2.6136049582177054e-16,731.5100446295895,-0.0,-7.136572022456104e-16,731.5100446295895,-0.0,-4.834253216592652e-16
0.45,1.8199083266651242e-17,2.774250646012537e-16,15.0,1.6170893607581328e-17,1.62086801637624e-15,1.1757090635160964e-19,598.5082183333004,-0.0,-3.9351593963014096e-16,598.5082183333004,-0.0,-2.9313791412683077e-16,731.5100446295895,-0.0,-7.03081410297083e-16,731.5100446295895,-0.0,-5.409964127179491e-16
0.46,4.1297509654498773e-17,2.766672874840963e-16,15.0,6.083038702487783e-18,1.6164406705828538e-15,-6.634330755476638e-20,598.5082183332999,-5.551115123125783e-14,-2.802816161295383e-16,598.5082183332999,-5.551115123125783e-14,-4.908526766973094e-17,731.5100446295887,-5.551115123125783e-14,-2.9587422639196463e-16,731.5100446295887,-5.551115123125783e-14,-3.636946784228876e-18
0.47000000000000003,3.298978305835757e-17,2.741806701688203e-16,15.0,-5.091818901360899e-18,1.6019125006747334e-15,-9.655771050976032e-21,598.5082183332999,-5.551115123125783e-14,2.79089978719076e-17,598.5082183332999,-5.551115123125783e-14,2.0044504499574223e-16,731.5100446295887,-5.551115123125783e-14,3.0408776238898507e-16,731.5100446295887,-5.551115123125783e-14,5.292866222958964e-16
0.48,2.776828954516248e-17,2.709293750190461e-16,15.0,-1.6209150117459554e-17,1.5829166672317722e-15,2.4299860630559637e-20,598.5082183333004,-0.0,2.990596972224968e-16,598.5082183333004,-0.0,4.3133207585458043e-16,731.5100446295897,-0.0,7.390848618952727e-16,731.5100446295897,-0.0,9.167825129769234e-16
0.49,2.4461360353209567e-17,2.694388471924299e-16,15.0,-2.7451614962352636e-17,1.5742081935213904e-15,4.9459704848721243e-20,598.5082183333004,-0.0,2.816217129285036e-16,598.5082183333004,-0.0,3.843520818109735e-16,731.5100446295897,-0.0,5.242336149767911e-16,731.5100446295897,-0.0,6.670250284915674e-16
0.5,-1.3168478678296032e-16,2.708297096593581e-16,15.0,-3.476045490176712e-17,1.5823343680293148e-15,1.115639324318024e-18,598.5082183333004,-0.0,8.083716600546832e-16,598.5082183333004,-0.0,-1.9585825301080586e-17,731.5100446295896,-0.0,9.263758201352483e-16,731.5100446295896,-0.0,7.034303616851539e-17
0.51,-6.147197333305105e-17,2.7399654792528285e-16,15.0,-3.2435797683467835e-17,1.600836758451938e-15,4.422217513700266e-19,598.5082183333005,-0.0,6.078317374037168e-16,598.5082183333004,-0.0,2.1630463576907784e-16,731.5100446295896,-0.0,6.841817598976908e-16,731.5100446295896,-0.0,2.5297322547518314e-16
0.52,-8.346769363477539e-17,2.7798344301996835e-16,15.0,-3.5648378612301186e-17,1.6241303665940551e-15,5.94481376994823e-19,598.5082183333005,-0.0,6.82680268673488e-16,598.5082183333005,-0.0,1.576386513567431e-16,731.5100446295896,-0.0,7.009340490403137e-16,731.5100446295896,-0.0,1.2690317129713251e-16
0.53,-3.547882634638921e-17,2.833047788098166e-16,15.0,-3.318381392658494e-17,1.6552205025864905e-15,1.6638053545764358e-19,598.5082183333005,-0.0,5.66390868836625e-16,598.5082183333005,-0.0,3.3702217146185166e-16,731.5100446295896,-0.0,5.078300742339431e-16,731.5100446295896,-0.0,2.2941831871919227e-16
0.54,5.036933490859386e-17,2.891942360843557e-16,15.0,-3.412766707235947e-17,1.6896299130838277e-15,-4.550628845872647e-19,598.5082183333005,-0.0,2.79061792815449e-16,598.5082183333004,-0.0,5.601810201164521e-16,731.5100446295896,-0.0,1.5690046064960177e-16,731.5100446295896,-0.0,4.1754225827678696e-16
0.55,-6.801626100515899e-17,2.9543474806193987e-16,15.0,-3.4190270462739664e-17,1.7260903759652819e-15,3.8403814115936537e-19,598.5082183333005,-0.0,6.54533837882524e-16,598.5082183333005,-0.0,2.3150966495635474e-16,731.5100446295896,-0.0,5.646695931800519e-16,731.5100446295896,-0.0,7.898512373136755e-17
0.56,9.941193381806094e-17,3.0212848058957356e-16,15.0,-3.9816432858666513e-17,1.765198799639304e-15,-7.209663834221753e-19,598.5082183333005,-0.0,1.7139542074205618e-16,598.5082183333005,-0.0,7.30558752227941e-16,731.5100446295896,-0.0,-2.684301312191144e-17,731.5100446295896,-0.0,5.464500309944828e-16
0.5700000000000001,-1.9094424743904376e-16,3.095678090298261e-16,15.0,-3.2845943293697076e-17,1.808663399888942e-15,1.2181946212384846e-18,598.5082183333004,-0.0,9.928165902352386e-16,598.5082183333005,-0.0,-1.5669419199277856e-16,731.5100446295896,-0.0,8.270973913161165e-16,731.5100446295896,-0.0,-4.3601453413067383e-16
0.58,-3.7650617466062654e-16,3.1720377401887606e-16,15.0,-1.8215412709701776e-17,1.8532768577346106e-15,2.382602094728998e-18,598.5082183333011,5.551115123125783e-14,1.4878316022141946e-15,598.5082183333004,-0.0,-7.378530875207479e-16,731.5100446295896,-0.0,1.3645632413661673e-15,731.5100446295896,-0.0,-1.0678956504457007e-15
0.59,1.915189301269063e-16,3.227613264670299e-16,15.0,-2.4908649847107064e-19,1.8857470998358184e-15,-1.7747246351570718e-18,598.508218333301,5.551115123125783e-14,-3.6056228989144566e-16,598.508218333301,5.551115123125783e-14,8.183123781844449e-16,731.5100446295896,-0.0,-3.948038488764057e-16,731.5100446295896,-0.0,7.628604404150255e-16
0.6,1.5728209623527377e-16,3.2185857397146415e-16,15.0,-1.2123029020960465e-17,1.880472729083235e-15,-1.2362557218043307e-18,598.508218333301,5.551115123125783e-14,-5.521754348960829e-16,598.508218333301,5.551115123125783e-14,3.839367407966009e-16,731.5100446295896,-0.0,-2.7213857863331705e-16,731.5100446295896,-0.0,6.901847882868826e-16
0.61,-2.073437074431206e-16,3.1486457302836697e-16,15.0,-2.8484781215357177e-18,1.8396099741210424e-15,1.2768928924288811e-18,598.5082183333004,-0.0,4.368726188676285e-16,598.5082183333004,-0.0,-7.798012133186194e-16,731.5100446295896,-0.0,8.521153688412996e-16,731.5100446295896,-0.0,-4.818043751872545e-16
0.62,-1.5981759723443418e-16,3.0917568694605927e-16,15.0,1.875655962896349e-17,1.8063724095452755e-15,7.635704228889103e-19,598.5082183333004,-0.0,3.2809137548964e-16,598.5082183333004,-0.0,-5.706501346376842e-16,731.5100446295896,-0.0,6.274695940436246e-16,731.5100446295896,-0.0,-3.9989740984318626e-16
0.63,-1.2426208080515881e-16,3.0572071080644e-16,15.0,4.016195167455733e-17,1.786186561052815e-15,4.2903411529604096e-19,598.5082183333004,-0.0,2.5962523437186483e-16,598.5082183333004,-0.0,-4.0181422100623936e-16,731.5100446295896,-0.0,4.3498086595168467e-16,731.5100446295896,-0.0,-3.501474019104278e-16
0.64,-9.749781400077365e-17,3.044996434601046e-16,15.0,6.138386905163109e-17,1.7790524219282154e-15,2.1372122300319938e-19,598.5082183333004,-0.0,2.2014895434131118e-16,598.5082183333004,-0.0,-2.6196821033299887e-16,731.5100446295896,-0.0,2.669112586698015e-16,731.5100446295896,-0.0,-3.2481645524180916e-16
0.65,-8.595987610836846e-17,3.0548995853677816e-16,15.0,8.18753396730553e-17,1.784838380872561e-15,1.4981710640217904e-19,598.5082183333004,-0.0,2.2914785291383986e-16,598.5082183333004,-0.0,-1.689803791747022e-16,731.5100446295896,-0.0,1.443731639733854e-16,731.5100446295896,-0.0,-3.4576098934478765e-16
0.66,4.230394193549192e-16,3.084196346038759e-16,15.0,9.522534541620829e-17,1.8019551408247555e-15,-3.3715259662024784e-18,598.5082183333003,-0.0,-1.2957818401060148e-15,598.5082183333011,5.551115123125783e-14,1.3347639787674659e-15,731.5100446295896,-0.0,-1.5190058856888992e-15,731.5100446295896,-0.0,1.2287016321075042e-15
0.67,6.851896439799386e-16,3.110418268489235e-16,15.0,4.1456237800325416e-17,1.8172754131617066e-15,-4.305537514648055e-18,598.5082183333004,-0.0,-1.9973412598460345e-15,598.5082183333004,-0.0,2.0554898860529524e-15,731.5100446295896,-0.0,-2.4135732253717224e-15,731.5100446295896,-0.0,2.029592936895901e-15
0.68,5.707486489177258e-16,3.157421735884278e-16,15.0,-2.3005804994405177e-17,1.844737393595563e-15,-2.8380571091319237e-18,598.5082183333004,-0.0,-1.5425349733114434e-15,598.5082183333004,-0.0,1.7117903417578717e-15,731.5100446295896,-0.0,-2.1250411322812683e-15,731.5100446295895,-0.0,1.5914827560201998e-15
0.6900000000000001,-5.271340282648411e-16,3.2084983098748574e-16,15.0,-5.0837755708380035e-17,1.8745791042882853e-15,4.817086565535758e-18,598.5082183333011,5.551115123125783e-14,1.6517466118792125e-15,598.5082183333003,-0.0,-1.6303885146134717e-15,731.5100446295896,-0.0,1.363703053998221e-15,731.5100446295896,-0.0,-1.896716238260943e-15
0.7000000000000001,-7.218755010201379e-16,3.2176809116403635e-16,15.0,3.645068395759423e-18,1.879944079342079e-15,5.000128149840237e-18,598.5082183333009,5.551115123125783e-14,1.8947723019816705e-15,598.508218333301,5.551115123125783e-14,-2.3803675022832704e-15,731.5100446295896,-0.0,2.095659614161623e-15,731.5100446295896,-0.0,-2.4685454669302833e-15
0.71,3.3167670755462876e-16,3.163711108172481e-16,15.0,3.323684068888096e-17,1.8484119867328778e-15,-2.8564628566544484e-18,598.5082183333003,-0.0,-1.4050199445569372e-15,598.508218333301,5.551115123125783e-14,6.459151699219335e-16,731.5100446295896,-0.0,-1.230904020111452e-15,731.5100446295896,-0.0,8.409690367107387e-16
0.72,3.405280926469156e-16,3.101940997328504e-16,15.0,-5.535127350927008e-18,1.8123225305840897e-15,-2.2250382862655416e-18,598.5082183333004,-0.0,-1.3606941580857299e-15,598.5082183333003,-0.0,6.413053216780687e-16,731.5100446295896,-0.0,-1.3683584900381273e-15,731.5100446295896,-0.0,7.938876499610403e-16
0.73,2.4893611959548694e-16,3.0679094893707134e-16,15.0,-3.7612067388760265e-17,1.7924394739189976e-15,-1.256771784691837e-18,598.5082183333004,-0.0,-1.0012258637867791e-15,598.5082183333004,-0.0,3.978252894673876e-16,731.5100446295896,-0.0,-1.1605750925962707e-15,731.5100446295896,-0.0,4.211540322552821e-16
0.74,1.0172557545838483e-16,3.0540368920711084e-16,15.0,-6.621456229075888e-17,1.7843343485586355e-15,-9.633962048790189e-20,598.5082183333004,-0.0,-5.073474006866377e-16,598.5082183333004,-0.0,-1.8866918480630646e-17,731.5100446295896,-0.0,-7.351070750428728e-16,731.5100446295895,-0.0,-1.0488626036906148e-16
0.75,2.518085658229447e-16,3.057699737107809e-16,15.0,-9.876087848805144e-17,1.7864743817158644e-15,-1.0640731054147102e-18,598.5082183333004,-0.0,-9.061900368923075e-16,598.5082183333004,-0.0,4.3772845424603135e-16,731.5100446295896,-0.0,-1.2607290814909507e-15,731.5100446295895,-0.0,2.853980526201678e-16
0.76,-5.413952271815593e-16,3.062338073925681e-16,15.0,-1.0243402234602086e-16,1.789184350192604e-15,4.2030527885279465e-18,598.5082183333004,-0.0,1.3684381078986266e-15,598.5082183333004,-0.0,-1.9709238997156387e-15,731.5100446295895,-0.0,1.2580455224456238e-15,731.5100446295896,-0.0,-2.2464929313571427e-15
0.77,-2.5536624303750993e-16,3.07170979537068e-16,15.0,-8.479719282333328e-17,1.794659819242389e-15,1.726578068810438e-18,598.5082183333004,-0.0,5.79972928487346e-16,598.5082183333004,-0.0,-1.0003228869215978e-15,731.5100446295895,-0.0,3.6977078797547506e-16,731.5100446295896,-0.0,-1.3619281103187138e-15
0.78,-9.442179414450034e-17,3.1005028643327327e-16,15.0,-8.941335742152898e-17,1.81148229512105e-15,6.028556046466098e-19,598.5082183333011,5.551115123125783e-14,1.310274039893472e-16,598.5082183333003,-0.0,-4.986694810157834e-16,731.5100446295895,-0.0,-1.6873558497028143e-16,731.5100446295896,-0.0,-8.88551223316298e-16
0.79,-7.819608288300171e-16,3.112689603420569e-16,15.0,-3.634015038125111e-17,1.8186024504825663e-15,4.753534723317461e-18,598.5082183333003,-0.0,2.0340688898573232e-15,598.5082183333004,-0.0,-2.567377954249425e-15,731.5100446295895,-0.0,2.0206134925279183e-15,731.5100446295896,-0.0,-3.053747584644349e-15
0.8,-4.09137377040219e-16,3.1330689820674465e-16,15.0,2.645881874742177e-17,1.830509191169397e-15,1.6106794719508145e-18,598.5082183333004,-0.0,9.290949931761206e-16,598.5082183333004,-0.0,-1.3548077196049466e-15,731.5100446295895,-0.0,7.617074833208832e-16,731.5100446295896,-0.0,-1.939427417040448e-15
0.81,6.7730246047107e-16,3.1564603610783414e-16,15.0,4.328295780533825e-17,1.8441757061802845e-15,-5.785331429704961e-18,598.5082183333003,-0.0,-2.3882027541983595e-15,598.508218333301,5.551115123125783e-14,1.7697487842822753e-15,731.5100446295896,-0.0,-2.669724141574072e-15,731.5100446295895,-0.0,1.5409555979139852e-15
0.8200000000000001,3.147040791569509e-16,3.1663055486653354e-16,15.0,1.7503792568044335e-19,1.84992779988455e-15,-2.2017208038545293e-18,598.5082183332999,-5.551115123125783e-14,-1.1521286101035071e-15,598.5082183332999,-5.551115123125783e-14,7.136467102144504e-16,731.5100446295887,-5.551115123125783e-14,-1.4850080039421628e-15,731.5100446295886,-5.551115123125783e-14,5.064080879393604e-16
0.8300000000000001,-9.106397663476012e-17,3.1747006470415837e-16,15.0,-2.0937450407451786e-17,1.8548326726551308e-15,9.800026557676625e-19,598.5082183333005,-0.0,1.4847500912776353e-16,598.5082183332997,-5.551115123125783e-14,-4.454474325929037e-16,731.5100446295887,-5.551115123125783e-14,6.902624311392966e-17,731.5100446295887,-5.551115123125783e-14,-4.894348009118577e-16
0.84,-3.6871078754098585e-16,3.150143202240711e-16,15.0,1.2197364038835522e-17,1.8404848786305097e-15,2.411025653756499e-18,598.5082183332999,-5.551115123125783e-14,1.1465795653792e-15,598.5082183332999,-5.551115123125783e-14,-1.016548016034872e-15,731.5100446295887,-5.551115123125783e-14,1.5333020405479401e-15,731.5100446295888,-5.551115123125783e-14,-7.990430670265502e-16
0.85,-1.834864769805628e-16,3.1154727040901353e-16,15.0,4.596481198809624e-17,1.8202284891637284e-15,7.913389995727026e-19,598.5082183333004,-0.0,7.832676996732313e-16,598.5082183333004,-0.0,-2.2009478767604993e-16,731.5100446295897,-0.0,1.250258474216545e-15,731.5100446295897,-0.0,9.265226531708877e-17
0.86,-1.175068406342978e-16,3.0986565107755864e-16,15.0,7.513303295482295e-17,1.8104035550180232e-15,2.2746784762110854e-19,598.5082183333004,-0.0,5.686890123040026e-16,598.5082183333004,-0.0,-8.542546408644672e-18,731.5100446295896,-0.0,9.10777407657569e-16,731.5100446295897,-0.0,1.955872263404358e-16
0.87,3.427381402420593e-16,3.095997160325524e-16,15.0,6.766445309252044e-17,1.808849817941297e-15,-2.6013163837238638e-18,598.5082183333004,-0.0,-7.345146098546662e-16,598.5082183333004,-0.0,1.375178597641383e-15,731.5100446295897,-0.0,-6.129008961354565e-16,731.5100446295896,-0.0,1.6176028642927806e-15
0.88,1.936881913382203e-16,3.1158870627744604e-16,15.0,5.294639172467459e-17,1.8204705800287682e-15,-1.1897203503491733e-18,598.5082183333004,-0.0,-2.248391116134035e-16,598.5082183333004,-0.0,9.516985442846118e-16,731.5100446295896,-0.0,-2.2592920521846965e-16,731.5100446295896,-0.0,1.088164891953969e-15
0.89,3.2335289155280376e-16,3.1485520722974427e-16,15.0,4.16440839434146e-17,1.8395552540348917e-15,-1.9801895492139406e-18,598.5082183333004,-0.0,-5.998317959606273e-16,598.5082183333011,5.551115123125783e-14,1.3259166574694745e-15,731.5100446295897,-0.0,-6.44786801911408e-16,731.5100446295896,-0.0,1.4873200216946216e-15
0.9,5.950101242170307e-16,3.1636752180910137e-16,15.0,-2.733652136684421e-17,1.8483910177965496e-15,-3.095622783555245e-18,598.5082183333012,5.551115123125783e-14,-1.4733260183599575e-15,598.5082183333003,-0.0,1.9300175821601207e-15,731.5100446295897,-0.0,-1.5697840176167566e-15,731.5100446295896,-0.0,2.2837642255166505e-15
0.91,-4.438963002353264e-16,3.154970639192174e-16,15.0,-3.435485975836836e-17,1.8433053296834617e-15,3.86586984094471e-18,598.5082183333011,5.551115123125783e-14,1.4874438983358337e-15,598.5082183333003,-0.0,-1.25039464591787e-15,731.5100446295896,-0.0,1.7002801668269386e-15,731.5100446295896,-0.0,-1.0576066412643684e-15
0.92,-5.10554277748368e-16,3.160252614481321e-16,15.0,-1.6541983847961143e-18,1.8463913467388326e-15,3.632891987842443e-18,598.5082183333004,-0.0,1.7379832637402429e-15,598.5082183333004,-0.0,-1.298836466836415e-15,731.5100446295896,-0.0,1.8269806222005944e-15,731.5100446295896,-0.0,-1.3947539421591907e-15
0.93,4.592118820556252e-16,3.184159809927935e-16,15.0,1.1125635402837693e-17,1.8603592297476618e-15,-3.456006170929884e-18,598.5082183333003,-0.0,-1.213197505711617e-15,598.5082183333011,5.551115123125783e-14,1.5468149720423142e-15,731.5100446295896,-0.0,-1.2597374313204083e-15,731.5100446295896,-0.0,1.6253189328814205e-15
0.9400000000000001,-8.381302969781692e-17,3.1933442768546534e-16,15.0,-2.555614382846141e-17,1.865725294530013e-15,9.369517976793128e-19,598.5082183333011,5.551115123125783e-14,3.924780663061447e-16,598.5082183333003,-0.0,-1.6033017014889323e-16,731.5100446295896,-0.0,4.200329018566018e-16,731.5100446295896,-0.0,-1.0101565175836935e-16
0.9500000000000001,-5.492243605843001e-16,3.179210392071372e-16,15.0,3.4510172952662296e-17,1.8574675108199166e-15,3.278401879516026e-18,598.5082183333003,-0.0,1.5540874541580878e-15,598.5082183333011,5.551115123125783e-14,-1.6202964999245805e-15,731.5100446295896,-0.0,1.927253948865844e-15,731.5100446295896,-0.0,-1.5676323841265576e-15
0.96,3.9821948174178426e-16,3.13559142154407e-16,15.0,4.229763509069682e-17,1.831982937413912e-15,-3.289851656883683e-18,598.5082183333004,-0.0,-1.3367768931198782e-15,598.5082183333004,-0.0,1.112628655175988e-15,731.5100446295896,-0.0,-1.0879488502943272e-15,731.5100446295896,-0.0,1.4211641480191137e-15
0.97,3.741066026704478e-16,3.106918997267411e-16,15.0,1.0996193717715252e-17,1.815230948717864e-15,-2.510444419077369e-18,598.5082183333004,-0.0,-1.1060749282133527e-15,598.5082183333004,-0.0,1.1133205329258453e-15,731.5100446295896,-0.0,-1.1281864291337875e-15,731.5100446295896,-0.0,1.2624976563484093e-15
0.98,2.913065558283445e-16,3.1095163685385646e-16,15.0,-2.3263188479887805e-17,1.8167484741895145e-15,-1.531110907125064e-18,598.5082183333004,-0.0,-7.760812954388506e-16,598.5082183333004,-0.0,8.836962112370362e-16,731.5100446295896,-0.0,-9.399738767016805e-16,731.5100446295896,-0.0,9.315470399670213e-16
0.99,-3.4532251644149894e-17,3.133221648790703e-16,15.0,-5.5364902211249884e-17,1.8305983873670254e-15,9.632886461170217e-19,598.5082183333011,5.551115123125783e-14,2.2552541760144e-16,598.5082183333003,-0.0,-9.661784460413838e-17,731.5100446295896,-0.0,4.27775818637558e-17,731.5100446295896,-0.0,-1.6031775738323946e-16
1.0,1.0856996082063249e-07,5.88712255701483e-08,14.999995799949456,-3.770959315419828e-09,3.439505905602278e-07,3.417135116913048e-11,598.5091307305358,7.764258735942775e-06,5.633058091713141e-06,598.5091218431622,7.682344538295638e-06,6.191239801326142e-06,731.5098003147366,-1.5385700491421517e-06,-2.4566447158715253e-06,731.5097893422349,-1.6171408101506302e-06,-1.6733816457361745e-06
1.01,-4.364311765664508e-05,0.3333102165905689,15.001671464968489,1.4503836620345665e-06,-0.00013618544648002676,-1.0112417751710308e-08,598.1454643481962,-0.003078554355884222,-0.0022379697637525515,598.1489893232778,-0.003047048588444845,-0.0024618548679821053,740.1298814346861,0.0006048333615615853,8.523811823213471,740.1342377088131,0.0006350531793763992,8.523496179014975
1.02,-0.0001347140105185092,0.666488548652699,15.006670619418383,1.0145330606484304e-05,-0.0010553351836057449,-2.018195064944733e-07,596.9754887634018,-0.02393936744976566,-0.008720904609089399,596.9892696357239,-0.023718986846221757,-0.009386549231944544,748.956719216235,0.004603642850153911,17.049258669897533,748.9731241764023,0.0048150283270542715,17.048266077731313
1.03,-0.00023124227482513603,0.9994195034008022,15.015000409512195,2.992349850771007e-05,-0.003450704640516188,-6.748340366980022e-07,594.8931360691536,-0.07858110836839183,-0.019010776788631716,594.9229800387735,-0.07793109912701546,-0.020103342180836762,757.9996547524222,0.014746565486223329,25.575872624680134,758.0340835956665,0.015370043738138772,25.5741358546122
1.04,-0.0003083769127378453,1.3320041967949383,15.026657853518381,6.176417747066436e-05,-0.007909229033694554,-1.4143109755915342e-06,591.8246084225211,-0.1808902603447904,-0.032529224305145064,591.8749054481316,-0.17954859617336227,-0.03390697497692998,767.2522886147818,0.0330195309197201,34.10320404232306,767.3087672004822,0.03430643328822258,34.10084059263213
1.05,-0.0003534719420501051,1.6641597320751578,15.041639061177767,0.00010456531051699178,-0.014904008005155334,-2.35293992278028e-06,587.7255811307766,-0.3424785266468722,-0.048607212362232144,587.7990298187995,-0.34020712058219216,-0.05007375113080017,776.6942465733666,0.0606039673489156,42.63082768696253,776.7747843957479,0.06278266296194657,42.62805787717586
1.06,-0.00036239202494562885,1.9958189816138707,15.0599393921083,0.0001558020654586312,-0.02479127616789849,-3.407180822261536e-06,582.5795643171659,-0.5726015180294031,-0.06652458093632524,582.6770759550975,-0.5692171285653913,-0.06787667358045416,786.292937120423,0.09787647868397809,51.15834874104988,786.397593824931,0.10112272980256076,51.15543545037185
1.07,-0.0003367678865965555,2.3269307513351674,15.081553614066642,0.00021208370640991142,-0.037811110393199274,-4.496734110430135e-06,576.3957167395528,-0.8781438572382227,-0.08554626904519591,576.5164660778432,-0.873536897951499,-0.08660410436759126,796.0056948162894,0.1444431049044126,59.685410381597066,796.1327571288512,0.14886202503661128,59.6826156320415
1.08,-0.0002819131784982945,2.6574601455246456,15.1064760640295,0.00026962030468181676,-0.05409151372932618,-5.553450835500028e-06,569.2062211728472,-1.263665085535326,-0.10495475229523159,569.3478126145878,-1.2578082967017457,-0.10557938985086729,805.7822014183107,0.1992040470191192,68.2117016841126,805.9284446412751,0.204821783247211,68.20925673291568
1.09,-0.00020522699943472213,2.9873889135688656,15.134700813019013,0.00032460526595542733,-0.07365544546949772,-6.523872885110214e-06,561.0633318867881,-1.731499594741559,-0.12407805320674566,561.2220505246833,-1.7244484055682352,-0.12417950520516327,815.5670731196742,0.2604439954251303,76.73696492983453,815.7280807205054,0.26720738095875607,76.73505138525502
1.1,-0.0001149728000409306,3.316715563487469,15.166221833398271,0.00037351761271475607,-0.09643031554195275,-7.3682672993287355e-06,552.0362027463805,-2.2819029754789777,-0.142312723441678,552.2073213060916,-2.2737892999808995,-0.14185127198386113,825.302503264972,0.3259426454190195,85.26100161778243,825.4730190371114,0.333725150488573,85.2597415651407
1.11,-1.936268312498328e-05,3.6454550624161306,15.201033165365448,0.0004133478926289463,-0.12225942915975094,-8.058088883711795e-06,542.2075997545519,-2.913236642877848,-0.15914136168060417,542.3857149142202,-2.904257768337304,-0.15812413618737264,834.9308552311944,0.39309964245687334,93.78367666556322,835.105144629444,0.40171203232231,93.78313004768707
1.12,7.410273351864628e-05,3.9736380015343378,15.239129077849253,0.0004417524940596157,-0.15091485400734359,-8.57312061434867e-06,531.6705948484661,-3.6221823499927863,-0.17414446167914133,531.8499694671021,-3.612586473096313,-0.17261888342376913,844.3971092205251,0.45906808220186335,102.30492044795035,844.5693094195467,0.4682722906536041,102.30508809408511
1.1300000000000001,0.00015907770702288266,4.301309171622649,15.28050421812195,0.0004571424172996966,-0.18211118607119584,-8.899026414669364e-06,520.5253288456307,-4.403978200950953,-0.1870066428078668,520.7002201668485,-4.3940480353532045,-0.18505202062592302,853.6510788385573,0.5208907922731876,110.82472848179131,853.8155205376119,0.5304156449894015,110.82555929097855
1.1400000000000001,0.00023063149548409537,4.628525565375394,15.32515374426041,0.0004587137977697404,-0.21551970998277242,-9.025668109341232e-06,508.87592100485904,-5.252668003709882,-0.197517572146122,509.0408787157778,-5.242703724340824,-0.19523587000563788,862.6493277853995,0.5756339283815026,119.3431587215296,862.8008155338562,0.5851915024701615,119.34455962133056
1.1500000000000001,0.0002855864863118558,4.955353887253989,15.373066454068134,0.0004464286542603209,-0.2507824740707575,-8.946465835600062e-06,496.82901348615746,-6.1613559993422555,-0.20556065185749078,496.97912064315733,-6.151658604778509,-0.2030661427680554,871.3563690961839,0.6205128770610524,127.86032198389081,871.4903919175084,0.6298144596018074,127.86217121364164
1.16,0.000363289538908443,4.9485646996335495,15.422582710750193,0.00041948728356965784,-0.28738821300135703,-8.671828144792224e-06,484.850302634459,-7.1193141041338,-0.20943538094514322,484.97788212134816,-7.110201961670503,-0.20665399118631236,871.1332878364657,0.652429098012608,127.85251747716272,871.2419136058244,0.661169316293786,127.85499202256224
1.17,0.00046800999734396503,4.941713614769936,15.47203405087466,0.0003734101692041446,-0.32431935812815677,-8.115013933255387e-06,473.48960285668807,-8.10376672220514,-0.20789144061139567,473.584643799104,-8.095655499089139,-0.20474328447348958,870.3869201254273,0.6666386867694718,127.84231761083939,870.4598132316373,0.6744188395542139,127.84563118917634
1.18,0.0005598228590719583,4.935040565097504,15.52141757929925,0.0003061012246616123,-0.36051670286588117,-7.176704948598465e-06,462.9496530809809,-9.090281967140623,-0.20165673808797763,463.0040783748592,-9.083632855360403,-0.1982520733757179,869.109263091213,0.6589294598586815,127.83052372216977,869.1388093847524,0.6653071793213394,127.8345765733745
1.19,0.0006169030300111261,4.9287601556930545,15.570736174835227,0.00021870219349092495,-0.39504606371856915,-5.811240006071267e-06,453.3951727098648,-10.056516816262572,-0.1915064689822705,453.40336655620206,-10.05176619968362,-0.18805206345525657,867.3180373075528,0.6263830691051187,127.81790161515352,867.2996175568434,0.6309397829665775,127.82242156828175
1.2,0.000629835272825673,4.923052399339561,15.61999469579685,0.00011468726578144914,-0.42711302568943743,-4.0164789436406635e-06,444.953222485199,-10.982555669071804,-0.17820686399130314,444.9122900126736,-10.98006445931432,-0.17494367328461438,865.0543633932821,0.5674347758962694,127.80516736543271,864.9863985010609,0.5698243036228456,127.80980925855344
1.21,0.0005975868029297649,4.918056711086742,15.669199601232432,-9.231617940605851e-07,-0.45607233550490306,-1.8301367220307143e-06,437.7137661002748,-11.851164607436015,-0.1624797317738941,437.62356608736616,-11.851184660060854,-0.15964206862952043,862.3798769317013,0.4818727818710622,127.79297272494945,862.2636800755176,0.4818535477207342,127.7973867158209
1.22,0.0005246078946740512,4.913869222000318,15.718358528834763,-0.00012224895900528785,-0.4814318768112965,6.730116723874399e-07,431.73109798780683,-12.647955094197194,-0.14498081361988438,431.5940865718808,-12.650610537312312,-0.14277047577147012,859.3732556388532,0.3707816046110146,127.78189137624696,859.2127262357335,0.36823454692919144,127.78576763002617
1.23,0.0004187123531360145,4.910543117047059,15.767479861454943,-0.00024313898354410697,-0.5028516550662587,3.3859316542879547e-06,427.0260079022059,-13.361461444761913,-0.12629344649058682,426.84693415671114,-13.36674279580019,-0.12486440333127528,856.1263312901027,0.23643675176554524,127.77240625287266,855.9275306647464,0.23137096607572794,127.77550155266402
1.24,0.00028948481008818865,4.908091495926918,15.81657231009048,-0.00035765966441318064,-0.5201383299897049,6.177125883346402e-06,423.5885588300097,-13.98313843834692,-0.10692546200138578,423.3740537000931,-13.990907333012114,-0.10637623271983784,852.7399615170126,0.08215889788082409,127.76490192407704,852.5106111793305,0.07470710095713873,127.76705231420581
1.25,0.00014710723722776174,4.9064921360733225,15.86564453553749,-0.00046048121869006204,-0.5332359155644072,8.901177152596717e-06,421.38133359995743,-14.507287049019158,-0.08731572248492706,421.13943260397116,-14.517289358257745,-0.08768731425077173,849.319823471923,-0.0878636273176081,127.75965984519623,849.0687656665127,-0.09745767903629465,127.76078291889505
1.26,1.489983703568471e-06,4.9056934984540135,15.914704824433155,-0.0005471615761078949,-0.5422133216411518,1.141098863073561e-05,420.3430214949639,-14.930917465063864,-0.06784270579645366,420.08265849512446,-14.942802577892433,-0.06912068459958225,845.9722833814028,-0.2687749645078896,127.75685768491292,845.7089397741456,-0.28017497069043884,127.75694743325849
1.27,-0.00013835469672400988,4.9056213460897675,15.963760828917698,-0.0006143315674347556,-0.5472494389826031,1.3570268942446698e-05,420.39221549017736,-15.25355934988587,-0.048833820776923095,420.1227202869926,-15.26690347748949,-0.050953467056019226,842.8004793658176,-0.4552654330676198,127.75657224595258,842.5343383695404,-0.4680649024016992,127.75568895683
1.28,-0.0002647440611732218,4.9061854250863375,16.01281937320932,-0.0006597885690206811,-0.5486164729120259,1.526476030664546e-05,421.4313000586472,-15.477029699933142,-0.03057376703416509,421.1619269950709,-15.491361212937093,-0.033427516482199986,839.9007370443884,-0.6417901130761905,127.75878548996097,839.6408939135664,-0.6555366663657525,127.75704275978495
1.29,-0.00037159585492644963,4.907285769552366,16.061886325422883,-0.0006825089836477848,-0.5466622120875414,1.6410937618640034e-05,423.3503202985486,-15.605168706888882,-0.013310904388404656,423.08982895624996,-15.619993743306138,-0.01675740883249326,837.3594173868988,-0.8227841560180527,127.76339305398486,837.114184437107,-0.8370040889080776,127.7609435651725
1.3,-0.00045456487407689476,4.9088183170339095,16.11096652919866,-0.0006825923229656365,-0.5417918811774721,1.6961332239243142e-05,426.0307358353324,-15.643553772678231,0.0027387914562385066,425.7870387254249,-15.65838063131203,-0.0011354093468761684,835.2502748859133,-0.9928674462406084,127.77021460258028,835.0268725566464,-1.0070891269710058,127.76723592990267
1.31,-0.0005110658377431665,4.910679644647982,16.16006378719843,-0.0006611510658167998,-0.5344501724863925,1.690615472164822e-05,429.3489769470634,-15.599201301777498,0.017390103847846835,429.1288632270251,-15.613562443642593,0.013266480046339763,833.632382057117,-1.1470321658501592,127.7790053837541,833.4367154683729,-1.1608071386595142,127.77568673539452
1.32,-0.0005402006296816954,4.912770746277424,16.20918088719384,-0.0006201608836620546,-0.5251039851328165,1.6271403308190044e-05,433.179735090681,-15.480265153991702,0.030488833243793027,432.9886740648244,-15.493735951096044,0.026296935667337443,832.5486541537526,-1.2808078703012704,127.78946843219502,832.3851746051489,-1.2937288389524015,127.78599892024697
1.33,-0.0005426072120483772,4.9149998604830065,16.25831966114146,-0.0005622853533211279,-0.5142263245011384,1.5114064033415355e-05,437.39893495288504,-15.295739731207792,0.04191328003642511,437.24095861498495,-15.307953408580655,0.037827500457634514,832.0249863986924,-1.390399821142141,127.80126696961301,831.8966330833895,-1.4021149810712341,127.79782574943924
1.34,-0.0005202478275468981,4.917284423698645,16.30748106808092,-0.0004906881008272902,-0.5022817326176933,1.3515278386762558e-05,441.88634984554375,-15.055174641603053,0.051576225289557895,441.76401008051914,-15.065833139467466,0.047755754236435806,832.0699955531134,-1.472797507646173,127.81403666827204,831.9782096413609,-1.483020964781423,127.81078508980562
1.35,-0.00047615465887315976,4.919552263764312,16.356665292659997,-0.0004088436563531645,-0.489713534928978,1.1572456791462584e-05,446.5278363057287,-14.76840677990815,0.059426729742407966,446.44222958516303,-14.777287507820368,0.05600868517111502,832.6753387653545,-1.5258514831030245,127.82739755044095,832.6201398923735,-1.5343697323249583,127.82447332381595
1.36,-0.0004141512336714756,4.921742167516114,16.40587185235124,-0.0003203563648763336,-0.4769331035740298,9.39126532807447e-06,451.21717680458266,-14.445314524534513,0.06545119963683418,451.1680272369554,-14.452273182252728,0.06254558188537201,833.8165658300509,-1.5483178089552574,127.84096537852594,833.7966797782369,-1.5549924398278736,127.8384786629645
1.37,-0.0003385671439406462,4.923803957291246,16.455099707779947,-0.00022879467712032012,-0.4643112542577834,7.078247966667246e-06,455.8575312475019,-14.0955976192218,0.06967334104607999,455.8433215955551,-14.100567418174837,0.06735992532910147,835.4544466174344,-1.539870507976382,127.8543624397488,835.4674724645972,-1.5446374579925481,127.85239370717711
1.3800000000000001,-0.00025396197819315753,4.9256981999010385,16.504347371883537,-0.0001375461826573836,-0.45217181554530356,4.7346172605246114e-06,460.36250826336766,-13.728585210875222,0.07215281019409234,460.38064792241056,-13.73157294661076,0.07047994849777416,837.5367038056168,-1.5010834468296985,127.86722764450172,837.5793088694437,-1.5039492341678562,127.86582713629255
1.3900000000000001,-0.00016487187089632877,4.92739565296026,16.553613014768892,-4.969693672725875e-05,-0.4407873377515436,2.451502349509089e-06,464.65687600604576,-13.35307348370296,0.07298254050752193,464.70389485143613,-13.354152986898459,0.07196772304527878,840.0000723726524,-1.4333839732331155,127.87922584484309,840.0682037825186,-1.4344194150737177,127.87841442135418
1.4000000000000001,-7.55889543997078e-05,4.928876531918592,16.60289456207601,3.206297290897507e-05,-0.43037684516274843,3.067237063652229e-07,468.6769391571408,-12.977193384390795,0.07228476038446392,468.74869652580463,-12.976496920346802,0.07191669338713526,842.772601617436,-1.3389814028212932,127.8900561770307,842.8617041766402,-1.3383133658811386,127.88982734837235
1.41,1.001846915828517e-05,4.930129660226309,16.652189785383637,0.00010550705252407795,-0.42110548126272773,-1.6370060220528483e-06,472.3706147862229,-12.608308090116038,0.07020635132078396,472.4625135646059,-12.606016289008593,0.07044824145217997,845.7761132341793,-1.220774070023467,127.89945949372384,845.8813443035492,-1.2185758118183898,127.89978240795253
1.42,8.86433543224571e-05,4.9311515471204705,16.701496383723917,0.00016891380377614655,-0.4130858527567217,-3.3326685205573676e-06,475.6972426764227,-12.25293914297687,0.0669134525339267,475.8044394724431,-12.249270030554982,0.06770717334832552,848.9287290879213,-1.0822391160815736,127.90722466071266,849.0451624741312,-1.0787197633503887,127.90804783143095
1.43,0.0001576313371974415,4.9319454238289975,16.75081205564582,0.00022108343631674972,-0.40638084483063064,-4.74856658976951e-06,478.62716811092656,-11.916719565901012,0.06258519757652087,478.7447716925597,-11.911917230963354,0.06385599581640887,852.1473850571292,-0.9273094812533023,127.91319296151016,852.2701972526099,-0.9227031599865487,127.91444849797615
1.44,0.00021502863124689642,4.932520259714684,16.800134561525123,0.0002613321573299961,-0.40100765732536214,-5.867272930294423e-06,481.1411374563917,-11.604371788756673,0.057407973110178874,481.26438897056556,-11.598695174535155,0.05906939917223543,855.3502543841892,-0.7602426977140198,127.91726125929173,855.474887904746,-0.754797782032135,127.9188693698305
1.45,0.0002595905653245597,4.932889774640277,16.849461776004585,0.00028946685459494277,-0.3969427990742195,-6.684140178465172e-06,483.22954478446314,-11.319707849975103,0.05156974632784889,483.35397471083047,-11.313420095371784,0.053528535056533745,858.4590105279456,-0.5854860527057526,127.91938333981972,858.5813105460878,-0.5794549411474725,127.92125689031427
1.46,0.00029075543951144993,4.933071461650263,16.898791730598,0.0003057433860227984,-0.3941277748799133,-7.2055701356852444e-06,484.89156730123585,-11.06564909115254,0.04525486927965849,485.0131255497292,-11.059007777978302,0.04741554150382324,861.4008696183423,-0.40754251872332503,127.91956945575679,861.5171915069591,-0.4011722795562167,127.92161837919319
1.47,0.0003085897570362609,4.933085633821458,16.94812264663014,0.0003108119221792927,-0.3924752056846438,-7.447190748469601e-06,486.1342248974176,-10.844262423604146,0.03863953871693697,486.2493818873381,-10.837511011091095,0.04090854493566731,864.110363373683,-0.23084154475433438,127.91788408224642,864.2176501286782,-0.22436570009892742,127.92001945974202
1.48,0.0003137114173453378,4.932954509742615,16.99745295882604,0.00030565287809721187,-0.39187513634547766,-7.432042563155267e-06,486.97139613429266,-10.656810206910727,0.031888030511675894,487.07721404738726,-10.650170857945952,0.034177309102620755,866.5308050124739,-0.05961838888485227,127.9144419762302,866.6266347759733,-0.053250033755336545,127.91657964156101
1.49,0.0003071975690133906,4.932701352639211,17.046781330010727,0.0002915069292707443,-0.39220130585436747,-7.188837939188395e-06,487.42281944894404,-10.50381082880053,0.025149770275870773,487.51699408885816,-10.497478756399502,0.027379640588688064,868.6154227320654,0.10219483052958944,127.90940271189828,868.6980277564172,0.10826845099592974,127.91146626832149
1.5,0.00029048358247398914,4.932349678040093,17.0961066575308,0.000269802447565808,-0.3933171805224582,-6.750328276347146e-06,487.513104474942,-10.385107200650722,0.018557250133283555,487.59397925675063,-10.379246590722257,0.020658603926769274,870.3281473047454,0.25106375745315157,127.90296393453586,870.3964066534895,0.25668515881305254,127.90488711215848
1.51,0.0002652590791446178,4.931922543768586,17.14542807215361,0.00024208343105880666,-0.3950815802167007,-6.151796566070777e-06,487.2707743014953,-10.299940570105248,0.012224758038306673,487.3373288119563,-10.294682069777405,0.01414054982869712,871.6440518658309,0.3839300992161121,127.89535362931089,871.6974609200854,0.38897396687753716,127.89708195069345
1.52,0.00023336621637944405,4.931441933890188,17.194744930327555,0.00020994065467174258,-0.39735375982790044,-5.429682946318541e-06,486.7273553920089,-10.247027288043942,0.006247851831479224,486.7791716861971,-10.24246698958059,0.007933919353663717,872.5494526952738,0.49827224275778015,127.88682173691763,872.588073109196,0.5026464065899794,127.88831349551569
1.53,0.00019670454806006832,4.9309282452337895,17.244056800788996,0.00017494835486183227,-0.39999784144349826,-4.620347222778558e-06,485.91652789271535,-10.224636437720314,0.0007034856938232374,485.95373821680977,-10.220836237807173,0.0021287557748299467,873.0416894394687,0.5921474524954173,127.87763146324755,873.0660835620064,0.5957925422080401,127.87885805163454
1.54,0.00015714582597606833,4.93039988152871,17.29336344656983,0.00013860830188335577,-0.40288652596217317,-3.7589720867162385e-06,484.87334530414324,-10.23066652610327,-0.004349318567271931,484.89656525704623,-10.227655700016214,-0.003203165637258816,873.1286115612716,0.6642155234612424,127.86805062601957,873.1397655170741,0.6671034586876456,127.86899627716403
1.55,0.00011646113834277052,4.929872956421879,17.34266480349133,0.00010230262826932755,-0.405904045007873,-2.8786119463865653e-06,483.6335290609846,-10.262719738935221,-0.00886836978955268,483.64378033666134,-10.260497539375136,-0.0080076924122224,872.8278046851107,0.7137443303495972,127.85834335954603,872.8270442972456,0.7158758278868471,127.85900438395139
1.56,7.626185053254518e-05,4.929361102996022,17.391960956224068,6.72562929889852e-05,-0.4089483440128561,-2.0093933812736063e-06,482.2328405436625,-10.31817256054579,-0.012826889311847556,482.2314673464925,-10.316711631821352,-0.012247241743605607,872.1655958252063,0.7405982250273113,127.84876246243279,872.1544993850592,0.7419995240078858,127.84914607651977
1.57,3.795496013418186e-05,4.928875384169626,17.441252112953293,3.450958692964382e-05,-0.41193251444466017,-1.177873302377304e-06,480.70653047715575,-10.39424184727772,-0.016211884302227583,480.6951134950023,-10.39349223670949,-0.015899445483633253,871.1758802119876,0.7452106800573399,127.83954262541643,871.1561917820006,0.7459296942758376,127.83966547248319
1.58,2.712733865047183e-06,4.928424295696401,17.49053857961919,4.900644638639578e-06,-0.4147855167314129,-4.065595614649304e-07,479.0888635850692,-10.488045711360028,-0.019022409992468018,479.0691350647334,-10.487939260543866,-0.018955592911064696,869.8988145835021,0.7285429452661973,127.8308947213517,869.8723610847464,0.7286450511510556,127.83078118651119
1.59,-2.854409067720403e-05,4.928013851469773,17.53982073460781,-2.0942465368483746e-05,-0.4174522550576015,2.8640392417095837e-07,477.41271478302536,-10.596658813863458,-0.021267783675871187,477.38647780906535,-10.597113721725782,-0.021418939511618613,868.3794224702112,0.6920307729019193,127.82300129956978,868.348037290369,0.6915944327074985,127.82268171549339
1.6,-5.5150893197319464e-05,4.927647739464406,17.58909900465847,-4.260083215106023e-05,-0.4198930806023894,8.873897267291859e-07,475.7092319359853,-10.717161876477089,-0.02296592151411148,475.6782864957972,-10.71808724257467,-0.023303061319527356,866.6661561426882,0.6375214720980571,127.8160132657556,866.6316114300123,0.6366338760452339,127.81552209618926
1.61,-7.66929997667272e-05,4.927327535837234,17.638373842631864,-5.9856002693168894e-05,-0.42208281088937494,1.387282793321215e-06,474.0075597883536,-10.846685399393097,-0.024141663745699066,473.9736376432358,-10.847985578222474,-0.02463013040251019,864.8094580830959,0.5672036757266574,127.8100478772618,864.7734073010653,0.5659565654209109,127.80942195561587
1.62,-9.299048585783132e-05,4.927052964359898,17.687645707656667,-7.267471109885721e-05,-0.42400935978797877,1.7813308611920508e-06,472.3346189992323,-10.982447715877031,-0.024825286683564592,472.29932880713335,-10.984026339458497,-0.02542931987421915,862.8603615285406,0.4835322451169355,127.80518793868721,862.8242932625218,0.4820180551510789,127.80446482531465
1.6300000000000001,-0.00010407600336782956,4.926822188355666,17.736915048043542,-8.11883771867477e-05,-0.425672075553323,2.0688653363228977e-06,470.7149344420587,-11.121787623219525,-0.025051174053438235,470.6797180093885,-11.123551178344126,-0.02573532408331779,860.8691656891903,0.38915070587353107,127.80148210496793,860.8343691399998,0.3874591325907506,127.80069861244345
1.6400000000000001,-0.00011016743990049173,4.92663212257366,17.78618228722855,-8.566876832761446e-05,-0.42707988344836867,2.2529113738200564e-06,469.1705071463486,-11.26219190669403,-0.02485665575194896,469.136607152548,-11.264052783497014,-0.02558701331813019,858.8842165293997,0.2868135082420009,127.79894618194709,858.8517586227854,0.28502858559420474,127.7981371043601
1.6500000000000001,-0.00011163720617940768,4.926478752895471,17.835447812884265,-8.650120736208753e-05,-0.42824932537700694,2.33970908358599e-06,467.72072472140053,-11.40131812077383,-0.02428102053488418,467.68916377696036,-11.403197079335126,-0.02502624080583348,856.9508187392469,0.1793102465353913,127.7975652732784,856.9215323389707,0.17750798016025193,127.7967623424644
1.6600000000000001,-0.00010897979678447263,4.9263574524097,17.884711969219122,-8.415664290035794e-05,-0.4292025820572743,2.3381695410199322e-06,466.382305712182,-11.53701301381621,-0.02336469631053909,466.35387619220967,-11.538841044080817,-0.024096806140054484,855.1102989658109,0.06939376361969618,127.79729661128165,855.0847813115408,0.06764034683526265,127.79652769096947
1.67,-0.0001027790762561945,4.92626328321479,17.933975052374542,-7.916378597250246e-05,-0.4299655541128549,2.259289930903152e-06,465.1692740186836,-11.667326982919334,-0.02214858531535798,465.1445377690418,-11.669046559380336,-0.02284357177295249,853.3992346836325,-0.04028618145657248,127.79807290527306,853.3778548887835,-0.041935571123252746,127.79736142358892
1.68,-9.36765240966397e-05,4.926191274343481,17.983237308728253,-7.20823694094697e-05,-0.4305660676123498,2.115551748865062e-06,464.09296021184167,-11.790524929184087,-0.020673536934237492,464.07225695788713,-11.792090684717538,-0.021311723409680055,851.8488574397995,-0.147242281428539,127.79980604539719,851.831771680013,-0.14874412857290853,127.79917065721122
1.69,-8.234144400442e-05,4.92613666747053,18.032498935822087,-6.34784143083797e-05,-0.4310322575932469,1.920324649065152e-06,463.162027254477,-11.905093854715886,-0.018979938116045484,463.14549035422397,-11.906472717164384,-0.01954616095016323,850.4846337689024,-0.24920097843045275,127.80239101136065,850.471806666632,-0.2505235607790368,127.80184547464826
1.7,-6.944391739358785e-05,4.926095123584262,18.08176008555675,-5.3902201985154656e-05,-0.43139117050606113,1.6872964188832075e-06,462.38251874608613,-12.009747505750513,-0.017107400009393307,462.37009681733764,-12.010918356023248,-0.01759100389219635,849.3260219749868,-0.3441448890323384,127.80570985169236,849.3172526340004,-0.3452679494980182,127.80526309639431
1.71,-5.56310683032902e-05,4.926062885563771,18.131020869236117,-4.386945966475759e-05,-0.431667613803709,1.4299468627471394e-06,461.7579283260321,-12.103428325341504,-0.01509451937340666,461.7494112350671,-12.10438124683738,-0.015489193670428223,848.3863983378121,-0.43034585713591644,127.80963561815237,848.3813494955432,-0.43125988387682224,127.80929198187661
1.72,-4.150701225131309e-05,4.926036893568629,18.180281364003218,-3.3846082371134e-05,-0.4318832685337368,1.1610802677875275e-06,461.2892892700377,-12.185306937702533,-0.012978694275618994,461.2843369899894,-12.186042133868035,-0.013282175075535087,847.6731422122788,-0.506388428161475,127.81403615976042,847.6713710482118,-0.5070936163202311,127.8137957619642
1.73,-2.7616689094230284e-05,4.926014852245921,18.229541620189057,-2.4236539192037867e-05,-0.4320560691602661,8.9242777411783e-07,460.9752835880097,-12.254779347591949,-0.01079597535930566,460.9734565089165,-12.255305807643612,-0.011009639495308048,847.1878660220642,-0.5711838136816527,127.81877770003798,847.1888552763799,-0.5716887855679031,127.81863692492789
1.74,-1.443363024970209e-05,4.925995250892441,18.278801669096463,-1.5375954885675563e-05,-0.43219984427698466,6.343275265422217e-07,460.81237007316383,-12.311462004498564,-0.008580936351695257,460.81315946273736,-12.311795997144326,-0.008709314068014506,846.9267733471406,-0.6239746676581226,127.82372813833,846.9299615548449,-0.6242950279510273,127.82368019647976
1.75,-2.3515835432957354e-06,4.925977339761744,18.328061530762852,-7.5257216461521015e-06,-0.4323242026313902,3.9548706998156006e-07,460.7949307666731,-12.355184854625223,-0.0063665503171793925,460.79778823085167,-12.35534832646562,-0.006416782773375296,846.8811261927791,-0.6643312185086736,127.82876003087468,846.8859360141116,-0.6644880180290413,127.82879557034246
1.76,8.320187262042468e-06,4.925961067554616,18.377321221287044,-8.723831835424057e-07,-0.43243464115213176,1.8282916709041047e-07,460.9154351981759,-12.385982484943604,-0.004184061280618431,460.9198001635188,-12.386001434632309,-0.004165327851723707,847.0378011064231,-0.692139491440702,127.83375321947426,847.043664924534,-0.6921576676727215,127.83386095885946
1.77,1.7358194674683595e-05,4.925946986663199,18.426580759363766,4.470554850770386e-06,-0.4325328455741723,1.4191565377165239e-09,461.16462155587527,-12.404083453461778,-0.0020628436754348196,461.1699459823379,-12.403986345191854,-0.0019857821678514434,847.3799130609004,-0.7075825101956479,127.83859708623415,847.3862952137956,-0.7074893655285575,127.83876444447367
1.78,2.4622967874660954e-05,4.9259361338601275,18.47584017174106,8.45829782658583e-06,-0.4326171498423266,-1.4553083837908168e-07,461.5316936451803,-12.409897898311762,-3.0248857198866155e-05,461.5374633696157,-12.409714169292263,9.361064390593303e-05,847.8874859041501,-0.7111154851491275,127.84319241396781,847.8939011122745,-0.710939255273324,127.84340611480235
1.79,3.0054605977238847e-05,4.925929894771984,18.525099497396404,1.110836892068194e-05,-0.4326831177322581,-2.5658789640534183e-07,462.00453215221825,-12.40400352483606,0.0018885701045717289,462.0102844523979,-12.403762231640414,0.002047339663762407,848.5381486720621,-0.7034360754038516,127.84745286111966,848.5441764085853,-0.7032046309100592,127.84769949329453
1.8,3.3615034649857266e-05,4.92592969571032,18.57436105492591,1.249441439540451e-05,-0.43272436880838877,-3.3192984551562067e-07,462.56942296709786,-12.387133745436152,0.0036688043202728385,462.5747650741135,-12.38686234491082,0.0038504995109868317,849.30796009391,-0.6854501963574622,127.85130715151283,849.3132609116028,-0.6851898734046014,127.85157327655249
1.81,7.18833480871836e-05,4.592729669155773,18.621948498216987,1.1261013457850588e-05,-0.43259583181483335,-3.937265654180018e-07,463.58201164383763,-12.357010962009085,0.0067937815613097335,463.5829715123241,-12.356766353104398,0.007149331262352543,841.5581847585032,-0.6588037748688769,119.33098928505606,841.5580236181752,-0.6585691500011204,119.33154177140807
1.82,0.00015075106315837636,4.259865959652603,18.66621115023065,1.6368397710620402e-06,-0.43163979209217507,-3.5003899121579924e-07,465.478835077377,-12.299656234719958,0.012605800972636598,465.4682005158573,-12.299620679693257,0.013302678530155751,833.6849762307776,-0.6273059305529904,110.8088351723728,833.6712003287396,-0.627271826751874,110.80998163210782
1.83,0.00023643415615796334,3.9274395535390765,18.707147277932762,-2.021607859308754e-05,-0.4291509158359061,-6.742038183888205e-08,468.35267637622803,-12.199840358561753,0.020874437173185746,468.32428447056117,-12.20027948733965,0.021919393801144747,825.6567647239996,-0.5948023617501907,102.28527052977634,825.6230417314837,-0.5952235669045014,102.2870583561751
1.84,0.0003075212576492478,3.595525588120627,18.744761652513944,-5.515819439208587e-05,-0.4245318036225892,5.31780266784301e-07,472.2640269129419,-12.044567735651434,0.03132940792990323,472.21330898102883,-12.045765869351355,0.03262750947139379,817.457657166772,-0.5644524020544939,93.76069552776198,817.3998106900706,-0.565601632338042,93.7630128278704
1.85,0.00035209832478212054,3.2641716517702086,18.779059659514516,-0.00010182879126897282,-0.4173006225408444,1.466151447674021e-06,477.2433604629924,-11.823216413627048,0.043676444961337144,477.1676334735742,-11.825428317423114,0.04507737102279823,809.086098025464,-0.5386630415730176,85.23547772314706,809.0022058430441,-0.5407846635815394,85.23812890400563
1.86,0.0003653177960788257,2.933398000997506,18.81004702265428,-0.0001573365387504656,-0.40709448042982155,2.6994837628098286e-06,483.2929146107623,-11.52760541807063,0.057604004927681196,483.1914661339624,-11.53102305397674,0.0589373373580796,800.5533075446868,-0.5190653465239614,76.70994735955787,800.4436167200768,-0.5223434870869625,76.71270738192382
1.87,0.0003474285246061748,2.603199695636374,18.83772953977384,-0.00021787273210694172,-0.393668924126078,4.150703881248595e-06,490.3890200355572,-11.151995224150058,0.07278748002636516,490.2630250320812,-11.156727824074952,0.07388886191230117,791.8813291891826,-0.5065287815615993,68.1843929031493,791.7480292327738,-0.511068214142596,68.1870443918935
1.8800000000000001,0.0003021691165891571,2.2735501793436024,18.862112847784065,-0.0002792375832160807,-0.3768939633083074,5.707683453499457e-06,498.48486795060853,-10.693027164861146,0.08889232058855842,498.33717687710276,-10.699092735134085,0.08962193501880736,783.1008057593949,-0.5012083632153774,59.6590574246143,782.9477011420962,-0.5070263591914759,59.66141415592172
1.8900000000000001,0.00023545755801434809,1.9444057729521724,18.883202228435337,-0.00033727315895762215,-0.3567470867686367,7.242971651996216e-06,507.513604648277,-10.149608717377523,0.10557722903863632,507.34844139185816,-10.15693494699449,0.10583173768610504,774.2486002315032,-0.5026189584393381,51.13413620480271,774.0807213710369,-0.5096461582760337,51.136056009382514
1.9000000000000001,0.00015433103509993949,1.6157105543132724,18.901002461373718,-0.0003882007188548572,-0.33330378169222713,8.629489600652175e-06,517.3916440043258,-9.52275243737233,0.12249822603706097,517.2142494199878,-9.531184933513348,0.12221711559595323,765.3653704452718,-0.5097306935429313,42.609775761952655,765.1885582805845,-0.51781900616793,42.61116548193893
1.9100000000000001,6.61040841458803e-05,1.2874011570414765,18.915517725944326,-0.00042886449691898295,-0.3067260898449188,9.754430120333153e-06,528.022093528936,-8.815376833969768,0.13931399080163315,527.8383462940214,-8.824692652847133,0.13848118424848826,756.493196961539,-0.5210793363124577,34.086074360260945,756.3136909754687,-0.5300149176846736,34.0868891193972
1.92,-2.227791270069645e-05,0.9594111157482568,18.92675154897885,-0.00045688784321188503,-0.2772497390066792,1.0530016001505734e-05,539.2981966953273,-8.032077713000296,0.15569249543075522,539.1142382923164,-8.042002282612092,0.15433406723701187,747.6733513587978,-0.5348856328299956,25.56308395108188,747.4974049824092,-0.5444051179678278,25.563322623407476
1.93,-0.00010470828601364236,0.631674499823588,18.934706792643276,-0.00047075073758379767,-0.24517037549652052,1.0900316821432459e-05,551.1067033799344,-7.178878487731078,0.17131863544905132,550.9285887145788,-7.189104214810227,0.16949749017539859,738.9442785443694,-0.5491778914484269,17.040813413995583,738.7778197972107,-0.558986241912085,17.040511808249985
1.94,-0.00017622880957594622,0.30412869578091006,18.939385674435382,-0.0004697998458259587,-0.21082939645196216,1.0843912300275525e-05,563.3310908520583,-6.262967693555,0.18590233752728155,563.1644806783876,-6.273172789542702,0.18371073402704613,730.3398519054439,-0.5619125783981604,8.5192329030224,730.1882013096771,-0.5717011398557736,8.518455831841345
1.95,-0.0002333134177353903,-0.023283845201952924,18.940793121721597,-0.0004542086097906903,-0.17459957785380945,1.0373100440605454e-05,575.853948983332,-5.292425594878858,0.1991828545141948,575.7038616662688,-5.302292035579137,0.1967330322919324,721.8881076994805,-0.5710895263796312,-0.0017191726011017649,721.7557692985441,-0.5805532552146109,-0.002886878479824321
1.96,-0.00030977238410851977,-0.01738515232616546,18.94057603553924,-0.0004234249835013026,-0.13700687156555164,9.526889884205801e-06,588.2012371394445,-4.279032699767593,0.2090937206033444,588.0754101774903,-4.288230466728383,0.20633112067923173,722.2264776108221,-0.574266112339239,0.0014488957235017357,722.1213798510651,-0.5830884602404662,-0.0002717973900939149
1.97,-0.00041095453169316996,-0.011695245119943801,18.940430842431198,-0.00037303770280927123,-0.09909779536286918,8.195055988455202e-06,599.8086199752576,-3.246708404644527,0.2135884148642837,599.7172209897604,-3.2548116547341244,0.21044188559479624,722.9572782232336,-0.5670595065215833,0.0063601132574637505,722.8898943049237,-0.5748320117095473,0.0038805416825963453
1.98,-0.000502669398621386,-0.006290807738611555,18.940341177218826,-0.0003010373908696113,-0.06195966224709598,6.3109844258544444e-06,610.473462801742,-2.2207768613390355,0.21273409596494086,610.424615566285,-2.227316102462573,0.2093163551238281,724.0965765552161,-0.5453893119367059,0.012526237533812044,724.0744554836616,-0.551661645259327,0.009315858280345172
1.99,-0.0005643090138986478,-0.0012322472378869488,18.94030387226536,-0.00020872719354954593,-0.026554637348759205,3.937738377956303e-06,620.030527345948,-1.2242553365415798,0.2067854157837732,620.0297823429761,-1.2287893849374787,0.2033126913247626,725.6384555737218,-0.506253900577569,0.019475039436030236,725.6659923751979,-0.5106028857735923,0.015708246611463864
2.0,-0.000585628079379044,0.003430091003008454,18.940315210955784,-9.981267634141178e-05,0.006295322026795658,1.217771098385295e-06,628.3549301760456,-0.2775226492548466,0.19617379249945055,628.4049962856482,-0.2796908169153678,0.192903886764239,727.555716611819,-0.44780582287723414,0.026750974696231486,727.6341384010735,-0.4498854938985719,0.022682798287399376
2.0100000000000002,-0.0005642175683380372,0.007651374021428507,18.94037100356824,2.041721166974027e-05,0.035918896125338357,-1.6695592217258215e-06,635.361433042505,0.6019375506711722,0.18147380116845438,635.4621563277276,0.6023810607667657,0.1786597882930005,729.8020673613391,-0.3693768443358003,0.03392400084408864,729.9296262961682,-0.36895143669307684,0.029839888710627722
2.02,-0.0005032703701620129,0.011390094275105936,18.94046662956909,0.00014581605182645952,0.061800407675266254,-4.540810321695237e-06,641.0028268070544,1.3996984164155735,0.16336551949201478,641.1513704887645,1.4028658844922326,0.16122379805928913,732.3149506663161,-0.27145136413087023,0.0405985866246786,732.4872756083167,-0.2684131804655543,0.03677700329247646
2.0300000000000002,-0.0004096720445982769,0.014607966809803623,18.940597068798233,0.00027000132893079934,0.08357976985940002,-7.2309013030490185e-06,645.2675430578738,2.1044614939106365,0.14259809976680926,645.4587216309567,2.110326555862907,0.14128889748143564,735.0188617914498,-0.15559313082613713,0.046423099623281824,735.2294218820374,-0.14996745915762943,0.043108827739248956
2.04,-0.00029240422482956877,0.017271413575190655,18.9407569400393,0.00038686450459468987,0.10104786134854626,-9.606066066460227e-06,648.176623917819,2.7080451147983853,0.11994993554950163,648.4033454186725,2.7164487148140237,0.11956813916678456,737.8289918194556,-0.02433151397890354,0.05109757609999592,738.069628320213,-0.016270918045513394,0.04848418322676152
2.05,-0.00016127467603389525,0.01935402406437899,18.940940559844346,0.0004909677236492681,0.11413790528324512,-1.1569170225674741e-05,649.780197319957,3.2052979041523044,0.0961954964869889,650.0339702646537,3.2159628644963245,0.09676949620300881,740.6550368410481,0.11898536197191278,0.05438090877192039,740.9165234452297,0.12921501781210099,0.05260092986575189
2.06,-2.5937350826185993e-05,0.02083936440257455,18.941142028214905,0.0005778293467748974,0.12291349535002921,-1.3059541025857283e-05,650.1535902536614,3.5939467957389337,0.0720756397409231,650.4250560011152,3.606498588493434,0.07357207517218359,743.4050155759267,0.2703626083789268,0.05609632963530192,743.677612587984,0.2824020830617946,0.055217959458708304
2.07,0.00010482283192108196,0.021723569316196154,18.9413553417167,0.0006441044908788816,0.12755395258879648,-1.4049360104782799e-05,649.3932128814462,3.8743896743121953,0.048273136474103424,649.6726695285712,3.88838111433798,0.05060564201074534,745.9889497593034,0.4253473127517893,0.056134950824900054,746.2629234188536,0.43876767359285473,0.056164070816355126
2.08,0.0002235723140789708,0.022017270138336514,18.94157452950678,0.0006876701424110567,0.12833771213908327,-1.453832973454782e-05,647.6123377505031,4.04944315716238,0.025393809744209926,647.8902277764415,4.064380943495705,0.028434139346832046,748.3222773038231,0.5792256328679968,0.05445708469984228,748.5883618299549,0.5935537136367297,0.05534345899975678
2.09,0.00032451139710025246,0.021746562477679976,18.94179380401926,0.0007076270377577618,0.12562443156397013,-1.454787566852023e-05,644.9368884065935,4.124056114100439,0.0039533454274490775,645.2042287338861,4.139427411981811,0.007543553230053414,750.3288878895816,0.727220146700347,0.05109117827960445,750.5786741933412,0.7419640446681419,0.052737661539371955
2.1,0.0004035900429945373,0.02095287605057924,18.94200771588867,0.0007042322894059503,0.11983648405700673,-1.4115699929718843e-05,641.5013400108783,4.104999337092908,-0.015630433621454064,641.7500795670976,4.120296896489184,-0.011665794678882352,751.9436929929744,0.8646799428718155,0.046130330273274955,752.1699341355737,0.8793531120886433,0.048403964510187435
2.11,0.0004584894144692701,0.01969175681778015,18.94221130206905,0.0006787776568943076,0.11144045357491225,-1.3291108202988838e-05,637.4448214604124,4.0005413401805185,-0.03304025762595249,637.6681173909886,4.015285970255633,-0.028882694965392395,753.1146662704368,0.9872567588468106,0.03972649966985155,753.3114953734932,1.0013995672861764,0.04247045431310477
2.12,0.0004885002716559387,0.01803069352038484,18.94240021684418,0.0006334284679141413,0.1009291879170445,-1.2131240033734913e-05,632.9074944228134,3.820119630699781,-0.04805766190446895,633.0999035850483,3.8338791755507806,-0.04388460437499537,753.8043145392735,1.0910614844661382,0.03208265035163204,753.967375789711,1.1042594152415597,0.0351280816408833
2.13,0.0004943273949660505,0.01604620826936748,18.94257083721397,0.0005710375910447107,0.08880489335989757,-1.0698132811577985e-05,628.0272700252035,3.574015978827949,-0.060557523910733546,628.1848571209399,3.5864202525487388,-0.056533829441771995,753.9905633172804,1.1727964908829214,0.023443194601276827,754.1170608304952,1.1846944677171845,0.02662026058312784
2.14,0.0004778466151958907,0.01382048086392376,18.94272033661957,0.000494947684314162,0.07556367408289108,-9.0564436871952e-06,622.9369091007154,3.273043259676922,-0.0704996881584616,623.0572766858776,3.283794686001873,-0.06677097555061169,753.6670631106697,1.229860462984289,0.014083190355506576,753.7557356608701,1.240173055581717,0.017230642496137445
2.15,0.0004418378499279239,0.011437790623022945,18.94284672376561,0.00040879334349171366,0.06168183465944648,-7.271619523194434e-06,617.7615372986456,2.928250386792397,-0.07791851466532003,617.8437859066296,2.93713034103682,-0.07460636107893755,752.8429426606921,1.2604236528125368,0.0042968065382416355,752.8939746498096,1.268941159944914,0.007269772425665911
2.16,0.0003897138967549244,0.008981042943179186,18.942948846075403,0.0003163128992068346,0.047604177527323106,-5.408322814540649e-06,612.6165923891572,2.5506507342419327,-0.08291117201854234,612.6612211344888,2.5575217970290054,-0.08011011121756735,751.5420526387137,1.2634726827914777,-0.005614404948650375,751.5569331902402,1.2700632940362278,-0.0029386467398427214
2.17,0.0003252608114054297,0.006528608045427838,18.94302635980425,0.00022117759845816706,0.033734442514364894,-3.528970804188655e-06,607.606208083757,2.1509782921599885,-0.08562543693607318,607.614967422458,2.155782792485572,-0.0834016142357529,749.801757463685,1.2388251676889173,-0.01535290271572929,749.7831002628449,1.2434335659604057,-0.013071187684169473
2.18,0.00025240172845116595,0.00415164490643419,18.94307967084697,0.00012684387084241315,0.020427954750534626,-1.6923080615690484e-06,602.8220269376552,1.739474651705375,-0.08624766458362028,602.797735828316,1.7422300007547409,-0.0846389501876714,747.6713438198143,1.1871154578039778,-0.024635729921351796,747.6226803671401,1.18975834362689,-0.022817206716769668
2.19,0.00017499218683191377,0.0019120224613228764,18.94310985170332,3.643241865554021e-05,0.00798647281059802,4.800434270663166e-08,598.3424246241229,1.3257088014166918,-0.08499146772977988,598.2887642546028,1.326500199809455,-0.08400879769789218,745.210122041392,1.1097537056941609,-0.03320385433513102,745.1356804486031,1.1105128021116628,-0.0318899077521608
2.2,9.665140529971071e-05,-0.0001391099580317723,18.943118540882057,-4.736394283446297e-05,-0.003344837568408052,1.6447471632104601e-06,594.2321194097617,0.918430665967418,-0.08208731520028081,594.1534150345057,0.9174018089790903,-0.08171701594574275,742.4853009908577,1.0088612059728774,-0.04082985954193423,742.3897814374309,1.0078743431473636,-0.040035479693981656
2.21,2.0632549838651987e-05,-0.0019621047239530842,18.94310783126799,-0.00012234337821906787,-0.013378436090776753,3.0583779161450075e-06,590.5421327036242,0.5254583539553992,-0.07777414268229557,590.4431341017381,0.5228007661596812,-0.07798098908620146,739.5697179317558,0.8871855412823093,-0.047324138947153746,739.4580745545513,0.8846364264578077,-0.0470404121747878
2.22,-5.0272177992131e-05,-0.003528995944212143,18.943080153731305,-0.00018683010274903546,-0.021983625828594415,4.2580468188987044e-06,587.3100636068177,0.15359822383431698,-0.07229172957421467,587.1957332948173,0.14953983191184905,-0.07302251728313162,736.5395043514716,0.7479994838967552,-0.052539014911218505,736.4167417155277,0.7441067406241952,-0.05273642894206122
2.23,-0.00011378991853108605,-0.00482315444497754,18.943038161635847,-0.00023968360585853703,-0.02908417213225002,5.2223062953943265e-06,584.5606346739702,-0.19140386254790087,-0.06587455527676483,584.4359514520472,-0.1966103573360356,-0.06706196239696026,733.4717642957421,0.5949878540246201,-0.056370849899797466,733.3427548694098,0.5899938692278672,-0.057003095018881074
2.24,-0.00016819437642117454,-0.005838514141278167,18.942984621026,-0.00028028502618523894,-0.03465456426882946,5.939445227972017e-06,582.3064646516478,-0.5048823404375513,-0.05874738978133901,582.176248408615,-0.5109707937712149,-0.06031393907263025,730.4423356189833,0.4321266298956128,-0.05876057977367033,730.3116629350857,0.42628668486127674,-0.059768568904827415
2.25,-0.00021230651570946395,-0.0065784744411278104,18.942922310257696,-0.000308504249426304,-0.038715177368140626,6.407400730407224e-06,580.5490242828619,-0.7832455168277908,-0.05112195079999459,580.417786301142,-0.7899469580934793,-0.05298390996325973,727.5236975830942,0.2635585541365115,-0.05969259881806764,727.3955280460575,0.25713064108573436,-0.06100847559326751
2.2600000000000002,-0.00024547299188644206,-0.007054582267934615,18.94285393179116,-0.0003246516355104398,-0.04132659850612221,6.633239037432252e-06,579.2797313979585,-1.023945988504138,-0.04319458404871285,579.1515527894375,-1.0309981889258801,-0.045265666265101555,724.783079059539,0.09346930051007396,-0.05919229645106762,724.6610637747852,0.08670494500351289,-0.06074324558502259
2.27,-0.0002675269240480362,-0.007285089281321422,18.94278203786235,-0.0003294183850451005,-0.0425833782165959,6.6322345653260456e-06,578.4811435351531,-1.2254311965538833,-0.035144766900515004,578.359582953722,-1.2325869419207436,-0.037339519764936754,722.280811871265,-0.07403202770439599,-0.05732252146993813,722.1680184652696,-0.08089570183172912,-0.05903424374151849
2.2800000000000002,-0.000278735393977063,-0.007293467352890199,18.942708970854213,-0.0003238094634317506,-0.04260745842518519,6.426609999186329e-06,578.1282090973189,-1.3870775178887462,-0.02713424661101157,578.0162395613913,-1.3941114242283503,-0.029371042678955402,720.0689634815535,-0.23502468254282816,-0.054179258112893446,719.9678366867149,-0.24177149066456627,-0.055979016995873924
2.29,-0.00027973771073023634,-0.007106950527148578,18.94263681843117,-0.00030907274931098785,-0.04154151089193688,6.044026485125325e-06,578.1895415063017,-1.5091112968177445,-0.019306648912814982,578.0895150547334,-1.515825087012257,-0.021510215059715457,718.1902726925928,-0.38587741400875064,-0.04988678401517607,718.1026215105388,-0.39231717195048477,-0.05170597011584573
2.3000000000000003,-0.0002714780610078347,-0.0067551563919976115,18.942567382894815,-0.0002866276993323184,-0.03954239795623192,5.515928972408693e-06,578.6286847696764,-1.5925201304586856,-0.011787424821324968,578.5423227828478,-1.5987463613025832,-0.013890870428526063,716.6774015692909,-0.5233365586741479,-0.04459254819164577,716.6044101043356,-0.529308657646832,-0.046368739871393574
2.31,-0.00025513572075045886,-0.006268825335373533,18.942502163762995,-0.00025799636116183126,-0.03677494095367757,4.875856385354692e-06,579.4053431466858,-1.638957555212317,-0.004684037559527122,579.3337494934079,-1.6445618459243194,-0.006630363093613957,715.5525067351172,-0.6445992101586917,-0.038461963891499446,715.4947652983689,-0.6499747543110002,-0.04014048747521962
2.32,-0.0002320555593016111,-0.005678703416245991,18.942442352254865,-0.00022473905693412693,-0.03340615236376464,4.157820101919118e-06,580.4765520248487,-1.6506440525778099,0.0019136766651172696,580.42024573698,-1.6555259162175373,0.00017058903294005183,714.8271237451055,-0.7473701708258784,-0.031673263547415134,714.7846765510011,-0.7520527747252315,-0.03320827479149111
2.33,-0.0002036811389104227,-0.005014583926760187,18.94238883616253,-0.0001883965323357923,-0.029600056746689498,3.394838993680027e-06,581.7977715498888,-1.6302670160955879,0.007933013600552558,581.7567354632921,-1.6343594343303236,0.006427907422338968,714.5023496400837,-0.8299019455496603,-0.0244125176789966,714.4747553254955,-0.8338273263054363,-0.02576763865120296
2.34,-0.00017149230522271172,-0.004304514213917627,18.942342213483183,-0.00015043984970090107,-0.025513193959133346,2.6176977656844015e-06,583.3238888628445,-1.5808820114398547,0.013317791139316146,583.2976305731713,-1.5841499208734122,0.012074005234481355,714.5693012023576,-0.8910175820171506,-0.016868881821338014,714.555702464358,-0.8941521073921876,-0.018017435243199906
2.35,-0.0001369487796369646,-0.0035741677685987875,18.942302813154484,-0.00011222881883742556,-0.021290867022729854,1.8539706650663923e-06,585.0101188845117,-1.505817331948156,0.018027631272963085,584.997740423168,-1.5082552074682787,0.01705748213834389,715.0098200059457,-0.9301166734642097,-0.00923010873871292,715.0090188464585,-0.9324550438610801,-0.010154996409625567
2.36,-0.00010144090083014212,-0.0028463766496107093,18.94227072126149,-7.497932283203964e-05,-0.01706416725697191,1.1273278735665657e-06,586.8127973646933,-1.4085835142328973,0.0220371337824197,586.8130701770361,-1.4102122425939112,0.02134265138099147,715.7973901824026,-0.9471653066956964,-0.0016783485723907009,715.8079255356603,-0.9487275563480613,-0.0023716228482649968
2.37,-6.624831867196943e-05,-0.002140815625284343,18.942245811152333,-3.9739518120717784e-05,-0.012947781649226412,4.571196505125997e-07,588.6900633186887,-1.2927891435762229,0.025334940409471887,588.7015053960041,-1.293652379985799,0.02490889093890856,716.8982309688284,-0.942671150535368,0.005613743711176224,716.9184558425276,-0.9434991528057823,0.005151565412390507
2.38,-3.2507118373553844e-05,-0.0014738266513038153,18.94222777600037,-7.374573851320323e-06,-0.0090385625458807,-1.4178460555469778e-07,590.6024309627533,-1.1620639556048085,0.027922690887192105,590.6233833165046,-1.1622241488088991,0.027749816600477123,718.2725235864308,-0.9176452295600601,0.012486568723614599,718.300679244592,-0.917798884266019,0.012247396212041786
2.39,-1.1855511033870207e-06,-0.0008583702019289557,18.94221616247525,2.1440634190011752e-05,-0.005414818092516571,-6.589378042899001e-07,592.5132537772636,-1.0199899367070442,0.029813846722670838,592.5419538257421,-1.019524195365884,0.029872252520846333,719.8757307816845,-0.8735522094701076,0.01879675625897513,719.9100159154186,-0.873105477979641,0.018765975822185914
2.4,2.6931699945317117e-05,-0.0003040883653450459,18.942210404328794,4.622164729739622e-05,-0.002136263764752508,-1.0880797175669014e-06,594.389085595423,-0.8700408466079113,0.031032539796272372,594.4237354386431,-0.869036802982448,0.03129515886891227,721.6599675307787,-0.8122512304385987,0.02441998550951493,721.6986007840327,-0.8112881681855977,0.02457761662977113
2.41,5.1251327822305917e-05,0.00018253657744951435,18.942209854858465,6.666826835774186e-05,0.0007554389851414405,-1.4267683887399783e-06,596.1999448559795,-0.7155303369086874,0.03161220222788143,596.2387728318181,-0.7140821442582213,0.0320482792336713,723.5753824523334,-0.7359294622798496,0.029253275949206056,723.6166570860725,-0.7345403795335215,0.029575189291732955
2.42,7.137144798597596e-05,0.0005979451620207611,18.94221381737857,8.265311155154382e-05,0.0032356414368665174,-1.6759218614624386e-06,597.9194898611453,-0.5595686216195439,0.031594209358443724,597.9608041815634,-0.557773200327627,0.03217074419082416,725.5715119751598,-0.6470306213195443,0.03321675121498157,725.6138418425888,-0.6453084825294164,0.03367590099180149
2.43,8.707500541856383e-05,0.0009412027702956034,18.942221573002154,9.420587577230274e-05,0.005295254855650894,-1.8393080822892556e-06,599.5251134267879,-0.4050274717293245,0.031026510419272908,599.5673470863459,-0.4029810970490044,0.03170961590623635,727.598572489267,-0.5481806865408889,0.03625483119295998,727.6405288615313,-0.5462178373576987,0.03682246026347836
2.44,9.831741245531244e-05,0.0012136580065315776,18.942232405210564,0.000101494360945291,0.006938980601382752,-1.923014270770434e-06,600.9979658041963,-0.254513155798497,0.029962253260103298,601.0397123207058,-0.25230845796947454,0.0307183887031085,729.608659678197,-0.4421129869221496,0.038336786936050214,729.6489987942865,-0.43999827675961223,0.03898356687234035
2.45,0.00010520946055638948,0.0014185741458623076,18.94224562085866,0.00010480321687461659,0.00818331719218859,-1.934920517161076e-06,602.3229149171207,-0.11034683155353164,0.028458439527925813,602.3629548003896,-0.10807025754583366,0.029255491244257824,731.556828852333,-0.3315947091549476,0.03945663543695926,731.5945103646579,-0.32941105653527814,0.04015370899657712
2.46,0.00010799662403588562,0.0015607492942084095,18.942260567425574,0.00010451136047671363,0.009054435216990423,-1.8841958813881025e-06,603.4884528093811,0.025448192082278,0.02657463491024583,603.5257709540358,0.02771842627280474,0.02738282408963676,733.4020351134121,-0.21935670275452512,0.03963237012657934,733.4362318596471,-0.21717913118396437,0.04035226974688407
2.47,0.00010703588980840318,0.001646139365883452,18.942276646470148,0.00010106892486424182,0.009586005199138438,-1.7808296327043876e-06,604.4865568367406,0.15115295958934016,0.024371755882047055,604.5203512956714,0.1533484159247367,0.0251643626963123,735.1079174373277,-0.10802824645755882,0.038904549223660614,735.1380171880012,-0.1059224005848236,0.0396219719337693
2.48,0.00010277121883928256,0.001681496088917703,18.942293323381996,9.497451717009501e-05,0.009817055579114746,-1.635205747814022e-06,605.3125136030498,0.2653538076150541,0.021910950393868173,605.3421964168339,0.2674168789850162,0.022664851153134487,736.6434160907434,-7.819481862014754e-05,0.03733429088359294,736.669016099532,0.0019006695566314846,0.03802671709720502
2.49,9.570867667992192e-05,0.0016740300986748506,18.9423101336306,8.675346501355755e-05,0.0097899283800522,-1.4577254085799926e-06,605.9647129844233,0.36693841325113885,0.019252585497847214,605.9899039179188,0.3688229039046642,0.019948606555112776,737.983218037379,0.10223634358469402,0.03500074912658721,738.0041133568297,0.10404391625240539,0.03564889977895468
2.5,8.639216847779432e-05,0.001631106905335155,18.9423266858042,7.693762734704297e-05,0.00954838932485119,-1.2584798799346831e-06,606.4444188536849,0.4550876160348549,0.01645535038718393,606.4649330234478,0.4567588834559766,0.017078448350171638,739.1080299978983,0.19691292565721108,0.03199816576518566,739.1241966176196,0.1985159780815149,0.032586298852370146
2.5100000000000002,7.538058578998426e-05,0.0015599812499112443,18.94234266179662,6.60472369495924e-05,0.009135937659471578,-1.046974585802008e-06,606.7555223530751,0.5292636515278892,0.013575479022392362,606.7713528188609,0.5306983538875265,0.01411476159088726,740.0046834770808,0.28223770528740255,0.028432609508093083,740.0162573953123,0.28361384836705916,0.028948662985820776
2.52,6.322702666942926e-05,0.0014675732141844673,18.942357814544433,5.457513168610654e-05,0.008594349152610167,-8.319041882121946e-07,606.904282804107,0.589195396508313,0.010666092663766152,606.9155792458517,0.5903808975820657,0.01111469807006557,740.6660802588171,0.35681007193572034,0.024418523188476544,740.6733336134353,0.3579471852104832,0.024854116170779584
2.5300000000000002,5.046059524462636e-05,0.0013602875163567126,18.942371963740765,4.297362232539465e-05,0.007962474101708134,-6.209777833805518e-07,606.899060620565,0.6348611800836013,0.007776659376048412,606.906105231089,0.6357946689074523,0.00813151499950331,741.0909905099061,0.4195579603994415,0.020075203328019414,741.0943058740662,0.4204533476386829,0.020425511453096748
2.54,3.757113010565812e-05,0.0012438757697185853,18.942384989957603,3.164413862150479e-05,0.007275301048212361,-4.207927746634198e-07,606.7500459290458,0.6664696646949131,0.004952564998811489,606.7532276254387,0.6671570503094526,0.0052140473124683935,741.2837186697557,0.4697440463599656,0.015523333202465904,741.283562563812,0.4704033754188153,0.015786856845628826
2.5500000000000003,2.4997059447974712e-05,0.001123340136623132,18.942396827599474,2.0929694837014713e-05,0.006563286607398645,-2.367554456196179e-07,606.4689860182375,0.6844392489551709,0.0022347881999523122,606.4687740152528,0.6848938914828517,0.0024063068695811046,741.253654694962,0.506963268709637,0.010881681842362448,741.2505512843567,0.5073993543994182,0.011059927568807264
2.56,1.3116440593854855e-05,0.0010028757740073706,18.942407457090123,1.1110123127136623e-05,0.005851942607526146,-7.304567171556899e-08,606.0689142446979,0.6893763930349572,-0.0003403289842070331,606.0658319461545,0.6896177312153973,-0.0002528001958306023,741.0147299629276,0.5311323174632121,0.006264067923104159,741.0092358061256,0.5313638051056557,0.0063611642593262374
2.57,2.241117072035974e-06,0.0008858487140044518,18.94241689666393,2.3999402195046965e-06,0.005161663805826073,6.737743134342891e-08,605.5638826231659,0.6820532188944184,-0.0027412243443854737,605.5584826773639,0.6821053512784947,-0.0027296481035880868,740.5847982199349,0.5424718919727067,0.0017766704087140523,740.5774788066132,0.5425218965043888,0.0017989387892894276
2.58,-7.38617746088075e-06,0.0007748053112801816,18.942425194097243,-5.0513586662774815e-06,0.004507772938880748,1.8273280153712648e-07,604.9687000229887,0.6633846935493737,-0.004941180594609401,604.9615412611105,0.663274966078542,-0.004995967672027042,739.9849624109214,0.5414826660674055,-0.002484251048188467,739.9763710941012,0.5413774172687846,-0.002528750277929845
2.59,-1.5592031052437317e-05,0.000671509067173712,18.942432418674766,-1.1156843324767654e-05,0.0039007548457102616,2.723422020792405e-07,604.2986776644833,0.6344056647784035,-0.0069183261172264384,604.2903045023844,0.6341633117240009,-0.007028839949214284,739.238868086818,0.5289159936637255,-0.006434184895045775,739.229527869056,0.528683532570684,-0.0065361131562575595
2.6,-2.227020359345934e-05,0.00057700045981554,18.94243865364282,-1.5887839095937432e-05,0.003346647889702187,3.3652753224803756e-07,603.5693834724593,0.596247985743037,-0.008655574155146804,603.5603082118969,0.595902864258091,-0.008810612372439585,738.3719834037695,0.5057404504142937,-0.010001728188902347,738.3623718922984,0.5054094155205746,-0.010150919825830766
2.61,-2.737746123044389e-05,0.0004916753269195668,18.942443989357425,-1.9268104681434483e-05,0.0028475588637298242,3.7648631702108227e-07,602.7964067505885,0.5501179379986953,-0.010140509251876024,602.7870950714936,0.5496993891411783,-0.01032874875360805,737.4108845868669,0.4731053351682002,-0.013129466997221406,737.4014222914725,0.47270386993747415,-0.013315356927240972
2.62,-3.092780233470542e-05,0.00041537733412176214,18.942448517290376,-2.1366853915950386e-05,0.0024022669105551895,3.9415120744974665e-07,601.9951345979257,0.49727414102840317,-0.01136523109439884,601.9859943932385,0.49681000236778683,-0.01157562609627467,736.3825641524924,0.4323022513037511,-0.01577440037166014,736.373606166625,0.4318570570782665,-0.0159864168709648
2.63,-3.298546031093665e-05,0.0003475001005740013,18.942452325011928,-2.2290981232711283e-05,0.0020068826070029503,3.920394179051759e-07,601.180541481976,0.43900612015529417,-0.01232615998126854,601.1719150556519,0.4385219072610691,-0.012548285180641815,735.3137773036455,0.3847258550466748,-0.0179079363817973,735.3056082882194,0.384261405944053,-0.018135850154891962
2.64,-3.3657065454008614e-05,0.00028709464234525923,18.942455492224855,-2.2176841054951323e-05,0.0016555300944499718,3.7309792443309876e-07,600.366993381014,0.37661369262570465,-0.01302380966085218,600.3591529115672,0.37613195912628017,-0.013248143354620526,734.230439769351,0.33183479893489354,-0.019515502096102314,734.2232720528823,0.33137272802730156,-0.019749725271199444
2.65,-3.308332612918792e-05,0.00023297794081684906,18.942458087882063,-2.1181910731344315e-05,0.0013410228167249762,3.405499313857694e-07,599.5680679064468,0.3113873228096642,-0.013462532233624482,599.5612139758315,0.31092720155267983,-0.01368067677438172,733.1570880443859,0.2751138173222034,-0.020595818032866618,733.1510625647575,0.2746724765246844,-0.020827649095000938
2.66,-3.1430557969681827e-05,0.00018383866149354383,18.94246016837877,-1.9476636669748566e-05,0.0010555068617611287,2.977476199922392e-07,598.7963917973048,0.2445895907623452,-0.013650239159732413,598.790654699934,0.24416651209580031,-0.013855078475229229,732.1164105738775,0.21603780122403382,-0.0211598927777298,732.1116003174602,0.21563199107449416,-0.021381705637909268
2.67,-2.888235141314096e-05,0.00013833635346167052,18.942461776772223,-1.723672595507758e-05,0.0007910499009631443,2.480355509087089e-07,598.0634971321635,0.17743791271074283,-0.013598101857706347,598.0589406127266,0.17706349020868428,-0.013783897836824792,731.128855990503,0.15603859604601533,-0.021229795600534007,731.1252715341278,0.15567945609507028,-0.02143517296134076
2.68,-2.5631625619558873e-05,9.519086251248427e-05,18.942462942946964,-1.46361030279016e-05,0.0005401580864780253,1.9462834330281816e-07,597.3796975204035,0.11108864634251647,-0.013320234925830668,597.3763245421404,0.11077071552839657,-0.013482666256120945,730.2123221164499,0.0964751319910695,-0.02083726438022989,730.2099188465562,0.09617017794483207,-0.021021077270989327
2.69,-2.1873272706771064e-05,5.325919571647846e-05,18.942463684613628,-1.1840705021397296e-05,0.00029620781462680215,1.4050543436824047e-07,596.7539854085676,0.04662270710664718,-0.012833364665276466,596.7517455254464,0.04636549895636888,-0.012969513170888904,729.3819271472123,0.03860736730693093,-0.020022203452770615,729.3806137174324,0.03836065744844408,-0.020180640256406847
2.7,-1.7797552410263782e-05,1.1597676118406961e-05,18.942464009004254,-9.003242106172379e-06,5.3783819386259415e-05,8.832487748369996e-08,596.1939514658501,-0.014967186704351043,-0.012156485331486517,596.1927493616782,-0.015162758441433777,-0.012264775998709532,728.6498622911328,-0.01642560707698637,-0.018831121680942604,728.649509883133,-0.01661319629414626,-0.018961671156492395
2.71,-1.358435496109963e-05,-3.0492093343693122e-05,18.942463915109215,-6.259002509993607e-06,-0.0001910805342466493,4.035729951120565e-08,595.7057267952902,-0.07278753317069286,-0.0113105053862079,595.7054315585318,-0.0729234935257228,-0.011390607079612277,728.025323189984,-0.06762308295094055,-0.017315555662501876,728.0257751605947,-0.06775349390369945,-0.017416949384436282
2.72,-9.398410469116015e-06,-7.343420410026446e-05,18.942463396289384,-3.72273739030284e-06,-0.00044076076766593413,-1.5596576380773078e-09,595.2939484565989,-0.12605323703152038,-0.010317885964280845,595.2944031796636,-0.12613410370260203,-0.0103705803436258,727.5145157257168,-0.11413577676328002,-0.015530517058013832,727.5155972540119,-0.11421334275391049,-0.015602637355487328
2.73,-5.385486814989541e-06,-0.00011736634946896984,18.942462443093532,-1.4866197948831683e-06,-0.000695992908202628,-3.604681542579095e-08,594.9617484876857,-0.17409489457542726,-0.009202273805142462,594.9627798114462,-0.1741271874775019,-0.009229300171893861,727.1207303514367,-0.15527442191648477,-0.013532996971669408,727.1222577400017,-0.15530539674091237,-0.013576756869477615
2.74,-1.6695855122181114e-06,-0.0001621439280738444,18.942461046114833,3.8076437871348987e-07,-0.0009559122724309781,-6.218990362100806e-08,594.7107662821034,-0.2163641165216501,-0.007988130879576746,594.7121935479045,-0.21635584541773722,-0.007992014639189344,726.8444778868848,-0.190514042417822,-0.011380554287937937,726.8462672195596,-0.19050610890997133,-0.011397756142086596
2.75,1.648883362455101e-06,-0.00020735893273874005,18.942459198730905,1.8344664574323931e-06,-0.0012181697990951833,-7.952856237106091e-08,594.5411838264442,-0.25243685505527136,-0.006700363724787923,594.5428275464952,-0.2523970061000802,-0.006684235879116704,726.6836787962628,-0.21949413400212947,-0.009130010348694772,726.6855537076901,-0.21945591153482713,-0.00912318985398804
2.7600000000000002,4.4939925497992735e-06,-0.0002523716371054766,18.94245689958917,2.8523642150569455e-06,-0.001479114235534542,-8.80299249649387e-08,594.4517829367422,-0.2820147265215067,-0.005363955679042545,594.4534723470798,-0.2819527664167376,-0.005331370285263873,726.6338973212896,-0.24201506047610843,-0.006836267227393996,726.6356956892945,-0.2419556293552505,-0.006808529259024501
2.77,6.814319480585697e-06,-0.00029635264052916643,18.94245415472132,3.433607394607987e-06,-0.0017340270095242416,-8.804913804061912e-08,594.4400232685665,-0.3049243486969444,-0.0040036024374520635,594.4416027844229,-0.3048497626140234,-0.003958358344899531,726.6886114690243,-0.25803104024368917,-0.0045512585595328114,726.6901908970707,-0.25795949849072297,-0.0045061109409072556
2.7800000000000002,8.582181929047462e-06,-0.0003383325265024317,18.94245097919695,3.596449695826627e-06,-0.001977395750980042,-8.02793960905507e-08,594.5021395103807,-0.32111474039819843,-0.002643358745991497,594.5034739597463,-0.3210366169949519,-0.002589331155838888,726.8395097221545,-0.2676401502657022,-0.0023230480150499637,726.8407517338887,-0.267565215572807,-0.0022642387866452117
2.79,9.792185806149924e-06,-0.00037725624104070467,18.942447398254487,3.3756046508056233e-06,-0.0022032121399419152,-6.569418091773211e-08,594.633255838128,-0.3306528607436854,-0.0013062974379786307,594.6342344036377,-0.3305795346177365,-0.0012472839698963213,727.0768054621586,-0.2710718120494948,-0.00019507733509578298,727.0776183818801,-0.27100147882663794,-0.00012644045085581713
2.8000000000000003,1.0459192877291017e-05,-0.0004120393040474804,18.942443447876915,2.8192647474188006e-06,-0.0024052800065491775,-4.548442021368873e-08,594.8275153972527,-0.3337173948534389,-1.4185743374878195e-05,594.8280542477155,-0.3336561537475302,4.622922342706712e-05,727.389560415534,-0.26867224699006487,0.0017944320819506649,727.3898809558232,-0.2686135055210981,0.0018691184330416858
2.81,1.0615824029678967e-05,-0.0004416231171423098,18.942439174807657,1.985920310266475e-06,-0.0025775203393455324,-2.0993212979147306e-08,595.078222310266,-0.33059092134790635,0.0012128165756282083,595.0782659498661,-0.3305477824563918,0.0012713764685351972,727.766008943723,-0.26088839720478374,0.003612923637232999,727.7658025634931,-0.2608470190843537,0.0036900626836118
2.82,1.0309617641336746e-05,-0.00046502690537496397,18.94243463602828,9.411076510190885e-07,-0.002714261003236833,6.349376329742364e-09,595.3779934871496,-0.32165062386751986,0.002356432537970748,595.3775148915397,-0.32163018078096295,0.0024103001951258146,728.1938756624905,-0.24825080390322718,0.005233798097888042,728.1931357945599,-0.24823119522832116,0.005310081543667157
2.83,9.599963037540141e-06,-0.00048139420071249334,18.942429897742564,-2.457944533607632e-07,-0.002810500453012605,3.508916740067826e-08,595.7189173498568,-0.3073577332009525,0.003400511908053622,595.7179169933444,-0.3073630724385046,0.0034473372733109476,728.6606796664519,-0.23135591955991686,0.006636558651540219,728.6594259429155,-0.23136104086934894,0.0067090534116066355
2.84,8.554926570090329e-06,-0.0004900322113771219,18.942425033930082,-1.504614097645383e-06,-0.002862136473100334,6.380634215210634e-08,596.092716476207,-0.2882459077661603,0.0043312391548098236,596.0912203824777,-0.28827859154706426,0.004369202988527651,729.1540195185307,-0.21084830413692357,0.007806815213248519,729.1522951444969,-0.21087965388594254,0.007873028918459264
2.85,7.248082187169392e-06,-0.0004904428911927999,18.942420124546803,-2.7671907799947285e-06,-0.0028661528979737646,9.116785390842425e-08,596.4909111266498,-0.2649087774983516,0.005137301763585447,596.4889680968184,-0.2649688874343803,0.005165136094000858,729.661834112538,-0.1874031208974336,0.008736158143403085,729.6597025541727,-0.18746077736664368,0.008794083290604453
2.86,5.755446164910733e-06,-0.00048234499679439334,18.94241525345967,-3.969861114768371e-06,-0.0028207592902684177,1.1597241652051392e-07,596.9049806378101,-0.23798688914516974,0.005810013632309788,596.9026588239489,-0.23807312392859492,0.005827000366197097,730.1726354946003,-0.16170930560854835,0.009421909765631887,730.1701766559837,-0.1617920206049006,0.009470047075569527
2.87,4.152610707844299e-06,-0.00046568687132708534,18.94241050620692,-5.0555690589253536e-06,-0.0027254805986068643,1.371870973352555e-07,597.3265197569325,-0.20815429914489147,0.006343391901499959,597.3239027568844,-0.2082641180756739,0.006349341631561181,730.6757107223913,-0.13445373581683073,0.009866769534184245,730.6730167879814,-0.13455907234227737,0.009904131735857873
2.88,2.5121513642509966e-06,-0.0004406500998570704,18.942405967676493,-5.975561437818978e-06,-0.0025811958134023074,1.5397490909143272e-07,597.7473871391198,-0.17610506341458887,0.006734184427558879,597.7445697896954,-0.1762348667582181,0.006729397945937435,731.161290806135,-0.1063066760523812,0.010078366283982398,731.1584619219487,-0.10643118130038154,0.010104464055660855
2.89,9.013709014537146e-07,-0.0004076445290884215,18.94240171979162,-6.690646639959853e-06,-0.0023901265231283625,1.6571316184399496e-07,598.1598434385859,-0.14253987137102797,0.006981846894216213,598.15692747966,-0.1426852080584906,0.006967062285255789,731.6206857051401,-0.0779087218709118,0.010068733853393453,731.6178256628614,-0.07804812644868209,0.010083546077288225
2.9,-6.195744746309573e-07,-0.0003672954234819047,18.94239783928623,-7.172010580007738e-06,-0.0021557779911515725,1.720026822071158e-07,598.5566766866804,-0.10815306438666239,0.007088469625379836,598.5537664589529,-0.10830885743878804,0.007064798046395545,732.0463852216031,-0.049859412079023,0.009853727052847708,732.0435972963684,-0.05000884623101998,0.009857657852633055
2.91,-1.999137225105929e-06,-0.00032042373885434746,18.942394395644143,-7.401599003338772e-06,-0.0018828368795896387,1.7266832053819888e-07,598.9313129575066,-0.0736202667941388,0.007058655408981153,598.9285112824483,-0.0737810470504141,0.007027508780431255,732.4321264260564,-0.022707625673135112,0.009452395419766342,732.4295095014654,-0.022861843470001197,0.009446220651908562
2.92,-3.195415873608739e-06,-0.00026802063547503636,18.942391449265266,-7.372088601013051e-06,-0.0015770310076734246,1.6775143840115542e-07,599.2779106681156,-0.039586840819505476,0.0068993509081832945,599.2753150407268,-0.03974698004005628,0.006862364730254568,732.7729289534537,0.0030561708070364624,0.008886332193780608,732.7705740472273,0.0029025678812688582,0.008871138159010923
2.93,-4.176770157709837e-06,-0.0002112174319479699,18.94238904991049,-7.086480959260193e-06,-0.001244957524396702,1.5749529200197567e-07,599.5914372357923,-0.006657355854200464,0.0066196354689702025,599.5891364401505,-0.006811291000496933,0.0065785898695392055,733.0651001168872,0.027005807609559174,0.008179015466892774,733.063087398414,0.026858155530440353,0.008156132604173777
2.94,-4.922030582670144e-06,-0.00015125222769558515,18.942387235464746,-6.557362889170212e-06,-0.0008938865861051618,1.4232439761979792e-07,599.8677272102218,0.024613762187652988,0.006230472277542164,599.8657984451283,0.024471320738739255,0.006187214189168753,733.3062122916145,0.048783453763634466,0.007355157535834253,733.3046086592735,0.04864682625144168,0.007326091767606297
2.95,-5.420331352284531e-06,-8.943440574207848e-05,18.942386031045395,-5.805884054494443e-06,-0.0005315480565387098,1.228190796525265e-07,600.1035214034192,0.05373026341137788,0.005744427826586373,600.1020279818251,0.05360414586214057,0.005700796903055414,733.4950554233827,0.06810188199013467,0.006440077154423314,733.4939126857319,0.06798091209597734,0.006406441381177822
2.96,-5.670606021450972e-06,-2.7108178808344947e-05,18.94238544847134,-4.860507982197925e-06,-0.00016590889656342402,9.968646341992152e-08,600.2964869454181,0.08026068047256585,0.005175366473628643,600.2954766073758,0.08015509873010584,0.005133127005384861,733.6315678121613,0.08474505592942494,0.005459107716750705,733.6309214937992,0.08464378364586578,0.005422555723406397
2.97,-5.680793178846761e-06,3.438373043240088e-05,18.94238548609687,-3.755595515941633e-06,0.0001950512012875433,7.372918428394177e-08,600.4452185891959,0.10384343292085818,0.004538127482338374,600.4447224447362,0.10376185249344472,0.004498908173091024,733.7167485189136,0.09856716779327312,0.004437052473205422,733.7166172895409,0.09848891717928465,0.0043992172238847315
2.98,-5.466805109330302e-06,9.373527226172632e-05,18.942386129003808,-2.5298806335686556e-06,0.0005435587297239546,4.581304861779852e-08,600.54922196499,0.12419038576477748,0.0038481923060584016,600.5492540612137,0.12413543076700284,0.003813435347096642,733.7525548438203,0.10949027762507946,0.0033976957750058074,733.7529405485744,0.10943756568843055,0.0033601337501567245
2.99,-5.051315607174553e-06,0.00014971021196182564,18.942387349536006,-1.2248974288350247e-06,0.000872253193428945,1.6834806156595152e-08,600.6088798337578,0.14108885133001792,0.003121349990032968,600.6094373202014,0.1410622436575082,0.0030922704317455146,733.7417883370091,0.11750072281990764,0.0023633771443428,733.7426765879327,0.11747520117483257,0.0023275200286234756
3.0,-4.4624243559727125e-06,0.0002011724263643006,18.942389108151396,1.1658552134194043e-07,0.001174375907642169,-1.2308908439961886e-08,600.6254027200162,0.15440205580213862,0.0023733684901643334,600.6264665683906,0.15440458831567083,0.002350924475505227,733.687972764934,0.12264447984511317,0.0013546328104134754,733.6893340377881,0.12264690899083108,0.00132174748241932
