time_s,ay_mps2,ax_mps2,speed_mps,roll_deg,pitch_deg,yaw_rate_radps,Fz_FL,jounce_FL_mm,geometric_FL_n,Fz_FR,jounce_FR_mm,geometric_FR_n,Fz_RL,jounce_RL_mm,geometric_RL_n,Fz_RR,jounce_RR_mm,geometric_RR_n
0.0,0.0,0.0,15.0,0.0,0.0,0.0,598.5082183333004,-0.0,0.0,598.5082183333004,-0.0,0.0,731.5100446295896,-0.0,0.0,731.5100446295896,-0.0,0.0
0.01,1.3997977260738851e-18,1.1169533433982342e-18,15.0,-7.691918783166697e-20,6.5258485303080404e-18,-1.2866461039358602e-21,598.5082183333004,-0.0,2.716477053911185e-16,598.5082183333004,-0.0,2.884160922991158e-16,731.5100446295896,-0.0,-2.0708755707434816e-16,731.5100446295896,-0.0,-1.9014958877755693e-16
0.02,2.5138420966137595e-18,4.4678133706846925e-18,15.0,-3.0763583504724627e-19,2.6103394104240618e-17,-2.1058898787710126e-21,598.5082183333004,-0.0,5.452526582379466e-16,598.5082183333004,-0.0,5.7487493622656e-16,731.5100446295896,-0.0,-4.1233014356997604e-16,731.5100446295896,-0.0,-3.8214414748416857e-16
0.03,3.405842326003135e-18,1.005258007938865e-17,15.0,-6.921151809774631e-19,5.873263670736244e-17,-2.7374706872308786e-21,598.5082183333004,-0.0,8.203924458258835e-16,598.5082183333004,-0.0,8.597989450451343e-16,731.5100446295896,-0.0,-6.160846189744084e-16,731.5100446295896,-0.0,-5.756268170211334e-16
0.04,4.12474510995093e-18,1.7871253468754106e-17,15.0,-1.2303465891740991e-18,1.0441357633525649e-16,-3.3483852825370393e-21,598.5082183333004,-0.0,1.0967484836021191e-15,598.5082183333004,-0.0,1.1435067036349106e-15,731.5100446295896,-0.0,-8.186302885542596e-16,731.5100446295896,-0.0,-7.703182923539549e-16
0.05,4.708309080293865e-18,2.79238335390275e-17,15.0,-1.9223335270279593e-18,1.6314621298936265e-16,-4.0335851082755965e-21,598.5082183333004,-0.0,1.3740792125380509e-15,598.5082183333004,-0.0,1.4262397712105673e-15,731.5100446295896,-0.0,-1.0201862451870736e-15,731.5100446295896,-0.0,-9.659994807370659e-16
0.06,5.1857693353487185e-18,4.021032029100647e-17,15.0,-2.7680872166116016e-18,2.349305466743411e-16,-4.842721458415988e-21,598.5082183333004,-0.0,1.65220056520369e-15,598.5082183333004,-0.0,1.7081822152993931e-15,731.5100446295896,-0.0,-1.2209246816875108e-15,731.5100446295896,-0.0,-1.1624981894248198e-15
0.07,5.687451748187183e-18,5.474198491166549e-17,15.0,-3.7683990047752574e-18,3.1983242979073036e-16,-5.908476663305037e-21,598.5082183333004,-0.0,1.9498623656353238e-15,598.5082183333004,-0.0,2.009671518375715e-15,731.5100446295896,-0.0,-1.4354967302518036e-15,731.5100446295896,-0.0,-1.3728867886886482e-15
0.08,4.570878005885947e-19,7.098837041845638e-17,15.0,-4.920876313664545e-18,4.14752644326951e-16,2.818057206131644e-20,598.5082183333004,-0.0,2.060773626786986e-15,598.5082183333004,-0.0,2.0472404786901048e-15,731.5100446295895,-0.0,-1.5052237541831964e-15,731.5100446295895,-0.0,-1.5022176383552678e-15
0.09,5.797326102195805e-17,8.808603952563405e-17,15.0,-1.1532808015677421e-17,5.146465203552063e-16,-3.9247152715961746e-19,598.5082183333005,-0.0,1.9321215229275216e-15,598.5082183333004,-0.0,2.689680105037704e-15,731.5100446295896,-0.0,-1.7733623893681925e-15,731.5100446295895,-0.0,-1.1591411580917977e-15
0.1,-9.494409274287319e-17,1.0644737447081304e-16,15.0,-1.1660654697775575e-17,6.219234190499522e-16,7.956731354260092e-19,598.5082183333004,-0.0,3.0734165135942645e-15,598.5082183333005,-0.0,1.717835329032895e-15,731.5100446295895,-0.0,-1.013899564531741e-15,731.5100446295896,-0.0,-2.0387901472793482e-15
0.11,-2.668232610497855e-17,1.239409905375256e-16,15.0,-8.183642551143361e-18,7.241306324250473e-16,1.9394844728861047e-19,598.5082183333005,-0.0,2.533745416649867e-15,598.5082183333005,-0.0,2.150202674931488e-15,731.5100446295895,-0.0,-1.3486547875673926e-15,731.5100446295895,-0.0,-1.6535210531884094e-15
0.12,-1.7828512551040146e-17,1.41846903704079e-16,15.0,-1.220046729938606e-17,8.287467095534492e-16,1.6334675032055672e-19,598.5082183333005,-0.0,2.4866701956271146e-15,598.5082183333005,-0.0,2.2050419369846976e-15,731.5100446295896,-0.0,-1.3418164616436939e-15,731.5100446295896,-0.0,-1.5496755587486855e-15
0.13,-5.1564391215342436e-17,1.5945650846001598e-16,15.0,-6.483723376213727e-18,9.316315918943803e-16,3.715984236854874e-19,598.5082183333004,-0.0,2.706916579937334e-15,598.5082183333005,-0.0,1.988659330519139e-15,731.5100446295895,-0.0,-1.1608410507015596e-15,731.5100446295896,-0.0,-1.7336540308568622e-15
0.14,-2.035029380636928e-17,1.7701295060639938e-16,15.0,-2.096801293998029e-18,1.0342058693748012e-15,9.828186188509807e-20,598.5082183333004,-0.0,2.3527636196006953e-15,598.5082183333004,-0.0,2.0854918513808974e-15,731.5100446295895,-0.0,-1.4150099250224154e-15,731.5100446295895,-0.0,-1.653347549388781e-15
0.15,-1.610108734378366e-17,1.9451430302542186e-16,15.0,1.1867433963695432e-18,1.136458282725034e-15,7.064600713937169e-20,598.5082183333004,-0.0,2.3200606898374595e-15,598.5082183333004,-0.0,2.1181948353017505e-15,731.5100446295895,-0.0,-1.441256575688581e-15,731.5100446295895,-0.0,-1.627100937135057e-15
0.16,-1.2864649246131099e-17,2.1201565561647898e-16,15.0,4.467867722624411e-18,1.2387106970803868e-15,5.3529325150582017e-20,598.5082183333004,-0.0,2.2948262243124242e-15,598.5082183333004,-0.0,2.1434293343701197e-15,731.5100446295895,-0.0,-1.4624813164835817e-15,731.5100446295895,-0.0,-1.60587622013138e-15
0.17,-1.0387129316344127e-17,2.295170083125039e-16,15.0,7.747515250914762e-18,1.3409631120490185e-15,4.32979726820844e-20,598.5082183333004,-0.0,2.27506448155575e-15,598.5082183333004,-0.0,2.1631910971770413e-15,731.5100446295895,-0.0,-1.479836010397044e-15,731.5100446295895,-0.0,-1.5885215404389795e-15
0.18,-8.481460794318988e-18,2.4701836106977976e-16,15.0,1.102630103505508e-17,1.4432155273755117e-15,3.7531482705331646e-20,598.5082183333004,-0.0,2.2593367021083786e-15,598.5082183333004,-0.0,2.178918887924925e-15,731.5100446295895,-0.0,-1.4941970775823015e-15,731.5100446295895,-0.0,-1.5741604812688532e-15
0.19,-7.008976297373384e-18,2.6451971386010907e-16,15.0,1.430462178908278e-17,1.5454679428951211e-15,3.462545940700003e-20,598.5082183333004,-0.0,2.2465999297078555e-15,598.5082183333004,-0.0,2.191655666020345e-15,731.5100446295895,-0.0,-1.5062345341948631e-15,731.5100446295895,-0.0,-1.562123028695514e-15
0.2,-5.86628479293429e-18,2.8202106666555314e-16,15.0,1.7582729892369234e-17,1.647720358503039e-15,3.352284429855399e-20,598.5082183333004,-0.0,2.2360938031878486e-15,598.5082183333004,-0.0,2.202161794701131e-15,731.5100446295895,-0.0,-1.5164628685630396e-15,731.5100446295895,-0.0,-1.5518946958599197e-15
0.21,-4.975856965974442e-18,2.995224194749097e-16,15.0,2.0860782949698515e-17,1.7499727741338161e-15,3.3532447379456207e-20,598.5082183333004,-0.0,2.227260744752269e-15,598.5082183333004,-0.0,2.2109948531178887e-15,731.5100446295895,-0.0,-1.525278754434361e-15,731.5100446295895,-0.0,-1.5430788099752525e-15
0.22,2.1595374429230734e-16,3.170125254067198e-16,15.0,2.1640940671281005e-17,1.852159479392946e-15,-1.7134867861419123e-18,598.5082183333004,-0.0,6.380134116627838e-16,598.5082183333011,5.551115123125783e-14,3.6840433728270866e-15,731.5100446295896,-0.0,-2.658821176334236e-15,731.5100446295895,-0.0,-3.1425961427309186e-16
0.23,7.223499174670043e-17,3.3015908571664043e-16,15.0,-3.0087798565652406e-18,1.9289688302796043e-15,-4.011668993803599e-19,598.508218333301,5.551115123125783e-14,-2.520033750823658e-17,598.508218333301,5.551115123125783e-14,9.169639112932417e-16,731.5100446295896,-0.0,-1.7848709333249556e-15,731.5100446295895,-0.0,-9.73837775168861e-16
0.24,1.9761014945124246e-16,3.3450846439013456e-16,15.0,-2.1983267923030906e-17,1.9543802645099907e-15,-1.3790333655215489e-18,598.508218333301,5.551115123125783e-14,-2.6636583456342906e-15,598.508218333301,5.551115123125783e-14,-3.6380833854025815e-17,731.5100446295896,-0.0,-2.185922773119895e-15,731.5100446295896,-0.0,-6.399663665405282e-17
0.25,-5.860732133275079e-17,3.307045320355917e-16,15.0,-3.533523634026933e-17,1.932155624141611e-15,5.972644920947354e-19,598.5082183333009,5.551115123125783e-14,-2.267494519900334e-15,598.5082183333009,5.551115123125783e-14,-3.209724220470662e-15,731.5100446295896,-0.0,-6.79239431486813e-16,731.5100446295896,-0.0,-1.3296941044025964e-15
0.26,-3.5049721884315223e-16,3.2105123053221846e-16,15.0,-3.432392042630336e-17,1.8757557898954025e-15,2.772734064154871e-18,598.508218333301,5.551115123125783e-14,-1.2819685857773355e-15,598.5082183333002,-0.0,-6.227963313706484e-15,731.5100446295896,-0.0,9.41384251069874e-16,731.5100446295896,-0.0,-2.8588402447288177e-15
0.27,2.1230042091002042e-16,3.088906280388464e-16,15.0,-2.5391431530650008e-17,1.804706940471135e-15,-1.798074500639607e-18,598.5082183333003,-0.0,-5.304465790523168e-15,598.5082183333003,-0.0,-2.3935950215917925e-15,731.5100446295896,-0.0,-2.1877129525722195e-15,731.5100446295896,-0.0,8.358497518979854e-18
0.28,1.0885283638648681e-16,2.9942415456497046e-16,15.0,-4.5628376157006504e-17,1.7493986571199775e-15,-8.144898568828041e-19,598.5082183333003,-0.0,-3.821782753778347e-15,598.5082183333003,-0.0,-2.4386092759082145e-15,731.5100446295896,-0.0,-1.7782089829433193e-15,731.5100446295896,-0.0,-6.840588159254597e-16
0.29,2.0826261009353915e-18,2.9395377950232445e-16,15.0,-6.080893425858122e-17,1.7174377526884715e-15,7.755256480262203e-20,598.5082183333004,-0.0,-2.3341396324901757e-15,598.5082183333003,-0.0,-2.4791104571854327e-15,731.5100446295896,-0.0,-1.3032783056584628e-15,731.5100446295896,-0.0,-1.3664917341276771e-15
0.3,-7.716225134366553e-17,2.9112586369997943e-16,15.0,-6.50407606448666e-17,1.700915531512767e-15,6.337224901257897e-19,598.5082183333004,-0.0,-1.5905643491641486e-15,598.5082183333004,-0.0,-2.821985885207473e-15,731.5100446295895,-0.0,-1.0056242151095438e-15,731.5100446295895,-0.0,-1.941948477620552e-15
0.31,-6.391876513414914e-17,2.8986245265010454e-16,15.0,-6.341002169423235e-17,1.6935339974569966e-15,4.40296900575857e-19,598.5082183333004,-0.0,-1.5545947925827397e-15,598.5082183333004,-0.0,-2.5710209275986663e-15,731.5100446295895,-0.0,-1.2533797092582977e-15,731.5100446295895,-0.0,-2.069238149451532e-15
0.32,-4.875430622512205e-17,2.892201173866823e-16,15.0,-6.23922611865332e-17,1.6897811257192964e-15,2.7677592182925534e-19,598.5082183333004,-0.0,-1.6681890241902408e-15,598.5082183333004,-0.0,-2.4574263755412758e-15,731.5100446295895,-0.0,-1.3289476468857829e-15,731.5100446295895,-0.0,-1.993670439109941e-15
0.33,-3.7409826573605887e-17,2.8857778316656745e-16,15.0,-6.138917902901506e-17,1.6860282600771648e-15,1.6957349864928655e-19,598.5082183333004,-0.0,-1.7515480449623047e-15,598.5082183333004,-0.0,-2.3740671446860425e-15,731.5100446295895,-0.0,-1.3873575665907532e-15,731.5100446295895,-0.0,-1.9352606684109183e-15
0.34,-2.887518092629355e-17,2.879354496276572e-16,15.0,-6.03956807793283e-17,1.682275398415001e-15,9.993422649018941e-20,598.5082183333004,-0.0,-1.8131465061247714e-15,598.5082183333004,-0.0,-2.312468547052417e-15,731.5100446295895,-0.0,-1.4327326066993764e-15,731.5100446295895,-0.0,-1.889885725097362e-15
0.35000000000000003,-2.2419568574935892e-17,2.8729311652893393e-16,15.0,-5.940837554477817e-17,1.6785225393246487e-15,5.523425492165523e-20,598.5082183333004,-0.0,-1.8589982271737437e-15,598.5082183333004,-0.0,-2.2666167384055006e-15,731.5100446295895,-0.0,-1.4681569991307427e-15,731.5100446295895,-0.0,-1.8544613947966955e-15
0.36,-1.7511293157741032e-17,2.86650783710783e-16,15.0,-5.842501769849655e-17,1.6747696818735524e-15,2.6998977813230247e-20,598.5082183333004,-0.0,-1.8933904872401647e-15,598.5082183333004,-0.0,-2.232224423006786e-15,731.5100446295895,-0.0,-1.4959507918628067e-15,731.5100446295895,-0.0,-1.826667641310241e-15
0.37,-1.3761270602101901e-17,2.8600845106815935e-16,15.0,-5.744412935512865e-17,1.671016825447982e-15,9.5571984210493e-21,598.5082183333004,-0.0,-1.9193948154941856e-15,598.5082183333004,-0.0,-2.206220060572341e-15,731.5100446295895,-0.0,-1.5178686007083569e-15,731.5100446295895,-0.0,-1.8047498567078815e-15
0.38,-1.0883099079414301e-17,2.853661185324727e-16,15.0,-5.64647455145468e-17,1.6672639696471954e-15,-8.717081294581107e-22,598.5082183333004,-0.0,-1.9392232617603977e-15,598.5082183333004,-0.0,-2.1863915938687393e-15,731.5100446295895,-0.0,-1.535244212384765e-15,731.5100446295895,-0.0,-1.787374259527126e-15
0.39,-8.664713785859221e-18,2.847237860593836e-16,15.0,-5.548624236444829e-17,1.6635111142121385e-15,-6.79623918321811e-21,598.5082183333004,-0.0,-1.954477635722129e-15,598.5082183333004,-0.0,-2.171137208296784e-15,731.5100446295895,-0.0,-1.549096402399571e-15,731.5100446295895,-0.0,-1.7735220777471202e-15
0.4,-6.94817193709305e-18,2.840814536206021e-16,15.0,-5.4508221888373796e-17,1.6597582589775247e-15,-9.871193851003049e-21,598.5082183333004,-0.0,-1.966324449355587e-15,598.5082183333004,-0.0,-2.1592903886373757e-15,731.5100446295895,-0.0,-1.560206827117958e-15,731.5100446295895,-0.0,-1.7624116573027632e-15
0.41000000000000003,-5.615164389769659e-18,2.8343912119839103e-16,15.0,-5.3530434541418016e-17,1.6560054038397242e-15,-1.118032241466939e-20,598.5082183333004,-0.0,-1.9756181607124032e-15,598.5082183333004,-0.0,-2.1499966747150753e-15,731.5100446295895,-0.0,-1.5691776987960009e-15,731.5100446295895,-0.0,-1.7534407874443411e-15
0.42,-4.576577041696358e-18,2.8279678878189623e-16,15.0,-5.255272761850696e-17,1.6522525487353214e-15,-1.1426892382289519e-20,598.5082183333004,-0.0,-1.9829883459168116e-15,598.5082183333004,-0.0,-2.1426264890274667e-15,731.5100446295895,-0.0,-1.5764747412841225e-15,731.5100446295895,-0.0,-1.746143745298939e-15
0.43,-3.687556208530798e-18,2.821373350872904e-16,15.0,-5.1573831650404607e-17,1.6483996618182573e-15,-1.1147350716431283e-20,598.5082183333004,-0.0,-1.985675975749158e-15,598.5082183333004,-0.0,-2.132542514481579e-15,731.5100446295895,-0.0,-1.6007054287387435e-15,731.5100446295895,-0.0,-1.7574636334621323e-15
0.44,-3.621473972958226e-18,2.8135503584977034e-16,15.0,-5.05864150076038e-17,1.6438290444691932e-15,-9.883039209983699e-21,598.5082183332999,-5.551115123125783e-14,-1.4091746521474546e-15,598.5082183332999,-5.551115123125783e-14,-1.5533305386162372e-15,731.5100446295887,-5.551115123125783e-14,-9.346246829335046e-16,731.5100446295887,-5.551115123125783e-14,-1.0883963820557078e-15
0.45,-3.664447154572419e-18,2.7942233701781813e-16,15.0,-4.951970000033882e-17,1.632537167412224e-15,-8.642015405841898e-21,598.5082183332999,-5.551115123125783e-14,1.3554895801677242e-16,598.5082183332999,-5.551115123125783e-14,-7.015819402074184e-18,731.5100446295887,-5.551115123125783e-14,6.089389334356408e-16,731.5100446295887,-5.551115123125783e-14,4.569568875603758e-16
0.46,-3.3397449026285777e-18,2.7636335550184087e-16,15.0,-4.837536332457646e-17,1.6146649347462242e-15,-7.853082993461808e-21,598.5082183333004,-0.0,1.6044734656224043e-15,598.5082183333004,-0.0,1.468152451316688e-15,731.5100446295897,-0.0,1.9871815513405912e-15,731.5100446295897,-0.0,1.841602932415272e-15
0.47000000000000003,-1.4159451398215496e-18,2.7465124681320385e-16,15.0,-4.7323717734772783e-17,1.6046618652039669e-15,-8.400793915487657e-21,598.5082183333004,-0.0,1.3826986869017691e-15,598.5082183333004,-0.0,1.2716900245597406e-15,731.5100446295896,-0.0,1.3486273620262581e-15,731.5100446295896,-0.0,1.228858772550585e-15
0.48,1.162902947336379e-19,2.7506865745117084e-16,15.0,-4.6418594259271755e-17,1.6071006050263704e-15,-8.401868452100603e-21,598.5082183333004,-0.0,1.6526764284046244e-15,598.5082183333004,-0.0,1.5617760782277976e-15,731.5100446295896,-0.0,1.139576511964563e-15,731.5100446295896,-0.0,1.0406724785472546e-15
0.49,1.3380253991178445e-18,2.777199747639978e-16,15.0,-4.566714122278745e-17,1.62259104183965e-15,-8.184292124349254e-21,598.5082183333004,-0.0,1.924731115885423e-15,598.5082183333004,-0.0,1.8497851854894295e-15,731.5100446295896,-0.0,9.325475352597825e-16,731.5100446295896,-0.0,8.504643114909228e-16
0.5,2.425183534743412e-18,2.826164699367994e-16,15.0,-4.5070123808980924e-17,1.6511990280334793e-15,-8.073961295538231e-21,598.5082183333004,-0.0,2.2341897893702564e-15,598.5082183333004,-0.0,2.1732349676121294e-15,731.5100446295896,-0.0,7.272650440662732e-16,731.5100446295896,-0.0,6.600499706958167e-16
0.51,2.5693275862819064e-18,2.8925044504389314e-16,15.0,-4.45925844826342e-17,1.689958316376728e-15,-7.377457010115046e-21,598.5082183333004,-0.0,2.2731843208204646e-15,598.5082183333004,-0.0,2.2145747732298485e-15,731.5100446295896,-0.0,5.220271313692281e-16,731.5100446295896,-0.0,4.579067847255128e-16
0.52,2.696816459356719e-18,2.970915833985295e-16,15.0,-4.419803987810623e-17,1.7357705085421278e-15,-7.073997484330907e-21,598.5082183333004,-0.0,2.31231803281608e-15,598.5082183333004,-0.0,2.255775399072407e-15,731.5100446295896,-0.0,3.1701889561167917e-16,731.5100446295896,-0.0,2.555339212693994e-16
0.53,-1.7077904277321018e-17,3.0611382294173224e-16,15.0,-4.404784928976014e-17,1.7884833358156163e-15,1.4844461804303016e-19,598.5082183333004,-0.0,2.4027686095441004e-15,598.5082183333004,-0.0,2.072440438621822e-15,731.5100446295896,-0.0,2.387122394233591e-16,731.5100446295896,-0.0,-3.363494003634224e-17
0.54,-7.597028287431541e-17,3.158963636792494e-16,15.0,-5.3811221225429443e-17,1.845638255913155e-15,6.897773222116337e-19,598.5082183333011,5.551115123125783e-14,2.7227725505439498e-15,598.5082183333003,-0.0,1.5304952897163376e-15,731.5100446295896,-0.0,5.143261642795661e-16,731.5100446295896,-0.0,-3.8525199241508133e-16
0.55,-7.689675858467139e-16,3.232498703177962e-16,15.0,6.60929121516438e-18,1.8886014385504635e-15,5.68577256026485e-18,598.508218333301,5.551115123125783e-14,6.4247481301877636e-15,598.5082183333011,5.551115123125783e-14,-4.085560644943925e-15,731.5100446295896,-0.0,4.322277908879139e-15,731.5100446295896,-0.0,-3.992752868721457e-15
0.56,1.0690843712467378e-16,3.249187036532785e-16,15.0,6.532046332740335e-17,1.898351669958118e-15,-1.4693831975717262e-18,598.5082183333003,-0.0,-6.136420103194553e-16,598.5082183333011,5.551115123125783e-14,1.2213926525497653e-15,731.5100446295896,-0.0,-3.3167447518252467e-16,731.5100446295896,-0.0,7.571972742303443e-16
0.5700000000000001,8.360271971327162e-16,3.2396559736761057e-16,15.0,2.4923132884249632e-17,1.892783104994939e-15,-6.594360202282334e-18,598.508218333301,5.551115123125783e-14,-6.256821715107752e-15,598.508218333301,5.551115123125783e-14,5.3983000766451846e-15,731.5100446295896,-0.0,-4.270260123960592e-15,731.5100446295896,-0.0,4.6964810862167485e-15
0.58,4.635350867418341e-16,3.186401773765762e-16,15.0,-5.492090391674267e-17,1.861669106879286e-15,-3.0077073404364256e-18,598.5082183333011,5.551115123125783e-14,-4.3148668967269826e-15,598.5082183333003,-0.0,1.797159622544433e-15,731.5100446295896,-0.0,-2.2879515389436862e-15,731.5100446295896,-0.0,2.7205418317370057e-15
0.59,-4.3104647796373693e-16,3.109877137687644e-16,15.0,-5.915486047353227e-17,1.816959255135309e-15,3.815301386235474e-18,598.5082183333004,-0.0,1.5273351972173259e-15,598.5082183333004,-0.0,-4.6982808237888786e-15,731.5100446295896,-0.0,2.458496792377691e-15,731.5100446295896,-0.0,-2.1567595415399248e-15
0.6,-5.827656888320143e-16,3.0257716252133785e-16,15.0,-9.720761249680252e-18,1.7678202433569715e-15,4.443587249244611e-18,598.5082183333003,-0.0,2.2110831215281457e-15,598.5082183333004,-0.0,-5.833840855485914e-15,731.5100446295896,-0.0,3.2637282094055257e-15,731.5100446295896,-0.0,-3.0259514597473688e-15
0.61,-3.5758390144389286e-16,2.956890451684318e-16,15.0,4.524252250984321e-17,1.7275761178796333e-15,2.3629800987432897e-18,598.5082183333004,-0.0,9.400122721345224e-16,598.5082183333004,-0.0,-3.7635092085541635e-15,731.5100446295896,-0.0,1.7666783602015053e-15,731.5100446295896,-0.0,-2.0957943097586035e-15
0.62,-2.809692580655086e-16,2.9142140066960654e-16,15.0,9.573914186705087e-17,1.7026422191226768e-15,1.6836340856047322e-18,598.5082183333004,-0.0,6.133028240319294e-16,598.5082183333004,-0.0,-2.883825393241034e-15,731.5100446295896,-0.0,1.1260416099926083e-15,731.5100446295896,-0.0,-1.84736637623432e-15
0.63,-2.206257060625233e-16,2.893827637176661e-16,15.0,1.4607291481219262e-16,1.6907313939881405e-15,1.2296028346481388e-18,598.5082183333004,-0.0,4.176519326971403e-16,598.5082183333004,-0.0,-2.1281098169784113e-15,731.5100446295896,-0.0,5.572752150541975e-16,731.5100446295896,-0.0,-1.675837756439926e-15
0.64,-1.9115677375719737e-16,2.895611130580528e-16,15.0,1.9571618033495327e-16,1.6917734077729798e-15,1.07943587303163e-18,598.5082183333004,-0.0,4.604427480131464e-16,598.5082183333004,-0.0,-1.5823847841729034e-15,731.5100446295896,-0.0,1.3788612014364784e-16,731.5100446295896,-0.0,-1.6695368055502523e-15
0.65,2.7143095186156144e-16,2.914867599598786e-16,15.0,2.364845143539718e-16,1.7030240836212116e-15,-2.441631852151357e-18,598.5082183333003,-0.0,-2.8252476581693934e-15,598.5082183333011,5.551115123125783e-14,1.5969656986016432e-15,731.5100446295896,-0.0,-2.4768519428356722e-15,731.5100446295896,-0.0,7.681277842361149e-16
0.66,9.74417096616857e-16,2.9122135335585687e-16,15.0,1.8147067872782186e-16,1.7014734339839406e-15,-7.213230893595122e-18,598.5082183333004,-0.0,-8.07081837773709e-15,598.5082183333003,-0.0,5.725629060194491e-15,731.5100446295896,-0.0,-6.268053148756649e-15,731.5100446295895,-0.0,4.591537680818188e-15
0.67,6.189443249460914e-16,2.9110900511285217e-16,15.0,1.0760143674424325e-16,1.7008170344836139e-15,-3.866040013680365e-18,598.5082183333004,-0.0,-5.2639115712879e-15,598.5082183333004,-0.0,3.264594073638628e-15,731.5100446295896,-0.0,-4.497031391026616e-15,731.5100446295895,-0.0,2.5751989875325033e-15
0.68,3.7313319995016714e-16,2.9214158722439715e-16,15.0,4.63637299991962e-17,1.7068499404191e-15,-1.8174864558256734e-18,598.5082183333004,-0.0,-3.3280200491005443e-15,598.5082183333004,-0.0,1.607081734302007e-15,731.5100446295896,-0.0,-3.245055398888744e-15,731.5100446295895,-0.0,1.125776646396063e-15
0.6900000000000001,1.8553068396675174e-16,2.942845334437027e-16,15.0,-2.7130758978837003e-18,1.7193701969888484e-15,-4.618486615597368e-19,598.5082183333004,-0.0,-1.8448321535008216e-15,598.5082183333004,-0.0,4.0227437945084733e-16,731.5100446295896,-0.0,-2.2847105245323233e-15,731.5100446295895,-0.0,-3.20155400768077e-17
0.7000000000000001,4.1267554002052226e-17,2.9753784820045188e-16,15.0,-3.9691302409307975e-17,1.7383778300734755e-15,4.375454411714027e-19,598.5082183333004,-0.0,-6.944922275901412e-16,598.5082183333004,-0.0,-4.696841116165617e-16,731.5100446295896,-0.0,-1.5510806529815432e-15,731.5100446295895,-0.0,-9.630933578997012e-16
0.71,-7.053820110427583e-17,3.019015344003921e-16,15.0,-6.461183066434078e-17,1.7638728566499372e-15,1.0390676415250118e-18,598.5082183333004,-0.0,2.0887470769009558e-16,598.5082183333004,-0.0,-1.094669028317919e-15,731.5100446295896,-0.0,-9.950666720770166e-16,731.5100446295895,-0.0,-1.7165556991032292e-15
0.72,-1.9567688674921726e-16,3.0733755138501017e-16,15.0,-7.751534526082537e-17,1.7956330225149416e-15,1.7464287672566882e-18,598.5082183332999,-5.551115123125783e-14,1.4798415087814822e-15,598.5082183332999,-5.551115123125783e-14,-1.5052731803335234e-15,731.5100446295887,-5.551115123125783e-14,-1.2142724399476315e-17,731.5100446295887,-5.551115123125783e-14,-2.1662015424748587e-15
0.73,-3.252157988433992e-16,3.1246027975546057e-16,15.0,-8.600892426680106e-17,1.8255627860140708e-15,2.565580089782966e-18,598.5082183333005,-0.0,2.824349059873236e-15,598.5082183332997,-5.551115123125783e-14,-1.9131511705770834e-15,731.5100446295887,-5.551115123125783e-14,1.4457993998295118e-15,731.5100446295887,-5.551115123125783e-14,-2.1621352027077766e-15
0.74,-9.099313328097554e-16,3.1346111881631536e-16,15.0,-2.0443698901927432e-17,1.8314102317941098e-15,6.543640293044169e-18,598.5082183333004,-0.0,7.0800909648858495e-15,598.5082183333004,-0.0,-5.409697846450549e-15,731.5100446295896,-0.0,5.767178312070202e-15,731.5100446295897,-0.0,-4.1361950349567244e-15
0.75,-6.015084428646759e-16,3.1216225002041377e-16,15.0,8.384563419883335e-17,1.8238215343136857e-15,3.507209141842767e-18,598.5082183333003,-0.0,4.981800820689376e-15,598.5082183333012,5.551115123125783e-14,-2.8028224243259444e-15,731.5100446295896,-0.0,4.8639820083862756e-15,731.5100446295897,-0.0,-1.713831429246403e-15
0.76,5.314409964493875e-16,3.0829755435360486e-16,15.0,1.052765437340973e-16,1.8012418816483364e-15,-5.060647267136923e-18,598.5082183333003,-0.0,-3.344812063215068e-15,598.5082183333011,5.551115123125783e-14,4.515097922154722e-15,731.5100446295897,-0.0,-1.4090685486284396e-15,731.5100446295896,-0.0,4.2467932006770824e-15
0.77,3.5714150070355565e-16,3.046307371927561e-16,15.0,6.812039189607644e-17,1.7798183427678034e-15,-2.9482781926974988e-18,598.5082183333004,-0.0,-1.7151720701946743e-15,598.5082183333004,-0.0,3.4307990771447702e-15,731.5100446295897,-0.0,-8.025892905585144e-16,731.5100446295896,-0.0,3.1062974043974843e-15
0.78,2.2735061927525537e-16,3.037967839797888e-16,15.0,4.67163783024981e-17,1.7749459348186668e-15,-1.6376000310864628e-18,598.5082183333004,-0.0,-4.520347140612451e-16,598.5082183333004,-0.0,2.760870937149962e-15,731.5100446295896,-0.0,-3.3654475032571315e-16,731.5100446295896,-0.0,2.2195066261757686e-15
0.79,1.771478662878893e-16,3.052137112810859e-16,15.0,2.598718451624231e-17,1.7832243942560066e-15,-1.1092326232917863e-18,598.5082183333004,-0.0,2.2074947017946656e-16,598.5082183333004,-0.0,2.6481495126434594e-15,731.5100446295896,-0.0,-2.657381073625715e-16,731.5100446295896,-0.0,1.7514635735530767e-15
0.8,1.3957303436270779e-16,3.0886454189775245e-16,15.0,5.1515851540276956e-18,1.804554531056253e-15,-7.653767487731548e-19,598.5082183333004,-0.0,7.939507378076255e-16,598.5082183333004,-0.0,2.6350113663343164e-15,731.5100446295896,-0.0,-2.516695687224063e-16,731.5100446295896,-0.0,1.3401583687916597e-15
0.81,1.146404840832354e-16,3.1473417716722783e-16,15.0,-1.6166052180577365e-17,1.8388481306261444e-15,-5.713153983844551e-19,598.5082183333004,-0.0,1.2239189720490212e-15,598.5082183333004,-0.0,2.6675033632084545e-15,731.5100446295896,-0.0,-2.9130395083488034e-16,731.5100446295896,-0.0,9.964428729266213e-16
0.8200000000000001,-1.854401131886326e-16,3.2259086826665947e-16,15.0,-2.2912450159051013e-17,1.884751190380029e-15,1.65708929408975e-18,598.508218333301,5.551115123125783e-14,3.2693890319976654e-15,598.508218333301,5.551115123125783e-14,5.794210570476531e-16,731.5100446295896,-0.0,1.2332483947330778e-15,731.5100446295896,-0.0,-7.322898122352092e-16
0.8300000000000001,-5.63716855454889e-16,3.2466657231785846e-16,15.0,1.0873852774027743e-17,1.896878581655531e-15,4.2453954950331966e-18,598.508218333301,5.551115123125783e-14,3.8173271541812434e-15,598.508218333301,5.551115123125783e-14,-3.917141378411681e-15,731.5100446295896,-0.0,3.518104923190882e-15,731.5100446295896,-0.0,-2.5283886353131998e-15
0.84,2.3069167793667805e-16,3.195335610118027e-16,15.0,4.16118043434791e-17,1.866888739657506e-15,-2.223609192473686e-18,598.5082183333003,-0.0,-2.60134535047845e-15,598.5082183333011,5.551115123125783e-14,8.021261637004525e-16,731.5100446295896,-0.0,-7.035082852752814e-16,731.5100446295896,-0.0,1.7430426467423679e-15
0.85,5.092316440502607e-16,3.12935046375625e-16,15.0,-3.644672095725994e-18,1.8283366306591953e-15,-3.9257307176323004e-18,598.5082183333004,-0.0,-4.364224686433094e-15,598.5082183333004,-0.0,2.6470819708415257e-15,731.5100446295896,-0.0,-2.3342135921004178e-15,731.5100446295896,-0.0,3.13069185856642e-15
0.86,3.954906754837777e-16,3.08269398692118e-16,15.0,-5.8360867630609e-17,1.8010773809704702e-15,-2.7003798405851086e-18,598.5082183333004,-0.0,-3.183059018404014e-15,598.5082183333004,-0.0,2.0259776966773966e-15,731.5100446295896,-0.0,-1.9171599319197567e-15,731.5100446295896,-0.0,2.3164027574979906e-15
0.87,2.8909223249806284e-17,3.057407622909457e-16,15.0,-1.1026271905192812e-16,1.78630371272389e-15,3.104590327803068e-19,598.5082183333011,5.551115123125783e-14,-4.653164129417909e-16,598.5082183333003,-0.0,-4.940811388453372e-16,731.5100446295896,-0.0,-8.110578645320058e-17,731.5100446295896,-0.0,1.7193604477312948e-16
0.88,-8.272953308441534e-17,3.036426863479448e-16,15.0,-1.2841648698835006e-16,1.7740456126966763e-15,9.495323737665688e-19,598.5082183333011,5.551115123125783e-14,2.578250503959523e-16,598.5082183333003,-0.0,-1.2906758381481331e-15,731.5100446295896,-0.0,3.8981609658104356e-16,731.5100446295896,-0.0,-6.439935529456359e-16
0.89,-3.0283348065250324e-16,3.029157060462275e-16,15.0,-1.336225799356547e-16,1.7697981986380987e-15,2.4401557349417877e-18,598.5082183333011,5.551115123125783e-14,2.112391486733392e-15,598.5082183333003,-0.0,-2.4234880706297995e-15,731.5100446295896,-0.0,1.6480749128801555e-15,731.5100446295896,-0.0,-1.8116362412884105e-15
0.9,-4.578130203007081e-16,3.034493059674682e-16,15.0,-1.0881014311656123e-16,1.7729157794058025e-15,3.3233885117964717e-18,598.5082183333004,-0.0,3.5510036096488386e-15,598.5082183333004,-0.0,-2.968760720488021e-15,731.5100446295896,-0.0,2.5648318864709037e-15,731.5100446295896,-0.0,-2.5961511193542743e-15
0.91,-3.5172446564998713e-16,3.0592282549586e-16,15.0,-7.191612897197274e-17,1.787367424923899e-15,2.2306102944968467e-18,598.5082183333004,-0.0,3.0118795710741233e-15,598.5082183333004,-0.0,-1.869570745241517e-15,731.5100446295896,-0.0,1.800910884196743e-15,731.5100446295896,-0.0,-2.2294687800501192e-15
0.92,-2.7217407264831463e-16,3.1063025865495344e-16,15.0,-3.52736474015719e-17,1.81487080807268e-15,1.5183006613539658e-18,598.5082183333004,-0.0,2.681626249227164e-15,598.5082183333004,-0.0,-9.79252232322011e-16,731.5100446295896,-0.0,1.1575055042067025e-15,731.5100446295896,-0.0,-1.9833015341979926e-15
0.93,-2.0228909061821089e-16,3.1762271481889743e-16,15.0,1.1524059995830291e-18,1.8557245375954254e-15,9.81478008598392e-19,598.5082183333004,-0.0,2.4836932512748222e-15,598.5082183333004,-0.0,-1.2083313198247272e-16,731.5100446295896,-0.0,5.525680357302284e-16,731.5100446295896,-0.0,-1.7764466835364225e-15
0.9400000000000001,-6.50869774281154e-17,3.244350537280761e-16,15.0,3.761169965763741e-17,1.8955259242166148e-15,-8.121574076302564e-20,598.508218333301,5.551115123125783e-14,4.682042126515199e-16,598.508218333301,5.551115123125783e-14,-1.5199757154803352e-16,731.5100446295896,-0.0,-2.830908622794017e-16,731.5100446295896,-0.0,-1.0768608469206493e-15
0.9500000000000001,4.709576924558126e-16,3.269189093797235e-16,15.0,1.963856818473719e-17,1.910037958984768e-15,-3.856386659793842e-18,598.508218333301,5.551115123125783e-14,-3.992197063838282e-15,598.508218333301,5.551115123125783e-14,2.6381017399867287e-15,731.5100446295896,-0.0,-3.0185318120241794e-15,731.5100446295896,-0.0,1.9983003830320213e-15
0.96,3.659599895659093e-16,3.224797466001973e-16,15.0,-1.9647559919339195e-17,1.8841019572065446e-15,-2.6370616269977025e-18,598.508218333301,5.551115123125783e-14,-4.899452368145516e-15,598.5082183333009,5.551115123125783e-14,6.529622058518162e-17,731.5100446295896,-0.0,-2.397076950786893e-15,731.5100446295896,-0.0,1.5282974202902046e-15
0.97,-9.752799629699598e-17,3.1272811826623233e-16,15.0,-2.734013832006781e-17,1.827127644172391e-15,1.0091301367730145e-18,598.5082183333003,-0.0,-1.7940261999029007e-15,598.5082183333003,-0.0,-3.267566780807798e-15,731.5100446295896,-0.0,1.3273069554042476e-17,731.5100446295896,-0.0,-1.0288218736134725e-15
0.98,-6.631195850386569e-17,3.057564330703124e-16,15.0,-1.976440074358061e-17,1.7863952699344962e-15,6.302048882274344e-19,598.5082183333004,-0.0,-1.6250772092375832e-15,598.5082183333004,-0.0,-2.6110700063369836e-15,731.5100446295896,-0.0,-3.4461634343846614e-16,731.5100446295896,-0.0,-1.0715557900723354e-15
0.99,-2.7672655694181118e-17,3.012814585164903e-16,15.0,-1.4480508498187773e-17,1.7602500363060462e-15,2.676367331720693e-19,598.5082183333004,-0.0,-1.5988533105812382e-15,598.5082183333004,-0.0,-2.020943554687585e-15,731.5100446295896,-0.0,-7.674826773937763e-16,731.5100446295896,-0.0,-1.0858490350971558e-15
1.0,2.3266812461010887e-05,-1.4826437447846e-11,15.00000000000973,-3.050793690315371e-08,8.393521273031098e-11,-1.2422026282849018e-06,598.5082709468771,3.326009467841118e-07,-0.00029423641262536456,598.5081684092283,-3.301037221348224e-07,0.00029433974670240175,731.510481137902,3.168065254577357e-07,-8.628883827531213e-06,731.5096051879135,-3.188488917338361e-07,8.555716664509747e-06
1.01,0.3325031475837957,-0.0007645709553321266,14.999997422500682,0.0008964133239123354,-2.3266172407301773e-06,0.003887870528307639,593.0454543772374,-0.009772671136332178,-4.30802714532163,604.0215962552799,0.009699548848773887,4.366892724943995,730.0645951256544,-0.009312362202473778,-0.010746089398960474,732.9634434192827,0.009365073293410298,0.010960436256568933
1.02,0.5832806456931453,-0.002597593519058317,14.999982310514687,0.0061635404065562205,-1.5180440006238634e-05,0.01377843344531347,586.8250172825225,-0.06720008070498773,-7.330210315334365,610.3796331269731,0.06668661113157226,7.549606191634155,726.0941512745943,-0.06405718778512703,-0.17362399712092594,736.9504534530781,0.06436474111937152,0.17580606911814944
1.03,0.8039585334596824,-0.005116502555743706,14.999947446394462,0.017981480269104965,-4.2814025617201916e-05,0.027700340772834463,579.6403878374704,-0.19609635161071948,-9.625915487615746,617.7830350917066,0.19450397123566,10.103931989450624,720.0823241119128,-0.18696713394278364,-0.5916006013895094,742.9832790532148,0.1876903185833445,0.6042203781787455
1.04,1.0222512208186263,-0.008179954286578743,14.999887947658793,0.03704889529091755,-8.746228818133471e-05,0.0443462886624269,571.467541687201,-0.4042141740500105,-11.520620001338521,626.2558766813005,0.400575502563727,12.363377960823152,712.4392695791479,-0.38542472824321106,-1.288527539979817,750.6541897553963,0.38651639014136707,1.3322516325416882
1.05,1.2517753567357737,-0.01175863699531863,14.999799521496433,0.06321843937323719,-0.00015222798810363917,0.06284276347929184,562.3839288462582,-0.6901981326021822,-13.198474059861766,635.719466000202,0.6830557850070473,14.523062659518562,703.5161101361434,-0.6580559731851898,-2.246612583116111,759.6167510461801,0.6591467641134385,2.356992531194557
1.06,1.4980417871463911,-0.015867762665982218,14.999677760757738,0.09588058369960885,-0.00024213402451168337,0.08260148234179363,552.5186993532583,-1.0477747466014486,-14.759161666975839,646.0399051643658,1.0349775920426851,16.693117677585185,693.6138296414124,-0.9987217767186141,-3.4287267766948286,769.5730616360308,0.9990202623890165,3.6561152788497853
1.07,1.7620556926340847,-0.02053331405655877,14.999517911182105,0.13419469547846685,-0.0003641401906527054,0.10322322880322138,542.0220717042839,-1.4682650685023946,-16.25271692245368,657.0579564130592,1.4467588077489157,18.931831487379863,682.9890774820218,-1.3989276584189247,-4.791186251552388,780.265401471932,1.3971156514547833,5.198746490023571
1.08,2.0424652093703557,-0.02577658910196931,14.999314865070478,0.17722904142872192,-0.0005266711317046903,0.12443500878790462,531.0464413882157,-1.9420978652203158,-17.70085101875857,668.6078439893514,1.9077304305891718,21.26618028351816,671.8582848249856,-1.84928763085207,-6.29074648782122,791.4709018678186,1.8434048161488636,6.95147352646409
1.09,2.3368225605573594,-0.031608357216534405,14.999063256737921,0.22404558850904321,-0.0007389703816881534,0.1460487957273915,519.7349637239334,-2.459717364253655,-19.10986112057479,680.5290793131647,2.4070709258642853,23.704530797096016,660.40092221742,-2.340411820067001,-7.888102653209306,802.9981413575082,2.327732050046105,8.881580043262598
1.1,2.642311374724794,-0.038027911130315846,14.99875759280051,0.2737515327681012,-0.001010452279112493,0.16793415699039163,508.2149547549247,-3.0121260809520267,-20.478328680934574,692.6738681031256,2.934382793432444,26.244572134680997,648.762417179824,-2.8634439736505146,-9.549351886040768,814.6848320707543,2.8403502527998836,10.958732863949335
1.11,2.9561499011479473,-0.04502437812017189,14.998392378450689,0.325530113335861,-0.0013501333357283562,0.18999997605861524,496.5945065799533,-3.5912004114324603,-21.80156267698176,704.911566677392,3.4800464175913093,28.878284645448677,637.0570301293328,-3.410378768546496,-11.246291636977551,826.3960114364172,3.3722457409252615,13.155789617403896
1.12,3.275800138469187,-0.052578896584252,14.997962220487148,0.37865820241486037,-0.0017661784211967836,0.2121821371950252,484.96127845515,-4.189861333196321,-23.07404038110061,717.1310817255677,4.035431557000035,31.59506325093886,625.3708515272853,-3.97423698400029,-12.956094132249149,838.0223466073147,3.915329665779954,15.449111016458087
1.1300000000000001,3.5990617800390456,-0.06066693477454542,14.997461899557866,0.4325150298654589,-0.00226557164188445,0.2344351544071306,473.3827830576183,-4.802148433095121,-24.290635652980306,729.2417633240111,4.593012917302907,34.383670186350145,613.7649825555613,-4.549144560263452,-14.660680601979392,849.4783166476961,4.4625408166489855,17.818591154301636
1.1400000000000001,3.9240990580424433,-0.06926040189453497,14.99688641130258,0.4865846343166216,-0.0028539085169751194,0.2567264321696988,461.9076987644156,-5.423226254753722,-25.447134161389833,741.1731579224155,5.146417106001888,37.23342968681913,602.278889989027,-5.130343478216892,-16.34598647089314,860.7001590697455,5.007885867814032,20.247525094865843
1.1500000000000001,4.249449087568203,-0.0783301181003934,14.996231004418362,0.5404536794209974,-0.003535298856811643,0.27903121223987387,450.56797648425885,-6.049341546179865,-26.540551511623086,752.8738844491655,5.6904179785849385,40.13519774110865,590.9342509318955,-5.714152600832023,-18.0012441905611,871.64317713635,5.546433065779066,22.722386678006856
1.16,4.266926258812255,-0.0710709305759569,14.99557308063939,0.5929846105794899,-0.0042995634289975816,0.29777543363436504,443.4648242598742,-6.668408156539463,-24.586223423604697,758.2565454453694,6.21239170689919,38.03222047558921,581.0386625127435,-6.289265330707505,-19.64524003597934,880.946875683807,6.065787599529582,25.20419862491729
1.17,4.35733697507267,-0.0668714427808285,14.994966900679227,0.6407611949444977,-0.005091046356069532,0.31093578465931937,437.4673882001644,-7.242036785403361,-23.59050723702443,762.7603855009224,6.676523420654668,37.14208703587352,573.5434755298127,-6.820311791802203,-21.202146598651954,887.589161719452,6.530143916049392,27.52568571865257
1.18,4.476368487173083,-0.06438887374500095,14.99438651448832,0.68163330389324,-0.005858311513088882,0.3202628947810251,432.6431419662858,-7.745512341504113,-23.152237448599465,766.1872094431225,7.060827691980465,36.92529168443597,567.9700086003803,-7.284920907117964,-22.58937634535224,892.0309330464008,6.9170787168366115,29.571368470914592
1.19,4.599094571844636,-0.06280097630484366,14.993818284669677,0.7149234791077276,-0.006566487361356709,0.3269457175937982,428.9271980558088,-8.170365352523412,-23.023892247138587,768.5271564656642,7.359062375518366,37.048768859396056,563.9049598286468,-7.675866442159618,-23.780059808581733,894.7014686219404,7.219707092900817,31.303427527277766
1.2,4.712525441519889,-0.06162253883610256,14.993255985432588,0.7408336982619625,-0.0071947123024655646,0.3317914737132036,426.18293028046685,-8.517823981686545,-23.056427509457407,769.8821345502191,7.5743896120997185,37.31496071911432,560.9976230637034,-7.994851104188516,-24.775568992773422,895.9914434107943,7.440537444953432,32.727152215085894
1.21,4.810805280827156,-0.060580503285011446,14.992697674874064,0.760062913323348,-0.007733487912702454,0.3353497802869787,424.24301057515976,-8.794588008860682,-23.162044572846007,770.4125238575489,7.715293814353041,37.612874587537085,558.9552408687973,-8.24852164920592,-25.590740322893843,896.2485174544172,7.587487446529706,33.869983583868766
1.22,4.892216471669644,-0.05953253483332102,14.992143702010754,0.7735590587191727,-0.008182131394176796,0.3379964991610307,422.9355745734146,-9.010091332563308,-23.290544698320318,770.3012522901547,7.792932449159961,37.88553283624111,557.5381207337446,-8.445910208084994,-26.246089785661535,895.7747866708565,7.671275868261773,34.76909621645717
1.23,4.957338465217428,-0.058414927497839754,14.991595464051624,0.7823581607937593,-0.008546465237666735,0.3399900431916907,422.0999997291707,-9.174733468821582,-23.414673773387936,769.7304183433951,7.81941000837233,38.10868929751851,556.5546899762547,-8.596799578819647,-26.763775150874253,894.826018538178,7.703705389100978,35.46420762107479
1.24,5.007927485753773,-0.057209662739951775,14.991054665287686,0.7874814150054135,-0.00883680721551812,0.3415091522879546,421.5956271308503,-9.298757900049914,-23.521104048817147,768.8669162414942,7.806664332487556,38.277091541953936,555.8564080742352,-8.710701549206556,-27.16553342840017,893.6125680093672,7.696540184043643,35.993559899399955
1.25,5.046239078601404,-0.05592370109120116,14.990522905080221,0.7898714805820849,-0.009066265187427966,0.3426783633244089,421.30577955299015,-9.391567886786023,-23.604844359380962,767.854421087606,7.765767299586612,38.39570258033178,555.3325014066203,-8.796247055346761,-27.471638647142036,892.301737957782,7.660788735663671,36.39180434581558
1.26,5.074625678094828,-0.05457612302903563,14.990001478359977,0.790356081110692,-0.009249320412748613,0.3435852358809979,421.13865821149045,-9.461345506385443,-23.665742588964424,766.8098452643876,7.706515341146858,38.47419870856754,554.904578693827,-8.860859662135844,-27.700396505957183,891.0212707401679,7.606272171211403,36.68903675228418
1.27,5.0953057446869225,-0.05319029926861462,14.989491307668386,0.7896307590414094,-0.009400673099062761,0.34429204568599203,421.02621744763076,-9.514881522498131,-23.706274851949864,765.8228573159458,7.637225102676226,38.52362147278728,554.5212489088658,-8.910624293809121,-27.867929256814755,889.863625364086,7.54139634666423,36.91052367716212
1.28,5.110241142755973,-0.05178929979333983,14.988992952052168,0.7882550509603595,-0.009534324245884997,0.3448437388836384,420.92178654054425,-9.55755104847239,-23.730144720325498,764.9574193386143,7.5646747664597225,38.554444338928704,554.1528897376913,-8.950289420408486,-27.988128154754545,888.8907080231372,7.473070034730522,37.07683906188658
1.29,5.121083199233765,-0.050393391601541396,14.988506656559357,0.7866578817660264,-0.009662870697815072,0.34527334441175567,420.79698826046547,-9.593387552292832,-23.741406628418492,764.2545655476584,7.494147236550619,38.57556188364367,553.7867120466311,-8.983357734353936,-28.072710376086842,888.1387625069323,7.406726654944851,37.20423626557248
1.3,5.129162095647039,-0.04901887602693905,14.988032419002433,0.7851490095066643,-0.009796993184007315,0.3456056518273846,420.63835171542456,-9.625219743770286,-23.74393689749882,763.7358460328932,7.429541843774478,38.59387101235282,553.4222450172674,-9.012231808827098,-28.13134476869548,887.6231784520437,7.346417060858701,37.30514425656303
1.31,5.13550291622754,-0.047677770375222986,14.987570059594674,0.78393409743325,-0.009945118965675416,0.34585970385060133,420.44390664538423,-9.654844546754248,-23.741138642686845,763.4070151848787,7.373528740615976,38.614220940476145,553.0673363403089,-9.038389511752676,-28.17182314984319,887.3430305752779,7.294948131235046,37.38871609058417
1.32,5.140857135000393,-0.046378002495566756,14.987119285143745,0.7831315588758148,-0.010113241404205251,0.34605047990815885,420.21996234673486,-9.683215937545786,-23.73580388381151,763.2616659913654,7.327725933642116,38.63958086234692,552.734728215712,-9.062570256722136,-28.200259720146647,887.2852152961798,7.254047456458079,37.46138295400765
1.33,5.14574190446829,-0.045123895213957876,14.986679743525984,0.7827897751354945,-0.010304878580882026,0.34619002950505634,419.9782081796499,-9.710634622462578,-23.73007921562114,763.2846072719728,7.292883579764764,38.67132351714519,552.4392368814003,-9.084958167450752,-28.22130457708546,887.4280993312799,7.224538883665255,37.5273836432182
1.34,5.15048195316058,-0.043916790888007186,14.986251066774825,0.782903659836068,-0.010521152450487967,0.34628823364389155,419.7332193448043,-9.736927726679944,-23.72549673515422,763.4548563000986,7.269064078290977,38.70955688828772,552.1955334925847,-9.10535228366921,-28.23835997249748,887.7446363477895,7.206517406813107,37.589250636807364
1.35,5.1552506262805515,-0.04275571703149043,14.985832902740501,0.7834298532480838,-0.010760969272195385,0.3463533167791493,419.50040874052416,-9.761611101568091,-23.723042841616348,763.748177981159,7.2558097890750295,38.75345995170885,552.0164988793549,-9.123317254010999,-28.25379040862937,888.2049420081443,7.199515028850745,37.648241795389765
1.36,5.160107850942193,-0.04163802949929902,14.985424936233626,0.7843000873271125,-0.0110212815182764,0.3463921931176019,419.29443178805246,-9.784029667232963,-23.723245644923118,764.1391466866216,7.252292984096909,38.80159494675623,551.9121047825729,-9.138310671613525,-28.269119971777172,888.7783447223394,7.202651871498822,37.7047123370542
1.37,5.165033716668242,-0.04055999480488282,14.985026901075344,0.7854324730011832,-0.011297411296527308,0.3464107042300604,419.12802520286726,-9.803473480596402,-23.72626785934439,764.6027402434618,7.257444944579694,38.852180246114536,551.8887598385373,-9.149785392794985,-28.285212381937452,889.4349495133624,7.21476901502699,37.75842579127155
1.3800000000000001,5.169957022790461,-0.03951729080021082,14.984638584694679,0.7867406301590028,-0.011583415626881676,0.34641378635201764,419.01124200440574,-9.819269021244914,-23.731996668544102,765.1154993048642,7.270062982963232,38.903316019090006,551.9490496820106,-9.15726689794677,-28.302431012131667,890.1467661755239,7.234541350987611,37.80880557492162
1.3900000000000001,5.174778618398291,-0.038505417236301874,14.984259826943516,0.7881407116604213,-0.01187247470720925,0.34640559293786155,418.95103278737645,-9.830846568981311,-23.740125430548936,765.6563009671974,7.2888956301517815,38.9531605198502,552.0917965957367,-9.160407055982589,-28.320777569630458,890.8884610924681,7.260570155430801,37.85513094307798
1.4000000000000001,5.179389691881203,-0.03752001607912888,14.983890514710678,0.7895564692012311,-0.012157285559978753,0.3463895892506271,418.9511165448157,-9.837785554876909,-23.75022449340041,766.2068044540008,7.312707317084833,39.00005867522524,552.3123644728479,-9.15901658478252,-28.34000924680067,891.6377954999363,7.291456169956301,37.89668252549352
1.41,5.183685389331703,-0.03655710692379998,14.983530573756218,0.7909225748336773,-0.012430445112023238,0.34636862978709737,419.0120821924236,-9.839840446780713,-23.761800035135234,766.7516302320677,7.340324633581973,39.04262716700089,552.603138669648,-9.153079105075012,-28.359734984173183,892.375812496506,7.3258547475177345,37.93284358796471
1.42,5.187574279814367,-0.03561324619627681,14.983179958986996,0.7921864514023947,-0.01268480874870572,0.34634502529263517,419.1316634287753,-9.836950126301092,-23.774340920321706,767.2783332247659,7.370666708500284,39.079801730572555,552.9541167519742,-9.142750009979828,-28.3794920950407,893.0868316033261,7.362515117278646,37.96316364304897
1.43,5.190984260659205,-0.034685620631996227,14.982838644177876,0.7933088823075141,-0.012913812617960705,0.34632060340903376,419.3051337359508,-9.829233873543618,-23.787354243032713,767.7772269132843,7.402762468553037,39.110853163321984,553.3535543350501,-9.128343463681187,-28.398804928215885,893.7583040038694,7.400306088942155,37.98739114813339
1.44,5.193865522972064,-0.03377208620580916,14.98250661192537,0.7942636701209683,-0.01311175035348807,0.3462967652058328,419.52577431070165,-9.816977044601272,-23.800390630391217,768.241109034724,7.4357575451599605,39.1353787328946,553.7886194073143,-9.11031074707358,-28.417227531659723,894.3805745468396,7.438230594125961,38.00548183595419
1.45,5.196191188582014,-0.03287116358380688,14.982183844414077,0.7950365988454303,-0.01327399735590313,0.3462745386857853,419.78537475366414,-9.800609349866152,-23.813060603823434,768.6649321507352,7.468913455494386,39.15327544287808,554.2460180389488,-9.089212931046365,-28.434372450832875,894.946588867198,7.475431392462706,38.01758878747185
1.46,5.197956194294546,-0.03198200052332257,14.98187031538927,0.7956239299714882,-0.013397178236076515,0.3462546296336764,420.074733796629,-9.7806783607573,-23.82504339834741,769.0454543007522,7.501601429250271,39.16470107311305,554.7125636563935,-9.065690521850966,-28.449927868760366,895.4515761562302,7.511190093054287,38.02403974321536
1.47,5.199174945408513,-0.031104310649817352,14.981565983566279,0.7960306315426298,-0.013479275412322822,0.34623746976053954,420.38413471287487,-9.7578205264367,-23.836089661487847,769.380896865688,7.533292926466261,39.17002816865815,555.175670697022,-9.040432326126723,-28.463665281432153,895.8927306509315,7.5449213940047555,38.02530641855777
1.48,5.199878194484225,-0.030238296836281126,14.981270787572768,0.7962685052920017,-0.01351967909607116,0.3462232618887922,420.7037769623168,-9.732731603297074,-23.84601941483579,769.6706291123503,7.563548528840336,39.16979529494552,555.623761153783,-9.014145358857862,-28.475439812223463,896.2689081490039,7.576164155641274,38.02196979819078
1.49,5.200109528805194,-0.029384566112020186,14.980984642413308,0.7963543421453011,-0.013519180941583664,0.3462120218605025,421.0241518205452,-9.706138015465493,-23.85471657597634,769.9148919961841,7.592006516280058,39.164658981882646,556.0465791037026,-8.98752719321344,-28.485185113544105,896.5803480024101,7.604570622950668,38.01468458569991
1.5,5.199921775492846,-0.028544041721918004,14.980707437366815,0.7963082030052951,-0.013479915426650778,0.3462036168808628,421.33635508148046,-9.67877029524178,-23.862121215777194,770.114567880994,7.6183720847536325,39.15534890667112,556.4354137113388,-8.961241748252247,-28.4929045962963,896.8284262084808,7.629894820314787,38.004145217103705
1.51,5.199373560655776,-0.02771787670866719,14.980439035173353,0.7961518912124749,-0.013405254536471675,0.3461978000940006,421.6323343444461,-9.651339413455084,-23.868220574450937,770.270997994958,7.642407837519349,39.14262805906465,556.7832354117566,-8.935899144362324,-28.498660483510534,897.0154414243138,7.651980871878461,37.9910551440753
1.52,5.198526191344041,-0.026907372248348344,14.980179272334757,0.795907656375851,-0.013299662517224661,0.34619424129949555,421.905071900965,-9.62451651099705,-23.873039688680933,770.3858457024587,7.663925900604829,39.127258924483236,557.0847530705656,-8.9120399371172,-28.502561920505492,897.1444329316174,7.670751763807049,37.97610047480587
1.53,5.197440968700741,-0.02611390296515164,14.979927960339372,0.7955971469100553,-0.013168518336030381,0.3461925538337465,422.14870687489474,-9.59891628953824,-23.876632301540553,770.4610009834028,7.682781781051251,39.109976127563684,557.3364019946196,-8.89012377336046,-28.50475310650553,897.219027680774,7.6861988657763725,37.95992854016111
1.54,5.196176989045524,-0.025338850602966805,14.979684887620953,0.7952406107574566,-0.013017914028488987,0.34619231774531756,422.3586021245707,-9.575084113117915,-23.879072547215596,770.498519780354,7.698869904898043,39.0914655078596,557.5362738562227,-8.870522300201634,-28.505402156559065,897.2433124208211,7.698372370140206,37.943131533818445
1.55,5.194789447435657,-0.024583546746424156,14.979449822071924,0.794856330290052,-0.012854437342881572,0.34619309947788257,422.5313625891572,-9.553486711517456,-23.880447733145843,770.5005909719114,7.712120639795983,39.07234924799217,557.6840000377684,-8.853515996643246,-28.504691169632753,897.2217264366404,7.707372687269675,37.9262350547488
1.56,5.193328425623974,-0.02384922475636409,14.979222513947708,0.7944602679411419,-0.012684947020270822,0.34619446833346335,422.66481236404513,-9.534506257599551,-23.880852390974937,770.4695235151265,7.72249852072976,39.0531764333995,557.7805997473357,-8.839294484905668,-28.502807777222014,897.1589704243261,7.713342751451025,37.90969115115088
1.57,5.191838122818908,-0.023136980703467,14.97900269901927,0.7940658932395757,-0.012516348709155738,0.34619601002141764,422.7579379332951,-9.518437509304478,-23.88038364024102,770.4077466224996,7.730001351170079,39.03441827830543,557.828303638054,-8.827959808838548,-28.49993828137656,897.0599274049151,7.71646113896357,37.89387531595643
1.58,5.190356472387609,-0.02244774282934748,14.978790101852612,0.7936841590606852,-0.01235537893568779,0.34619733760717136,422.8108047770681,-9.505487657224087,-23.87913780817428,770.3178165571521,7.734659839656766,39.016467188565805,557.8303627134258,-8.819532133927998,-28.496262362978538,896.9295921825318,7.7169358732842035,37.87908680275211
1.59,5.188915079491133,-0.021782248915430222,14.978584439115131,0.7933235944907655,-0.012208403774274504,0.3461981001632099,422.82445410607465,-9.495778494876594,-23.87720817602905,770.2024246114214,7.73653744654762,38.99963883181131,557.790851132118,-8.813957320783494,-28.491949248957617,896.7730065897797,7.714998786296889,37.86555160431072
1.6,5.187539412315442,-0.02114103087211271,14.978385422828234,0.7929904831586955,-0.012081237930351221,0.3461979893986841,422.8007858388364,-9.489350525413887,-23.87468367575591,770.0644019632438,7.73573015069956,38.98417643244802,557.7144702372274,-8.811115845184126,-28.487155167332652,896.5951985430212,7.710900313536939,37.85342745117208
1.61,5.186249181745326,-0.02052440585097033,14.97819276350249,0.7926890986891537,-0.011978988900304978,0.34619674450887183,422.7424332036894,-9.486168630347569,-23.871648337652015,769.9067182833285,7.732365894827731,38.970256588650116,557.6063598086716,-8.810832576683081,-28.482021886711458,896.4011236847983,7.704904620934039,37.84281023316986
1.62,5.185058849756436,-0.019932473210125666,14.97800617310602,0.7924219726030846,-0.011905929755979703,0.3461941554470971,422.652633575179,-9.486128948418882,-23.868181286049353,769.7324721153406,7.72660352548632,38.95799600748035,557.4719212381766,-8.812886978904144,-28.476676126718594,896.1956090694572,7.697284985862085,37.83374131219188
1.6300000000000001,5.18397821433118,-0.019365116708097416,14.97782536782818,0.7921901741261432,-0.011865402954359859,0.3461900647842444,422.5350993897218,-9.489066642096367,-23.864357091749824,769.544872110777,7.7186311040716715,38.94745866192452,557.3166561036697,-8.817023353199504,-28.471229632285254,895.983298917756,7.688319382920805,37.82621527114948
1.6400000000000001,5.183013027356716,-0.018822011351618533,14.977650070609817,0.7919935856304058,-0.011859756435688033,0.34618436828837046,422.39389226202434,-9.494764262188482,-23.86024631240188,769.3472091273851,7.708663524868264,38.9386629814317,557.1460225086217,-8.822960809211079,-28.465779722733597,895.7686029076992,7.678286251843303,37.820187725132136
1.6500000000000001,5.182165610939138,-0.018302634365548152,14.977480013418205,0.7918311615665846,-0.011890312180497645,0.3461770143315978,422.23330276423474,-9.5029604552615,-23.855916081221036,769.1428199680164,7.696939431704131,38.93158878918553,556.9653105740588,-8.830402707795837,-28.460410151679472,895.5556477758367,7.667460449089614,37.81558290067287
1.6600000000000001,5.181435446253719,-0.017806279784034183,14.977314939250165,0.7917011625499818,-0.01195736637845959,0.3461680022148069,422.05773774740993,-9.513358792129056,-23.851430636812836,768.9350441328218,7.683717473871754,38.92618379046105,556.7795376377038,-8.839045381186072,-28.45519214230502,895.3482331792468,7.656109404569844,37.81230076403385
1.67,5.180819717008004,-0.017332076177238386,14.977154603851151,0.7916013596128157,-0.012060219445182045,0.34615737949284847,421.87161658468284,-9.525636527406455,-23.8468517194222,768.7271753800918,7.669271982992443,38.9223694943966,556.5933630281802,-8.848585990286429,-28.450185491687577,895.1497928245454,7.644489519687991,37.81022354681812
1.68,5.180313796540645,-0.016879007028232383,14.976998777141517,0.7915292064526679,-0.012197233327474575,0.3461452383834367,421.67927729657424,-9.53945312924792,-23.842238789468357,768.5224101477531,7.653888184567636,38.92004651513454,556.4110217375663,-8.858729428401935,-28.445439665558325,894.9633618232103,7.632842852196675,37.80922157548254
1.69,5.179911673363773,-0.01644593326323576,14.976847244344535,0.7914819797622188,-0.012365912877938407,0.3461317113501775,421.4848931755706,-9.554458444576696,-23.83764905115501,768.3237949928778,7.6378570807554835,38.919099247452536,556.236275902646,-8.869194223721067,-28.440994829738205,894.7915511019303,7.621394137311832,37.809158359805174
1.7,5.179606314539071,-0.016031617419079186,14.976699806813889,0.7914568894270229,-0.012563007565505917,0.3461169659624904,421.29240025088853,-9.570300388331676,-23.833137286310603,768.1341751802704,7.621470154656251,38.91939994750154,556.0723827105612,-8.879717429245426,-28.43688278577887,894.6365295041559,7.610348193620553,37.809894934078265
1.71,5.1793899696954595,-0.015634748910257498,14.976556282561836,0.7914511615619977,-0.012784629423939093,0.3461011991503969,421.1054357148418,-9.586632065694046,-23.828755520952235,767.9561464153545,7.605014051666858,38.92081227243932,555.9220771524931,-8.89005851862934,-28.433127795686236,894.5000139856079,7.599887757206658,37.81129347428253
1.72,5.17925442084797,-0.015253969839582212,14.976416506492917,0.7914620980798617,-0.013026382924646666,0.3460846309881079,420.92728725875963,-9.603118254244315,-23.824552559358192,767.7920114949007,7.58876539117076,38.92319434535615,555.7875679431456,-8.90000232989424,-28.429747294033085,894.3832680524683,7.590171778973309,37.813220235637935
1.73,5.179191184597501,-0.014887900786084896,14.976280330352111,0.7914871168146382,-0.013283502388398311,0.3460674981549963,420.76085312844214,-9.619441188947365,-23.820573427949313,767.6437433650791,7.572985853048331,38.926401415871,555.6705448880923,-8.909361116722303,-28.42675249552391,894.2871083341976,7.581334209273538,37.81554786881211
1.74,5.179191673934705,-0.014535166005412114,14.976147622400504,0.7915237762352982,-0.013550992613621797,0.3460500472341173,420.60861259727284,-9.635305607197886,-23.816858774530996,767.5129557521133,7.557917669417769,38.93028818411954,555.5721960000728,-8.917975779658194,-28.42414891254886,894.2119189384898,7.573483281585414,37.81815718089582
1.75,5.179247326899613,-0.014194417494646467,14.976018266835922,0.7915697885538882,-0.013823768584695199,0.34603252801550005,420.47260646148476,-9.65044302427237,-23.813444268078204,767.4008821868546,7.543779633892134,38.93471084847533,555.4932327255559,-8.925716357740587,-28.421936800938074,894.1576730160248,7.566701293968247,37.82093841023088
1.76,5.179349708918186,-0.013864357406045797,14.975892162980116,0.7916230246306758,-0.014096790417087352,0.34601518697301303,420.35442708047344,-9.664615221769424,-23.810360040978015,767.3083638985717,7.530763719674094,38.93952892699156,555.4339217322613,-8.93248186556389,-28.4201115535102,894.1239607761926,7.561044874188017,37.823792083448055
1.77,5.179490594891537,-0.013543758343477917,14.975769224258142,0.7916815135707351,-0.014365190080476426,0.3459982610791506,420.2552174110487,-9.677616943237432,-23.807630210206597,767.2358467200987,7.519032375157386,38.94460689075044,555.394121816837,-8.93819956222236,-28.418664060595294,894.110023047539,7.556545702360418,37.8266295196776
1.78,5.179662036179962,-0.013231481139247448,14.975649376999066,0.7917434393478535,-0.014624386897906445,0.3459819721115496,420.1756784154212,-9.689277802360118,-23.805272507019318,767.1833868380879,7.5087165424018165,38.94981563532927,555.3733246114668,-8.94282373764832,-28.417581054977628,894.1147893713145,7.553211654266145,37.829373041741775
1.79,5.179856416608316,-0.01292648978578994,14.975532559090045,0.7918071362286202,-0.014870189329779786,0.345966521588758,420.11608415746457,-9.69946341986877,-23.803298037021246,767.1506649474773,7.499914420818987,38.955033805428876,555.3706978924965,-8.946334099097841,-28.41684545606059,894.1369195533878,7.551028319521091,37.831955947976134
1.8,5.180066500607053,-0.012627863282972582,14.975418718518014,0.7918710842375867,-0.015098881097134463,0.345952086451465,420.0763038403147,-9.708075815785866,-23.80171118452168,767.1370081346059,7.492690976419302,38.9601489780854,555.3851304186852,-8.948733836447232,-28.416436724874824,894.174847577265,7.549960841790382,37.834322291756
1.81,5.180285475657404,-0.012334804253920625,14.975307811834528,0.7919339054290437,-0.015307290260826955,0.3459388155800596,420.05582998185247,-9.71505309359938,-23.800509667332637,767.141418622218,7.487078176647344,38.96505870225373,555.4152773478785,-8.95004743997263,-28.416331238122844,894.2268267953584,7.5499560233252545,37.83642650927404
1.82,5.18050699037616,-0.012046644276107145,14.975199802579647,0.7919943613285877,-0.015492840434542483,0.34592682721122314,420.0538118747413,-9.72036846239127,-23.79968474101872,767.1626083635764,7.483075912672666,38.96967138715786,555.4596053970732,-8.950318338703688,-28.41650268603927,894.2909753625979,7.550944633296364,37.838232929948276
1.83,5.180725188880589,-0.011762845966940902,14.97509465970035,0.7920513515864961,-0.01565358385401417,0.34591620728658007,420.0690934365128,-9.724028651639072,-23.799221545313085,767.1990383713951,7.480653555330341,38.97390702866935,555.5164370203915,-8.949606421560507,-28.416922495618063,894.3653209503445,7.552843858593783,37.83971519823709
1.84,5.180934741531019,-0.011483001949556312,14.974992355997394,0.7921039136465561,-0.015788216538244432,0.3459070087365772,420.10025452484564,-9.726071781188173,-23.799099580158405,767.2489616084509,7.479752077947987,38.97769776198334,555.5839929821835,-8.947985497481103,-28.417560277868066,894.4478438734973,7.555559836792347,37.84085563070891
1.85,5.181130871757227,-0.011206830902971716,14.974892866632388,0.7921512230745839,-0.015896076248710027,0.34589925167399005,420.1456547756567,-9.7265647555696,-23.799293294705382,767.310468247506,7.480286669159009,38.98098822976478,555.6604327981222,-8.945540744781155,-28.41838429529068,894.5365178740798,7.558990213631933,37.8416445279978
1.86,5.181309378426427,-0.010934170968246443,14.974796167723817,0.7921925941027416,-0.015977124369530332,0.3458929244449205,420.2034790185332,-9.725600257240174,-23.799772769622038,767.3815321244471,7.482149751482703,38.98373575740409,555.7438926060934,-8.942366194152285,-28.41936194379057,894.6293479245222,7.563026671357386,37.84207945775177
1.87,5.181466653089481,-0.0106649708370697,14.974702235057146,0.7922274799186096,-0.01603191318773299,0.3458879854617957,420.2717833364706,-9.723293417307044,-23.800504471190322,767.4600572559225,7.48521431687954,38.98591033067582,555.8325201112548,-8.938562284069251,-28.420460241748668,894.7244045383728,7.567557379334233,37.842164521790494
1.8800000000000001,5.18159969142858,-0.010399278890531445,14.97461104293007,0.7922554722500492,-0.01606154034274744,0.3458843657234508,420.3485408655064,-9.719778244747957,-23.801452054812383,767.5439233663234,7.48933748851649,38.98749437554437,555.9245063263584,-8.934233521977308,-28.421646318006985,894.8198542006093,7.572469324215126,37.8419096183629
1.8900000000000001,5.181706098302074,-0.010137230783399991,14.97452256314963,0.7922762998560489,-0.016067592435078618,0.3458819719123617,420.4316864744439,-9.715203895996893,-23.802577195585876,767.6310294638336,7.49436421840749,38.98848234472622,556.0181138997493,-8.929486279488252,-28.422887890010205,894.9139856502974,7.5776504833077745,37.841329708537
1.9000000000000001,5.1817840859176485,-0.009879035882684099,14.97443676419328,0.7922898256181418,-0.01605207993493108,0.34588068994875076,420.51915952489776,-9.709730866004795,-23.80384042440655,767.7193346165076,7.500131033184254,38.9888801205449,556.1117018896837,-8.924426744939652,-28.42415372327735,895.0052318617925,7.582991811425355,37.84044409427988
1.9100000000000001,5.181832464843252,-0.009624962970366262,14.974353610541419,0.7922960420257862,-0.016017365613573472,0.34588038887563616,420.6089439860692,-9.70352717953743,-23.805201949464365,767.8068952024023,7.506469744747834,38.988704248303875,556.203746905155,-8.919159052061975,-28.425414063689793,895.0921876748642,7.588389018170827,37.839275714611986
1.92,5.181850627765665,-0.00937532560955711,14.9742730621845,0.7922950649528414,-0.015966088736486767,0.34588092494774997,420.69910526517725,-9.696764657618928,-23.80662244487064,767.8918980381694,7.513211048657265,38.98798101860051,556.2928605903095,-8.913783599159618,-28.42664103471541,895.1736231171225,7.5937441191053505,37.83785046526784
1.93,5.181838526113854,-0.009130467552143024,14.974195074303422,0.7922871257231202,-0.015901087212448622,0.34588214580026405,420.7878232112532,-9.689615328781432,-23.808063790354595,767.9726889244021,7.520187940550649,38.98674542052945,556.3778034820386,-8.908395569131644,-28.42780899258535,895.2484925431661,7.598966750431757,37.83619654650826
1.94,5.181796639863671,-0.008890748536779113,14.974119597118078,0.7922725615548749,-0.015825319792618347,0.34588389457993685,420.8734208544654,-9.682248048303087,-23.80948974837183,768.0477962797213,7.527238889367627,38.98503999044335,556.4574953182749,-8.903083656848166,-28.428894833530254,895.3159397833724,7.603975242550298,37.834343843051286
1.95,5.181725941022623,-0.008656530789889328,14.974046575895354,0.7922518045526405,-0.015741790265400072,0.34588601393105567,420.95438855267037,-9.6748253810911,-23.810866567472818,768.115949666102,7.534210715374579,38.98291358279087,556.5310219180693,-8.897929006844773,-28.4298782484136,895.3752995513537,7.608697453030555,37.832323339485896
1.96,5.181627851449965,-0.008428166500972785,14.973975951104816,0.7922253694773718,-0.01565347540413412,0.3458883497407536,421.0294033286123,-9.667500795512485,-23.812163503297132,768.1760931324499,7.540961130705459,38.980420090511316,556.5976387933163,-8.89300436102225,-28.43074192140341,895.4260954032243,7.61307136412559,37.83016657397563
1.97,5.181504195794909,-0.00820598649881252,14.973907658707684,0.7921938405710343,-0.015563258203744644,0.3458907545622835,421.09734329246083,-9.660416206508371,-23.813353251025088,768.2273934199475,7.547360910080069,38.97761714256774,556.6567716862711,-8.888373413024564,-28.431471670660795,895.468034574787,7.617045453907179,37.82790513253258
1.98,5.1813571504310305,-0.007990290308858861,14.973841630562786,0.7921578577396835,-0.015473867697808045,0.34589309064998225,421.1572971523605,-9.653699896999491,-23.81441228547532,768.2692431791465,7.5532956692966895,38.974564805500385,556.7080142563412,-8.884090363243114,-28.432056530337576,895.5010000453852,7.6205788534083325,37.82557018563284
1.99,5.181189189329038,-0.007781337724763612,14.973777794931532,0.7921181024105769,-0.015387826387518507,0.3458952325553715,421.2085689180897,-9.64746483711637,-23.815321107255755,768.3012594440268,7.558667238818373,38.971324314475325,556.751123164207,-8.880199665949217,-28.432488774436173,895.5250401907573,7.62364130484533,37.82319206845556
2.0,5.181003027843648,-0.0075793419807945114,14.973716077063065,0.792075283375713,-0.015307406046856906,0.34589706924956093,421.2506779974239,-9.64180741141163,-23.816064395424604,768.3232776910833,7.563394629081177,38.96795685729345,556.7860108210086,-8.876735957903392,-28.43276388425941,895.5403563928223,7.626212938079469,37.82079990555465
2.0100000000000002,5.180801565396382,-0.007384464567420526,14.973656399840262,0.7920301229185883,-0.015234592401587211,0.3458985057523844,421.2833549696185,-9.636806555134768,-23.81663106898653,768.3353418813982,7.567414592890287,38.96452243233083,556.8127360851131,-8.87372415593557,-28.43288046223911,895.5472889730198,7.628283884006882,37.81842128032054
2.02,5.180587828018398,-0.007196811690240759,14.973598684467255,0.7919833434954213,-0.015171058920535337,0.3458994642631153,421.30653339401505,-9.632523292071538,-23.817014261225037,768.3376909401832,7.570681798294066,38.961078798527836,556.8314931990892,-8.871179709427246,-28.432840095873473,895.5463018089799,7.629853744596849,37.81608194916854
2.0300000000000002,5.180364911678397,-0.007016432333937827,14.973542851179582,0.7919356552092011,-0.015118149712189463,0.3458998848008515,421.3203380730081,-9.629000658540054,-23.817211212348948,768.3307421713636,7.573168632520389,38.95768053244099,556.8425992648122,-8.869108992373143,-28.432647176297795,895.537965982603,7.630930939868497,37.81380559999787
2.04,5.180135927266059,-0.00684331785839589,14.973488819958993,0.7918877442771999,-0.01507687129335043,0.3458997253745063,421.32507023682916,-9.62626399103328,-23.817223087209754,768.3150721347348,7.574864663844993,38.9543782041458,556.8464805556979,-8.867509818728191,-28.432308676675,895.522942792326,7.631531952277504,37.81161365411562
2.05,5.179903948032393,-0.006677403023606257,14.973436511236027,0.791840262652378,-0.01504789279374948,0.3458989617126154,421.3211901523972,-9.62432154882309,-23.817054725917856,768.29139553024,7.575775793559892,38.95121768051281,556.8436579616905,-8.866372064079531,-28.431833896100667,895.5019664439982,7.631680488818404,37.80952511050669
2.06,5.17967196021059,-0.0065185683146561845,14.97338584656506,0.7917938189184568,-0.015031553984634478,0.3458975865917679,421.3092976799943,-9.623165437670112,-23.816714336055604,768.2605426389181,7.575923134500506,38.94823956118373,556.8347318555915,-8.865678376282048,-28.43123417509284,895.4758267142756,7.631406580697886,37.807556431064405
2.07,5.179442817455247,-0.006366643417219463,14.973336749258177,0.7917489705390283,-0.015027880372699162,0.34589560880934905,421.2901113100479,-9.622772796677559,-23.816213135845807,768.2234358635379,7.575341655838452,38.94547874950664,556.820366658524,-8.865404957575763,-28.430522588969453,895.4453518581092,7.630745639735482,37.80572146516833
2.08,5.179219199647721,-0.006221411678208772,14.97328914496613,0.7917062175042434,-0.015036604484805673,0.34589305185144464,421.26444620860207,-9.623107207302695,-23.815564958089464,768.181065895054,7.57407863607229,38.9429641578243,556.8012753684167,-8.865522400829828,-28.429713625522975,895.4113920083885,7.6297374897543735,37.804031411809184
2.09,5.179003576522557,-0.0060826153757677845,14.97324296219674,0.7916659973853393,-0.0150571923842072,0.34588995231023584,421.2331917850395,-9.624120281597481,-23.814785824933686,768.1344680046768,7.572191967367803,38.940718543888146,556.7782042986963,-8.865996562919642,-28.428822853388567,895.3748032913949,7.628425390169502,37.80249481730896
2.1,5.178798176475483,-0.00594996161640257,14.973198132763056,0.7916286817780984,-0.015088874405028893,0.3458863581070917,421.1972892704685,-9.625753385857417,-23.81389350357606,768.0846989268033,7.569748354657846,38.93875847283058,556.7519182551582,-8.866789458826963,-28.42786658737308,895.3364328565755,7.62685506778965,37.801117606559636
2.11,5.1786049608194,-0.005823128676399728,14.973154592155863,0.7915945740915992,-0.015130679067447833,0.34588232657793966,421.15770976124344,-9.62793945596041,-23.81290705285694,768.0328147564888,7.5668214522720545,38.9370943970928,556.7231863579597,-8.867860160819918,-28.42686155678827,895.2971049937446,7.625073771566293,37.79990314560397
2.12,5.17842560366103,-0.005701772607303075,14.973112279837052,0.7915639086182891,-0.01518146913948167,0.3458779224764838,421.1154331407111,-9.63060486171069,-23.811846370346235,767.9798502378048,7.563489979392712,38.9357308449863,556.6927686928353,-8.869165688021653,-28.425824582507207,895.2576084850011,7.623129363648895,37.7988523332945
2.13,5.178261477479182,-0.0055855339328009825,14.973071139452497,0.7915368508053207,-0.015239978840140611,0.3458732159485864,421.07142824509646,-9.633671279364709,-23.810731749010603,767.9267997676628,7.559835853419628,38.934666707167864,556.661403951823,-8.870661872763641,-28.424772268063986,895.2186853128833,7.621069458682628,37.79796371968968
2.14,5.1781136443960305,-0.005474044274855074,14.973031118964888,0.7915134986348417,-0.015304851230052012,0.34586828052778523,421.0266345878314,-9.637057534118476,-23.809583451861595,767.8746003847886,7.555942377461267,38.933895609227214,556.6297981990348,-8.872304191338664,-28.423720709641675,895.181020820412,7.618940621809234,37.79723364877
2.15,5.177982853046145,-0.005366932760930118,14.972992170708762,0.7914938850120867,-0.015374674906329886,0.3458631911976398,420.98194590220135,-9.64068137755747,-23.80842131216104,767.8241169566999,7.551892514751913,38.933406357811684,556.5986148718877,-8.874048548085323,-28.422685229257027,895.1452353931152,7.6167876343339325,37.7966564229781
2.16,5.177869540865184,-0.005263832080439595,14.972954251371496,0.7914779810541479,-0.0154480192050093,0.34585802256156467,420.9381957062794,-9.64446116880252,-23.807264365812824,767.7761297201704,7.547767278937023,38.933183447231826,556.5684661030266,-8.875852003126683,-28.421680134864427,895.111877707763,7.614652834501023,37.79622448700343
2.17,5.177773841541653,-0.005164384076865128,14.972917321905403,0.7914657001686914,-0.01552346721326541,0.3458528471551815,420.89614503814784,-9.648317432204012,-23.806130521532832,767.7313242737126,7.543644264967064,38.93320761328315,556.5399054231619,-8.87767343553647,-28.420718510470575,895.0814195678021,7.612575539301114,37.79592862814034
2.18,5.177695597301935,-0.005068244781720577,14.972881347377207,0.7914569028101537,-0.015599646001349247,0.34584773393017837,420.85647245454027,-9.652174268828084,-23.80503627328178,767.6902840654094,7.5395963409155,38.93345642106666,556.5134218806927,-8.879474135180365,-28.419812038694445,895.0542523213322,7.610591551716562,37.795758190452446
2.19,5.177634375631863,-0.004975088817022324,14.972846296762098,0.7914514018006611,-0.01567525359724358,0.3458427469323834,420.8197663334476,-9.65596060352264,-23.80399645830503,767.6534853667837,7.535690516482285,38.933904873867604,556.4894355903721,-8.88121831797184,-28.418970857527352,895.030684834318,7.60873275631857,37.795701299876846
2.2,5.177589489977978,-0.004884613113435932,14.972812142690204,0.7914489681037213,-0.01574908234219232,0.3458379441903948,420.7865194717329,-9.65961125394893,-23.80302406296829,767.62129467429,7.5319869993665245,38.93452603063559,556.4682947007765,-8.88287356076095,-28.418203452361052,895.0109429696324,7.607026804664074,37.795745097303424
2.21,5.177560023919955,-0.004796539911818522,14.972778861153861,0.7914493369403712,-0.015820038379442285,0.3458333768248333,420.75712592335196,-9.663067812501925,-23.802130077445973,767.5939684352384,7.528538446188893,38.93529162027653,556.4502737491548,-8.884411153526672,-28.41751658367021,894.9951705018867,7.6054968905237,37.795875976577896
2.22,5.17754485826264,-0.004710619034918305,14.972746431184145,0.7914522141397606,-0.01588715713901639,0.3458290883822317,420.7318799828662,-9.666279336440375,-23.801323399228366,767.5716549550639,7.525389410296568,38.936172641792204,556.4355733525501,-8.885806367950499,-28.41691525006666,894.9834313789802,7.604161613613436,37.79607982430412
2.23,5.177542700462936,-0.004626629434708521,14.972714834505334,0.7914572826190008,-0.01594961478570962,0.3458251143918875,420.71097718311415,-9.66920284571826,-23.80061078439066,767.5543983084107,7.522575984674374,38.93713994026007,556.424321166071,-8.887038642797663,-28.41640268580137,894.975713224087,7.6030349292115496,37.796342258273484
2.24,5.177552115784282,-0.004544380036835986,14.972684055175625,0.7914642088904935,-0.016006735693736635,0.34582148213879427,420.69451714549325,-9.67180363188419,-23.799996844631956,767.5421440478761,7.52012563438581,38.93816474971561,556.4165740230741,-8.88809168780147,-28.415980391187553,894.9719319568067,7.602126179845348,37.7966488613353
2.25,5.177571559559659,-0.004463709918620353,14.972654079222206,0.7914726494989112,-0.016057996097925492,0.34581821064112955,420.68250809646145,-9.674055384939095,-23.799484087261046,767.5347464815826,7.518057209527862,38.93921919514915,556.4123211578394,-8.888953508931596,-28.415648193863035,894.9719373994277,7.601440204128618,37.796985407548505
2.2600000000000002,5.177599409943647,-0.004384487869262547,14.972624894278205,0.7914822572945772,-0.01610302414680468,0.3458153108167893,420.6748728446507,-9.675940148169193,-23.799072994590208,767.5319772742004,7.516381126656924,38.94027674704363,556.4114883992294,-8.889616359010976,-28.41540433831165,894.9755197240205,7.600977516842688,37.797338077527904
2.27,5.177634000545009,-0.0043066113912964355,14.97259648922849,0.7914926874552961,-0.016141596646519707,0.3458127858201699,420.67145599930546,-9.677448113668108,-23.798762138607973,767.5335351155468,7.515099704062889,38.94131262313158,556.4139432139361,-8.890076618619624,-28.4152456006337,894.9824165884315,7.600734553489696,37.797693660025296
2.2800000000000002,5.177673652353484,-0.004230005209993356,14.97256885387051,0.791503603174772,-0.016173632835768715,0.3458106315278449,420.67203220252037,-9.678577273502686,-23.798548326343134,767.5390561962452,7.514207634157611,38.94230413331722,556.4195004702665,-8.890334613078476,-28.415167425198703,894.992320804394,7.600703971820111,37.79803973696963
2.29,5.177716704406805,-0.004154619362985106,14.972541978595574,0.7915146809427233,-0.016199185570739176,0.3458088371499682,420.67631514449846,-9.679332943264562,-23.798426770999747,767.5481252308318,7.513692574609654,38.94323096497073,556.4279287879841,-8.89039437203798,-28.415164079533426,895.0048883787867,7.600875002249541,37.79836484942959
2.3000000000000003,5.1777615426869605,-0.004080426945832736,14.972515854095189,0.7915256153496636,-0.01621843032556098,0.3458073859431465,420.68396713269215,-9.679727176063025,-23.79839128374499,767.5602867748963,7.513535838713558,38.94407540704111,556.4389573366549,-8.890263338792447,-28.415228823604828,895.0197467697087,7.601233838646304,37.7986586422597
2.31,5.177806626785805,-0.004007421590215566,14.972490471096084,0.7915361233581023,-0.016231652428548467,0.34580625600013387,420.6946089915488,-9.679778085885438,-23.798434480950693,767.5750565936565,7.513713164802205,38.94482251262377,556.4522829440467,-8.889952036906678,-28.415354089544508,895.0365032023474,7.601764060691629,37.79891198554144
2.32,5.177850513939473,-0.00393561475071706,14.972465820126729,0.7915459479915457,-0.01623923295821497,0.34580542109195417,420.7078300793872,-9.679509099681017,-23.798548001727664,767.5919328544356,7.514195544290114,38.94546020075033,556.4675773775109,-8.889473702065997,-28.415531667834998,895.0547528954392,7.60244707888591,37.79911707132634
2.33,5.17789188009641,-0.003865032873974928,14.972441891317336,0.7915548614031032,-0.016241633716641293,0.3458048515388954,420.72319822210926,-9.678948157542278,-23.79872273073451,767.6104069342008,7.5149500881449,38.94597929922139,556.4844946647534,-8.888843887249532,-28.415752896033478,895.0740870574652,7.603262593307569,37.79926748462604
2.34,5.177929537753842,-0.003795714519597747,14.972418674234369,0.7915626672965339,-0.016239381682354816,0.3458045150881695,420.74026937946616,-9.678126880001026,-23.798949021477583,767.6299736548655,7.515940912178221,38.94637353126129,556.5026783258721,-8.88808004938052,-28.416008846239762,895.0941005220935,7.604189057403676,37.79935824805849
2.35,5.177962450370763,-0.0037277074974557947,14.972396157749932,0.7915692026840715,-0.016233053321637023,0.34580437777780615,420.75859687796174,-9.677079720750491,-23.79921691563723,767.6501407830476,7.517130022505647,38.946639449631434,556.5217683959689,-8.887201125524602,-28.41629050772245,895.1143989048156,7.605204138414923,37.79938584004391
2.36,5.1779897432400865,-0.003661066079478148,14.972374329945577,0.791574338977097,-0.016223259107404846,0.34580440476846835,420.7777400646437,-9.675843122097294,-23.79951635434102,767.6704376565539,7.51847818378576,38.946776322581805,556.541408126694,-8.886227106501,-28.41658896138537,895.1346051767293,7.606285166488869,37.79934818693505
2.37,5.178010710776839,-0.003595848337495287,14.972353178049502,0.7915779824174679,-0.01621062855982125,0.3458045611272495,420.797272257456,-9.674454689178269,-23.799837377744897,767.690422826467,7.519945754373425,38.94678597664115,556.561250265738,-8.885178615441635,-28.416895543083747,895.1543655667448,7.60740956510797,37.799244629949136
2.38,5.178024820251589,-0.003532113651033464,14.972332688405467,0.7915800738687908,-0.0161957960838956,0.34580481255005224,420.81678789005355,-9.672952397489054,-23.80017030976513,767.7096906307418,7.521493474258955,38.946672601743174,556.5809628251825,-8.884076498393734,-28.417201993171805,895.1733547198536,7.60855525614007,37.79907586823576
2.39,5.17803171206731,-0.0034699204214699523,14.97231284647129,0.7915805879978922,-0.016179387837812857,0.34580512601177615,420.8359087714944,-9.671373846612042,-23.800505925315278,767.7278766420397,7.523083193562319,38.946442524553206,556.6002342626367,-8.882941433519086,-28.417500590073303,895.1912800560285,7.60970103358699,37.7988438798484
2.4,5.178031196741804,-0.003409324021227683,14.972293636844377,0.7915795318869585,-0.01616200982279727,0.34580547033617653,420.8542894035901,-9.669755571243776,-23.800835597927403,767.7446619586798,7.5246785313625715,38.94610395609995,556.6187780128972,-8.88179356481178,-28.417784266102174,895.2078852916363,7.6108269009534935,37.79855182278162
2.41,5.178023248815855,-0.003350374999183912,14.97227504331144,0.7915769431260207,-0.016144237342098695,0.345805816679835,420.87162132052407,-9.668132418750586,-23.801151426168534,767.7597763324494,7.526245456710933,38.94566671992985,556.6363363222039,-8.880652165551117,-28.41804670420919,895.2229531024124,7.611914368054807,37.79820391857633
2.42,5.178007997958013,-0.0032931175559787742,14.972257048919236,0.7915728874434872,-0.016126605934208133,0.34580613892714057,420.88763643624014,-9.666537000567688,-23.801446337786928,767.77300015037,7.527752785767062,38.945141966993624,556.6526833518412,-8.879535335936051,-28.418282414786432,895.2363069239067,7.612946704017687,37.79780532127778
2.43,5.177985717580231,-0.003237588296411823,14.972239636063145,0.7915674559390652,-0.016109603844565105,0.3458064139954723,420.90210940480273,-9.664999222838533,-23.801714171032025,767.784165308824,7.529172591058675,38.94454188335448,556.6676275324836,-8.878459738532241,-28.418486792110148,895.2478119015007,7.613909144185527,37.79736197474825
2.44,5.177956811312537,-0.003183815259383026,14.972222786590182,0.7915607619885706,-0.016093666061582808,0.3458066220518593,420.91485901704755,-9.663545899812831,-23.8019497330742,767.7931550374801,7.530480520855532,38.943879396575944,556.6810131650426,-8.877440374320367,-28.418656150434884,895.2573750172048,7.614789049586069,37.79688046148077
2.45,5.177921797710966,-0.003131817220429961,14.972206481913137,0.791552937893684,-0.016079169907421944,0.3458067466442406,420.92574867331234,-9.662200451701686,-23.802148835902425,767.7999027470868,7.53165602854633,38.94316788632677,556.692721277696,-8.876490401271697,-28.418787740162394,895.2649444344797,7.615576018558057,37.79636784613515
2.46,5.177881293589388,-0.0030816032566771006,14.972190703132561,0.7915441313516554,-0.016066432142089054,0.3458067747520405,420.93468598651674,-9.660982686973407,-23.802308310490922,767.80438998911,7.532682513663957,38.94242090432935,556.702669761885,-8.875620996519618,-28.41887974488781,895.2705081148281,7.616261951030545,37.795831517019536
2.47,5.17783599637359,-0.0030331725596952777,14.972175431163413,0.7915345018202755,-0.016055707511482976,0.345806696762097,420.9416215823534,-9.659908667474514,-23.80242600039414,767.806643626458,7.5335473778108675,38.941651908300074,556.7108128221945,-8.874841262356325,-28.418931260464337,895.2740917708062,7.616841066794999,37.795279028671
2.48,5.1777866658750895,-0.002986514478178569,14.972160646863381,0.7915242168521851,-0.01604718864619819,0.3458065063770361,420.9465471736845,-9.658990653309163,-23.802500736251403,767.8067323229906,7.534242000159508,38.94087401398887,556.7171397860321,-8.874158175473212,-28.418942257527373,895.2757562292835,7.617309879894673,37.794717948554315
2.49,5.177734105873115,-0.002941608769446575,14.972146331160129,0.7915134484698497,-0.016041007198330418,0.3458062004639734,420.94949299445307,-9.658237123114144,-23.80253229295401,767.8047624653466,7.534761638440912,38.94009976884385,556.7216733286363,-8.873576578101671,-28.418913529169263,895.2755942860873,7.617667131961269,37.79415571070149
2.5,5.177679145876435,-0.0028984260365119904,14.97213246517489,0.7915023696484369,-0.016037236088221045,0.34580577885195735,420.9505246844137,-9.657652864250576,-23.80252133144534,767.8008736337197,7.535105262359343,38.93934095020923,556.7244671771069,-8.873099209006586,-28.41884662565731,895.2737271385352,7.617913687945787,37.79359947886287
2.5100000000000002,5.17762262341352,-0.002856928325852385,14.972119030340147,0.791491150968517,-0.016035892721928385,0.3458052440868615,420.9497397199449,-9.657239126490303,-23.802469327292076,767.7952337389682,7.535275327201996,38.938608390332945,556.7256033637531,-8.872726771649408,-28.418743778240135,895.2703004859059,7.6180523982187225,37.793056021444684
2.52,5.177565367169941,-0.002817069860519647,14.972106008509499,0.7914799574941693,-0.01603694303304638,0.34580460115251155,420.9472634880494,-9.656993832027672,-23.802378488276673,767.7880339416952,7.535277496017789,38.937911829821054,556.7251891039505,-8.87245803628456,-28.418607814185407,895.2654803893878,7.618087931432537,37.79253160017091
2.5300000000000002,5.177508181257972,-0.002778797882298057,14.972093382057965,0.7914689459248856,-0.016040306199053302,0.3458038571667046,420.943245100658,-9.656911834076244,-23.80225166332642,767.779483465279,7.535120319158983,38.93725980054664,556.7233533770802,-8.872289972278013,-28.41844206524647,895.2594489829019,7.618026582865978,37.79203187404596
2.54,5.1774518308646424,-0.002742053577433505,14.972081133971447,0.7914582620618277,-0.01604585988235766,0.3458030210604867,420.9378530444645,-9.656985215935055,-23.80209224510505,767.7698044090813,7.534814880180929,38.93665953840751,556.7202432905904,-8.872217906568503,-28.418250271752672,895.2524001240556,7.617876063175433,37.791561819809665
2.5500000000000003,5.177397029483771,-0.002706773060814677,14.972069247924281,0.7914480386207288,-0.016053445849263628,0.34580210324860944,420.931270758124,-9.657203622200406,-23.80190406856379,767.7592266608254,7.534374417125456,38.93611692574624,556.7160203073929,-8.872235703899001,-28.41803648448152,895.2445350710112,7.617645272597229,37.79112566968665
2.56,5.177344427893944,-0.002672888394751314,14.972057708344172,0.7914383934152158,-0.016062875825823154,0.3458011152985213,420.9236922237152,-9.657554613768049,-23.801691307672733,767.7479829984258,7.533813928059018,38.93563646270076,556.7108564151101,-8.872335964270285,-28.41780496638243,895.2360582658417,7.617344065645404,37.79072686683883
2.57,5.177294605000659,-0.0026403286198386153,14.972046500464028,0.791429427925785,-0.016073937457577996,0.34580006960458964,420.9153176532019,-9.658024038395109,-23.801458372440987,767.736304461769,7.533149769428482,38.93522126625778,556.7049303127914,-8.872510232972697,-28.417560096103713,895.2271732986474,7.616983011266232,37.79036803854801
2.58,5.177248060616699,-0.0026090207773854885,14.972035610360612,0.7914212262612527,-0.01608640025011646,0.34579897907351453,420.9063493434375,-9.6585964088578,-23.801209808189164,767.7244160642952,7.532399255345212,38.93487309533589,556.6984236863639,-8.872749218558962,-28.41730627511975,895.2180791191565,7.616573153227613,37.79005098678896
2.59,5.177205210211906,-0.002578890904504712,14.972025024980024,0.7914138545114173,-0.01610002137877659,0.34579785682611724,420.8969877651734,-9.659255281140256,-23.800950198862978,767.7125329029991,7.5315802653353465,38.93459239983962,556.6915176386149,-8.873043014213211,-28.417047840075632,895.2089665541943,7.616125775263383,37.78977669551335
2.6,5.177166381622171,-0.0025498649854695512,14.97201473215042,0.7914073604820326,-0.01611455126833152,0.34579671591987426,420.88742794282757,-9.659983625599889,-23.800684075979586,767.7008567139219,7.530710867417245,38.93437839130104,556.6843893330195,-8.87338131814741,-28.41678898176338,895.2000151802752,7.615652175154808,37.78954535365312
2.61,5.177131813668988,-0.0025218698449432095,14.972004720582483,0.7914017737961637,-0.016129738856725504,0.34579556909575676,420.8778561726134,-9.660764184661163,-23.800415834583365,767.6895729085735,7.529808962609463,38.93422913246655,556.6772089034293,-8.873753648907245,-28.4165336719259,895.1913905910596,7.615163451536011,37.78935639257887
2.62,5.177101656605299,-0.0024948339710071992,14.971994979858358,0.7913971063396661,-0.01614533647055007,0.3457944285521278,420.86844711724876,-9.661579811272913,-23.80014965736081,767.678848115171,7.528891956148143,38.9341416429895,556.6701366736831,-8.874149551789223,-28.416285598854753,895.1832420895456,7.614670306757498,37.7892085365148
2.63,5.177075974271793,-0.0024686882584348023,14.971985500410007,0.7913933530229983,-0.016161104253647127,0.34579330574766964,420.8593613059845,-9.662413783109002,-23.799889447829546,767.6688282374912,7.527976459833441,38.93411201826219,556.66332072284,-8.874558792944242,-28.416048112513145,895.1757008250437,7.614182868653618,37.78909986422093
2.64,5.17705474782025,-0.0024433666646275047,14.971976273487929,0.7913904928269001,-0.016176814103723066,0.3457922112345761,420.8507430593872,-9.663250088275788,-23.79963877328038,767.6596370334415,7.52707802903374,38.9341355583516,556.6568948230786,-8.874971538167465,-28.415824179679895,895.168878385198,7.613710533537599,37.78902788010959
2.65,5.177037880837558,-0.0024188067729713813,14.971967291121397,0.7913884900957046,-0.016192253084915058,0.3457911545225488,420.84271884921867,-9.66407367910177,-23.79940081791755,767.6513752055556,7.526210936987132,38.93420690399957,556.650976768611,-8.875378513831578,-28.415616349379302,895.1628658439637,7.613261832212837,37.788989592864
2.66,5.177025205685778,-0.0023949502606455224,14.971958546071436,0.7913872960392069,-0.016207226296661218,0.34579014397350616,420.83539609514827,-9.664870691400651,-23.79917834641651,767.6441199864873,7.525387988158716,38.93432017669849,556.6456671053908,-8.875771147903667,-28.415426728640657,895.1577332575224,7.612844320245172,37.788981599574264
2.67,5.177016490860142,-0.002371743269413174,14.971950031777713,0.7913868504021101,-0.016221559190826105,0.3457891867263418,420.82886239189537,-9.665628627412993,-23.798973677901852,767.6379251944245,7.524620371560264,38.934469119959324,556.6410482630299,-8.876141689486694,-28.41525696842084,895.1535295918444,7.612464493201965,37.789000173398335
2.68,5.177011449158438,-0.0023491366803424967,14.97194174230069,0.791387083259072,-0.016235099339686802,0.3457882886505687,420.8231851530368,-9.666336501414907,-23.798788670150557,767.6328217261964,7.523917554129622,38.93464723904082,556.6371840825404,-8.876483305822857,-28.41510825933305,895.1502830582183,7.612127727046392,37.78904135279038
2.69,5.177009746451029,-0.002327086294355799,14.971933672260203,0.7913879168932726,-0.016247717666996002,0.34578745432725616,420.8184116509259,-9.666984947744039,-23.798624713638333,767.6288184497953,7.523287213508089,38.9348479366025,556.6341197261144,-8.876790156195913,-28.414981336649607,895.1480018263766,7.611838243372415,37.78910103041242
2.7,5.177011010841672,-0.0023055529226411117,14.9719258167718,0.7913892677171548,-0.016259309162840442,0.3457866870553054,420.81456942636316,-9.66756629169585,-23.79848273488752,767.6259034531047,7.5227352088628185,38.93506464197635,556.6318819485742,-8.877057442644887,-28.414876493896454,895.1466750793135,7.6115990987072895,37.78917503995516
2.71,5.177014842014012,-0.0022845023916678456,14.971918171381951,0.7913910481954957,-0.016269793110366634,0.34578598888082573,420.8116670366033,-9.668074584398834,-23.798363208431354,767.6240456018653,7.5222655877815185,38.93529093201101,556.6304797042476,-8.877281437855656,-28.414793604229267,895.1462743692833,7.611412196684708,37.78925923923521
2.72,5.1770208205673836,-0.002263905468954523,14.97191073200332,0.7913931687331803,-0.01627911285863901,0.3457853606471512,420.8096951061684,-9.668505603366462,-23.798266176591788,767.62319635723,7.521880626723543,38.93552064172577,556.6299050580064,-8.877459491018424,-28.41473214867674,895.1467552309441,7.611278321516924,37.78934958810334
2.73,5.1770285171576775,-0.0022437377165133543,14.971903494851121,0.7913955394928794,-0.016287235180939028,0.3457848020628876,420.808627641714,-9.668856820943539,-23.798191276172915,767.6232918017131,7.521580902053737,38.935747963310355,556.6301343650863,-8.877590012821512,-28.414691250258432,895.1480590051485,7.6111971908697225,37.789442219886894
2.74,5.177037501274482,-0.002223979279526978,14.971896456381542,0.7913980721112008,-0.016294149261735943,0.34578431178528707,420.80842356989865,-9.669127343308048,-23.798137771101203,767.6242548218926,7.521365388316104,38.93596753231693,556.6311296811595,-8.877672441086947,-28.414669712932326,895.1501148255674,7.611167525981122,37.78953350529666
2.75,5.17704734950306,-0.002204614618408648,14.97188961323308,0.7914006812856801,-0.016299865358406898,0.34578388751621375,420.8090284557588,-9.66931782305963,-23.79810458999561,767.6259973966662,7.52123158011575,38.9361745002011,556.6328403618527,-8.877707188845063,-28.414666064297045,895.1528417198857,7.611187136649711,37.789620107942575
2.7600000000000002,5.177057653139767,-0.0021856321927072116,14.971882962171577,0.7914032862091137,-0.016304413185614028,0.34578352610798174,420.81037635856455,-9.669430348709874,-23.798090367627417,767.6284229413327,7.5211756337823505,38.936364592679276,556.6352048096307,-8.877695576879285,-28.414678600969303,895.1561507780111,7.611253018572405,37.78969903082601
2.77,5.177068025050373,-0.002167024105500053,14.97187650003959,0.7914058118321077,-0.016307840071128,0.34578322367640935,420.8123917823298,-9.669468314602803,-23.79809348922416,767.6314286600015,7.521192524872877,38.93653415367002,556.6381523255567,-8.877639752957245,-28.414705435573648,895.1599473412311,7.61136146041741,37.78976765339795
2.7800000000000002,5.177078105683079,-0.002148785716843355,14.971870223710601,0.7914081899392195,-0.01631020893189816,0.3457829757185359,420.8149916791782,-9.669436274922226,-23.798112136591044,767.6349078618297,7.52127621753873,38.93668017487485,556.6416050239034,-8.877542600092381,-28.41474454431916,895.1641331686068,7.611508157982394,37.789823758990586
2.79,5.177087568170286,-0.0021309152349044454,14.971864130048518,0.791410360028613,-0.016311596118389244,0.34578277723258627,420.81808746544993,-9.669339785499831,-23.798144335057536,767.6387522001878,7.521419841824029,38.93680031132136,556.6454797688602,-8.877407636256162,-28.414793814192276,895.1686085400029,7.611688332809619,37.78986555263917
2.8000000000000003,5.177096122475622,-0.0021134132929921338,14.97185821587273,0.7914122699896307,-0.01631208917372001,0.34578262283793065,420.82158701270504,-9.669185237125289,-23.79818800030763,767.6428537979718,7.521615875072829,38.936892883439114,556.6496900945575,-8.87723890798503,-28.414851088866268,895.1732742587848,7.6118968526948105,37.789891669506176
2.81,5.177103518564755,-0.0020962825204241054,14.97185247792891,0.7914138765770248,-0.01631178455203467,0.3457825068929768,420.82539657867676,-9.668979683973733,-23.798240984220527,767.6471072268653,7.521856323802201,38.93695686645894,556.6541480723042,-8.877040880298114,-28.414914212513043,895.178033521538,7.61212835165026,37.789901174302905
2.82,5.177109548599124,-0.002079527114757054,14.971846912865638,0.7914151456847045,-0.01631078533790208,0.34578242360913425,420.8294226464528,-9.668730670630122,-23.79830111892346,767.6514113131299,7.522132902624101,38.93699186811843,556.6587660920916,-8.87681832527254,-28.41498107079645,895.1827936266385,7.612377347032517,37.789893552260864
2.83,5.177114048171414,-0.002063152422246582,14.971841517216797,0.7914160524256726,-0.016309199005452205,0.34578236715920796,420.8335736438555,-9.668446060991432,-23.798366258347002,767.6556707475416,7.522437207079347,38.93699809581742,556.6634585290894,-8.87657621150767,-28.41504962843059,895.1874674984736,7.612638351743916,37.78986869234823
2.84,5.177116896619643,-0.002047164532900635,14.971836287389618,0.79141658102828,-0.016307135252509677,0.34578233177880097,420.83776151893426,-9.668133872083706,-23.79843431666866,767.6597974822315,7.522760877567814,38.93697631449905,556.6681432698849,-8.876319596557991,-28.41511796279473,895.1919750091207,7.612905979638374,37.789826863541585
2.85,5.177118016472352,-0.0020315698958520397,14.971831219658167,0.7914167245619825,-0.016304703941248194,0.3457823118595321,420.84190315157207,-9.667802115552238,-23.798503303128015,767.6637119021884,7.523095751901188,38.93692779662752,556.672743077445,-8.876053524233985,-28.41518429320675,895.1962440843565,7.6131750425070805,37.78976868505531
2.86,5.177117372091746,-0.002016374959998106,14.97182631016197,0.7914164845083752,-0.016302013172943216,0.34578230203310273,420.8459215854916,-9.66745864926355,-23.79857135280149,767.6673437642677,7.523434004384488,38.936854265701484,556.6771867782733,-8.875782928456644,-28.415247005571022,895.2002115859724,7.613440637287361,37.78969509150069
2.87,5.1771149675927575,-0.0020015858440596826,14.971821554909374,0.7914158701954126,-0.016299167520316307,0.3457822972454648,420.8497470691528,-9.667111041123,-23.798636753025846,767.6706329012114,7.523768269709352,38.93675783477386,556.6814102596186,-8.875512545127695,-28.41530467222251,895.2038239671326,7.6136982224053735,37.78960729398698
2.88,5.1771108441257505,-0.001987208039779821,14.971816949785286,0.7914148981143514,-0.01629626643680831,0.34578229282056083,420.8533178982893,-9.66676644685116,-23.798697965262757,767.673529692803,7.524091750341522,38.93664094145521,556.6853572691649,-8.875246833224825,-28.41535606689947,895.2070377022822,7.613943682449831,37.78950673819906
2.89,5.177105076617021,-0.001973246150785181,14.971812490562762,0.7914135911400887,-0.016293402857955466,0.34578228451331,420.8565810568597,-9.666431503100426,-23.79875364229453,767.6759953103843,7.524398306470337,38.93650628085035,556.6889800138252,-8.874989906085872,-28.415400174871912,895.2098194973182,7.614173380645295,37.78939506048063
2.9,5.177097770066247,-0.0019597036692624034,14.971808172917964,0.7914119776762146,-0.016290662005927964,0.34578226855170985,420.8594926571402,-9.666112236920432,-23.79880264073643,767.6780017447943,7.5246825279732255,38.93635673782989,556.6922395585093,-8.874745473581136,-28.415436198350317,895.2121462897361,7.614384198867896,37.78927404292893
2.91,5.1770890555018525,-0.0019465827916095339,14.971803992447922,0.7914100907462757,-0.016288120404280338,0.34578224166810484,420.86201818325884,-9.66581399222216,-23.798844028937147,767.6795316311228,7.52493978821378,38.93619531996132,556.6951060295013,-8.874516795623343,-28.415463557379308,895.2140050519072,7.614573565202898,37.78914556846142
2.92,5.177079085695683,-0.0019338842737349011,14.971799944690598,0.7914079670524637,-0.016285845106103147,0.3457822011198378,420.86413254586387,-9.665541373533982,-23.79887709042182,767.6805778865839,7.52516627984029,38.93602509233131,556.6975586306455,-8.87430664721367,-28.415481886496607,895.2153924136891,7.614739469288201,37.789011576755314
2.93,5.177068030736228,-0.0019216073257869463,14.971796025146645,0.791405646022265,-0.016283893135101927,0.34578214469965657,420.86581995859814,-9.665298207007512,-23.79890132310309,767.681143180213,7.5253590330729985,38.935849115376634,556.6995854837045,-8.874117294984163,-28.415491027501925,895.2163141230445,7.614880465909357,37.78887402188415
2.94,5.177056073555883,-0.00190974954556579,14.971792229302329,0.7914031688625384,-0.01628231113569898,0.3457820707363775,420.8670736496667,-9.665087518317407,-23.798916434550087,767.681239254978,7.525515917258363,38.935670386714044,556.701183306911,-8.873950484979243,-28.41549101873037,895.21678436533,7.614995667511836,37.78873483238853
2.95,5.177043405502308,-0.0018983068894133073,14.971788552653116,0.7914005776391051,-0.016281135225091295,0.34578197808643335,420.8678954240172,-9.66491152680865,-23.7989223336586,767.6808861243403,7.525635626730365,38.935491787822365,556.702356948092,-8.873807441211412,-28.41548208126892,895.2168249633266,7.615084726468879,37.78859587441993
2.96,5.177030222037111,-0.0018872736784763255,14.971784990727336,0.7913979143982748,-0.016280391037331737,0.34578186611702916,420.8682950934507,-9.664771654986748,-23.798919119110458,767.68011116617,7.525717652239583,38.935316036283176,556.7031187904846,-8.873688874348861,-28.415464602582123,895.2164644810618,7.615147808092749,37.78845891849428
2.97,5.177016718636948,-0.0018766426382047568,14.971781539109507,0.7913952203448346,-0.016280093946955343,0.3457817346817179,420.8682897933556,-9.664668552218759,-23.7989070650441,767.6789481373746,7.525762239397715,38.93514564413696,556.7034880507591,-8.873594999733726,-28.41543911803323,895.2157372547775,7.615185555490289,37.788325610281724
2.98,5.177003086963233,-0.001866404968170208,14.971778193462834,0.7913925350889811,-0.016280249457466447,0.34578158408927556,420.8679032057004,-9.664602131322475,-23.79888660438172,767.6774361325586,7.525770335731763,38.93498288275984,556.7034899895883,-8.873525563799111,-28.415406290793953,895.2146823744199,7.615199047457,37.78819744575191
2.99,5.176989511357002,-0.0018565504392236037,14.97177494955051,0.7913898959724935,-0.016280853738149113,0.34578141506680443,420.86716470848074,-9.664571616562146,-23.79885831027473,767.6756185095953,7.525743528052187,38.934829754517295,556.7031550555633,-8.873479877847423,-28.41536689063504,895.2133426384149,7.615189750660168,37.78807575088324
3.0,5.176976165705249,-0.0018470675144423208,14.97177180325542,0.7913873374822142,-0.0162818942911724,0.34578122871802963,420.8661084719062,-9.66457560145334,-23.798822876131872,767.6735418041387,7.525683971908837,38.9346879713057,556.7025179831942,-8.87345685807539,-28.415321772076936,895.2117635035938,7.615159467394495,37.78796166604042
3.0100000000000002,5.17696321071481,-0.0018379434903767608,14.97176875059798,0.7913848907566514,-0.016283350729836547,0.3457810264777721,420.86477252138013,-9.664612114695325,-23.79878109469203,767.6712546538979,7.525594314941819,38.934558939954215,556.7016168653494,-8.873455070678993,-28.415271852361695,895.209992050807,7.615110280197457,37.78785613502341
3.02,5.176950791619486,-0.0018291646548616012,14.971765787751844,0.7913825831892995,-0.01628519564804587,0.3457808100635837,420.86319778673175,-9.66467869250165,-23.798733836591968,767.6688067520247,7.525477615934695,38.93444375433236,556.7004922196475,-8.873472780848267,-28.415218089677563,895.2080759851447,7.615044494590661,37.78775989869731
3.0300000000000002,5.176939036335994,-0.0018207164574440301,14.971762911057267,0.7913804381301369,-0.01628739556069214,0.3457805814255189,420.8614271561943,-9.664772455590608,-23.79868202885851,767.6662478471752,7.525337261340415,38.93434319388949,556.6991860672256,-8.87350800445974,-28.415161462036302,895.2060626877804,7.614964581167949,37.78767349302652
3.04,5.176928054074545,-0.001812583688781308,14.971760117032009,0.7913784746847328,-0.016289911894578506,0.34578034269499214,420.85950455244057,-9.664890189115427,-23.798626633729526,767.6636268058562,7.5251768809876385,38.93425772824838,556.6977410408654,-8.873558561299122,-28.415102947161913,895.2039983343872,7.614873118187482,37.78759725126154
3.0500000000000003,5.176917934400705,-0.0018047506650623272,14.971757402379648,0.7913767076085152,-0.016292702009792853,0.3457800961336314,420.85747404649874,-9.665028423867572,-23.79856862817547,767.6609907505131,7.525000264580806,38.934187527383806,556.6961995378065,-8.873622128691029,-28.415043503707523,895.2019270927901,7.614772735739017,37.78753130996007
3.06,5.1769087467366965,-0.0017972014139328411,14.971754763995307,0.7913751472920559,-0.016295720232032594,0.34577984408298834,420.855379023732,-9.665183517163111,-23.798508984457932,767.6583842845944,7.5248112804939264,38.93413247684066,556.6946029307287,-8.873696294476153,-28.414984054069688,895.199890410197,7.614666062460196,37.787475618469394
3.0700000000000003,5.1769005402825625,-0.001789919858423676,14.971752198968789,0.7913737998317169,-0.01629891887726525,0.34577958891590443,420.8532614141907,-9.66535173192934,-23.798448652018646,767.6558488134865,7.524613798218671,38.93409219738541,556.692990848381,-8.873778608357197,-28.41492546902117,895.1979263979282,7.614555675662327,37.78742995145332
3.08,5.176893344330934,-0.0017828899955406802,14.971749704585163,0.7913726671787096,-0.016302249251255462,0.34577933299026276,420.8511609977539,-9.66552931262904,-23.79838854095196,767.6534219679031,7.5244116156772956,38.934066068438,556.6914005352663,-8.873866630727811,-28.414868554334646,895.1960693192026,7.6144440556067945,37.78739392401571
3.09,5.176887168943234,-0.0017760960666696162,14.971747278322944,0.7913717473585601,-0.016305662607868653,0.34577907860577684,420.849114792401,-9.665712556806094,-23.79832950726639,767.6511371339973,7.524208392443777,38.934053254602006,556.6898662976268,-8.873957978206338,-28.41481403951873,895.194349183159,7.614333544543605,37.78736700895002
3.1,5.176882005950404,-0.00176952271701041,14.971744917849973,0.7913710347521233,-0.016309111051641536,0.3457788279643824,420.84715653192393,-9.6658978811901,-23.798272340095135,767.6490230922313,7.524007589743309,38.934052734594914,556.6884190408546,-8.874050365208387,-28.414762568741,895.192791446054,7.614226310993066,37.78734855563539
3.11,5.176877830237553,-0.0017631551417688243,14.971742621017198,0.7913705204286887,-0.01631254837185646,0.34577858313471066,420.8453162373444,-9.666081881464006,-23.79821775097066,767.6471037648805,7.523812417919107,38.934063331878434,556.6870859013559,-8.874141641011857,-28.414714693965514,895.1914168184775,7.614124319620941,37.787337810099956
3.12,5.1768746012690485,-0.0017569792170750687,14.971740385850541,0.7913701925213362,-0.016315930797233032,0.34577834602102453,420.8436198842638,-9.666261384973618,-23.79816636523026,767.6453980700682,7.523625791876098,38.93408374630213,556.6858899738615,-8.874229821891399,-28.41467087028862,895.190241175404,7.614029306923619,37.78733393578029
3.13,5.176872264809084,-0.001750981614111248,14.971738210541119,0.7913700366345351,-0.01631921766232047,0.3457781183369093,420.8420891664847,-9.666433495830573,-23.798118715578813,767.6439198783762,7.52345029483098,38.934112586096816,556.6848501332892,-8.874313118020172,-28.414631453416263,895.1892755642081,7.61394276281846,37.78733603452664
3.14,5.176870754791899,-0.0017451498951239544,14.971736093434004,0.7913700362740238,-0.01632237197869928,0.34577790158390903,420.84074135440136,-9.666595632037978,-23.79807523779124,767.6426780664171,7.523288150523555,38.93414839959036,556.6839809484908,-8.87438995495826,-28.414596699189843,895.1885263041372,7.6138659181110295,37.78734316742708
3.15,5.176869995296009,-0.0017394725906489552,14.971734033015858,0.7913701732892348,-0.016325360906146166,0.3457776970352087,420.83958924497625,-9.66674555443886,-23.798036268499008,767.6416766603099,7.523141203878037,38.934189706062845,556.683292683603,-8.874458989663825,-28.414566765033648,895.1879951694398,7.613799737701321,37.7873543750579
3.16,5.176869902578052,-0.0017339392573865434,14.971732027901654,0.791370428318938,-0.016328156120943814,0.34577750572436966,420.8386411986226,-9.666881387451143,-23.798002044970996,767.6409150607732,7.523010909947169,38.93423502521165,556.6827913813484,-8.874519121070733,-28.414541713171012,895.1876796472626,7.613744919290899,37.78736869680539
3.17,5.17687038712353,-0.0017285405167673327,14.971730076820776,0.7913707812313334,-0.016330734080493618,0.3457773284390378,420.8379012569533,-9.667001631709304,-23.797972706766334,767.6403883405678,7.5228983308299195,38.93428290475754,556.6824790214055,-8.874569495379347,-28.414521515432,895.1875732605378,7.613701897260294,37.7873851889458
3.18,5.1768713556742965,-0.0017232680744337107,14.971728178602765,0.7913712115505095,-0.016333076185283624,0.34577716571946315,420.8373693342162,-9.667105168877033,-23.797948299110434,767.6400876042061,7.5228041401213535,38.93433194578616,556.6823537459597,-8.874609506300036,-28.41450605945696,895.1876659455164,7.6136708513106495,37.78740294121712
3.19,5.176872713195812,-0.0017181147213431365,14.971726332162962,0.7913716988619875,-0.016335168841044113,0.34577701786159243,420.83704147430643,-9.66719125902321,-23.79792877782301,767.6400003993734,7.5227286343452215,38.93438082548918,556.6824101437987,-8.874638790568879,-28.414495156087856,895.1879444731985,7.613651719396763,37.787421091662225
3.2,5.176874364750812,-0.001713074317365145,14.971724536488301,0.7913722231909526,-0.016337003425565003,0.3457768849244286,420.836910164496,-9.667259531070616,-23.797914015608438,767.6401111691587,7.522671750720688,38.934428317039874,556.6826395837437,-8.874657219125782,-28.414488547730194,895.1883929038091,7.613644214429172,37.78743883957372
3.21,5.176876217249923,-0.0017081417586320665,14.971722790623476,0.7913727653477208,-0.01633857616612889,0.3457767667412935,420.83696469650937,-9.667309966923776,-23.79790380950553,767.6404017341167,7.522633090537967,38.93447330640779,556.6830305878498,-8.87466488440375,-28.41448591746443,895.1889930634977,7.613647844181948,37.78745545641678
3.22,5.176878181054246,-0.001703312930025724,14.971721093657687,0.7913733072359871,-0.016339887934811313,0.3457766629345754,420.83719156526706,-9.667342879962515,-23.797897889285657,767.6408517933361,7.52261194735998,38.93451480598876,556.6835692347034,-8.874662084221608,-28.414486898686555,895.189725032792,7.613661933822402,37.787470294656515
3.23,5.17688017140919,-0.0016985846445586267,14.97171944471218,0.7913738321203961,-0.016340943970001912,0.345776572933507,420.8375748954702,-9.667358888654276,-23.79789592658189,767.6414394339556,7.522607339222054,38.93455196499389,556.6842395831677,-8.874649302807736,-28.414491085062178,895.1905676367061,7.613685650461388,37.78748279445918
3.24,5.176882109693649,-0.001693954571314524,14.97171784292871,0.7913743248509956,-0.01634175353339503,0.345776495994486,420.83809688633494,-9.667358886078281,-23.79789754453507,767.6421416391213,7.522618043982742,38.93458407660636,556.6850241071862,-8.87462718950105,-28.414498040586423,895.1914989271239,7.613718029128913,37.7874924882825
3.25,5.176883924472872,-0.0016894211539373104,14.971716287459074,0.7913747720431098,-0.01634232951237842,0.3457764312234301,420.8387382649708,-9.667344006188294,-23.79790232774267,767.6429347849723,7.522642636968113,38.93461058197475,556.6859041326444,-8.874596535685841,-28.41450730955386,895.1924966487578,7.6137579995865785,37.787499003407454
3.2600000000000002,5.176885552348185,-0.0016849835216129821,14.97171477745583,0.791375162212125,-0.016342687978213564,0.3457763775996484,420.8394787393821,-9.667315587645442,-23.79790983230784,767.6437951180806,7.522679530066356,38.934631071168276,556.6868602678527,-8.874558250513086,-28.41451842625747,895.1935386809295,7.613804413414527,37.787502062501545
3.27,5.176886938600759,-0.0016806413946508618,14.971713312064292,0.791375485863568,-0.01634284771065086,0.3457763340007112,420.84029744257083,-9.667275136051979,-23.797919595793495,767.6446992056249,7.522727011450958,38.934645281267905,556.6878728198733,-8.87451333594913,-28.41453092425234,895.1946034483399,7.61385607083942,37.78750148233495
3.2800000000000002,5.176888037630799,-0.001676394986531762,14.971711890415824,0.7913757355396871,-0.01634282969966372,0.34577629922780745,420.8411733599663,-9.66722428539163,-23.7979311469032,767.6456243515833,7.522783285151768,38.93465309181022,556.6889221896956,-8.87446286166993,-28.414544345038752,895.195670295047,7.613911746810476,37.78749717079715
3.29,5.176888813197294,-0.0016722449045051028,14.971710511622485,0.7913759058244977,-0.016342656634826317,0.34577627203109734,420.84208573314567,-9.667164759450896,-23.797944014724195,767.6465489732784,7.522846509743664,38.93465451783837,556.6899892401193,-8.874407940288375,-28.414558246039366,895.1967198169604,7.613970215877841,37.78748912238567
3.3000000000000003,5.176889238466803,-0.0016681920505944952,14.971709174773027,0.7913759933099092,-0.016342352392514425,0.34577625113459565,420.84301443372533,-9.667098333946134,-23.797957737388455,767.647452933686,7.522914835483451,38.93464970084205,556.6910556311358,-8.874349703363594,-28.414572207767318,895.1977341492144,7.614030275477024,37.78747741235405
3.31,5.176889295882985,-0.0016642375247275514,14.971707878930195,0.7913759965261218,-0.016341941530590744,0.34577623526015067,420.8439403022311,-9.667026800023514,-23.79797187002646,767.6483178260575,7.522986439298274,38.93463889789168,556.6921041185655,-8.874289278596292,-28.41458584010406,895.198697205951,7.61409076728381,37.78746218972167
3.3200000000000003,5.176888976870845,-0.0016603825317295078,14.971706623129316,0.7913759158399506,-0.016341448799565807,0.34577622315012635,420.84484544771107,-9.666951929734658,-23.797985991908686,767.6491272084689,7.523059557101863,38.93462246928609,556.6931188126268,-8.874227768569053,-28.414598787625362,895.1995948709925,7.614150596355785,37.787443669352974
3.33,5.17688828139213,-0.0016566282935455009,14.971705406378081,0.7913757533250966,-0.01634089867842203,0.3457762135884394,420.8457135048937,-9.66687544401279,-23.797999712693194,767.6498667870206,7.523132513000242,38.93460086504036,556.6940853941736,-8.874166231332026,-28.414610733939085,895.2004151390288,7.614208747843742,37.78742212331921
3.34,5.176887217369983,-0.0016529759680568635,14.971704227657444,0.7913755126086603,-0.01634031494237349,0.3457762054196505,420.8465298466667,-9.666798983597126,-23.798012677718123,767.6505245474567,7.523203745033791,38.934574610543045,556.6949912872282,-8.874105663084386,-28.41462140501685,895.2011482078326,7.614264301112672,37.78739787175479
3.35,5.176885800002026,-0.0016494265755669726,14.97170308592354,0.7913751986983505,-0.016339720268831664,0.3457761975658643,420.8472817506256,-9.66672408327074,-23.7980245722992,767.6510908359232,7.523271827186539,38.934544291705166,556.6958257873756,-8.874046983143813,-28.414630571521993,895.2017865229295,7.614316441172386,37.78737127341446
3.36,5.176884050982117,-0.0016459809338729018,14.971701980110517,0.7913748177949198,-0.01633913588677947,0.3457761890412436,420.8479585194177,-9.666652149689536,-23.798035125015158,767.6515583905178,7.523335487482907,38.93451053991379,556.6965801464494,-8.873991021340732,-28.41463805015525,895.2023247769619,7.614364467375678,37.78734271613022
3.37,5.176881997651209,-0.0016426396025457663,14.971700909134126,0.7913743770943376,-0.016338581273648196,0.3457761789640001,420.84855155545085,-9.666584442998838,-23.79804410998141,767.651922326086,7.523393622074437,38.93447401708553,556.6972476147289,-8.873938507919565,-28.414643704055724,895.2027598666723,7.61440779939554,37.78731260735475
3.38,5.176879672097883,-0.001639402836945773,14.971699871895979,0.7913738845841053,-0.016338073902666336,0.3457761665657792,420.84905439140346,-9.666522062347415,-23.79805134813332,767.6521800754608,7.523445305301745,38.934435401096266,556.6978234426164,-8.873890065975164,-28.414647442311082,895.2030908110844,7.614445980545447,37.78728136496437
3.39,5.176877110228593,-0.00163627055217367,14.971698867288293,0.7913733488379411,-0.016337629042527977,0.3457761511984081,420.84946267869555,-9.666465935330548,-23.798056707556373,767.6523312909374,7.523489795791926,38.934395371837034,556.6983048443706,-8.873846206404302,-28.414649218642662,895.203318634896,7.6144786785499186,37.78724940847693
3.4,5.176874350826967,-0.001633242297084457,14.971697894199043,0.7913727788128133,-0.01633725961013416,0.3457761323380293,420.8497741367426,-9.666416811317468,-23.79806010291592,767.6523777103002,7.52352653872268,38.93435459811961,556.6986909270333,-8.873807325305293,-28.414649029342655,895.2034462215585,7.614505683916861,37.78721715082315
3.41,5.1768714346204865,-0.001630317238171397,14.97169695151734,0.7913721836519951,-0.016336976076112297,0.34577610958668903,420.84998846639735,-9.666375258546688,-23.798061494054007,767.6523229921232,7.523555164449136,38.93431372562426,556.6989825881583,-8.873773703715726,-28.414646910550506,895.2034781407519,7.6145269060965965,37.787184990788866
3.42,5.176868403371432,-0.001627494153003135,14.971696038138921,0.7913715724974562,-0.016336786421833085,0.34577608267149446,420.85010723141835,-9.666341664811783,-23.798060883829866,767.6521725253249,7.523575483743383,38.93427336605107,556.6991823862663,-8.873745509543507,-28.414642934960337,895.203420455147,7.614542367642086,37.78715330622552
3.43,5.176865299007567,-0.0016247714327616916,14.971695152971638,0.7913709543145155,-0.01633669614573931,0.34577605144149354,420.8501337122151,-9.66631624149944,-23.798058315292884,767.651933218163,7.523587479947635,38.93423408760223,556.6992943882577,-8.873722801511663,-28.414637208058448,895.2032805114536,7.614552196611058,37.787122448106146
3.44,5.1768621628061675,-0.0016221470932100087,14.971694294940795,0.7913703377312536,-0.016336708315987426,0.34577601586246565,420.85007273633545,-9.666299030697322,-23.798053868281105,767.6516132718936,7.523591298378318,38.93419640689068,556.6993239981223,-8.873705534913846,-28.414629863989617,895.2030667206701,7.614556617464907,37.78709273548137
3.45,5.176859034643119,-0.0016196187934558258,14.971693462994294,0.7913697308947416,-0.01633682366569285,0.34577597600984045,420.8499304903482,-9.666289915046256,-23.798047655544938,767.6512219443035,7.5235872333514475,38.93416078233643,556.699277771395,-8.873693568954454,-28.414621061153372,895.2027883323736,7.614555940733181,37.787064451370746
3.46,5.176855952317037,-0.001617183861467601,14.971692656107404,0.7913691413456948,-0.016337040726471488,0.34577593205998614,420.8497143178471,-9.666288629979313,-23.798039818498584,767.6507693081808,7.523575713220653,38.934127609081074,556.6991632197817,-8.873686675432147,-28.414610977629852,895.2024552076904,7.6145505517187795,37.78703783960481
3.47,5.176852950955972,-0.0016148393255713636,14.971691873287142,0.7913685759127047,-0.016337355995488075,0.3457758842801254,420.84943250823306,-9.66629477797043,-23.798030522700664,767.6502660095653,7.523557283831195,38.93409721541919,556.6989886102377,-8.873684548518224,-28.414599806530084,895.2020775952624,7.614540898515987,37.78701310261319
3.48,5.176850062512648,-0.0016125819509148459,14.971691113576178,0.7913680406267604,-0.016337764130860008,0.3457758330171491,420.8490940808609,-9.66630784439676,-23.798019953166623,767.6497230303573,7.523532590801352,38.93406986071856,556.6987627626861,-8.873686815372261,-28.414587751363605,895.2016659142727,7.614527479613664,37.78699040013887
3.49,5.176847315351752,-0.001610408279788904,14.971690376056184,0.7913675406563464,-0.016338258170022935,0.34577577868560355,420.8487085689036,-9.666327214616743,-23.798008309610147,767.6491514594385,7.523502361034162,38.93404573477267,556.6984948502181,-8.8736930473442,-28.414575021506796,895.2012305481087,7.614510831341348,37.78696984884046
3.5,5.176844733931189,-0.001608314674858182,14.97168965985062,0.7913670802629952,-0.0163388297655407,0.3457757217551272,420.848285807043,-9.666352191864846,-23.79799580170768,767.64856227611,7.523467383857785,38.934024958507976,556.6981942054134,-8.873702771512004,-28.414561827851166,895.2007816518806,7.614491515405608,37.78695152273208
3.5100000000000002,5.176842338577155,-0.0016062973642459587,14.971688964126907,0.7913666627768001,-0.016339469432831825,0.34577566273760774,420.84783572676133,-9.666382015574849,-23.797982644473212,767.6479661491264,7.523428492169693,38.934007585945864,556.6978701360167,-8.873715482316523,-28.414548378700967,895.2003289765061,7.614470106744542,37.786935454397394
3.52,5.176840145351185,-0.0016043524874284677,14.971688288097974,0.7913662905910553,-0.01634016680438158,0.3457756021743195,420.84736816262057,-9.666415879759304,-23.7979690538231,767.6473732541551,7.523386543941357,38.93399360730313,556.6975317528251,-8.873730653069178,-28.414534875979918,895.1998817116147,7.6144471819090676,37.78692163690423
3.5300000000000002,5.176838166005741,-0.0016024761410403448,14.971687631023194,0.791365965174881,-0.01634091088520557,0.345775540623288,420.84689267250263,-9.666452951095472,-23.797955242401752,767.6467931119201,7.523342404406219,38.93398295310014,556.6971878122445,-8.873747747123629,-28.414521511798863,895.199448348977,7.614423308153484,37.78691002633779
3.54,5.176836408023663,-0.00160066442365421,14.971686992208694,0.7913656871024352,-0.016341690304616747,0.3457754786471079,420.84641837435674,-9.666492386392445,-23.797941415731884,767.6462344488211,7.523296929226985,38.933975499136366,556.6968465755435,-8.873766228522207,-28.414508465425694,895.1990365677715,7.614399033398445,37.78690054486576
3.5500000000000003,5.176834874735101,-0.00159891347871772,14.971686371007086,0.7913654560970917,-0.016342493559713435,0.3457754168014207,420.84595380146555,-9.666533349152184,-23.79792776873886,767.645705081214,7.523250948894333,38.93397107218298,556.6965156863455,-8.873785571952396,-28.41449590068711,895.1986531423654,7.6143748771942406,37.786893084242024
3.56,5.176833565505093,-0.001597219534941728,14.971685766816645,0.7913652710887923,-0.01634330924643816,0.34577535562423234,420.84550677785006,-9.666575024964763,-23.79791448269354,767.6452118240848,7.523205254577114,38.93396945624171,556.696202067527,-8.873805271868541,-28.414483963825248,895.1983038729617,7.6143513227940325,37.78688750965605
3.5700000000000003,5.176832475983592,-0.0015955789434182479,14.971685179079948,0.7913651302826483,-0.016344126274544634,0.345775295626225,420.8450843148749,-9.66661663552265,-23.797901722603342,767.6447604243006,7.523160585598266,38.933970399215255,556.6959118381814,-8.873824850662682,-28.414472781818553,895.1979935389215,7.614328810412518,37.78688366383346
3.58,5.176831598409384,-0.0015939882110372467,14.971684607282079,0.7913650312367861,-0.016344934063340033,0.3457752372821889,420.844692529692,-9.666657451075034,-23.7978896350732,767.644355518165,7.5231176186714155,38.933973619837715,556.6956502509456,-8.873843865790764,-28.414462461170263,895.197725874191,7.614307731721171,37.78688137129486
3.59,5.176830921958819,-0.001592444029684598,14.971684050948397,0.791364970947384,-0.016345722715627606,0.3457751810236707,420.8443365857028,-9.666696801183816,-23.79787834664775,767.644000612565,7.523076958991515,38.933978814718806,556.6954216495546,-8.87386191578754,-28.41445308715704,895.1975035638974,7.614288425605132,37.78688044268368
3.6,5.17683043312995,-0.0015909433009099062,14.971683509641965,0.7913649459388493,-0.01634648316785041,0.3457751272329066,420.8440206547589,-9.66673408368679,-23.797867962634736,767.6436980885851,7.523039133230713,38.93398566536124,556.6952294461151,-8.873878645129285,-28.41444472352242,895.1973282608094,7.614271175179321,37.78688067907791
3.61,5.1768301161527415,-0.0015894831558416736,14.971682982960667,0.7913649523571217,-0.016347207315016155,0.34577507623807807,420.84374790048275,-9.66676877180811,-23.79785856640333,767.643449226132,7.523004584454207,38.93399384502172,556.6950761172945,-8.8738937479248,-28.414437412593866,895.1972006201111,7.614256206041114,37.786881876206515
3.62,5.176829953415971,-0.0015880609703325006,14.971682470534144,0.7913649860641552,-0.01634788810955503,0.34577502830990214,420.8435204816688,-9.666800419400657,-23.797850219139605,767.6432542477763,7.522973668930066,38.93400302529577,556.6949632182553,-8.87390697044249,-28.414431175793265,895.1971203506433,7.614243685711452,37.786883828497984
3.63,5.176829925901896,-0.0015866743751338417,14.971681972020525,0.7913650427317428,-0.016348519633816304,0.34577498365954035,420.8433395744581,-9.66682866433649,-23.79784296003608,767.6431123798068,7.522946654776874,38.93401288232052,556.694891412966,-8.873918112498991,-28.41442601450762,895.1970862806463,7.614233724201613,37.786886332897296
3.64,5.1768300136200045,-0.0015853212613675528,14.971681487103087,0.7913651179329702,-0.016349097146435395,0.34577494243778567,420.84320541167637,-9.666853230098749,-23.797836806884238,767.6430219282462,7.522923722358021,38.934023102502266,556.6948605192698,-8.87392702775619,-28.414421911280765,895.1970964358043,7.614226375620758,37.78688919239432
3.65,5.1768301960319,-0.0015839997813319512,14.971681015486874,0.791365207229742,-0.01634961710329225,0.3457749047354663,420.8431173375248,-9.666873925656516,-23.797831757034373,767.6429803674896,7.522904966307975,38.93403338769184,556.6948695669249,-8.873933622991048,-28.41441883128352,895.197148127393,7.614221640730001,37.7868922192172
3.66,5.176830452459852,-0.0015827083450161057,14.971680556895356,0.7913653062549979,-0.016350077154227684,0.3457748705849829,420.8430738756069,-9.666890643734439,-23.797827788680706,767.6429844390766,7.522890399048466,38.934043459744565,556.694916866702,-8.87393785641738,-28.414416724017308,895.1972380482065,7.614219470333583,37.78689523765245
3.67,5.176830762472591,-0.0015814456124886116,14.971680111067142,0.7913654107884202,-0.0163504761170794,0.3457748399628818,420.8430728081887,-9.666903357608557,-23.79782486242867,767.6430302581282,7.522879955636941,38.934053064418755,556.6950000885606,-8.873939735150104,-28.41441552520586,895.1973623739997,7.614219769391473,37.78689808646376
3.68,5.176831106242371,-0.0015802104826976421,14.97167967775286,0.7913655168246351,-0.01635081393094063,0.34577481279334865,420.8431112644633,-9.666912116583493,-23.797822923095797,767.6431134249426,7.522873499770988,38.934061974580324,556.6951163468333,-8.873939311916324,-28.414415158826024,895.1975168681811,7.614222401729764,37.78690062088942
3.69,5.176831464868607,-0.0015790020790020312,14.971679256712191,0.7913656206331103,-0.016351091590826698,0.34577478895250147,420.8431858156063,-9.666917040317525,-23.797821901698924,767.643229139328,7.522870830763861,38.93406999269761,556.6952622904028,-8.873936681120686,-28.414415539232504,895.1976969875924,7.614227195222645,37.78690271420869
3.7,5.176831820664111,-0.001577819731898665,14.971678847711122,0.791365718809158,-0.01635131106615812,0.3457747682733487,420.84329257438293,-9.666918312176254,-23.79782171757779,767.6433723153525,7.52287169129906,38.93407695262423,556.6954341958598,-8.873931974380689,-28.414416573330758,895.1978979873444,7.6142339473201375,37.78690425887544
3.71,5.176832157400875,-0.0015766629595112551,14.971678450519457,0.7913658083156553,-0.01635147520563111,0.34577475055127693,420.8434272971463,-9.666916171800821,-23.797822280607033,767.6435376943092,7.522875775767989,38.93408272068095,556.6956280617106,-8.873925355648849,-28.41441816275368,895.1981150227834,7.614242430794671,37.786905167224894
3.72,5.176832460513436,-0.001575531446274567,14.971678064908607,0.7913658865152927,-0.016351587631148686,0.34577473554992955,420.84358548614574,-9.666910907080716,-23.797823493449084,767.6437199538825,7.52288273899765,38.93408719606113,556.6958397017988,-8.87391701603979,-28.414420206001854,895.198343246883,7.614252399586407,37.78690537176837
3.73,5.176832717258639,-0.0015744250202752886,14.971677690649646,0.7913659511933453,-0.016351652623529316,0.3457747230073384,420.8437624901942,-9.66690284571997,-23.79782525380312,767.6439138117,7.52289220517921,38.93409031059406,556.6960648362591,-8.873907168476801,-28.414422600509674,895.1985779015131,7.614263594630577,37.7869048250956
3.74,5.176832916831525,-0.0015733436299127585,14.971677327511713,0.7913660005711427,-0.016351675002699594,0.34577471264217546,420.8439536018899,-9.66689234658219,-23.797827456607553,767.6441141216503,7.522903776815415,38.934092027911475,556.6962991784371,-8.873896042270847,-28.414425244602462,895.1988144012734,7.614275749559473,37.786903499412084
3.75,5.176833050437975,-0.0015722873201401623,14.971676975260698,0.7913660333105743,-0.01635166000501353,0.34577470415999517,420.844154149783,-9.666879790991011,-23.797829996158057,767.6443159616204,7.522917043517985,38.93409234207046,556.6965385164223,-8.873883877736578,-28.414428039315887,895.199048408793,7.614288596180241,37.78690138574253
3.7600000000000002,5.176833111325444,-0.0015712562089636685,14.971676633658257,0.7913660485101083,-0.016351613160230653,0.34577469725934923,420.8443595840578,-9.666865574153416,-23.797832768105938,767.6445147115286,7.522931590497938,38.93409127569297,556.6967787880062,-8.873870920944105,-28.41443089005149,895.1992759006195,7.61430186963985,37.78689849283641
3.77,5.176833094773822,-0.0015702504644126546,14.971676302461121,0.7913660456929372,-0.016351540170533238,0.3457746916376627,420.84456555452397,-9.666850096860246,-23.79783567130698,767.6447061207859,7.52294700660755,38.934088877687245,556.6970161480733,-8.873857418696506,-28.414433708047895,895.1994932230763,7.614315313201225,37.78689484581505
3.7800000000000002,5.176832998049032,-0.0015692702825752967,14.971675981420718,0.7913660247879648,-0.016351446793773407,0.34577468699677416,420.84476797992346,-9.666833757603243,-23.797838609494768,767.6448863645752,7.522962891810425,38.934085220620005,556.6972470276474,-8.873843613812438,-28.41443641165131,895.1996971376429,7.614328682563953,37.786890484600676
3.79,5.176832820322677,-0.0015683158668799435,14.971675670283057,0.7913659861044396,-0.016351338732921515,0.34577468304805303,420.844963107805,-9.666816945230527,-23.79784149275874,767.6450520885911,7.522978863974794,38.934080397811435,556.6974681840217,-8.873829740782435,-28.41443892737461,895.1998848557126,7.614341749679843,37.78688546217143
3.8000000000000003,5.1768325625612315,-0.0015673874090298262,14.971675368788887,0.791365930301109,-0.016351221533443653,0.3457746795170235,420.84514756441365,-9.666800032246403,-23.797844238810345,767.6452004421226,7.5229945649041285,38.934074520224584,556.6976767415824,-8.873816021857717,-28.414441190737623,895.2000540627033,7.61435430602142,37.78687984268457
3.81,5.176832227388801,-0.00156648507176162,14.97167507667408,0.7913658583508129,-0.016351100490074242,0.34577467614743534,420.8453183942983,-9.66678336884036,-23.797846774027303,767.6453290995725,7.523009665538871,38.93406771322019,556.6978702231754,-8.873802663615537,-28.414443146887226,895.2002029317814,7.614366165278885,37.7868736995119
3.8200000000000003,5.176831818927661,-0.0015656089736865505,14.971674793670228,0.7913657715014648,-0.016350980564176217,0.3457746727047388,420.84547308952835,-9.666767277712818,-23.79784903426993,767.6454362707458,7.523023870283252,38.9340601132472,556.6980465719928,-8.873789854037362,-28.414444750998616,895.2003301275573,7.614377165469088,37.786867113228375
3.83,5.17683134262095,-0.0015647591763546175,14.97167451950543,0.7913656712343738,-0.016350866312602307,0.3457746689789346,420.84560960863746,-9.666752049743932,-23.797850965468584,767.645520700417,7.523036920431103,38.9340518645346,556.6982041642091,-8.873777760119772,-28.41444596846487,895.2004348003567,7.614387170456316,37.786860169595464
3.84,5.176830805041851,-0.0015639356735789231,14.971674253905213,0.7913655592208536,-0.01635076182869203,0.345774664786782,420.84572638556017,-9.66673794053624,-23.797852523984893,767.6455816578449,7.52304859668107,38.93404311584662,556.698341812668,-8.87376652603178,-28.414446774882823,895.2005165717194,7.614396070890983,37.786852957575164
3.85,5.176830213693803,-0.001563138383148707,14.971673996593585,0.7913654372780335,-0.016350670695765627,0.34577465997336443,420.845822329059,-9.666725167838507,-23.797853676754908,767.645618917078,7.523058720752596,38.93403401735848,556.6984587621572,-8.873756271816081,-28.414447155850105,895.2005755119944,7.6144037845876085,37.786845567411746
3.86,5.176829576805922,-0.0015623671408250522,14.971673747294162,0.7913653073247485,-0.01635059595321307,0.3457746544130223,420.845896813223,-9.666713909846191,-23.797854401224516,767.6456327289928,7.523067156127605,38.93402471770355,556.6985546768611,-8.873747092626061,-28.41444710658736,895.2006121109212,7.6144102563692195,37.78683808881084
3.87,5.176828903127804,-0.001561621696750571,14.971673505731381,0.791365171338324,-0.01635054007502881,0.3457746480096749,420.8459496598002,-9.666704304353956,-23.79785468509154,767.645623786117,7.523073807959357,38.934015361236895,556.6986296207364,-8.87373905847777,-28.414446631404385,895.2006272421952,7.614415457414592,37.7868306092446
3.88,5.176828201727585,-0.0015609017139293765,14.971673271631706,0.7913650313130076,-0.016350504960413,0.3457746406965636,420.84598111320486,-9.666696448723034,-23.79785452587151,767.6455931813442,7.523078622202084,38.9340060855526,556.6986840316114,-8.873732214490005,-28.414445743029813,895.2006221230607,7.6144193841524155,37.78682321240622
3.89,5.176827481796759,-0.001560206768887087,14.971673044724852,0.791364889220719,-0.016350491935853764,0.3457746324354589,420.8459918091355,-9.666690400612577,-23.797853930306292,767.6455423617152,7.523081584027203,38.93399701928548,556.6987186898951,-8.873726581576813,-28.414444461824857,895.2005982699992,7.6144220567511685,37.786815976833005
3.9,5.1768267524651135,-0.0015595363542606384,14.971672824744987,0.7913647469747067,-0.016350501767921733,0.34577462321537855,420.84598273780136,-9.666686179412853,-23.797852913636515,767.6454730784403,7.52308271560076,38.93398828022108,556.6987346828256,-8.873722157550612,-28.41444281490413,895.200557451585,7.614423517258384,37.78680897471359
3.91,5.176826022628469,-0.0015588898830952902,14.971672611431867,0.791364606396606,-0.016350534685852302,0.34577461305087365,420.8459552027905,-9.666683768309092,-23.797851498760274,767.6453873343397,7.523082073303877,38.93397997372946,556.6987333651961,-8.873718918590178,-28.414440835184614,895.2005016395767,7.614423827446759,37.78680227088926
3.92,5.176825300791729,-0.001558266694699218,14.971672404531903,0.7913644691873025,-0.016350590412862957,0.3457746019799424,420.8459107766285,-9.666683116897335,-23.797849715300494,767.6452873298666,7.523079744484296,38.93397219153196,556.6987163175263,-8.873716821022393,-28.41443856038586,895.2004329592663,7.6144230664252905,37.786795922056626
3.93,5.176824594929216,-0.0015576660618722231,14.97167220379915,0.7913643369019052,-0.016350668205053147,0.34577459006163513,420.8458512540769,-9.666684144268078,-23.79784759860506,767.6451754088042,7.523075843829052,38.933965010803284,556.6986853026166,-8.873715803365045,-28.414436032003046,895.2003536400591,7.61442132807505,37.786789976173246
3.94,5.176823912363796,-0.0015570871991695946,14.971672008996167,0.79136421092904,-0.016350766896663115,0.3457745773734148,420.8457786042016,-9.666686742469455,-23.797845188702418,767.6450540046968,7.523070509451446,38.93395849360447,556.6986422214104,-8.873715788575321,-28.41443329427381,895.2002659672066,7.614418718369153,37.78678447206485
3.95,5.176823259665917,-0.0015565292720500555,14.97167181989477,0.7913640924745787,-0.016350884950424967,0.3457745640083411,420.8456949221783,-9.666690780261833,-23.797842529234757,767.6449255889673,7.5230638987831,38.93395268663665,556.6985890690183,-8.87371668645015,-28.41443039315848,895.200172235515,7.614415352633741,37.78677943922921
3.96,5.176822642573161,-0.0015559914066938455,14.971671636276662,0.7913639825498321,-0.016351020511723338,0.34577455007214053,420.8456023817699,-9.66669610707388,-23.79783966639087,767.6447926215977,7.523056184361499,38.933947621299794,556.6985278917329,-8.873718396122666,-28.414427375352105,895.2000747057713,7.614411352805162,37.78677489782719
3.97,5.176822065930619,-0.0015554727001167378,14.97167145793391,0.7913638819641445,-0.016351171465292576,0.3457745356802279,420.8455031893318,-9.666702557072526,-23.79783664785855,767.6446575051446,7.523047549599093,38.933943314036476,556.698460745776,-8.87372080860227,-28.414424287345252,895.1999755645534,7.614406844735855,37.786770858850765
3.98,5.176821533651787,-0.0015549722305274458,14.971671284669295,0.7913637913217568,-0.016351335493210634,0.34577452095473715,420.8453995401052,-9.666709953263853,-23.797833521814994,767.6445225427386,7.523038184614361,38.93393976693584,556.6983896584326,-8.873723809308675,-28.414421174547314,895.1998768879355,7.614401955594929,37.786767324452356
3.99,5.176821048699558,-0.0015544890675893413,14.971671116296518,0.7913637110227262,-0.016351510133005013,0.34577450602161847,420.84529357748727,-9.66671811154468,-23.79783033597206,767.6443899006143,7.523028282199917,38.93393696857045,556.6983165921586,-8.873727280551968,-28.414418080485547,895.1997806095444,7.614396811407131,37.786764288420365
4.0,5.176820613086338,-0.0015540222824661845,14.971670952640277,0.7913636412676293,-0.01635169283474311,0.34577449100785346,420.8451873558637,-9.666726844630935,-23.797827136691005,767.6442615756049,7.523018033996687,38.93393489503484,556.6982434121638,-8.873731103914817,-28.414415046090433,895.1996884933094,7.6143915347688935,37.78676173678251
