time_s,ay_mps2,ax_mps2,speed_mps,roll_deg,pitch_deg,yaw_rate_radps,Fz_FL,jounce_FL_mm,geometric_FL_n,Fz_FR,jounce_FR_mm,geometric_FR_n,Fz_RL,jounce_RL_mm,geometric_RL_n,Fz_RR,jounce_RR_mm,geometric_RR_n
0.0,0.0,0.0,15.0,0.0,0.0,0.0,598.5082183333004,-0.0,-0.0,598.5082183333004,-0.0,0.0,731.5100446295896,-0.0,0.0,731.5100446295896,-0.0,0.0
0.01,1.5564457453646112e-18,1.1169533421866411e-18,15.0,-7.690214185456993e-20,6.525848523229256e-18,-8.36050385059357e-22,598.5082183333004,-0.0,4.612309176578372e-17,598.5082183333004,-0.0,5.424656355314361e-17,731.5100446295896,-0.0,-7.688233257189539e-17,731.5100446295896,-0.0,-6.585622092129771e-17
0.02,2.7945401668247537e-18,4.467813361824715e-18,15.0,-3.0751118349069575e-19,2.6103394052475815e-17,-5.043696727749423e-22,598.5082183333004,-0.0,9.319550574517024e-17,598.5082183333004,-0.0,1.0754380448257996e-16,731.5100446295896,-0.0,-1.525853805282008e-16,731.5100446295896,-0.0,-1.328917258749642e-16
0.03,3.787364886569916e-18,1.0052580051914078e-17,15.0,-6.917286395933165e-19,5.873263654684105e-17,4.8812006147583005e-22,598.5082183333004,-0.0,1.410022928658992e-16,598.5082183333004,-0.0,1.6010667203859926e-16,731.5100446295896,-0.0,-2.2734251597509485e-16,731.5100446295896,-0.0,-2.008731430080021e-16
0.04,4.590457542412855e-18,1.787125340864091e-17,15.0,-1.2295008532226703e-18,1.0441357598404254e-16,1.8204979679349935e-21,598.5082183333004,-0.0,1.8938348965774226e-16,598.5082183333004,-0.0,2.1209512980413666e-16,731.5100446295896,-0.0,-3.0133522712658826e-16,731.5100446295896,-0.0,-2.696189842666843e-16
0.05,5.2462317371133864e-18,2.79238334301902e-17,15.0,-1.9208022887967836e-18,1.6314621235347598e-16,3.2936021058350794e-21,598.5082183333004,-0.0,2.382193506797466e-16,598.5082183333004,-0.0,2.6362892329008995e-16,731.5100446295896,-0.0,-3.747050706533351e-16,731.5100446295896,-0.0,-3.389876930798273e-16
0.06,5.787225241209974e-18,4.021032011597232e-17,15.0,-2.76562465103132e-18,2.349305456516965e-16,4.787303402023025e-21,598.5082183333004,-0.0,2.874197319410139e-16,598.5082183333004,-0.0,3.1479819652954665e-16,731.5100446295896,-0.0,-4.475627441788198e-16,731.5100446295896,-0.0,-4.0886857188394523e-16
0.07,6.3582419207855054e-18,5.474198465202996e-17,15.0,-3.764746177366629e-18,3.198324282737984e-16,6.12646161949084e-21,598.5082183333004,-0.0,3.40102232743519e-16,598.5082183333004,-0.0,3.69490229865551e-16,731.5100446295896,-0.0,-5.254009478983894e-16,731.5100446295896,-0.0,-4.837307598936884e-16
0.08,5.636222139898005e-19,7.098837003226585e-17,15.0,-4.9154429767792775e-18,4.147526420706159e-16,4.1533607150164445e-20,598.5082183333004,-0.0,3.70815578758057e-16,598.5082183333004,-0.0,3.653861888550552e-16,731.5100446295895,-0.0,-5.417779384888885e-16,731.5100446295895,-0.0,-5.388808986736441e-16
0.09,5.0669206891191395e-17,8.808597438061006e-17,15.0,-1.1405048400120445e-17,5.14646139742568e-16,-2.4795724069526614e-19,598.5082183333005,-0.0,2.7386715392721644e-16,598.5082183333004,-0.0,5.543804606327408e-16,731.5100446295896,-0.0,-6.860652352189374e-16,731.5100446295895,-0.0,-3.6762281545965873e-16
0.1,-1.7694217215094517e-17,1.0642733255596636e-16,15.0,-1.5070985019157307e-17,6.218063232900265e-16,2.38887268943887e-19,598.5082183333005,-0.0,4.84894295000706e-16,598.5082183333005,-0.0,3.55751603834814e-16,731.5100446295895,-0.0,-4.770310544740305e-16,731.5100446295895,-0.0,-5.942889503810344e-16
0.11,-1.3131042702842093e-17,1.2442798245970082e-16,15.0,-1.581514760457818e-17,7.269759039293434e-16,1.5874232262667306e-19,598.5082183333005,-0.0,4.652087331119828e-16,598.5082183333005,-0.0,3.6733091262922925e-16,731.5100446295896,-0.0,-4.822438727867038e-16,731.5100446295895,-0.0,-5.775479980197325e-16
0.12,-6.97138845312559e-17,1.4228248275884197e-16,15.0,-1.623654186694493e-17,8.312915991418629e-16,5.336333391040093e-19,598.5082183333004,-0.0,6.381903562487112e-16,598.5082183333005,-0.0,2.0614774131591867e-16,731.5100446295895,-0.0,-3.103563836305303e-16,731.5100446295896,-0.0,-7.662144024903258e-16
0.13,-8.086828773104357e-17,1.599820160397242e-16,15.0,-1.6486481829666212e-17,9.347018928044173e-16,5.994889828627172e-19,598.5082183333004,-0.0,6.631132431229002e-16,598.5082183333005,-0.0,1.6580643446635599e-16,731.5100446295895,-0.0,-2.6328380954591694e-16,731.5100446295896,-0.0,-7.913600011614808e-16
0.14,5.164007063460927e-17,1.777425636192951e-16,15.0,-1.295876636736934e-17,1.0384686651630417e-15,-4.1912641232032214e-19,598.5082183333005,-0.0,2.6140343378861084e-16,598.5082183333004,-0.0,5.626020374961971e-16,731.5100446295896,-0.0,-6.75125770948542e-16,731.5100446295895,-0.0,-3.725294066183395e-16
0.15,5.628690134543207e-17,1.9471946368028213e-16,15.0,-1.1106147348091976e-17,1.1376569427817951e-15,-4.7654492669653945e-19,598.5082183333005,-0.0,2.3647552636583946e-16,598.5082183333004,-0.0,5.692150144941689e-16,731.5100446295896,-0.0,-6.765062952573935e-16,731.5100446295895,-0.0,-3.4510269665848035e-16
0.16,-5.45465623927255e-17,2.1149197903160522e-16,15.0,-1.3931006816067942e-17,1.2356510938373743e-15,3.8330906752159257e-19,598.5082183333004,-0.0,5.691923610603692e-16,598.5082183333005,-0.0,2.332409741024972e-16,731.5100446295895,-0.0,-3.274308113357909e-16,731.5100446295896,-0.0,-6.895460153289184e-16
0.17,-8.455904038430028e-17,2.292021011917144e-16,15.0,-1.0796593034991143e-17,1.339123253487751e-15,5.657504835681961e-19,598.5082183333004,-0.0,6.723376974791096e-16,598.5082183333005,-0.0,1.6352528056259112e-16,731.5100446295895,-0.0,-2.5679598864319354e-16,731.5100446295896,-0.0,-8.077220879456742e-16
0.18,9.718885524769694e-17,2.4697721946505994e-16,15.0,-2.320000267175607e-18,1.4429751557590227e-15,-8.535508806384182e-19,598.5082183333005,-0.0,1.1733926933800416e-16,598.5082183333004,-0.0,7.090484634667527e-16,731.5100446295896,-0.0,-8.402173980867489e-16,731.5100446295895,-0.0,-2.4982969724140106e-16
0.19,6.10688090213023e-17,2.647745164962328e-16,15.0,-1.1307671665926056e-17,1.5469566383883524e-15,-3.992986277267316e-19,598.5082183333005,-0.0,2.6258059848690163e-16,598.5082183333005,-0.0,6.123175590846972e-16,731.5100446295896,-0.0,-6.946273878025596e-16,731.5100446295895,-0.0,-3.194739131421264e-16
0.2,-1.0519890497943736e-16,2.823424473776606e-16,15.0,-1.575408007213837e-17,1.6495980393033806e-15,8.426232306693381e-19,598.5082183333004,-0.0,7.271873110587872e-16,598.5082183333005,-0.0,7.853147389597496e-17,731.5100446295895,-0.0,-1.907035936980977e-16,731.5100446295896,-0.0,-8.622669351079623e-16
0.21,-1.174009087776139e-16,3.000664204754081e-16,15.0,-1.4092253675002777e-17,1.7531511236598469e-15,8.697718696955173e-19,598.5082183333004,-0.0,7.807768599469638e-16,598.5082183333005,-0.0,6.688973580724012e-17,731.5100446295895,-0.0,-1.5327630454706888e-16,731.5100446295896,-0.0,-9.069100459203697e-16
0.22,-7.77780787967539e-17,3.1872731030279365e-16,15.0,-1.7584616347049143e-17,1.8621781847936495e-15,6.158587371129052e-19,598.5082183333012,5.551115123125783e-14,6.764640232553175e-16,598.5082183333004,-0.0,1.9254529940307443e-16,731.5100446295895,-0.0,-2.978899990951194e-16,731.5100446295896,-0.0,-8.029073225944453e-16
0.23,2.7294596006718863e-16,3.3459771071340806e-16,15.0,-2.560785900480201e-17,1.954901690038651e-15,-1.8129808207892396e-18,598.508218333301,5.551115123125783e-14,-5.406808642825398e-16,598.508218333301,5.551115123125783e-14,1.0481197013239088e-15,731.5100446295896,-0.0,-1.2921712525267775e-15,731.5100446295895,-0.0,4.1112691687083846e-16
0.24,1.8226225739352605e-16,3.4289089487531163e-16,15.0,-5.009466043495486e-17,2.0033549795107757e-15,-9.594267784451328e-19,598.508218333301,5.551115123125783e-14,-5.501288746867564e-16,598.508218333301,5.551115123125783e-14,4.584543042706308e-16,731.5100446295896,-0.0,-9.512133409194392e-16,731.5100446295896,-0.0,1.7366879027549472e-16
0.25,1.0551473522913886e-16,3.433501132425003e-16,15.0,-7.349846142545867e-17,2.0060379828110665e-15,-3.1956111044632387e-19,598.508218333301,5.551115123125783e-14,-6.024004265657155e-16,598.508218333301,5.551115123125783e-14,-7.892663867069316e-17,731.5100446295896,-0.0,-6.706468836494265e-16,731.5100446295896,-0.0,-4.8846662637765884e-17
0.26,-1.5572574833632267e-16,3.3683076186362315e-16,15.0,-8.246358770631044e-17,1.9679483885895477e-15,1.3868122868161059e-18,598.5082183333009,5.551115123125783e-14,-4.621014759564781e-17,598.5082183333009,5.551115123125783e-14,-1.0687593526731703e-15,731.5100446295896,-0.0,2.156926779108615e-16,731.5100446295896,-0.0,-8.39597207064866e-16
0.27,-1.6704821394412385e-16,3.242222930600632e-16,15.0,-9.284067453965958e-17,1.8942828607521773e-15,1.4010703765309346e-18,598.508218333301,5.551115123125783e-14,-2.223477461670604e-16,598.5082183333002,-0.0,-1.3144822525934666e-15,731.5100446295896,-0.0,2.8854912392400973e-16,731.5100446295896,-0.0,-8.595404647860097e-16
0.28,-1.0082189082540732e-15,3.085861574432361e-16,15.0,-3.8432872129229104e-17,1.8029280577625343e-15,6.528855181265115e-18,598.5082183333003,-0.0,2.1590856820648443e-15,598.5082183333003,-0.0,-3.805784020674883e-15,731.5100446295895,-0.0,2.9510222465209818e-15,731.5100446295896,-0.0,-3.532580327970769e-15
0.29,-1.8847421735056654e-16,2.9482766656467684e-16,15.0,2.1949710421511913e-17,1.7225434758909793e-15,1.6675045536962965e-19,598.5082183333003,-0.0,-2.027664454472841e-16,598.5082183333003,-0.0,-1.1901726496732835e-15,731.5100446295895,-0.0,2.751084497300893e-16,731.5100446295896,-0.0,-1.0260449763654949e-15
0.3,-9.088100221871597e-17,2.850679210811221e-16,15.0,5.267496804366363e-17,1.6655217380570042e-15,-4.0232256513912412e-19,598.5082183333003,-0.0,-3.672723714332905e-16,598.5082183333003,-0.0,-7.617214831107885e-16,731.5100446295895,-0.0,-1.112991860516367e-16,731.5100446295896,-0.0,-7.410576296078046e-16
0.31,7.326483699228876e-17,2.7895320782312743e-16,15.0,7.355284791945632e-17,1.6297962596708295e-15,-1.3228358046815712e-18,598.5082183333003,-0.0,-7.261523113463907e-16,598.5082183333004,-0.0,-1.5179221333965417e-16,731.5100446295896,-0.0,-6.948823845443031e-16,731.5100446295896,-0.0,-2.3212509350519707e-16
0.32,-9.283512708000868e-17,2.7629446229216186e-16,15.0,9.813884148970932e-17,1.6142624231697207e-15,-2.890643000338677e-20,598.5082183333003,-0.0,-1.6571800885563878e-16,598.5082183333004,-0.0,-5.69750136094438e-16,731.5100446295895,-0.0,-2.623044706928031e-16,731.5100446295896,-0.0,-8.009039107154804e-16
0.33,7.289698913777667e-17,2.757326054316227e-16,15.0,1.164491245085046e-16,1.6109797500041278e-15,-1.0331939823148762e-18,598.5082183333004,-0.0,-6.171690390785038e-16,598.5082183333004,-0.0,-3.730039020254453e-17,731.5100446295895,-0.0,-8.600863181558958e-16,731.5100446295896,-0.0,-3.0911614731235443e-16
0.34,2.6702449894378183e-16,2.7598866210375543e-16,15.0,1.1598640279162286e-16,1.6124757722573307e-15,-2.0562696932627322e-18,598.5082183333004,-0.0,-1.1886268969182004e-15,598.5082183333004,-0.0,5.104221076262764e-16,731.5100446295895,-0.0,-1.507092955937116e-15,731.5100446295895,-0.0,3.1000936279439495e-16
0.35000000000000003,2.036591388434229e-16,2.761172373352239e-16,15.0,1.0676159251908965e-16,1.6132269786441253e-15,-1.290927649436126e-18,598.5082183333004,-0.0,-9.811232093429217e-16,598.5082183333004,-0.0,3.0291815126468113e-16,731.5100446295895,-0.0,-1.3200921481893932e-15,731.5100446295895,-0.0,1.230089372953709e-16
0.36,1.565441952278345e-16,2.7624580767225943e-16,15.0,9.7605642302591e-17,1.6139781564349825e-15,-7.865645005246031e-19,598.5082183333004,-0.0,-8.292183153851901e-16,598.5082183333004,-0.0,1.5101308017580354e-16,731.5100446295895,-0.0,-1.1754396126101032e-15,731.5100446295895,-0.0,-2.1643346380657297e-17
0.37,1.2130517656048044e-16,2.763743747950731e-16,15.0,8.849491315799488e-17,1.6147293154466085e-15,-4.567880784334299e-19,598.5082183333004,-0.0,-7.170960798064674e-16,598.5082183333004,-0.0,3.8890728780381295e-17,731.5100446295895,-0.0,-1.0627744450555777e-15,731.5100446295895,-0.0,-1.343083492289446e-16
0.38,9.479678921259014e-17,2.765029398257708e-16,15.0,7.94136181108195e-17,1.6154804622349564e-15,-2.4336595392074887e-19,598.5082183333004,-0.0,-6.335889906984572e-16,598.5082183333004,-0.0,-4.461643528097481e-17,731.5100446295895,-0.0,-9.74397012977916e-16,731.5100446295895,-0.0,-2.226856747133129e-16
0.39,7.474511928862797e-17,2.7663150351064195e-16,15.0,7.035125757549525e-17,1.6162316011602532e-15,-1.0713257730518921e-19,598.5082183333004,-0.0,-5.7077781843616e-16,598.5082183333004,-0.0,-1.074276553881121e-16,731.5100446295895,-0.0,-9.045519192334563e-16,731.5100446295895,-0.0,-2.9253070041625933e-16
0.4,5.949683936558197e-17,2.767600663435114e-16,15.0,6.130088389924904e-17,1.616982735107694e-15,-2.1815459654599342e-20,598.5082183333004,-0.0,-5.230206124648051e-16,598.5082183333004,-0.0,-1.551848913226368e-16,731.5100446295895,-0.0,-8.489126018910741e-16,731.5100446295895,-0.0,-3.481699751471617e-16
0.41000000000000003,4.784279102004417e-17,2.7688862864909217e-16,15.0,5.22579286786142e-17,1.617733865974427e-15,3.01532673166089e-20,598.5082183333004,-0.0,-4.862777894697313e-16,598.5082183333004,-0.0,-1.9192773256900505e-16,731.5100446295895,-0.0,-8.042088384109263e-16,731.5100446295895,-0.0,-3.928737126716226e-16
0.42,3.8893392086018253e-17,2.770171906392114e-16,15.0,4.3219411704824976e-17,1.6184849949980623e-15,6.047563177019595e-20,598.5082183333004,-0.0,-4.57641760933247e-16,598.5082183333004,-0.0,-2.2056377175463133e-16,731.5100446295895,-0.0,-7.67955997365838e-16,731.5100446295895,-0.0,-4.2912653857226024e-16
0.43,3.1990263088728446e-17,2.7714575245066193e-16,15.0,3.4183408430332506e-17,1.6192361229778183e-15,7.690965622429112e-20,598.5082183333004,-0.0,-4.350081246494102e-16,598.5082183333004,-0.0,-2.431974138100588e-16,731.5100446295895,-0.0,-7.382570925760441e-16,731.5100446295895,-0.0,-4.588254351541105e-16
0.44,2.664325059453234e-17,2.7727431417062165e-16,15.0,2.5148692345086343e-17,1.619987250423035e-15,8.456866847940961e-20,598.5082183333004,-0.0,-4.16845045327526e-16,598.5082183333004,-0.0,-2.6136049582177054e-16,731.5100446295895,-0.0,-7.136572022456104e-16,731.5100446295895,-0.0,-4.834253216592652e-16
0.45,1.8199083266651242e-17,2.774250646012537e-16,15.0,1.6170893607581328e-17,1.62086801637624e-15,1.1757090635160964e-19,598.5082183333004,-0.0,-3.9351593963014096e-16,598.5082183333004,-0.0,-2.9313791412683077e-16,731.5100446295895,-0.0,-7.03081410297083e-16,731.5100446295895,-0.0,-5.409964127179491e-16
0.46,4.1297509654498773e-17,2.766672874840963e-16,15.0,6.083038702487783e-18,1.6164406705828538e-15,-6.634330755476638e-20,598.5082183332999,-5.551115123125783e-14,-2.802816161295383e-16,598.5082183332999,-5.551115123125783e-14,-4.908526766973094e-17,731.5100446295887,-5.551115123125783e-14,-2.9587422639196463e-16,731.5100446295887,-5.551115123125783e-14,-3.636946784228876e-18
0.47000000000000003,3.298978305835757e-17,2.741806701688203e-16,15.0,-5.091818901360899e-18,1.6019125006747334e-15,-9.655771050976032e-21,598.5082183332999,-5.551115123125783e-14,2.79089978719076e-17,598.5082183332999,-5.551115123125783e-14,2.0044504499574223e-16,731.5100446295887,-5.551115123125783e-14,3.0408776238898507e-16,731.5100446295887,-5.551115123125783e-14,5.292866222958964e-16
0.48,2.776828954516248e-17,2.709293750190461e-16,15.0,-1.6209150117459554e-17,1.5829166672317722e-15,2.4299860630559637e-20,598.5082183333004,-0.0,2.990596972224968e-16,598.5082183333004,-0.0,4.3133207585458043e-16,731.5100446295897,-0.0,7.390848618952727e-16,731.5100446295897,-0.0,9.167825129769234e-16
0.49,2.4461360353209567e-17,2.694388471924299e-16,15.0,-2.7451614962352636e-17,1.5742081935213904e-15,4.9459704848721243e-20,598.5082183333004,-0.0,2.816217129285036e-16,598.5082183333004,-0.0,3.843520818109735e-16,731.5100446295897,-0.0,5.242336149767911e-16,731.5100446295897,-0.0,6.670250284915674e-16
0.5,-1.3168478678296032e-16,2.708297096593581e-16,15.0,-3.476045490176712e-17,1.5823343680293148e-15,1.115639324318024e-18,598.5082183333004,-0.0,8.083716600546832e-16,598.5082183333004,-0.0,-1.9585825301080586e-17,731.5100446295896,-0.0,9.263758201352483e-16,731.5100446295896,-0.0,7.034303616851539e-17
0.51,-6.147197333305105e-17,2.7399654792528285e-16,15.0,-3.2435797683467835e-17,1.600836758451938e-15,4.422217513700266e-19,598.5082183333005,-0.0,6.078317374037168e-16,598.5082183333004,-0.0,2.1630463576907784e-16,731.5100446295896,-0.0,6.841817598976908e-16,731.5100446295896,-0.0,2.5297322547518314e-16
0.52,-8.346769363477539e-17,2.7798344301996835e-16,15.0,-3.5648378612301186e-17,1.6241303665940551e-15,5.94481376994823e-19,598.5082183333005,-0.0,6.82680268673488e-16,598.5082183333005,-0.0,1.576386513567431e-16,731.5100446295896,-0.0,7.009340490403137e-16,731.5100446295896,-0.0,1.2690317129713251e-16
0.53,-3.547882634638921e-17,2.833047788098166e-16,15.0,-3.318381392658494e-17,1.6552205025864905e-15,1.6638053545764358e-19,598.5082183333005,-0.0,5.66390868836625e-16,598.5082183333005,-0.0,3.3702217146185166e-16,731.5100446295896,-0.0,5.078300742339431e-16,731.5100446295896,-0.0,2.2941831871919227e-16
0.54,5.036933490859386e-17,2.891942360843557e-16,15.0,-3.412766707235947e-17,1.6896299130838277e-15,-4.550628845872647e-19,598.5082183333005,-0.0,2.79061792815449e-16,598.5082183333004,-0.0,5.601810201164521e-16,731.5100446295896,-0.0,1.5690046064960177e-16,731.5100446295896,-0.0,4.1754225827678696e-16
0.55,-6.801626100515899e-17,2.9543474806193987e-16,15.0,-3.4190270462739664e-17,1.7260903759652819e-15,3.8403814115936537e-19,598.5082183333005,-0.0,6.54533837882524e-16,598.5082183333005,-0.0,2.3150966495635474e-16,731.5100446295896,-0.0,5.646695931800519e-16,731.5100446295896,-0.0,7.898512373136755e-17
0.56,9.941193381806094e-17,3.0212848058957356e-16,15.0,-3.9816432858666513e-17,1.765198799639304e-15,-7.209663834221753e-19,598.5082183333005,-0.0,1.7139542074205618e-16,598.5082183333005,-0.0,7.30558752227941e-16,731.5100446295896,-0.0,-2.684301312191144e-17,731.5100446295896,-0.0,5.464500309944828e-16
0.5700000000000001,-1.9094424743904376e-16,3.095678090298261e-16,15.0,-3.2845943293697076e-17,1.808663399888942e-15,1.2181946212384846e-18,598.5082183333004,-0.0,9.928165902352386e-16,598.5082183333005,-0.0,-1.5669419199277856e-16,731.5100446295896,-0.0,8.270973913161165e-16,731.5100446295896,-0.0,-4.3601453413067383e-16
0.58,-3.7650617466062654e-16,3.1720377401887606e-16,15.0,-1.8215412709701776e-17,1.8532768577346106e-15,2.382602094728998e-18,598.5082183333011,5.551115123125783e-14,1.4878316022141946e-15,598.5082183333004,-0.0,-7.378530875207479e-16,731.5100446295896,-0.0,1.3645632413661673e-15,731.5100446295896,-0.0,-1.0678956504457007e-15
0.59,1.915189301269063e-16,3.227613264670299e-16,15.0,-2.4908649847107064e-19,1.8857470998358184e-15,-1.7747246351570718e-18,598.508218333301,5.551115123125783e-14,-3.6056228989144566e-16,598.508218333301,5.551115123125783e-14,8.183123781844449e-16,731.5100446295896,-0.0,-3.948038488764057e-16,731.5100446295896,-0.0,7.628604404150255e-16
0.6,1.5728209623527377e-16,3.2185857397146415e-16,15.0,-1.2123029020960465e-17,1.880472729083235e-15,-1.2362557218043307e-18,598.508218333301,5.551115123125783e-14,-5.521754348960829e-16,598.508218333301,5.551115123125783e-14,3.839367407966009e-16,731.5100446295896,-0.0,-2.7213857863331705e-16,731.5100446295896,-0.0,6.901847882868826e-16
0.61,-2.073437074431206e-16,3.1486457302836697e-16,15.0,-2.8484781215357177e-18,1.8396099741210424e-15,1.2768928924288811e-18,598.5082183333004,-0.0,4.368726188676285e-16,598.5082183333004,-0.0,-7.798012133186194e-16,731.5100446295896,-0.0,8.521153688412996e-16,731.5100446295896,-0.0,-4.818043751872545e-16
0.62,-1.5981759723443418e-16,3.0917568694605927e-16,15.0,1.875655962896349e-17,1.8063724095452755e-15,7.635704228889103e-19,598.5082183333004,-0.0,3.2809137548964e-16,598.5082183333004,-0.0,-5.706501346376842e-16,731.5100446295896,-0.0,6.274695940436246e-16,731.5100446295896,-0.0,-3.9989740984318626e-16
0.63,-1.2426208080515881e-16,3.0572071080644e-16,15.0,4.016195167455733e-17,1.786186561052815e-15,4.2903411529604096e-19,598.5082183333004,-0.0,2.5962523437186483e-16,598.5082183333004,-0.0,-4.0181422100623936e-16,731.5100446295896,-0.0,4.3498086595168467e-16,731.5100446295896,-0.0,-3.501474019104278e-16
0.64,-9.749781400077365e-17,3.044996434601046e-16,15.0,6.138386905163109e-17,1.7790524219282154e-15,2.1372122300319938e-19,598.5082183333004,-0.0,2.2014895434131118e-16,598.5082183333004,-0.0,-2.6196821033299887e-16,731.5100446295896,-0.0,2.669112586698015e-16,731.5100446295896,-0.0,-3.2481645524180916e-16
0.65,-8.595987610836846e-17,3.0548995853677816e-16,15.0,8.18753396730553e-17,1.784838380872561e-15,1.4981710640217904e-19,598.5082183333004,-0.0,2.2914785291383986e-16,598.5082183333004,-0.0,-1.689803791747022e-16,731.5100446295896,-0.0,1.443731639733854e-16,731.5100446295896,-0.0,-3.4576098934478765e-16
0.66,4.230394193549192e-16,3.084196346038759e-16,15.0,9.522534541620829e-17,1.8019551408247555e-15,-3.3715259662024784e-18,598.5082183333003,-0.0,-1.2957818401060148e-15,598.5082183333011,5.551115123125783e-14,1.3347639787674659e-15,731.5100446295896,-0.0,-1.5190058856888992e-15,731.5100446295896,-0.0,1.2287016321075042e-15
0.67,6.851896439799386e-16,3.110418268489235e-16,15.0,4.1456237800325416e-17,1.8172754131617066e-15,-4.305537514648055e-18,598.5082183333004,-0.0,-1.9973412598460345e-15,598.5082183333004,-0.0,2.0554898860529524e-15,731.5100446295896,-0.0,-2.4135732253717224e-15,731.5100446295896,-0.0,2.029592936895901e-15
0.68,5.707486489177258e-16,3.157421735884278e-16,15.0,-2.3005804994405177e-17,1.844737393595563e-15,-2.8380571091319237e-18,598.5082183333004,-0.0,-1.5425349733114434e-15,598.5082183333004,-0.0,1.7117903417578717e-15,731.5100446295896,-0.0,-2.1250411322812683e-15,731.5100446295895,-0.0,1.5914827560201998e-15
0.6900000000000001,-5.271340282648411e-16,3.2084983098748574e-16,15.0,-5.0837755708380035e-17,1.8745791042882853e-15,4.817086565535758e-18,598.5082183333011,5.551115123125783e-14,1.6517466118792125e-15,598.5082183333003,-0.0,-1.6303885146134717e-15,731.5100446295896,-0.0,1.363703053998221e-15,731.5100446295896,-0.0,-1.896716238260943e-15
0.7000000000000001,-7.218755010201379e-16,3.2176809116403635e-16,15.0,3.645068395759423e-18,1.879944079342079e-15,5.000128149840237e-18,598.5082183333009,5.551115123125783e-14,1.8947723019816705e-15,598.508218333301,5.551115123125783e-14,-2.3803675022832704e-15,731.5100446295896,-0.0,2.095659614161623e-15,731.5100446295896,-0.0,-2.4685454669302833e-15
0.71,3.3167670755462876e-16,3.163711108172481e-16,15.0,3.323684068888096e-17,1.8484119867328778e-15,-2.8564628566544484e-18,598.5082183333003,-0.0,-1.4050199445569372e-15,598.508218333301,5.551115123125783e-14,6.459151699219335e-16,731.5100446295896,-0.0,-1.230904020111452e-15,731.5100446295896,-0.0,8.409690367107387e-16
0.72,3.405280926469156e-16,3.101940997328504e-16,15.0,-5.535127350927008e-18,1.8123225305840897e-15,-2.2250382862655416e-18,598.5082183333004,-0.0,-1.3606941580857299e-15,598.5082183333003,-0.0,6.413053216780687e-16,731.5100446295896,-0.0,-1.3683584900381273e-15,731.5100446295896,-0.0,7.938876499610403e-16
0.73,2.4893611959548694e-16,3.0679094893707134e-16,15.0,-3.7612067388760265e-17,1.7924394739189976e-15,-1.256771784691837e-18,598.5082183333004,-0.0,-1.0012258637867791e-15,598.5082183333004,-0.0,3.978252894673876e-16,731.5100446295896,-0.0,-1.1605750925962707e-15,731.5100446295896,-0.0,4.211540322552821e-16
0.74,1.0172557545838483e-16,3.0540368920711084e-16,15.0,-6.621456229075888e-17,1.7843343485586355e-15,-9.633962048790189e-20,598.5082183333004,-0.0,-5.073474006866377e-16,598.5082183333004,-0.0,-1.8866918480630646e-17,731.5100446295896,-0.0,-7.351070750428728e-16,731.5100446295895,-0.0,-1.0488626036906148e-16
0.75,2.518085658229447e-16,3.057699737107809e-16,15.0,-9.876087848805144e-17,1.7864743817158644e-15,-1.0640731054147102e-18,598.5082183333004,-0.0,-9.061900368923075e-16,598.5082183333004,-0.0,4.3772845424603135e-16,731.5100446295896,-0.0,-1.2607290814909507e-15,731.5100446295895,-0.0,2.853980526201678e-16
0.76,-5.413952271815593e-16,3.062338073925681e-16,15.0,-1.0243402234602086e-16,1.789184350192604e-15,4.2030527885279465e-18,598.5082183333004,-0.0,1.3684381078986266e-15,598.5082183333004,-0.0,-1.9709238997156387e-15,731.5100446295895,-0.0,1.2580455224456238e-15,731.5100446295896,-0.0,-2.2464929313571427e-15
0.77,-2.5536624303750993e-16,3.07170979537068e-16,15.0,-8.479719282333328e-17,1.794659819242389e-15,1.726578068810438e-18,598.5082183333004,-0.0,5.79972928487346e-16,598.5082183333004,-0.0,-1.0003228869215978e-15,731.5100446295895,-0.0,3.6977078797547506e-16,731.5100446295896,-0.0,-1.3619281103187138e-15
0.78,-9.442179414450034e-17,3.1005028643327327e-16,15.0,-8.941335742152898e-17,1.81148229512105e-15,6.028556046466098e-19,598.5082183333011,5.551115123125783e-14,1.310274039893472e-16,598.5082183333003,-0.0,-4.986694810157834e-16,731.5100446295895,-0.0,-1.6873558497028143e-16,731.5100446295896,-0.0,-8.88551223316298e-16
0.79,-7.819608288300171e-16,3.112689603420569e-16,15.0,-3.634015038125111e-17,1.8186024504825663e-15,4.753534723317461e-18,598.5082183333003,-0.0,2.0340688898573232e-15,598.5082183333004,-0.0,-2.567377954249425e-15,731.5100446295895,-0.0,2.0206134925279183e-15,731.5100446295896,-0.0,-3.053747584644349e-15
0.8,-4.09137377040219e-16,3.1330689820674465e-16,15.0,2.645881874742177e-17,1.830509191169397e-15,1.6106794719508145e-18,598.5082183333004,-0.0,9.290949931761206e-16,598.5082183333004,-0.0,-1.3548077196049466e-15,731.5100446295895,-0.0,7.617074833208832e-16,731.5100446295896,-0.0,-1.939427417040448e-15
0.81,6.7730246047107e-16,3.1564603610783414e-16,15.0,4.328295780533825e-17,1.8441757061802845e-15,-5.785331429704961e-18,598.5082183333003,-0.0,-2.3882027541983595e-15,598.508218333301,5.551115123125783e-14,1.7697487842822753e-15,731.5100446295896,-0.0,-2.669724141574072e-15,731.5100446295895,-0.0,1.5409555979139852e-15
0.8200000000000001,3.147040791569509e-16,3.1663055486653354e-16,15.0,1.7503792568044335e-19,1.84992779988455e-15,-2.2017208038545293e-18,598.5082183332999,-5.551115123125783e-14,-1.1521286101035071e-15,598.5082183332999,-5.551115123125783e-14,7.136467102144504e-16,731.5100446295887,-5.551115123125783e-14,-1.4850080039421628e-15,731.5100446295886,-5.551115123125783e-14,5.064080879393604e-16
0.8300000000000001,-9.106397663476012e-17,3.1747006470415837e-16,15.0,-2.0937450407451786e-17,1.8548326726551308e-15,9.800026557676625e-19,598.5082183333005,-0.0,1.4847500912776353e-16,598.5082183332997,-5.551115123125783e-14,-4.454474325929037e-16,731.5100446295887,-5.551115123125783e-14,6.902624311392966e-17,731.5100446295887,-5.551115123125783e-14,-4.894348009118577e-16
0.84,-3.6871078754098585e-16,3.150143202240711e-16,15.0,1.2197364038835522e-17,1.8404848786305097e-15,2.411025653756499e-18,598.5082183332999,-5.551115123125783e-14,1.1465795653792e-15,598.5082183332999,-5.551115123125783e-14,-1.016548016034872e-15,731.5100446295887,-5.551115123125783e-14,1.5333020405479401e-15,731.5100446295888,-5.551115123125783e-14,-7.990430670265502e-16
0.85,-1.834864769805628e-16,3.1154727040901353e-16,15.0,4.596481198809624e-17,1.8202284891637284e-15,7.913389995727026e-19,598.5082183333004,-0.0,7.832676996732313e-16,598.5082183333004,-0.0,-2.2009478767604993e-16,731.5100446295897,-0.0,1.250258474216545e-15,731.5100446295897,-0.0,9.265226531708877e-17
0.86,-1.175068406342978e-16,3.0986565107755864e-16,15.0,7.513303295482295e-17,1.8104035550180232e-15,2.2746784762110854e-19,598.5082183333004,-0.0,5.686890123040026e-16,598.5082183333004,-0.0,-8.542546408644672e-18,731.5100446295896,-0.0,9.10777407657569e-16,731.5100446295897,-0.0,1.955872263404358e-16
0.87,3.427381402420593e-16,3.095997160325524e-16,15.0,6.766445309252044e-17,1.808849817941297e-15,-2.6013163837238638e-18,598.5082183333004,-0.0,-7.345146098546662e-16,598.5082183333004,-0.0,1.375178597641383e-15,731.5100446295897,-0.0,-6.129008961354565e-16,731.5100446295896,-0.0,1.6176028642927806e-15
0.88,1.936881913382203e-16,3.1158870627744604e-16,15.0,5.294639172467459e-17,1.8204705800287682e-15,-1.1897203503491733e-18,598.5082183333004,-0.0,-2.248391116134035e-16,598.5082183333004,-0.0,9.516985442846118e-16,731.5100446295896,-0.0,-2.2592920521846965e-16,731.5100446295896,-0.0,1.088164891953969e-15
0.89,3.2335289155280376e-16,3.1485520722974427e-16,15.0,4.16440839434146e-17,1.8395552540348917e-15,-1.9801895492139406e-18,598.5082183333004,-0.0,-5.998317959606273e-16,598.5082183333011,5.551115123125783e-14,1.3259166574694745e-15,731.5100446295897,-0.0,-6.44786801911408e-16,731.5100446295896,-0.0,1.4873200216946216e-15
0.9,5.950101242170307e-16,3.1636752180910137e-16,15.0,-2.733652136684421e-17,1.8483910177965496e-15,-3.095622783555245e-18,598.5082183333012,5.551115123125783e-14,-1.4733260183599575e-15,598.5082183333003,-0.0,1.9300175821601207e-15,731.5100446295897,-0.0,-1.5697840176167566e-15,731.5100446295896,-0.0,2.2837642255166505e-15
0.91,-4.438963002353264e-16,3.154970639192174e-16,15.0,-3.435485975836836e-17,1.8433053296834617e-15,3.86586984094471e-18,598.5082183333011,5.551115123125783e-14,1.4874438983358337e-15,598.5082183333003,-0.0,-1.25039464591787e-15,731.5100446295896,-0.0,1.7002801668269386e-15,731.5100446295896,-0.0,-1.0576066412643684e-15
0.92,-5.10554277748368e-16,3.160252614481321e-16,15.0,-1.6541983847961143e-18,1.8463913467388326e-15,3.632891987842443e-18,598.5082183333004,-0.0,1.7379832637402429e-15,598.5082183333004,-0.0,-1.298836466836415e-15,731.5100446295896,-0.0,1.8269806222005944e-15,731.5100446295896,-0.0,-1.3947539421591907e-15
0.93,4.592118820556252e-16,3.184159809927935e-16,15.0,1.1125635402837693e-17,1.8603592297476618e-15,-3.456006170929884e-18,598.5082183333003,-0.0,-1.213197505711617e-15,598.5082183333011,5.551115123125783e-14,1.5468149720423142e-15,731.5100446295896,-0.0,-1.2597374313204083e-15,731.5100446295896,-0.0,1.6253189328814205e-15
0.9400000000000001,-8.381302969781692e-17,3.1933442768546534e-16,15.0,-2.555614382846141e-17,1.865725294530013e-15,9.369517976793128e-19,598.5082183333011,5.551115123125783e-14,3.924780663061447e-16,598.5082183333003,-0.0,-1.6033017014889323e-16,731.5100446295896,-0.0,4.200329018566018e-16,731.5100446295896,-0.0,-1.0101565175836935e-16
0.9500000000000001,-5.492243605843001e-16,3.179210392071372e-16,15.0,3.4510172952662296e-17,1.8574675108199166e-15,3.278401879516026e-18,598.5082183333003,-0.0,1.5540874541580878e-15,598.5082183333011,5.551115123125783e-14,-1.6202964999245805e-15,731.5100446295896,-0.0,1.927253948865844e-15,731.5100446295896,-0.0,-1.5676323841265576e-15
0.96,3.9821948174178426e-16,3.13559142154407e-16,15.0,4.229763509069682e-17,1.831982937413912e-15,-3.289851656883683e-18,598.5082183333004,-0.0,-1.3367768931198782e-15,598.5082183333004,-0.0,1.112628655175988e-15,731.5100446295896,-0.0,-1.0879488502943272e-15,731.5100446295896,-0.0,1.4211641480191137e-15
0.97,3.741066026704478e-16,3.106918997267411e-16,15.0,1.0996193717715252e-17,1.815230948717864e-15,-2.510444419077369e-18,598.5082183333004,-0.0,-1.1060749282133527e-15,598.5082183333004,-0.0,1.1133205329258453e-15,731.5100446295896,-0.0,-1.1281864291337875e-15,731.5100446295896,-0.0,1.2624976563484093e-15
0.98,2.913065558283445e-16,3.1095163685385646e-16,15.0,-2.3263188479887805e-17,1.8167484741895145e-15,-1.531110907125064e-18,598.5082183333004,-0.0,-7.760812954388506e-16,598.5082183333004,-0.0,8.836962112370362e-16,731.5100446295896,-0.0,-9.399738767016805e-16,731.5100446295896,-0.0,9.315470399670213e-16
0.99,-3.4532251644149894e-17,3.133221648790703e-16,15.0,-5.5364902211249884e-17,1.8305983873670254e-15,9.632886461170217e-19,598.5082183333011,5.551115123125783e-14,2.2552541760144e-16,598.5082183333003,-0.0,-9.661784460413838e-17,731.5100446295896,-0.0,4.27775818637558e-17,731.5100446295896,-0.0,-1.6031775738323946e-16
1.0,6.276187303120377e-08,5.940617154272511e-08,14.999997645526479,-3.7806148127901046e-09,3.4708154372458914e-07,7.712369363703588e-11,598.5087732685687,6.8439525713337446e-06,3.269008377033039e-06,598.5087672694348,6.761828652557256e-06,3.5844391111546975e-06,731.5097643882874,-2.543548149880337e-06,-2.4570836613139986e-06,731.5097571548127,-2.6223200277897263e-06,-1.999119464051964e-06
1.01,-5.2528528654015606e-05,0.3333053162960497,15.001673397894168,1.7524925857326105e-06,-0.0001646291681770793,-1.2542659503354265e-08,598.1264583830274,-0.003249377359237915,-0.0023356474875206525,598.130707446662,-0.003211309070605406,-0.0026053149752690535,738.0951095347544,0.0012033231477359685,6.393937842669848,738.1003606845541,0.0012398376286748558,6.393558208894356
1.02,-0.000161864569421943,0.6664509145892016,15.006672373969822,1.2220799858030346e-05,-0.0012714491293434726,-2.4538979336777106e-07,596.8992212800947,-0.02516116375544941,-0.009094289112902422,596.9158108094615,-0.024895699045346387,-0.009895155839958454,745.1021214569182,0.009226948351648279,12.791035639412474,745.1218720522212,0.009481577767478377,12.7898445220642
1.03,-0.00027749392763706224,0.9992954354315556,15.015001410514516,3.6013537904665595e-05,-0.004153382061347919,-8.201421400600773e-07,594.720218751257,-0.08244087973618974,-0.019811300216273867,594.75611850184,-0.08165858041958574,-0.0211245039974207,752.5705639396294,0.029891389041247773,19.190631037465593,752.6119836101919,0.030641757773508527,19.18855034402289
1.04,-0.0003695573215282776,1.3317163577484181,15.02665686863075,7.4283408772049e-05,-0.009513284896210391,-1.7185196500235033e-06,591.5176998932302,-0.18947437028793424,-0.03386268924496958,591.5781550354433,-0.18786075877819108,-0.035516373384255694,760.5145430942615,0.06781805987532419,25.59206574369772,760.5824331095837,0.0693658096908023,25.589238855769324
1.05,-0.0004229034570750589,1.6636097888919548,15.04163397725586,0.00012566686876162132,-0.017914748380138228,-2.8572725356466764e-06,587.2518049477877,-0.3581607030109235,-0.05052499584145857,587.3400038744757,-0.355430921192057,-0.052281583836069755,768.9249311801722,0.1263479791667188,31.99469850486505,769.0216427595077,0.12896634131953633,31.991391715380583
1.06,-0.00043260501961905163,1.9948909253088374,15.05992702120221,0.00018708020189496343,-0.029778335043977876,-4.132792118030785e-06,581.9125719629659,-0.5978340193630305,-0.0690210029337042,582.0295308917316,-0.5937701949451091,-0.07063500794168118,777.7715485992325,0.20751852961375938,38.397913970719095,777.8970648270442,0.2114164836473087,38.39444432097738
1.07,-0.00040065250114588725,2.325495026384524,15.08152953661932,0.0002543943586760566,-0.045382447539378465,-5.445551041747608e-06,575.5173426117879,-0.9152598947297363,-0.08856113657967031,575.6619692762296,-0.9097338486199202,-0.08981574144020625,787.0059535728524,0.3120908643904907,44.80113372513639,787.1581066005929,0.31739135759789594,44.79781703932918
1.08,-0.0003334592665229731,2.655378568624461,15.106434517394415,0.00032300184429266834,-0.06486838999067593,-6.711476584551412e-06,568.1076950925087,-1.3146995342899759,-0.10838006456978148,568.2769934602751,-1.3076831739022854,-0.109108199214301,796.564695616598,0.43962280979287227,51.2038281378169,796.7394873853492,0.4463527881238827,51.20094309160867
1.09,-0.00023995379326476466,2.984520220760288,15.13463463249401,0.00038828215615198906,-0.08824909509898414,-7.865218444357028e-06,559.7460326232458,-1.7980338105867966,-0.12776780750867325,559.9354112906178,-1.7895994127580805,-0.12786188504624688,806.3728818121831,0.588581004689559,57.60552800725733,806.5648757457597,0.5966711413823989,57.60329325493642
1.1,-0.00013012062864365962,3.3129213114766967,15.166122450767489,0.00044596993953963007,-0.11542092336438937,-8.85884064844434e-06,550.5119530539808,-2.3649382186307633,-0.14609473537050716,550.7156018472219,-2.3552507152015956,-0.1455081931276169,816.347904106164,0.7564851539115791,64.00583514309345,816.5506564424171,0.7657772490375359,64.00439717761408
1.11,-1.3901903707162246e-05,3.6406055365507113,15.200890666796152,0.0004924301569323086,-0.14617789819784574,-9.658420870439348e-06,540.4985190633419,-3.0130992512537036,-0.16283002855883483,540.7098213173895,-3.002402537047366,-0.1615731266773828,826.4031810002525,0.9400766959801188,70.40443115632833,826.6096831011971,0.9503368096066,70.40386090543612
1.12,9.960037038060589e-05,3.967617754790538,15.238932319336215,0.000524845873140164,-0.18022772133705217,-1.0240222942557163e-05,529.8085397552422,-3.738462449045632,-0.17755346452939175,530.0204915216349,-3.727061610317828,-0.1756852901092293,836.4517773685185,1.135503911653013,76.80108384349859,836.6548840166655,1.1464394100246245,76.8013801647601
1.1300000000000001,0.00020266603047625986,4.294021835354959,15.280240992962222,0.0005413259481235092,-0.2172089156150179,-1.058745371391236e-05,518.5509636650684,-4.535502423832494,-0.18996070121377318,518.7565754632186,-4.523743626947629,-0.1875789350351317,846.409780884625,1.3385155260829396,83.19565069368002,846.60260385057,1.349794372074553,83.19674902489848
1.1400000000000001,0.0002892802458866777,4.619897627523033,15.324810993695063,0.0005409415311875023,-0.25670846489383536,-1.0688100278991254e-05,506.83747066200243,-5.39750546034451,-0.1998625318347575,507.0301320735445,-5.385755047348118,-0.19709221503539634,856.1993316862422,1.5446551654862972,89.58807922251974,856.3755824288851,1.555925969788985,89.58986373702469
1.1500000000000001,0.00035534504454653304,4.94533724312583,15.372635667050146,0.0005237014973632551,-0.29827935925153093,-1.0534023318599028e-05,494.77972639945807,-6.316855788759956,-0.20717683463663208,494.9535139413145,-6.305479906336398,-0.2041587649714318,865.7510331547651,1.7494495734104443,95.97840186317994,865.9052972339656,1.7603611341024394,95.98072015848511
1.16,0.00044862892275703643,4.937170243426131,15.4220411616358,0.0004887287560576094,-0.34129336864133664,-1.0139138669573043e-05,482.86787542053196,-7.282033837938739,-0.21016354560825107,483.01356510350763,-7.271417680456027,-0.20681049076615995,868.430244277753,1.947428370257187,95.97241338991097,868.5530065506364,1.9576112151896141,95.97547465391337
1.17,0.0005733845913093639,4.929038519114247,15.471372046590464,0.00043074234431087773,-0.3845176040271284,-9.399092797449088e-06,471.67029817451373,-8.269005808098917,-0.20757616336179247,471.7759617188344,-8.25964927514622,-0.203797157644251,870.3691169922829,2.129282673506483,95.96155069403457,870.4480862644714,2.1382573071550004,95.96559983848124
1.18,0.0006818424672177722,4.921240510852804,15.520623048855363,0.0003473680760696171,-0.42667663576655146,-8.195135096055772e-06,461.3908253003475,-9.252252575396136,-0.20019588491759216,461.4469143253185,-9.244707127488262,-0.19612672876979986,871.5043889850245,2.2860404311916827,95.94687339001854,871.5305996517353,2.293277901633861,95.95178255568518
1.19,0.000747702719468967,4.914034694734256,15.5697988364595,0.00024013242687265116,-0.4666513102659555,-6.473383649805984e-06,452.1899052846025,-10.208677982463943,-0.18885359920127526,452.18989457676406,-10.203461910557488,-0.1847455242839313,871.8117585693108,2.41053501751487,95.92945156491078,871.7799093261691,2.4155381885271887,95.93488739050767
1.2,0.0007596306994004591,4.907628812867415,15.618906415554344,0.00011337129714580594,-0.5034971214437445,-4.233451064053043e-06,444.1861402218571,-11.117968133647793,-0.17436517202643212,444.1268344704532,-11.115505535713389,-0.17051000391758336,871.303018597083,2.4975422161777616,95.91033387619993,871.211519613021,2.49990429991076,95.9158774123034
1.21,0.000716473359587071,4.902173882329947,15.667954589068088,-2.6725312097640235e-05,-0.5364554931527498,-1.5250029434495284e-06,437.45739208183056,-11.962845122035827,-0.15749447109156248,437.3389553074782,-11.963425633650715,-0.1541754298739315,870.0228118596444,2.5438310282219767,95.8905204519629,869.8735952443623,2.5432742109587347,95.89574987105901
1.22,0.0006237828044055495,4.897762855277732,15.716953379097596,-0.00017294926737828633,-0.5649582388948557,1.5551678110252524e-06,432.0428608221617,-12.729216055959114,-0.13893298935799211,431.8686149264754,-12.732972740934766,-0.13639331520497883,868.0444775646007,2.5481346596931687,95.87093623916705,867.8426138724697,2.5445313087981702,95.8754808578073
1.23,0.000491242442674243,4.894433291063668,15.76591345661966,-0.00031779212106519987,-0.5886257434634028,4.869323269866908e-06,427.94597602819715,-13.406223241158477,-0.11929432608946804,427.7220185387337,-13.413126074226456,-0.11771854336217169,865.4652146134738,2.5110506015674217,95.85240703660577,865.2183843737573,2.5044295167879205,95.85597911398723
1.24,0.0003307202375148696,4.892173152347727,15.814845614350352,-0.0004540410986552666,-0.6072595518833883,8.249329545686951e-06,425.13794393429276,-13.986203788100282,-0.09911319813466705,424.8726358018031,-13.996066081921942,-0.09861761736903629,862.4007879113437,2.434880111696569,95.83564003892198,862.1186586029706,2.4254203604798796,95.83804939988153
1.25,0.00015481951411870507,4.890928725402387,15.863760309032356,-0.0005752499705995564,-0.6208301559959509,1.1510973895269766e-05,423.5617753177878,-14.464568803263521,-0.07885331357306209,423.2651484200975,-14.477063861191796,-0.07948330755737085,858.979996777135,2.3234183511232076,95.8212103653109,858.673554321445,2.3114332955593286,95.8223663296471
1.26,-2.4202593471348097e-05,4.8906136742821085,15.912667289388464,-0.0006760844712446826,-0.6294608381339553,1.4470381755514796e-05,423.1366355119668,-14.839613678692022,-0.05891654250809149,422.8197657579711,-14.854298948017707,-0.060648956884174855,855.3391106814005,2.181706925867055,95.80955342191146,855.0199898804453,2.167621055289337,95.80945772789626
1.27,-0.00019522052560653688,4.891118343191982,15.961575316532468,-0.0007525463426845389,-0.6334084669468039,1.696040616930329e-05,423.76236038375924,-15.112271841258462,-0.03965191245021471,423.4367467814501,-15.128617930838416,-0.042401404155366584,851.6164608102889,2.0157606835068953,95.80096315147651,851.2963125466163,2.000081781256713,95.79969701767546
1.28,-0.00034878394591668485,4.892318590268322,16.010491975576628,-0.0008020846553456487,-0.6330421447217057,1.8844906958909814e-05,425.3239950424523,-15.28582468791001,-0.021362835933219488,425.0009782835677,-15.303246802416126,-0.024991192396086357,847.9473545921594,1.8322803483860062,95.79559569127002,847.6372796939856,1.8155693405944584,95.79330359754356
1.29,-0.00047745942621246675,4.894083637389832,16.059423570999396,-0.000823607073210729,-0.6288205816620455,2.0029264962238572e-05,427.6962271008241,-15.365580358519482,-0.004311789419555206,427.38647372697534,-15.383469976883891,-0.008639399408231056,844.4594562607527,1.6383619952832773,95.79347767513977,844.1695275083889,1.621202565423585,95.79034989329124
1.3,-0.0005760005297814831,4.896282626083091,16.108375094217863,-0.0008174067399578613,-0.621269024147555,2.0466146832617937e-05,430.7476036281252,-15.35853353717631,0.011277637492542052,430.46067424470897,-15.376288503261614,0.0064589594609085095,841.2687503819161,1.4412135051972697,95.79451823188981,841.0076358754297,1.4241832316052583,95.79077361606772
1.31,-0.0006413714334213864,4.898789756312722,16.157350249666685,-0.0007850222477894449,-0.610956494968372,2.0156291113408812e-05,434.3444397021041,-15.273017686230627,0.025220880238744067,434.08845246929434,-15.290069258821982,0.020134516995891704,838.476177815071,1.2478870650904916,95.79852365225597,838.250871382061,1.2315314750538375,95.79439373217159
1.32,-0.0006726472071285593,4.901488037313629,16.20635152524843,-0.0007290486998191695,-0.5984740180434498,1.9144780338684144e-05,438.3543459163683,-15.11836006948264,0.037373963069603514,438.1357400184067,-15.134195869611954,0.03224535829975903,836.1650055830837,1.0650355128852818,95.80521371634143,835.9806634444503,1.0498460719449154,95.80092874241632
1.33,-0.0006708139042030098,4.904271789373914,16.25538029389739,-0.0006529173275764869,-0.5844144024148475,1.7513786101392527e-05,442.6493216257221,-14.904548676877683,0.04763560405979414,442.4727198174468,-14.91873084947376,0.04268010915696816,834.3989643398183,0.8986989366810971,95.81423877749667,834.2588420570335,0.8850956282726585,95.81001605718826
1.34,-0.0006384924814157639,4.90704810109296,16.304436934752122,-0.0005606597095604768,-0.5693540545096398,1.537306482415357e-05,447.1083794930379,-14.641918786572727,0.05594901863571187,446.97654424710265,-14.654097041731873,0.05136136158196567,833.221160284617,0.7541264600643971,95.82519686275897,833.1266401172293,0.7424452765444345,95.82123150195477
1.35,-0.0005796111909486552,4.909737472035744,16.35352096463479,-0.0004566706244875236,-0.5538371777748482,1.2849535618686079e-05,451.6196845085448,-14.340865451237528,0.062302737790995405,451.53355874965337,-14.35078495509562,0.05824859875902238,832.6537431676935,0.63563663003946,95.8376502431206,832.604439295361,0.6261220038897286,95.83410825663084
1.36,-0.0004990507288436339,4.912273863566198,16.402631172822158,-0.00034548122439817996,-0.5383626085558976,1.007712673228227e-05,456.0822066626048,-14.011586728547854,0.06672998221785723,456.04102752727124,-14.019091067510592,0.06333997413553824,832.6982890918105,0.5465183159380493,95.8511411169507,832.6922165550087,0.5393202765248128,95.84815478227019
1.37,-0.0004022847838198424,4.914604350663591,16.451765754185832,-0.00023155174831325674,-0.5233734299069562,7.187799438306526e-06,460.4069005511972,-13.663861039134584,0.06930637828765444,460.4083729688443,-13.668890681546642,0.06667253477805699,833.336836698165,0.4889725700283343,95.86520620934624,833.3706292126473,0.48414821914327666,95.86287148975777
1.3800000000000001,-0.0002950357865443785,4.916688524786636,16.500922437500222,-0.00011909058238140039,-0.509249403890637,4.304321674307134e-06,464.51743717302827,-13.306860669541065,0.07014602950455598,464.5579532252242,-13.309447496801074,0.06832072016002462,834.5334984877425,0.4640945337029967,95.87939020082018,834.6026603179571,0.46161329122912376,95.87776604014375
1.3900000000000001,-0.00018296194957234484,4.9184977514967985,16.550098606985255,-1.1904218578499174e-05,-0.49630217038979574,1.5350340602130656e-06,468.35052293225124,-12.949002176147973,0.06939614321306767,468.4254128042925,-12.949260754262005,0.06839318474360613,836.236555821212,0.471893233098597,95.89325795412664,836.3357335019772,0.47164520919329433,95.89236723202649
1.4000000000000001,-7.13874586270483e-05,4.920014343881312,16.59929141596918,8.671936433991124e-05,-0.4847730785683577,-1.0294235943241645e-06,471.85584810652676,-12.597833313834517,0.06723026665918752,471.9596488934312,-12.595949631326043,0.06702788902281273,838.3809366804679,0.5113460254585478,95.90640541184322,838.5041974242293,0.513152822966656,95.90623733703713
1.41,3.4915109382378264e-05,4.921230678758294,16.648497891988256,0.00017409313923287157,-0.4748334474342207,-3.3176587010642216e-06,474.99571403404855,-12.259955128383682,0.06384195347697445,475.1224435710919,-12.256173543035043,0.06438720590582601,840.8909703737631,0.5804835569901412,95.91846951498552,841.0320753549875,0.5841107919163924,95.91898321192244
1.42,0.0001318909541716916,4.922148259755269,16.697715032785812,0.0002481800321145768,-0.466586995539844,-5.277671114417886e-06,477.74438730460264,-11.940977026544953,0.059436462756253305,477.88781155416814,-11.935586147345745,0.0606506508374397,843.6833108082069,0.6765003913296597,95.92913647625706,843.8359731867097,0.6816712346432441,95.93026553076508
1.43,0.00021630990381270806,4.922776719928596,16.746939892647852,0.0003076104884980412,-0.46007413709467115,-6.875973398530204e-06,480.087236220925,-11.645501973368278,0.0542236271215638,480.2411202802595,-11.63882016059653,0.05600833420459194,846.6699229704341,0.7958859747212998,95.93814852295318,846.8280422301152,0.8022950604411605,95.93980619480963
1.44,0.0002858215524371165,4.923132755169637,16.796169658424372,0.00035167154869336224,-0.45527781293911607,-8.09604131748208e-06,482.01970042143756,-11.377138467280501,0.048411051064794104,482.17803500757014,-11.369499569698405,0.05065436650171829,849.7610325539915,0.934570322970063,95.94530898759908,849.9188985973736,0.9418974288141202,95.94739381828178
1.45,0.0003389619801265564,4.9232389857793235,16.845401714523835,0.0003802711192870375,-0.452130509392766,-8.936379456849664e-06,483.5461440751306,-11.138535601914635,0.04219804852265643,483.70334121717366,-11.130275469959038,0.04478066947435805,852.8679469893202,1.0880787388265478,95.95048552278797,853.0204093046628,1.0960017225390972,95.95288705912688
1.46,0.00037511824077988553,4.923122754119897,16.89463369619219,0.0003938816352846648,-0.45052211519410557,-9.408418360298387e-06,484.67863984304796,-10.931437331054394,0.03577056228686692,484.82969340422284,-10.92288155377663,0.03857149670979833,855.9056670820643,1.2516899853433627,95.95361131850274,856.0482661304569,1.259896547222028,95.95621568519637
1.47,0.0003944580237900575,4.922814878137173,16.943863530526567,0.00039346759653672957,-0.45030827550076835,-9.534387155345992e-06,485.4357266027129,-10.756751997942182,0.02929718493039574,485.5763350964803,-10.748205214037633,0.03219884764595047,858.7952211928568,1.4205926325058238,95.9546842593505,858.924280899382,1.4287905680877566,95.95737933953986
1.48,0.0003978325107269067,4.922348391164186,16.99308946492654,0.0003804015564709373,-0.45131892082652364,-9.345244581236994e-06,485.84117897672235,-10.614633258223261,0.022926322809243962,485.9678298725507,-10.6063702920286,0.02581887909355449,861.4656678907984,1.5900347377824087,95.95376404495893,861.5783497185781,1.597960440050783,95.95644406650985
1.49,0.0003866605929344541,4.921757305869641,17.042310083030664,0.00035637306134911,-0.4533666762670831,-8.87870682556753e-06,485.92282119218515,-10.504568700877792,0.016784476634171763,486.0328374769868,-10.496827676484966,0.019569345479527437,863.855727685599,1.7554625892663989,95.95096739181642,863.9500481840379,1.7628876534799276,95.95353676474866
1.5,0.0003628023448540087,4.921075443446068,17.091524308584255,0.00032329480644726044,-0.45625489069097164,-8.177383408942248e-06,485.7114119549205,-10.425472736215136,0.01097555692670677,485.8029630866924,-10.418450230159582,0.013568037171584465,865.9150192269104,1.9126449036558912,95.94646152780923,865.98983414325,1.919380776811197,95.94883783147166
1.51,0.0003284290291831897,4.920335367909993,17.140731398093106,0.000283209915366396,-0.4597850649585708,-7.287020270041418e-06,485.2396210715038,-10.375780656168065,0.005581111640418241,485.31170160339553,-10.369628864285218,0.007912137616445783,867.604889739125,2.0577796003274362,95.94045627178987,867.659848742157,2.06368029866405,95.94257234460679
1.52,0.00028589602282026776,4.919567460168772,17.189930923493176,0.00023820378491009133,-0.4637635008964906,-6.254848254684871e-06,484.5411126973081,-10.353541161233771,0.0006613163404756767,484.5934927448744,-10.34836698049052,0.002678385256355848,868.8988429864778,2.1875810374143434,95.93319505245499,868.934319759227,2.192544027106891,95.93500018831693
1.53,0.00023762398237453248,4.918799158251368,17.23912274637383,0.00019032339623977897,-0.4680070369698396,-5.128040949335948e-06,483.64974451228716,-10.356505072183609,-0.0037434363733028415,483.68289687591795,-10.352370935275912,-0.0020760952587676315,869.7825803620593,2.299346367700128,95.9249452593806,869.7995832727463,2.303311764325855,95.92640555971482
1.54,0.00018599239962643292,4.918054380025839,17.288306985506647,0.00014150639936156206,-0.47234778074840345,-3.952294112356776e-06,482.5988869851835,-10.382208385529168,-0.0076105136864480765,482.613896125369,-10.379134635921217,-0.006312437549962399,870.2536814717346,2.3910004252259975,95.91598833291043,870.2537502356946,2.3939487156662276,95.91708629983468
1.55,0.0001332485085767868,4.917353134108078,17.337483979541908,9.352165829753004e-05,-0.4766367908974661,-2.7705466012513087e-06,481.4208623080409,-10.428048273302792,-0.010932743819935989,481.41932051424374,-10.426016831731166,-0.010008298126693047,870.320959628181,2.4611192647795987,95.90660998977458,870.3060533433878,2.463067790368756,95.90734347227915
1.56,8.143336283906441e-05,4.916711314644955,17.38665424674099,4.792232360491102e-05,-0.48074670127475383,-1.6218675164490081e-06,480.1464986610886,-10.491351055207875,-0.01371598538527401,480.13039467475306,-10.49031010550905,-0.013155877171226061,870.0035348490028,2.508933126431523,95.8970909506393,869.9759165484415,2.509931588387526,95.89747157222494
1.57,3.232585661324667e-05,4.916140667111195,17.435818443525413,6.011900684429678e-06,-0.48457331573295187,-5.405352102441725e-07,478.8047922643768,-10.569431571820441,-0.0159766890542507,478.776397339317,-10.569300983772623,-0.015759817418603793,869.3296722086885,2.5343101704597415,95.88769848817422,869.2917946548055,2.5344354283831083,95.88774969138862
1.58,-1.259541273740957e-05,4.915648905746622,17.484977323460317,-3.1176772414481295e-05,-0.4880362335954472,4.446691952535356e-07,477.4226672402985,-10.659643750758397,-0.01773952709290605,477.38442318139175,-10.660320959510084,-0.017835058870302935,868.3354367418021,2.5377228127824725,95.87867905881882,868.289833627652,2.537073245204302,95.87843390120102
1.59,-5.217341804546651e-05,4.9152399589984395,17.53413169807317,-6.289021689241206e-05,-0.4910785919106194,1.3109385484468837e-06,476.0248214450006,-10.759422475505042,-0.01903529670004987,475.97923459442234,-10.760788549753709,-0.019404861459872892,867.0632175888841,2.5201988797889374,95.87025221101439,867.0124036447897,2.5188885636728275,95.86975103786824
1.6,-8.557870788963963e-05,4.91491431724049,17.58328240066012,-8.865167371807695e-05,-0.4936660311463958,2.041678352911779e-06,474.6336457889166,-10.866317133170988,-0.01989891502290817,474.583190259393,-10.868242785960103,-0.02049882452062636,865.5601737936859,2.483260090457906,95.86260582544799,865.5065565638748,2.4814130357417863,95.86189393250643
1.61,-0.00011230156757306966,4.914669456815908,17.632430253972416,-0.00010824846575998348,-0.49578500585628665,2.6265112632095556e-06,473.2692037616143,-10.978017430321286,-0.020367748133272266,473.2162365026817,-10.980368755284465,-0.02115115271002109,863.8766525612023,2.428850562640472,95.85589286732348,863.8224578611258,2.426595210124727,95.85501825160546
1.62,-0.00013213302191052327,4.914500315660802,17.68157604242104,-0.0001217109349070928,-0.4974405710813133,3.0610623378706947e-06,471.94925840153775,-11.092372223880599,-0.020480215478085213,471.8959479418912,-11.095015973940747,-0.021399126616961243,862.0646273980357,2.3592581319407113,95.85022953574713,862.0118397095232,2.356722290046298,95.84924081240662
1.6300000000000001,-0.0001451368359379967,4.914399797916398,17.730720489200213,-0.00012928468252952817,-0.498653779132301,3.3465475616383474e-06,470.6893345926368,-11.207402218788742,-0.020274669448541234,470.6376045745123,-11.210210481863548,-0.021281790654841266,860.1761993735604,2.277031271711749,95.84569475908872,860.1265177203592,2.2743376316195496,95.84463930436722
1.6400000000000001,-0.00015161483585451017,4.9143592875806155,17.779864238517778,-0.00013139790829056117,-0.4994588203351696,3.489196556622925e-06,469.50280567966075,-11.321307438905526,-0.019788542286287826,469.454293614835,-11.324161604159944,-0.02083886466927243,858.2621994834112,2.184894319020525,95.8423309163917,858.2170086781691,2.182156650307132,95.84125327875037
1.6500000000000001,-0.00015206778994667308,4.91436915401473,17.829007842934534,-0.00012862562856394275,-0.4999000358547392,3.499545780932664e-06,468.4009948040377,-11.432470387482741,-0.019057738441845884,468.3570258584372,-11.435264334357488,-0.02010987137321102,856.3709241744021,2.085663553730077,95.84014562756906,856.3312807585221,2.0829836455032447,95.83908623235575
1.6600000000000001,-0.00014715392199042527,4.914419234755874,17.878151755656212,-0.00012165247184258572,-0.5000289214738244,3.3916413818127124e-06,467.39328295921234,-11.539455784366105,-0.018116243862190247,467.3548580317279,-11.54209826347885,-0.019133464339682694,854.5470297172042,1.9821664571840203,95.83911443193534,854.5136614405693,1.979631834361617,95.83810859005371
1.67,-0.0001376469061329949,4.914499283463516,17.927296327488577,-0.00011123560646232243,-0.4999012288885478,3.1821912896415058e-06,466.48721745747804,-11.64100770578208,-0.01699591962798436,466.45501437017685,-11.643423914576957,-0.017946936100362677,852.830604515523,1.877166205320191,95.8391841636344,852.803921830936,1.8748486172924794,95.83826138190628
1.68,-0.00012439493326183053,4.914599372929786,17.976441808054815,-9.816916882782126e-05,-0.49957425641479414,2.8897043800538076e-06,465.68861620325754,-11.73604486630092,-0.01572644551915024,465.6630024709156,-11.738177252040183,-0.016585882642496007,851.2564318316751,1.7732931408236396,95.84027683260732,851.2365496109869,1.7712477912370517,95.83946041294664
1.69,-0.00010828216225843056,4.914710244972168,18.025588350783515,-8.325134163658688e-05,-0.4991044047161095,2.533651007281898e-06,465.0016648043695,-11.823654678644491,-0.014335379073297733,464.9827202024647,-11.82546302630072,-0.015083998969436057,849.8534489832618,1.6729846326336006,95.84229382908704,849.8402164955431,1.6712500950857856,95.84160073519367
1.7,-9.019359098447179e-05,4.914823600809533,18.074736021102648,-6.725499455152411e-05,-0.4985450559715139,2.1336744199920434e-06,464.4290050599143,-11.903086612451762,-0.012848297133302787,464.4165520586404,-11.904547494879791,-0.013472980098760764,848.6444029967345,1.5784343809333024,95.84512028592016,848.6374401167352,1.577033126359484,95.84456124981936
1.71,-7.098411325258974e-05,4.914932327313526,18.123884807219675,-5.090255661990391e-05,-0.4979448174722806,1.7088770165438806e-06,463.97181469065964,-11.97374525450623,-0.011288989404279665,463.96545476153693,-11.9748509368095,-0.011782502642082925,847.6456971378977,1.4915518731984378,95.84862945382123,847.6444347656392,1.4904913207851034,95.84820929003409
1.72,-5.145227818831642e-05,4.915030656417553,18.173034632831456,-3.4845551315615985e-05,-0.4973461535798399,1.2771995465381597e-06,463.62987928897553,-12.035183356120472,-0.009679676840532028,463.62903311058085,-12.03594025548843,-0.010040263697218487,846.8674177966059,1.4139323525826364,95.85268696755811,846.8711405543582,1.4132063470663758,95.85240505978729
1.73,-3.231904286547666e-05,4.915114256999646,18.222185371090262,-1.9649000474866234e-05,-0.4967844138291166,8.549056076926461e-07,463.401658336823,-12.087095043435248,-0.00804123148853126,463.40560801574435,-12.087521850208116,-0.008272055973514181,846.3135269740425,1.346837333325801,95.85715490397345,846.3214163921266,1.3464279472375495,95.85700582772739
1.74,-1.421161067735156e-05,4.915180260721458,18.271336859156264,-5.780699757502866e-06,-0.4962872501756746,4.561784073071239e-07,463.2843477614717,-12.12930926742578,-0.006393378497288014,463.29227933117045,-12.129434833201891,-0.0065018606843048376,845.9822021684597,1.2911853971032672,95.86189555408846,845.9933787627415,1.291064956460919,95.86186979846491
1.75,2.3477208030873098e-06,4.915227225536065,18.3204889126927,6.3948092346861395e-06,-0.4958744033238292,9.283195072973311e-08,463.2739418712055,-12.161783485590883,-0.004754863741689831,463.2849865221453,-12.161644580394537,-0.00475194117863356,845.866302817777,1.2475527359395167,95.86677485489876,845.8798656861865,1.2476859715359612,95.86685960762112
1.76,1.694792226343008e-05,4.91525504275956,18.369641339708185,1.661789311852179e-05,-0.49555782700627804,-2.2586539294771166e-07,463.3652976359262,-12.184597498811733,-0.003143583750156906,463.3785703522478,-12.184236532326032,-0.003042932486715144,845.9539406053009,1.2161826766057815,95.8716654136838,845.9690034156741,1.2165289097654797,95.87184537538889
1.77,2.9291178439967325e-05,4.9152647955961735,18.41879395321965,2.4731547359222367e-05,-0.4953421101921997,-4.932604581590522e-07,463.55220421123886,-12.197947315953028,-0.0015766560782220678,463.56683873128793,-12.19741010825992,-0.0013939021447603986,846.2291299831072,1.1970032318812107,95.87644914096781,846.244852479324,1.1975185127297006,95.87670733752225
1.78,3.919077932140953e-05,4.915258578669972,18.467946582297053,3.067571010447053e-05,-0.49522515056623195,-7.052861554897795e-07,463.82746029468836,-12.202138885828163,-7.043823355203747e-05,463.842639562071,-12.201472561658877,0.00017761228937311586,846.6724949218155,1.1896515776285699,95.88101943774413,846.6881093283148,1.1902907048930156,95.88133800237887
1.79,4.6565519574539736e-05,4.915239289315837,18.517099081152836,3.447875222432531e-05,-0.495199028253029,-8.603445503997393e-07,464.182961467519,-12.197581520720036,0.0013595042735177522,464.19794298834887,-12.19683258855364,0.0016555924867024565,847.2620083749622,1.1935042519722883,95.88528292425461,847.276840324336,1.1942226154789126,95.88564382562554
1.8,5.1490432909150134e-05,4.915210556910296,18.566249512518997,3.624674342316117e-05,-0.4952510243399396,-9.591824614688612e-07,464.610192194525,-12.184780790204297,0.0027002100110149856,464.6243232336606,-12.1839934545232,0.0030275557553675852,847.9735557750046,1.2077117987276398,95.88915895902788,847.9870335926207,1.208466998258495,95.8895451095391
1.81,9.73371257240677e-05,4.582008939244194,18.61372817523948,3.438521026248284e-05,-0.49520001782221496,-1.0272890764167956e-06,465.48460285381475,-12.161019328614076,0.005494127213359651,465.49300507625543,-12.160272428324737,0.006029456026378409,842.2083015026002,1.2300931616719413,89.4989187490683,842.2146606973913,1.23080957623517,89.49964277259933
1.82,0.00019132352502162616,4.249223825245992,18.657883938943172,2.208542258101344e-05,-0.4942561904276313,-9.533159682708659e-07,467.26501185278477,-12.111403298304847,0.011140561362230883,467.2589725724615,-12.110923568481036,0.012080784898105547,836.1179339920955,1.2541815865270145,83.10561249777253,836.1073638322845,1.254641735541684,83.10703712434699
1.83,0.00029310396502234016,3.9169706183657986,18.69871442837146,-5.165812408557053e-06,-0.4915709397419522,-5.795773672247076e-07,470.0493307326766,-12.019742852654336,0.019396810625382566,470.02142077340545,-12.019855062201879,0.020746588365701018,829.6416196651853,1.2732177369573217,76.70985492333995,829.6065167268455,1.2731101073912843,76.71203481384497
1.84,0.0003770183969410943,3.5853316801651447,18.736225402720528,-4.831246634444314e-05,-0.4864252301755404,1.8283724618229476e-07,473.90010775966726,-11.872260388361921,0.029971521276164093,473.8448407029395,-11.873309811708644,0.03161406135765077,822.7435108860794,1.2815351879233994,70.3122466511639,822.6788864982803,1.2805285981826176,70.3150469616257
1.85,0.0004287804177197977,3.254354951243671,18.770423273080105,-0.00010563669138024372,-0.4782389598187426,1.35187479267502e-06,478.8474378526842,-11.657740840827325,0.0425446686577309,478.7616185519786,-11.660035439963634,0.04429737997016085,815.4107086329857,1.27466296905282,63.91335798655791,815.3143046254397,1.272462027024135,63.916544116240296
1.86,0.0004426106479104344,2.924054925386965,18.801314760782656,-0.00017358888549269904,-0.46657524814101065,2.8802098515853e-06,484.89104949065995,-11.367603137132697,0.056775953999251866,484.7738724364562,-11.371373773737147,0.05843286260659807,807.6512216303288,1.24936964686162,57.51371866928015,807.5234041133242,1.245752913792031,57.51702107470351
1.87,0.00041889149040671004,2.594416071292282,18.828906578277127,-0.00024752653851257625,-0.4511399175063388,4.667264306024426e-06,492.0030008647557,-10.995895713767966,0.07231033881851885,491.85594490405225,-11.001272409618846,0.07367353826983973,799.491341135867,1.2036534405902022,51.11380810117779,799.334822219838,1.1984962017128065,51.11696681664621
1.8800000000000001,0.00036223611624923847,2.265398006087248,18.85320515359937,-0.0003223492195186907,-0.43177667324925606,6.5757719039054435e-06,500.1308544852426,-10.539223103679996,0.08878228974920488,499.9574218318099,-10.546225093182315,0.08968415422838599,790.9725914892853,1.1366850302971798,44.71404690080317,790.7920290905122,1.1299688362847449,44.7168397649097
1.8900000000000001,0.000279900547602725,1.9369416644123678,18.874216412185287,-0.00039302123129385697,-0.40845856621870463,8.450705186045826e-06,509.2011988496843,-9.996611884765638,0.10582006787790137,509.0065451827268,-10.005149019591375,0.1061375794333985,782.1484127977358,1.048710560173971,38.314790403161226,781.9499361118759,1.0405218798309468,38.317048538938586
1.9000000000000001,0.00018049062141762534,1.608975739172369,18.89194562230208,-0.00045497873574531974,-0.38127637646671686,1.0138229204622477e-05,519.1233888308237,-9.369325228953562,0.1230509478076023,518.9138879766775,-9.379208225597345,0.12271325843437189,773.0807240371628,0.9409228647281331,31.916324477995826,772.8714274466581,0.9314432557024355,31.917938169694043
1.9100000000000001,7.293086042314503e-05,1.281422774356791,18.906397303605832,-0.0005044235281977669,-0.35042458565534673,1.1502520544819266e-05,529.7933829753093,-8.660635864337351,0.14010777325346602,529.576164753143,-8.671592932844696,0.13909802045148564,763.8365029710064,0.8153091455492811,25.518863837262444,763.6239447856233,0.8047993043279189,25.519781533173582
1.92,-3.43287041739352e-05,0.9542044413225589,18.917575192864728,-0.0005385104524743289,-0.31618561077298757,1.2438764415884114e-05,541.0975653520519,-7.875567484708023,0.15663680857661655,540.880059218804,-7.8872650287399875,0.15498919329832364,754.4845043976145,0.6744832347947982,19.122552825096538,754.2762396188831,0.6632631415396384,19.122775560280967
1.93,-0.00013388769722593434,0.627245701975013,18.925482257053837,-0.0005554392921100081,-0.27891295537977007,1.2881317008931767e-05,552.916451365932,-7.0206145421967125,0.1723064868360174,552.7059620528379,-7.032679855872526,0.17009965959832254,745.092221085614,0.5215102353426371,12.727468530274972,744.8953899737568,0.5099373834495657,12.727041618806563
1.94,-0.00021977226753118923,0.30047773236521275,18.930120741922455,-0.0005544646551991887,-0.23901389969432202,1.2806760410651656e-05,565.1281904584378,-6.1034499772963935,0.18681642020832803,564.9315252982979,-6.1154941577099,0.18416425819095805,735.7231730644812,0.35973076611872656,6.333625935128147,735.5441601809564,0.34817818490578967,6.3326293532968165
1.95,-0.0002879672899700761,-0.02616101608493903,18.93150244946489,-0.0005358397887911158,-0.1969323018969655,1.2232725412487189e-05,577.6096091014498,-5.132629872432625,0.19989407636469403,577.4327966550114,-5.144269512689759,0.19693321721202495,726.4356684605165,0.19259128903581502,-0.05900616155001514,726.2798743328472,0.18142673613613658,-0.060469988687209084
1.96,-0.0003786461152178789,-0.019504568787017205,18.93127470074868,-0.0004989190000313907,-0.15329882407484904,1.1205854742879055e-05,589.865436722221,-4.120615427561591,0.2093984737889189,589.7177380875362,-4.131453090825854,0.20606626888710725,723.8573825201662,0.02468539831973482,-0.05735146863332208,723.7342826512727,0.014290088658053257,-0.05947265690293204
1.97,-0.0004980551921200268,-0.013079489389720821,18.931112007580236,-0.0004385442622257682,-0.10935595152992703,9.595089935680978e-06,601.3152122210562,-3.092283936777407,0.2132403466330799,601.2087208770255,-3.1018101392175645,0.20945513529529236,721.86631529394,-0.13526213054626535,-0.05226921667493801,721.7883475307034,-0.14439950839700844,-0.05528963853312751
1.98,-0.0006057841186072747,-0.006961206673663947,18.931012086872325,-0.0003523659240684301,-0.06639858525258995,7.321922413728113e-06,611.7520812597826,-2.073935029475227,0.2115039823283224,611.6964563629178,-2.081589246562987,0.20740189067168205,720.5352495701333,-0.27853237069669357,-0.044428367639653,720.5113741768251,-0.2858741707604806,-0.048313331180669015
1.99,-0.0006773557891511874,-0.001211685703345049,18.930971553738626,-0.00024200143761069184,-0.025569875974589287,4.464355930782113e-06,621.0133237877307,-1.0892910203221806,0.20449734247496465,621.0151176295946,-1.0945478640516093,0.20033811973188542,719.9025204493524,-0.39793437903595796,-0.03449726454310862,719.9378948637723,-0.40297665771515945,-0.0390379025942522
2.0,-0.0007007252239927882,0.004112124776784096,18.930986434139907,-0.00011194929364894021,0.0121574824853769,1.1970661899190568e-06,628.9800936576739,-0.15914460771271344,0.1927190903244857,629.0424308864275,-0.16157641139741274,0.18881165807861336,719.9732942127331,-0.4879584731246611,-0.02313152440778726,720.0692581861289,-0.4902910195161425,-0.028023231568053208
2.0100000000000002,-0.0006731782570104302,0.008953637130701103,18.931052188716713,3.139572401391138e-05,0.04599383780833267,-2.2606690770837844e-06,635.5762465052412,0.6988986658870155,0.1768184317111921,635.698802421193,0.699580655133869,0.17346533993771096,720.7218846332656,-0.5448586893859186,-0.010962126139745221,720.8761968680159,-0.5442045364348891,-0.015864072883955804
2.02,-0.0005986277793318181,0.013255455523110079,18.931163707846512,0.00018061744655563264,0.07533849074783795,-5.685496231278354e-06,640.7661793900663,1.4705708372856896,0.15755150498251436,640.9454022359154,1.4744942725117838,0.15501071257468196,722.095041807692,-0.5666618741015927,0.001415838098874047,722.3023096587638,-0.5628985790888108,-0.0031635071599166718
2.0300000000000002,-0.0004853311375104278,0.016961089617603713,18.93131531006304,0.0003280286257714234,0.099779383869956,-8.877722780661992e-06,644.5518422928577,2.144991358840165,0.13573941677775084,644.7813624831983,2.1521169065161216,0.134201069330451,724.0160184266988,-0.5531090706246133,0.013453859453170552,724.26826347093,-0.5462743616292953,0.009490304322375872
2.04,-0.00034400075690326425,0.020018678602971983,18.931500768460864,0.0004662874520408335,0.11908716575325042,-1.1677173362391063e-05,646.9690780054478,2.714624937650789,0.1122237392255148,647.2402481988695,2.724753783338807,0.1117993482052216,726.3892041163621,-0.5055368205146848,0.024660185125452427,726.6765100639018,-0.49582139709958284,0.021544942381989774
2.05,-0.0001863140396886698,0.02238574326212136,18.93171338030509,0.0005888769014921707,0.13320434547173,-1.3969420432887467e-05,648.0834621153538,3.175157561845554,0.0878300707164623,648.3859749032996,3.1879493279604043,0.08855128704233999,729.1051131699137,-0.4267075541639076,0.03460875595508157,729.4163072476193,-0.4144379009517474,0.03250162545796316
2.06,-2.376779118581576e-05,0.024034016095380025,18.931946085298105,0.0006904489496155009,0.14223033544692118,-1.5685088945221617e-05,647.9857971219753,3.5253020308276817,0.0633361511909455,648.3083322926193,3.5403001706952875,0.06516058603037972,732.0455155879966,-0.3205993590136291,0.0429471062434302,732.3688410109993,-0.30621338812020227,0.041930744073818534
2.07,0.00013315846836612635,0.024953542523520094,18.932191629093417,0.0007670408593734738,0.14640323179416423,-1.6794863615216817e-05,646.7874130779452,3.766545018489831,0.03944633310631608,647.1182730589862,3.7832069078141406,0.04226814086217718,735.0885121909487,-0.19216607076172343,0.04940273405468068,735.4122567142897,-0.17618425855270292,0.04948459529380359
2.08,0.00027557079337450665,0.025155461906695622,18.932442761611483,0.0008161751521756064,0.14607920105950514,-1.730242040995739e-05,644.6154156747776,3.902848020748584,0.016772712147006624,644.9431153782939,3.920577220027699,0.02043599670319848,738.1133730300088,-0.04707883349547304,0.05378751757551523,738.4264264607145,-0.030073275003261735,0.054906888617027035
2.09,0.0003964998512481079,0.02467312648037525,18.932692455034204,0.0008368582709063026,0.1417103329534463,-1.7236933258763095e-05,641.6080099264607,3.940314509559062,-0.004177158426639067,641.9217952454972,3.95849299717288,0.0001363059336191975,741.0049821279524,0.1085399573780843,0.05599976991038713,741.297303600582,0.1259764659056195,0.05803858580292092
2.1,0.000491048040243563,0.02356146391480334,18.932934124188417,0.0008294952142511261,0.13382178329951847,-1.6646214139399365e-05,637.9100129457674,3.8868352742126855,-0.023006351488683133,638.2002900881532,3.9048538252554055,-0.01825474825897825,743.6577593679034,0.2683800377264456,0.056023614601469665,743.9207427330186,0.28566313770622687,0.058819749638535465
2.11,0.0005563802974086934,0.02189470667150309,18.933161832207688,0.0007957385429476037,0.12298897348480325,-1.5591019982253787e-05,633.6686531905386,3.7517233167149167,-0.039429070749359106,633.9273184793589,3.7690086022498237,-0.03445837195417781,745.9789605648562,0.4261946463071653,0.05392551331131725,746.205693092106,0.44277440998352624,0.057287279123431165
2.12,0.000591592603066184,0.019762779218729116,18.933370466479946,0.0007382902177945988,0.10981553621315641,-1.4140652706130433e-05,629.0297364245995,3.545348821191785,-0.0532663815870756,629.2504028550995,3.5613862034404864,-0.04829045304406987,747.8912878874087,0.5760317695060468,0.04984796187717274,748.0767034263082,0.5914145647241686,0.0535686586874956
2.13,0.000597490431551873,0.01726674247055486,18.93355587339179,0.0006606738865538547,0.09491260656121836,-1.2369705842458732e-05,624.1342409527715,3.2787836779871182,-0.06443809708508899,624.3123634868035,3.2931350595018505,-0.059655418121095476,749.3347734691464,0.7124385561531055,0.044000564572785845,749.475706118471,0.7262041669938157,0.04787210381597569
2.14,0.0005763071737139749,0.014513742257029854,18.933714944660622,0.0005669936918932987,0.07887995654467554,-1.0355665690152555e-05,619.1153869295667,2.9634638526579438,-0.07295181245599516,619.248293137394,2.9757802865412186,-0.06853744854392245,750.2679280748501,0.8306337301667854,0.03664887438919038,750.3630762413646,0.8424474524630354,0.040473708649531225
2.15,0.0005313896633416897,0.011611901095649904,18.933845652517753,0.0004616936337551725,0.06228936485945336,-8.1770350579755e-06,614.0962071858476,2.6108765905942244,-0.07889008439714433,614.1830433914188,2.6209056636232186,-0.07498989133703754,750.6681731114775,0.9266444061158952,0.028101530663631413,750.7179866064228,0.9362641292253726,0.03170236775169829
2.16,0.00046687435530919,0.008665540954910967,18.933947035171784,0.0003493291821552822,0.04567050518626798,-5.9116845582043405e-06,609.1876305264013,2.2322780820503985,-0.08239669682737405,609.2292361110334,2.239866336642249,-0.07912368089076528,750.5315973873098,0.9974052714323278,0.018696322734487333,750.538101973853,1.004683801346995,0.021923341510540265
2.17,0.0003873735754532022,0.0057710428088390405,18.934019137468166,0.0002343603691812413,0.029499530107922146,-3.6352200912563093e-06,604.4870732412802,1.8384458222348021,-0.0836628479250284,604.4857972856992,1.8435366837136202,-0.08109551364240596,749.8720993546574,1.0408195822979027,0.008785854636546207,749.8386740106798,1.0457026535122815,0.011521360596865834
2.18,0.0002976868516996185,0.003013550965979441,18.934062914237288,0.00012097312905250239,0.01419042651568238,-1.4192584510383092e-06,600.0775209979491,1.4394685274563002,-0.08291394726779032,600.0369960933904,1.442096350187383,-0.08109640122929662,748.7199908720129,1.0557827815242393,-0.0012765179958854915,748.651113079142,1.0583033461846747,0.0008841256486851615
2.19,0.00020254794425692788,0.000464629689700874,18.93408010539802,1.293330860942483e-05,8.912509399850944e-05,6.703960556495285e-07,596.0270716141024,1.0445751491582334,-0.08039754167278267,595.95195956579,1.044856091245605,-0.07934108287850503,747.1201497334351,1.0421707501645505,-0.011149856712531915,747.0211234669034,1.0424402252279807,-0.009613034935939988
2.2,0.0001064137801778024,-0.001819112616743707,18.934073092487242,-8.652438500879889e-05,-0.012529736761080414,2.5755986209194e-06,592.3888999415393,0.6620032967608602,-0.07637239654495291,592.2846233442727,0.6601237822848605,-0.0760583080246946,745.1298155239075,1.0007957249033583,-0.02051729488786974,745.0064954211465,0.9989929253039764,-0.019620638713176156
2.21,1.3300712689499279e-05,-0.0037964926705181066,18.934044746041362,-0.00017477213717932819,-0.023463570804293184,4.247605487707837e-06,589.2015968112208,0.2989062662773212,-0.07110051693277326,589.0740692580185,0.29510980193836467,-0.07148376276394038,742.8161263730407,0.933333735194608,-0.029096106115075092,742.674649985195,0.9296922285838005,-0.028826512384929337
2.22,-7.33389428987999e-05,-0.005441431943006318,18.933998272348312,-0.00024983073369979253,-0.032580343599932546,5.64854486113193e-06,586.4898336372588,-0.03870310124109988,-0.06483889988318119,586.3451996528839,-0.04413001546643702,-0.0658524768713138,740.2534951053811,0.8422280316042752,-0.036645383540063976,740.1000331502545,0.8370226240819734,-0.036964486826410924
2.23,-0.0001506928282282868,-0.00674199793991678,18.933937066729797,-0.0003103798335814859,-0.03981510869535216,6.7524782525909415e-06,584.2652947522531,-0.3459743277995364,-0.0578340664833694,584.1096887262697,-0.35271651109619606,-0.059393729812511196,737.5209194156929,0.7305733922244317,-0.04297147290787849,737.3614519478419,0.7241064000827468,-0.04382041979141275
2.24,-0.00021662682561079206,-0.007698972468893088,18.933864578914626,-0.0003557403840442102,-0.045164874293490295,7.545934577459521e-06,582.5278230772552,-0.6192102222213336,-0.050317838560256754,582.3671544675708,-0.626937743308964,-0.052326979141558774,734.6993152961011,0.6019864134614306,-0.047931141957846625,734.5394395766039,0.59457430139781,-0.049235613769699524
2.25,-0.0002696892836937183,-0.008324109267596694,18.933784194412862,-0.00038583346595851995,-0.04868213482450352,8.027844896992546e-06,581.2667238496601,-0.8558305542429312,-0.04250428733591014,581.1064939062176,-0.8642117677017946,-0.04485875794224318,731.8689551404635,0.4604669304217879,-0.051432560417619004,731.7137289118896,0.45242780730819776,-0.05310775294359391
2.2600000000000002,-0.000309086486495623,-0.008638227683942004,18.933699134246737,-0.0004011202743893963,-0.05046740209286643,8.208866749514719e-06,580.4621734683936,-1.0543125350977456,-0.03458768693152973,580.3073267752333,-1.0630258138781268,-0.037180402211605824,729.1070822764192,0.31025558675989995,-0.0534343141211591,728.960904215765,0.30189795201135405,-0.05538964537982391
2.27,-0.00033463496749661526,-0.008669265357204322,18.933612374040976,-0.00040252808419571196,-0.050661067838220344,8.11014493511009e-06,580.0866840982538,-1.214112326153871,-0.02674126800214003,579.9414964209168,-1.2228561858588227,-0.029466432727955644,726.4857627599374,0.15569230410322765,-0.053942745167721275,726.3522901520369,0.14730533663115386,-0.0560861253542686
2.2800000000000002,-0.00034669616892639383,-0.008450385447502151,18.93352658238165,-0.00039136696350415925,-0.049434915883991695,7.761605844204473e-06,580.1065792300188,-1.3355718195560695,-0.0191165942751559,579.974581541313,-1.3440732335451844,-0.021873443725784997,724.0700234658607,0.0010800089233486965,-0.053007954448922805,723.9521256595341,-0.007074408576446256,-0.055249509813458886
2.29,-0.00034609865184860724,-0.00801820659300951,18.933444077535007,-0.000369241717327741,-0.046983580001018224,7.199919159088424e-06,580.4834406989266,-1.4198148304492286,-0.011843419969686108,580.3673778778918,-1.4278356321693053,-0.014539386004753827,721.9163132327309,-0.1494425172130498,-0.050718816261329715,721.8160582388135,-0.15713593927108027,-0.05297400804501726
2.3000000000000003,-0.0003340526373136648,-0.0074111991623828375,18.933366801062487,-0.0003379631121343318,-0.04351621473005546,6.466280709920583e-06,581.1754934608133,-1.4686366278003349,-0.0050299223067517915,581.0773150388378,-1.4759779847312582,-0.007583168158068893,720.0713114504534,-0.29201536646272785,-0.04719734013766684,719.9899821236475,-0.2990570761719491,-0.0493894592844967
2.31,-0.00031206114935465617,-0.006668271186074859,18.933296306537187,-0.0002994618931337371,-0.039248612277081894,5.604172758914329e-06,582.1389004698044,-1.4843904300049227,0.0012367643717359153,582.0597799404901,-1.4908954498843996,-0.001104531253309541,718.5710963630484,-0.42315713686247314,-0.04259267826970353,718.5092319717443,-0.4293966457264986,-0.04465472635714959
2.32,-0.00028183147139770106,-0.0058275522784263884,18.93323376141312,-0.00025570850118538437,-0.03439596080065745,4.657244704754108e-06,583.3289460754079,-1.469874122685455,0.006889761014427036,583.2693246844884,-1.4754287158148527,0.004815823731348095,717.4406738102829,-0.5398474449511137,-0.0370750256452689,717.3981324209698,-0.545175319993596,-0.038951013224821314
2.33,-0.00024519004532386483,-0.004925373768590186,18.933179960069676,-0.00020864076359245826,-0.02916639947919132,3.667431630339436e-06,584.7010922697772,-1.4282200393129219,0.01188143380585815,584.6607428414934,-1.4327522101452161,0.010115861521612833,716.6938564278869,-0.6395909585911741,-0.030829602708500874,716.6698933856103,-0.6439381428588464,-0.03247530954783481
2.34,-0.00020400335856539294,-0.003995437421406814,18.933135346104027,-0.00016010120547065306,-0.023755485112879105,2.673394804763208e-06,586.2118977083397,-1.3627901994074931,0.01618218349459104,586.1900039210728,-1.3662679763902785,0.014751591013989748,716.3334737022951,-0.7204622422375961,-0.02405085493298817,716.3268315422814,-0.7237980691394696,-0.025434104326738767
2.35,-0.0001601067971252979,-0.003068162491213255,18.933100042035562,-0.00011178503252526196,-0.018341644990370776,1.7093320122480809e-06,587.8197945709938,-1.2770789414515704,0.019779053517916385,587.8150411388438,-1.2795071769260424,0.018696197911177635,716.3518849250619,-0.7811313312697243,-0.016936956588199277,716.3608902669677,-0.7834604550921997,-0.01803745976185455
2.36,-0.00011524290546295488,-0.0021702002500365303,18.933073884693513,-6.519929210053492e-05,-0.013082652493869387,8.041708097639115e-07,589.485722929951,-1.174624433685545,0.022674178772798828,589.4963923468583,-1.1760407166565012,0.021938939802130585,716.7317601613308,-0.8208705322964027,-0.009684671310883701,716.7544234804628,-0.8222290077991579,-0.010493499542291986
2.37,-7.100999825549444e-05,-0.001324105490745947,18.933056464665846,-2.1633241114966776e-05,-0.008113126419568085,-1.887203317431284e-08,591.1736262774106,-1.0589301088927416,0.024883102157085644,591.1976981043161,-1.0594000341097587,0.024483822034332574,717.4470889342058,-0.8395434689870696,-0.0024846013905345525,717.481203539068,-0.8399942135829952,-0.0030033439814646417
2.38,-2.8821600717501093e-05,-0.000548154968532804,18.933047168290145,1.786045502037617e-05,-0.0035430230636574562,-7.424043688599788e-07,592.8508151800761,-0.9333966600633126,0.026432969723117854,592.8860642725984,-0.9330086886897293,0.02634806125307871,718.4643724812562,-0.837577846992843,0.004483146198320553,718.5076095231608,-0.8372057111855624,0.0042434800315110256
2.39,1.0123000984488994e-05,0.00014369725678894588,18.933045220767074,5.247439603045577e-05,0.0005429376097788476,-1.3547001916503177e-06,594.4882088096083,-0.8012648610450368,0.027360732354936263,594.5322993630795,-0.8001249929107113,0.027560463986678392,719.7439531734639,-0.8159237886319892,0.011052849416189291,719.7939500416486,-0.8148304457276656,0.011073125240236199
2.4,4.48579080731892e-05,0.0007417383421900854,18.933049729080206,8.164594730162936e-05,0.004084993499193701,-1.8493286003298075e-06,596.0604659090262,-0.6655691465180524,0.027711295373170002,596.1110387196725,-0.6637956032201076,0.0281596690067618,721.2414339935518,-0.7759998827607806,0.01707662827717115,721.2958739940119,-0.7742987289852676,0.01733102210786075
2.41,7.465931510041464e-05,0.0012403012621552557,18.933059723520522,0.00010504870538258031,0.0070473095969040365,-2.2246314435954782e-06,597.546018222119,-0.5291016027790252,0.02753562792121145,597.6007690956792,-0.5268196961736304,0.028192268184034478,722.9091415275735,-0.719629305126146,0.02242733079527221,722.9658232763419,-0.7174405375658943,0.022884846703096384
2.42,9.90448812664304e-05,0.0016374696646769122,18.933074196745515,0.00012257717827288537,0.009416308176738273,-2.483106281785108e-06,598.9270203646714,-0.3943857872689138,0.026889025517697788,598.983768131686,-0.39172312074592375,0.02771101102038832,724.6975881165114,-0.6489684892940217,0.02700086206516277,724.7544835844451,-0.6464145030372626,0.027626875506712223
2.43,0.00011776488712298333,0.0019346992945039844,18.93309213945521,0.00013432598642700122,0.011198481548377331,-2.630741186654028e-06,600.1892301085973,-0.26365961138141714,0.025829455970161157,600.2459732178033,-0.26074173294543534,0.026773034350225145,726.5568919098617,-0.566430870765966,0.03071789097547779,726.6121925361351,-0.5636320894090163,0.03147566544595776
2.44,0.00013078628352085898,0.00213637423432954,18.9331125719406,0.00014056489935607402,0.012417812684256234,-2.6763387549309293e-06,601.3218329574788,-0.13886638635463022,0.02441604765094867,601.3767940973578,-0.13581298397286057,0.025438187527609967,728.4381177354971,-0.47460819207711946,0.03352488449832391,728.4902684622821,-0.4716794183640127,0.034377012900734624
2.45,0.000138270938748564,0.0022493176108691346,18.9331345709501,0.00014171098892104482,0.013112928393198817,-2.6308569117775544e-06,602.3172242330108,-0.02165304377460542,0.02270774613379705,602.368882869267,-0.01857474562261263,0.023767490976727465,730.2945066436899,-0.3761917513140367,0.03539443578296663,730.3422281126678,-0.3732390979845901,0.036304163851022545
2.46,0.00014054945613046083,0.0022822770091074753,18.933157291519695,0.00013829911316849488,0.01333410520286804,-2.5067853129153745e-06,603.1707609284156,0.08662550310917227,0.020762156965603407,603.2178740350237,0.08962968724018916,0.021821757366992964,732.0825674942403,-0.27389580915848644,0.03632487283520351,732.1248669824834,-0.271014244787926,0.03725726930376052
2.47,0.0001380919499773709,0.0022454044935675804,18.933179983614107,0.00013095185111239866,0.013140240244130016,-2.3175690807855842e-06,603.8804943675277,0.1848968978498955,0.018634583857671402,603.922105966303,0.1877414820582457,0.019660395407059276,733.7630098264441,-0.17038515000494803,0.03633915999061128,733.7991817824739,-0.16765667127449646,0.03726210665217229
2.48,0.0001314771338151274,0.002149749835345184,18.93320200361949,0.00012034989560015359,0.01259588878324834,-2.0770864389724393e-06,604.4468933125337,0.272357792941047,0.016377263390074066,604.482333718169,0.2749720775832021,0.0173404070134419,735.3015032767563,-0.06820853152683659,0.03548313218465271,735.3311205460774,-0.0657009523802321,0.03636811604997862
2.49,0.0001213609948911841,0.0020067833878814633,18.933222820904003,0.0001072037838951002,0.011768457233531582,-1.7991834273295712e-06,604.8725656626276,0.34845717483644734,0.014038789899949953,604.9014415554198,0.3507858948181841,0.014915579966397483,736.6692547958913,0.030260534729487087,0.03382312952049307,736.6921517988875,0.03249420491607813,0.03464582850149814
2.5,0.00010844620889182411,0.0018279622324012031,18.933242019813488,9.22277086721704e-05,0.01072562611800439,-1.4972669590565642e-06,605.1619853482786,0.41287744414403305,0.01166371792075007,605.1841619652874,0.4148808483245836,0.012435870548283209,737.8434006899054,0.12287454048126589,0.031443124366222194,737.8596499344628,0.12479617306254687,0.032183786709888876
2.5100000000000002,9.345329670561048e-05,0.0016243499701827759,18.933259297589576,7.611600995955263e-05,0.009533062159987053,-1.1839565901805392e-06,605.3212295131104,0.46551403990363616,0.009292324581270776,605.3368063614353,0.46716745984992647,0.009946964357487332,738.8072159151715,0.20775346449275478,0.02844145316181596,738.8170992935158,0.20933939791062395,0.029085078835873742
2.52,7.709435005749332e-05,0.0014062971365311784,18.933274458784407,5.95228048739937e-05,0.008252463031597705,-8.707950678675411e-07,605.3577296413339,0.5064542926596083,0.006960510869603738,605.3670111966537,0.5077472689103413,0.007489998658629204,739.5501479661197,0.28331649077661947,0.024927278879227487,739.554124302757,0.28455669248650395,0.025463617893743545
2.5300000000000002,6.0049964846942936e-05,0.001183185898749121,18.933287406799227,4.304507015251212e-05,0.0069399628289644934,-5.680176243899158e-07,605.280038977481,0.5359560813275044,0.004699818619786016,605.2835018402524,0.5368911221694805,0.005101426304097646,740.0676870040879,0.3483037773095998,0.02101691691608639,740.0663572931052,0.34920065321930593,0.02144030493151902
2.54,4.294982953812959e-05,0.0009632396843910137,18.933298133195187,2.7209355559074564e-05,0.005644911547461446,-2.84379803559165e-07,605.0976174314955,0.5544267584892681,0.0025375394022064224,605.09587537641,0.5550178101174086,0.00281299938225966,740.3610875120891,0.40178838103493986,0.016830157010459614,740.3551592118847,0.4023553081067832,0.01713921242746039
2.5500000000000003,2.6357229610319963e-05,0.0007533958150501118,18.933306705417966,1.2462177108502941e-05,0.004409028112868498,-2.7043176114058117e-08,604.8206341899341,0.5624027020006972,0.0004968920388115047,604.8144024664192,0.562673409995551,0.0006518501787146055,740.436959672719,0.443178709062797,0.01248670698436527,740.4272113199931,0.4434383677517362,0.012683916042134747
2.56,1.075755483116943e-05,0.0005592371779565512,18.933313253547993,-8.359796701397092e-07,0.003265914222539283,1.9848244063883886e-07,604.4597874773193,0.5605297512545349,-0.0014027529245566697,604.4498476059264,0.560511591796653,-0.0013593523535441038,740.3067508345929,0.4722120990548473,0.008102871308581597,740.2939981031784,0.4721946807993427,0.008194088634832203
2.57,-3.4492529175470032e-06,0.00038497747297848076,18.933317956640252,-1.2413222164646408e-05,0.002240905623203799,3.88342689575879e-07,604.0261403357757,0.549544696966886,-0.0031456196994453065,604.0133065036747,0.5492750523887757,-0.0032021894974139558,739.9861388570919,0.48894032964597045,0.0037885607896969245,739.9712030278357,0.48868169096899505,0.0037824525530007575
2.58,-1.595252654790294e-05,0.00023349359360325274,18.93332102915789,-2.2085645641933705e-05,0.001351228678545298,5.402918911904062e-07,603.5309709006734,0.5302579160384457,-0.004719268056134954,603.5160588960116,0.52977816351929,-0.00486224831001996,739.4943598344992,0.493708021656325,-0.0003552812809019705,739.4780394668059,0.4932478508726801,-0.00044782584646989613
2.59,-2.6531291894963733e-05,0.0001063981662926674,18.933322707936355,-2.9753902641972812e-05,0.000606423261434274,6.5360060238185e-07,602.9856354678103,0.5035371792238008,-0.0061143307334841,602.9694349142136,0.5028908540051225,-0.00632885039335108,738.8534926846099,0.4871250113753778,-0.004238814880629471,738.8365390948012,0.48650506677783145,-0.0044052801433717035
2.6,-3.5051619426236425e-05,4.145090906588588e-06,18.933323240043922,-3.539734615786733e-05,8.988168877710995e-06,7.2892381006288e-07,602.4014425926224,0.47029260959680075,-0.007324264581136677,602.3846930599101,0.4695236954219695,-0.007594773696192898,738.0877225647816,0.47003385822669275,-0.007784923271355401,738.0708195304204,0.4692963283038365,-0.008011750901645387
2.61,-4.1461413502750664e-05,-7.383900084137647e-05,18.933322871832992,-3.906618522640808e-05,-0.0004447976337971334,7.681368123537976e-07,601.7895365741822,0.4314627340761823,-0.008345120947039111,601.7729079544744,0.4306141240294492,-0.008655976323786747,737.2226038514938,0.44347369157676786,-0.010930337482879941,737.2063517775864,0.44265971867479825,-0.011203479533369639
2.62,-4.578310192187116e-05,-0.00012900421066987946,18.933321839406968,-4.08721135817325e-05,-0.0007639256817289974,7.741466481432053e-07,601.1607888915936,0.38800154791052144,-0.009175338747736688,601.1448662488392,0.38711370882377194,-0.009511329083439084,736.284341834271,0.4086416074332577,-0.01362626777447783,736.2692464446178,0.4077900066765672,-0.013931694632113035
2.63,-4.8104718274648654e-05,-0.00016351426623904095,18.933320360660588,-4.097787680219605e-05,-0.0009616276888904794,7.506873461547981e-07,600.5256964596572,0.3408665018210244,-0.009815561291608632,600.510969390477,0.3399763653067489,-0.010162361305340713,735.2991102565061,0.36685279811859983,-0.015838569120908825,735.2855757158013,0.36599899370692857,-0.016162721119908144
2.64,-4.856986098420372e-05,-0.00018007695594382558,18.93331862898856,-3.958623230135218e-05,-0.0010543091830300707,7.021072907756731e-07,599.8942859246948,0.2910073219332676,-0.010268475697739135,599.8811423140446,0.29014741523275545,-0.010613022205008954,734.2924195271432,0.31950054031104624,-0.01754748165714676,734.2807457607327,0.31867573184324316,-0.017877656339467227
2.65,-4.736698831296576e-05,-0.00018177380567565738,18.933316808698176,-3.692873133295418e-05,-0.0010604886112563809,6.331566701043966e-07,599.2760236012645,0.23935558182386352,-0.010538671997502046,599.2647475214969,0.23855340233702726,-0.010869458148389154,733.2885479096287,0.2680170832183304,-0.018746997365004583,733.2789317710952,0.2672476457513673,-0.0190716673795457
2.66,-4.4718471537274546e-05,-0.00017189425763551068,18.933315032106897,-3.325471500711164e-05,-0.0009997789548742335,5.487823198204693e-07,598.6797310300683,0.18681496197625602,-0.010632517735299917,598.6705044192075,0.18609259082358331,-0.010939804671612778,732.3100453555629,0.21383637360550267,-0.01944391105151029,732.3025851993137,0.21314348698969754,-0.019752970430648914
2.67,-4.086978227161135e-05,-0.0001537791357400827,18.933313398255425,-2.8820869540854246e-05,-0.0008919436251218821,4.5393636313406937e-07,598.1135064929498,0.13425215257245604,-0.010558043085948737,598.1064141590667,0.1336260950420276,-0.010833990998728182,731.3773169726103,0.15835943262626495,-0.019656617038874672,731.3720201202158,0.1577589284644243,-0.019941556039302796
2.68,-3.607913794144343e-05,-0.0001306776518468652,18.933311973121793,-2.3881632132644878e-05,-0.0007560526050896686,3.53403944756162e-07,597.5846531329966,0.08248837881685844,-0.010324831144373528,597.5796905670103,0.08196961321838003,-0.010563554076873545,730.5082904760668,0.10292306567832865,-0.019413713331701714,730.505083021068,0.10242547418592984,-0.019667724154016176
2.69,-3.0607874378687225e-05,-0.00010562160337018647,18.93331079118215,-1.8680680533755936e-05,-0.0006097587021683836,2.51654139931308e-07,597.0996145803553,0.032291551933905094,-0.00994390806994793,597.0966980191733,0.031885763319305926,-0.010141458777852757,729.7181694396121,0.048772445498168615,-0.01875247285684646,729.7169078147824,0.04838321968420045,-0.018970490356198952
2.7,-2.4711759062472014e-05,-8.131972390796077e-05,18.933309858130986,-1.3443679096659841e-05,-0.00046870761025503727,1.5271686321242626e-07,596.6639191662495,-0.015630928128618216,-0.00942762812394599,596.6628973306765,-0.015922956671465816,-0.009581920857062479,729.0192717927011,-0.0029620350959769226,-0.01771723726844698,729.0197555246142,-0.003242144106463396,-0.01789592023930984
2.71,-1.8633404516950226e-05,-6.00743733660366e-05,18.933309154547636,-8.372394138193993e-06,-0.00034608946151598396,6.008737081712875e-08,596.2821339114352,-0.060638671962653934,-0.008789549261585115,596.282800846901,-0.06082054018807792,-0.008900229467714607,728.4209508593356,-0.051283386854117374,-0.016357783377231958,728.4229359551165,-0.051457831886703165,-0.016495443147684953
2.72,-1.259589032947142e-05,-4.372190513479045e-05,18.93330864027823,-3.640233935317247e-06,-0.00025233385840902283,-2.334119996741856e-08,595.9578294982886,-0.1021640391045131,-0.008044295766752304,595.9599379688111,-0.10224311360518268,-0.008112566451045203,727.9295943349925,-0.09534200750638266,-0.014727706066110515,727.9328067826025,-0.0954178544764206,-0.014824189984336874
2.73,-6.797654899105253e-06,-3.359715061748178e-05,18.933308259293362,6.107846616012602e-07,-0.0001949451738365794,-9.531784042209736e-08,595.6935573787779,-0.13971704101894966,-0.007207405178010292,595.6968323028567,-0.13970377332989115,-0.007235820002120877,727.5486949841965,-0.13444503723719636,-0.012882854709045249,727.5528438974496,-0.13443231108645204,-0.01293939266071341
2.74,-1.4086769217751973e-06,-3.0521552144614285e-05,18.933307944781955,4.271688759082131e-06,-0.00017847031576914162,-1.5424769897458357e-07,595.4908400375324,-0.17288932772097088,-0.006295158209859733,595.4949915059033,-0.17279653652629845,-0.006287391426295654,727.2789855275288,-0.16806121628765158,-0.010879854537836261,727.2837755271636,-0.16797221248870953,-0.010898876926916413
2.75,3.4320746584771514e-06,-3.481359736857668e-05,18.93330762425074,7.266907955895128e-06,-0.0002045872656619844,-1.9918230815368105e-07,595.3501752262482,-0.2013571763924138,-0.005324394005265594,595.3549107024382,-0.20119932194451184,-0.005284996998654863,727.1186291805898,-0.1958214791460411,-0.008774742604699409,727.1237716698863,-0.1956700677368528,-0.008759678254137636
2.7600000000000002,7.617975768393597e-06,-4.631940720689363e-05,18.933307224416613,9.553459585195873e-06,-0.0002722995788058668,-2.2978874542541774e-07,595.2710547379792,-0.22488340534232432,-0.0043123028011431055,595.276090110477,-0.22467588157876195,-0.004246456441693494,727.0634566332305,-0.21751560916499768,-0.006621722827701557,727.068679698169,-0.21731655575912834,-0.006576785026549112
2.77,1.1074939907192844e-05,-6.446064817936565e-05,18.93330667570381,1.1119107561033397e-05,-0.00037821970997769155,-2.463008808716832e-07,595.2519979659575,-0.24331814709821487,-0.003276208568012618,595.2570671922401,-0.24307661375339018,-0.0031894798167939453,727.1072398309017,-0.23308535073957026,-0.00447207419478043,727.1122965673933,-0.23285367589859218,-0.0044020427748663144
2.7800000000000002,1.3760579929158156e-05,-8.829641439237492e-05,18.933305916189205,1.1979660220977955e-05,-0.0005169225018239313,-2.494560827967603e-07,595.2906001710174,-0.25659842979741665,-0.0022333381037260343,595.295463326386,-0.2563382032111372,-0.002131448304673093,727.2419928419837,-0.24261443281731188,-0.002373211232060625,727.2466679843809,-0.24236482772432844,-0.0022832178944600327
2.79,1.5662458948625106e-05,-0.00011659537943094579,18.933304894874226,1.2175583749017562e-05,-0.0006813494218278302,-2.4042087542458604e-07,595.3835950175385,-0.2647465356980794,-0.0012005815974961563,595.3880446329182,-0.26448205318885254,-0.001089192806968524,727.4582902334262,-0.2463159974812057,-0.00036790594330251755,727.4624050267997,-0.24606231017643143,-0.0002632293120144152
2.8000000000000003,1.679556738552638e-05,-0.00014791436620417242,18.933303574199943,1.1768112022054017e-05,-0.0008632441097890428,-2.207090414516723e-07,595.5269305781858,-0.2678671286955314,-0.00019424903934042265,595.5307962188291,-0.26761149743703694,-7.877356167565623e-05,727.7455937658291,-0.24451795105850938,0.0015063255545174636,727.7490090877345,-0.24427275372895796,0.0016204495648355164
2.81,1.719917316402059e-05,-0.00018067952187100447,18.93330193176034,1.0835031722856759e-05,-0.0010536004353854567,-1.9209555947237616e-07,595.7158576559301,-0.2661431682539628,0.0007701725448648525,595.7190087554419,-0.2659078057090092,0.0008847354732260835,728.0925788073833,-0.2376467634894741,0.003217671619499061,728.0951966015472,-0.23742100757906393,0.0033362195213251056
2.82,1.693319760522731e-05,-0.0002132665009524941,18.93329996120591,9.46631407577337e-06,-0.0012431054831759604,-1.5652957720361448e-07,595.9450289424169,-0.2598306541082285,0.0016782556160287382,595.9473759623849,-0.2596250233515285,0.00178745328142218,728.4874526225016,-0.2262102357069029,0.004740311759912526,728.4892157559955,-0.22601299804236863,0.004858618742213063
2.83,1.607427082696501e-05,-0.000244076427242033,18.933297672364034,7.75975243718845e-06,-0.0014225615876055108,-1.160493607836993e-07,596.208607236549,-0.2492522734042213,0.002516856733931345,596.2101012701984,-0.2490837132072543,0.002616885026504726,728.9182575800103,-0.2107797359842678,0.006054547048006716,728.9191482762856,-0.21061805579536408,0.006168427273832577
2.84,1.4711617415862743e-05,-0.00027160489066256345,18.933295090632484,5.8167490953760475e-06,-0.0015832736331050446,-7.270183886410473e-08,596.5003806964544,-0.2347900485818455,0.0032743235373304817,596.5010116745,-0.23466369501823348,0.0033620972822115446,729.3731533117812,-0.19197237626639163,0.007146782572486179,729.3731903440388,-0.19185117999109824,0.0072526220999691565
2.85,1.294291615524113e-05,-0.00029450180054439815,18.933292255727157,3.738375895116384e-06,-0.0017173902106503614,-2.846899105035983e-08,596.813882900306,-0.2168771092662669,0.003940678523280599,596.8136765881264,-0.21679590288992134,0.004013870732945534,729.8406729007855,-0.1704335602065732,0.008009372714063814,729.839907753405,-0.17035566837614313,0.008104194629062368
2.86,1.0870266838680584e-05,-0.00031162052240117785,18.933289219883747,1.621812564031544e-06,-0.0018181897786698309,1.4797076366210201e-08,597.1425153531042,-0.19598873381709847,0.004507774417465987,597.1415293504498,-0.19595350420797963,0.0045648260702495225,730.3099492543424,-0.1468202878935343,0.008640342300022853,730.3084614746457,-0.14678649622767992,0.00872184458572558
2.87,8.59638302496849e-06,-0.00032205533362715094,18.933286045625938,-4.4275529615952744e-07,-0.0018803056128664979,5.542895569502738e-08,597.4796700016345,-0.17263282519380807,0.0049694163853196026,597.4779889694173,-0.17264244288722752,0.0050095191365741145,730.7709088927855,-0.12178554996994384,0.009042998493765303,730.7688008616485,-0.12179477510443348,0.009109565996902427
2.88,6.221113732666375e-06,-0.00032516681174115324,18.93328280321926,-2.374718922169255e-06,-0.0018998859525101975,9.198769648096753e-08,597.8188493107479,-0.1473400007770409,0.005321447321675268,597.8165796545502,-0.14739158529503138,0.00534450221518304,731.214431428906,-0.09596408790119026,0.009225450393813256,731.2118227771996,-0.09601356692867657,0.009276142966462834
2.89,3.838377266141251e-06,-0.0003205952905484684,18.93327956793106,-4.1050722158436935e-06,-0.0018746882748883354,1.2329497150839955e-07,598.1537815108621,-0.12065348622714023,0.005561794169896296,598.1510457481177,-0.12074265811590212,0.005568349917442034,731.632474004763,-0.06995973935008948,0.009200055739970039,731.6294958941342,-0.07004527156989626,0.009234575215679101
2.9,1.5335680501114983e-06,-0.00030826296623434585,18.933276417213282,-5.577864263097531e-06,-0.001804108980406686,1.4845354902282393e-07,598.4785287418018,-0.09311900903508086,0.005690470475187601,598.4754597699783,-0.09324017345446745,0.005681645210127386,732.0181608615558,-0.04433452962349094,0.008982808318667204,732.0149503332859,-0.04445074855635722,0.009001447396357509
2.91,-6.18516102791744e-07,-0.00028836559618205143,18.933273427917136,-6.7510818759661495e-06,-0.0016891518859265848,1.668563797731449e-07,598.7875860017157,-0.0652748879516607,0.005709537717554023,598.7843214692035,-0.06542153743566148,0.005686928341217979,732.3658390529522,-0.019599613499787782,0.008592690933992462,732.3625336289122,-0.019740277290514197,0.008596267376259901
2.92,-2.5552079984950354e-06,-0.0002613550048094786,18.933270673637896,-7.596983331245292e-06,-0.0015323407537620425,1.7818495965270703e-07,599.0759690348941,-0.03764250997118079,0.00562302413289031,599.0726459955914,-0.03780753443777263,0.005588607396663701,732.6711020230813,0.0037918822369809035,0.008051009243116867,732.6678347187907,0.003633593462948337,0.008040788922154698
2.93,-4.226963180944724e-06,-0.00022791379584860143,18.93326822227475,-8.101920129132029e-06,-0.001337582592537758,1.823979394048396e-07,599.3392895695953,-0.010717377163182995,0.005436803035391475,599.3360395774806,-0.010893370052611484,0.0053928324095484734,732.9307833821863,0.025450115408331975,0.007380724860551813,732.9276782650155,0.025281305902125073,0.007358337215512753
2.94,-5.597826177731994e-06,-0.0001889237769157497,18.933266133876316,-8.265696744188379e-06,-0.0011099896312671146,1.7971120368566325e-07,599.5738166282887,0.015039108304082394,0.005158433487635527,599.5707614007052,0.014859557798729828,0.005107335647100082,733.1429237033669,0.0450519295012719,0.006605804195087554,733.140092099962,0.04487970758798587,0.006573153570162059
2.95,-6.645403097463195e-06,-0.00014542964074679498,18.933264458826862,-8.100528811171291e-06,-0.0008556686800419663,1.7057082860096475e-07,599.7765229712993,0.03920697066361889,0.004796967260299062,599.7737707203005,0.03903100799684811,0.0047412416895606345,733.3067135371671,0.06234248449449309,0.005750597809402733,733.3042509643301,0.062173703977375094,0.0057097739440498535
2.96,-7.360386407118348e-06,-9.859943041345635e-05,18.933263236413094,-7.629667886822771e-06,-0.0005814870523071755,1.5562044622124815e-07,599.9451160904207,0.061413969902890386,0.004362726989334013,599.9427585914228,0.06124823545033964,0.004304851794260575,733.4224160987526,0.07713523686042612,0.004839263096502649,733.4203999622778,0.076976267079365,0.004792453755900536
2.97,-7.74568864894506e-06,-4.968325557381247e-05,18.933262493796185,-6.88576585177914e-06,-0.0002948243485329364,1.356645996150758e-07,600.0780535314096,0.081340789802542,0.0038670612377550363,600.0761639685899,0.0811912146636562,0.003809407771579466,733.4912732300345,0.08931041603055245,0.0038952408401807977,733.4897613072949,0.08916694599936381,0.0038446492223010026
2.98,-7.815249710039161e-06,2.836534030509442e-08,18.933262245399643,-5.909054232568001e-06,-3.3192125653741896e-06,1.1162966414444597e-07,600.1745426834948,0.09872502717084286,0.0033220827715163704,600.1731742827577,0.09859666852102267,0.003266841158428876,733.5153982840293,0.09881216618895516,0.0029407938625994386,733.5144279792693,0.09868904666771039,0.0028885630173216895
2.99,-7.59258730852944e-06,4.924527662965428e-05,18.933262492710313,-4.745413381274094e-06,0.00028538029852402425,8.452384912877826e-08,600.2345255205358,0.1133639328644298,0.0027403967448940154,600.2337109542747,0.11326085124929719,0.0026895138379725305,733.4976595303981,0.10564453761768844,0.0019966135557368224,733.497247867423,0.10554566341541838,0.0019447596177297425
3.0,-7.109162518850785e-06,9.671643606977596e-05,18.933263224477795,-3.4444039585665424e-06,0.000563854783297549,5.5397687060036835e-08,600.2586491085939,0.12511588393598894,0.0021348256759398058,600.2584006324882,0.12504106332611453,0.002089956436794334,733.4415575635339,0.10986652182742862,0.0010814977527321724,733.4417018592627,0.10979475511996295,0.0010318533402325842
