time_s,ay_mps2,ax_mps2,speed_mps,roll_deg,pitch_deg,yaw_rate_radps,Fz_FL,jounce_FL_mm,geometric_FL_n,Fz_FR,jounce_FR_mm,geometric_FR_n,Fz_RL,jounce_RL_mm,geometric_RL_n,Fz_RR,jounce_RR_mm,geometric_RR_n
0.0,0.0,0.0,15.0,0.0,0.0,0.0,598.5082183333004,-0.0,0.0,598.5082183333004,-0.0,0.0,731.5100446295896,-0.0,-0.0,731.5100446295896,-0.0,0.0
0.01,1.5564457453646112e-18,1.1169533421866411e-18,15.0,-7.690214185456993e-20,6.525848523229256e-18,-8.36050385059357e-22,598.5082183333004,-0.0,4.612309176578372e-17,598.5082183333004,-0.0,5.424656355314361e-17,731.5100446295896,-0.0,-7.688233257189539e-17,731.5100446295896,-0.0,-6.585622092129771e-17
0.02,2.7945401668247537e-18,4.467813361824715e-18,15.0,-3.0751118349069575e-19,2.6103394052475815e-17,-5.043696727749423e-22,598.5082183333004,-0.0,9.319550574517024e-17,598.5082183333004,-0.0,1.0754380448257996e-16,731.5100446295896,-0.0,-1.525853805282008e-16,731.5100446295896,-0.0,-1.328917258749642e-16
0.03,3.787364886569916e-18,1.0052580051914078e-17,15.0,-6.917286395933165e-19,5.873263654684105e-17,4.8812006147583005e-22,598.5082183333004,-0.0,1.410022928658992e-16,598.5082183333004,-0.0,1.6010667203859926e-16,731.5100446295896,-0.0,-2.2734251597509485e-16,731.5100446295896,-0.0,-2.008731430080021e-16
0.04,4.590457542412855e-18,1.787125340864091e-17,15.0,-1.2295008532226703e-18,1.0441357598404254e-16,1.8204979679349935e-21,598.5082183333004,-0.0,1.8938348965774226e-16,598.5082183333004,-0.0,2.1209512980413666e-16,731.5100446295896,-0.0,-3.0133522712658826e-16,731.5100446295896,-0.0,-2.696189842666843e-16
0.05,5.2462317371133864e-18,2.79238334301902e-17,15.0,-1.9208022887967836e-18,1.6314621235347598e-16,3.2936021058350794e-21,598.5082183333004,-0.0,2.382193506797466e-16,598.5082183333004,-0.0,2.6362892329008995e-16,731.5100446295896,-0.0,-3.747050706533351e-16,731.5100446295896,-0.0,-3.389876930798273e-16
0.06,5.787225241209974e-18,4.021032011597232e-17,15.0,-2.76562465103132e-18,2.349305456516965e-16,4.787303402023025e-21,598.5082183333004,-0.0,2.874197319410139e-16,598.5082183333004,-0.0,3.1479819652954665e-16,731.5100446295896,-0.0,-4.475627441788198e-16,731.5100446295896,-0.0,-4.0886857188394523e-16
0.07,6.3582419207855054e-18,5.474198465202996e-17,15.0,-3.764746177366629e-18,3.198324282737984e-16,6.12646161949084e-21,598.5082183333004,-0.0,3.40102232743519e-16,598.5082183333004,-0.0,3.69490229865551e-16,731.5100446295896,-0.0,-5.254009478983894e-16,731.5100446295896,-0.0,-4.837307598936884e-16
0.08,5.636222139898005e-19,7.098837003226585e-17,15.0,-4.9154429767792775e-18,4.147526420706159e-16,4.1533607150164445e-20,598.5082183333004,-0.0,3.70815578758057e-16,598.5082183333004,-0.0,3.653861888550552e-16,731.5100446295895,-0.0,-5.417779384888885e-16,731.5100446295895,-0.0,-5.388808986736441e-16
0.09,5.0669206891191395e-17,8.808597438061006e-17,15.0,-1.1405048400120445e-17,5.14646139742568e-16,-2.4795724069526614e-19,598.5082183333005,-0.0,2.7386715392721644e-16,598.5082183333004,-0.0,5.543804606327408e-16,731.5100446295896,-0.0,-6.860652352189374e-16,731.5100446295895,-0.0,-3.6762281545965873e-16
0.1,-1.7694217215094517e-17,1.0642733255596636e-16,15.0,-1.5070985019157307e-17,6.218063232900265e-16,2.38887268943887e-19,598.5082183333005,-0.0,4.84894295000706e-16,598.5082183333005,-0.0,3.55751603834814e-16,731.5100446295895,-0.0,-4.770310544740305e-16,731.5100446295895,-0.0,-5.942889503810344e-16
0.11,-1.3131042702842093e-17,1.2442798245970082e-16,15.0,-1.581514760457818e-17,7.269759039293434e-16,1.5874232262667306e-19,598.5082183333005,-0.0,4.652087331119828e-16,598.5082183333005,-0.0,3.6733091262922925e-16,731.5100446295896,-0.0,-4.822438727867038e-16,731.5100446295895,-0.0,-5.775479980197325e-16
0.12,-6.97138845312559e-17,1.4228248275884197e-16,15.0,-1.623654186694493e-17,8.312915991418629e-16,5.336333391040093e-19,598.5082183333004,-0.0,6.381903562487112e-16,598.5082183333005,-0.0,2.0614774131591867e-16,731.5100446295895,-0.0,-3.103563836305303e-16,731.5100446295896,-0.0,-7.662144024903258e-16
0.13,-8.086828773104357e-17,1.599820160397242e-16,15.0,-1.6486481829666212e-17,9.347018928044173e-16,5.994889828627172e-19,598.5082183333004,-0.0,6.631132431229002e-16,598.5082183333005,-0.0,1.6580643446635599e-16,731.5100446295895,-0.0,-2.6328380954591694e-16,731.5100446295896,-0.0,-7.913600011614808e-16
0.14,5.164007063460927e-17,1.777425636192951e-16,15.0,-1.295876636736934e-17,1.0384686651630417e-15,-4.1912641232032214e-19,598.5082183333005,-0.0,2.6140343378861084e-16,598.5082183333004,-0.0,5.626020374961971e-16,731.5100446295896,-0.0,-6.75125770948542e-16,731.5100446295895,-0.0,-3.725294066183395e-16
0.15,5.628690134543207e-17,1.9471946368028213e-16,15.0,-1.1106147348091976e-17,1.1376569427817951e-15,-4.7654492669653945e-19,598.5082183333005,-0.0,2.3647552636583946e-16,598.5082183333004,-0.0,5.692150144941689e-16,731.5100446295896,-0.0,-6.765062952573935e-16,731.5100446295895,-0.0,-3.4510269665848035e-16
0.16,-5.45465623927255e-17,2.1149197903160522e-16,15.0,-1.3931006816067942e-17,1.2356510938373743e-15,3.8330906752159257e-19,598.5082183333004,-0.0,5.691923610603692e-16,598.5082183333005,-0.0,2.332409741024972e-16,731.5100446295895,-0.0,-3.274308113357909e-16,731.5100446295896,-0.0,-6.895460153289184e-16
0.17,-8.455904038430028e-17,2.292021011917144e-16,15.0,-1.0796593034991143e-17,1.339123253487751e-15,5.657504835681961e-19,598.5082183333004,-0.0,6.723376974791096e-16,598.5082183333005,-0.0,1.6352528056259112e-16,731.5100446295895,-0.0,-2.5679598864319354e-16,731.5100446295896,-0.0,-8.077220879456742e-16
0.18,9.718885524769694e-17,2.4697721946505994e-16,15.0,-2.320000267175607e-18,1.4429751557590227e-15,-8.535508806384182e-19,598.5082183333005,-0.0,1.1733926933800416e-16,598.5082183333004,-0.0,7.090484634667527e-16,731.5100446295896,-0.0,-8.402173980867489e-16,731.5100446295895,-0.0,-2.4982969724140106e-16
0.19,6.10688090213023e-17,2.647745164962328e-16,15.0,-1.1307671665926056e-17,1.5469566383883524e-15,-3.992986277267316e-19,598.5082183333005,-0.0,2.6258059848690163e-16,598.5082183333005,-0.0,6.123175590846972e-16,731.5100446295896,-0.0,-6.946273878025596e-16,731.5100446295895,-0.0,-3.194739131421264e-16
0.2,-1.0519890497943736e-16,2.823424473776606e-16,15.0,-1.575408007213837e-17,1.6495980393033806e-15,8.426232306693381e-19,598.5082183333004,-0.0,7.271873110587872e-16,598.5082183333005,-0.0,7.853147389597496e-17,731.5100446295895,-0.0,-1.907035936980977e-16,731.5100446295896,-0.0,-8.622669351079623e-16
0.21,-1.174009087776139e-16,3.000664204754081e-16,15.0,-1.4092253675002777e-17,1.7531511236598469e-15,8.697718696955173e-19,598.5082183333004,-0.0,7.807768599469638e-16,598.5082183333005,-0.0,6.688973580724012e-17,731.5100446295895,-0.0,-1.5327630454706888e-16,731.5100446295896,-0.0,-9.069100459203697e-16
0.22,-7.77780787967539e-17,3.1872731030279365e-16,15.0,-1.7584616347049143e-17,1.8621781847936495e-15,6.158587371129052e-19,598.5082183333012,5.551115123125783e-14,6.764640232553175e-16,598.5082183333004,-0.0,1.9254529940307443e-16,731.5100446295895,-0.0,-2.978899990951194e-16,731.5100446295896,-0.0,-8.029073225944453e-16
0.23,2.7294596006718863e-16,3.3459771071340806e-16,15.0,-2.560785900480201e-17,1.954901690038651e-15,-1.8129808207892396e-18,598.508218333301,5.551115123125783e-14,-5.406808642825398e-16,598.508218333301,5.551115123125783e-14,1.0481197013239088e-15,731.5100446295896,-0.0,-1.2921712525267775e-15,731.5100446295895,-0.0,4.1112691687083846e-16
0.24,1.8226225739352605e-16,3.4289089487531163e-16,15.0,-5.009466043495486e-17,2.0033549795107757e-15,-9.594267784451328e-19,598.508218333301,5.551115123125783e-14,-5.501288746867564e-16,598.508218333301,5.551115123125783e-14,4.584543042706308e-16,731.5100446295896,-0.0,-9.512133409194392e-16,731.5100446295896,-0.0,1.7366879027549472e-16
0.25,1.0551473522913886e-16,3.433501132425003e-16,15.0,-7.349846142545867e-17,2.0060379828110665e-15,-3.1956111044632387e-19,598.508218333301,5.551115123125783e-14,-6.024004265657155e-16,598.508218333301,5.551115123125783e-14,-7.892663867069316e-17,731.5100446295896,-0.0,-6.706468836494265e-16,731.5100446295896,-0.0,-4.8846662637765884e-17
0.26,-1.5572574833632267e-16,3.3683076186362315e-16,15.0,-8.246358770631044e-17,1.9679483885895477e-15,1.3868122868161059e-18,598.5082183333009,5.551115123125783e-14,-4.621014759564781e-17,598.5082183333009,5.551115123125783e-14,-1.0687593526731703e-15,731.5100446295896,-0.0,2.156926779108615e-16,731.5100446295896,-0.0,-8.39597207064866e-16
0.27,-1.6704821394412385e-16,3.242222930600632e-16,15.0,-9.284067453965958e-17,1.8942828607521773e-15,1.4010703765309346e-18,598.508218333301,5.551115123125783e-14,-2.223477461670604e-16,598.5082183333002,-0.0,-1.3144822525934666e-15,731.5100446295896,-0.0,2.8854912392400973e-16,731.5100446295896,-0.0,-8.595404647860097e-16
0.28,-1.0082189082540732e-15,3.085861574432361e-16,15.0,-3.8432872129229104e-17,1.8029280577625343e-15,6.528855181265115e-18,598.5082183333003,-0.0,2.1590856820648443e-15,598.5082183333003,-0.0,-3.805784020674883e-15,731.5100446295895,-0.0,2.9510222465209818e-15,731.5100446295896,-0.0,-3.532580327970769e-15
0.29,-1.8847421735056654e-16,2.9482766656467684e-16,15.0,2.1949710421511913e-17,1.7225434758909793e-15,1.6675045536962965e-19,598.5082183333003,-0.0,-2.027664454472841e-16,598.5082183333003,-0.0,-1.1901726496732835e-15,731.5100446295895,-0.0,2.751084497300893e-16,731.5100446295896,-0.0,-1.0260449763654949e-15
0.3,-9.088100221871597e-17,2.850679210811221e-16,15.0,5.267496804366363e-17,1.6655217380570042e-15,-4.0232256513912412e-19,598.5082183333003,-0.0,-3.672723714332905e-16,598.5082183333003,-0.0,-7.617214831107885e-16,731.5100446295895,-0.0,-1.112991860516367e-16,731.5100446295896,-0.0,-7.410576296078046e-16
0.31,7.326483699228876e-17,2.7895320782312743e-16,15.0,7.355284791945632e-17,1.6297962596708295e-15,-1.3228358046815712e-18,598.5082183333003,-0.0,-7.261523113463907e-16,598.5082183333004,-0.0,-1.5179221333965417e-16,731.5100446295896,-0.0,-6.948823845443031e-16,731.5100446295896,-0.0,-2.3212509350519707e-16
0.32,-9.283512708000868e-17,2.7629446229216186e-16,15.0,9.813884148970932e-17,1.6142624231697207e-15,-2.890643000338677e-20,598.5082183333003,-0.0,-1.6571800885563878e-16,598.5082183333004,-0.0,-5.69750136094438e-16,731.5100446295895,-0.0,-2.623044706928031e-16,731.5100446295896,-0.0,-8.009039107154804e-16
0.33,7.289698913777667e-17,2.757326054316227e-16,15.0,1.164491245085046e-16,1.6109797500041278e-15,-1.0331939823148762e-18,598.5082183333004,-0.0,-6.171690390785038e-16,598.5082183333004,-0.0,-3.730039020254453e-17,731.5100446295895,-0.0,-8.600863181558958e-16,731.5100446295896,-0.0,-3.0911614731235443e-16
0.34,2.6702449894378183e-16,2.7598866210375543e-16,15.0,1.1598640279162286e-16,1.6124757722573307e-15,-2.0562696932627322e-18,598.5082183333004,-0.0,-1.1886268969182004e-15,598.5082183333004,-0.0,5.104221076262764e-16,731.5100446295895,-0.0,-1.507092955937116e-15,731.5100446295895,-0.0,3.1000936279439495e-16
0.35000000000000003,2.036591388434229e-16,2.761172373352239e-16,15.0,1.0676159251908965e-16,1.6132269786441253e-15,-1.290927649436126e-18,598.5082183333004,-0.0,-9.811232093429217e-16,598.5082183333004,-0.0,3.0291815126468113e-16,731.5100446295895,-0.0,-1.3200921481893932e-15,731.5100446295895,-0.0,1.230089372953709e-16
0.36,1.565441952278345e-16,2.7624580767225943e-16,15.0,9.7605642302591e-17,1.6139781564349825e-15,-7.865645005246031e-19,598.5082183333004,-0.0,-8.292183153851901e-16,598.5082183333004,-0.0,1.5101308017580354e-16,731.5100446295895,-0.0,-1.1754396126101032e-15,731.5100446295895,-0.0,-2.1643346380657297e-17
0.37,1.2130517656048044e-16,2.763743747950731e-16,15.0,8.849491315799488e-17,1.6147293154466085e-15,-4.567880784334299e-19,598.5082183333004,-0.0,-7.170960798064674e-16,598.5082183333004,-0.0,3.8890728780381295e-17,731.5100446295895,-0.0,-1.0627744450555777e-15,731.5100446295895,-0.0,-1.343083492289446e-16
0.38,9.479678921259014e-17,2.765029398257708e-16,15.0,7.94136181108195e-17,1.6154804622349564e-15,-2.4336595392074887e-19,598.5082183333004,-0.0,-6.335889906984572e-16,598.5082183333004,-0.0,-4.461643528097481e-17,731.5100446295895,-0.0,-9.74397012977916e-16,731.5100446295895,-0.0,-2.226856747133129e-16
0.39,7.474511928862797e-17,2.7663150351064195e-16,15.0,7.035125757549525e-17,1.6162316011602532e-15,-1.0713257730518921e-19,598.5082183333004,-0.0,-5.7077781843616e-16,598.5082183333004,-0.0,-1.074276553881121e-16,731.5100446295895,-0.0,-9.045519192334563e-16,731.5100446295895,-0.0,-2.9253070041625933e-16
0.4,5.949683936558197e-17,2.767600663435114e-16,15.0,6.130088389924904e-17,1.616982735107694e-15,-2.1815459654599342e-20,598.5082183333004,-0.0,-5.230206124648051e-16,598.5082183333004,-0.0,-1.551848913226368e-16,731.5100446295895,-0.0,-8.489126018910741e-16,731.5100446295895,-0.0,-3.481699751471617e-16
0.41000000000000003,4.784279102004417e-17,2.7688862864909217e-16,15.0,5.22579286786142e-17,1.617733865974427e-15,3.01532673166089e-20,598.5082183333004,-0.0,-4.862777894697313e-16,598.5082183333004,-0.0,-1.9192773256900505e-16,731.5100446295895,-0.0,-8.042088384109263e-16,731.5100446295895,-0.0,-3.928737126716226e-16
0.42,3.8893392086018253e-17,2.770171906392114e-16,15.0,4.3219411704824976e-17,1.6184849949980623e-15,6.047563177019595e-20,598.5082183333004,-0.0,-4.57641760933247e-16,598.5082183333004,-0.0,-2.2056377175463133e-16,731.5100446295895,-0.0,-7.67955997365838e-16,731.5100446295895,-0.0,-4.2912653857226024e-16
0.43,3.1990263088728446e-17,2.7714575245066193e-16,15.0,3.4183408430332506e-17,1.6192361229778183e-15,7.690965622429112e-20,598.5082183333004,-0.0,-4.350081246494102e-16,598.5082183333004,-0.0,-2.431974138100588e-16,731.5100446295895,-0.0,-7.382570925760441e-16,731.5100446295895,-0.0,-4.588254351541105e-16
0.44,2.664325059453234e-17,2.7727431417062165e-16,15.0,2.5148692345086343e-17,1.619987250423035e-15,8.456866847940961e-20,598.5082183333004,-0.0,-4.16845045327526e-16,598.5082183333004,-0.0,-2.6136049582177054e-16,731.5100446295895,-0.0,-7.136572022456104e-16,731.5100446295895,-0.0,-4.834253216592652e-16
0.45,1.8199083266651242e-17,2.774250646012537e-16,15.0,1.6170893607581328e-17,1.62086801637624e-15,1.1757090635160964e-19,598.5082183333004,-0.0,-3.9351593963014096e-16,598.5082183333004,-0.0,-2.9313791412683077e-16,731.5100446295895,-0.0,-7.03081410297083e-16,731.5100446295895,-0.0,-5.409964127179491e-16
0.46,4.1297509654498773e-17,2.766672874840963e-16,15.0,6.083038702487783e-18,1.6164406705828538e-15,-6.634330755476638e-20,598.5082183332999,-5.551115123125783e-14,-2.802816161295383e-16,598.5082183332999,-5.551115123125783e-14,-4.908526766973094e-17,731.5100446295887,-5.551115123125783e-14,-2.9587422639196463e-16,731.5100446295887,-5.551115123125783e-14,-3.636946784228876e-18
0.47000000000000003,3.298978305835757e-17,2.741806701688203e-16,15.0,-5.091818901360899e-18,1.6019125006747334e-15,-9.655771050976032e-21,598.5082183332999,-5.551115123125783e-14,2.79089978719076e-17,598.5082183332999,-5.551115123125783e-14,2.0044504499574223e-16,731.5100446295887,-5.551115123125783e-14,3.0408776238898507e-16,731.5100446295887,-5.551115123125783e-14,5.292866222958964e-16
0.48,2.776828954516248e-17,2.709293750190461e-16,15.0,-1.6209150117459554e-17,1.5829166672317722e-15,2.4299860630559637e-20,598.5082183333004,-0.0,2.990596972224968e-16,598.5082183333004,-0.0,4.3133207585458043e-16,731.5100446295897,-0.0,7.390848618952727e-16,731.5100446295897,-0.0,9.167825129769234e-16
0.49,2.4461360353209567e-17,2.694388471924299e-16,15.0,-2.7451614962352636e-17,1.5742081935213904e-15,4.9459704848721243e-20,598.5082183333004,-0.0,2.816217129285036e-16,598.5082183333004,-0.0,3.843520818109735e-16,731.5100446295897,-0.0,5.242336149767911e-16,731.5100446295897,-0.0,6.670250284915674e-16
0.5,-1.3168478678296032e-16,2.708297096593581e-16,15.0,-3.476045490176712e-17,1.5823343680293148e-15,1.115639324318024e-18,598.5082183333004,-0.0,8.083716600546832e-16,598.5082183333004,-0.0,-1.9585825301080586e-17,731.5100446295896,-0.0,9.263758201352483e-16,731.5100446295896,-0.0,7.034303616851539e-17
0.51,-6.147197333305105e-17,2.7399654792528285e-16,15.0,-3.2435797683467835e-17,1.600836758451938e-15,4.422217513700266e-19,598.5082183333005,-0.0,6.078317374037168e-16,598.5082183333004,-0.0,2.1630463576907784e-16,731.5100446295896,-0.0,6.841817598976908e-16,731.5100446295896,-0.0,2.5297322547518314e-16
0.52,-8.346769363477539e-17,2.7798344301996835e-16,15.0,-3.5648378612301186e-17,1.6241303665940551e-15,5.94481376994823e-19,598.5082183333005,-0.0,6.82680268673488e-16,598.5082183333005,-0.0,1.576386513567431e-16,731.5100446295896,-0.0,7.009340490403137e-16,731.5100446295896,-0.0,1.2690317129713251e-16
0.53,-3.547882634638921e-17,2.833047788098166e-16,15.0,-3.318381392658494e-17,1.6552205025864905e-15,1.6638053545764358e-19,598.5082183333005,-0.0,5.66390868836625e-16,598.5082183333005,-0.0,3.3702217146185166e-16,731.5100446295896,-0.0,5.078300742339431e-16,731.5100446295896,-0.0,2.2941831871919227e-16
0.54,5.036933490859386e-17,2.891942360843557e-16,15.0,-3.412766707235947e-17,1.6896299130838277e-15,-4.550628845872647e-19,598.5082183333005,-0.0,2.79061792815449e-16,598.5082183333004,-0.0,5.601810201164521e-16,731.5100446295896,-0.0,1.5690046064960177e-16,731.5100446295896,-0.0,4.1754225827678696e-16
0.55,-6.801626100515899e-17,2.9543474806193987e-16,15.0,-3.4190270462739664e-17,1.7260903759652819e-15,3.8403814115936537e-19,598.5082183333005,-0.0,6.54533837882524e-16,598.5082183333005,-0.0,2.3150966495635474e-16,731.5100446295896,-0.0,5.646695931800519e-16,731.5100446295896,-0.0,7.898512373136755e-17
0.56,9.941193381806094e-17,3.0212848058957356e-16,15.0,-3.9816432858666513e-17,1.765198799639304e-15,-7.209663834221753e-19,598.5082183333005,-0.0,1.7139542074205618e-16,598.5082183333005,-0.0,7.30558752227941e-16,731.5100446295896,-0.0,-2.684301312191144e-17,731.5100446295896,-0.0,5.464500309944828e-16
0.5700000000000001,-1.9094424743904376e-16,3.095678090298261e-16,15.0,-3.2845943293697076e-17,1.808663399888942e-15,1.2181946212384846e-18,598.5082183333004,-0.0,9.928165902352386e-16,598.5082183333005,-0.0,-1.5669419199277856e-16,731.5100446295896,-0.0,8.270973913161165e-16,731.5100446295896,-0.0,-4.3601453413067383e-16
0.58,-3.7650617466062654e-16,3.1720377401887606e-16,15.0,-1.8215412709701776e-17,1.8532768577346106e-15,2.382602094728998e-18,598.5082183333011,5.551115123125783e-14,1.4878316022141946e-15,598.5082183333004,-0.0,-7.378530875207479e-16,731.5100446295896,-0.0,1.3645632413661673e-15,731.5100446295896,-0.0,-1.0678956504457007e-15
0.59,1.915189301269063e-16,3.227613264670299e-16,15.0,-2.4908649847107064e-19,1.8857470998358184e-15,-1.7747246351570718e-18,598.508218333301,5.551115123125783e-14,-3.6056228989144566e-16,598.508218333301,5.551115123125783e-14,8.183123781844449e-16,731.5100446295896,-0.0,-3.948038488764057e-16,731.5100446295896,-0.0,7.628604404150255e-16
0.6,1.5728209623527377e-16,3.2185857397146415e-16,15.0,-1.2123029020960465e-17,1.880472729083235e-15,-1.2362557218043307e-18,598.508218333301,5.551115123125783e-14,-5.521754348960829e-16,598.508218333301,5.551115123125783e-14,3.839367407966009e-16,731.5100446295896,-0.0,-2.7213857863331705e-16,731.5100446295896,-0.0,6.901847882868826e-16
0.61,-2.073437074431206e-16,3.1486457302836697e-16,15.0,-2.8484781215357177e-18,1.8396099741210424e-15,1.2768928924288811e-18,598.5082183333004,-0.0,4.368726188676285e-16,598.5082183333004,-0.0,-7.798012133186194e-16,731.5100446295896,-0.0,8.521153688412996e-16,731.5100446295896,-0.0,-4.818043751872545e-16
0.62,-1.5981759723443418e-16,3.0917568694605927e-16,15.0,1.875655962896349e-17,1.8063724095452755e-15,7.635704228889103e-19,598.5082183333004,-0.0,3.2809137548964e-16,598.5082183333004,-0.0,-5.706501346376842e-16,731.5100446295896,-0.0,6.274695940436246e-16,731.5100446295896,-0.0,-3.9989740984318626e-16
0.63,-1.2426208080515881e-16,3.0572071080644e-16,15.0,4.016195167455733e-17,1.786186561052815e-15,4.2903411529604096e-19,598.5082183333004,-0.0,2.5962523437186483e-16,598.5082183333004,-0.0,-4.0181422100623936e-16,731.5100446295896,-0.0,4.3498086595168467e-16,731.5100446295896,-0.0,-3.501474019104278e-16
0.64,-9.749781400077365e-17,3.044996434601046e-16,15.0,6.138386905163109e-17,1.7790524219282154e-15,2.1372122300319938e-19,598.5082183333004,-0.0,2.2014895434131118e-16,598.5082183333004,-0.0,-2.6196821033299887e-16,731.5100446295896,-0.0,2.669112586698015e-16,731.5100446295896,-0.0,-3.2481645524180916e-16
0.65,-8.595987610836846e-17,3.0548995853677816e-16,15.0,8.18753396730553e-17,1.784838380872561e-15,1.4981710640217904e-19,598.5082183333004,-0.0,2.2914785291383986e-16,598.5082183333004,-0.0,-1.689803791747022e-16,731.5100446295896,-0.0,1.443731639733854e-16,731.5100446295896,-0.0,-3.4576098934478765e-16
0.66,4.230394193549192e-16,3.084196346038759e-16,15.0,9.522534541620829e-17,1.8019551408247555e-15,-3.3715259662024784e-18,598.5082183333003,-0.0,-1.2957818401060148e-15,598.5082183333011,5.551115123125783e-14,1.3347639787674659e-15,731.5100446295896,-0.0,-1.5190058856888992e-15,731.5100446295896,-0.0,1.2287016321075042e-15
0.67,6.851896439799386e-16,3.110418268489235e-16,15.0,4.1456237800325416e-17,1.8172754131617066e-15,-4.305537514648055e-18,598.5082183333004,-0.0,-1.9973412598460345e-15,598.5082183333004,-0.0,2.0554898860529524e-15,731.5100446295896,-0.0,-2.4135732253717224e-15,731.5100446295896,-0.0,2.029592936895901e-15
0.68,5.707486489177258e-16,3.157421735884278e-16,15.0,-2.3005804994405177e-17,1.844737393595563e-15,-2.8380571091319237e-18,598.5082183333004,-0.0,-1.5425349733114434e-15,598.5082183333004,-0.0,1.7117903417578717e-15,731.5100446295896,-0.0,-2.1250411322812683e-15,731.5100446295895,-0.0,1.5914827560201998e-15
0.6900000000000001,-5.271340282648411e-16,3.2084983098748574e-16,15.0,-5.0837755708380035e-17,1.8745791042882853e-15,4.817086565535758e-18,598.5082183333011,5.551115123125783e-14,1.6517466118792125e-15,598.5082183333003,-0.0,-1.6303885146134717e-15,731.5100446295896,-0.0,1.363703053998221e-15,731.5100446295896,-0.0,-1.896716238260943e-15
0.7000000000000001,-7.218755010201379e-16,3.2176809116403635e-16,15.0,3.645068395759423e-18,1.879944079342079e-15,5.000128149840237e-18,598.5082183333009,5.551115123125783e-14,1.8947723019816705e-15,598.508218333301,5.551115123125783e-14,-2.3803675022832704e-15,731.5100446295896,-0.0,2.095659614161623e-15,731.5100446295896,-0.0,-2.4685454669302833e-15
0.71,3.3167670755462876e-16,3.163711108172481e-16,15.0,3.323684068888096e-17,1.8484119867328778e-15,-2.8564628566544484e-18,598.5082183333003,-0.0,-1.4050199445569372e-15,598.508218333301,5.551115123125783e-14,6.459151699219335e-16,731.5100446295896,-0.0,-1.230904020111452e-15,731.5100446295896,-0.0,8.409690367107387e-16
0.72,3.405280926469156e-16,3.101940997328504e-16,15.0,-5.535127350927008e-18,1.8123225305840897e-15,-2.2250382862655416e-18,598.5082183333004,-0.0,-1.3606941580857299e-15,598.5082183333003,-0.0,6.413053216780687e-16,731.5100446295896,-0.0,-1.3683584900381273e-15,731.5100446295896,-0.0,7.938876499610403e-16
0.73,2.4893611959548694e-16,3.0679094893707134e-16,15.0,-3.7612067388760265e-17,1.7924394739189976e-15,-1.256771784691837e-18,598.5082183333004,-0.0,-1.0012258637867791e-15,598.5082183333004,-0.0,3.978252894673876e-16,731.5100446295896,-0.0,-1.1605750925962707e-15,731.5100446295896,-0.0,4.211540322552821e-16
0.74,1.0172557545838483e-16,3.0540368920711084e-16,15.0,-6.621456229075888e-17,1.7843343485586355e-15,-9.633962048790189e-20,598.5082183333004,-0.0,-5.073474006866377e-16,598.5082183333004,-0.0,-1.8866918480630646e-17,731.5100446295896,-0.0,-7.351070750428728e-16,731.5100446295895,-0.0,-1.0488626036906148e-16
0.75,2.518085658229447e-16,3.057699737107809e-16,15.0,-9.876087848805144e-17,1.7864743817158644e-15,-1.0640731054147102e-18,598.5082183333004,-0.0,-9.061900368923075e-16,598.5082183333004,-0.0,4.3772845424603135e-16,731.5100446295896,-0.0,-1.2607290814909507e-15,731.5100446295895,-0.0,2.853980526201678e-16
0.76,-5.413952271815593e-16,3.062338073925681e-16,15.0,-1.0243402234602086e-16,1.789184350192604e-15,4.2030527885279465e-18,598.5082183333004,-0.0,1.3684381078986266e-15,598.5082183333004,-0.0,-1.9709238997156387e-15,731.5100446295895,-0.0,1.2580455224456238e-15,731.5100446295896,-0.0,-2.2464929313571427e-15
0.77,-2.5536624303750993e-16,3.07170979537068e-16,15.0,-8.479719282333328e-17,1.794659819242389e-15,1.726578068810438e-18,598.5082183333004,-0.0,5.79972928487346e-16,598.5082183333004,-0.0,-1.0003228869215978e-15,731.5100446295895,-0.0,3.6977078797547506e-16,731.5100446295896,-0.0,-1.3619281103187138e-15
0.78,-9.442179414450034e-17,3.1005028643327327e-16,15.0,-8.941335742152898e-17,1.81148229512105e-15,6.028556046466098e-19,598.5082183333011,5.551115123125783e-14,1.310274039893472e-16,598.5082183333003,-0.0,-4.986694810157834e-16,731.5100446295895,-0.0,-1.6873558497028143e-16,731.5100446295896,-0.0,-8.88551223316298e-16
0.79,-7.819608288300171e-16,3.112689603420569e-16,15.0,-3.634015038125111e-17,1.8186024504825663e-15,4.753534723317461e-18,598.5082183333003,-0.0,2.0340688898573232e-15,598.5082183333004,-0.0,-2.567377954249425e-15,731.5100446295895,-0.0,2.0206134925279183e-15,731.5100446295896,-0.0,-3.053747584644349e-15
0.8,-4.09137377040219e-16,3.1330689820674465e-16,15.0,2.645881874742177e-17,1.830509191169397e-15,1.6106794719508145e-18,598.5082183333004,-0.0,9.290949931761206e-16,598.5082183333004,-0.0,-1.3548077196049466e-15,731.5100446295895,-0.0,7.617074833208832e-16,731.5100446295896,-0.0,-1.939427417040448e-15
0.81,6.7730246047107e-16,3.1564603610783414e-16,15.0,4.328295780533825e-17,1.8441757061802845e-15,-5.785331429704961e-18,598.5082183333003,-0.0,-2.3882027541983595e-15,598.508218333301,5.551115123125783e-14,1.7697487842822753e-15,731.5100446295896,-0.0,-2.669724141574072e-15,731.5100446295895,-0.0,1.5409555979139852e-15
0.8200000000000001,3.147040791569509e-16,3.1663055486653354e-16,15.0,1.7503792568044335e-19,1.84992779988455e-15,-2.2017208038545293e-18,598.5082183332999,-5.551115123125783e-14,-1.1521286101035071e-15,598.5082183332999,-5.551115123125783e-14,7.136467102144504e-16,731.5100446295887,-5.551115123125783e-14,-1.4850080039421628e-15,731.5100446295886,-5.551115123125783e-14,5.064080879393604e-16
0.8300000000000001,-9.106397663476012e-17,3.1747006470415837e-16,15.0,-2.0937450407451786e-17,1.8548326726551308e-15,9.800026557676625e-19,598.5082183333005,-0.0,1.4847500912776353e-16,598.5082183332997,-5.551115123125783e-14,-4.454474325929037e-16,731.5100446295887,-5.551115123125783e-14,6.902624311392966e-17,731.5100446295887,-5.551115123125783e-14,-4.894348009118577e-16
0.84,-3.6871078754098585e-16,3.150143202240711e-16,15.0,1.2197364038835522e-17,1.8404848786305097e-15,2.411025653756499e-18,598.5082183332999,-5.551115123125783e-14,1.1465795653792e-15,598.5082183332999,-5.551115123125783e-14,-1.016548016034872e-15,731.5100446295887,-5.551115123125783e-14,1.5333020405479401e-15,731.5100446295888,-5.551115123125783e-14,-7.990430670265502e-16
0.85,-1.834864769805628e-16,3.1154727040901353e-16,15.0,4.596481198809624e-17,1.8202284891637284e-15,7.913389995727026e-19,598.5082183333004,-0.0,7.832676996732313e-16,598.5082183333004,-0.0,-2.2009478767604993e-16,731.5100446295897,-0.0,1.250258474216545e-15,731.5100446295897,-0.0,9.265226531708877e-17
0.86,-1.175068406342978e-16,3.0986565107755864e-16,15.0,7.513303295482295e-17,1.8104035550180232e-15,2.2746784762110854e-19,598.5082183333004,-0.0,5.686890123040026e-16,598.5082183333004,-0.0,-8.542546408644672e-18,731.5100446295896,-0.0,9.10777407657569e-16,731.5100446295897,-0.0,1.955872263404358e-16
0.87,3.427381402420593e-16,3.095997160325524e-16,15.0,6.766445309252044e-17,1.808849817941297e-15,-2.6013163837238638e-18,598.5082183333004,-0.0,-7.345146098546662e-16,598.5082183333004,-0.0,1.375178597641383e-15,731.5100446295897,-0.0,-6.129008961354565e-16,731.5100446295896,-0.0,1.6176028642927806e-15
0.88,1.936881913382203e-16,3.1158870627744604e-16,15.0,5.294639172467459e-17,1.8204705800287682e-15,-1.1897203503491733e-18,598.5082183333004,-0.0,-2.248391116134035e-16,598.5082183333004,-0.0,9.516985442846118e-16,731.5100446295896,-0.0,-2.2592920521846965e-16,731.5100446295896,-0.0,1.088164891953969e-15
0.89,3.2335289155280376e-16,3.1485520722974427e-16,15.0,4.16440839434146e-17,1.8395552540348917e-15,-1.9801895492139406e-18,598.5082183333004,-0.0,-5.998317959606273e-16,598.5082183333011,5.551115123125783e-14,1.3259166574694745e-15,731.5100446295897,-0.0,-6.44786801911408e-16,731.5100446295896,-0.0,1.4873200216946216e-15
0.9,5.950101242170307e-16,3.1636752180910137e-16,15.0,-2.733652136684421e-17,1.8483910177965496e-15,-3.095622783555245e-18,598.5082183333012,5.551115123125783e-14,-1.4733260183599575e-15,598.5082183333003,-0.0,1.9300175821601207e-15,731.5100446295897,-0.0,-1.5697840176167566e-15,731.5100446295896,-0.0,2.2837642255166505e-15
0.91,-4.438963002353264e-16,3.154970639192174e-16,15.0,-3.435485975836836e-17,1.8433053296834617e-15,3.86586984094471e-18,598.5082183333011,5.551115123125783e-14,1.4874438983358337e-15,598.5082183333003,-0.0,-1.25039464591787e-15,731.5100446295896,-0.0,1.7002801668269386e-15,731.5100446295896,-0.0,-1.0576066412643684e-15
0.92,-5.10554277748368e-16,3.160252614481321e-16,15.0,-1.6541983847961143e-18,1.8463913467388326e-15,3.632891987842443e-18,598.5082183333004,-0.0,1.7379832637402429e-15,598.5082183333004,-0.0,-1.298836466836415e-15,731.5100446295896,-0.0,1.8269806222005944e-15,731.5100446295896,-0.0,-1.3947539421591907e-15
0.93,4.592118820556252e-16,3.184159809927935e-16,15.0,1.1125635402837693e-17,1.8603592297476618e-15,-3.456006170929884e-18,598.5082183333003,-0.0,-1.213197505711617e-15,598.5082183333011,5.551115123125783e-14,1.5468149720423142e-15,731.5100446295896,-0.0,-1.2597374313204083e-15,731.5100446295896,-0.0,1.6253189328814205e-15
0.9400000000000001,-8.381302969781692e-17,3.1933442768546534e-16,15.0,-2.555614382846141e-17,1.865725294530013e-15,9.369517976793128e-19,598.5082183333011,5.551115123125783e-14,3.924780663061447e-16,598.5082183333003,-0.0,-1.6033017014889323e-16,731.5100446295896,-0.0,4.200329018566018e-16,731.5100446295896,-0.0,-1.0101565175836935e-16
0.9500000000000001,-5.492243605843001e-16,3.179210392071372e-16,15.0,3.4510172952662296e-17,1.8574675108199166e-15,3.278401879516026e-18,598.5082183333003,-0.0,1.5540874541580878e-15,598.5082183333011,5.551115123125783e-14,-1.6202964999245805e-15,731.5100446295896,-0.0,1.927253948865844e-15,731.5100446295896,-0.0,-1.5676323841265576e-15
0.96,3.9821948174178426e-16,3.13559142154407e-16,15.0,4.229763509069682e-17,1.831982937413912e-15,-3.289851656883683e-18,598.5082183333004,-0.0,-1.3367768931198782e-15,598.5082183333004,-0.0,1.112628655175988e-15,731.5100446295896,-0.0,-1.0879488502943272e-15,731.5100446295896,-0.0,1.4211641480191137e-15
0.97,3.741066026704478e-16,3.106918997267411e-16,15.0,1.0996193717715252e-17,1.815230948717864e-15,-2.510444419077369e-18,598.5082183333004,-0.0,-1.1060749282133527e-15,598.5082183333004,-0.0,1.1133205329258453e-15,731.5100446295896,-0.0,-1.1281864291337875e-15,731.5100446295896,-0.0,1.2624976563484093e-15
0.98,2.913065558283445e-16,3.1095163685385646e-16,15.0,-2.3263188479887805e-17,1.8167484741895145e-15,-1.531110907125064e-18,598.5082183333004,-0.0,-7.760812954388506e-16,598.5082183333004,-0.0,8.836962112370362e-16,731.5100446295896,-0.0,-9.399738767016805e-16,731.5100446295896,-0.0,9.315470399670213e-16
0.99,-3.4532251644149894e-17,3.133221648790703e-16,15.0,-5.5364902211249884e-17,1.8305983873670254e-15,9.632886461170217e-19,598.5082183333011,5.551115123125783e-14,2.2552541760144e-16,598.5082183333003,-0.0,-9.661784460413838e-17,731.5100446295896,-0.0,4.27775818637558e-17,731.5100446295896,-0.0,-1.6031775738323946e-16
1.0,1.411750844554932e-05,-6.066095449110192e-10,15.000000270439697,-4.235712365858422e-08,-3.54412092539675e-09,-7.016323402767165e-07,598.5083556882468,4.411158105455115e-07,-7.337542530498584e-05,598.5080625869455,-4.789811880456796e-07,7.324624304445682e-05,731.5103720187348,5.181789441977003e-07,-5.447298946527171e-06,731.5098188384042,-3.6436309525100796e-07,6.360328644809261e-06
1.01,0.32919990209294836,-0.33408811037850267,14.998330525247649,0.0010060546851583326,9.47215575165753e-05,0.003924028531618978,603.9970618126247,-0.010425917152889763,6.7217328346654845,610.2438545824186,0.01142797281461494,10.38564932178662,728.5560253776752,-0.012541392206077973,-1.014954738395438,731.752870807965,0.00842050225252633,-1.0360497698733766
1.02,0.5739443816824196,-0.6691871018611422,14.993315749070424,0.006887803024142341,0.0007382205770169283,0.013919988180990361,607.9153992987054,-0.07096361991498767,14.019581248215271,623.9023661598552,0.07865577082100117,20.29725328643002,722.1446188651021,-0.08787322082892679,-2.1118266593687594,733.9401821455524,0.055639255999440085,-1.9996919615639612
1.03,0.78916956580691,-1.0048650449958854,14.98494896137422,0.02003672765811209,0.002417935979975453,0.02801210645469273,610.4166027932265,-0.20527315162999216,21.642982127890313,639.3186672305494,0.22997200821800456,29.968770056821523,712.7670486722767,-0.26177673988880823,-3.3673365635229735,737.3622853893477,0.1557033113939732,-2.8084466042595295
1.04,1.0038474003666933,-1.3409460411326637,14.973226442579573,0.041200259532709595,0.0055416441561012735,0.044888643134310256,611.6812890272226,-0.419866344253339,29.446840957582264,656.2896750831362,0.47510076835510784,39.54136864375979,700.810700024653,-0.5514595786783039,-4.7994212227154245,741.4835405614158,0.3069782640277574,-3.4344551994845647
1.05,1.231732477035525,-1.6773820583187538,14.958145327111296,0.07021298044678677,0.010429214381574336,0.06367843641562705,611.895717407098,-0.7121200729046651,37.35011983744838,674.592705656265,0.8130717106294427,49.09808169284073,686.6012442883411,-0.9630218944403635,-6.395412429392214,745.8949758775243,0.4999171632352195,-3.878105036291542
1.06,1.4779317617635057,-2.0141842199471793,14.939702746295843,0.10642367297145029,0.017309576318073505,0.08380253747100536,611.239848542642,-1.0749237032411374,45.30973759519724,693.996920956619,1.2368490363507956,58.685797090746334,670.4282835623508,-1.495832498416727,-8.12853437435653,750.2823793298621,0.7215821701714309,-4.153220019405726
1.07,1.7428330445092948,-2.3513870285611405,14.917895451215482,0.14894209550641155,0.026321823874500796,0.10487633631681476,609.880834187366,-1.4993224859266574,53.30452711566658,714.271133891328,1.7360485187564723,68.32896980295189,652.5597570453879,-2.1450927019037724,-9.9671516706618,754.4052485880687,0.9582223434045911,-4.2789052785751185
1.08,2.0244265744234426,-2.689030566129562,14.89271968374187,0.19678159370926035,0.03751958941149097,0.1266446452094867,607.9695668501145,-1.975995451797108,61.32550746648747,735.1898175251956,2.2985573967954087,78.03822682385177,633.2491141585535,-2.9033692749436124,-11.879699541406458,758.082769952817,1.1967120288084443,-4.275187876412108
1.09,2.3196483077423773,-3.0271522702141005,14.864171173461253,0.24894172853558344,0.05087800190133234,0.1489386048188176,605.6390035577773,-2.4960560907719698,69.37011304137246,756.5381585424672,2.911528568867172,87.81579748081167,612.7379142744448,-3.761546653684056,-13.83709262654223,761.1842174554445,1.4253202647453445,-4.16083293991133
1.1,2.6251378773234992,-3.365783746985299,14.832245190372428,0.3044569945316979,0.06630263278012018,0.17164696815115954,603.0035782204254,-3.051465894295835,77.43885505865939,778.1164536827428,3.562025390052903,97.65898530807092,591.2557249551239,-4.709460794069975,-15.813718974658435,763.62196290767,1.634092070509463,-3.9523751926092086
1.11,2.9376483379698435,-3.7049501629878048,14.796936611253852,0.3624262363833549,0.08363989218552279,0.19469693152356038,600.1593589881953,-3.635225602703407,85.53346211688888,799.7438612133108,4.237469540410266,107.56241219083371,569.0186008417767,-5.73635850887727,-17.787669368718788,765.3459157331524,1.8150021385991422,-3.663812713511658
1.12,3.2542517612354978,-4.044670914041019,14.75823997618419,0.4220307874203126,0.10268837308751977,0.21804131491303924,597.1847792482367,-4.241437218229727,93.65590053721792,821.2614130718059,4.925973177513699,117.51948230720735,546.2270239976793,-6.8312582049119825,-19.74057821121242,766.3386439112002,1.961972174678639,-3.3066426570805962
1.1300000000000001,3.572426785454135,-4.384960872278401,14.716149523777077,0.4825455208500076,0.12321067289544922,0.24164998377019625,594.1418485668556,-4.865287949625818,101.80790414551164,842.5341797427732,5.6165952173933835,127.52333772102226,523.0638874992177,-7.983248608726068,-21.657285354131318,766.610738766403,2.070802592292309,-2.890058602642105
1.1400000000000001,3.8900791477556598,-4.725831822893823,14.67065920157171,0.5433449101292733,0.14494525766753127,0.2655041179198244,591.0777729917689,-5.502984127640276,109.99078762320117,863.4525157226237,6.299539220851136,137.5674726027986,499.69288265231927,-9.181740831490037,-23.525430907537206,766.1962035522045,2.139046870124117,-2.4212112048960623
1.1500000000000001,4.205422371186735,-5.067290545534069,14.621760916969775,0.6039052409344338,0.16761798484241539,0.2895970099169883,588.0259006436036,-6.15165221949765,118.20580486501107,883.9331110959887,6.966300555118932,147.6454239731964,476.25539328074484,-10.416680008215328,-25.334973851173764,765.1492740559942,2.165846122539339,-1.9055093744338638
1.16,4.178929313313488,-5.0570682895368035,14.571211795096392,0.66275938998866,0.19086681676524034,0.30980010240834666,578.9349116036909,-6.797994451773038,119.05371218437303,891.1870851532551,7.598307894952416,146.37575200927884,455.85567702846936,-11.665628361423764,-26.12026052118066,763.2545386606428,2.143069807884257,-0.31651989891151544
1.17,4.25503938275118,-5.0505855576475565,14.520735773834804,0.7156756256711543,0.2140050241197972,0.3240607738288641,571.5979808639626,-7.398832572039716,119.43250214493898,896.3740491081048,8.146823950416938,145.8759114009577,438.97362180479337,-12.868712808675632,-26.86159089578088,758.9865217503161,2.042427121027701,1.2019012449573072
1.18,4.370425036648631,-5.046046001259312,14.470302216410794,0.7602799901237047,0.236319862513741,0.3345194905277548,565.7031006867137,-7.930832440660729,119.56831025277225,899.638740234411,8.583624067141526,145.76314099165083,425.0149730588654,-13.984377378284895,-27.510473328158206,753.3166236981948,1.8560196802192563,2.565316937768122
1.19,4.492784497452391,-5.042496010070447,14.419895754853824,0.7960740326000235,0.2571820805895682,0.3424603855069866,560.9488418973497,-8.390278983504418,119.58678496758822,901.2197812755426,8.901603429066817,145.82408185631223,413.5550886057084,-14.992111694652587,-28.059216698442945,746.9942538522623,1.5939795990381755,3.7484726724009843
1.2,4.6069311919988385,-5.039469837262872,14.36950896818932,0.8235721104344096,0.2760612622386928,0.34865092378374235,557.060217652373,-8.783500287251,119.55595328643666,901.4032248002164,9.105612371858584,145.94505178053402,404.2712975823655,-15.883672407535688,-28.516742234246465,740.6048936182469,1.2752723879367878,4.755195541888478
1.21,4.7067875952210345,-5.036774024577014,14.319138249246457,0.8437967856431923,0.29253587207357257,0.35354962168374654,553.7993262390704,-9.121286258962469,119.51147618850378,900.4898262884522,9.20707647785013,146.06933904026639,396.90417173004766,-16.657997170430207,-28.89713192972347,734.6026347181365,0.9222691281451367,5.602079959921705
1.22,4.790934020817988,-5.0343603566282535,14.268781495824804,0.8579807016498808,0.30629829589923696,0.35743144133930066,550.971571049732,-9.415637503095486,119.47098305030183,898.7726766504853,9.22077208994121,146.17201826878568,391.236121129728,-17.318221935284207,-29.2145842627153,729.3290211356652,0.5575178784448798,6.309940097576861
1.23,4.860166994625068,-5.032251032067522,14.218436888360477,0.8673874764012812,0.31715532819235703,0.36046378810484997,548.4282346146261,-9.677876813814823,119.44215473390096,896.5223514260238,9.162824695392423,146.24525538271996,387.0794798901378,-17.869884971657257,-29.48146182795732,725.0255998205013,0.2018083126844039,6.899459526593555
1.24,4.916182641535509,-5.0304945751204455,14.168102327480602,0.8732042232888609,0.3250246142470035,0.362752679067362,546.0660408299349,-9.917592702817945,119.4272831986844,893.9776469803248,9.049431211591298,146.28981550396495,384.26956776660194,-18.31982177838548,-29.7077785026057,721.8441661668695,-0.1269621053807679,7.389111130647988
1.25,4.960885369051458,-5.029140075898688,14.117775267410508,0.8764790961306671,0.3299276211613283,0.36437079359650015,543.8242889213343,-10.142111499689744,119.4258588172514,891.3405187602677,8.89603165885383,146.3102113903386,382.6602327872754,-18.675474753812647,-29.901304912588486,719.8566769668055,-0.4143986629647767,7.794313227839103
1.26,4.996044402981911,-5.028222720115066,14.06745277801963,0.8780885920632497,0.3319797489571844,0.3653743731287674,541.6801174629795,-10.356319274284099,119.43604672622334,888.7741978756136,8.716777323258373,146.31199296649456,382.1205794475045,-18.94446217671142,-30.067897237165774,719.0656306280697,-0.6498593178441148,8.127270781552719
1.27,5.023143740100491,-5.027756558808943,14.017131727176714,0.8787253561507755,0.3313782118549858,0.36581315108801304,539.6424361306465,-10.562721678062548,119.45552936529538,886.40369018304,8.52420624560246,146.30030115322043,382.5322591519056,-19.13431573571073,-30.211867982543723,719.4150651618775,-0.8264460946442731,8.397199134470691
1.28,5.043339208027303,-5.02773210503597,13.966809012371485,0.8789005062913331,0.3283883176150367,0.36573584968738126,537.7450331539935,-10.76166687250668,119.481979933274,884.3180175893293,8.329070951639538,146.27917352479247,383.7870666401042,-19.252331404204515,-30.33632416758799,720.8019820072238,-0.9408073687989793,8.610755124768554
1.29,5.057473267694915,-5.028117202330968,13.91648179461328,0.8789562363736609,0.32332875699660546,0.36519282677655557,536.0393279301991,-10.951676996206972,119.51331701649566,882.5736680416992,8.14028084349394,146.25129715561627,385.784774142577,-19.30549753921501,-30.443449228020597,723.0878458917246,-0.9928032848079971,8.772564851893593
1.3,5.066118801545254,-5.028860069147145,13.866147704214686,0.879085442422749,0.3165564842004254,0.36423689057576214,534.5871881031261,-11.129845663596372,119.54782767775609,881.1988043478075,7.964931065635728,146.2180248938041,388.4312241017083,-19.300474842560035,-30.53472816445993,726.1097626538823,-0.9850767553373774,8.885772929761407
1.31,5.069634918180503,-5.029893682656908,13.815805000135716,0.8793557297738966,0.30845172425210426,0.36292296092623566,533.4541698709329,-11.292266907996783,119.58421101659911,880.1978543273672,7.80839505844183,146.17954198059255,391.63673413518154,-19.24360925651647,-30.61112472409029,729.6909552992402,-0.922566145850845,8.952560903851372
1.32,5.068224785373964,-5.031140832129674,13.765452673724443,0.8797355984473626,0.29940358659201105,0.3613070470029682,532.703471463369,-11.434466952984723,119.62157382040886,879.55617214847,7.6744615762526225,146.13511160894555,395.3148686511294,-19.14096311101421,-30.673221709219916,733.6502167441436,-0.8119908482762672,8.974599874761784
1.33,5.061989788710318,-5.032519301710631,13.715090494773621,0.8801209718447226,0.2897966979492524,0.3594448773879989,532.3908155836331,-11.551815342172478,119.65939769349244,879.2445257989989,7.565499789962182,146.08335293050453,399.381614309782,-18.998353034133718,-30.721334491422894,737.8100976187122,-0.6613364788208842,8.953416951271995
1.34,5.050976997976355,-5.033946759460946,13.664719003210982,0.8803605779721151,0.2799991945955313,0.357390426785574,532.5604008482059,-11.639896792621506,119.69748953586287,879.2232286829161,7.482638730711533,146.0225202706383,403.7549703103424,-18.82138584828691,-30.755605412641096,742.0036760358796,-0.4793619789674741,8.890667479902271
1.35,5.035218598978847,-5.035345042137875,13.614339453639872,0.8802790294049315,0.2703523371853143,0.35519451613696884,533.2419889210627,-11.694829840200205,119.73592265824178,879.4457930132329,7.425949947172938,145.9507620909858,408.3549354969465,-18.615486150188154,-30.776084051730262,746.0798435634233,-0.27514635413633526,8.788314857396701
1.36,5.014762961727222,-5.036643633190254,13.563953722464976,0.8796967781341625,0.26116193346708,0.3529036093798581,534.4491269942309,-11.713522909140073,119.77497317408557,879.8620370153236,7.394624851041254,145.86634503392295,413.10384710308483,-18.38591158405406,-30.782795936016175,749.9071206115749,-0.057688222247442855,8.648726892280324
1.37,4.9896975951084475,-5.037782231097533,13.513564188596847,0.8784464358008323,0.25269167788861246,0.3505588854083753,536.178447720093,-11.693862760656316,119.81505496732468,880.4206249488482,7.387140731452247,145.7678336230685,417.92700386256485,-18.137753938758937,-30.775800500243115,753.3760803606625,0.16443308428393255,8.474702156675862
1.3800000000000001,4.960164546768581,-5.038712392053421,13.463173598886248,0.8763852371152718,0.24515844489295033,0.34819562559116424,538.4099428305649,-11.634834219494405,119.8566560115812,881.0710570539921,7.401411715830641,145.6542206251558,422.75349124179917,-17.875926063081916,-30.75523804955175,756.4005107363624,0.38333024222980683,8.269441851816493
1.3900000000000001,4.926368963392813,-5.03939830146813,13.412784928692744,0.8734036735298912,0.23872950648245753,0.34584292475622197,541.1080734711923,-11.536573510896819,119.90027870800387,881.7651549184806,7.434922935804944,145.5250070050639,427.51711953287133,-17.6051361252641,-30.72136512420244,758.9174782748852,0.5920135276947236,8.036482878259312
1.4000000000000001,4.888581611139743,-5.039816780726577,13.362401246569803,0.8694305273731673,0.23352158594250824,0.3435237069224781,544.2235595763094,-11.4003603635634,119.94638688390562,882.4581064628056,7.484847745992063,145.38023385983047,432.15738626041565,-17.32985188868752,-30.674577842613907,760.886477012301,0.7845314000697878,7.779606601318227
1.41,4.847136214910992,-5.039956668666229,13.312025590192896,0.8644346894873659,0.22960160954146416,0.3412550066175712,547.6956813284106,-11.228556191552052,119.99536191641349,883.1091445184984,7.548149005128124,145.22047159267126,436.6203817314851,-17.054258410544755,-30.615423314226305,762.287851823493,0.9560506556587356,7.502735754048112
1.42,4.80242252700876,-5.039817732436523,13.261660858603538,0.8584242458877268,0.2269889772177494,0.3390484626907849,551.4549261784463,-11.024497152549383,120.04746998929807,883.6819351566608,7.62166616930876,145.04677374146522,440.85956899041,-16.78221290560311,-30.54459985923478,763.1206815173788,1.1028825255669505,7.209829462946741
1.43,4.754876079870145,-5.039409262108785,13.2113097238028,0.851443374607298,0.2256591420120818,0.3369109641481492,555.4258230645098,-10.792351727095085,120.10284174485933,884.1447481659503,7.702190307358858,144.8606042007222,444.8363850983489,-16.517200494284122,-30.46294737760481,763.4002951812201,1.2224622734573476,6.904783852259902
1.44,4.704965603177987,-5.038748490804967,13.16097456287493,0.8435676088690733,0.22554826626839666,0.3348453863214295,559.5298193566244,-10.536952741254325,120.16146463753975,884.4704741293077,7.786529194574399,144.66374704255767,448.5206277540491,-16.26229423767428,-30.371429661362747,763.1555782796107,1.3132904762838682,6.591343318540927
1.45,4.653179079962766,-5.037858960847493,13.11065741027968,0.8348980047103848,0.22655871011052,0.33285135979667235,563.6880738619261,-10.263613552171813,120.22318727118588,884.6365420586224,7.871564451921776,144.45820781286406,451.89060826724136,-16.02012232848865,-30.27111069069695,762.4262049848854,1.374844328499103,6.273025517724188
1.46,4.600009370361889,-5.0367689302298535,13.060359928791561,0.8255547083179263,0.22856510388516052,0.33092602274363436,567.8240594156397,-9.977937528598158,120.28773406287917,884.6247799419484,7.954302353588572,144.24611419692928,454.93306760349424,-15.792844635454328,-30.163126997939756,761.2599118085786,1.4074670882758267,5.9530614497950065
1.47,4.545940243272214,-5.035509886054302,13.010083396805564,0.8156703584018795,0.23142076044848636,0.3290647181339746,571.8658899243806,-9.685629082508473,120.35472785602444,884.4212489721361,8.03191950005877,144.02962251174804,457.64286584836395,-15.582140062399386,-30.048658062081863,759.7099060252768,1.4122432718998157,5.6343507805920705
1.48,4.491433529880523,-5.034115205447389,12.959828709347976,0.805383688830702,0.2349641945195886,0.3272616092915725,575.7483082517934,-9.392313431475063,120.42371768831381,884.0160714873624,8.101804107982835,143.81083480816721,460.0224664321711,-15.389205444791997,-29.92889646137445,757.8324814565432,1.3908664808105486,5.319431682050345
1.49,4.436917959986794,-5.032618982090701,12.909596390069856,0.7948336221792439,0.23902553386335465,0.3255101988992658,579.414292267051,-9.103371071773337,120.49420883233603,883.4032633074435,8.161593248769861,143.59172965928983,462.0812450811906,-15.21476601415589,-29.805019227949508,755.6848944521857,1.3455058851407076,5.010463945763414
1.5,4.382780073528935,-5.0310550193087895,12.859386611681144,0.7841540703480231,0.2434326297448673,0.32380374690022756,582.8162561202198,-8.823791684943128,120.56569243861448,882.5805735243297,8.209206007753933,143.37410813982618,463.83465871553284,-15.059096849889153,-29.678161531433762,753.323534735259,1.2786764471876544,4.709223859029846
1.51,4.329357432722945,-5.029455979202688,12.809199222618611,0.7734695873636143,0.24801670078204718,0.32213559096937916,585.9168418472947,-8.558050939594885,120.63767255419212,881.5493289934121,8.24287225420578,143.15955517856705,465.3033131606999,-14.922054230221137,-29.549393540573373,750.8024093902122,1.1931169964856658,4.417109252221573
1.52,4.276934202950565,-5.027852671391521,12.75903377814826,0.7628919543807983,0.2526173738596894,0.3204993790575538,588.689312351763,-8.31001243028262,120.7096888763682,880.314276813326,8.261156519178636,142.9494154508024,466.5119691969654,-14.803115401720412,-29.41970104071796,748.1719438778216,1.0916793049056683,4.13515315854214
1.53,4.2257390349079555,-5.02627346371589,12.708889574511304,0.7525177194713025,0.25708701698842984,0.31888922695942784,591.117570352386,-8.082855851773374,120.78133423870317,878.8834158285367,8.262976374454112,142.7447822811366,467.4885255429585,-14.701425013073477,-29.28997015748824,745.478091670305,0.9772303875937305,3.8640446178385215
1.54,4.175945070722065,-5.024743799533291,12.658765685080548,0.7424266661057316,0.2612942907662833,0.3172998152020303,593.1958388242214,-7.879031468208453,120.85226643736257,877.267807484335,8.247614687483418,142.54649762162924,468.2630146842247,-14.615846300922609,-29.160976336398633,742.7617340185556,0.8525693994348993,3.6041552619030544
1.55,4.127671815520037,-5.023285810597321,12.608660997768116,0.7326811449117089,0.2651268763671275,0.31572643923651367,594.9280467010535,-7.700240023770122,120.92221453205147,875.4813569763692,8.214725185905936,142.3551610065599,468.86664346839683,-14.545015065695166,-29.033377554946874,740.058343524415,0.7203597272593676,3.3555704158681454
1.56,4.080988562897906,-5.021918019586029,12.558574253103988,0.7233261734843345,0.26849336777929467,0.31416502544621766,596.3269691729986,-7.547436469286128,120.9909801626711,873.5405573098351,8.164330889801674,142.17114540426988,469.33090541794746,-14.487394522267383,-28.907711594103272,737.3978795661867,0.5830762099188758,3.118123528539348
1.57,4.035919035569326,-5.020655130960192,12.508504082491791,0.7143901885153295,0.2713243435160025,0.3126121233497181,597.4131749308389,-7.420855256191016,121.05843469740483,871.4641913410694,8.096815147106696,141.99461803021842,469.6867860963567,-14.441329240030887,-28.784397068687117,734.804880115319,0.4429668610914095,2.8914328044022017
1.58,3.992446897636139,-5.019507912132791,12.458449046160736,0.7058863227373651,0.27357265753372384,0.3110648820024884,598.2138333991392,-7.320054477854276,121.12451317451296,869.2729898355519,8.012905223110433,141.8255644028194,469.9640769329087,-14.405096583654242,-28.663737810842,732.2987129170576,0.3020280274751985,2.674938958893927
1.59,3.9505218082451736,-5.01848316842653,12.408407670294565,0.69781407530368,0.27521301010162724,0.30952101631326573,598.7614336562926,-7.2439758153283185,121.18920603498427,866.9892467671834,7.913648633461001,141.66381417477533,470.1908069751544,-14.376954312629364,-28.545930118728762,729.8939491588749,0.1619915872297928,2.4679430667076065
1.6,3.910065713570681,-5.017583814858376,12.358378482757566,0.690161247163902,0.27624087650726276,0.3079787670149427,599.0924637026321,-7.191017061968452,121.2525495895028,864.6363962495416,7.800382656369065,141.50906752889853,470.3927963750165,-14.355183277286299,-28.43107232486416,727.6008243449564,0.024322574996682444,2.2696435307995326
1.61,3.8709791109654494,-5.016809045602439,12.308360046779018,0.6829060215184883,0.2766708845661157,0.30643685648984015,599.2460943725218,-7.159113946964279,121.31461604662036,862.2385584063994,7.674697699049881,141.36092117048202,470.5933302607998,-14.338124444473465,-28.3191761060153,725.4257538350921,-0.1097744982966331,2.0791712757563214
1.62,3.833147062023744,-5.0161545984613545,12.258350991923027,0.6760190822159353,0.2765347408850259,0.3048944415865337,599.2629068587812,-7.145828036356439,121.37550377455355,859.8200639711703,7.538395412427179,141.21889316809478,470.81294718764605,-14.3242097818016,-28.210178949111512,723.3718740881242,-0.2393423921520088,1.8956223683328215
1.6300000000000001,3.7964447769666694,-5.015613107377183,12.208350041674365,0.6694656786710044,0.27587881081153753,0.3033510639558959,599.18369687553,-7.148437644339922,121.43532829878396,857.4049693143006,7.393442635162561,141.08244608712815,471.069332721481,-14.311986811273325,-28.103957204116384,721.4395847812515,-0.3636526656281003,1.718087391639484
1.6400000000000001,3.7607426385127103,-5.015174531536792,12.158356037021088,0.663207563263991,0.27476145820515685,0.30180659820830147,599.0483822433604,-7.16402891936635,121.49421436968197,855.0165748435757,7.241922393885325,140.95100802528714,471.37730596603217,-14.300136899643935,-28.000339193026036,719.6270713888129,-0.4821835991780654,1.5456770453458208
1.6500000000000001,3.725910577099327,-5.0148266455388155,12.108367955511047,0.6572047450878007,0.2732502489164598,0.30026119825609854,598.8950344111113,-7.189584560482299,121.55228928217359,852.6769602639264,7.085983284538965,140.82399129841914,471.74888500446343,-14.287487574978385,-27.89911790105346,717.9307922646173,-0.5945959685294544,1.377543606998609
1.6600000000000001,3.6918217493605403,-5.014555571855289,12.058384925396869,0.6514170213642645,0.2714191165604888,0.2987152424492004,598.7590483562856,-7.222067951968391,121.60967750189015,850.406550024797,6.927788606297003,140.70080864143944,472.19341626245597,-14.273019340453219,-27.800062847807705,716.3459185866612,-0.7007079478312805,1.2128980614731386
1.67,3.658355507005837,-5.014346334767205,12.008406234651893,0.6458052640692482,0.2693455812845452,0.2971692784337631,598.6724596076826,-7.25850086246499,121.66649655390793,848.2237214694079,6.769466613708253,140.58088688559906,472.71775263442265,-14.25586759413977,-27.702930818563555,714.866719540946,-0.8004702190348434,1.0510228777300465
1.68,3.6253996729782325,-5.01418341424876,11.958431334825537,0.6403324537064088,0.26710810225655174,0.29562396897421594,598.66341193851,-7.2960332239436765,121.7228540620615,846.1444668085486,6.613063196407587,140.4636781525654,473.32646574423177,-14.235320356611847,-27.607475223899154,713.4868887311056,-0.8939421574994388,0.8912805751747275
1.69,3.592852165662002,-5.014051278935154,11.908459839895682,0.6349644643701031,0.2647836330541273,0.2940800402073002,598.7557746732125,-7.332003873596449,121.77884578692537,844.1821181743502,6.4604981930964644,140.34866866987693,474.0220788123417,-14.210812558331176,-27.513453945348726,712.1998109305887,-0.9812697596665587,0.7331183673973367
1.7,3.560622029946599,-5.0139348792143394,11.858491520455305,0.6296706140413055,0.2624454365297224,0.2925382338969703,598.9689045861408,-7.363991497551403,121.83455449481657,842.3471427846735,6.31352640366395,140.2353853629199,474.80530813740506,-14.181917649433661,-27.420635610706825,710.9987709049861,-1.0626657850025811,0.5760692917153847
1.71,3.528629946381357,-5.0138200844108765,11.808526293728356,0.6244240014296008,0.2601612025585084,0.29099926520953884,599.3175440638468,-7.389855350862396,121.89004949318858,840.647012792622,6.173704187909412,140.12340041688478,475.6753030362195,-14.148337270732448,-27.328804321093457,709.8771081139433,-1.1383924070125784,0.4197503235838198
1.72,3.496808296925857,-5.013694051689092,11.758564210036997,0.6192016557048047,0.2579914988059839,0.2894637873309715,599.8118445489171,-7.407765636993913,121.9453866836796,839.0861518343083,6.042362339872209,140.01233402916475,476.6298760900543,-14.109889672481446,-27.237762919347155,708.8283226677693,-1.2087465109976714,0.2638580327572466
1.73,3.4651008685165747,-5.013545518372088,11.708605436432952,0.6139845283508631,0.25598857170101524,0.2879323639238802,600.4575022567673,-7.416223707289394,122.00060900714799,837.6659577417814,5.920585712300975,139.90185558920186,477.6657175985071,-14.06649749321154,-27.147334943152106,707.8461389949217,-1.274047641767695,0.10816236271680246
1.74,3.4334622745261645,-5.013365013535099,11.658650238257227,0.608757357391175,0.2541955025351406,0.2864054500058877,601.2559917185845,-7.414072483523826,122.05574718032013,836.3848984655807,5.809199845287106,139.79168352969944,478.77859013911865,-14.018175421454892,-27.05736544493357,706.9245343169102,-1.3346284938199338,-0.04750089179025885
1.75,3.4018571699318616,-5.01314498870083,11.608698959405391,0.6035084336905414,0.25264571234078437,0.28488338136724856,602.2048818054387,-7.400497712791054,122.11082064734698,835.2386760462672,5.708764635133701,139.68158409131775,479.9635009855754,-13.96501816484319,-26.967720883505805,706.0577392799396,-1.3908277494868448,-0.20323836836671916
1.76,3.370259329377345,-5.01287987100735,11.558752002052971,0.5982292972648819,0.25136279917886284,0.28336637217966876,603.298218476538,-7.37502083302971,122.16583868908346,834.2204515618967,5.619574871948807,139.57136923347335,481.2148517814515,-13.907189049880476,-26.878288300323543,705.240218014847,-1.4429850063297223,-0.3591076973103213
1.77,3.3386506490221746,-5.012566045166696,11.508809806542606,0.5929143888531538,0.25036068287716734,0.28185452002256933,604.5269585123889,-7.337484359764723,122.22080164702083,833.321122414449,5.5416672840248316,139.4608939078525,482.5265662522495,-13.844909476873447,-26.788973987544054,704.4666345473657,-1.4914374920140805,-0.5151259266159407
1.78,3.307020123777976,-5.01220177278429,11.458872832057486,0.5875606787343683,0.2496440252303586,0.2803478172022615,605.8794388840986,-7.2880308012669985,122.27570222743348,832.5296421387732,5.474833559373282,139.35005289002513,483.89219783643387,-13.778449362447043,-26.69970183826614,703.7318119164404,-1.5365182410165823,-0.6712774815551743
1.79,3.275362841809596,-5.011787059130366,11.408941538611645,0.5821672911819218,0.24920888826674864,0.2788461669876825,607.3418671176091,-7.22707617204793,122.33052685522853,831.8333721389209,5.418638674052733,139.2387773395244,485.3050199149253,-13.708118620187337,-26.610411544100643,703.0306896330915,-1.5785554004580926,-0.8275214142050515
1.8,3.243675965572299,-5.011323405791319,11.359012389806846,0.576735137870832,0.24904379970896437,0.2773494990453738,608.8989860260201,-7.155278026808654,122.38526936609975,831.218584049843,5.372444894247708,139.1270129947843,486.7572931949479,-13.634264169141929,-26.521058720374683,702.3574629566018,-1.6178768775164665,-0.9838037612517248
1.81,3.2130748862378775,-4.677253110191046,11.310769397864988,0.5712674326870633,0.24903006617112652,0.2758184057985245,601.9545455776017,-7.074063782076589,113.9261393476151,822.0827218081835,5.334894730651351,130.48922501537396,489.59020353377446,-13.55510230721807,-25.42667495407447,703.0941995716295,-1.652631897050394,-0.10090341660146684
1.82,3.1843380756743667,-4.34325280701066,11.265860689565649,0.5657826277780618,0.24867187868137916,0.27423909856424,594.916217167961,-6.987151942013437,105.45915148266009,812.8879780969437,5.302670945122823,121.86092837203745,493.20655067168775,-13.460935744637803,-24.33074250216615,704.6430422228929,-1.6727382814663017,0.7870280997062871
1.83,3.156957914649133,-4.009404073533473,11.224292983581169,0.560319488471227,0.24743909067770292,0.2726335938716593,587.7552193459803,-6.8985563933363085,96.98709730475818,803.6233522285276,5.272602153672756,113.2382730192079,497.695854508655,-13.341425014395947,-23.234392173920565,707.1214266038438,-1.667048448897479,1.680242249130302
1.84,3.130713871852272,-3.675789376111171,11.186064385299003,0.5549231919272034,0.24488280813231514,0.2710130325429086,580.4549339154916,-6.811742321474301,88.51132998872868,794.2864721596534,5.242204841922171,104.61982279944839,503.1185278964118,-13.187876321014869,-22.138428548002203,710.6065089564672,-1.6259270010223204,2.5785823235873107
1.85,3.1054927019906464,-3.342483290026271,11.151172207715435,0.54963600782449,0.24064224900230105,0.26938409414479564,573.0100245999334,-6.729466102266601,80.03249913851599,784.8818577448792,5.209641031469148,96.00528029149113,509.5068582507394,-12.993271047898268,-21.04327589766062,715.1388415075592,-1.541474409417043,3.481493492808127
1.86,3.081212785504367,-3.009547311730744,11.119613076771046,0.544492371963373,0.23444797375900484,0.26775252935484367,565.4254296894702,-6.653700804541307,71.55092103667752,775.4195778333595,5.173685758616764,87.39483488703519,516.8658426671766,-12.752280796273219,-19.949053285046496,720.7249427188343,-1.4076447050808127,4.388136504508303
1.87,3.057799443960038,-2.6770268337824867,11.091383075701478,0.5395164818994759,0.22612183365851324,0.2661249475412518,557.7149526177375,-6.585622420711646,63.06675791042522,765.9140189432736,5.133688614005038,78.78883943048638,525.1748728833653,-12.461253279376304,-18.855691094332784,727.3404455800977,-1.220281470566409,5.297531291808868
1.8800000000000001,3.0351825939215487,-2.344949605476909,11.066477911265867,0.5347215823889858,0.215573969062085,0.2645095689380352,549.8995243669242,-6.525643231541201,54.580103326134974,756.3827609744305,5.0895248620504985,70.18765290639926,534.3900025770671,-12.118164834955481,-17.763049975910278,734.933825654014,-0.977085234979802,6.208692928442415
1.8900000000000001,3.0133028154597463,-2.013325363070749,11.04489308933675,0.5301105126314787,0.20279724726377038,0.2629163407305828,542.0052390643567,-6.473482684010213,46.091021251074636,746.8455603749044,5.04153646448885,61.59156910988828,544.4466323453515,-11.722540656800561,-16.671023052175073,743.4306002756827,-0.6775222898728894,7.120743619568354
1.9000000000000001,2.9921191095894466,-1.6821464522384044,11.02662408956607,0.5256772247034244,0.18785957009148707,0.2613566623593724,534.0612777937508,-6.4282673952653635,37.59956219966019,737.3234366503602,4.9904650816049445,53.00079127439952,555.2624998938852,-11.275346121313756,-15.57961233771797,752.7378376972058,-0.32268435778509685,8.032994647063859
1.9100000000000001,2.9716152227474484,-1.351389299220755,11.011666530263291,0.5214090093739444,0.17089450556861774,0.25984288602678235,526.0978380408081,-6.388652108044235,29.10576816398834,727.8378521648722,4.937379493464789,44.41543196982151,566.7408882077983,-10.778853434116442,-14.488976149293899,762.7487967444299,0.08489116324938983,8.944997565449498
1.92,2.9518032943360795,-1.021016576973622,11.000016315955408,0.5172891581633758,0.15209070569583857,0.2583877132660541,518.1441790997109,-6.35295344061687,20.60967232911333,718.4099716711772,4.883599705965802,35.83552689272516,578.773974960679,-10.236488052174087,-13.399448168067053,773.3475211740893,0.5414302720990749,9.856567129672733
1.93,2.9327246015185504,-0.6909798905407909,10.991669761618079,0.5132997853448933,0.13168056513312398,0.25700357788357436,510.2268789954086,-6.3192884752003575,12.111296775008125,709.0599881319339,4.83061969324533,27.261055689711526,591.2462486106355,-9.652659343268477,-12.3115315916114,784.4132306583332,1.0421505325876046,10.7677804139999
1.94,2.9144477276627603,-0.3612227883991487,10.986623689309273,0.5094245458048521,0.1099285548658005,0.255702080857253,502.36837800875605,-6.285710755706553,3.6106499540546917,699.8065052157837,4.78003046646136,18.69196525568638,604.0379155934941,-9.032579907033488,-11.225873674597493,795.8243768150537,1.5814984081071737,11.67895764189481
1.95,2.897072269912288,-0.03168428001974455,10.984883173188772,0.5056510129904189,0.08711950633226657,0.25449326380119597,494.58558068468136,-6.250337788354543,-4.892307337696419,690.6656999195659,4.7334442516441255,10.128244245636482,617.0297600665457,-8.382075203799577,-10.143213594130366,807.4637020846491,2.153389201913436,12.590643237954172
1.96,2.882103012265805,-0.03586543625397469,10.98476937853549,0.5019780598616084,0.0636440489673805,0.2534345031941499,495.4564418859452,-6.210983297994243,-4.888435415149845,690.2607368384116,4.693022557608229,10.107993129996482,628.741573423293,-7.709522949255643,-10.078494027905702,817.8536174082443,2.7494214428528396,12.469276393916454
1.97,2.8665063025969,-0.03991865277090033,10.98460935094734,0.49841988262667214,0.04026620634483974,0.25254618170809173,496.5589785807855,-6.163791463165813,-4.8784709569179805,690.1217656068462,4.662929356429702,10.080246600888307,639.6452065895096,-7.031721931599677,-10.02494325947089,827.4911180319566,3.353091915767492,12.345595864149487
1.98,2.8510861605914055,-0.0437204880875937,10.984411173690114,0.4949761740231721,0.017765378599190793,0.25179826815429796,497.9018964947498,-6.105050199207318,-4.865792197162444,690.2555667322775,4.646870082941401,10.050224583189078,649.5454215840281,-6.366036949965959,-9.982107863033567,836.1677584953779,3.9470294431154795,12.220462908897126
1.99,2.8362189842746326,-0.047163826500636157,10.984177735043573,0.491640620972124,-0.0031824246851988014,0.25117342867694586,499.47752654187354,-6.031980710578422,-4.852151913192928,690.6560516832125,4.64748664708059,10.020274975850135,658.2848814040971,-5.727972850596563,-9.949104329649263,843.7237801245034,4.515597880219213,12.09477148356443
2.0,2.822084288278264,-0.05016587809555695,10.983912880296915,0.48840984042913466,-0.022016820344534463,0.25066040140183765,501.26324072987063,-5.9428978714512475,-4.838484228569532,691.305340829121,4.6663910826328925,9.991334457555027,665.7477326186765,-5.131000035563494,-9.92486033559883,850.0475523266505,5.045256716313173,11.969635010085991
2.0100000000000002,2.8087722369565564,-0.05267059400953458,10.983621151181447,0.48528679349233056,-0.03830044216281689,0.250250573186754,503.2235296245499,-5.837260774625264,-4.82530894611109,692.175177776709,4.704189082124555,9.963666021138806,671.8599740728998,-4.586403631222091,-9.908214982247241,855.0732393619028,5.524782966068564,11.846380166584268
2.02,2.7963339001714886,-0.054647836577683184,10.983307520741485,0.48228129568477857,-0.0517216519695923,0.24993622206822277,505.31242869894885,-5.715645578379669,-4.8129401227965065,693.2285241329803,4.7605181634092775,9.937241515214357,676.5883031260195,-4.10318279794375,-9.897964202698851,858.7777040482249,5.945382423772183,11.726472608208821
2.0300000000000002,2.7848036707798314,-0.05609063957686733,10.982977148047588,0.47940901456959556,-0.06209293074010594,0.24970969443592658,507.4761779764156,-5.5796609132853225,-4.801590765189071,694.4213386062015,4.8341104318585515,9.911936020356016,679.9377503180239,-3.6880101021715683,-9.892892516082037,861.1766867053503,6.300709351333811,11.61142657737785
2.04,2.7742084342466957,-0.05701149539888568,10.982635166360177,0.47668973995982494,-0.06934540922719815,0.2495630944575678,509.6559919588321,-5.431820473423777,-4.791422091892698,695.704507899728,4.922882375632653,9.887622261858011,681.9483494331831,-3.345252794522635,-9.89180538454802,862.3203780714272,6.586809121919279,11.502720324622496
2.05,2.7645705925843225,-0.05743833898202025,10.982286510608427,0.47414539454299964,-0.07352007585884016,0.24948823926928457,511.790821380622,-5.275384700625551,-4.782563279394088,697.0258748615908,5.024049948823661,9.864212082592802,682.6910612022282,-3.0770531481962293,-9.893564254912844,862.2885403742679,6.801996413520362,11.40172513504845
2.06,2.7559083420514034,-0.057410692233010874,10.981935784536498,0.47179807514496447,-0.07475625456546839,0.24947673684583732,513.8200001477886,-5.114182010484692,-4.775115903109178,698.3322969431858,5.134264796647525,9.841670282155027,682.2631548961415,-2.8834621471958144,-9.897121680024107,861.1853414699574,6.946680708624864,11.309649592088387
2.07,2.7482348130716394,-0.05697625974276012,10.981587164189559,0.46966830528639936,-0.07327797673117918,0.24952010590890697,515.6856867432024,-4.952419005536612,-4.769151139281025,699.5716628223444,5.24976609806499,9.82001453941229,680.7832423632292,-2.762619008773781,-9.901552823207021,859.1340639928407,7.023150376313514,11.227498339937553
2.08,2.741556832368576,-0.056188119712794665,10.981244332306376,0.4677736047582534,-0.06937888043880523,0.24960989569838374,517.3350272862315,-4.794488214652781,-4.7647044680625115,700.6947956554958,5.366541778772882,9.799308846822802,678.3861486060373,-2.710967910769302,-9.906080132916173,856.2718407924864,7.035326164557432,11.156043905907543
2.09,2.735873670505001,-0.05510253451306931,10.980910437401842,0.4661274268521919,-0.06340625821745244,0.24973778722752293,518.721985903018,-4.644780947020644,-4.761770709642535,701.6571767445479,5.48049260116068,9.779654406212064,675.2177896642091,-2.7235026930952366,-9.910089033469292,852.7445528611931,6.988494383731725,11.095810083916968
2.1,2.731175951665891,-0.05377731644032416,10.980588071576019,0.46473847233238463,-0.05574484382230937,0.24989567202655727,519.8088061200548,-4.507511817041898,-4.760301031096296,702.4204324103019,5.587592767656302,9.761179982798424,671.4302118082428,-2.794030119112556,-9.913133644714687,848.7020083436813,6.889029380495904,11.047065498367788
2.11,2.7274448126439608,-0.05227062788469503,10.980279262059753,0.46361035851636073,-0.04680088185321969,0.25007571245784793,520.5670839591783,-4.3865603934541975,-4.760202744116526,702.953538545067,5.684041110480487,9.744032619351316,667.1769261289834,-2.9154424563850867,-9.914932615229867,844.2935021943515,6.7441140882053,11.009826084950857
2.12,2.724651352991217,-0.05064007032320156,10.979985472878486,0.46274160053952806,-0.03698696423232365,0.2502703914168326,520.9784488120013,-4.285334281540765,-4.761342119756081,703.2337106942667,5.766397623844288,9.728369019645111,662.6086502221345,-3.0799906172034874,-9.915356046488244,839.6638363659406,6.561466516533221,10.983865295448132
2.13,2.722756395510907,-0.04894191951985867,10.979707614486836,0.4621258489323305,-0.02670804786491161,0.25047255995344486,521.0348616865631,-4.206656796830854,-4.763550010611392,703.2469616766092,5.83170096507335,9.714347620726707,657.8695447031472,-3.2795498382540145,-9.914405165433337,834.9498606550828,6.349079035409211,10.968730866330016
2.14,2.7217105653026064,-0.04723038887008629,10.979446060549739,0.46175232193189847,-0.01634899139540986,0.25067549004687645,520.7385518608542,-4.152681266799963,-4.766629765839096,702.9883228757883,5.877563550177101,9.702121267254169,653.0940076955603,-3.505870824914492,-9.912186856359504,830.2775749770469,6.114976244430858,10.963767010645267
2.15,2.7214546907035992,-0.04555684143652089,10.979200672043127,0.4616063712531319,-0.006263868958826257,0.2508729372206011,520.1016222756502,-4.124832934408518,-4.770366734943636,702.4617387200925,5.902241939572283,9.691830400790927,648.4040661476557,-3.7508103859968944,-9.908885387311575,825.7598153082959,5.866996125780566,10.96814092088828
2.16,2.721920526557449,-0.04396891599174939,10.978970829419266,0.46167012502783755,0.0032327618473898603,0.2510592145288916,519.1453611842971,-4.123778459022676,-4.774538569031169,701.6796559319347,5.904681296913406,9.68359672982989,643.9073797087789,-4.006536785737924,-9.904733669406086,821.4945281730302,5.612598082200771,10.980872517593227
2.17,2.7230317959453685,-0.0425095760325463,10.978755473705432,0.46192315990796573,0.011872539215975444,0.2512292762025505,517.8993027665017,-4.149422135282799,-4.7789255280077025,700.6623394307553,5.884533759416999,9.677517416702576,639.6958516884226,-4.265706288780258,-9.899986189947072,817.5636226458793,5.358700385727722,11.000866442524867
2.18,2.724705538423722,-0.04121612734798989,10.978553157122992,0.4623431645600982,0.019437899379521787,0.25137880633278803,516.4000827860337,-4.200927191542414,-4.78332007188531,699.4369549935934,5.842151539418694,9.673659882337892,635.8448229381844,-4.521608620783491,-9.89489539555571,814.0323746205094,5.111548529322052,11.026945365764476
2.19,2.7268537398143473,-0.04011927524118648,10.97836210321994,0.4629065676762779,0.02576464565632217,0.2515043057247272,514.6901371445147,-4.276759893478587,-4.787535135957802,698.036464730257,5.778556449598293,9.672057375954873,632.41280878768,-4.768280266479685,-9.889692815299203,810.9493457192926,4.876615001369544,11.057883738802708
2.2,2.729385201141749,-0.03924230487874354,10.978180275726995,0.46358911406383485,0.03074258826261009,0.2516031686941927,512.8162915813878,-4.374753667273856,-4.791410645406436,696.4983850493196,5.695388281983349,9.672705478615221,629.4417267040059,-5.000585638686661,-9.884575660074866,808.3467688113082,4.658530108560099,11.092441170041116
2.21,2.7322075843619738,-0.03860046737465494,10.978005454508613,0.4643663814392416,0.03431441003471423,0.25167374123823955,510.82829000604943,-4.492190068415947,-4.794817998280477,694.8634581284681,5.594835055672432,9.675559706818476,626.9575532263367,-5.214267143465678,-9.879699070904085,806.2413437494531,4.461042669435422,11.129394621805487
2.22,2.7352295531666706,-0.038200641653981786,10.977835316211594,0.46521423758908603,0.03647295464316834,0.2517153526986789,508.77730720305334,-4.625893151981142,-4.797662421706857,693.1742871144064,5.479548570823612,9.680534357937947,624.9713428788131,-5.405966013936947,-9.875173670614448,804.6353806903516,4.28700869977372,11.167568635897249
2.23,2.7383629119280295,-0.038041320642521616,10.977667516618672,0.4661092422268937,0.037257165231873446,0.2517283146690206,506.7144890652687,-4.772333642069637,-4.7998832713590955,691.4739826103893,5.352548965529447,9.687502697836067,623.4805389622769,-5.573216472693598,-9.87106764778591,803.5182242575802,4.138405620309593,11.205862803316778
2.24,2.7415246380156186,-0.038112943348036846,10.97749977136474,0.46702900013033083,0.036746922680311524,0.25171388328107364,504.6895601823889,-4.92773924500256,-4.801452487411079,689.8048637804616,5.217122073825076,9.696298537514028,622.4705060253906,-5.714416303562619,-9.867412302837554,802.86788985548,4.016369043067957,11.243275723158117
2.25,2.7446387044537754,-0.03839856558836398,10.977329931604965,0.46795247224054065,0.03505704418202513,0.2516741838816453,502.7495346111086,-5.088207496054431,-4.802371532454754,688.2072519711701,5.076713339675132,9.70671918502941,621.916215994081,-5.828777269239471,-9.864209831320549,802.6528436036796,3.92124883850109,11.278924764911613
2.2600000000000002,2.7476376018262574,-0.038874834882760195,10.977156051437708,0.4688602498296217,0.03233070514608537,0.25161210015721175,500.93756103108456,-5.249817666002354,-4.802667211867245,686.7183885040404,4.9348218708084035,9.718529695635398,621.7840239322215,-5.916259010937786,-9.8614421088117,802.8338595543756,3.8526809529418893,11.312061070232534
2.27,2.750463489379281,-0.039513212158711085,10.976976444349948,0.4697347942317319,0.02873254137230717,0.2515311326578409,499.2919283033285,-5.408738474564856,-4.802386811630729,685.3715015955661,4.794897938656395,9.731468281248226,622.0334747554225,-5.977490124297214,-9.859079358804905,803.3658919224017,3.809671333282416,11.34207940716826
2.2800000000000002,2.7530689328224955,-0.040281366418454354,10.976789726614378,0.4705606416803099,0.02444167501360053,0.251435234110691,497.8452517720309,-5.5613286551498,-4.801592982778331,684.1950405502814,4.660246869165552,9.745252683735892,622.6190884995242,-6.01368004107139,-9.857087800170762,804.1999057764372,3.790688318986213,11.3685227130411
2.29,2.7554172168051068,-0.041144659418498694,10.976594846355662,0.47132457014427664,0.019644888135655236,0.25132863065971967,496.6238545984956,-5.704227780208959,-4.800358759099409,683.2120887271232,4.533941846926847,9.759587268724264,623.4920785926188,-6.0265251794117125,-9.855435646575176,805.2846167130565,3.7937599731470706,11.391081413030264
2.3000000000000003,2.757482249609288,-0.04206763589951333,10.976391097842729,0.47201572322227164,0.014530142911496501,0.25121563907144884,495.64735213720695,-5.834435178131647,-4.798763022394838,682.439960515086,4.418747693785474,9.774170560932177,624.6019647023073,-6.0181125781960665,-9.854097126884843,806.5680981102973,3.816573033642856,11.40958785529206
2.31,2.7592481028572573,-0.04301544033120386,10.976178121381716,0.4726256854549333,0.009280618879542882,0.2511004899574675,494.92844104521606,-5.949375238160526,-4.796886636997835,681.8899818202044,4.31705720258535,9.788702921266859,625.8980489082626,-5.990823923156141,-9.853054476386248,807.9992232450646,3.856570458783737,11.424006434242754
2.32,2.7607082475661313,-0.043955092264843294,10.975955889916449,0.4731485039513205,0.004069406478292832,0.2509871662337332,494.4728886667994,-6.046947894494004,-4.794809373701637,681.5674484515417,4.2308411239072585,9.802894062005018,627.3307310241097,-5.947242522937268,-9.852298084468453,809.5289184607185,3.911044902876193,11.434420158803265
2.33,2.761864558578109,-0.04485656757837177,10.975724684041666,0.47358065288981244,-0.0009450365610417232,0.25087926450194387,494.27971247230636,-6.125563588271321,-4.792607644283313,681.4717523408932,4.161612432498463,9.816470110139747,628.8526457466317,-5.890065417611446,-9.851825156304091,811.1112123086549,3.9772258676167294,11.4410145462102
2.34,2.762726162391132,-0.04569365034811683,10.975485057567244,0.4739209399740651,-0.0056225923110112186,0.25077988499937215,494.3415341582698,-6.184162509448921,-4.790352982097273,681.5966617493375,4.110405051695021,9.829179959719825,630.4196108556229,-5.822022413905503,-9.851637346007362,812.7040738275949,4.052358716171323,11.44405977730437
2.35,2.763308199889982,-0.046444538015394936,10.975237796026217,0.47417035692594,-0.009844311782009028,0.2506915534543274,494.6450886097762,-6.222218402880397,-4.788111140031559,681.9307384953643,4.07776679714611,9.84080069949903,631.9913818463486,-5.745803451546905,-9.851737848802248,814.2700405965049,4.1337741892948365,11.443892037522234
2.36,2.7636305672355235,-0.047092199369466285,10.974983870599011,0.47433187917193453,-0.013514355210294055,0.25061617584207135,495.17186441802886,-6.239727668569673,-4.785941639484592,682.4578727701901,4.063765922326046,9.851141958742465,633.5322140721693,-5.663995322758463,-9.852128409869568,815.7766437073733,4.218947509325222,11.440894897879717
2.37,2.763716687213187,-0.04762449940269508,10.97472438984898,0.47441022265106075,-0.016561060775940252,0.25055502487418574,495.8988501169514,-6.237184881610014,-4.783897594144113,683.1579142727462,4.06801031296411,9.86004907679512,635.0112386278571,-5.579028399704478,-9.852806632847209,817.1966422337866,4.305546582846153,11.435481475722105
2.38,2.7635923515015994,-0.04803411646982639,10.974460551457843,0.47441156784443766,-0.018937184145640707,0.2505087552420911,496.79935878126105,-6.215546192080534,-4.782025647742556,684.0073771896657,4.089678089885195,9.867405065651594,636.402662734023,-5.493133679184192,-9.853763868733799,818.508084072553,4.391469203517573,11.428077971937892
2.39,2.763284663009293,-0.0483182849789623,10.974193595848527,0.4743432625132176,-0.020619372828549427,0.25047744328413485,497.8439030944319,-6.1761823317182944,-4.780365900066199,684.9801959558177,4.127558143223964,9.873131394052788,637.6858092143805,-5.408310135855965,-9.854983853131937,819.6942132197604,4.47486950337439,11.41910902568113
2.4,2.7628210975283145,-0.04847840102674786,10.973924763223652,0.47421351516117616,-0.021606957064060416,0.2504606459050914,499.0010933865193,-6.120823148441978,-4.778951742753889,686.0485087470669,4.180098938103727,9.877187672147699,638.8450127275939,-5.3263020898284825,-9.856442150978461,820.7432456660365,4.554174197266447,11.408985173503316
2.41,2.7622286958539433,-0.0485195292651698,10.973655255165271,0.4740310909456766,-0.021920152636735895,0.250457473238657,500.23853236482717,-6.051495710912292,-4.777809577570018,687.1834462598125,4.2454638042904165,9.879570354401293,639.8693926825127,-5.248586045872972,-9.858106374211301,821.6480372458318,4.6280894074847145,11.398092558177318
2.42,2.7615333912101874,-0.0484498473999447,10.973386201566178,0.4738050207613242,-0.02159778058147853,0.250466669651255,501.52368219836086,-5.970458075288287,-4.776958437171036,688.3559044896563,4.321590850544455,9.88031060373484,640.7525242143871,-5.176366253217712,-9.859937066204946,822.4056670579665,4.695599042989274,11.38678491082222
2.43,2.760759472045018,-0.04828006077028943,10.973118633318952,0.47354433268143836,-0.020694614275207274,0.2504866981492517,502.8246821402227,-5.880130789591098,-4.776409565786702,689.5372818874737,4.406255627630252,9.87947147204924,641.4920292450927,-5.110578069214777,-9.861889100286543,823.0169596041231,4.755955841181214,11.375377732103711
2.44,2.7599291766554264,-0.04802281420345476,10.972853460892726,0.4732578130520344,-0.019278466098131986,0.2505158239638192,504.1110978452526,-5.783028133923562,-4.776166040830548,690.7001633820591,4.497134699988803,9.877144552917708,642.0891095366197,-5.051898088249962,-9.863913417800022,823.4859676846673,4.8086662626456445,11.364144525115739
2.45,2.7590624133147412,-0.04769212250333013,10.97259145868852,0.472953802475945,-0.017427123976149518,0.2505521939379157,505.3545868287289,-5.681690964877473,-4.776222524803778,691.8189362371036,4.591868371301322,9.87344625394396,642.5480428455443,-5.000759918878439,-9.86595893098671,823.8194364618611,4.853470464803222,11.353314882523208
2.46,2.7581765973219703,-0.04730283515366196,10.972333254883681,0.4726400298632737,-0.015225243056426483,0.25059390922788594,506.5294679864836,-5.578622858354421,-4.776565230785095,692.8703254669534,4.68812093850185,9.868513822121129,642.8756618893544,-4.957374455798913,-9.867974432689547,824.0262670595273,4.890318573838703,11.343074200590621
2.47,2.757286594496252,-0.04687014558421325,10.972079326351686,0.4723234857875653,-0.012761289955983343,0.2506390896764763,507.613186636734,-5.476231035753121,-4.777172166883792,693.833839474494,4.7836370160380675,9.862501238498188,643.0808339519781,-4.921753496113679,-9.869910383097777,824.1169957217408,4.919344431114581,11.333564778980959
2.48,2.7564047590161422,-0.046409150988888176,10.97182999816715,0.47201033466675424,-0.01012462693915711,0.2506859289564359,508.58667003962006,-5.376773323207795,-4.778013698957501,694.692119596064,4.87629267011952,9.855575081090565,643.1739567021818,-4.893735587498449,-9.871720477984288,824.103302002012,4.940837916305341,11.324888063684774
2.49,2.755541052146162,-0.045934465358432514,10.971585447167744,0.4717058638402346,-0.007402811532715941,0.2507327401903569,509.4345717049527,-5.282312141296874,-4.779053440764928,695.4311902461263,4.964140323569954,9.847910439067112,643.1664832942276,-4.873013064638498,-9.873362938328434,823.9975567945187,4.95521685064193,11.31710779746629
2.5,2.7547032273395162,-0.04545988610706586,10.971345709034132,0.4714144664635897,-0.004679173995181617,0.250777992210914,510.1454059289883,-5.194676261994213,-4.780249450475632,696.0406092576419,5.045446627619688,9.839686947804767,643.0704871810465,-4.859159324183404,-9.87480149404466,823.8124183399217,4.962999365854371,11.310253854748716
2.5100000000000002,2.753897066512292,-0.044998113322728676,10.971110688355953,0.4711396542916584,-0.0020307212302499806,0.25082033694176487,510.71157683849503,-5.115430808645294,-4.7815556854164125,696.5135207322473,5.118722739532899,9.831085003684,642.8982744043819,-4.851655501756424,-9.876006062117266,823.5604817227987,4.96477749343488,11.304326553613322
2.52,2.7531266520040245,-0.044560520062685585,10.970880171167554,0.47088409585245516,0.000473598338779847,0.25085862857106445,511.12930871120966,-5.045855720730186,-4.782923645549501,696.8466151786884,5.182746686676509,9.822282209189765,642.6620485303669,-4.849915841346252,-9.876953140317358,823.2539848996357,4.96119259024791,11.299301255003744
2.5300000000000002,2.7523946589100095,-0.04415697201551227,10.97065383945581,0.47064967520170015,0.0027742482837396485,0.2508919352819633,511.3984864468694,-4.9869326645821666,-4.7843041219314895,697.0400038742057,5.236577731462133,9.813450092321721,642.3736309555112,-4.853311181955256,-9.877625951445467,822.904572019572,4.952913075474963,11.295133077397125
2.54,2.7517026531072,-0.04379569501683453,10.970431287159657,0.4704375663572637,0.004822068681459015,0.2509195443252465,511.5224167575532,-4.939340149594074,-4.785648959844115,697.097016191666,5.279562871274068,9.80475113870871,642.0442370844502,-4.861190123248371,-9.878014380133894,822.5231127771661,4.940614815135358,11.291761573704491
2.5500000000000003,2.751051381387589,-0.0434831891243318,10.97021203719575,0.4702483186096548,0.00657885651937078,0.2509409611949022,511.5075219186673,-4.9034564112998,-4.786912747167586,697.0239300698731,5.311335807742179,9.796336169421108,641.6843069279031,-4.8728975662400416,-9.878114745667075,822.1195748069835,4.924964358147155,11.289115235889795
2.56,2.750441041627493,-0.04322418805911092,10.969995559057205,0.4700819481545076,0.00801757794248337,0.2509559036207074,511.3629787739042,-4.8793694515609225,-4.788054346015541,696.8296468545177,5.331808896291312,9.788342091716189,641.3033870225289,-4.8877904524733395,-9.877929451388756,821.7029447208089,4.906605105670647,11.287115711813716
2.57,2.749871522801366,-0.04302166269648315,10.969781286544723,0.4699380318639323,0.009122237859344864,0.25096429104060336,511.1003161312945,-4.86689348440128,-4.789038198372994,696.5253224040225,5.341158736622442,9.78089004350755,640.9100592532558,-4.905250642143422,-9.877466545516409,821.2811923128512,4.886146386185453,11.28568163820889
2.58,2.7493426068210525,-0.04287686689276181,10.969568635203917,0.4698157994768105,0.009887440366195412,0.2509662301718471,510.73298374554577,-4.865590925274832,-4.789835352947978,696.1239666512723,5.339806185579665,9.774083945147595,640.5119111689002,-4.92469497541509,-9.876739220971926,820.861271717358,4.864155314588226,11.284732013520548
2.59,2.7488541265547646,-0.042789423276818644,10.969357019062487,0.46971422101808585,0.010317679667197942,0.2509619972704377,510.2759057851045,-4.874798982232587,-4.790424179060141,695.6400237613058,5.328391664661258,9.768009464285255,640.1155417165074,-4.945582649792946,-9.87576527436212,820.4491528850834,4.8411512360032605,11.284189054524525
2.6,2.7484060768545393,-0.04275744577354512,10.96914586628814,0.4696320868313532,0.010426405633711444,0.2509520176551966,509.7450310685471,-4.893659859178612,-4.790790752607417,695.0889446572838,5.307746695164761,9.762733391405321,639.7265959610554,-4.96742011861917,-9.874566537437577,820.0498766284791,4.817602494730622,11.283980500960556
2.61,2.7479986778889547,-0.04277769465110136,10.968934633424727,0.469568078207539,0.010234910883191126,0.25093684307448494,509.15689146714976,-4.921153562975289,-4.790928917596186,694.4867630387549,5.2788626253652,9.758303415540151,639.3498222787134,-4.989763771104605,-9.873168288861258,819.6676266395297,4.793925225875073,11.284041352553372
2.62,2.747632392432322,-0.04284575890137589,10.968722817910614,0.4695208271971352,0.009771087345288837,0.2509171275055448,508.52817875571833,-4.956132315656614,-4.790840043249289,693.8496851284573,5.242857517750609,9.754748281957225,638.9891456807204,-5.012220692923675,-9.871598650274752,819.3058122713944,4.7704838411608,11.284315042299642
2.63,2.7473079009003367,-0.042956259880949685,10.968509968639099,0.469488964787616,0.009068099839311757,0.2508936019929535,507.8753489010537,-4.997355607927245,-4.790532510454512,693.1937022998958,5.200942142317977,9.752078306707546,638.6477513036401,-5.034447829066924,-9.869887968548886,818.9671564530059,4.747592870147866,11.284754068266494
2.64,2.747026039755445,-0.04310306945352302,10.968295694384828,0.4694711571956445,0.008163022369090287,0.25086704914714075,507.21426135677217,-5.043524987452308,-4.790020971720178,692.5342345024357,5.154385976943288,9.750286217031931,638.328172650414,-5.0561498785532955,-9.868068185626667,818.6537838294784,4.725519821989432,11.285320122845173
2.65,2.7467877103589586,-0.04327953545770493,10.968079669989638,0.46946613055065917,0.007095479831408935,0.2508382779300309,506.5598594336906,-5.093317751825532,-4.789325435594136,691.8858110577697,5.104484050905523,9.749348281918468,638.0323798440883,-5.077076245360413,-9.86617219823223,818.3673050444942,4.704488749095903,11.285983772918126
2.66,2.7465937663708133,-0.04347870722176269,10.967861640273666,0.4694726847184676,0.005906333834249927,0.2508080993472115,505.9258962840529,-5.1454188079131935,-4.788470229690944,691.2617939946457,5.0525253860963515,9.749225693644219,637.7618639225093,-5.097017353366096,-9.864233211563752,818.1088939593401,4.684684220479795,11.286723756275778
2.67,2.74644488836346,-0.043693554074540286,10.967641421709377,0.4694896974178783,0.004636446543779467,0.2507773036405683,505.3247095193918,-5.198550062794571,-4.787482896308855,690.6741476581618,4.999763695717585,9.749866158875221,637.5177140190123,-5.115800607250087,-9.862284093490896,817.8793554946308,4.666255446832968,11.287525968497896
2.68,2.746341454423219,-0.043917170345418796,10.967418901964123,0.4695161201091794,0.0033255511400497074,0.25074663952975934,504.76704601596225,-5.251496822991086,-4.786393071553034,690.1332569138461,4.947390895882863,9.751205656741773,637.3006851061185,-5.133286248256985,-9.860356738331241,817.6791826476409,4.64932033923432,11.288382220152977
2.69,2.7462834151831506,-0.04414296116693848,10.967194037478102,0.4695509673717827,0.002011251772869981,0.25071679598476726,504.26193708313195,-5.303130794469757,-4.785231393497675,689.6477948992077,4.896513874939501,9.753170321103084,637.1112547945622,-5.149363315578748,-9.85848145160669,817.5086020478154,4.633969326507669,11.289288846459819
2.7,2.7462701810118175,-0.04436480443345154,10.966966849296359,0.46959330163397167,0.0007281700734360815,0.25068838692646817,503.8166229083372,-5.352429392554092,-4.78402847788167,689.2246399869031,4.848134851848762,9.755678404809224,636.9496684511726,-5.163945882885102,-9.856686368974502,817.3676081392439,4.6202688005217425,11.290245250536609
2.71,2.746300528035395,-0.04457718545765059,10.966737417414253,0.46964221516835897,-0.0004927505186685996,0.25066193915073565,503.4365240703379,-5.398491185214683,-4.782813991821174,688.8688404400511,4.803135541732395,9.758642285009335,636.8159726030694,-5.176969697111399,-9.854996923557817,817.2559867015765,4.608264102205217,11.291252457212815
2.72,2.746372528372399,-0.04477530212871853,10.96650587392409,0.46969681122434825,-0.001624776941562547,0.25063788365849954,503.1252569476735,-5.440547402407403,-4.781615847682309,688.5836241830976,4.762265236581964,9.76197047031436,636.710037213994,-5.188389304712604,-9.853435376032586,817.173328926744,4.597982002073064,11.292311747411144
2.73,2.7464835084939176,-0.04495513963747143,10.966272395266296,0.4697561860396912,-0.0026457547732231814,0.2506165504547982,502.8846890523554,-5.477969545751193,-4.780459531153646,688.3704501978069,4.726132804699079,9.765569572808465,636.6315679375482,-5.198175710722619,-9.852020421012472,817.1190376507242,4.589432666239901,11.293423433746405
2.74,2.7466300380719506,-0.04511351502864429,10.966037193891799,0.4698194132672806,-0.0035383168925511915,0.2505981667601268,502.71502969501176,-5.51027322489317,-4.779367570140439,688.2290972956254,4.695202515905494,9.769346210449626,636.5801098627367,-5.206314579384863,-9.850766881550099,817.0923275963765,4.5826111311771385,11.294585826756153
2.75,2.7468079501242757,-0.04524809291311795,10.965800509634102,0.4698855320842952,-0.0042899410520367675,0.25058285846324,502.61495093665616,-5.537118427846988,-4.7783591446901745,688.1577854222498,4.669793512775911,9.773208808271532,636.5550445646913,-5.21280495287868,-9.849685501047936,817.0922216189285,4.5774983371065225,11.295794428652528
2.7600000000000002,2.7470123917794576,-0.045357374581992016,10.965562601071497,0.4699535399352354,-0.004892868425313709,0.2505706545415627,502.5817334988283,-5.5583065013183885,-4.777449832935831,688.1533242207266,4.6500826725620055,9.777069269976808,636.5555824576709,-5.217658437513872,-9.848782838717325,817.1175449685587,4.5740617904938,11.297041378285002
2.77,2.747237903630715,-0.04544066348347992,10.965323737133414,0.47002239051659783,-0.005343898060521826,0.25056149408819556,502.61143217884717,-5.5737741728926204,-4.776651484065303,688.2112833142309,4.636110541142379,9.78084449498373,636.5807525216616,-5.220898785234851,-9.848061271141354,817.1669195064576,4.57225594047217,11.298315157738788
2.7800000000000002,2.747478524471654,-0.04549801054078825,10.965084189172432,0.4700909972580129,-0.005644074335784983,0.2505552355167654,502.69905533774556,-5.583584989708346,-4.775972206544622,688.32617866329,4.6277899699127545,9.784457719740352,636.6293914453996,-5.222561782624702,-9.847519098717836,817.2387596463534,4.572022362317963,11.299600558250937
2.79,2.747727917245136,-0.045530143105813915,10.964844223686672,0.4701582422112728,-0.005798285979521342,0.250551667469306,502.8387531799533,-5.587918578012607,-4.775416458108007,688.4916693953195,4.624917049297128,9.78783966612785,636.7001341074488,-5.222695349867079,-9.847150752011565,817.3312715589128,4.573289843674888,11.300878891427226
2.8000000000000003,2.7479795113106795,-0.045538381472078365,10.964604095838272,0.47022298994188866,-0.005814796009308635,0.25055052092882996,503.02400980890974,-5.587058145250568,-4.77498522319855,688.7007596843022,4.627183908417932,9.79092948399752,636.7914071156828,-5.221359748133203,-9.846947089547532,817.4424568886712,4.575974466610067,11.302128421532037
2.81,2.748226655655423,-0.04552454683165393,10.96436404387417,0.47028410574230006,-0.00570472209981912,0.250551482036751,503.2478344034859,-5.581376651832059,-4.7746762633973745,688.9460005600165,4.634192938987313,9.793675479267815,636.9014268588401,-5.218627795232244,-9.8468957755174,817.5701219094886,4.57997977147212,11.303324986242092
2.82,2.748462777437115,-0.045490864381368554,10.96412428451701,0.4703404772629915,-0.005481486468825049,0.25055420513412957,503.50294729766216,-5.571322074419848,-4.774484426715785,689.2196869318773,4.645472001935602,9.79603562347337,637.0282032075144,-5.214584995563765,-9.846981723400257,817.7118927014337,4.585197077675129,11.304442766934647
2.83,2.748681540244578,-0.04543986499267652,10.963885009357998,0.47039103849533415,-0.005160253438000889,0.25055832558214985,503.78195724191824,-5.557402167650604,-4.7744020022681575,689.5140456034002,4.660490186698896,9.79797784512237,637.1695496527179,-5.209329500759807,-9.847187589720313,817.865236585279,4.591506022799951,11.305455165441474
2.84,2.7488769966726503,-0.045374288487155634,10.963646382250756,0.47043479494184054,-0.004757371458297301,0.25056347196788514,504.0775266612067,-5.540169107919713,-4.7744191076504565,689.8214106096598,4.678673714237136,9.799480107583257,637.3231003045453,-5.202971831131942,-9.847494301133706,818.0274897143648,4.598775365630747,11.306335742245428
2.85,2.7490437302104533,-0.045296991134134046,10.963408537676585,0.470470848775865,-0.004289834669587545,0.25056927736246865,504.3825222842441,-5.520204372595261,-4.77452409722019,690.134382811955,4.699421604388132,9.800530282386566,637.4863338074694,-5.195634304305363,-9.84788159776055,818.1958904099611,4.606864081780793,11.30705917123379
2.86,2.749176982004897,-0.04521085953411968,10.963171580027211,0.4704984228203628,-0.003774777075189436,0.2505753893663253,504.69014908640924,-5.498104172174944,-4.774703980348201,690.445971311739,4.722120764616921,9.801125830694374,637.6566038775687,-5.1874501353428855,-9.848328576121343,818.3676175458025,4.61562276321259,11.307602168166492
2.87,2.749272758752915,-0.045118732593373276,10.962935583731428,0.47051688225797333,-0.0032290102376635772,0.25058147874636155,504.9940660495649,-5.474465712859866,-4.774944839565516,690.7497148810301,4.746160199055827,9.801273309163003,637.8311758435219,-5.178562191385073,-9.848814216121394,818.5398330484816,4.624895315962608,11.307944353715092
2.88,2.74932791876208,-0.04502333284881645,10.962700594136779,0.4705257531140353,-0.002668613124262746,0.2505872465395149,505.2884827840504,-5.449874524148135,-4.7752322393631,691.0397822318956,4.770944082413298,9.800987719423564,638.0072682891588,-5.169121402503252,-9.849317878150398,818.7097273890115,4.634520934402642,11.308069016973453
2.89,2.749340234064572,-0.044927207981911604,10.962466629046784,0.4705247367202426,-0.002108580425044197,0.25059242956292355,505.568236570157,-5.424893041640733,-4.775551617236883,691.3110505477946,4.795903491350173,9.800291722860253,638.1820986595693,-5.159284848321233,-9.84981975839962,818.8745668012172,4.644336315976161,11.307963751399745
2.9,2.749308427340143,-0.04483268297466505,10.962233680807294,0.47051371955871235,-0.0015625334038591422,0.2505968043308626,505.8288498497051,-5.400050590497363,-4.775888649434787,691.5591622613355,4.820506634848232,9.79921474422871,638.3529315119656,-5.149213556313814,-9.850301292813663,819.0317408765636,4.654178067997283,11.307620941873463
2.91,2.749232183266381,-0.0447418230164592,10.962001718832662,0.4704927780933232,-0.001042495184059271,0.25060018943084134,506.0665686257025,-5.375834870975316,-4.776229584781139,691.7805605753606,4.844267473602059,9.797791988893533,638.5171279707376,-5.139070061957685,-9.850745502549941,819.1788091526684,4.663885248147093,11.307038088602129
2.92,2.749112134739824,-0.044656406970151094,10.961770692462537,0.47046217840674015,-0.0005587303695834048,0.2506024464548182,506.2783826043355,-5.352685005182822,-4.776561540949305,691.9725046786444,4.866752665360741,9.796063399065416,638.672194884956,-5.129015792634528,-9.851137276289691,819.3135453323096,4.673301972988875,11.306217960673377
2.93,2.748949825172668,-0.04457791095068804,10.961540534043188,0.47042237066789655,-0.00011964710108101772,0.2506034796159086,506.4620282350712,-5.330986164411855,-4.776872758632666,692.1330659976768,4.88758681739615,9.794072574393214,638.8158321853008,-5.11920834602797,-9.851463587116644,819.4339778378279,4.682280024277674,11.305168578834593
2.94,2.748747648745256,-0.044507501358697424,10.961311162132631,0.4703739786474726,0.0002682419212458412,0.2506032342062744,506.6159760696137,-5.311065759865896,-4.777152810224164,692.2611071481504,4.906456068009824,9.791865681642545,638.9459769928682,-5.109798739525218,-9.851713643858886,819.5384255176901,4.690681381090245,11.303903033356576
2.95,2.7485087710674576,-0.044446036543355424,10.961082484736293,0.4703177846711347,0.0006003042286201151,0.25060169406853944,506.7394040684569,-5.293191146801435,-4.777392760838742,692.3562455022926,4.923110055528923,9.789490377018074,639.0608431398837,-5.10092870974499,-9.851878978708115,819.6255274717969,4.698380606775965,11.302439148406908
2.96,2.748237033160349,-0.04439407614092271,10.960854402488753,0.4702547105467356,0.0008737240125694893,0.25059887826182947,506.8321586357389,-5.277568763465856,-4.777585280772525,692.4188034713485,4.937362365057818,9.7869947630196,639.1589549153072,-5.092728140831948,-9.851953474539869,819.6942661429697,4.705267023262127,11.300799009081606
2.97,2.747936842007545,-0.04435189704493843,10.960626811707268,0.4701857951186726,0.0010873967870035828,0.2505948371053317,506.8947052613578,-5.264344601981497,-4.777724709753281,692.4497477186658,4.9490895700238235,9.784426399637839,639.2391740392186,-5.085312696729183,-9.851933336640116,819.7439830267891,4.711246611112719,11.299008371030702
2.98,2.747613051140837,-0.044319514908318425,10.960399607253539,0.4701121691881797,0.0012417893824459103,0.25058964777819115,506.9280706968073,-5.2536058886499815,-4.777807074556035,692.4506195715467,4.9582290070926405,9.781831387273687,639.3007190897955,-5.078781726545689,-9.851817014493552,819.7743865724902,4.716243581615598,11.297095975417808
2.99,2.747270834821359,-0.044296710053635474,10.960172685151555,0.4700350285919757,0.001338772619757006,0.25058340964569153,506.9337785923009,-5.245383836014861,-4.7778300626972925,692.4234588944402,4.964775439325885,9.779253536090751,639.3431768469036,-5.073216503694522,-9.851605079928413,819.7855520765991,4.720201576734362,11.295092793774971
3.0,2.746915559370972,-0.044283056670616106,10.9599459449206,0.46995560625610633,0.001381434035907795,0.25057623946938684,506.91378048661,-5.239657318034885,-4.7777929559501615,692.3707236335525,4.968776773973338,9.77673363371339,639.3665052679465,-5.068678849159902,-9.851300068286447,819.7779136015666,4.72308446358266,11.2930312282401
