time_s,ay_mps2,ax_mps2,speed_mps,roll_deg,pitch_deg,yaw_rate_radps,Fz_FL,jounce_FL_mm,geometric_FL_n,Fz_FR,jounce_FR_mm,geometric_FR_n,Fz_RL,jounce_RL_mm,geometric_RL_n,Fz_RR,jounce_RR_mm,geometric_RR_n
0.0,0.0,0.0,15.0,0.0,0.0,0.0,598.5082183333004,-0.0,0.0,598.5082183333004,-0.0,0.0,731.5100446295896,-0.0,-0.0,731.5100446295896,-0.0,0.0
0.01,1.5564457453646112e-18,1.1169533421866411e-18,15.0,-7.690214185456993e-20,6.525848523229256e-18,-8.36050385059357e-22,598.5082183333004,-0.0,4.612309176578372e-17,598.5082183333004,-0.0,5.424656355314361e-17,731.5100446295896,-0.0,-7.688233257189539e-17,731.5100446295896,-0.0,-6.585622092129771e-17
0.02,2.7945401668247537e-18,4.467813361824715e-18,15.0,-3.0751118349069575e-19,2.6103394052475815e-17,-5.043696727749423e-22,598.5082183333004,-0.0,9.319550574517024e-17,598.5082183333004,-0.0,1.0754380448257996e-16,731.5100446295896,-0.0,-1.525853805282008e-16,731.5100446295896,-0.0,-1.328917258749642e-16
0.03,3.787364886569916e-18,1.0052580051914078e-17,15.0,-6.917286395933165e-19,5.873263654684105e-17,4.8812006147583005e-22,598.5082183333004,-0.0,1.410022928658992e-16,598.5082183333004,-0.0,1.6010667203859926e-16,731.5100446295896,-0.0,-2.2734251597509485e-16,731.5100446295896,-0.0,-2.008731430080021e-16
0.04,4.590457542412855e-18,1.787125340864091e-17,15.0,-1.2295008532226703e-18,1.0441357598404254e-16,1.8204979679349935e-21,598.5082183333004,-0.0,1.8938348965774226e-16,598.5082183333004,-0.0,2.1209512980413666e-16,731.5100446295896,-0.0,-3.0133522712658826e-16,731.5100446295896,-0.0,-2.696189842666843e-16
0.05,5.2462317371133864e-18,2.79238334301902e-17,15.0,-1.9208022887967836e-18,1.6314621235347598e-16,3.2936021058350794e-21,598.5082183333004,-0.0,2.382193506797466e-16,598.5082183333004,-0.0,2.6362892329008995e-16,731.5100446295896,-0.0,-3.747050706533351e-16,731.5100446295896,-0.0,-3.389876930798273e-16
0.06,5.787225241209974e-18,4.021032011597232e-17,15.0,-2.76562465103132e-18,2.349305456516965e-16,4.787303402023025e-21,598.5082183333004,-0.0,2.874197319410139e-16,598.5082183333004,-0.0,3.1479819652954665e-16,731.5100446295896,-0.0,-4.475627441788198e-16,731.5100446295896,-0.0,-4.0886857188394523e-16
0.07,6.3582419207855054e-18,5.474198465202996e-17,15.0,-3.764746177366629e-18,3.198324282737984e-16,6.12646161949084e-21,598.5082183333004,-0.0,3.40102232743519e-16,598.5082183333004,-0.0,3.69490229865551e-16,731.5100446295896,-0.0,-5.254009478983894e-16,731.5100446295896,-0.0,-4.837307598936884e-16
0.08,5.636222139898005e-19,7.098837003226585e-17,15.0,-4.9154429767792775e-18,4.147526420706159e-16,4.1533607150164445e-20,598.5082183333004,-0.0,3.70815578758057e-16,598.5082183333004,-0.0,3.653861888550552e-16,731.5100446295895,-0.0,-5.417779384888885e-16,731.5100446295895,-0.0,-5.388808986736441e-16
0.09,5.0669206891191395e-17,8.808597438061006e-17,15.0,-1.1405048400120445e-17,5.14646139742568e-16,-2.4795724069526614e-19,598.5082183333005,-0.0,2.7386715392721644e-16,598.5082183333004,-0.0,5.543804606327408e-16,731.5100446295896,-0.0,-6.860652352189374e-16,731.5100446295895,-0.0,-3.6762281545965873e-16
0.1,-1.7694217215094517e-17,1.0642733255596636e-16,15.0,-1.5070985019157307e-17,6.218063232900265e-16,2.38887268943887e-19,598.5082183333005,-0.0,4.84894295000706e-16,598.5082183333005,-0.0,3.55751603834814e-16,731.5100446295895,-0.0,-4.770310544740305e-16,731.5100446295895,-0.0,-5.942889503810344e-16
0.11,-1.3131042702842093e-17,1.2442798245970082e-16,15.0,-1.581514760457818e-17,7.269759039293434e-16,1.5874232262667306e-19,598.5082183333005,-0.0,4.652087331119828e-16,598.5082183333005,-0.0,3.6733091262922925e-16,731.5100446295896,-0.0,-4.822438727867038e-16,731.5100446295895,-0.0,-5.775479980197325e-16
0.12,-6.97138845312559e-17,1.4228248275884197e-16,15.0,-1.623654186694493e-17,8.312915991418629e-16,5.336333391040093e-19,598.5082183333004,-0.0,6.381903562487112e-16,598.5082183333005,-0.0,2.0614774131591867e-16,731.5100446295895,-0.0,-3.103563836305303e-16,731.5100446295896,-0.0,-7.662144024903258e-16
0.13,-8.086828773104357e-17,1.599820160397242e-16,15.0,-1.6486481829666212e-17,9.347018928044173e-16,5.994889828627172e-19,598.5082183333004,-0.0,6.631132431229002e-16,598.5082183333005,-0.0,1.6580643446635599e-16,731.5100446295895,-0.0,-2.6328380954591694e-16,731.5100446295896,-0.0,-7.913600011614808e-16
0.14,5.164007063460927e-17,1.777425636192951e-16,15.0,-1.295876636736934e-17,1.0384686651630417e-15,-4.1912641232032214e-19,598.5082183333005,-0.0,2.6140343378861084e-16,598.5082183333004,-0.0,5.626020374961971e-16,731.5100446295896,-0.0,-6.75125770948542e-16,731.5100446295895,-0.0,-3.725294066183395e-16
0.15,5.628690134543207e-17,1.9471946368028213e-16,15.0,-1.1106147348091976e-17,1.1376569427817951e-15,-4.7654492669653945e-19,598.5082183333005,-0.0,2.3647552636583946e-16,598.5082183333004,-0.0,5.692150144941689e-16,731.5100446295896,-0.0,-6.765062952573935e-16,731.5100446295895,-0.0,-3.4510269665848035e-16
0.16,-5.45465623927255e-17,2.1149197903160522e-16,15.0,-1.3931006816067942e-17,1.2356510938373743e-15,3.8330906752159257e-19,598.5082183333004,-0.0,5.691923610603692e-16,598.5082183333005,-0.0,2.332409741024972e-16,731.5100446295895,-0.0,-3.274308113357909e-16,731.5100446295896,-0.0,-6.895460153289184e-16
0.17,-8.455904038430028e-17,2.292021011917144e-16,15.0,-1.0796593034991143e-17,1.339123253487751e-15,5.657504835681961e-19,598.5082183333004,-0.0,6.723376974791096e-16,598.5082183333005,-0.0,1.6352528056259112e-16,731.5100446295895,-0.0,-2.5679598864319354e-16,731.5100446295896,-0.0,-8.077220879456742e-16
0.18,9.718885524769694e-17,2.4697721946505994e-16,15.0,-2.320000267175607e-18,1.4429751557590227e-15,-8.535508806384182e-19,598.5082183333005,-0.0,1.1733926933800416e-16,598.5082183333004,-0.0,7.090484634667527e-16,731.5100446295896,-0.0,-8.402173980867489e-16,731.5100446295895,-0.0,-2.4982969724140106e-16
0.19,6.10688090213023e-17,2.647745164962328e-16,15.0,-1.1307671665926056e-17,1.5469566383883524e-15,-3.992986277267316e-19,598.5082183333005,-0.0,2.6258059848690163e-16,598.5082183333005,-0.0,6.123175590846972e-16,731.5100446295896,-0.0,-6.946273878025596e-16,731.5100446295895,-0.0,-3.194739131421264e-16
0.2,-1.0519890497943736e-16,2.823424473776606e-16,15.0,-1.575408007213837e-17,1.6495980393033806e-15,8.426232306693381e-19,598.5082183333004,-0.0,7.271873110587872e-16,598.5082183333005,-0.0,7.853147389597496e-17,731.5100446295895,-0.0,-1.907035936980977e-16,731.5100446295896,-0.0,-8.622669351079623e-16
0.21,-1.174009087776139e-16,3.000664204754081e-16,15.0,-1.4092253675002777e-17,1.7531511236598469e-15,8.697718696955173e-19,598.5082183333004,-0.0,7.807768599469638e-16,598.5082183333005,-0.0,6.688973580724012e-17,731.5100446295895,-0.0,-1.5327630454706888e-16,731.5100446295896,-0.0,-9.069100459203697e-16
0.22,-7.77780787967539e-17,3.1872731030279365e-16,15.0,-1.7584616347049143e-17,1.8621781847936495e-15,6.158587371129052e-19,598.5082183333012,5.551115123125783e-14,6.764640232553175e-16,598.5082183333004,-0.0,1.9254529940307443e-16,731.5100446295895,-0.0,-2.978899990951194e-16,731.5100446295896,-0.0,-8.029073225944453e-16
0.23,2.7294596006718863e-16,3.3459771071340806e-16,15.0,-2.560785900480201e-17,1.954901690038651e-15,-1.8129808207892396e-18,598.508218333301,5.551115123125783e-14,-5.406808642825398e-16,598.508218333301,5.551115123125783e-14,1.0481197013239088e-15,731.5100446295896,-0.0,-1.2921712525267775e-15,731.5100446295895,-0.0,4.1112691687083846e-16
0.24,1.8226225739352605e-16,3.4289089487531163e-16,15.0,-5.009466043495486e-17,2.0033549795107757e-15,-9.594267784451328e-19,598.508218333301,5.551115123125783e-14,-5.501288746867564e-16,598.508218333301,5.551115123125783e-14,4.584543042706308e-16,731.5100446295896,-0.0,-9.512133409194392e-16,731.5100446295896,-0.0,1.7366879027549472e-16
0.25,1.0551473522913886e-16,3.433501132425003e-16,15.0,-7.349846142545867e-17,2.0060379828110665e-15,-3.1956111044632387e-19,598.508218333301,5.551115123125783e-14,-6.024004265657155e-16,598.508218333301,5.551115123125783e-14,-7.892663867069316e-17,731.5100446295896,-0.0,-6.706468836494265e-16,731.5100446295896,-0.0,-4.8846662637765884e-17
0.26,-1.5572574833632267e-16,3.3683076186362315e-16,15.0,-8.246358770631044e-17,1.9679483885895477e-15,1.3868122868161059e-18,598.5082183333009,5.551115123125783e-14,-4.621014759564781e-17,598.5082183333009,5.551115123125783e-14,-1.0687593526731703e-15,731.5100446295896,-0.0,2.156926779108615e-16,731.5100446295896,-0.0,-8.39597207064866e-16
0.27,-1.6704821394412385e-16,3.242222930600632e-16,15.0,-9.284067453965958e-17,1.8942828607521773e-15,1.4010703765309346e-18,598.508218333301,5.551115123125783e-14,-2.223477461670604e-16,598.5082183333002,-0.0,-1.3144822525934666e-15,731.5100446295896,-0.0,2.8854912392400973e-16,731.5100446295896,-0.0,-8.595404647860097e-16
0.28,-1.0082189082540732e-15,3.085861574432361e-16,15.0,-3.8432872129229104e-17,1.8029280577625343e-15,6.528855181265115e-18,598.5082183333003,-0.0,2.1590856820648443e-15,598.5082183333003,-0.0,-3.805784020674883e-15,731.5100446295895,-0.0,2.9510222465209818e-15,731.5100446295896,-0.0,-3.532580327970769e-15
0.29,-1.8847421735056654e-16,2.9482766656467684e-16,15.0,2.1949710421511913e-17,1.7225434758909793e-15,1.6675045536962965e-19,598.5082183333003,-0.0,-2.027664454472841e-16,598.5082183333003,-0.0,-1.1901726496732835e-15,731.5100446295895,-0.0,2.751084497300893e-16,731.5100446295896,-0.0,-1.0260449763654949e-15
0.3,-9.088100221871597e-17,2.850679210811221e-16,15.0,5.267496804366363e-17,1.6655217380570042e-15,-4.0232256513912412e-19,598.5082183333003,-0.0,-3.672723714332905e-16,598.5082183333003,-0.0,-7.617214831107885e-16,731.5100446295895,-0.0,-1.112991860516367e-16,731.5100446295896,-0.0,-7.410576296078046e-16
0.31,7.326483699228876e-17,2.7895320782312743e-16,15.0,7.355284791945632e-17,1.6297962596708295e-15,-1.3228358046815712e-18,598.5082183333003,-0.0,-7.261523113463907e-16,598.5082183333004,-0.0,-1.5179221333965417e-16,731.5100446295896,-0.0,-6.948823845443031e-16,731.5100446295896,-0.0,-2.3212509350519707e-16
0.32,-9.283512708000868e-17,2.7629446229216186e-16,15.0,9.813884148970932e-17,1.6142624231697207e-15,-2.890643000338677e-20,598.5082183333003,-0.0,-1.6571800885563878e-16,598.5082183333004,-0.0,-5.69750136094438e-16,731.5100446295895,-0.0,-2.623044706928031e-16,731.5100446295896,-0.0,-8.009039107154804e-16
0.33,7.289698913777667e-17,2.757326054316227e-16,15.0,1.164491245085046e-16,1.6109797500041278e-15,-1.0331939823148762e-18,598.5082183333004,-0.0,-6.171690390785038e-16,598.5082183333004,-0.0,-3.730039020254453e-17,731.5100446295895,-0.0,-8.600863181558958e-16,731.5100446295896,-0.0,-3.0911614731235443e-16
0.34,2.6702449894378183e-16,2.7598866210375543e-16,15.0,1.1598640279162286e-16,1.6124757722573307e-15,-2.0562696932627322e-18,598.5082183333004,-0.0,-1.1886268969182004e-15,598.5082183333004,-0.0,5.104221076262764e-16,731.5100446295895,-0.0,-1.507092955937116e-15,731.5100446295895,-0.0,3.1000936279439495e-16
0.35000000000000003,2.036591388434229e-16,2.761172373352239e-16,15.0,1.0676159251908965e-16,1.6132269786441253e-15,-1.290927649436126e-18,598.5082183333004,-0.0,-9.811232093429217e-16,598.5082183333004,-0.0,3.0291815126468113e-16,731.5100446295895,-0.0,-1.3200921481893932e-15,731.5100446295895,-0.0,1.230089372953709e-16
0.36,1.565441952278345e-16,2.7624580767225943e-16,15.0,9.7605642302591e-17,1.6139781564349825e-15,-7.865645005246031e-19,598.5082183333004,-0.0,-8.292183153851901e-16,598.5082183333004,-0.0,1.5101308017580354e-16,731.5100446295895,-0.0,-1.1754396126101032e-15,731.5100446295895,-0.0,-2.1643346380657297e-17
0.37,1.2130517656048044e-16,2.763743747950731e-16,15.0,8.849491315799488e-17,1.6147293154466085e-15,-4.567880784334299e-19,598.5082183333004,-0.0,-7.170960798064674e-16,598.5082183333004,-0.0,3.8890728780381295e-17,731.5100446295895,-0.0,-1.0627744450555777e-15,731.5100446295895,-0.0,-1.343083492289446e-16
0.38,9.479678921259014e-17,2.765029398257708e-16,15.0,7.94136181108195e-17,1.6154804622349564e-15,-2.4336595392074887e-19,598.5082183333004,-0.0,-6.335889906984572e-16,598.5082183333004,-0.0,-4.461643528097481e-17,731.5100446295895,-0.0,-9.74397012977916e-16,731.5100446295895,-0.0,-2.226856747133129e-16
0.39,7.474511928862797e-17,2.7663150351064195e-16,15.0,7.035125757549525e-17,1.6162316011602532e-15,-1.0713257730518921e-19,598.5082183333004,-0.0,-5.7077781843616e-16,598.5082183333004,-0.0,-1.074276553881121e-16,731.5100446295895,-0.0,-9.045519192334563e-16,731.5100446295895,-0.0,-2.9253070041625933e-16
0.4,5.949683936558197e-17,2.767600663435114e-16,15.0,6.130088389924904e-17,1.616982735107694e-15,-2.1815459654599342e-20,598.5082183333004,-0.0,-5.230206124648051e-16,598.5082183333004,-0.0,-1.551848913226368e-16,731.5100446295895,-0.0,-8.489126018910741e-16,731.5100446295895,-0.0,-3.481699751471617e-16
0.41000000000000003,4.784279102004417e-17,2.7688862864909217e-16,15.0,5.22579286786142e-17,1.617733865974427e-15,3.01532673166089e-20,598.5082183333004,-0.0,-4.862777894697313e-16,598.5082183333004,-0.0,-1.9192773256900505e-16,731.5100446295895,-0.0,-8.042088384109263e-16,731.5100446295895,-0.0,-3.928737126716226e-16
0.42,3.8893392086018253e-17,2.770171906392114e-16,15.0,4.3219411704824976e-17,1.6184849949980623e-15,6.047563177019595e-20,598.5082183333004,-0.0,-4.57641760933247e-16,598.5082183333004,-0.0,-2.2056377175463133e-16,731.5100446295895,-0.0,-7.67955997365838e-16,731.5100446295895,-0.0,-4.2912653857226024e-16
0.43,3.1990263088728446e-17,2.7714575245066193e-16,15.0,3.4183408430332506e-17,1.6192361229778183e-15,7.690965622429112e-20,598.5082183333004,-0.0,-4.350081246494102e-16,598.5082183333004,-0.0,-2.431974138100588e-16,731.5100446295895,-0.0,-7.382570925760441e-16,731.5100446295895,-0.0,-4.588254351541105e-16
0.44,2.664325059453234e-17,2.7727431417062165e-16,15.0,2.5148692345086343e-17,1.619987250423035e-15,8.456866847940961e-20,598.5082183333004,-0.0,-4.16845045327526e-16,598.5082183333004,-0.0,-2.6136049582177054e-16,731.5100446295895,-0.0,-7.136572022456104e-16,731.5100446295895,-0.0,-4.834253216592652e-16
0.45,1.8199083266651242e-17,2.774250646012537e-16,15.0,1.6170893607581328e-17,1.62086801637624e-15,1.1757090635160964e-19,598.5082183333004,-0.0,-3.9351593963014096e-16,598.5082183333004,-0.0,-2.9313791412683077e-16,731.5100446295895,-0.0,-7.03081410297083e-16,731.5100446295895,-0.0,-5.409964127179491e-16
0.46,4.1297509654498773e-17,2.766672874840963e-16,15.0,6.083038702487783e-18,1.6164406705828538e-15,-6.634330755476638e-20,598.5082183332999,-5.551115123125783e-14,-2.802816161295383e-16,598.5082183332999,-5.551115123125783e-14,-4.908526766973094e-17,731.5100446295887,-5.551115123125783e-14,-2.9587422639196463e-16,731.5100446295887,-5.551115123125783e-14,-3.636946784228876e-18
0.47000000000000003,3.298978305835757e-17,2.741806701688203e-16,15.0,-5.091818901360899e-18,1.6019125006747334e-15,-9.655771050976032e-21,598.5082183332999,-5.551115123125783e-14,2.79089978719076e-17,598.5082183332999,-5.551115123125783e-14,2.0044504499574223e-16,731.5100446295887,-5.551115123125783e-14,3.0408776238898507e-16,731.5100446295887,-5.551115123125783e-14,5.292866222958964e-16
0.48,2.776828954516248e-17,2.709293750190461e-16,15.0,-1.6209150117459554e-17,1.5829166672317722e-15,2.4299860630559637e-20,598.5082183333004,-0.0,2.990596972224968e-16,598.5082183333004,-0.0,4.3133207585458043e-16,731.5100446295897,-0.0,7.390848618952727e-16,731.5100446295897,-0.0,9.167825129769234e-16
0.49,2.4461360353209567e-17,2.694388471924299e-16,15.0,-2.7451614962352636e-17,1.5742081935213904e-15,4.9459704848721243e-20,598.5082183333004,-0.0,2.816217129285036e-16,598.5082183333004,-0.0,3.843520818109735e-16,731.5100446295897,-0.0,5.242336149767911e-16,731.5100446295897,-0.0,6.670250284915674e-16
0.5,-1.3168478678296032e-16,2.708297096593581e-16,15.0,-3.476045490176712e-17,1.5823343680293148e-15,1.115639324318024e-18,598.5082183333004,-0.0,8.083716600546832e-16,598.5082183333004,-0.0,-1.9585825301080586e-17,731.5100446295896,-0.0,9.263758201352483e-16,731.5100446295896,-0.0,7.034303616851539e-17
0.51,-6.147197333305105e-17,2.7399654792528285e-16,15.0,-3.2435797683467835e-17,1.600836758451938e-15,4.422217513700266e-19,598.5082183333005,-0.0,6.078317374037168e-16,598.5082183333004,-0.0,2.1630463576907784e-16,731.5100446295896,-0.0,6.841817598976908e-16,731.5100446295896,-0.0,2.5297322547518314e-16
0.52,-8.346769363477539e-17,2.7798344301996835e-16,15.0,-3.5648378612301186e-17,1.6241303665940551e-15,5.94481376994823e-19,598.5082183333005,-0.0,6.82680268673488e-16,598.5082183333005,-0.0,1.576386513567431e-16,731.5100446295896,-0.0,7.009340490403137e-16,731.5100446295896,-0.0,1.2690317129713251e-16
0.53,-3.547882634638921e-17,2.833047788098166e-16,15.0,-3.318381392658494e-17,1.6552205025864905e-15,1.6638053545764358e-19,598.5082183333005,-0.0,5.66390868836625e-16,598.5082183333005,-0.0,3.3702217146185166e-16,731.5100446295896,-0.0,5.078300742339431e-16,731.5100446295896,-0.0,2.2941831871919227e-16
0.54,5.036933490859386e-17,2.891942360843557e-16,15.0,-3.412766707235947e-17,1.6896299130838277e-15,-4.550628845872647e-19,598.5082183333005,-0.0,2.79061792815449e-16,598.5082183333004,-0.0,5.601810201164521e-16,731.5100446295896,-0.0,1.5690046064960177e-16,731.5100446295896,-0.0,4.1754225827678696e-16
0.55,-6.801626100515899e-17,2.9543474806193987e-16,15.0,-3.4190270462739664e-17,1.7260903759652819e-15,3.8403814115936537e-19,598.5082183333005,-0.0,6.54533837882524e-16,598.5082183333005,-0.0,2.3150966495635474e-16,731.5100446295896,-0.0,5.646695931800519e-16,731.5100446295896,-0.0,7.898512373136755e-17
0.56,9.941193381806094e-17,3.0212848058957356e-16,15.0,-3.9816432858666513e-17,1.765198799639304e-15,-7.209663834221753e-19,598.5082183333005,-0.0,1.7139542074205618e-16,598.5082183333005,-0.0,7.30558752227941e-16,731.5100446295896,-0.0,-2.684301312191144e-17,731.5100446295896,-0.0,5.464500309944828e-16
0.5700000000000001,-1.9094424743904376e-16,3.095678090298261e-16,15.0,-3.2845943293697076e-17,1.808663399888942e-15,1.2181946212384846e-18,598.5082183333004,-0.0,9.928165902352386e-16,598.5082183333005,-0.0,-1.5669419199277856e-16,731.5100446295896,-0.0,8.270973913161165e-16,731.5100446295896,-0.0,-4.3601453413067383e-16
0.58,-3.7650617466062654e-16,3.1720377401887606e-16,15.0,-1.8215412709701776e-17,1.8532768577346106e-15,2.382602094728998e-18,598.5082183333011,5.551115123125783e-14,1.4878316022141946e-15,598.5082183333004,-0.0,-7.378530875207479e-16,731.5100446295896,-0.0,1.3645632413661673e-15,731.5100446295896,-0.0,-1.0678956504457007e-15
0.59,1.915189301269063e-16,3.227613264670299e-16,15.0,-2.4908649847107064e-19,1.8857470998358184e-15,-1.7747246351570718e-18,598.508218333301,5.551115123125783e-14,-3.6056228989144566e-16,598.508218333301,5.551115123125783e-14,8.183123781844449e-16,731.5100446295896,-0.0,-3.948038488764057e-16,731.5100446295896,-0.0,7.628604404150255e-16
0.6,1.5728209623527377e-16,3.2185857397146415e-16,15.0,-1.2123029020960465e-17,1.880472729083235e-15,-1.2362557218043307e-18,598.508218333301,5.551115123125783e-14,-5.521754348960829e-16,598.508218333301,5.551115123125783e-14,3.839367407966009e-16,731.5100446295896,-0.0,-2.7213857863331705e-16,731.5100446295896,-0.0,6.901847882868826e-16
0.61,-2.073437074431206e-16,3.1486457302836697e-16,15.0,-2.8484781215357177e-18,1.8396099741210424e-15,1.2768928924288811e-18,598.5082183333004,-0.0,4.368726188676285e-16,598.5082183333004,-0.0,-7.798012133186194e-16,731.5100446295896,-0.0,8.521153688412996e-16,731.5100446295896,-0.0,-4.818043751872545e-16
0.62,-1.5981759723443418e-16,3.0917568694605927e-16,15.0,1.875655962896349e-17,1.8063724095452755e-15,7.635704228889103e-19,598.5082183333004,-0.0,3.2809137548964e-16,598.5082183333004,-0.0,-5.706501346376842e-16,731.5100446295896,-0.0,6.274695940436246e-16,731.5100446295896,-0.0,-3.9989740984318626e-16
0.63,-1.2426208080515881e-16,3.0572071080644e-16,15.0,4.016195167455733e-17,1.786186561052815e-15,4.2903411529604096e-19,598.5082183333004,-0.0,2.5962523437186483e-16,598.5082183333004,-0.0,-4.0181422100623936e-16,731.5100446295896,-0.0,4.3498086595168467e-16,731.5100446295896,-0.0,-3.501474019104278e-16
0.64,-9.749781400077365e-17,3.044996434601046e-16,15.0,6.138386905163109e-17,1.7790524219282154e-15,2.1372122300319938e-19,598.5082183333004,-0.0,2.2014895434131118e-16,598.5082183333004,-0.0,-2.6196821033299887e-16,731.5100446295896,-0.0,2.669112586698015e-16,731.5100446295896,-0.0,-3.2481645524180916e-16
0.65,-8.595987610836846e-17,3.0548995853677816e-16,15.0,8.18753396730553e-17,1.784838380872561e-15,1.4981710640217904e-19,598.5082183333004,-0.0,2.2914785291383986e-16,598.5082183333004,-0.0,-1.689803791747022e-16,731.5100446295896,-0.0,1.443731639733854e-16,731.5100446295896,-0.0,-3.4576098934478765e-16
0.66,4.230394193549192e-16,3.084196346038759e-16,15.0,9.522534541620829e-17,1.8019551408247555e-15,-3.3715259662024784e-18,598.5082183333003,-0.0,-1.2957818401060148e-15,598.5082183333011,5.551115123125783e-14,1.3347639787674659e-15,731.5100446295896,-0.0,-1.5190058856888992e-15,731.5100446295896,-0.0,1.2287016321075042e-15
0.67,6.851896439799386e-16,3.110418268489235e-16,15.0,4.1456237800325416e-17,1.8172754131617066e-15,-4.305537514648055e-18,598.5082183333004,-0.0,-1.9973412598460345e-15,598.5082183333004,-0.0,2.0554898860529524e-15,731.5100446295896,-0.0,-2.4135732253717224e-15,731.5100446295896,-0.0,2.029592936895901e-15
0.68,5.707486489177258e-16,3.157421735884278e-16,15.0,-2.3005804994405177e-17,1.844737393595563e-15,-2.8380571091319237e-18,598.5082183333004,-0.0,-1.5425349733114434e-15,598.5082183333004,-0.0,1.7117903417578717e-15,731.5100446295896,-0.0,-2.1250411322812683e-15,731.5100446295895,-0.0,1.5914827560201998e-15
0.6900000000000001,-5.271340282648411e-16,3.2084983098748574e-16,15.0,-5.0837755708380035e-17,1.8745791042882853e-15,4.817086565535758e-18,598.5082183333011,5.551115123125783e-14,1.6517466118792125e-15,598.5082183333003,-0.0,-1.6303885146134717e-15,731.5100446295896,-0.0,1.363703053998221e-15,731.5100446295896,-0.0,-1.896716238260943e-15
0.7000000000000001,-7.218755010201379e-16,3.2176809116403635e-16,15.0,3.645068395759423e-18,1.879944079342079e-15,5.000128149840237e-18,598.5082183333009,5.551115123125783e-14,1.8947723019816705e-15,598.508218333301,5.551115123125783e-14,-2.3803675022832704e-15,731.5100446295896,-0.0,2.095659614161623e-15,731.5100446295896,-0.0,-2.4685454669302833e-15
0.71,3.3167670755462876e-16,3.163711108172481e-16,15.0,3.323684068888096e-17,1.8484119867328778e-15,-2.8564628566544484e-18,598.5082183333003,-0.0,-1.4050199445569372e-15,598.508218333301,5.551115123125783e-14,6.459151699219335e-16,731.5100446295896,-0.0,-1.230904020111452e-15,731.5100446295896,-0.0,8.409690367107387e-16
0.72,3.405280926469156e-16,3.101940997328504e-16,15.0,-5.535127350927008e-18,1.8123225305840897e-15,-2.2250382862655416e-18,598.5082183333004,-0.0,-1.3606941580857299e-15,598.5082183333003,-0.0,6.413053216780687e-16,731.5100446295896,-0.0,-1.3683584900381273e-15,731.5100446295896,-0.0,7.938876499610403e-16
0.73,2.4893611959548694e-16,3.0679094893707134e-16,15.0,-3.7612067388760265e-17,1.7924394739189976e-15,-1.256771784691837e-18,598.5082183333004,-0.0,-1.0012258637867791e-15,598.5082183333004,-0.0,3.978252894673876e-16,731.5100446295896,-0.0,-1.1605750925962707e-15,731.5100446295896,-0.0,4.211540322552821e-16
0.74,1.0172557545838483e-16,3.0540368920711084e-16,15.0,-6.621456229075888e-17,1.7843343485586355e-15,-9.633962048790189e-20,598.5082183333004,-0.0,-5.073474006866377e-16,598.5082183333004,-0.0,-1.8866918480630646e-17,731.5100446295896,-0.0,-7.351070750428728e-16,731.5100446295895,-0.0,-1.0488626036906148e-16
0.75,2.518085658229447e-16,3.057699737107809e-16,15.0,-9.876087848805144e-17,1.7864743817158644e-15,-1.0640731054147102e-18,598.5082183333004,-0.0,-9.061900368923075e-16,598.5082183333004,-0.0,4.3772845424603135e-16,731.5100446295896,-0.0,-1.2607290814909507e-15,731.5100446295895,-0.0,2.853980526201678e-16
0.76,-5.413952271815593e-16,3.062338073925681e-16,15.0,-1.0243402234602086e-16,1.789184350192604e-15,4.2030527885279465e-18,598.5082183333004,-0.0,1.3684381078986266e-15,598.5082183333004,-0.0,-1.9709238997156387e-15,731.5100446295895,-0.0,1.2580455224456238e-15,731.5100446295896,-0.0,-2.2464929313571427e-15
0.77,-2.5536624303750993e-16,3.07170979537068e-16,15.0,-8.479719282333328e-17,1.794659819242389e-15,1.726578068810438e-18,598.5082183333004,-0.0,5.79972928487346e-16,598.5082183333004,-0.0,-1.0003228869215978e-15,731.5100446295895,-0.0,3.6977078797547506e-16,731.5100446295896,-0.0,-1.3619281103187138e-15
0.78,-9.442179414450034e-17,3.1005028643327327e-16,15.0,-8.941335742152898e-17,1.81148229512105e-15,6.028556046466098e-19,598.5082183333011,5.551115123125783e-14,1.310274039893472e-16,598.5082183333003,-0.0,-4.986694810157834e-16,731.5100446295895,-0.0,-1.6873558497028143e-16,731.5100446295896,-0.0,-8.88551223316298e-16
0.79,-7.819608288300171e-16,3.112689603420569e-16,15.0,-3.634015038125111e-17,1.8186024504825663e-15,4.753534723317461e-18,598.5082183333003,-0.0,2.0340688898573232e-15,598.5082183333004,-0.0,-2.567377954249425e-15,731.5100446295895,-0.0,2.0206134925279183e-15,731.5100446295896,-0.0,-3.053747584644349e-15
0.8,-4.09137377040219e-16,3.1330689820674465e-16,15.0,2.645881874742177e-17,1.830509191169397e-15,1.6106794719508145e-18,598.5082183333004,-0.0,9.290949931761206e-16,598.5082183333004,-0.0,-1.3548077196049466e-15,731.5100446295895,-0.0,7.617074833208832e-16,731.5100446295896,-0.0,-1.939427417040448e-15
0.81,6.7730246047107e-16,3.1564603610783414e-16,15.0,4.328295780533825e-17,1.8441757061802845e-15,-5.785331429704961e-18,598.5082183333003,-0.0,-2.3882027541983595e-15,598.508218333301,5.551115123125783e-14,1.7697487842822753e-15,731.5100446295896,-0.0,-2.669724141574072e-15,731.5100446295895,-0.0,1.5409555979139852e-15
0.8200000000000001,3.147040791569509e-16,3.1663055486653354e-16,15.0,1.7503792568044335e-19,1.84992779988455e-15,-2.2017208038545293e-18,598.5082183332999,-5.551115123125783e-14,-1.1521286101035071e-15,598.5082183332999,-5.551115123125783e-14,7.136467102144504e-16,731.5100446295887,-5.551115123125783e-14,-1.4850080039421628e-15,731.5100446295886,-5.551115123125783e-14,5.064080879393604e-16
0.8300000000000001,-9.106397663476012e-17,3.1747006470415837e-16,15.0,-2.0937450407451786e-17,1.8548326726551308e-15,9.800026557676625e-19,598.5082183333005,-0.0,1.4847500912776353e-16,598.5082183332997,-5.551115123125783e-14,-4.454474325929037e-16,731.5100446295887,-5.551115123125783e-14,6.902624311392966e-17,731.5100446295887,-5.551115123125783e-14,-4.894348009118577e-16
0.84,-3.6871078754098585e-16,3.150143202240711e-16,15.0,1.2197364038835522e-17,1.8404848786305097e-15,2.411025653756499e-18,598.5082183332999,-5.551115123125783e-14,1.1465795653792e-15,598.5082183332999,-5.551115123125783e-14,-1.016548016034872e-15,731.5100446295887,-5.551115123125783e-14,1.5333020405479401e-15,731.5100446295888,-5.551115123125783e-14,-7.990430670265502e-16
0.85,-1.834864769805628e-16,3.1154727040901353e-16,15.0,4.596481198809624e-17,1.8202284891637284e-15,7.913389995727026e-19,598.5082183333004,-0.0,7.832676996732313e-16,598.5082183333004,-0.0,-2.2009478767604993e-16,731.5100446295897,-0.0,1.250258474216545e-15,731.5100446295897,-0.0,9.265226531708877e-17
0.86,-1.175068406342978e-16,3.0986565107755864e-16,15.0,7.513303295482295e-17,1.8104035550180232e-15,2.2746784762110854e-19,598.5082183333004,-0.0,5.686890123040026e-16,598.5082183333004,-0.0,-8.542546408644672e-18,731.5100446295896,-0.0,9.10777407657569e-16,731.5100446295897,-0.0,1.955872263404358e-16
0.87,3.427381402420593e-16,3.095997160325524e-16,15.0,6.766445309252044e-17,1.808849817941297e-15,-2.6013163837238638e-18,598.5082183333004,-0.0,-7.345146098546662e-16,598.5082183333004,-0.0,1.375178597641383e-15,731.5100446295897,-0.0,-6.129008961354565e-16,731.5100446295896,-0.0,1.6176028642927806e-15
0.88,1.936881913382203e-16,3.1158870627744604e-16,15.0,5.294639172467459e-17,1.8204705800287682e-15,-1.1897203503491733e-18,598.5082183333004,-0.0,-2.248391116134035e-16,598.5082183333004,-0.0,9.516985442846118e-16,731.5100446295896,-0.0,-2.2592920521846965e-16,731.5100446295896,-0.0,1.088164891953969e-15
0.89,3.2335289155280376e-16,3.1485520722974427e-16,15.0,4.16440839434146e-17,1.8395552540348917e-15,-1.9801895492139406e-18,598.5082183333004,-0.0,-5.998317959606273e-16,598.5082183333011,5.551115123125783e-14,1.3259166574694745e-15,731.5100446295897,-0.0,-6.44786801911408e-16,731.5100446295896,-0.0,1.4873200216946216e-15
0.9,5.950101242170307e-16,3.1636752180910137e-16,15.0,-2.733652136684421e-17,1.8483910177965496e-15,-3.095622783555245e-18,598.5082183333012,5.551115123125783e-14,-1.4733260183599575e-15,598.5082183333003,-0.0,1.9300175821601207e-15,731.5100446295897,-0.0,-1.5697840176167566e-15,731.5100446295896,-0.0,2.2837642255166505e-15
0.91,-4.438963002353264e-16,3.154970639192174e-16,15.0,-3.435485975836836e-17,1.8433053296834617e-15,3.86586984094471e-18,598.5082183333011,5.551115123125783e-14,1.4874438983358337e-15,598.5082183333003,-0.0,-1.25039464591787e-15,731.5100446295896,-0.0,1.7002801668269386e-15,731.5100446295896,-0.0,-1.0576066412643684e-15
0.92,-5.10554277748368e-16,3.160252614481321e-16,15.0,-1.6541983847961143e-18,1.8463913467388326e-15,3.632891987842443e-18,598.5082183333004,-0.0,1.7379832637402429e-15,598.5082183333004,-0.0,-1.298836466836415e-15,731.5100446295896,-0.0,1.8269806222005944e-15,731.5100446295896,-0.0,-1.3947539421591907e-15
0.93,4.592118820556252e-16,3.184159809927935e-16,15.0,1.1125635402837693e-17,1.8603592297476618e-15,-3.456006170929884e-18,598.5082183333003,-0.0,-1.213197505711617e-15,598.5082183333011,5.551115123125783e-14,1.5468149720423142e-15,731.5100446295896,-0.0,-1.2597374313204083e-15,731.5100446295896,-0.0,1.6253189328814205e-15
0.9400000000000001,-8.381302969781692e-17,3.1933442768546534e-16,15.0,-2.555614382846141e-17,1.865725294530013e-15,9.369517976793128e-19,598.5082183333011,5.551115123125783e-14,3.924780663061447e-16,598.5082183333003,-0.0,-1.6033017014889323e-16,731.5100446295896,-0.0,4.200329018566018e-16,731.5100446295896,-0.0,-1.0101565175836935e-16
0.9500000000000001,-5.492243605843001e-16,3.179210392071372e-16,15.0,3.4510172952662296e-17,1.8574675108199166e-15,3.278401879516026e-18,598.5082183333003,-0.0,1.5540874541580878e-15,598.5082183333011,5.551115123125783e-14,-1.6202964999245805e-15,731.5100446295896,-0.0,1.927253948865844e-15,731.5100446295896,-0.0,-1.5676323841265576e-15
0.96,3.9821948174178426e-16,3.13559142154407e-16,15.0,4.229763509069682e-17,1.831982937413912e-15,-3.289851656883683e-18,598.5082183333004,-0.0,-1.3367768931198782e-15,598.5082183333004,-0.0,1.112628655175988e-15,731.5100446295896,-0.0,-1.0879488502943272e-15,731.5100446295896,-0.0,1.4211641480191137e-15
0.97,3.741066026704478e-16,3.106918997267411e-16,15.0,1.0996193717715252e-17,1.815230948717864e-15,-2.510444419077369e-18,598.5082183333004,-0.0,-1.1060749282133527e-15,598.5082183333004,-0.0,1.1133205329258453e-15,731.5100446295896,-0.0,-1.1281864291337875e-15,731.5100446295896,-0.0,1.2624976563484093e-15
0.98,2.913065558283445e-16,3.1095163685385646e-16,15.0,-2.3263188479887805e-17,1.8167484741895145e-15,-1.531110907125064e-18,598.5082183333004,-0.0,-7.760812954388506e-16,598.5082183333004,-0.0,8.836962112370362e-16,731.5100446295896,-0.0,-9.399738767016805e-16,731.5100446295896,-0.0,9.315470399670213e-16
0.99,-3.4532251644149894e-17,3.133221648790703e-16,15.0,-5.5364902211249884e-17,1.8305983873670254e-15,9.632886461170217e-19,598.5082183333011,5.551115123125783e-14,2.2552541760144e-16,598.5082183333003,-0.0,-9.661784460413838e-17,731.5100446295896,-0.0,4.27775818637558e-17,731.5100446295896,-0.0,-1.6031775738323946e-16
1.0,1.3400143756224054e-05,-1.5171904472018227e-09,15.000000257613227,-4.2592454728774675e-08,-8.864253019703651e-09,-6.673356855562658e-07,598.5082956058527,3.2765617996588503e-07,-7.009098835967435e-05,598.5080169176803,-5.975527850310414e-07,6.922025571924778e-05,731.5103729358716,5.484826481882976e-07,-4.927711112956295e-06,731.5098471994158,-3.389626912486676e-07,6.1021495452129865e-06
1.01,0.3263921840543327,-0.3340573954150862,14.998330573941876,0.0009999083241869627,0.00023488808769362294,0.0039005830916351665,595.8397392538834,-0.007281880585074951,-1.8063284287928092,602.0357328367793,0.014438495868240864,1.8258907650325993,728.7941980263024,-0.013190482135050363,-0.6752504704014215,731.9675960422569,0.007643348340580225,-0.6958222259326425
1.02,0.5659878843446114,-0.6689625156705326,14.99331686186257,0.006820096419888021,0.0018292615117278688,0.013776659776679563,592.4327428030202,-0.04618257090133193,-3.052090028539445,608.2166261399431,0.10196607201717889,3.1353600083210367,722.419028884145,-0.09262625942141334,-1.433883814245643,734.0777674205517,0.049475500112639015,-1.3211211095872875
1.03,0.7758242968093134,-1.00416335162817,14.984954341149317,0.019781956752952964,0.005991879963848548,0.027636414418456514,588.5570948420664,-0.12340845106267873,-3.9895463607875943,617.0071639830734,0.30630247983270964,4.1853899107278725,712.8718567175391,-0.276672045430304,-2.350462137518531,737.1067986275527,0.1354996637958905,-1.7949656688789366
1.04,0.9852849011212068,-1.339396290327396,14.973242535134847,0.04058357620530541,0.013742757315721481,0.044186207715389225,584.4690285494177,-0.23084055060557107,-4.763059692733619,628.2891326863602,0.6507307221444436,5.123314707783252,700.5384915257536,-0.584482746125714,-3.441021583809418,740.5256843494777,0.26110602569573427,-2.090907107830872
1.05,1.2080964842018,-1.674554721716418,14.9581825603847,0.06903845110024068,0.025896685048342444,0.06258231621224583,580.3948783470938,-0.3538185396132487,-5.453284548692075,641.8922811832903,1.1458595763028656,6.031820100663164,685.753200359711,-1.02351440062326,-4.691707124174919,743.9518944050815,0.414952363622767,-2.210089548134125
1.06,1.4493405615442292,-2.0096198694829783,14.939775983884081,0.10449781869554639,0.04305631027303493,0.08227455301660702,576.5229553730138,-0.47584855697518913,-6.103790636291394,657.6086604448702,1.7940896030035902,6.95538970232579,668.826015567877,-1.5938575801298094,-6.0752231053032215,747.1121121366486,0.5834300427070005,-2.166378932266424
1.07,1.709486319100095,-2.344622815184252,14.91802417018808,0.14609062377940732,0.06561322217106899,0.10290646530443325,573.0003821654029,-0.5812140524742437,-6.736864965455377,675.2028945977717,2.5922147002701013,7.915717368994551,650.0561540112387,-2.2907711900899685,-7.559929507116632,749.8178479235261,0.7531298584607105,-1.9782770658891708
1.08,1.98669576929642,-2.679622121717478,14.892927910220989,0.19286025243284735,0.09375575588427794,0.12424999366665433,569.9330015535771,-0.6563672277898336,-7.362861788221428,694.4205780951152,3.533000603192782,8.920822542703267,629.7372211222198,-3.106224266638591,-9.11463897013371,751.9485642673989,0.9121489589978271,-1.6646644151469263
1.09,2.2781223220348363,-3.014689475921049,14.864487229810388,0.24384258735870473,0.12748240751856707,0.14616183056664747,567.3872564662473,-0.6905995257787678,-7.985672783550514,714.9958285309594,4.606209758488189,9.970556309861966,608.1575799540685,-4.02989455187236,-10.710931895444666,753.4391671681778,1.0507184350775356,-1.2427295263802796
1.1,2.580628071702498,-3.349899928306382,14.832701316827459,0.29811099326089,0.1666198160054981,0.16855378046963077,565.3933545109027,-0.6762829633107925,-8.605873825476662,736.6583872948524,5.79933709919006,11.060037013190662,585.5979990693781,-5.049876064423309,-12.324084053166077,754.2700047518861,1.1614329751182817,-0.7271285868866881
1.11,2.8911667626925572,-3.685325272647232,14.797568524131743,0.35480257748768457,0.2108442976069447,0.19137245069623404,563.9492751613617,-0.6088517551469663,-9.222483734972897,759.1403149032487,7.098198912922793,12.18187255115091,562.3279239150761,-6.153231345504162,-13.933248986920601,754.4583166626793,1.239245825909674,-0.12981866385352792
1.12,3.2069753420328437,-4.021029938108482,14.759086415816329,0.41313361886762157,0.25970593818745624,0.21458534930706008,563.0253164411117,-0.4866238319614635,-9.833901586910827,782.1821672352581,8.487446662673538,13.327640540129924,538.6012526224822,-7.326457601284309,-15.521264933481817,754.0505594293912,1.2813243017329445,0.539760829690449
1.1300000000000001,3.5256565561292694,-4.357069035685289,14.717251831612135,0.4724084139730428,0.312654274408375,0.238171478574831,562.5689598187962,-0.31052234745332363,-10.43836850232135,805.5384866083684,9.951037955382713,14.488885162885,514.6522078271573,-8.555898770129689,-17.074292714635927,753.1153170977897,1.286822336672211,1.2743479358963405
1.1400000000000001,3.8451997575920953,-4.693488214312581,14.672060950446394,0.532023753414653,0.36906463989662236,0.2621151247348333,562.5098820376804,-0.08373482421358824,-11.034164691056374,828.9824491897035,11.47267503833599,15.65777544963691,490.69170326261576,-9.828115207211885,-18.58139388078705,751.7366738138288,1.2566044568662615,2.068466745253142
1.1500000000000001,4.164027490432067,-5.030326802879865,14.62351047536413,0.5914701558667518,0.42826431611558946,0.2863991145142212,562.7653044553608,0.18866490958852067,-11.619955678946722,852.3088039746021,13.036210119864055,16.827850971092804,466.90581172240684,-11.130212373803182,-20.034144243274213,750.0072190932556,1.1929432360529568,2.9180629427615408
1.16,4.162379099666576,-5.016003357453202,14.573349889598061,0.6493706121290852,0.4893262592963763,0.30719224071944495,565.5452718786552,0.5072252907732389,-10.730171317480087,871.619440844363,14.612276216070196,15.88616460754698,446.07114438233856,-12.437180686900751,-20.800209810192285,747.6562564112076,1.0921538740983894,4.507652174744978
1.17,4.2513845260735605,-5.004652690353836,14.523308268045323,0.701784581148749,0.550453985606164,0.32243353102398553,569.162117119626,0.8877291053761005,-10.351267732909767,888.0990417061487,16.131067273546297,15.504810191871922,429.12362099833587,-13.686402401558217,-21.532848396307006,743.6906273937143,0.9347586985234413,6.048729181830501
1.18,4.376987886253696,-4.994840894014105,14.473360732005844,0.7464144363256048,0.609795607328464,0.33400845848827615,573.1817830255666,1.3271883247094052,-10.249306669054373,901.7330892443493,17.53970042380115,15.410752969499644,415.57816541528035,-14.831805729235814,-22.19141199754343,739.0112924582554,0.7189711821379285,7.460129388633375
1.19,4.510201340694187,-4.985807151140391,14.423494696814362,0.7827054675528111,0.6657250853622741,0.3430676487882971,577.1926401451622,1.8068875216250557,-10.28568623339231,912.6153670243328,18.80742717988676,15.44523500766503,405.04780610795035,-15.848382877894696,-22.770322521724335,734.3126838846392,0.45825720247877344,8.713404618262553
1.2,4.6365881229626265,-4.977219748869705,14.37370396299223,0.8110765916654064,0.7168706060894446,0.3502976842153674,580.8323078020452,2.3012288332904807,-10.380694138973833,920.9136622726928,19.9177655313445,15.521277395668832,397.2024040683477,-16.72445337611983,-23.277633713315918,730.1192207854085,0.1730410077279143,9.806575490499563
1.21,4.749777896100632,-4.969009163984536,14.32398494145669,0.8324522706965708,0.7621331137384708,0.35610117076807646,583.8043241375296,2.7831363716958046,-10.490002472458503,926.8428810947557,20.863734971231672,15.59490491054324,391.744131961584,-17.456967888006158,-23.72475068825647,726.8094715687704,-0.1143529047779035,10.749500600636631
1.22,4.847657676687645,-4.961257195404163,14.274334377473615,0.8479754064306669,0.8006949193571374,0.3607125753705131,585.8872697818983,3.227330619516966,-10.590237337961552,930.6442507516413,21.64489333368419,15.646901714769669,388.39487262117865,-18.048593238354005,-24.12199467772241,724.633084058268,-0.38276777782625393,11.556075288875538
1.23,4.930198816067754,-4.954122342803471,14.224748071817796,0.8588289528938594,0.8320188767205251,0.36427162060847623,586.938056575218,3.6122712322856354,-10.670247492444945,932.569492141621,22.265404194795778,15.671607145627757,386.89077117118904,-18.505825651359164,-24.47709905702885,723.7246797870037,-0.6140450546657239,12.240283885736302
1.24,4.998262014766145,-4.947788612252457,14.175220285977739,0.8661254209960152,0.8558389321430185,0.3668689668101144,586.8904972190874,3.9212290691732488,-10.72586347550193,932.869150069388,22.732708728046614,15.670221838208697,386.98062617417804,-18.83771144054791,-24.795103243368615,724.1172508824523,-0.7940472779550678,12.814414216685035
1.25,5.0529752842315885,-4.942430078253274,14.125743617173356,0.8708407505314957,0.872143114323543,0.3685739490867282,585.7500263517775,4.142762866660821,-10.756767739892203,931.7844237614478,23.0565662898477,15.646916014018732,388.42600783579917,-19.054939111507018,-25.07883808588973,725.7563413787814,-0.9131276647767472,13.28848078713863
1.26,5.095441275610004,-4.938186883854698,14.076309189696097,0.8737788287552708,0.8811501934618372,0.3694506863974846,583.5853635796577,4.270770337634067,-10.764640692660702,929.5419281407362,23.24833533770598,15.606646737072866,391.001884683949,-19.16917249192618,-25.329587989724374,728.5154011925158,-0.966201981653092,13.670314900292153
1.27,5.126628146592618,-4.9351502389395945,14.026907047107972,0.8755582396394467,0.8832813342096295,0.3695666305093645,580.5179068980497,4.30422582394796,-10.752079945271591,926.3508502160388,23.320423875810015,15.554004028734232,394.49714864444996,-19.19255233263556,-25.547725685016264,732.212112922573,-0.9525256298291152,13.965999179674986
1.28,5.147356530729289,-4.933354878594359,13.977526654916892,0.8766155659133963,0.8791281026145021,0.3689962038424349,576.7096579873818,4.246686252115161,-10.721987802691862,922.4019726081115,23.285867748071453,15.49266998645703,398.7148202131635,-19.137323902978675,-25.733230221620857,736.6251449428677,-0.8752518558368672,14.180441695049934
1.29,5.158330385748102,-4.932777771690988,13.928157441516875,0.8772208981346875,0.8694181763718837,0.3678212970866013,572.3504773245603,4.105631683600119,-10.67723910729402,917.8680417127953,23.158008613047787,15.425238718315558,403.4719497106438,-19.015562643643293,-25.886061838455852,741.510621281089,-0.7408337521322417,14.317954590168645
1.3,5.160181454618676,-4.933341917883939,13.878789320419969,0.8775018528603749,0.8549800537772209,0.3661298440810128,567.6454254301847,3.8916984285173872,-10.620512724685838,912.9049817154828,22.950249217953523,15.353244913707343,408.59935042797645,-18.838976500018422,-26.00640144750122,746.6175780507186,-0.5583257428041777,14.382751199685403
1.31,5.153511109604364,-4.9349240216608905,13.829413150846747,0.8774727776751096,0.8367079658073444,0.3640133311328899,562.802862361544,3.6178570903108165,-10.554214547750002,907.6535065042412,22.67586617299344,15.27730875199378,413.9413364939405,-18.618766533828936,-26.094779120496394,751.7017588202284,-0.3386353728885294,14.379315037407489
1.32,5.138922304269071,-4.937364791832106,13.780021107170413,0.8770661482338218,0.8155280743627126,0.36156384959349447,558.02385562088,3.298582641271308,-10.480448693165618,902.2407592082664,22.34786228458502,15.197339932304542,419.35561818491567,-18.365529263961733,-26.152121455835587,756.537251120011,-0.09377123874249049,14.312625955203371
1.33,5.117039818030351,-4.94048063757064,13.730606940398076,0.8761635493380168,0.7923668947107884,0.3588711182510699,553.4932986614493,2.949057555440393,-10.401012528859233,896.7817064599395,21.9788428395315,15.11276387300077,424.7134527034566,-18.089186189781834,-26.17974615137962,760.9256496745757,0.1638731643463509,14.188252393872526
1.34,5.088519944405495,-4.944075634102265,13.681166126361138,0.8746241085083114,0.7681227187703017,0.3560197625345246,549.3729833549899,2.5844418497813493,-10.317403532012973,891.3801203288133,21.58090340321189,15.022744959345028,429.9000788266313,-17.798928573703797,-26.179326631852188,764.7026201550278,0.4221672020356948,14.012333249066126
1.35,5.054052010232087,-4.94795280462543,13.631695905051311,0.8723087993539468,0.7436406451937719,0.35308702945269516,545.7967155875134,2.2192358272251633,-10.230833563168622,886.1290831141476,21.16552055495047,14.926389111981505,434.81539534288584,-17.503168779100186,-26.152842653516533,767.7419084311366,0.6697982046363626,13.791479110394464
1.36,5.0143542571532445,-4.95192398860367,13.582195223158669,0.869099611430641,0.7196916489810321,0.35014103478462216,542.8674266312731,1.8667528719237825,-10.142250120519641,881.111038408051,20.743441122660634,14.822913277207213,439.37478749916585,-17.209492976920316,-26.102526260204982,769.9569803964457,0.8967182023578713,13.532622447517722
1.37,4.970166189635765,-4.955817813226215,13.532664597111964,0.8649131439906964,0.6969559536749239,0.34723957794741095,540.6561231144326,1.5387114014523418,-10.052365425430288,876.397478922176,20.32456941217703,14.711773952388462,443.5099696317469,-16.924613451221703,-26.0308074032637,771.3005797059599,1.094474844779536,13.242842225190218
1.3800000000000001,4.922238879089478,-4.959485527964138,13.48310591677769,0.8597086786026544,0.6760108082966386,0.3444295158933537,539.2024397020008,1.2449475705320068,-9.96169364112241,872.0484041813834,19.91785522602202,14.59275105828315,447.1696981507127,-16.65432167449532,-25.940260378997976,771.7625544165604,1.2564264848523021,12.92918273599359
1.3900000000000001,4.871324150357163,-4.962804679492161,13.4335222106385,0.853491187592972,0.6573226233709635,0.3417466560810624,538.516511215285,0.9932439553322903,-9.870594983537709,868.1116995132913,19.53118783462976,14.465987399049911,450.3202158526854,-16.403445511156466,-25.833550840465385,771.366331959488,1.3778475975574356,12.598480774429687
1.4000000000000001,4.818163177555309,-4.965680780066565,13.383917392104934,0.8463100240912449,0.6412432889893864,0.3392161064503616,538.5818617920793,0.7892644709935892,-9.779323730277234,864.6225847075256,19.171302362196553,14.331987424349604,452.9453123761574,-16.175815196942665,-25.713383024375258,770.1644210046712,1.4559354333948948,12.257210489755485
1.41,4.763474801476181,-4.96804724824081,13.33429600408531,0.8382542121052539,0.6280103852248877,0.33685300501552523,539.3590127044611,0.6365822673972676,-9.688075807749575,861.6032609273693,18.843705292169886,14.191581778036754,455.04592129153525,-15.974243120626397,-25.582447401216044,768.2332956127277,1.4897320255840563,11.91135157815807
1.42,4.7079438170007,-4.969863974845219,13.28466297555858,0.8294453204512938,0.6177509028225092,0.3346635420595449,540.7895315891514,0.5367852488842306,-9.597031145771027,859.0628533719249,18.552625117352616,14.045865985953451,456.6392161983115,-15.80052200029769,-25.443369676445155,765.6679787154038,1.4799774653760922,11.566283779512913
1.43,4.652209510443144,-4.971114893343852,13.235023400157177,0.820028879858744,0.6104880206279437,0.3326461837832421,542.8002781500319,0.48964300917403447,-9.506386466613908,856.9977102608399,18.300992770301615,13.896122511915472,457.7572108375687,-15.655444974510713,-25.298662580901603,762.5765949187759,1.4289109188157512,11.226708680127748
1.44,4.596854798071755,-4.971804919930303,13.185382343099336,0.8101652101202796,0.6061504356754338,0.33079300780620874,545.3076396245355,0.49331913772110436,-9.41637549470058,855.3920808307603,18.090454623486906,13.74373533057625,458.4449075887013,-15.538849634604446,-25.15068204467103,759.0751123350223,1.3400354231709044,10.89659836664415
1.45,4.542396381486168,-4.971956585330031,13.13574467954122,0.8000203870026461,0.6045837116496725,0.32909106807427135,548.2215892947485,0.5446137879307478,-9.327275416286716,854.2191601176796,17.92141880067738,13.590105273074812,458.7580703999196,-15.44968633242727,-25.001589134598973,755.2824438355163,1.2178613328602816,10.579169392233103
1.46,4.4892763672529306,-4.971606618355643,13.086114964762917,0.789757918481888,0.6055631004648944,0.32752371883401316,551.449440104848,0.6392228574368386,-9.239400379171851,853.4424591276638,17.793133519822813,13.436572913314894,458.76072184987436,-15.38610941143853,-24.85331871913136,751.3160326141857,1.067641632074512,10.276879744513144
1.47,4.437855779891306,-4.970802671449117,13.036497334659355,0.7795315352216178,0.6088072984704703,0.32607184301488534,554.89920108941,0.7720018989478272,-9.153084514072322,853.0174372087318,17.703794378344075,13.2843539300089,458.5224771736297,-15.345588496719852,-24.707555312983317,747.2880069526124,0.8951104120887288,9.991446026667395
1.48,4.388410331463618,-4.969600309916543,12.986895433777534,0.7694793451943054,0.6139926214346483,0.32471494773729404,558.4824758373643,0.937224780379442,-9.068658103763061,852.8933195645631,17.650676024316414,13.13448994900747,458.115832174137,-15.325035760522631,-24.565716119770702,743.3019551711601,0.7062337999883539,9.72387786539147
1.49,4.341128705186753,-4.968060326348641,12.937312367546038,0.7597194665305624,0.6207671188371979,0.3234321066894981,562.1168692314038,1.128829012105148,-8.986420993935583,853.0150166064952,17.630282606346025,12.987816051415624,457.6135175793492,-15.320944225325428,-24.42894100033068,739.4503438119366,0.5069806507831953,9.47452660164925
1.5,4.296113479334615,-4.966246394394907,12.887750675251269,0.7503471413793878,0.6287641957610217,0.32220274396905874,565.7278912657606,1.3406414661337185,-8.906617154224925,853.3250622996159,17.638510785013217,12.844944581854636,457.08602134878436,-15.32953170086071,-24.298088972479352,735.8125795068045,0.3031184621461458,9.243145536276097
1.51,4.253384676912173,-4.964223043696201,12.838212320571042,0.7414332485139679,0.6376153673118936,0.3210072653851077,569.250365140046,1.5665798716273382,-8.82941359825049,853.7654945312003,17.670818901889206,12.70626370149972,456.599364523956,-15.346884862021682,-24.173740861793696,732.4536968994049,0.1000382894539853,9.028959305411904
1.52,4.212885790275589,-4.962053920206767,12.78869869692396,0.7330240726756974,0.6469618334496242,0.31982755058559603,572.6293614488875,1.8008269559178225,-8.75488586013475,854.2796103707215,17.722396090063707,12.571948335587493,456.2131973147891,-15.369098219545185,-24.056207809028358,729.4236405552892,-0.09738905005834964,8.830740261462799
1.53,4.174492008736767,-4.959800291388183,12.739210645395017,0.7251421514757806,0.6564646288363728,0.3186473228250992,575.8206915697668,2.037975402150838,-8.683011113117944,854.8135414718605,17.788325605359866,12.441980747755352,455.9792619189121,-15.392403255105602,-23.945545426219137,726.7570972606595,-0.2849244887622171,8.646889960590572
1.54,4.138020277917302,-4.957519760672817,12.68974848344849,0.717788002339699,0.6658131703510184,0.3174524133974054,578.791001728226,2.2731429183375784,-8.61366898209945,855.3176084926314,17.86373738335456,12.3161778802074,455.9402485223612,-15.413283717914894,-23.841573420150134,724.4738259044366,-0.45904004738839266,8.47552396421708
1.55,4.10324074542019,-4.955265166451166,12.640312042971388,0.710942528402817,0.6747320920088948,0.31623093573636796,581.5175151050428,2.5020576691299756,-8.546649268617626,855.7474271869625,17.94394570651747,12.19422275478629,456.1290521640717,-15.428573940123535,-23.743900432692012,722.5794248772407,-0.6169670471191657,8.314558142693377
1.56,4.069889099103329,-4.953083653950443,12.590900716374874,0.7045699094735994,0.6829863211279704,0.31497338105507,583.9874731274708,2.7211151249910692,-8.48166523486213,856.0647518913399,18.024568825911302,12.075697554552008,456.56842148501335,-15.435537955918955,-23.65195367571784,721.0664713904295,-0.7567150183016569,8.161794552076776
1.57,4.037679281492537,-4.9510159205725435,12.541513509521833,0.6986207986172189,0.6903844089469733,0.3136726441616026,586.1973290972536,2.9274080477132425,-8.418370790167787,856.238053876333,18.10162835982704,11.9601164223021,457.2709763519868,-15.43192814431732,-23.565012684229757,719.915963238711,-0.8770637633102041,8.015004794565138
1.58,4.0063160658875,-4.949095644220432,12.492149100174535,0.6930356636098552,0.6967801821001944,0.3123239855271763,588.1517478389428,3.118731869115432,-8.356379857873778,856.2428420667802,18.171627235707643,11.846956457932551,458.239560204879,-15.41602300820638,-23.482246215612506,719.0989913100494,-0.9775315341281066,7.872008638005854
1.59,3.975507005582062,-4.94734910852293,12.44280590051166,0.6877481331737392,0.7020728272985628,0.3109249342368722,589.8624643292703,3.293568141734038,-8.295286319282074,856.0617417732384,18.231605812316644,11.735685823169556,459.467884755451,-15.386644513289749,-23.40275103675186,718.5785706419641,-1.058322665996203,7.730745627432979
1.6,3.9449733160647416,-4.945795038305998,12.393482122098304,0.6826882288980053,0.7062055595098838,0.3094751362488424,591.3470524564428,3.4510490544670813,-8.234683174007476,855.6843533098842,18.279176589061198,11.625788239345203,460.94141921412984,-15.343156112700596,-23.325591115445715,718.3115590929402,-1.1202582733960686,7.589337524328341
1.61,3.914459318946818,-4.9444446536254505,12.344175841552419,0.6777853840728895,0.7091630534578014,0.3079761532720564,592.6276522694825,3.590906218248757,-8.174179864556303,855.1069168209141,18.312538562612502,11.516783476060613,462.63847325527047,-15.28544315971575,-23.249835610225144,718.2505957677076,-1.1646937681832337,7.446139684663267
1.62,3.883740162207037,-4.943301942256062,12.29488506507405,0.6729711698289628,0.7109678392657753,0.3064312192003576,593.729700390244,3.713407041066874,-8.113417039108665,854.3318125072228,18.330472821096457,11.408243672509208,464.5314220897921,-15.213877855582814,-23.17459405950038,718.3459961684168,-1.193427005350356,7.299779932112186
1.6300000000000001,3.8526276291303327,-4.942364140161248,12.245607790014192,0.6681816668854506,0.7116758757384578,0.3048449629695477,594.6807037419567,3.8192820312962783,-8.052078333998649,853.3669269896284,18.332321374460612,11.299805514369183,466.58802290785707,-15.129271193682625,-23.099047313368516,718.5475475176785,-1.2086008033004858,7.149184066456138
1.6400000000000001,3.8209739517111894,-4.941622398677123,12.19634206176829,0.6633594380236506,0.7113715195248338,0.30322310848873457,595.5090914798382,3.9096462969824275,-7.989899022577544,852.2249170205216,18.31795151307186,11.19117841822845,468.7727742117851,-15.032814553061325,-23.022473016466428,718.8061555980752,-1.212603427424519,6.993587814845155
1.6500000000000001,3.7886736462096344,-4.941062607343347,12.14708602448244,0.6584550723614726,0.7101621058793401,0.30157216356356387,596.2431741068746,3.985918351226414,-7.926671587573763,850.9224013906897,18.287708175449225,11.08214896536049,471.0482728569003,-14.926013676025695,-22.944264808636504,719.0753034688839,-1.2079703752405635,6.832535718531014
1.6600000000000001,3.755663482010509,-4.940666333622714,12.09783796434391,0.6534282878291104,0.7081723477282444,0.29989911022565036,596.9102323819383,4.049739097315596,-7.862248426523961,849.479110853825,18.2423569021401,10.972581889907708,473.3765276976913,-14.810617750421418,-22.86394482194678,719.3122921750039,-1.1972904682427954,6.665868082313763
1.67,3.721920773941013,-4.940411835912214,12.048596344569484,0.6482485930220799,0.7055387451807449,0.29821110850160487,597.5357519836601,4.102893561613752,-7.796541998027132,847.9170243347705,18.183019967945356,10.862417973641692,475.7201934070351,-14.688546222387021,-22.781169473852337,719.479243629733,-1.1831188530485037,6.493697640355537
1.68,3.6874602484334904,-4.940275104586527,11.999359831579612,0.6428955237464395,0.7024041785001999,0.29651522442753125,598.1428132224904,4.147237580329866,-7.729522768693807,846.2595176767138,18.111108229907856,10.7516692378106,478.0436931619682,-14.561815804045919,-22.695728945700765,719.5438557953528,-1.167899058532318,6.316377969703369
1.69,3.6523297731590056,-4.9402308872681076,11.950127312225181,0.6373584828010029,0.6989128349142347,0.29481819118541414,598.7516386520222,4.184631243550396,-7.661215337347439,844.5305487590762,18.028251113227423,10.640411856012454,480.3142043711917,-14.43246992563363,-22.607541059980296,719.4799096895614,-1.1538957649229742,6.134465892495951
1.7,3.6166052579233137,-4.9402536587009935,11.900897902292833,0.6316362234493799,0.6952055945413523,0.2931262098271568,599.379295469678,4.216880473580931,-7.591693105448675,842.7539000063925,17.93622698979258,10.528777241186134,482.5024873726206,-14.302512624185804,-22.51664050659514,719.2675362529442,-1.1431394351664736,5.948680151015166
1.71,3.5803850334938603,-4.940318501905225,11.851670946832643,0.6257360271333325,0.6914159741661592,0.2914447934150607,600.0395443379806,4.245687682622901,-7.521071841091131,840.9524961346152,17.836895991623525,10.416941782834536,484.583542963591,-14.173848570961711,-22.423164508407112,718.8932584417764,-1.1373834582468212,5.759858535529853
1.72,3.5437839977622225,-4.940401874966147,11.802446013113512,0.6196726337887488,0.6876667005691528,0.28977865579453976,600.7428218751605,4.272612034543377,-7.449502456526645,839.1478114877241,17.732137051191867,10.305115724167655,486.53709063322964,-14.048230626043212,-22.327336061378382,718.349829872623,-1.1380739774212167,5.568915424265898
1.73,3.5069277891544055,-4.940482246104815,11.75322287720816,0.6134669882547369,0.6840669584942269,0.2881316438406967,601.4963406720836,4.299039442739905,-7.377163291745983,837.3593775730659,17.62379067953107,10.193531669300498,488.3478653127671,-13.927215979334163,-22.22944584635689,717.6358958463758,-1.1463321399630133,5.376801394629819
1.74,3.469947209587023,-4.94054058787776,11.704001505337862,0.6071448684746297,0.6807103329030766,0.28650671004448003,602.304288340464,4.32616208397496,-7.304252172219408,835.604397506306,17.513608689150306,10.082433194936993,490.0057361902876,-13.812131600697498,-22.12983380564473,716.7555056144723,-1.1629481222639737,5.184466222013954
1.75,3.432973077363311,-4.940560728886013,11.654782031169734,0.6007354604253184,0.6776734415934617,0.28490592082159455,603.1681057716097,4.35496690641507,-7.230978488149736,833.8974701494434,17.403211750768644,9.972064007487255,491.505656483617,-13.704049386580763,-22.02887122877504,715.7175063904189,-1.188385964445704,4.992826230014607
1.76,3.396131647458402,-4.940529567813633,11.605564730262914,0.5942699411301724,0.6750152330987605,0.28333049496987867,604.0868244168607,4.386232365202192,-7.15755552433865,832.2504229073841,17.29405535033557,9.86265803549222,492.8474578605643,-13.603771064788717,-21.926944019236664,714.5348499850037,-1.2227979974158698,4.80273661979926
1.77,3.3595406951719338,-4.940437159718167,11.556349992814038,0.5877801250487754,0.6727769064633432,0.2817808662453412,605.0574428790783,4.42053243342877,-7.084193251766765,830.6722485841694,17.187404395750892,9.754430780616897,494.03550728585196,-13.511822611674662,-21.82443763582318,713.2238422237909,-1.2660474641412178,4.614969104900847
1.78,3.3233063208874127,-4.940276688176792,11.507138295767563,0.5812972210811396,0.6709823942980375,0.28025676400856697,606.0753242883642,4.458246809840249,-7.0110917716969325,829.1691385247866,17.084316421196956,9.647572171990893,495.07824733195093,-13.42845765529599,-21.721724033678008,711.8033636814168,-1.3177378239946913,4.430194921455714
1.79,3.287520499753591,-4.940044339208704,11.45793017524429,0.5748507379613662,0.6696393386333288,0.2787573062204131,607.1345976691829,4.499576173741248,-6.938435578376227,827.7446015988221,16.98563306058348,9.542241083116656,495.9876433284409,-13.353669091596188,-21.619150781359608,710.2940879360601,-1.3772471797270924,4.248973076821878
1.8,3.252257556655795,-4.939738913753533,11.40872731603242,0.5684675620097458,0.6687404900226533,0.2772811665931857,608.2282769993792,4.5445614968864785,-6.866380867401597,826.399417975833,16.891979320958317,9.43854809981653,496.77880569737044,-13.287208012666362,-21.51703083873072,708.7180368645832,-1.4437664263117211,4.071746482148617
1.81,3.22704414672676,-4.606001774061743,11.361193619155115,0.5622006000351092,0.668034587012965,0.2759041471574446,608.8636750619265,4.589342870500279,-6.8401260114138145,824.8055999559099,16.800645095106592,9.375030645477864,498.5387101546646,-13.226116685324751,-20.745233274486544,708.2868187528043,-1.513234959681975,4.595253911157439
1.82,3.200708878327485,-4.2720362951576005,11.31700179374642,0.5561833543479429,0.6663892269867635,0.27464096410262495,608.5658986968043,4.61602537066258,-6.805496386049949,822.4382130725481,16.69663791999737,9.291567805804902,501.13564801926964,-13.15761029613427,-19.975901677675353,708.9229923741227,-1.5700839733029381,5.136010426557975
1.83,3.175017516132275,-3.938152508270806,11.276151160282938,0.550507622881226,0.6625890661985863,0.2734248431388307,607.2273149568572,4.605854089364259,-6.7696118304730595,819.1933754633134,16.563199598115308,9.198343513817802,504.72165834211734,-13.067539694813002,-19.211958744991843,710.7519082438333,-1.5982491047864533,5.694218612562652
1.84,3.1506636199132694,-3.6046130375528884,11.238639509383093,0.5452187463522498,0.6556008452075885,0.27221384494558043,604.7803982966142,4.543189323444274,-6.735597242936507,815.0014491924039,16.385677460703906,9.101069537680303,509.39712696911397,-12.943584601602609,-18.454185687242457,713.8524669357295,-1.5844633270882813,6.267864441214223
1.85,3.127787565952111,-3.2716425856259574,11.204462231154016,0.5403332106279943,0.6445875390291852,0.27098198493193676,601.1963898450058,4.4155082395330725,-6.704496375387307,809.8256572780724,16.151908279274764,9.003155764571925,515.2151853475923,-12.775626646432226,-17.70219811780164,718.2559502111991,-1.5182633430064207,6.85386903203838
1.86,3.1062538422373076,-2.9394302389517923,11.173612667430419,0.5358467468059065,0.6289149611684277,0.26971461569116084,596.4824834060777,4.213404356492978,-6.67627857129552,803.6595672194416,15.852393626705263,8.906797475440351,522.1860256064482,-12.555924767578775,-16.955012610904557,723.9481632895403,-1.3919962839057942,7.448757536685629
1.87,3.085804793739861,-2.608128440547609,11.146082459791147,0.5317384099071879,0.6081513126978931,0.2684057888329024,590.678008557653,3.930532576460921,-6.65038389811972,796.5240248315437,15.480333476999398,8.813519294591295,530.2813344935319,-12.27915612890218,-16.21140232917506,730.8736539315904,-1.2007756732836383,8.049070067087863
1.8800000000000001,3.0661489855239066,-2.277850820848465,11.121861915679581,0.5279733545275234,0.5820604078074488,0.2670565030291429,583.8498241035672,3.5634810454875376,-6.626027281107196,788.4637542676081,15.03155837499326,8.72444286410401,539.4390064051395,-11.942359872186724,-15.470135340393025,738.9413831956189,-0.9423673316404368,8.651626681493287
1.8900000000000001,3.0470136089035287,-1.9486702825565059,11.100940397167086,0.5245055981536485,0.5505894341328471,0.26567330567491376,576.0871617681283,3.1115682641247866,-6.6023752644972955,779.5437754859079,14.504386633012512,8.640417506281631,549.5681489067604,-11.544807927312828,-14.730138384123354,748.03134332394,-0.6170025530735646,9.253700593449656
1.9000000000000001,3.0281755605002716,-1.620618210248871,11.083306725588637,0.5212812700178486,0.5138521915961661,0.2642670161331669,567.4961708716986,2.576573436834706,-6.5786530688459885,769.8457454065463,13.89942535469968,8.562085848620752,560.5543236979357,-11.087820177370533,-13.990604236025732,758.0016873494417,-0.22712548064296456,9.85312503791546
1.9100000000000001,3.00947852068512,-1.2936852861181292,11.068949588452204,0.518242396895522,0.47210879960467106,0.262851497578265,558.194411071436,1.962413292333598,-6.554210763160983,759.4642979553206,13.219329627963516,8.489920990486002,572.2649331722956,-10.574537462396227,-13.251050812222902,768.695986811886,0.22291290035086897,10.448346602301013
1.92,2.990839991961979,-0.9678240831858894,11.057857931641342,0.5153310311675009,0.4257428721695281,0.26144248363827877,548.3055229213417,1.2747812003760517,-6.528562825981213,748.5034386544307,12.468531473913968,8.424253121573033,584.5546472165456,-10.009663675060343,-12.511337812715059,779.9502849061244,0.7271988322106737,11.038433666563574
1.93,2.9722508514017862,-0.6429533583752771,11.05002131932847,0.5124934069572391,0.3752371374537058,0.2600564984205058,537.9542765754895,0.5207652317659184,-6.501408302712034,737.0730395679586,11.652948361402126,8.365293596340445,597.2707567210356,-9.399186808794035,-11.771647725856896,791.5996683491788,1.2786214992243639,11.623048239206236
1.94,2.9537694329643682,-0.3189637776254241,11.045430245625612,0.5096837775865121,0.3211484266525004,0.25870991324707804,527.2621602109793,-0.29153864493924875,-6.472635555790372,725.2854779808642,10.779679934497132,8.313159204594374,610.2583366248838,-8.750087897040903,-11.032439797103827,803.4841423036829,1.8692442097654194,12.20239014592502
1.95,2.9354769707490527,0.00427713767510729,11.044101838324561,0.5068679330775508,0.2640802598041595,0.2574195271366032,516.3369497672835,-1.1534464577286352,-6.442173975444559,713.2465299363994,9.856664685539918,8.267643464180699,623.3711656210743,-8.07001812139796,-10.2943236004909,815.461157973338,2.4907007303086037,12.777193098484076
1.96,2.9089868123030924,-0.0063434848428407225,11.044308875529595,0.5039967583411059,0.20489522141752717,0.25611157708000537,505.79453394146987,-2.0521540020995155,-6.365642436121166,701.4178792305096,8.895637798756905,8.19052252322292,635.372476802419,-7.369521376946353,-10.236291751939664,826.1949341760597,3.1314217789771837,12.655818327315089
1.97,2.885436937890497,-0.017312256443919764,11.044410610729932,0.5009561054161373,0.14535940054229327,0.25477216597343516,496.2037880588469,-2.960349475013724,-6.298644380085378,690.4431519420117,7.921429667835655,8.141610893741369,646.2824718229292,-6.669096147049302,-10.185565710746333,835.6774973111412,3.768528745071553,12.52044764838434
1.98,2.863405409973417,-0.028122088075796303,11.044403212195611,0.4976922829320892,0.08729571501275649,0.25347197662467025,487.75227193418584,-3.850249590484689,-6.236195141925628,680.5352240515782,6.960656763707496,8.111465837428305,655.8446996990916,-5.990280133927772,-10.139602479751051,843.709288330494,4.379364736419866,12.37179644728106
1.99,2.842441402111213,-0.03835308838669921,11.044290310412356,0.4942128872146226,0.03230815840841204,0.25225997657841753,480.57279925268057,-4.697740465612721,-6.17666631008433,671.8606228483569,6.037598847557946,8.094780808076106,663.8723033820985,-5.352333327855508,-10.097649475375027,850.1575877171499,4.9448288704918575,12.213021534657578
2.0,2.822547005024006,-0.047674244228473495,11.044079287017533,0.49056546172536686,-0.01824613878654192,0.25117058066487546,474.745764968476,-5.482561500108618,-6.119939544399592,664.5389611694214,5.173551186930137,8.088379139832718,670.2450073580945,-4.771675337794878,-10.059670947125248,854.9551818205798,5.4494939742626975,12.048387866558931
2.0100000000000002,2.8039128364405417,-0.05584348368456708,11.043780396093096,0.4868240348266481,-0.06327434985378329,0.25022740703103724,470.3024000332002,-6.188433387859682,-6.0664842925220634,658.6432000076206,4.38640369590193,8.090199143431454,674.9061451386665,-4.261547449029457,-10.025815684429666,858.0965406397197,5.881663631313316,11.88252686970662
2.02,2.786784186753656,-0.06270415578770204,11.043405895622904,0.48307897425240703,-0.10195570314359925,0.24944536714122997,467.2292997189613,-6.803089459405276,-6.016910667612151,654.2012061853073,3.690388789523158,8.098774080997071,677.8586096029426,-3.831838772645424,-9.996175991045973,859.631845836918,6.23333424163286,11.720002984598374
2.0300000000000002,2.7713955795451697,-0.06817771773138989,11.04296923006588,0.4794284111381092,-0.13374020651374124,0.24883199228567868,465.4738822964431,-7.318198310884483,-5.971771086983014,651.1985003744282,3.095972103216771,8.112959942507837,679.1595895824803,-3.48904726293231,-9.970704261973049,859.6596186984884,6.50005497100159,11.565052428593605
2.04,2.7579406945113636,-0.07225339874741848,11.042484300065603,0.4759706572455809,-0.15833925333395885,0.24838844199845084,464.9504464360792,-7.729182322323447,-5.931489926071107,649.5820637767854,2.609868990647246,8.131787900197088,678.9141618805382,-3.2363558260412595,-9.949209779684619,858.3185178953437,6.68069339252253,11.421419849106488
2.05,2.746560567432948,-0.0749760261826599,11.04196484464825,0.4727976108619112,-0.17570917567067554,0.24811040207940047,465.5465280176323,-8.034945560899898,-5.896356062976192,649.2650381602467,2.235173220621667,8.154382485775644,677.2679271094097,-3.0738081258305794,-9.931393116092696,855.7787507735335,6.777122133996228,11.292255393442497
2.06,2.7373410375457445,-0.0764332523283248,11.041423948564548,0.46998933754344363,-0.18602892409827235,0.2479889581187375,467.1292983111744,-8.237528674797435,-5.866541514034663,650.1321206867538,1.9715843073978556,8.179916728695245,674.3989458287685,-2.9985696535845263,-9.916894380548346,852.2334497538493,6.79384483954154,11.180053534702756
2.07,2.730314626581187,-0.07674326200624522,11.04087367548567,0.46761001373422156,-0.18967312038773607,0.24801146531514617,469.55179027840785,-8.341709725550873,-5.842125352717156,652.0454302450524,1.8157185938991183,8.207589731194664,670.5092674726341,-3.005259188028686,-9.905341897164895,847.8902914303952,6.737580220423367,11.086624252964528
2.08,2.725464300090798,-0.0760437703401976,11.04032481810648,0.4657053348422845,-0.18718175155006314,0.2481624022376754,472.6587839489745,-8.354569588926331,-5.823112154235661,654.8506097657034,1.7614876405606106,8.23661882073194,665.8163569115726,-3.0863349185800137,-9.896393568633629,842.9635746372052,6.616822015825862,11.013091210357702
2.09,2.7227278237744104,-0.07448280904147317,11.039786749561923,0.46430137330624416,-0.17922775488781234,0.24842418342503744,476.29222277272873,-8.285039254272542,-5.809440978879795,658.3829306377586,1.8005262502843733,8.26624156795978,660.5447165170585,-3.2325187874183703,-9.889766477739611,837.6669230017347,6.441390982258599,10.959912924194366
2.1,2.7220021495644806,-0.07221149945074823,11.03926735704416,0.463404761141593,-0.16658368826824957,0.24877790639306796,480.29606904785453,-8.143444509337405,-5.800985393253258,662.4731802817245,1.92265189316293,8.295724480042928,654.9179783717931,-3.4332423248075172,-9.885252512347986,832.2067360796076,6.221993000039672,10.926923140244671
2.11,2.723147676853109,-0.06937875659556064,11.038773037812442,0.46300398471302306,-0.1500885929292256,0.24920401711315632,484.5205374414044,-7.941061403973382,-5.797547620960284,666.9531401252216,2.116337508391797,8.32437592618071,649.1517049743452,-3.6770975505591164,-9.882719643481872,826.7764796470731,5.969795283750356,10.913386496055884
2.12,2.7259924523126267,-0.06612768129937983,11.038308739330764,0.4630715257217595,-0.1306160434307913,0.24968288932427884,488.82567138966203,-7.689693732808756,-5.798850904650346,671.6604957340179,2.3691806515255265,8.351561218020025,643.4470910004449,-3.952277428116824,-9.882100170382614,821.5518783314692,5.696030654816053,10.918065574656431
2.13,2.730336467117655,-0.06259328489843217,11.03787802832554,0.46356656278053726,-0.10904424683331909,0.25019532308703313,493.08424831504203,-7.401281680679439,-5.8045339206888285,676.4430603625935,2.668353630284337,8.376717966430848,637.9857072342497,-4.246991844769177,-9.883368736041032,816.687050547293,5.411637943298131,10.939295733725926
2.14,2.7359562293141946,-0.05890115074710732,11.037483177378867,0.464437958546318,-0.08622890685322894,0.2507229741597678,497.18401681121077,-7.0875487986921115,-5.814150063993723,681.1622344789517,3.001021482470445,8.399370010672722,632.9253744016294,-4.549847057299717,-9.886514053547367,812.3116049026194,5.126944845039894,10.975064627900409
2.15,2.742609762612995,-0.055166657633521216,11.03712526158566,0.46562729128913555,-0.06297941452189736,0.25124872711421364,501.02928293965664,-6.759692650138483,-5.827173061211979,685.6956640551527,3.354717218252534,8.419138460662476,628.3972026411434,-4.850178860258792,-9.891508898769354,808.5286974887066,4.851397952279568,11.023093998215765
2.16,2.7500421295182758,-0.05149445636373935,11.036804261267832,0.4670717388538636,-0.040038770329036535,0.25175702213810236,504.5418742207118,-6.428122788765201,-5.843009041865521,689.9390973228382,3.717666494703231,8.435748749434719,624.5037844411244,-5.13833226318583,-9.898282913991979,805.4140299366045,4.593343171977738,11.080921926202379
2.17,2.7579915055564017,-0.04797798358167511,11.036519169394486,0.46870667914107067,-0.018067489064511777,0.2522341397413588,507.6615194012677,-6.102248200064386,-5.861014138512778,693.8074716054178,4.07905664464947,8.449033049515245,621.3184870672741,-5.405883062736983,-9.906702128429524,803.0157485168071,4.359858318927268,11.14598420354762
2.18,2.7661957469807894,-0.044698898164440726,11.036268104029757,0.4704679273340442,0.0023684079251378395,0.25266844106705727,510.3456901732753,-5.790314937699492,-5.880516005605294,697.2352876833501,4.429247600702735,8.458927912507974,618.8857561334282,-5.645799235289905,-9.916557940348532,801.3551850209442,4.1566383015448904,11.215693670500956
2.19,2.7743993018149418,-0.041726419597018255,11.036048426814894,0.4722935803865293,0.020805343769673183,0.2530505560697289,512.5689581236259,-5.499293410339446,-5.900837344096274,700.1763484055601,4.759924625504786,8.465467476711618,617.2223157157347,-5.852542441999398,-9.927566813874552,800.4283612008659,3.9879320005449803,11.287516321792266
2.2,2.7823602225636317,-0.039116622948760386,11.035856868321046,0.47412547967213814,0.03688623237064657,0.2533735088118767,514.3219265798497,-5.234813610476563,-5.9213195301381285,702.6029509092641,5.064194800477207,8.468772988407487,616.3191323788599,-6.022112040191541,-9.939380362929365,800.2081609084511,3.8565286805192778,11.35904273701505
2.21,2.7898569618227063,-0.03691179455546448,11.035689660308924,0.47591033083534867,0.05036087672336956,0.25363276917892824,515.6098027365202,-5.001145522885386,-5.941344677998853,704.5046282750294,5.336630890082739,8.469039653679461,616.144000256401,-6.152035765995379,-9.95160407174949,800.6470586972112,3.7637905893005974,11.42805308696581
2.22,2.7966945844822573,-0.035139974073579786,11.035542673770202,0.4776005351411138,0.061083062755173105,0.25382622332211835,516.4506803435395,-4.80122100957403,-5.960354825693294,705.8865375127539,5.573267469746512,8.466521960286842,616.6446010651808,-6.241312653189945,-9.963821843949086,801.680281487632,3.7097273167706613,11.492573741978532
2.23,2.8027100246996035,-0.0338148041200763,11.035411560373946,0.47915478993215205,0.06900475995052925,0.2539540604007934,516.8736069568502,-4.636692651018459,-5.977867338414725,706.767587500719,5.7715550930314,8.46151858889285,617.7518954917003,-6.290314768548577,-9.975623014081874,803.2292718701107,3.6931065369686378,11.550923486737473
2.24,2.8077760579163247,-0.03293578320729927,11.035291893835447,0.4805385094099319,0.07416788864976212,0.254018579624347,516.9165118251055,-4.5080243472609975,-5.993486023039726,707.1783940746043,5.930278809170519,8.454357894331006,619.3837094736093,-6.300654984879694,-9.986628437219547,805.2053184355381,3.711594981493427,11.601747599271356
2.25,2.8118037443446,-0.03248897794829744,11.035179306942016,0.48172410400119414,0.07669414373949189,0.2540239279907404,516.6240704354847,-4.414607968255213,-6.006907801359212,707.1591410753033,6.0494475730307755,8.445384716436676,621.4483892221853,-6.275028309954134,-9.99651273872884,807.5132205835827,3.7619229235242857,11.644038580460217
2.2600000000000002,2.8147432182296255,-0.03244820402107598,11.035069619616575,0.4826911406054322,0.07677337640907171,0.2539757844200526,516.0455792013481,-4.354900012037977,-6.017925082126717,706.7574168683313,6.1301610719278194,8.434949016450053,623.8484112504386,-6.217034287535228,-10.00502062753426,810.0548625657552,3.8400651195339974,11.677143057928017
2.27,2.8165828286398713,-0.03277663921994519,11.0349589535095,0.48342639046048863,0.07465103108867822,0.253881009442978,515.2329085851691,-4.326572098948378,-6.02642419664343,706.026086464417,6.1744602848863295,8.423396567712718,626.4838472819766,-6.130987738567573,-10.0119761774327,812.7325836559228,3.941431078579971,11.700755222165935
2.2800000000000002,2.8173467628804545,-0.03342879196859039,11.034843829150711,0.4839237590253228,0.07061511534054943,0.25374728088941834,514.2385952169851,-4.326669208597589,-6.03238042117978,705.0212504335185,6.185167742703889,8.411061690928992,629.2555980874945,-6.02172467045492,-10.017284982843684,815.4522475043804,4.061057711405692,11.714897955851091
2.29,2.817091386051873,-0.03435271909578812,11.034721242586787,0.48418408501975324,0.06498314835674741,0.25358273519689023,513.114123661718,-4.351769850273635,-6.035850207900136,703.8003335603223,6.165723015296109,8.398261838271715,632.0683246484117,-5.894409600611494,-10.020929947112183,818.1259328354042,4.193797841873737,11.71989347851425
2.3000000000000003,2.815900598924837,-0.03549236974044663,11.034588719557949,0.484214794329924,0.05808949103278497,0.2533956314050231,511.9084369965066,-4.398142830572105,-6.036961291725341,702.4203386479111,6.120018448857456,8.385293710206472,634.8330193871237,-5.7543498600498015,-10.022962064486439,820.6741884503081,4.334498714096913,11.71632577519243
2.31,2.813880547463474,-0.03678992836567616,11.034444346509371,0.48402939856847854,0.05027340965649709,0.2531940511914878,510.6667030051719,-4.461895915768121,-6.035901341940763,700.9362938897278,6.052239630898349,8.372430536637975,637.4691744395486,-5.606821697878184,-10.023487872482177,823.0278167405627,4.478165459128435,11.704997283696754
2.32,2.8111540137980136,-0.03818803785040444,11.034286778956446,0.48364683649732226,0.04186816842731493,0.2529856440585011,509.4293503440698,-4.53911244268973,-6.032905792734786,699.3999155826565,5.9667144886880745,8.359920163081332,639.9065180121293,-5.4569122240368255,-10.022655294867562,825.1291704500769,4.62010544483582,11.686882297624516
2.33,2.8078547875821296,-0.039631801152142425,11.034115228826188,0.48309066756610825,0.03319138561184087,0.25277742255869845,508.2313771930063,-4.625972766822084,-6.0282454247796915,697.8585014438818,5.867774332511344,8.347983639291943,642.0863036616322,-5.309380424624644,-10.020639420918355,826.9329663023307,4.756050466572792,11.663079347982313
2.34,2.8041222679702567,-0.04107048406377971,11.033929433296745,0.4823881385879397,0.024536826347600457,0.2525756086824299,507.1019242671916,-4.718858304729845,-6.022214189136636,696.3540632908224,5.759629543275024,8.336814094441516,643.9621506974668,-5.168539676649486,-10.01762944740665,828.4066356264995,4.882254789804142,11.634764515554487
2.35,2.8000964893609943,-0.042458868866604105,11.03372960830328,0.4815691552868189,0.01616774396239696,0.25238552948151766,506.064095059549,-4.8144367867127835,-6.0151176737886045,694.92270131904,5.646261978583366,8.32657578094282,645.5004466008185,-5.038163389803396,-10.013817621553173,829.5302458379916,4.9955680789500185,11.603147258323263
2.36,2.795913706429895,-0.04375823614559887,11.033516390253784,0.4806651986925546,0.00831182300318058,0.2522115577892093,505.13499905990994,-4.909728147511672,-6.00726252003886,693.5942157441182,5.531335538985161,8.317403261743392,646.6803341008,-4.921414624424026,-10.009390630846278,830.2960373560402,5.0934831973178385,11.569429961973816
2.37,2.7917026213482505,-0.04493697711758887,11.033290769611844,0.4797082312106752,0.0011577225379527042,0.25205709250075564,504.32598854653014,-5.002151217986306,-5.998947007730816,692.3919453235085,5.418125706608157,8.309400790558437,647.4933160432518,-4.820799790268615,-10.004523536879427,830.7076282814354,5.174159708832226,11.534772070341955
2.38,2.7875812916013265,-0.04597085966225205,11.033054019887974,0.4787296382774275,-0.005146830995028022,0.2519245722077164,503.6430563142448,-5.0895520175965325,-5.99045294983449,691.332816461639,5.309468255009331,8.302641983281742,647.9425201437793,-4.738145834043528,-9.999376074096853,830.7789440739676,5.236424631517189,11.50025934512162
2.39,2.783654721633262,-0.04684298675162175,11.03280762528327,0.4777592489379223,-0.01049549505546315,0.25181551588950646,503.0873602354025,-5.1702149732330005,-5.9820389713190805,690.4275814633592,5.207726747304964,8.297169898960945,648.0416728876435,-4.674599689112712,-9.994090942852859,830.5329318309216,5.279752573444041,11.466878546711756
2.4,2.780013115401303,-0.047543495807740005,11.032553209804068,0.476824472969658,-0.014822435923670782,0.2517305846999442,502.6558406170749,-5.24285879912939,-5.97393519509721,689.6812202592221,5.114777906009116,8.292997641974463,647.8138370465143,-4.630648202312626,-9.988793619022903,830.0001189061047,5.304227820983498,11.435497619156504
2.41,2.776730748737776,-0.048069051986239626,11.032292470168281,0.4759495840932437,-0.01810028519155588,0.25166965949229786,502.3418976556628,-5.306619066350549,-5.966339318008823,689.0934767602706,5.032013468378338,8.29010956845791,647.2899704292166,-4.6061562827054425,-9.983593170526419,829.2170738794872,5.310491250605953,11.406851295887018
2.42,2.7738654087590717,-0.048422188273679334,11.032027114303053,0.4751551692818605,-0.020337106462044865,0.25163192946943963,502.13609862136525,-5.361019674841872,-5.959414029867174,688.659499027,4.960356749206641,8.288463136657297,646.5073645620728,-4.600420645344661,-9.978583600550069,828.2248246439812,5.299675108334457,11.381531912237769
2.43,2.7714583409550384,-0.04861054168309082,11.031758806729377,0.47445775413037306,-0.02157256407045523,0.2516159881166786,502.02688746256604,-5.405935526008543,-5.953285705549827,688.3705517031171,4.90029182941909,8.287991390489363,645.5080210832099,-4.61223625638879,-9.973845311774438,827.0672839507291,5.273328758000906,11.359985108761679
2.44,2.7695346417067794,-0.048646028933513774,11.031489121671495,0.47386960452098803,-0.02187349158471496,0.25161993329107496,502.00127305957994,-5.441548691346332,-5.948044281206502,688.2147696427667,4.851903079807373,8.288606015501074,644.3370208922539,-4.639972427129546,-9.969446388903474,825.7897274474559,5.23333845540569,11.342510030740197
2.45,2.7681040336915212,-0.04854399795696556,11.031219504334265,0.4733986961204986,-0.021329057071995294,0.251641468946933,502.0454761652163,-5.468300296045225,-5.943744208819583,688.1779232573356,4.814922616688144,8.290200862753881,643.0409367477725,-4.681655452642874,-9.965443512530085,824.4373633198755,5.1818440758972795,11.329263569870385
2.46,2.767161963029922,-0.04832238437334177,11.030951240467244,0.4730488360688781,-0.02004571531325279,0.2516780064429304,502.1455189685174,-5.486840199304455,-5.9404063675425745,688.2441686767258,4.78878326752602,8.292655803312925,641.6663343265501,-4.735054740882038,-9.961882431798372,823.0540263309615,5.121155523220677,11.320268150912787
2.47,2.766690959395553,-0.048000895447383445,11.030685434077684,0.47281991587019845,-0.01814212510302415,0.2517267636956947,502.2877450654693,-5.497976368565139,-5.93802079542031,688.3967591710569,4.7726746929177,8.295840756496249,640.2584000626488,-4.797769521596662,-9.95879802474422,821.6810225406858,5.05367129247869,11.315422536823277
2.48,2.7666622030879378,-0.04760023845180375,11.03042299295835,0.4727082710784739,-0.01574419337371489,0.2517848606317167,502.45926130794436,-5.502625625368351,-5.936550092033665,688.6186981982258,4.765600456638152,8.299619729505284,638.8597266984431,-4.867313449922084,-9.95621405476189,820.35614444508,4.981801363431071,11.314515108705498
2.49,2.7670372458710526,-0.047141405997997696,11.030164621548803,0.47270712181567337,-0.01298038806515955,0.25184940947444395,502.6482964505192,-5.5017671973900395,-5.935933332550698,688.8933187068862,4.766434044917278,8.303854713596925,637.5092797325309,-4.941194712923036,-9.95414278372981,819.1128698395793,4.907896274596258,11.317239070180841
2.5,2.767769834949123,-0.04664502772323727,11.029910820538591,0.47280706826372426,-0.009977439370319648,0.2519175984271199,502.84447467019237,-5.496400254424383,-5.936090327932642,689.2047777145201,4.77397209527669,8.308409300441097,636.2415601531628,-5.016989593288834,-9.952584624706862,817.979751511256,4.834183884995902,11.323209028078795
2.5100000000000002,2.7688077916915974,-0.04613079553619875,11.029661892537025,0.4729966167390311,-0.006856525159619734,0.2519867673199167,503.0390048618424,-5.4875063444729815,-5.936926065720802,689.5384594945615,4.78698338884459,8.313151908808448,635.0859712847547,-5.092407826447987,-9.951528010882955,816.9799990067105,4.762714978979066,11.33197841161421
2.52,2.770094898679989,-0.04561696811875379,11.02941795306846,0.47326271443657253,-0.0037300119091540638,0.2520544738259806,503.2247890926303,-5.476017387187449,-5.938335171521642,689.8812847699717,4.804252472914938,8.31795854296507,634.0663904945566,-5.165348489258037,-9.950949626704684,816.1312483048065,4.695318519411629,11.343057209784392
2.5300000000000002,2.7715727505158254,-0.04511995922940123,11.029178946099536,0.47359127405775203,-0.0006987981544248173,0.25211854895149965,503.39645572119355,-5.462789632136699,-5.9402062430177365,690.2219269816758,4.824617098303174,8.322715036849564,633.2009401061838,-5.233945564470488,-9.95081509818609,815.4455103341073,4.633567013706541,11.355929531437114
2.54,2.773182525889396,-0.04465401324966978,11.028944663263223,0.47396767296969683,0.002149715901807413,0.2521771406940091,503.55032444814964,-5.448583754145197,-5.942425925475617,690.5509398743037,4.8469989659131745,8.327318769358516,632.5019462961242,-5.296602721023891,-9.951080180194893,814.9292849915211,4.5787521329097025,11.37007052463749
2.5500000000000003,2.774866641003305,-0.04423097012812301,11.028714765914913,0.47437721498911806,0.004743030845041845,0.2522287450500798,503.68431196215346,-5.434051041805111,-5.944882619212085,690.8608032524975,4.870427567947422,8.33167986353272,631.9760701078883,-5.352017223317018,-9.95169241726391,814.5838237083409,4.531870422772199,11.384962232192505
2.56,2.776570247901278,-0.04386012027252256,11.028488809140365,0.47480554611209047,0.007024340557848548,0.2522722239316814,503.7977878815538,-5.419725441946355,-5.947469733895338,691.1458957785215,4.894057172637911,8.335721904505604,631.62459105701,-5.399193222566434,-9.952593198943347,814.4055207259947,4.4936186730552,11.400108009063553
2.57,2.7782425458215068,-0.04354814798752807,11.02826626683766,0.475239018367207,0.008952750059587289,0.2523068099989265,503.89139136818596,-5.406021055385624,-5.950088430312414,691.4024051087001,4.91717723086399,8.339382226894191,631.4438211258062,-5.437444982129391,-9.953720087175697,814.386411123549,4.464398272028324,11.415045185147267
2.58,2.779837879491282,-0.04329915981529953,11.028046557018257,0.4756649983724815,0.010502968463101715,0.25233209890346164,503.96681911252733,-5.39323453999735,-5.952649815771267,691.6281865318653,4.939216674464896,8.342611831757479,631.4256252295398,-5.46639084067968,-9.955009265856045,814.5147523004546,4.444327671151493,11.429355723093723
2.59,2.7813166052534952,-0.043114791744864364,11.027829066518398,0.47607211911131014,0.011664538383586161,0.25234802992288646,504.0265953679683,-5.381551767695503,-5.955076583236671,691.8225816278892,4.959742727499162,8.345374996813026,631.5580234154643,-5.485938919127853,-9.956397953454236,814.7756650574313,4.433261923201703,11.442674694128199
2.6,2.782645713836882,-0.042994386893557515,11.027613174381681,0.4764504749476401,0.012440671653216252,0.2523548564123604,504.0738343621967,-5.371058003191154,-5.957304105521502,691.9862083725313,4.978454963068646,8.347648642248995,631.8258500510111,-5.4962657281446,-9.957826627752265,815.1518106085537,4.430818137451609,11.454696472961288
2.61,2.7837992070722977,-0.042935233125510064,11.027398273265655,0.4767917610487135,0.012846766711757714,0.2523531078689074,504.112004759548,-5.361750824501799,-5.959281013616967,692.1207336481499,4.995175411116604,8.349421509453862,632.2114459709553,-5.49778893392272,-9.959240934777773,815.6240807481572,4.4364056186091965,11.465178632706266
2.62,2.7847582344324575,-0.04293284833966251,11.0271837883366,0.47708935926621876,0.012908685676949843,0.25234354566879985,504.14470492236455,-5.353554987435727,-5.960969302155455,692.228638351472,5.009835559491971,8.350693202665934,632.6953608808193,-5.491135592888496,-9.960593187789948,816.1722799140761,4.449259421511531,11.473943598625121
2.63,2.7855110034119654,-0.04298129997804752,11.026969193242453,0.47733837323469014,0.01266086904520017,0.2523271146815747,504.1754565639804,-5.346338447085042,-5.9623440150114435,692.3129842908215,5.02246109512039,8.351473135232476,633.2570451484482,-5.477107175119567,-9.961843401826327,816.7757799420865,4.468476059240778,11.480878191714897
2.64,2.7860524849745314,-0.043073544766505115,11.026754022888428,0.47753561605743733,0.012144363493293932,0.252304892980594,504.2075230513564,-5.339928786333159,-5.963392570396144,692.3771909011167,5.033155208413076,8.351779413981884,633.8755123514945,-5.4566426658688165,-9.962959849907424,817.4141307883673,4.4930501454183975,11.485931256132703
2.65,2.7863839411688534,-0.04320177483691007,11.026537882876537,0.4776795545202634,0.011404833655621855,0.2522780417661343,504.24375715827136,-5.3341293613611835,-5.964113787932929,692.4248285337427,5.042081236448281,8.351637687993886,634.5299564836725,-5.430780970026417,-9.963919164145866,818.0676132906867,4.521910827872455,11.489109615418194
2.66,2.7865123062784014,-0.043357757165224504,11.026320455602532,0.4777702143296651,0.01049062238476397,0.25224775740919525,504.2864815511916,-5.328734553282755,-5.964516680684866,692.459433750366,5.049445353405069,8.351079982323924,635.2003104609344,-5.400623751080802,-9.964706035369877,818.7177230250617,4.55395697574229,11.49047263953631
2.67,2.7864494553941093,-0.04353315461374452,11.026101503125847,0.4778090514163123,0.009450916233725643,0.2522152272361077,504.3374037705432,-5.323543609047354,-5.9646190735481275,692.4843507078474,5.055479934552576,8.350143533195796,635.8677354197715,-5.367299719806262,-9.965312586359289,819.3475773746673,4.588090209769192,11.490125727125342
2.68,2.786211395102177,-0.04371981866934352,11.025880867034616,0.4777987948551812,0.008334064101633667,0.25218159033309595,504.3975660088123,-5.3183726590029785,-5.964446106406663,692.5026014020368,5.060428126952344,8.34886963873779,636.5150331805489,-5.331931254056177,-9.965737505642144,819.9422409515242,4.623245010023425,11.488213015258795
2.69,2.7858174102050732,-0.04391004607805213,11.025658465615406,0.4777432673943995,0.00718608753320707,0.252147904284456,504.46732863632025,-5.313064608312878,-5.964028676456838,692.5167862725378,5.064530059821381,8.347302538205703,637.1269770824279,-5.295604085058303,-9.965985031412918,820.4889674003991,4.658415290499041,11.484909623684588
2.7,2.7852891982794645,-0.04409679383677439,11.025434288703313,0.47764718991242405,0.006049411412678321,0.2521151183941874,504.54638523022896,-5.3074967101999215,-5.963401869533939,692.5290154850843,5.068011023853569,8.345488332378025,637.6905591137115,-5.259340632597198,-9.966063869834711,820.9773582850539,4.692676989862255,11.480413723761085
2.71,2.7846500207131735,-0.04427384926803972,11.025208390632075,0.47751597629594444,0.004961834077287043,0.25208405360087277,504.6338058565732,-5.301585736506742,-5.962603425359727,692.5408701261819,5.071071845051012,8.343473957951755,638.1951538008798,-5.224077416173312,-9.965986120692982,821.3994421434139,4.725206386545333,11.474938696460203
2.72,2.7839238949655356,-0.04443595404414044,11.024980881726142,0.4773555252158097,0.003955746493634445,0.2520553889960299,504.72810456189177,-5.295290761570703,-5.961672276514289,692.553391585645,5.073881577786265,8.341306228859397,638.6326016274521,-5.190646816044254,-9.965766268254177,821.7496788518273,4.755293999257337,11.4687056113159
2.73,2.783134848464235,-0.04457888294023016,11.02475191877912,0.4771720150559656,0.0030576013529566657,0.2520296546078214,504.82732646228754,-5.288613665779707,-5.960647195665758,692.5670965832729,5.076572546625968,8.339030957112733,638.9972167862754,-5.159763310890797,-9.965420278398634,822.0248961290689,4.7823540765187245,11.461936221477627
2.74,2.7823062500546563,-0.0446994797106905,11.024521694948268,0.47697170781793524,0.0022876249664115678,0.25200722991991864,504.9291494743222,-5.2815975429846285,-5.959565580150754,692.5820146288568,5.079237679242454,8.336692164820022,639.2857257910669,-5.132014181193245,-9.964964826530155,822.224166323525,4.805929807473575,11.454846631272565
2.75,2.7814602304791722,-0.04479565376032286,11.024290429465541,0.47676076719463667,0.0016597578505829441,0.25198834745946336,505.03099560546883,-5.274323259504554,-5.958462397357508,692.5977441989678,5.081929995519596,8.334331397324304,639.4971448613185,-5.107854542190982,-9.964416665898677,822.3486325627222,4.825694498342359,11.447641753760125
2.7600000000000002,2.780617199156036,-0.044866342212529164,11.02405835752597,0.47654509521119215,0.0011818040114732443,0.25197310070447615,505.130146795172,-5.266904460813571,-5.957369308500478,692.6135235738865,5.0846640523067865,8.331987145007565,639.63260503565,-5.08760645994677,-9.96379213380982,822.4012939158267,4.841449052638058,11.440510638174517
2.77,2.7797954606745274,-0.04491144257644019,11.02382572066669,0.4763301909075476,0.0008557642408273936,0.25196145552299276,505.22386054782123,-5.259481354881801,-5.956313982309269,692.6283121031696,5.087419090339496,8.329694378342406,639.6951346601843,-5.0714618103788744,-9.963106784260356,822.3867594499205,4.853116167690519,11.433622712020517
2.7800000000000002,2.779010931004282,-0.04493172151835816,11.02359275789812,0.47612103353643936,0.0006783252657910304,0.2519532643554014,505.30948099885217,-5.252213618890722,-5.9553196039604614,692.6408776533406,5.0901435903398795,8.327484197468356,639.6894092487424,-5.05948846540627,-9.962375129922293,822.3109809807701,4.860731714876165,11.427124950696152
2.79,2.7782769504751457,-0.044928705295957834,11.023359697795067,0.47592199172187216,0.0006414743344439884,0.25194828237918054,505.38454157453225,-5.2452727795467275,-5.954404578387463,692.6498861256034,5.092760919463146,8.325383594181078,639.6214787385235,-5.0516393332359915,-9.961610473840643,822.1809739646274,4.864433806630597,11.421139959351118
2.8000000000000003,2.777604188133779,-0.04490455726746231,11.02312675170233,0.47573675901783297,0.0007332077312490826,0.2519461849432056,505.44685601387016,-5.238834407765625,-5.953582421091726,692.6539892005117,5.095175736862522,8.32341532100563,639.4984818951235,-5.047763741382383,-9.96082481120437,822.0045353896681,4.864450070811932,11.415764927504025
2.81,2.7770006301178616,-0.04486194759275716,11.022894108158107,0.47556831536959304,0.0009383017212122798,0.25194658561975436,505.4945951869161,-5.233070447721255,-5.952861823961547,692.6519068513442,5.097280827560391,8.321597859208016,639.3283570881744,-5.047620630772576,-9.960028783443633,821.7899667457904,4.8610836536812085,11.411071396806037
2.82,2.7764716431865097,-0.044803919844329965,11.02266192859069,0.475418913147944,0.0012391154160025287,0.2519490542904716,505.52634783850556,-5.228141969985556,-5.9522468786055525,692.6425016466713,5.098964046004295,8.31994547535452,639.1195579029528,-5.050893026287473,-9.959231669999586,821.545809222286,4.8546984584375,11.407105766197112
2.83,2.77602010347545,-0.044733758780438934,11.022430344300137,0.4752900857278314,0.0016163969147882128,0.25195313475357506,505.54116408361983,-5.224192600709832,-5.951737435536512,692.6248424112243,5.100115073285449,8.3184683544654,638.8807811172388,-5.057203261905285,-9.958441406736602,821.280597245788,4.845704098865699,11.403890446404182
2.84,2.7756465798718826,-0.044654863029504194,11.022199454697509,0.47518267603453146,0.0020500666572747153,0.2519583614106984,505.5385811566984,-5.2213428355016855,-5.9513295743739665,692.5982554077881,5.10063172338282,8.317172796966881,638.6207135019739,-5.066128465458897,-9.957664623552919,821.0026353661544,4.83454100938946,11.401425567077286
2.85,2.7753495610871326,-0.04457062591312702,11.02196932674011,0.4750968820899752,0.0025199550871410235,0.25196427466143917,505.51863155219115,-5.219685399832197,-5.951016158190763,692.5623618163352,5.100425572134359,8.316061466496452,638.347802744177,-5.077215846843397,-9.95690669685296,820.7198023626025,4.821666105859157,11.399691134605158
2.86,2.7751257155067237,-0.044484327107697764,11.021739995472045,0.4750323163570515,0.0030064753076843287,0.25197043470133246,505.4818342711568,-5.219281769327122,-5.950787444267916,692.5171008963327,5.099426726022649,8.315133676082633,638.0700565855685,-5.0899973820422995,-9.95617181489557,820.4393853111602,4.8075393379871105,11.398649536537295
2.87,2.7749701731774112,-0.04439903731803606,11.02151146555529,0.4749880755908761,0.0034912152661909328,0.25197643348463455,505.4291703958157,-5.2201599149118145,-5.950631723828853,692.4627388019545,5.097587594318053,8.314385701182115,637.7948730615894,-5.104003541234969,-9.955463055493942,820.1679452576109,4.792611416597758,11.398248289283687
2.88,2.774876819812251,-0.044317537614395816,11.021283713657677,0.47496281794724987,0.003957437983441177,0.25198190467728243,505.36204464159476,-5.222313291033453,-5.950535964721848,692.3998635588897,5.094885575766317,8.313811109374555,637.528903550705,-5.11877577010994,-9.954782476129427,819.9112151047087,4.777312938861245,11.39842292908102
2.89,2.7748385934203177,-0.04424225456868445,11.02105669155011,0.47495484424996187,0.004390482313786717,0.2519865314879792,505.2822348781393,-5.225701041454922,-5.9504864333668905,692.3293671894588,5.09132461803008,8.31340109804006,637.2779492354396,-5.133877497039919,-9.954131216368985,819.6740293707405,4.76204507430289,11.39909995180181
2.9,2.774847775062276,-0.04417521181963226,11.020830329756516,0.47496218055809974,0.004778060556524294,0.25199005232660415,505.1918318643579,-5.2302493575207,-5.950469275399293,692.2524163776626,5.086935652888592,8.31314483293723,637.0468905616856,-5.148903502792068,-9.953509611743781,819.4602846269034,4.747171915355619,11.400199714731007
2.91,2.7748962662617016,-0.044117998204320226,11.020604541596013,0.4749826594795374,0.005110452833689215,0.2519922642987401,505.09317160759406,-5.2358538892472435,-5.950471038113717,692.1704133891994,5.081775951375045,8.313029782141216,636.8396483828823,-5.163487551963053,-9.952917317190728,819.2729286873135,4.733014540062419,11.401639222615255
2.92,2.774975846729809,-0.04407175212156904,11.020379227457394,0.47501399802558386,0.005380601413316958,0.2519930246023453,504.98876283576135,-5.242383080774959,-5.9504791218116235,692.0849491985022,5.075927479422981,8.313042041194183,636.6591747058009,-5.177308244619983,-9.952353437019099,819.1139760168937,4.719846782508641,11.403334730764527
2.93,2.7750784072545795,-0.04403716135006996,11.02015427915138,0.47505387017465633,0.005584111019775444,0.2519922499463696,504.8812120684769,-5.249682279059254,-5.950482151263523,691.9977509246132,5.069494365349758,8.313166646502928,636.5074703248005,-5.190093101216265,-9.951816657360174,818.9845463445254,4.70789265974747,11.405204109402273
2.94,2.775196153829233,-0.04401447714125251,11.019929584195415,0.4750999726927095,0.005719163582158848,0.2519899141600784,504.7731486949899,-5.257578448428113,-5.950470262506742,691.9106257421685,5.062599615007935,8.31338787495472,636.3856261454761,-5.20162094258636,-9.951305376355094,818.8849231223724,4.697325363158422,11.407168925457988
2.95,2.775321780316509,-0.04400354105491629,11.019705029898978,0.4751500831309198,0.005786357795073354,0.25198604420450743,504.66715232118,-5.265885313793184,-5.950435303937284,691.8254034180344,5.055381228369072,8.313689528404895,636.2938846561427,-5.21172266882769,-9.950817827048082,818.8146282548996,4.688267687940173,11.409156210214128
2.96,2.775448608131232,-0.04400382271536045,11.019480507133698,0.47520210927577156,0.005788485288689598,0.25198071483237966,504.5656844440611,-5.274408751716086,-5.950370953980547,691.7438795355296,5.047987882593863,8.31405520213637,636.2317178012188,-5.22028057560725,-9.950352188118021,818.7725094264232,4.6807937470982335,11.411099893300038
2.97,2.7755706925441155,-0.044014466446328726,11.01925591369152,0.4752541296550674,0.00573025612883005,0.25197404216872166,504.47102626031756,-5.2829522508507365,-5.950272760442606,691.6677613158994,5.040574351454552,8.314468536635339,636.1979174359612,-5.227226373584526,-9.949906678188981,818.7568363752963,4.674931795973613,11.412941895133264
2.98,2.775682896236,-0.04403434460118831,11.019031157154775,0.47530442499991626,0.005617986810474779,0.2519661765004067,504.385224125984,-5.29132227102691,-5.9501381088948255,691.5986177412029,5.033296829670908,8.314913452111876,636.190694585126,-5.232538096227424,-9.94947963043523,818.7654025841952,4.670667979952081,11.414632880728222
2.99,2.7757809316411715,-0.04406211534372922,11.018806157223802,0.47535150082399236,0.00545926390005142,0.25195729456845156,504.3100438686208,-5.299333342785206,-5.949966129112241,691.5378354354688,5.026308323851647,8.315374365172124,636.2077838754683,-5.236236093508484,-9.949069545437883,818.7956290662239,4.667950811224786,11.416132687555786
3.0,2.7758613744022638,-0.044096282635794716,11.018580847469302,0.4753941015036297,0.005262596174892045,0.25194759165449837,504.24693483066744,-5.3068127644805845,-5.949757549764213,691.4865814928581,5.019754261252785,8.315836386936677,636.2465497147598,-5.2383783158757025,-9.948675121648884,818.8446671791525,4.66669617819504,11.417410448682567
