time_s,ay_mps2,ax_mps2,speed_mps,roll_deg,pitch_deg,yaw_rate_radps,Fz_FL,jounce_FL_mm,geometric_FL_n,Fz_FR,jounce_FR_mm,geometric_FR_n,Fz_RL,jounce_RL_mm,geometric_RL_n,Fz_RR,jounce_RR_mm,geometric_RR_n
0.0,0.0,0.0,15.0,0.0,0.0,0.0,598.5082183333004,-0.0,-0.0,598.5082183333004,-0.0,0.0,731.5100446295896,-0.0,0.0,731.5100446295896,-0.0,0.0
0.01,1.5564457453646112e-18,1.1169533421866411e-18,15.0,-7.690214185456993e-20,6.525848523229256e-18,-8.36050385059357e-22,598.5082183333004,-0.0,4.612309176578372e-17,598.5082183333004,-0.0,5.424656355314361e-17,731.5100446295896,-0.0,-7.688233257189539e-17,731.5100446295896,-0.0,-6.585622092129771e-17
0.02,2.7945401668247537e-18,4.467813361824715e-18,15.0,-3.0751118349069575e-19,2.6103394052475815e-17,-5.043696727749423e-22,598.5082183333004,-0.0,9.319550574517024e-17,598.5082183333004,-0.0,1.0754380448257996e-16,731.5100446295896,-0.0,-1.525853805282008e-16,731.5100446295896,-0.0,-1.328917258749642e-16
0.03,3.787364886569916e-18,1.0052580051914078e-17,15.0,-6.917286395933165e-19,5.873263654684105e-17,4.8812006147583005e-22,598.5082183333004,-0.0,1.410022928658992e-16,598.5082183333004,-0.0,1.6010667203859926e-16,731.5100446295896,-0.0,-2.2734251597509485e-16,731.5100446295896,-0.0,-2.008731430080021e-16
0.04,4.590457542412855e-18,1.787125340864091e-17,15.0,-1.2295008532226703e-18,1.0441357598404254e-16,1.8204979679349935e-21,598.5082183333004,-0.0,1.8938348965774226e-16,598.5082183333004,-0.0,2.1209512980413666e-16,731.5100446295896,-0.0,-3.0133522712658826e-16,731.5100446295896,-0.0,-2.696189842666843e-16
0.05,5.2462317371133864e-18,2.79238334301902e-17,15.0,-1.9208022887967836e-18,1.6314621235347598e-16,3.2936021058350794e-21,598.5082183333004,-0.0,2.382193506797466e-16,598.5082183333004,-0.0,2.6362892329008995e-16,731.5100446295896,-0.0,-3.747050706533351e-16,731.5100446295896,-0.0,-3.389876930798273e-16
0.06,5.787225241209974e-18,4.021032011597232e-17,15.0,-2.76562465103132e-18,2.349305456516965e-16,4.787303402023025e-21,598.5082183333004,-0.0,2.874197319410139e-16,598.5082183333004,-0.0,3.1479819652954665e-16,731.5100446295896,-0.0,-4.475627441788198e-16,731.5100446295896,-0.0,-4.0886857188394523e-16
0.07,6.3582419207855054e-18,5.474198465202996e-17,15.0,-3.764746177366629e-18,3.198324282737984e-16,6.12646161949084e-21,598.5082183333004,-0.0,3.40102232743519e-16,598.5082183333004,-0.0,3.69490229865551e-16,731.5100446295896,-0.0,-5.254009478983894e-16,731.5100446295896,-0.0,-4.837307598936884e-16
0.08,5.636222139898005e-19,7.098837003226585e-17,15.0,-4.9154429767792775e-18,4.147526420706159e-16,4.1533607150164445e-20,598.5082183333004,-0.0,3.70815578758057e-16,598.5082183333004,-0.0,3.653861888550552e-16,731.5100446295895,-0.0,-5.417779384888885e-16,731.5100446295895,-0.0,-5.388808986736441e-16
0.09,5.0669206891191395e-17,8.808597438061006e-17,15.0,-1.1405048400120445e-17,5.14646139742568e-16,-2.4795724069526614e-19,598.5082183333005,-0.0,2.7386715392721644e-16,598.5082183333004,-0.0,5.543804606327408e-16,731.5100446295896,-0.0,-6.860652352189374e-16,731.5100446295895,-0.0,-3.6762281545965873e-16
0.1,-1.7694217215094517e-17,1.0642733255596636e-16,15.0,-1.5070985019157307e-17,6.218063232900265e-16,2.38887268943887e-19,598.5082183333005,-0.0,4.84894295000706e-16,598.5082183333005,-0.0,3.55751603834814e-16,731.5100446295895,-0.0,-4.770310544740305e-16,731.5100446295895,-0.0,-5.942889503810344e-16
0.11,-1.3131042702842093e-17,1.2442798245970082e-16,15.0,-1.581514760457818e-17,7.269759039293434e-16,1.5874232262667306e-19,598.5082183333005,-0.0,4.652087331119828e-16,598.5082183333005,-0.0,3.6733091262922925e-16,731.5100446295896,-0.0,-4.822438727867038e-16,731.5100446295895,-0.0,-5.775479980197325e-16
0.12,-6.97138845312559e-17,1.4228248275884197e-16,15.0,-1.623654186694493e-17,8.312915991418629e-16,5.336333391040093e-19,598.5082183333004,-0.0,6.381903562487112e-16,598.5082183333005,-0.0,2.0614774131591867e-16,731.5100446295895,-0.0,-3.103563836305303e-16,731.5100446295896,-0.0,-7.662144024903258e-16
0.13,-8.086828773104357e-17,1.599820160397242e-16,15.0,-1.6486481829666212e-17,9.347018928044173e-16,5.994889828627172e-19,598.5082183333004,-0.0,6.631132431229002e-16,598.5082183333005,-0.0,1.6580643446635599e-16,731.5100446295895,-0.0,-2.6328380954591694e-16,731.5100446295896,-0.0,-7.913600011614808e-16
0.14,5.164007063460927e-17,1.777425636192951e-16,15.0,-1.295876636736934e-17,1.0384686651630417e-15,-4.1912641232032214e-19,598.5082183333005,-0.0,2.6140343378861084e-16,598.5082183333004,-0.0,5.626020374961971e-16,731.5100446295896,-0.0,-6.75125770948542e-16,731.5100446295895,-0.0,-3.725294066183395e-16
0.15,5.628690134543207e-17,1.9471946368028213e-16,15.0,-1.1106147348091976e-17,1.1376569427817951e-15,-4.7654492669653945e-19,598.5082183333005,-0.0,2.3647552636583946e-16,598.5082183333004,-0.0,5.692150144941689e-16,731.5100446295896,-0.0,-6.765062952573935e-16,731.5100446295895,-0.0,-3.4510269665848035e-16
0.16,-5.45465623927255e-17,2.1149197903160522e-16,15.0,-1.3931006816067942e-17,1.2356510938373743e-15,3.8330906752159257e-19,598.5082183333004,-0.0,5.691923610603692e-16,598.5082183333005,-0.0,2.332409741024972e-16,731.5100446295895,-0.0,-3.274308113357909e-16,731.5100446295896,-0.0,-6.895460153289184e-16
0.17,-8.455904038430028e-17,2.292021011917144e-16,15.0,-1.0796593034991143e-17,1.339123253487751e-15,5.657504835681961e-19,598.5082183333004,-0.0,6.723376974791096e-16,598.5082183333005,-0.0,1.6352528056259112e-16,731.5100446295895,-0.0,-2.5679598864319354e-16,731.5100446295896,-0.0,-8.077220879456742e-16
0.18,9.718885524769694e-17,2.4697721946505994e-16,15.0,-2.320000267175607e-18,1.4429751557590227e-15,-8.535508806384182e-19,598.5082183333005,-0.0,1.1733926933800416e-16,598.5082183333004,-0.0,7.090484634667527e-16,731.5100446295896,-0.0,-8.402173980867489e-16,731.5100446295895,-0.0,-2.4982969724140106e-16
0.19,6.10688090213023e-17,2.647745164962328e-16,15.0,-1.1307671665926056e-17,1.5469566383883524e-15,-3.992986277267316e-19,598.5082183333005,-0.0,2.6258059848690163e-16,598.5082183333005,-0.0,6.123175590846972e-16,731.5100446295896,-0.0,-6.946273878025596e-16,731.5100446295895,-0.0,-3.194739131421264e-16
0.2,-1.0519890497943736e-16,2.823424473776606e-16,15.0,-1.575408007213837e-17,1.6495980393033806e-15,8.426232306693381e-19,598.5082183333004,-0.0,7.271873110587872e-16,598.5082183333005,-0.0,7.853147389597496e-17,731.5100446295895,-0.0,-1.907035936980977e-16,731.5100446295896,-0.0,-8.622669351079623e-16
0.21,-1.174009087776139e-16,3.000664204754081e-16,15.0,-1.4092253675002777e-17,1.7531511236598469e-15,8.697718696955173e-19,598.5082183333004,-0.0,7.807768599469638e-16,598.5082183333005,-0.0,6.688973580724012e-17,731.5100446295895,-0.0,-1.5327630454706888e-16,731.5100446295896,-0.0,-9.069100459203697e-16
0.22,-7.77780787967539e-17,3.1872731030279365e-16,15.0,-1.7584616347049143e-17,1.8621781847936495e-15,6.158587371129052e-19,598.5082183333012,5.551115123125783e-14,6.764640232553175e-16,598.5082183333004,-0.0,1.9254529940307443e-16,731.5100446295895,-0.0,-2.978899990951194e-16,731.5100446295896,-0.0,-8.029073225944453e-16
0.23,2.7294596006718863e-16,3.3459771071340806e-16,15.0,-2.560785900480201e-17,1.954901690038651e-15,-1.8129808207892396e-18,598.508218333301,5.551115123125783e-14,-5.406808642825398e-16,598.508218333301,5.551115123125783e-14,1.0481197013239088e-15,731.5100446295896,-0.0,-1.2921712525267775e-15,731.5100446295895,-0.0,4.1112691687083846e-16
0.24,1.8226225739352605e-16,3.4289089487531163e-16,15.0,-5.009466043495486e-17,2.0033549795107757e-15,-9.594267784451328e-19,598.508218333301,5.551115123125783e-14,-5.501288746867564e-16,598.508218333301,5.551115123125783e-14,4.584543042706308e-16,731.5100446295896,-0.0,-9.512133409194392e-16,731.5100446295896,-0.0,1.7366879027549472e-16
0.25,1.0551473522913886e-16,3.433501132425003e-16,15.0,-7.349846142545867e-17,2.0060379828110665e-15,-3.1956111044632387e-19,598.508218333301,5.551115123125783e-14,-6.024004265657155e-16,598.508218333301,5.551115123125783e-14,-7.892663867069316e-17,731.5100446295896,-0.0,-6.706468836494265e-16,731.5100446295896,-0.0,-4.8846662637765884e-17
0.26,-1.5572574833632267e-16,3.3683076186362315e-16,15.0,-8.246358770631044e-17,1.9679483885895477e-15,1.3868122868161059e-18,598.5082183333009,5.551115123125783e-14,-4.621014759564781e-17,598.5082183333009,5.551115123125783e-14,-1.0687593526731703e-15,731.5100446295896,-0.0,2.156926779108615e-16,731.5100446295896,-0.0,-8.39597207064866e-16
0.27,-1.6704821394412385e-16,3.242222930600632e-16,15.0,-9.284067453965958e-17,1.8942828607521773e-15,1.4010703765309346e-18,598.508218333301,5.551115123125783e-14,-2.223477461670604e-16,598.5082183333002,-0.0,-1.3144822525934666e-15,731.5100446295896,-0.0,2.8854912392400973e-16,731.5100446295896,-0.0,-8.595404647860097e-16
0.28,-1.0082189082540732e-15,3.085861574432361e-16,15.0,-3.8432872129229104e-17,1.8029280577625343e-15,6.528855181265115e-18,598.5082183333003,-0.0,2.1590856820648443e-15,598.5082183333003,-0.0,-3.805784020674883e-15,731.5100446295895,-0.0,2.9510222465209818e-15,731.5100446295896,-0.0,-3.532580327970769e-15
0.29,-1.8847421735056654e-16,2.9482766656467684e-16,15.0,2.1949710421511913e-17,1.7225434758909793e-15,1.6675045536962965e-19,598.5082183333003,-0.0,-2.027664454472841e-16,598.5082183333003,-0.0,-1.1901726496732835e-15,731.5100446295895,-0.0,2.751084497300893e-16,731.5100446295896,-0.0,-1.0260449763654949e-15
0.3,-9.088100221871597e-17,2.850679210811221e-16,15.0,5.267496804366363e-17,1.6655217380570042e-15,-4.0232256513912412e-19,598.5082183333003,-0.0,-3.672723714332905e-16,598.5082183333003,-0.0,-7.617214831107885e-16,731.5100446295895,-0.0,-1.112991860516367e-16,731.5100446295896,-0.0,-7.410576296078046e-16
0.31,7.326483699228876e-17,2.7895320782312743e-16,15.0,7.355284791945632e-17,1.6297962596708295e-15,-1.3228358046815712e-18,598.5082183333003,-0.0,-7.261523113463907e-16,598.5082183333004,-0.0,-1.5179221333965417e-16,731.5100446295896,-0.0,-6.948823845443031e-16,731.5100446295896,-0.0,-2.3212509350519707e-16
0.32,-9.283512708000868e-17,2.7629446229216186e-16,15.0,9.813884148970932e-17,1.6142624231697207e-15,-2.890643000338677e-20,598.5082183333003,-0.0,-1.6571800885563878e-16,598.5082183333004,-0.0,-5.69750136094438e-16,731.5100446295895,-0.0,-2.623044706928031e-16,731.5100446295896,-0.0,-8.009039107154804e-16
0.33,7.289698913777667e-17,2.757326054316227e-16,15.0,1.164491245085046e-16,1.6109797500041278e-15,-1.0331939823148762e-18,598.5082183333004,-0.0,-6.171690390785038e-16,598.5082183333004,-0.0,-3.730039020254453e-17,731.5100446295895,-0.0,-8.600863181558958e-16,731.5100446295896,-0.0,-3.0911614731235443e-16
0.34,2.6702449894378183e-16,2.7598866210375543e-16,15.0,1.1598640279162286e-16,1.6124757722573307e-15,-2.0562696932627322e-18,598.5082183333004,-0.0,-1.1886268969182004e-15,598.5082183333004,-0.0,5.104221076262764e-16,731.5100446295895,-0.0,-1.507092955937116e-15,731.5100446295895,-0.0,3.1000936279439495e-16
0.35000000000000003,2.036591388434229e-16,2.761172373352239e-16,15.0,1.0676159251908965e-16,1.6132269786441253e-15,-1.290927649436126e-18,598.5082183333004,-0.0,-9.811232093429217e-16,598.5082183333004,-0.0,3.0291815126468113e-16,731.5100446295895,-0.0,-1.3200921481893932e-15,731.5100446295895,-0.0,1.230089372953709e-16
0.36,1.565441952278345e-16,2.7624580767225943e-16,15.0,9.7605642302591e-17,1.6139781564349825e-15,-7.865645005246031e-19,598.5082183333004,-0.0,-8.292183153851901e-16,598.5082183333004,-0.0,1.5101308017580354e-16,731.5100446295895,-0.0,-1.1754396126101032e-15,731.5100446295895,-0.0,-2.1643346380657297e-17
0.37,1.2130517656048044e-16,2.763743747950731e-16,15.0,8.849491315799488e-17,1.6147293154466085e-15,-4.567880784334299e-19,598.5082183333004,-0.0,-7.170960798064674e-16,598.5082183333004,-0.0,3.8890728780381295e-17,731.5100446295895,-0.0,-1.0627744450555777e-15,731.5100446295895,-0.0,-1.343083492289446e-16
0.38,9.479678921259014e-17,2.765029398257708e-16,15.0,7.94136181108195e-17,1.6154804622349564e-15,-2.4336595392074887e-19,598.5082183333004,-0.0,-6.335889906984572e-16,598.5082183333004,-0.0,-4.461643528097481e-17,731.5100446295895,-0.0,-9.74397012977916e-16,731.5100446295895,-0.0,-2.226856747133129e-16
0.39,7.474511928862797e-17,2.7663150351064195e-16,15.0,7.035125757549525e-17,1.6162316011602532e-15,-1.0713257730518921e-19,598.5082183333004,-0.0,-5.7077781843616e-16,598.5082183333004,-0.0,-1.074276553881121e-16,731.5100446295895,-0.0,-9.045519192334563e-16,731.5100446295895,-0.0,-2.9253070041625933e-16
0.4,5.949683936558197e-17,2.767600663435114e-16,15.0,6.130088389924904e-17,1.616982735107694e-15,-2.1815459654599342e-20,598.5082183333004,-0.0,-5.230206124648051e-16,598.5082183333004,-0.0,-1.551848913226368e-16,731.5100446295895,-0.0,-8.489126018910741e-16,731.5100446295895,-0.0,-3.481699751471617e-16
0.41000000000000003,4.784279102004417e-17,2.7688862864909217e-16,15.0,5.22579286786142e-17,1.617733865974427e-15,3.01532673166089e-20,598.5082183333004,-0.0,-4.862777894697313e-16,598.5082183333004,-0.0,-1.9192773256900505e-16,731.5100446295895,-0.0,-8.042088384109263e-16,731.5100446295895,-0.0,-3.928737126716226e-16
0.42,3.8893392086018253e-17,2.770171906392114e-16,15.0,4.3219411704824976e-17,1.6184849949980623e-15,6.047563177019595e-20,598.5082183333004,-0.0,-4.57641760933247e-16,598.5082183333004,-0.0,-2.2056377175463133e-16,731.5100446295895,-0.0,-7.67955997365838e-16,731.5100446295895,-0.0,-4.2912653857226024e-16
0.43,3.1990263088728446e-17,2.7714575245066193e-16,15.0,3.4183408430332506e-17,1.6192361229778183e-15,7.690965622429112e-20,598.5082183333004,-0.0,-4.350081246494102e-16,598.5082183333004,-0.0,-2.431974138100588e-16,731.5100446295895,-0.0,-7.382570925760441e-16,731.5100446295895,-0.0,-4.588254351541105e-16
0.44,2.664325059453234e-17,2.7727431417062165e-16,15.0,2.5148692345086343e-17,1.619987250423035e-15,8.456866847940961e-20,598.5082183333004,-0.0,-4.16845045327526e-16,598.5082183333004,-0.0,-2.6136049582177054e-16,731.5100446295895,-0.0,-7.136572022456104e-16,731.5100446295895,-0.0,-4.834253216592652e-16
0.45,1.8199083266651242e-17,2.774250646012537e-16,15.0,1.6170893607581328e-17,1.62086801637624e-15,1.1757090635160964e-19,598.5082183333004,-0.0,-3.9351593963014096e-16,598.5082183333004,-0.0,-2.9313791412683077e-16,731.5100446295895,-0.0,-7.03081410297083e-16,731.5100446295895,-0.0,-5.409964127179491e-16
0.46,4.1297509654498773e-17,2.766672874840963e-16,15.0,6.083038702487783e-18,1.6164406705828538e-15,-6.634330755476638e-20,598.5082183332999,-5.551115123125783e-14,-2.802816161295383e-16,598.5082183332999,-5.551115123125783e-14,-4.908526766973094e-17,731.5100446295887,-5.551115123125783e-14,-2.9587422639196463e-16,731.5100446295887,-5.551115123125783e-14,-3.636946784228876e-18
0.47000000000000003,3.298978305835757e-17,2.741806701688203e-16,15.0,-5.091818901360899e-18,1.6019125006747334e-15,-9.655771050976032e-21,598.5082183332999,-5.551115123125783e-14,2.79089978719076e-17,598.5082183332999,-5.551115123125783e-14,2.0044504499574223e-16,731.5100446295887,-5.551115123125783e-14,3.0408776238898507e-16,731.5100446295887,-5.551115123125783e-14,5.292866222958964e-16
0.48,2.776828954516248e-17,2.709293750190461e-16,15.0,-1.6209150117459554e-17,1.5829166672317722e-15,2.4299860630559637e-20,598.5082183333004,-0.0,2.990596972224968e-16,598.5082183333004,-0.0,4.3133207585458043e-16,731.5100446295897,-0.0,7.390848618952727e-16,731.5100446295897,-0.0,9.167825129769234e-16
0.49,2.4461360353209567e-17,2.694388471924299e-16,15.0,-2.7451614962352636e-17,1.5742081935213904e-15,4.9459704848721243e-20,598.5082183333004,-0.0,2.816217129285036e-16,598.5082183333004,-0.0,3.843520818109735e-16,731.5100446295897,-0.0,5.242336149767911e-16,731.5100446295897,-0.0,6.670250284915674e-16
0.5,-1.3168478678296032e-16,2.708297096593581e-16,15.0,-3.476045490176712e-17,1.5823343680293148e-15,1.115639324318024e-18,598.5082183333004,-0.0,8.083716600546832e-16,598.5082183333004,-0.0,-1.9585825301080586e-17,731.5100446295896,-0.0,9.263758201352483e-16,731.5100446295896,-0.0,7.034303616851539e-17
0.51,-6.147197333305105e-17,2.7399654792528285e-16,15.0,-3.2435797683467835e-17,1.600836758451938e-15,4.422217513700266e-19,598.5082183333005,-0.0,6.078317374037168e-16,598.5082183333004,-0.0,2.1630463576907784e-16,731.5100446295896,-0.0,6.841817598976908e-16,731.5100446295896,-0.0,2.5297322547518314e-16
0.52,-8.346769363477539e-17,2.7798344301996835e-16,15.0,-3.5648378612301186e-17,1.6241303665940551e-15,5.94481376994823e-19,598.5082183333005,-0.0,6.82680268673488e-16,598.5082183333005,-0.0,1.576386513567431e-16,731.5100446295896,-0.0,7.009340490403137e-16,731.5100446295896,-0.0,1.2690317129713251e-16
0.53,-3.547882634638921e-17,2.833047788098166e-16,15.0,-3.318381392658494e-17,1.6552205025864905e-15,1.6638053545764358e-19,598.5082183333005,-0.0,5.66390868836625e-16,598.5082183333005,-0.0,3.3702217146185166e-16,731.5100446295896,-0.0,5.078300742339431e-16,731.5100446295896,-0.0,2.2941831871919227e-16
0.54,5.036933490859386e-17,2.891942360843557e-16,15.0,-3.412766707235947e-17,1.6896299130838277e-15,-4.550628845872647e-19,598.5082183333005,-0.0,2.79061792815449e-16,598.5082183333004,-0.0,5.601810201164521e-16,731.5100446295896,-0.0,1.5690046064960177e-16,731.5100446295896,-0.0,4.1754225827678696e-16
0.55,-6.801626100515899e-17,2.9543474806193987e-16,15.0,-3.4190270462739664e-17,1.7260903759652819e-15,3.8403814115936537e-19,598.5082183333005,-0.0,6.54533837882524e-16,598.5082183333005,-0.0,2.3150966495635474e-16,731.5100446295896,-0.0,5.646695931800519e-16,731.5100446295896,-0.0,7.898512373136755e-17
0.56,9.941193381806094e-17,3.0212848058957356e-16,15.0,-3.9816432858666513e-17,1.765198799639304e-15,-7.209663834221753e-19,598.5082183333005,-0.0,1.7139542074205618e-16,598.5082183333005,-0.0,7.30558752227941e-16,731.5100446295896,-0.0,-2.684301312191144e-17,731.5100446295896,-0.0,5.464500309944828e-16
0.5700000000000001,-1.9094424743904376e-16,3.095678090298261e-16,15.0,-3.2845943293697076e-17,1.808663399888942e-15,1.2181946212384846e-18,598.5082183333004,-0.0,9.928165902352386e-16,598.5082183333005,-0.0,-1.5669419199277856e-16,731.5100446295896,-0.0,8.270973913161165e-16,731.5100446295896,-0.0,-4.3601453413067383e-16
0.58,-3.7650617466062654e-16,3.1720377401887606e-16,15.0,-1.8215412709701776e-17,1.8532768577346106e-15,2.382602094728998e-18,598.5082183333011,5.551115123125783e-14,1.4878316022141946e-15,598.5082183333004,-0.0,-7.378530875207479e-16,731.5100446295896,-0.0,1.3645632413661673e-15,731.5100446295896,-0.0,-1.0678956504457007e-15
0.59,1.915189301269063e-16,3.227613264670299e-16,15.0,-2.4908649847107064e-19,1.8857470998358184e-15,-1.7747246351570718e-18,598.508218333301,5.551115123125783e-14,-3.6056228989144566e-16,598.508218333301,5.551115123125783e-14,8.183123781844449e-16,731.5100446295896,-0.0,-3.948038488764057e-16,731.5100446295896,-0.0,7.628604404150255e-16
0.6,1.5728209623527377e-16,3.2185857397146415e-16,15.0,-1.2123029020960465e-17,1.880472729083235e-15,-1.2362557218043307e-18,598.508218333301,5.551115123125783e-14,-5.521754348960829e-16,598.508218333301,5.551115123125783e-14,3.839367407966009e-16,731.5100446295896,-0.0,-2.7213857863331705e-16,731.5100446295896,-0.0,6.901847882868826e-16
0.61,-2.073437074431206e-16,3.1486457302836697e-16,15.0,-2.8484781215357177e-18,1.8396099741210424e-15,1.2768928924288811e-18,598.5082183333004,-0.0,4.368726188676285e-16,598.5082183333004,-0.0,-7.798012133186194e-16,731.5100446295896,-0.0,8.521153688412996e-16,731.5100446295896,-0.0,-4.818043751872545e-16
0.62,-1.5981759723443418e-16,3.0917568694605927e-16,15.0,1.875655962896349e-17,1.8063724095452755e-15,7.635704228889103e-19,598.5082183333004,-0.0,3.2809137548964e-16,598.5082183333004,-0.0,-5.706501346376842e-16,731.5100446295896,-0.0,6.274695940436246e-16,731.5100446295896,-0.0,-3.9989740984318626e-16
0.63,-1.2426208080515881e-16,3.0572071080644e-16,15.0,4.016195167455733e-17,1.786186561052815e-15,4.2903411529604096e-19,598.5082183333004,-0.0,2.5962523437186483e-16,598.5082183333004,-0.0,-4.0181422100623936e-16,731.5100446295896,-0.0,4.3498086595168467e-16,731.5100446295896,-0.0,-3.501474019104278e-16
0.64,-9.749781400077365e-17,3.044996434601046e-16,15.0,6.138386905163109e-17,1.7790524219282154e-15,2.1372122300319938e-19,598.5082183333004,-0.0,2.2014895434131118e-16,598.5082183333004,-0.0,-2.6196821033299887e-16,731.5100446295896,-0.0,2.669112586698015e-16,731.5100446295896,-0.0,-3.2481645524180916e-16
0.65,-8.595987610836846e-17,3.0548995853677816e-16,15.0,8.18753396730553e-17,1.784838380872561e-15,1.4981710640217904e-19,598.5082183333004,-0.0,2.2914785291383986e-16,598.5082183333004,-0.0,-1.689803791747022e-16,731.5100446295896,-0.0,1.443731639733854e-16,731.5100446295896,-0.0,-3.4576098934478765e-16
0.66,4.230394193549192e-16,3.084196346038759e-16,15.0,9.522534541620829e-17,1.8019551408247555e-15,-3.3715259662024784e-18,598.5082183333003,-0.0,-1.2957818401060148e-15,598.5082183333011,5.551115123125783e-14,1.3347639787674659e-15,731.5100446295896,-0.0,-1.5190058856888992e-15,731.5100446295896,-0.0,1.2287016321075042e-15
0.67,6.851896439799386e-16,3.110418268489235e-16,15.0,4.1456237800325416e-17,1.8172754131617066e-15,-4.305537514648055e-18,598.5082183333004,-0.0,-1.9973412598460345e-15,598.5082183333004,-0.0,2.0554898860529524e-15,731.5100446295896,-0.0,-2.4135732253717224e-15,731.5100446295896,-0.0,2.029592936895901e-15
0.68,5.707486489177258e-16,3.157421735884278e-16,15.0,-2.3005804994405177e-17,1.844737393595563e-15,-2.8380571091319237e-18,598.5082183333004,-0.0,-1.5425349733114434e-15,598.5082183333004,-0.0,1.7117903417578717e-15,731.5100446295896,-0.0,-2.1250411322812683e-15,731.5100446295895,-0.0,1.5914827560201998e-15
0.6900000000000001,-5.271340282648411e-16,3.2084983098748574e-16,15.0,-5.0837755708380035e-17,1.8745791042882853e-15,4.817086565535758e-18,598.5082183333011,5.551115123125783e-14,1.6517466118792125e-15,598.5082183333003,-0.0,-1.6303885146134717e-15,731.5100446295896,-0.0,1.363703053998221e-15,731.5100446295896,-0.0,-1.896716238260943e-15
0.7000000000000001,-7.218755010201379e-16,3.2176809116403635e-16,15.0,3.645068395759423e-18,1.879944079342079e-15,5.000128149840237e-18,598.5082183333009,5.551115123125783e-14,1.8947723019816705e-15,598.508218333301,5.551115123125783e-14,-2.3803675022832704e-15,731.5100446295896,-0.0,2.095659614161623e-15,731.5100446295896,-0.0,-2.4685454669302833e-15
0.71,3.3167670755462876e-16,3.163711108172481e-16,15.0,3.323684068888096e-17,1.8484119867328778e-15,-2.8564628566544484e-18,598.5082183333003,-0.0,-1.4050199445569372e-15,598.508218333301,5.551115123125783e-14,6.459151699219335e-16,731.5100446295896,-0.0,-1.230904020111452e-15,731.5100446295896,-0.0,8.409690367107387e-16
0.72,3.405280926469156e-16,3.101940997328504e-16,15.0,-5.535127350927008e-18,1.8123225305840897e-15,-2.2250382862655416e-18,598.5082183333004,-0.0,-1.3606941580857299e-15,598.5082183333003,-0.0,6.413053216780687e-16,731.5100446295896,-0.0,-1.3683584900381273e-15,731.5100446295896,-0.0,7.938876499610403e-16
0.73,2.4893611959548694e-16,3.0679094893707134e-16,15.0,-3.7612067388760265e-17,1.7924394739189976e-15,-1.256771784691837e-18,598.5082183333004,-0.0,-1.0012258637867791e-15,598.5082183333004,-0.0,3.978252894673876e-16,731.5100446295896,-0.0,-1.1605750925962707e-15,731.5100446295896,-0.0,4.211540322552821e-16
0.74,1.0172557545838483e-16,3.0540368920711084e-16,15.0,-6.621456229075888e-17,1.7843343485586355e-15,-9.633962048790189e-20,598.5082183333004,-0.0,-5.073474006866377e-16,598.5082183333004,-0.0,-1.8866918480630646e-17,731.5100446295896,-0.0,-7.351070750428728e-16,731.5100446295895,-0.0,-1.0488626036906148e-16
0.75,2.518085658229447e-16,3.057699737107809e-16,15.0,-9.876087848805144e-17,1.7864743817158644e-15,-1.0640731054147102e-18,598.5082183333004,-0.0,-9.061900368923075e-16,598.5082183333004,-0.0,4.3772845424603135e-16,731.5100446295896,-0.0,-1.2607290814909507e-15,731.5100446295895,-0.0,2.853980526201678e-16
0.76,-5.413952271815593e-16,3.062338073925681e-16,15.0,-1.0243402234602086e-16,1.789184350192604e-15,4.2030527885279465e-18,598.5082183333004,-0.0,1.3684381078986266e-15,598.5082183333004,-0.0,-1.9709238997156387e-15,731.5100446295895,-0.0,1.2580455224456238e-15,731.5100446295896,-0.0,-2.2464929313571427e-15
0.77,-2.5536624303750993e-16,3.07170979537068e-16,15.0,-8.479719282333328e-17,1.794659819242389e-15,1.726578068810438e-18,598.5082183333004,-0.0,5.79972928487346e-16,598.5082183333004,-0.0,-1.0003228869215978e-15,731.5100446295895,-0.0,3.6977078797547506e-16,731.5100446295896,-0.0,-1.3619281103187138e-15
0.78,-9.442179414450034e-17,3.1005028643327327e-16,15.0,-8.941335742152898e-17,1.81148229512105e-15,6.028556046466098e-19,598.5082183333011,5.551115123125783e-14,1.310274039893472e-16,598.5082183333003,-0.0,-4.986694810157834e-16,731.5100446295895,-0.0,-1.6873558497028143e-16,731.5100446295896,-0.0,-8.88551223316298e-16
0.79,-7.819608288300171e-16,3.112689603420569e-16,15.0,-3.634015038125111e-17,1.8186024504825663e-15,4.753534723317461e-18,598.5082183333003,-0.0,2.0340688898573232e-15,598.5082183333004,-0.0,-2.567377954249425e-15,731.5100446295895,-0.0,2.0206134925279183e-15,731.5100446295896,-0.0,-3.053747584644349e-15
0.8,-4.09137377040219e-16,3.1330689820674465e-16,15.0,2.645881874742177e-17,1.830509191169397e-15,1.6106794719508145e-18,598.5082183333004,-0.0,9.290949931761206e-16,598.5082183333004,-0.0,-1.3548077196049466e-15,731.5100446295895,-0.0,7.617074833208832e-16,731.5100446295896,-0.0,-1.939427417040448e-15
0.81,6.7730246047107e-16,3.1564603610783414e-16,15.0,4.328295780533825e-17,1.8441757061802845e-15,-5.785331429704961e-18,598.5082183333003,-0.0,-2.3882027541983595e-15,598.508218333301,5.551115123125783e-14,1.7697487842822753e-15,731.5100446295896,-0.0,-2.669724141574072e-15,731.5100446295895,-0.0,1.5409555979139852e-15
0.8200000000000001,3.147040791569509e-16,3.1663055486653354e-16,15.0,1.7503792568044335e-19,1.84992779988455e-15,-2.2017208038545293e-18,598.5082183332999,-5.551115123125783e-14,-1.1521286101035071e-15,598.5082183332999,-5.551115123125783e-14,7.136467102144504e-16,731.5100446295887,-5.551115123125783e-14,-1.4850080039421628e-15,731.5100446295886,-5.551115123125783e-14,5.064080879393604e-16
0.8300000000000001,-9.106397663476012e-17,3.1747006470415837e-16,15.0,-2.0937450407451786e-17,1.8548326726551308e-15,9.800026557676625e-19,598.5082183333005,-0.0,1.4847500912776353e-16,598.5082183332997,-5.551115123125783e-14,-4.454474325929037e-16,731.5100446295887,-5.551115123125783e-14,6.902624311392966e-17,731.5100446295887,-5.551115123125783e-14,-4.894348009118577e-16
0.84,-3.6871078754098585e-16,3.150143202240711e-16,15.0,1.2197364038835522e-17,1.8404848786305097e-15,2.411025653756499e-18,598.5082183332999,-5.551115123125783e-14,1.1465795653792e-15,598.5082183332999,-5.551115123125783e-14,-1.016548016034872e-15,731.5100446295887,-5.551115123125783e-14,1.5333020405479401e-15,731.5100446295888,-5.551115123125783e-14,-7.990430670265502e-16
0.85,-1.834864769805628e-16,3.1154727040901353e-16,15.0,4.596481198809624e-17,1.8202284891637284e-15,7.913389995727026e-19,598.5082183333004,-0.0,7.832676996732313e-16,598.5082183333004,-0.0,-2.2009478767604993e-16,731.5100446295897,-0.0,1.250258474216545e-15,731.5100446295897,-0.0,9.265226531708877e-17
0.86,-1.175068406342978e-16,3.0986565107755864e-16,15.0,7.513303295482295e-17,1.8104035550180232e-15,2.2746784762110854e-19,598.5082183333004,-0.0,5.686890123040026e-16,598.5082183333004,-0.0,-8.542546408644672e-18,731.5100446295896,-0.0,9.10777407657569e-16,731.5100446295897,-0.0,1.955872263404358e-16
0.87,3.427381402420593e-16,3.095997160325524e-16,15.0,6.766445309252044e-17,1.808849817941297e-15,-2.6013163837238638e-18,598.5082183333004,-0.0,-7.345146098546662e-16,598.5082183333004,-0.0,1.375178597641383e-15,731.5100446295897,-0.0,-6.129008961354565e-16,731.5100446295896,-0.0,1.6176028642927806e-15
0.88,1.936881913382203e-16,3.1158870627744604e-16,15.0,5.294639172467459e-17,1.8204705800287682e-15,-1.1897203503491733e-18,598.5082183333004,-0.0,-2.248391116134035e-16,598.5082183333004,-0.0,9.516985442846118e-16,731.5100446295896,-0.0,-2.2592920521846965e-16,731.5100446295896,-0.0,1.088164891953969e-15
0.89,3.2335289155280376e-16,3.1485520722974427e-16,15.0,4.16440839434146e-17,1.8395552540348917e-15,-1.9801895492139406e-18,598.5082183333004,-0.0,-5.998317959606273e-16,598.5082183333011,5.551115123125783e-14,1.3259166574694745e-15,731.5100446295897,-0.0,-6.44786801911408e-16,731.5100446295896,-0.0,1.4873200216946216e-15
0.9,5.950101242170307e-16,3.1636752180910137e-16,15.0,-2.733652136684421e-17,1.8483910177965496e-15,-3.095622783555245e-18,598.5082183333012,5.551115123125783e-14,-1.4733260183599575e-15,598.5082183333003,-0.0,1.9300175821601207e-15,731.5100446295897,-0.0,-1.5697840176167566e-15,731.5100446295896,-0.0,2.2837642255166505e-15
0.91,-4.438963002353264e-16,3.154970639192174e-16,15.0,-3.435485975836836e-17,1.8433053296834617e-15,3.86586984094471e-18,598.5082183333011,5.551115123125783e-14,1.4874438983358337e-15,598.5082183333003,-0.0,-1.25039464591787e-15,731.5100446295896,-0.0,1.7002801668269386e-15,731.5100446295896,-0.0,-1.0576066412643684e-15
0.92,-5.10554277748368e-16,3.160252614481321e-16,15.0,-1.6541983847961143e-18,1.8463913467388326e-15,3.632891987842443e-18,598.5082183333004,-0.0,1.7379832637402429e-15,598.5082183333004,-0.0,-1.298836466836415e-15,731.5100446295896,-0.0,1.8269806222005944e-15,731.5100446295896,-0.0,-1.3947539421591907e-15
0.93,4.592118820556252e-16,3.184159809927935e-16,15.0,1.1125635402837693e-17,1.8603592297476618e-15,-3.456006170929884e-18,598.5082183333003,-0.0,-1.213197505711617e-15,598.5082183333011,5.551115123125783e-14,1.5468149720423142e-15,731.5100446295896,-0.0,-1.2597374313204083e-15,731.5100446295896,-0.0,1.6253189328814205e-15
0.9400000000000001,-8.381302969781692e-17,3.1933442768546534e-16,15.0,-2.555614382846141e-17,1.865725294530013e-15,9.369517976793128e-19,598.5082183333011,5.551115123125783e-14,3.924780663061447e-16,598.5082183333003,-0.0,-1.6033017014889323e-16,731.5100446295896,-0.0,4.200329018566018e-16,731.5100446295896,-0.0,-1.0101565175836935e-16
0.9500000000000001,-5.492243605843001e-16,3.179210392071372e-16,15.0,3.4510172952662296e-17,1.8574675108199166e-15,3.278401879516026e-18,598.5082183333003,-0.0,1.5540874541580878e-15,598.5082183333011,5.551115123125783e-14,-1.6202964999245805e-15,731.5100446295896,-0.0,1.927253948865844e-15,731.5100446295896,-0.0,-1.5676323841265576e-15
0.96,3.9821948174178426e-16,3.13559142154407e-16,15.0,4.229763509069682e-17,1.831982937413912e-15,-3.289851656883683e-18,598.5082183333004,-0.0,-1.3367768931198782e-15,598.5082183333004,-0.0,1.112628655175988e-15,731.5100446295896,-0.0,-1.0879488502943272e-15,731.5100446295896,-0.0,1.4211641480191137e-15
0.97,3.741066026704478e-16,3.106918997267411e-16,15.0,1.0996193717715252e-17,1.815230948717864e-15,-2.510444419077369e-18,598.5082183333004,-0.0,-1.1060749282133527e-15,598.5082183333004,-0.0,1.1133205329258453e-15,731.5100446295896,-0.0,-1.1281864291337875e-15,731.5100446295896,-0.0,1.2624976563484093e-15
0.98,2.913065558283445e-16,3.1095163685385646e-16,15.0,-2.3263188479887805e-17,1.8167484741895145e-15,-1.531110907125064e-18,598.5082183333004,-0.0,-7.760812954388506e-16,598.5082183333004,-0.0,8.836962112370362e-16,731.5100446295896,-0.0,-9.399738767016805e-16,731.5100446295896,-0.0,9.315470399670213e-16
0.99,-3.4532251644149894e-17,3.133221648790703e-16,15.0,-5.5364902211249884e-17,1.8305983873670254e-15,9.632886461170217e-19,598.5082183333011,5.551115123125783e-14,2.2552541760144e-16,598.5082183333003,-0.0,-9.661784460413838e-17,731.5100446295896,-0.0,4.27775818637558e-17,731.5100446295896,-0.0,-1.6031775738323946e-16
1.0,1.4310462392774442e-05,6.396341065569785e-10,14.999999835912744,-4.1808077819697005e-08,3.737078691419384e-09,-7.101517452506015e-07,598.5084031601675,5.266827529659679e-07,-7.400299005526234e-05,598.508105899128,-3.8148767478318746e-07,7.451168228126103e-05,731.5103057962612,4.0709008386485834e-07,-6.227061796441413e-06,731.5097449888834,-4.6401216202696105e-07,5.881105095368003e-06
1.01,0.32662807914235303,0.19921869395642142,15.000997522777883,0.0010040482845539449,-0.00010052018314887772,0.003903611046683287,595.1960642844577,-0.012866771655517528,-1.7948166880463516,601.4066620170248,0.008943534539951337,1.8408243857630442,733.8733650759589,-0.009703383361703288,3.8469880105608443,737.0598624399482,0.01121670625436888,3.825555211826363
1.02,0.5663913767736898,0.39726419666487645,15.003981719821619,0.006851740582217622,-0.0007776166459296008,0.013790995803301807,589.7050487498168,-0.08967173097323977,-3.011901259195994,605.5416314419479,0.05916429813729307,3.1819382646686605,733.8271237604083,-0.065605849450312,7.618862021953064,745.5406722689426,0.0771552396964803,7.730548209405338
1.03,0.7761947428957927,0.5944131878969182,15.008943813176707,0.0198782904441823,-0.0025347928946683504,0.027658122961158202,582.1285969490174,-0.26589248322306247,-3.907917485145437,610.6836396333985,0.16591104535340628,4.271145563506718,732.0015144693967,-0.1885339637292538,11.236775093816352,756.3595443842262,0.22564493102777972,11.797306035322489
1.04,0.9855620884391856,0.7907124351544519,15.015876170352389,0.04078394559057137,-0.0057940079764051255,0.044185022283478564,572.6123546822012,-0.557877378452476,-4.627236420205457,616.5950120544268,0.32804641152606173,5.2539713418192715,728.8618250100272,-0.38311497616627666,14.67968266235515,769.0638238534211,0.4666486591192731,16.053607798458696
1.05,1.2083120247779195,0.9861131824370721,15.024770879096126,0.06937635170872193,-0.010893662538460993,0.06248964113612765,561.3322997741099,-0.9708595382306173,-5.247853440184605,623.0470745417194,0.5361586995961676,6.214464522808992,724.7608738239146,-0.6455162116406066,17.956274338214445,783.2870404782642,0.7999910777033992,20.498660810066944
1.06,1.4494987780997044,1.1805394075123175,15.03561921871487,0.10499645655492831,-0.01808763892854317,0.08197235200968618,548.48147219929,-1.5035506041207736,-5.809318014931485,629.8293078146874,0.7772196600552284,7.200027419453448,719.971687583635,-0.9678759711519436,21.088765611197744,798.7161406539349,1.2198016291801728,25.11746275901118
1.07,1.7094621799532361,1.373920850003184,15.04841159244521,0.1467604707633033,-0.027546108524345955,0.10221794113702172,534.2612974177864,-2.1507654052582703,-6.329429950798027,636.75398022352,1.037215674965064,8.236283663900677,714.7079076635938,-1.3407991084711801,24.103933117752508,815.0728394522089,1.7170602950083436,29.888655265409078
1.08,1.9861704738446744,1.5662075229100858,15.063137679879727,0.1936973483958058,-0.039358390393602734,0.12293327755478756,518.8753535439548,-2.904944997792258,-6.814153080014734,643.6583385211756,1.302611052249103,9.335997024690975,709.1368536486277,-1.7547418247682023,27.028401005252086,832.1038646993749,2.281077243638796,34.788784871012545
1.09,2.276553322642552,1.757374700005054,15.079786686774366,0.2448270063673361,-0.05353784545410388,0.14390742222050706,502.52449424612814,-3.7570685057060627,-7.26342441608141,650.4054361628242,1.5611352853774907,10.504416740494186,703.3882023863365,-2.200756491870959,29.886383170750932,849.5766905689601,2.900377756719419,39.794575323504546
1.1,2.5772443735385564,1.947423080392806,15.098347623342931,0.29920542544104645,-0.07002859620722492,0.1649858339526877,485.4028065540898,-4.697234104880876,-7.674502062959141,656.8841349980212,1.802181820240778,11.742488427962593,697.5601222763412,-2.670870932517666,32.698797626384845,867.2784837058518,3.563262709945947,44.88411679157199
1.11,2.8849803848883857,2.136376562889143,15.118809570681822,0.35595122722648126,-0.08871375246982106,0.18605347711790804,467.69419838025215,-5.7150627238698455,-8.043843153925392,663.0085192995199,2.016981772312021,13.048786730395117,691.7239854891924,-3.1582579019996393,35.483118258997344,885.0167525428092,4.258192941276828,50.03746751916326
1.12,3.1968019947555155,2.3242788766693483,15.141161912483925,0.41426166639786954,-0.10942476730301108,0.20702358086654898,449.5695691874928,-6.800005244053109,-8.368108651109543,668.7168199328612,2.1986442538589612,14.420680639698373,685.928331865954,-3.6572821956180612,38.25359664398704,902.6207008090241,4.974075486052721,55.236933946084605
1.1300000000000001,3.510141034845025,2.5111897125973908,15.165394520618028,0.4734222080281249,-0.13195152742718325,0.22783000561872271,431.18458283758906,-7.941592979516631,-8.644653389153497,673.9698916257776,2.3421140914106076,15.85503710845206,680.2024713018238,-4.163474013700485,41.02164467587223,919.942635715225,5.700489911474649,60.46716888737255
1.1400000000000001,3.8228437348747826,2.6971807094119375,15.191497890545678,0.5328117794753722,-0.1560527877699643,0.2484219287365627,412.67807464471286,-9.12964881748679,-8.87171569495484,678.7492760440413,2.4440749206322554,17.348645047747283,674.5599249398751,-4.673455594352449,43.79626214637926,936.8590273287668,6.42787125649641,65.71515946685874
1.1500000000000001,4.133173263471574,2.882331053687866,15.219463026686588,0.5919047097590087,-0.1814665826831828,0.26875922716242845,394.17136617918214,-10.354465059125516,-9.048488975730965,683.0547877853495,2.5028136052048233,18.898563171612818,669.0020842121208,-5.184836642012969,46.584434762524296,953.2706464503633,7.147655138058928,70.97015048354703
1.16,4.15805095712689,2.882532760505034,15.248359829296058,0.6494119644113516,-0.2078130853162059,0.28557200260463217,377.9899603347062,-11.595359161616193,-8.319363655836375,683.6400086928803,2.5110115985295667,18.07501906759293,660.9721550866158,-5.6877775994619295,45.570755236398725,963.7760868885384,7.842822925575865,72.36786859026684
1.17,4.250632304238553,2.880065801816824,15.277239791675255,0.7016865300290249,-0.23431045852773932,0.2970404918283915,364.1482995340857,-12.797234066243668,-7.918256450937276,682.9211469152355,2.4445504062322043,17.782004412881673,655.0527312955403,-6.149940686403732,44.600943163721695,971.1101632963457,8.469730134134378,73.67415148512659
1.18,4.366878159501718,2.8762687472474915,15.306081189138153,0.7464450307807632,-0.2601562705896257,0.30481300899006897,352.56141093293314,-13.918905303453688,-7.705857053909789,681.1305705705478,2.2950224381242945,17.77951103875145,650.6745886384591,-6.552852931111519,43.74166548494818,975.7648142693026,8.999281841422457,74.80911122392038
1.19,4.48317897975902,2.8719863903715015,15.334874612774565,0.782949012260556,-0.28465451756050486,0.31004140068768493,343.08588523595733,-14.937635604200583,-7.600994983170855,678.5466184659098,2.069131669790003,17.920462394559916,647.385117328496,-6.892925511287062,43.016028733106864,978.1811665680302,9.419687996418237,75.7479231199912
1.2,4.588013538007064,2.8677428598052632,15.363618304595871,0.8113805288511874,-0.30722443380506825,0.31353708402307395,335.5422652333814,-15.84247967145741,-7.557103810519272,675.4620382123481,1.7817842028589048,18.1180535163705,644.8240568778549,-7.174837111021404,42.42457253969735,978.765036587204,9.730069054139145,76.4956099116058
1.21,4.676822149252134,2.8638542054484812,15.392315128471978,0.8324507626174308,-0.32740491831238683,0.3158759875162273,329.7314891953478,-16.63012070955444,-7.547674608927023,672.1609856246189,1.4517495883692444,18.323732415676037,642.707722299938,-7.40742430001462,41.95669074391504,977.8932190371108,9.936410475544887,77.0721989730424
1.22,4.748932304063359,2.860499683054566,15.420970561356416,0.8471504581772553,-0.3448549896007352,0.31746843825265725,325.44703198953835,-17.30220765743351,-7.557659773604516,668.9028851753326,1.098902443939287,18.512830866313273,640.8184610224403,-7.601117150812852,41.596795212312536,975.9144985350893,10.048927232136574,77.50414240257724
1.23,4.8057335918132695,2.857767028138292,15.4495913559332,0.8565881276744315,-0.35935073184826505,0.3186060864051424,322.4837933356592,-17.863606505014285,-7.578523462966787,665.9118010775658,0.742456824700255,18.67527584867315,638.9967669578506,-7.766344915365375,41.32763776685454,973.1482290541435,10.080287258034282,77.81943528135122
1.24,4.849598624580642,2.855681862216489,15.478184656689368,0.86188417726171,-0.3707792107281051,0.3194940325995429,320.64445064380203,-18.32122062281327,-7.605438746803678,663.3702429146093,0.3998464527731893,18.809591618694583,637.1344571787992,-7.912567863791686,41.13210590488428,969.8822199540732,10.044374025036106,78.04490199537739
1.25,4.883247323943897,2.854227491485317,15.506757426224674,0.8641019788377574,-0.3791298506588357,0.3202734274598408,319.74380902908104,-18.683175743987423,-7.6357137658148915,661.4165144885303,0.08604285785407395,18.919026897218682,635.1680746036089,-8.047726033918234,40.994193657320295,966.3708767019518,9.955402012746084,78.20475639548326
1.26,4.909377031947349,2.8533587964514093,15.53531608609146,0.8642044182275929,-0.3844837725968725,0.32103784630109683,319.61156458873626,-18.958247848389952,-7.667906550517929,660.1448530155429,-0.18681601115755342,19.00907019195884,633.07217743166,-8.177974724161762,40.89951204217489,962.8340436562227,9.827276221755055,78.31992034457677
1.27,4.930454306510737,2.853012356153089,15.56386630684648,0.8630286565302667,-0.38700159489055885,0.32184548790642636,320.09382181477395,-19.155458935801782,-7.701318069258877,659.6077028126181,-0.40956949658499386,19.08588468166249,630.8524722750818,-8.307621346689665,40.83552891153629,959.4566988143273,9.673129748069332,78.40779963455306
1.28,4.948606719361105,2.853114039327933,15.592412902097648,0.8612742247621172,-0.38691019458679277,0.32272846695408025,321.0536505278358,-19.28379247352302,-7.735689905633043,659.819546567753,-0.576008061305866,19.15535942413008,628.5389074509851,-8.439204140682055,40.79164001429369,956.3894841582564,9.504997234301705,78.48233731133867
1.29,4.965577466844216,2.853584775913551,15.620959794883305,0.859500961101398,-0.38448891058472073,0.3236999941644783,322.3709223728297,-19.351996053046605,-7.771012846569026,660.7617897161957,-0.6827205941906667,19.22257610721795,626.1789147834415,-8.573668813852631,40.75912991159461,953.749970706239,9.333595401784745,78.55423349396693
1.3,4.982719722568162,2.8543449378177588,15.649510033885623,0.8581341383755029,-0.38005564299669126,0.32475995610632935,323.94162824354254,-19.3684482777457,-7.807397926492636,662.3882631031167,-0.7288498185511472,19.291554905800147,623.8310053099847,-8.710609028064253,40.73106051884088,951.6245221396389,9.168189494020318,78.63126083566641
1.31,5.001015946949163,2.855317607483051,15.67806584324952,0.8574746753948972,-0.3739532654445872,0.3258992424322749,325.67684385670805,-19.341072932350933,-7.844986115564581,664.6309777998392,-0.7157845971049182,19.365184780372868,621.5589082359687,-8.848543449371748,40.7021143158464,950.0706144444382,9.016529035456022,78.71862904264543
1.32,5.021112372174915,2.856430935926494,15.706628694131384,0.8577127176247857,-0.3665367200970509,0.32710307350759144,327.5014800091355,-19.277287578465863,-7.883885407243763,667.4058332492901,-0.6468135077997705,19.445271677573817,619.4264076596256,-8.985207270661654,40.668412715920965,949.1194784490286,8.884839286916025,78.81936734274832
1.33,5.0433620176192795,2.8576197528237297,15.73519938918942,0.8589431831143901,-0.3581611109083176,0.3283535251861122,329.35292626811787,-19.18397670401889,-7.924129803634866,670.6180445220348,-0.5267603069008531,19.532657650126247,617.4929876227585,-9.117840429404001,40.62732510631608,948.7789492746824,8.77785693109695,78.9347041419198
1.34,5.067871638923783,2.858826569246412,15.763778153480175,0.8611821347242209,-0.3491710509645401,0.32963141119480377,331.17967175167263,-19.067481867344306,-7.965656828946301,674.1671148047757,-0.36161845187848707,19.62737782921268,615.8103494989319,-9.243458547339156,40.577279758297664,949.0364263979621,8.698900238923946,79.06443022639027
1.35,5.094549403638865,2.8600020977232545,15.792364726921056,0.8643830758137965,-0.3398914574376246,0.3309176566541147,332.93996427680327,-18.933603145855514,-8.008300645230328,677.9512339258949,-0.1581985992845092,19.72883221952566,614.4198210962152,-9.359096069784801,40.51758401146307,949.8618671199094,8.64996543406904,79.20723679783013
1.36,5.1231510598752745,2.8611053990722186,15.820958454789556,0.8684524796092988,-0.3306199247256748,0.33219427343175606,334.6005496503753,-18.78760773892507,-8.05179769412839,681.8710317276771,0.0762000934135254,19.835956584799646,613.3506370739084,-9.462014227964888,40.4482579783177,951.210752990764,8.631842264278266,79.36102299745511
1.37,5.153323063980077,2.8621037491593935,15.849558373759502,0.8732640534127105,-0.32162074510018385,0.3334450272998177,336.13551643464353,-18.634242840249225,-8.095801605179846,685.8326558391967,0.3340869133962032,19.947382031016332,612.619037114358,-9.54986928474294,40.36988361529059,953.0269823671883,8.644242927937363,79.5231698299459
1.3800000000000001,5.184641646514745,2.8629723015718933,15.87816329178423,0.8786714066619415,-0.31312058850238206,0.3346558679957342,337.52525825802906,-18.47775091504228,-8.139904127127002,689.7501767205104,0.608039461639065,20.061576827436387,612.2281025786668,-9.620839029302775,40.28346939949563,955.2456526681249,8.685939495269078,79.6907788925033
1.3900000000000001,5.216647179731157,2.8636936052653255,15.906771860763987,0.8845189353774561,-0.30530580063302504,0.3358151767586637,338.7555556520132,-18.32188631022208,-8.183659096071482,693.5473489263144,0.8909234460937054,20.1769669188977,612.168234212413,-9.673707635246831,40.19032996542608,957.7957033696661,8.75490580448468,79.86087533420711
1.4000000000000001,5.248873502788666,2.864257020888931,15.935382641407747,0.8906508541115169,-0.29832123240689534,0.3369138722792457,339.8167723098252,-18.169932708732627,-8.2266069022592,697.1587768445922,1.1760713919555243,20.292033740370346,612.418162424897,-9.707910773185557,40.0919797408567,960.6023959124287,8.84846050706628,80.03057523492276
1.41,5.280872089576804,2.864658066792565,15.963994160043129,0.8969184004806048,-0.29227047508075993,0.3379454055477971,340.70315626175983,-18.024721333051108,-8.26829747221027,700.5305463773103,1.4574209092501067,20.405389522666614,612.9463769526152,-9.723544269727046,39.990039684871356,963.5896101645664,8.963408493296576,80.1972182498721
1.42,5.312231126169015,2.864897716298369,15.992604957367332,0.9031853080323436,-0.28721734444804253,0.3389056667194433,341.4122343037546,-17.888650033056898,-8.308310363809294,703.6203919552314,1.729614462999185,20.515831395192798,613.7128633358735,-9.721340639969434,39.886156481324775,966.6819395624861,9.096178366451714,80.35846699610184
1.43,5.342589712250438,2.8649816617659387,16.02121362929238,0.9093316927514578,-0.2831884346370778,0.3397928224031441,341.94428758449226,-17.763703489150405,-8.34627111638683,706.3974717953057,1.9880635719130568,20.62237633333336,614.6710385066542,-9.702618512755667,39.781933817329815,969.8065691327558,9.242953974386847,80.51237528269935
1.44,5.371647520123962,2.864919557918089,16.049818860144036,0.9152565297386983,-0.28017654717293144,0.340607099079222,342.3018970167515,-17.651474754564912,-8.381863466194892,708.8418243039885,2.22898104678132,20.724279433657674,615.7697858467885,-9.669210349707358,39.678875567090984,972.8949227500619,9.399798276073735,80.65742788784071
1.45,5.3991703393615404,2.864724256122729,16.078419448547056,0.9208789126402457,-0.2781447937324156,0.3413505269405232,342.4895486285265,-17.553188283324474,-8.414837411076853,710.943575846389,2.4493853055455594,20.821038191429032,616.95550036121,-9.623373970146066,39.578340750132995,975.8840685274308,9.562768043668013,80.79255511936887
1.46,5.424992005819111,2.864411041983141,16.107014326386427,0.9261382924757119,-0.277031170892732,0.3420266576745733,342.5132906810852,-17.46972447252082,-8.445013383305971,712.7019654976273,2.647081008005703,20.912385459513814,618.1740662927741,-9.56769327801088,39.4815100329689,978.7178743356641,9.728018101269665,80.91712581287683
1.47,5.44901326048609,2.8639968898101538,16.135602571287155,0.9309938876638727,-0.2767534114304104,0.3426402690378521,342.3804360294576,-17.401645616000827,-8.472282973621965,714.1242465146585,2.8206202791251633,20.99827363883817,619.3727019096011,-9.504973288306573,39.389363325005164,981.3479091405766,9.891893998855094,81.03092268220475
1.48,5.47119810637756,2.8634997485966456,16.16418341310911,0.9354234459913451,-0.2772139285244657,0.34319706817971357,342.0993045739612,-17.349223042460505,-8.496606755337655,715.2245176343091,2.9692486736792034,21.07885243473555,620.5016188028342,-9.438134112399299,39.302667734872,983.7340900458289,10.051012227571432,81.13410401943861
1.49,5.491568231028992,2.8629378744543175,16.192756235010165,0.939421524273622,-0.2783046856230882,0.34370340439468633,341.67900164623836,-17.31246510958917,-8.518009800330168,716.0225303140076,3.0928398104766996,21.154442249432833,621.5154554559634,-9.370108023107449,39.22197486018589,985.8450794690175,10.20232730838433,81.22715564344368
1.5,5.510196039921667,2.8623292238118156,16.221320569687755,0.9429974342861528,-0.27991184476335035,0.3441660003117752,341.1292287785203,-17.29114565642731,-8.53657547418851,716.5425109740006,3.1918223008159385,21.225504998029052,622.3744568059736,-9.303743116970796,39.14762613322057,987.6584415413524,10.343185331813554,81.31083673570669
1.51,5.527196805402399,2.8616909199506932,16.249876091460997,0.9461729854787471,-0.2819200687897567,0.34459170856814186,340.4601235764759,-17.2848324819343,-8.552438059889285,716.8120303746425,3.267102237636599,21.292613854241203,623.0453828078339,-9.241716452195625,39.0797647736611,989.1605713715039,10.471363789025467,81.38612281263858
1.52,5.5427203804389,2.8610388028026508,16.278422604897646,0.9489801368901406,-0.28421637721799314,0.3449872989194695,339.6821254497874,-17.292915417653486,-8.565774700199684,716.8609456067567,3.3199841189432977,21.356423165766376,623.5021394823465,-9.186458891497995,39.018352826108874,990.3464150268128,10.585097806870337,81.45414860582338
1.53,5.556942861559479,2.860387068612922,16.306960030716997,0.9514586530773964,-0.2866934804979195,0.3453592786807328,338.8058638606463,-17.314633591571816,-8.576797078322583,716.7204338829065,3.3520926676320895,21.41763953405796,623.7261354476898,-9.140093239766223,38.96319178545852,991.219001767197,10.683093172123236,81.5161530993637
1.54,5.570058515375793,2.8597480024241904,16.33548838970777,0.9536538420570724,-0.2892525422769005,0.34571374751904177,337.842065631956,-17.349101531936697,-8.585743181542393,716.4221314655102,3.365297593003025,21.476994832084966,623.7063753982827,-9.104386653619734,38.9139454248657,991.7888130717535,10.764526792751084,81.57342844649948
1.55,5.582272212666786,2.8591318026936654,16.364007785387386,0.955614437368386,-0.291805343172705,0.34605628604388317,336.8014777966094,-17.395333826155323,-8.592869419136274,715.9973857157097,3.36164292790192,21.53522173612991,623.4393093047762,-9.080717726781485,38.87016361681815,992.0730152310605,10.829035486293826,81.62727398898119
1.56,5.59379254691324,2.85854649402149,16.39251838609571,0.9573906714922019,-0.29427584186136596,0.34639187641936264,335.69480252034043,-17.45226812339834,-8.598443297111226,715.4766234509799,3.343282178876694,21.593032172570982,622.9284621836481,-9.070058132308157,38.831306151821956,992.0945836969497,10.876694198445447,81.67895615609828
1.57,5.604825753327424,2.857997921164164,16.42102040716464,0.9590325740587131,-0.2966011494132272,0.34672485237008543,334.5326408172739,-17.51878634350068,-8.602736790515005,714.8888346116985,3.312420153031237,21.651098926356166,622.1838740616313,-9.07296823849546,38.79676578579818,991.8813479907751,10.907984931647407,81.72967464022459
1.58,5.615570491755629,2.8574898153637984,16.449514093737545,0.9605885156319103,-0.29873195033697736,0.3470588754396271,333.3254420964845,-17.59373402396247,-8.606020500170018,714.2611667012985,3.2712619813913824,21.710040523257327,621.2213832026983,-9.089605716136207,38.765889964489645,991.464985813106,10.923757799203237,81.78053493810263
1.59,5.62621351334419,2.857023922583403,16.47799970473408,0.9621040064750168,-0.30063241840979277,0.3473969341329061,332.0834570064676,-17.675937797628606,-8.608558634974449,713.6186226134909,3.221969550533388,21.77040938222422,620.0617877706086,-9.11974582532965,38.738000864638266,990.8799941429565,10.925185712703234,81.83252711077299
1.6,5.6369261967329445,2.8566001824633656,16.506477498370003,0.963620749698986,-0.3022796868988579,0.3477413625609544,330.81669154657163,-17.764221043845062,-8.610604823207645,712.9838523076265,3.16662528670808,21.832683136874532,618.7299219020824,-9.162811812997218,38.712413547393176,990.1626636509731,10.913714259165985,81.88651044397002
1.61,5.647861914302415,2.8562169466119496,16.53494771955261,0.9651759396957252,-0.30366294115103754,0.3480938753351062,329.5348609492618,-17.85741779475525,-8.612398726104042,712.3770273329352,3.1072030131482076,21.897258946196178,617.2536817378377,-9.217913668532752,38.68845213542623,989.3500807754633,10.891008330884855,81.94320357574989
1.62,5.659154171706054,2.855871225089191,16.56341058938308,0.9668017898560666,-0.30478220678820644,0.34845561566024186,328.2473423653564,-17.954385006148154,-8.61416340373261,711.8157864034812,3.045545423539353,21.964450553672766,615.6630354115063,-9.28389337359281,38.66546400282621,988.4791794208628,10.858897038556414,82.00317958843262
1.6300000000000001,5.67091545332417,2.855558950508014,16.5918662969106,0.9685252683241234,-0.3056469090380497,0.34882721379899095,326.9631258732413,-18.05401331985529,-8.616103366308568,711.3152400344511,2.9833475830181033,22.03448781076675,613.9890484737591,-9.359374739977389,38.64283201115664,987.5858615298804,10.819318370941966,82.06686552682848
1.6400000000000001,5.683236700997533,2.8552752499404392,16.620314993200598,0.9703680169410351,-0.3062742782797075,0.349208853282821,325.6907637593316,-18.15523645346162,-8.618403232848214,710.8880225913999,2.9221457811010043,22.107518354031715,612.2629529008291,-9.442815952114824,38.6199848436776,986.704202840601,10.774264966751378,82.13454579415844
1.6500000000000001,5.696187352046766,2.8550147156879246,16.648756787702695,0.9723464265127194,-0.3066876739839489,0.34960034241129695,324.4383183682326,-18.257039354525663,-8.621226912956661,710.5443808853192,2.8633110156682795,22.18361111359404,610.515283891336,-9.532563011417693,38.59640549129918,985.8657570478281,10.725732241625485,82.20636888243885
1.6600000000000001,5.709815863867126,2.854771666893204,16.677191746833337,0.974471840962453,-0.3069148942234549,0.3500011887034157,323.2133090948053,-18.358465252030555,-8.624717225926565,710.2922895639163,2.808046379136786,22.26276133234471,608.7751042898691,-9.626902410881598,38.571637936854515,985.0989684151083,10.675669970033997,82.28235690844902
1.67,5.724150655193195,2.854540394907732,16.705619894624228,0.976750863605216,-0.30698653119999936,0.35041067405413895,322.02265929277326,-18.458621728672796,-8.628995873643783,710.1375848944549,2.7573876417744114,22.34489678751366,607.0693318863433,-9.724111540844016,38.54529207619036,984.4286996943499,10.625938263462476,82.36241744463453
1.68,5.739201397573045,2.8543153862817037,16.734041215231603,0.9791857404665102,-0.30693442518031006,0.35082792842392513,320.87264401787155,-18.556685924857707,-8.634163689460756,710.0841099982682,2.7122063764788984,22.429884926703153,605.4221802138624,-9.822505531152437,38.51704691106001,983.8758790626109,10.578268717068406,82.44635715310451
1.69,5.754960594047523,2.85409151822637,16.762455657053,0.9817747979955871,-0.30679026025333905,0.351251999973075,319.76883962238264,-18.65190896976904,-8.64030109358938,710.1338660812658,2.6732150375951003,22.517540656198143,603.8547189736801,-9.920479461216436,38.486652053506276,983.4572667349703,10.534231321357279,82.5338967485995
1.7,5.771405385133846,2.8538642224313624,16.790863138159676,0.9845129154152257,-0.30658433581073613,0.35168191967051043,318.71607628752025,-18.743619717244584,-8.647468696051103,710.2871656210897,2.640973486825182,22.60763454783781,602.3845560004104,-10.016545107683461,38.45392759580338,983.1853390112296,10.495207557444653,82.62468683271535
1.71,5.788499524832516,2.85362961421889,16.81926355272361,0.9873920150425607,-0.3063445379797181,0.35211675857917135,317.71839463232976,-18.831227845040154,-8.655708000113396,710.542784748907,2.615896545631713,22.699901259595133,601.025638861202,-10.109361640514846,38.41876242360961,983.0682848126361,10.46236991788474,82.71832415768155
1.72,5.806195471587057,2.8533845851865043,16.84765677810088,0.9904015569724873,-0.3060955257415445,0.35255567626181417,316.77900758063646,-18.914226355949417,-8.665042171739497,710.8981131507502,2.5982622400689825,22.79404799238516,599.7881708471774,-10.197759913549264,38.38111108065048,983.1101073123747,10.436667923447995,82.81436789533026
1.73,5.824436541142247,2.8531268587184235,16.876042682227574,0.9935290273451882,-0.3058581374478961,0.3529979590670359,315.900268703018,-18.992193498835185,-8.675476853151997,711.3493006783654,2.588220485880366,22.889762830150687,598.6786333201615,-10.280760217911578,38.34098932779419,983.3108211064335,10.418820542938024,82.91235550768197
1.74,5.843159070369839,2.852855009002427,16.904421130991548,0.9967604118838495,-0.30564901515445314,0.3534430474414471,315.0836482755256,-19.064794107655715,-8.68700101044871,711.8914004912425,2.5858020352162447,22.986722831190413,597.699904149927,-10.357583569813645,38.298468573993134,983.6667335526599,10.40931477130841,83.01181784196655
1.75,5.862294543678267,2.8525684454297373,16.93279199526295,1.000080648406858,-0.3054804368294597,0.35389055185621454,314.32971830241956,-19.131780337932724,-8.69958781563388,712.5185089560409,2.590927568811574,23.084601755799344,596.8514603168486,-10.427656783831507,38.25366938744078,984.1707974620005,10.408409983861999,83.11229310668291
1.76,5.881771636874867,2.8522673654231463,16.961155157298023,1.0034740535662878,-0.30536034021760655,0.3543402574128279,313.63814772485216,-19.192991763782917,-8.713195571848694,713.2239027282702,2.603416867408559,23.183077328914194,596.1296516400655,-10.49061173548499,38.20675431906244,984.8130212857877,10.416147563821088,83.21333942758972
1.77,5.901518137498636,2.8519526797737047,16.98951051627266,1.0069247201673077,-0.3052925170479244,0.35479211767640956,313.00770896801316,-19.248354785663057,-8.727768696534238,714.0001734660007,2.622998033139201,23.28183794733169,595.5280319819766,-10.546279341175357,38.157920284596216,985.5809223244232,10.432365199308457,83.31454573352798
1.78,5.921462705768245,2.8516259154113883,17.017857992752745,1.0104168821477155,-0.30527695242119957,0.35524623874503236,312.4362968533512,-19.297881290375074,-8.743238780434433,714.8393605157515,2.649316755929665,23.380588750215434,595.0377341238726,-10.59467887880844,38.107390754552085,986.4600082913921,10.456715165606257,83.41554078091323
1.79,5.941536446349763,2.8512891011429042,17.046197531965003,1.013935244737161,-0.30531028160445944,0.3557028549707195,311.9209607108076,-19.34166650151986,-8.75952574064527,715.7330817085596,2.681945632912741,23.479056980171592,594.6478747449504,-10.63600333940734,38.055407992933326,987.4342727938872,10.48868585076268,83.51600019084725
1.8,5.961662512885015,2.850944555379288,17.07453399239296,1.0174653138756509,-0.30538649467266427,0.3561619117538153,311.4567799630421,-19.379889515318883,-8.776511803225619,716.6716987139739,2.7203907858135423,23.57696933389336,594.3463793241616,-10.670600762203442,38.00226641106299,988.4873371926601,10.527627281739893,83.6156013788938
1.81,5.974003672272342,2.650623676818652,17.10185928485683,1.020974274064582,-0.30540065285313817,0.3567045233920297,311.28821770467016,-19.410677726725112,-8.799746907941765,717.8564329825866,2.765812327074846,23.67943224198401,590.2868046590622,-10.699450810596367,34.19794364306557,985.5867827488057,10.571876383864865,79.84392622245258
1.82,5.990153501644349,2.4504199847348116,17.127175790272222,1.0243825316639326,-0.3048726012125209,0.3574186392890303,311.69597251016984,-19.42425581193413,-8.83473510373307,719.5526213206617,2.8262579146022815,23.789884631436852,586.067937638346,-10.725797647972046,30.38240716866633,982.4565507592491,10.616531844828248,76.08705730247055
1.83,6.009404313103877,2.250416526452797,17.15048631359262,1.0276652144569318,-0.3032896040492806,0.3583191475219399,312.71464656939804,-19.410735910390496,-8.881247807362845,721.8377230505878,2.911076290036785,23.90625611245412,581.6242018695162,-10.753629690003653,26.560013441096313,979.0859506486916,10.65708813489602,72.34233721863569
1.84,6.031319807137224,2.050678757170839,17.171792908595386,1.0308553820747417,-0.3002164216488642,0.35942244837181336,314.3577890205876,-19.362290991596588,-8.938893775621612,724.771724057875,3.0288133767819025,24.027097623841016,576.9048354580138,-10.786874895164278,22.733575058442458,975.4788079026862,10.690306845933472,68.60891960326344
1.85,6.055658058873946,1.8512537549769295,17.19109818978738,1.034022876191112,-0.29530099777789226,0.360743515001862,316.62062520048755,-19.27301726272218,-9.007125415626952,728.3950219353776,3.1868904770327444,24.151417029358946,571.8752677564459,-10.8291187592085,18.904725428649343,971.6506460869183,10.714058052393172,64.88720695718845
1.86,6.082308437180131,1.652170624797295,17.208405126606838,1.037256930703313,-0.28827709196774864,0.3622939084183337,319.48292478268496,-19.138790210949498,-9.08525695527483,732.7277245335905,3.3913705078557066,24.27853747555254,566.5172934345524,-10.88339689402712,15.074226665526744,967.6259316268009,10.727165428092157,61.178388283579565
1.87,6.111239608424431,1.4534418511650637,17.22371685449974,1.0406524015135419,-0.2789640645339666,0.3640804991808985,322.91166327665064,-18.957115075891817,-9.17248763075371,737.7699299391562,3.6468084370286924,24.407980193533156,560.8283522753702,-10.952057421886597,11.242232451354958,963.4355735702392,10.729256968057598,57.48405892184472
1.8800000000000001,6.142458454118269,1.2550653461629426,17.23703650992548,1.0442993595823828,-0.26726410611148077,0.3661047855980999,326.8634867802366,-18.72697275668589,-9.2679287046158,743.5028313957934,3.956179349275668,24.539375159125516,554.8201005855396,-11.036686410969331,7.408506019053878,959.1146751022433,10.720622751891728,53.80591833806497
1.8900000000000001,6.1759790602522076,1.057026931304759,17.24836709379348,1.048275713117716,-0.2531572512448647,0.36836270513902225,331.28698920465195,-18.448662155812812,-9.370631948588974,749.8904841862073,4.320875883878916,24.67239849850628,548.5164540059028,-11.138088320166439,3.5725950354100355,954.7005341486075,10.702080819946058,50.14553971487304
1.9000000000000001,6.211800564484265,0.859303006188461,17.25771136534792,1.052642477625846,-0.23669454821574593,0.370844839114877,336.12481052622,-18.12364008114503,-9.47961710454088,756.8820709949373,4.740765639602684,24.80673291421124,541.9512728106808,-11.256312680281766,-0.26603340101971185,950.230889087671,10.6748519906395,46.50420395316668
1.9100000000000001,6.249892486604849,0.6618631889918989,17.265071766289388,1.0574412878894144,-0.2179897753397683,0.3735369142216417,341.3155639589793,-17.754359977544322,-9.59389633402443,764.4145072101038,5.214298456027999,24.94204623417099,535.1658490903751,-11.390717912756532,-4.107893275074934,945.742403439439,10.64044425822097,42.88278997071472
1.92,6.290186154906884,0.4646727588259532,17.270450373094015,1.0626937390000646,-0.1972100983498305,0.3764205104497039,346.79559912652417,-17.34411089327009,-9.712494443912227,772.4152374229118,5.738653194918064,25.077983041944435,528.206340322369,-11.540063206243733,-7.953410526119152,941.269381291386,10.600547245691871,39.28171286483764
1.93,6.332570927316826,0.26769478139675557,17.273848874149373,1.068402151618444,-0.17456605545597134,0.379473893888875,352.5006071697663,-16.896858187118504,-9.834464486134049,780.8050883518425,6.309913718826998,25.214164862432852,521.1212758477852,-11.702619685649285,-11.802878769041813,936.8427037396079,10.556937040461678,35.700901540835964
1.94,6.37689405182023,0.07089185136879003,17.275268567501143,1.0745513778268352,-0.15030123774416007,0.38267290474484245,358.3670721800829,-16.41708754806903,-9.958899010658266,789.5010606959858,6.923264158495035,25.35019523992818,513.9592421511435,-11.876292676109346,-15.656434446727982,932.4889760351809,10.511391613860276,32.13980774594408
1.95,6.422947440504442,-0.12577258174583114,17.27471645667975,1.0811112762043191,-0.12468200696606024,0.38599123114029665,364.332102818361,-15.909653777484323,-10.084904280140911,798.4178470891601,7.5731939489112605,25.485634192211847,506.76726739207635,-12.058747428833506,-19.513991329246892,928.2307295740779,10.465616716892889,28.597363620947373
1.96,6.481206602394352,-0.12234830664416989,17.273181223882975,1.088065765632497,-0.09808831811935745,0.38930149162543837,370.0853405692836,-15.381904944502478,-10.206302695220364,807.274708150686,8.252004661872203,25.615342956993654,503.3872423550581,-12.24706436396289,-19.650669113867412,928.1222409177353,10.422195870723016,28.955568476015497
1.97,6.537059163146339,-0.11892700628551567,17.27166799752043,1.0954576269790404,-0.07127041265029298,0.3924687039636654,375.27626523454495,-14.849270487202581,-10.317225066397432,815.7298857810015,8.945194926042177,25.73609284112809,500.25979729693347,-12.4363657832684,-19.78288347741009,928.4346181581154,10.38689696004802,29.310990762473438
1.98,6.590951926685256,-0.11559635955989925,17.270176812418832,1.1032721682034252,-0.04501149176551164,0.3954567751801407,379.8127406436469,-14.327431546318381,-10.417522458909437,823.6261982372571,9.636763972800333,25.849905589413897,497.46923233433205,-12.621159780644097,-19.91447595798697,929.1713335738968,10.364905309122818,29.663842899897666
1.99,6.643028978096688,-0.11243043548757886,17.268706432323846,1.1114285724170554,-0.02000451891739883,0.3982310292791474,383.6306727077834,-13.829829056672239,-10.507065772200235,830.8300173101253,10.311515709348685,25.958054097224043,495.0789596212876,-12.796183732467824,-20.047721895349742,930.3154595076203,10.359800022695097,30.01247987424964
2.0,6.693195267957805,-0.1094920078432294,17.26725501943055,1.1198039929485728,0.0031590474332618655,0.40076042840846454,386.69139735923056,-13.367707402452245,-10.585700723811478,837.2340273027985,10.955538276803178,26.06118719787259,493.1303484831959,-12.95674200932967,-20.183583008350947,931.8329989791636,10.373718131996945,30.3539695917628
2.0100000000000002,6.741182076287393,-0.10683414308437972,17.265820268721708,1.1282529639880226,0.023996876732504446,0.40301903915854964,388.9793783837696,-12.95016271977384,-10.653254409134473,842.7586309458818,11.556577187518347,26.159473862696778,491.642945276178,-13.098951846193142,-20.321949963424608,933.6758854194694,10.407512962842258,30.684594551269694
2.02,6.786609151992507,-0.10450102931616279,17.264399518241085,1.1366224226916646,0.04213942452235662,0.404986939394822,390.49994539712,-12.584207108562396,-10.709570764111392,847.352057874223,12.104297222143623,26.252744633093478,490.6158345584465,-13.219899835007043,-20.461871305064122,935.7848493145578,10.460910441384364,31.000278677331224
2.0300000000000002,6.829040532807337,-0.10252810699434817,17.262989843648946,1.1447627709918238,0.05732990140181896,0.4066507283568191,391.27700854664516,-12.274850152082074,-10.754558650223863,850.9894189282321,12.590441005899123,26.340617454745562,490.0298346137139,-13.317717700395582,-20.601767455178077,938.0922225048035,10.532663614402749,31.296939617024147
2.04,6.86803243738102,-0.10094168278757408,17.261588144496073,1.1525355703914903,0.06942091098085595,0.4080037415935137,391.3507065351529,-12.025199616493786,-10.788240401886187,853.6709434023277,13.00889529244509,26.42260205842974,489.850250786437,-13.391588659835474,-20.739629462278,940.5247151535019,10.620706456901829,31.570769957745746
2.05,6.903172564723362,-0.09975827291297337,17.26019122767732,1.1598185211080527,0.07836818045621559,0.4090460303154299,390.7749679454386,-11.83658275615629,-10.810792617173238,855.4196185064071,13.355677688817625,26.49818179210792,490.02994727801877,-13.441696967041173,-20.87320181043269,943.0061662560131,10.722307949566467,31.818452374079634
2.06,6.934110749130692,-0.0989839360259525,17.25879589107406,1.1665083584597917,0.08422185389142628,0.4097841396533708,389.6149895417982,-11.70868863858493,-10.822574358895938,856.2784250142745,13.62885716113238,26.566874694287044,490.51253817892245,-13.469133489207973,-21.000147802431677,945.4602393498284,10.834226767663713,32.03731439846574
2.07,6.960581304805657,-0.09861382806277944,17.257399007959076,1.1725222309993926,0.08711584604717645,0.41023070835096553,387.94465677493736,-11.639730609576016,-10.82414062273432,856.3073341316873,13.828421463788597,26.628277010836655,491.2355384114018,-13.475769654788971,-21.11819541020956,947.8130129508487,10.952866007417905,32.22542881569192
2.08,6.982417637245219,-0.09863215490254146,17.2559976106782,1.1777980285070857,0.0872557645511793,0.41040390933075516,385.8439492739667,-11.626626668773676,-10.816240936504117,855.580201023916,13.95610388677271,26.682092719029335,492.13335264199014,-13.464111067809759,-21.225261330227386,949.9954012389107,11.074426403836712,32.38166586086433
2.09,6.999559855939873,-0.0990126266640769,17.25458897066212,1.1822940210054589,0.08490590169357928,0.4103267525041692,383.3963864451818,-11.665194289898317,-10.799804369582619,854.181662439541,14.015180624889545,26.728152321526387,493.14001356912604,-13.437140718391749,-21.319551342896954,951.9453348247978,11.195055628445584,32.5057035469493
2.1,7.012056228700352,-0.099719442181427,17.25317067105099,1.1859880657066157,0.08037577596376212,0.4100262751332713,380.6865748077066,-11.750355219930064,-10.775913164499912,852.2041209640782,14.010248805810255,26.766423529285287,494.19160945718477,-13.398160191706587,-21.39963584883166,953.6096335188137,11.310990608493277,32.59800255554222
2.11,7.020059387503429,-0.10070876374914384,17.25174066811706,1.1888765466098925,0.07400666968694114,0.4095326489523748,377.79791937846056,-11.876345104812335,-10.745767754446724,849.7448774617468,13.946993897098414,26.797015705617678,495.22836412014885,-13.350635718316962,-21.46450046358403,954.9455117991586,11.418689446781094,32.659752145523655
2.12,7.023818233708412,-0.10193058770814542,17.25029733814814,1.190973137117206,0.06615856505449705,0.408878235954564,374.81055680173523,-12.0369224521375,-10.71064618083662,846.90345644887,13.831953934947073,26.820179256200554,496.19635097743907,-13.298054413230343,-21.513572611329774,955.9216716666369,11.514949468258928,32.69279341968858
2.13,7.02366649692421,-0.10333087985555077,17.248839507358582,1.1923074221318555,0.05719782885556109,0.40809662575895533,371.7995589445145,-12.22557145457326,-10.671860933786444,843.7791562465588,13.672286834822634,26.836300617141355,497.0488368734427,-13.243794682915977,-21.546726014487454,956.5189550714563,11.597008166096433,32.69952601244253
2.14,7.020008876703568,-0.10485382711384031,17.24736646355293,1.1929233826022385,0.04748593870863865,0.40722168677593407,368.833443556854,-12.435693532689584,-10.630716051184026,840.4688462124631,13.475545983819725,26.84589315666126,497.74726183425577,-13.19101357487762,-21.56426573032798,956.730547360094,11.662624328712901,32.682803825607884
2.15,7.013305641721775,-0.10644405708902054,17.245877949511737,1.1928777302578473,0.03736948289577182,0.406286661213643,365.9730146469436,-12.660783061188285,-10.588466967979008,837.0650263976185,13.249468381263673,26.849584165863018,498.2618686604984,-13.142552815812557,-21.5668968905822,956.5617425702383,11.71013734327403,32.64582487425108
2.16,7.0040564818217,-0.1080486920412019,17.244374139250283,1.1922380798622396,0.02717160421705952,0.405323330656361,363.270540729542,-12.894583552554185,-10.546285144684534,833.6541598124776,13.001778777343265,26.848098141351578,498.5720020117253,-13.100864427018966,-21.555680553551706,956.0292994764532,11.738503522066345,32.59201965669738
2.17,6.99278431080838,-0.10961912930548046,17.242855599304303,1.191080956439754,0.017184997616536683,0.40436127483361173,360.7692652127417,-13.131221514194657,-10.50522896327654,830.3152833731344,12.74001253962853,26.842236709742863,498.6661010925504,-13.067956102959021,-21.53198010823906,955.1604329372555,11.747309213973434,32.52494178349982
2.18,6.980019609461803,-0.11111247189642662,17.241323237946215,1.1894896512349196,0.007666513449285643,0.40342724158015497,358.5032308023676,-13.36531619677933,-10.466221802697245,827.1188999264627,12.471359331251596,26.832855755594306,498.5414137023709,-13.04535596806039,-21.497401520750962,953.9914975337563,11.736761375152893,32.44816393425267
2.19,6.966285785959924,-0.11249256667552393,17.23977824569472,1.1875519585823506,-0.001166635337994265,0.4025446410938333,356.49738956997567,-13.592064446197206,-10.4300376385396,824.1261500909362,12.202529090709346,26.820840535040347,498.2034625776214,-13.034095863794558,-21.453730433817235,952.5664292812135,11.707657120585136,32.36518159171564
2.2,6.952085920833964,-0.11373063946130799,17.238222030649194,1.1853578430217186,-0.009139111946831464,0.40173317261298097,354.767962619354,-13.807300803042487,-10.397293992895023,821.3882587567655,11.939641244613552,26.80707974066705,497.665297783992,-13.034711940776155,-21.40286876714685,950.9350162120453,11.661334513097977,32.27932644811691
2.21,6.937891160448253,-0.11480554411631162,17.236656152086486,1.1829970993852106,-0.016118231924195606,0.4010085867092026,353.3230082158274,-14.007533818257311,-10.368451624909534,818.9462469011038,11.688137550592392,26.792439595657292,496.9465714089059,-13.047261021379486,-21.346773059279172,949.1510700151617,11.599607434455983,32.19369089383283
2.22,6.92413093012577,-0.11570366425229142,17.23508225544917,1.180557076659691,-0.022013403036275837,0.4003825816628395,352.1631547171948,-14.189960241795252,-10.343820024586485,816.8308949746809,11.452718454039502,26.777739079788443,496.0724728585129,-13.071350944919125,-21.287396372350504,947.2705690237383,11.52468780414695,32.11106457914111
2.23,6.911185057435574,-0.11641852102215747,17.233502011390115,1.1781205385390474,-0.026774382362207798,0.39986282799227835,351.2824544069886,-14.352459276690322,-10.323567564158994,815.0629396959878,11.23730235193876,26.76372732510874,495.07256451251925,-13.106182902997698,-21.226635173860473,945.3498381719471,11.439098659156654,32.033883675052635
2.24,6.89937782867387,-0.11695014861326057,17.23191706097956,1.1757637298815213,-0.03038852404091756,0.39945311127703226,350.66931601253197,-14.49356946970093,-10.30773507283234,813.6534818997826,11.045006696941751,26.751064076924614,493.9795581470108,-13.150603615165956,-21.166282231404963,943.4438246759671,11.34558168753208,31.96419313720435
2.25,6.888973947078753,-0.11730430125658553,17.230328968585344,1.173554709538751,-0.03287720371778172,0.39915358007159313,350.30747686713136,-14.612451037866347,-10.296251620385526,812.6045793971653,10.878149455896047,26.74030391695661,492.8280722299362,-13.203165086048463,-21.10798621899021,941.6045197516684,11.247002734499134,31.90362198633308
2.2600000000000002,6.8801763188715155,-0.1174915529642081,17.22873918335259,1.1715519974144715,-0.03429161143787556,0.39896108305504835,350.1769799107518,-14.708836521724278,-10.288951402602192,811.9099958605776,10.738269071105533,26.731884715152688,491.6534088041715,-13.262189628054644,-21.05321844347328,939.8795672586189,11.146258593639269,31.853371351410846
2.27,6.873125561219516,-0.11752634513836208,17.22714900967357,1.1698035685466122,-0.0347081040534782,0.39886957767076214,350.2551256050219,-14.78297262962852,-10.285590790792307,811.5560747407823,10.626160771284033,26.726120539294957,490.4903861479671,-13.325837832641962,-21.00324685889177,938.3110903004808,11.046188082519059,31.814214771597634
2.2800000000000002,6.867901102631959,-0.11742602899750373,17.225559586575965,1.1683462109251694,-0.03422330182702588,0.39887059141094655,350.51737400712983,-14.835556015355245,-10.285864810957355,811.5227062706753,10.541926851892091,26.723199027965276,489.3722597737102,-13.392177230780566,-20.959117342890057,936.9347569779749,10.949490009232177,31.786510018086542
2.29,6.8645237289065335,-0.11720994063526144,17.223971875581977,1.1672052479765094,-0.03294910259159581,0.39895371657963097,350.93817741258897,-14.867665535378938,-10.289422529306139,811.7843557448414,10.485038397526125,26.723183037580824,488.32975970944193,-13.459249500614167,-20.921642057608512,935.7790970506667,10.858650190131547,31.770221476343202
2.3000000000000003,6.862959414406305,-0.11689853743230572,17.2223866563048,1.166394612244106,-0.031007771423469853,0.39910711977187147,351.4917289237751,-14.880693284098356,-10.295881018176246,812.311122432858,10.454405854437132,26.726016216601998,487.39026659534994,-13.525134255270466,-20.891394599203828,934.8650724896842,10.77587920414108,31.764951924760517
2.31,6.863124267392933,-0.1165126161697892,17.220804528849484,1.165917244553971,-0.02852724516693117,0.3993180483534621,352.15261688700326,-14.876276423825773,-10.304837744516206,813.0698005654855,10.4484558770217,26.731532042409192,486.5771431698038,-13.588007671101575,-20.86871154619308,934.2058969778539,10.703062086854121,31.7699823606256
2.32,6.86489040818924,-0.11607262596247869,17.219225921962877,1.1657657833217463,-0.025636770219334446,0.3995733178102948,352.8963792862456,-14.856231527412389,-10.31588135333807,814.02491664891,10.465211962117472,26.73946577704246,485.90923150204344,-13.646194487975716,-20.85369993771859,933.8070924445786,10.641720695859004,31.784318363373085
2.33,6.868092589625365,-0.11559808321378398,17.217651105820977,1.1659235017808554,-0.0224629696043518,0.3998597658472037,353.6999558559394,-14.822492847592128,-10.32860090879248,815.1397207046007,10.502376539599789,26.749468752484834,485.40052014540805,-13.698212217669091,-20.846250140747053,933.6667647615039,10.592989031270095,31.806741354717165
2.34,6.872535360799275,-0.11510709117613677,17.216080208339502,1.1663654466723328,-0.019126412359458198,0.4001646614398885,354.5420388810853,-14.777055628018898,-10.34259370878916,816.3771126840849,10.557412395058918,26.761124378601277,485.0599795134998,-13.7428067211538,-20.846053494946037,933.7760757855672,10.557601382614745,31.835863022919156
2.35,6.878000568529088,-0.1146159632302807,17.21451323393241,1.1670597300348484,-0.015738735402818622,0.40047605957319354,355.4033264094387,-14.721925283463388,-10.357471811964267,817.7004890643943,10.627621546740295,26.773965271238364,484.8915584594763,-13.77897864709221,-20.85262405365925,934.1198850110906,10.535892802286838,31.870181132190385
2.36,6.884254987268451,-0.11413894645646075,17.21295008371418,1.1679689257579744,-0.012400346007065367,0.4007830950353681,356.266683931841,-14.659073005601986,-10.372867416627837,819.0744983157331,10.710219970658075,26.787490918989292,484.8943304486401,-13.806000548729436,-20.865323670648266,934.677531166298,10.527811081560811,31.908134945551467
2.37,6.891057869095418,-0.11368804022033843,17.211390576234873,1.169051524071094,-0.009198712382190324,0.40107621128942134,357.1172225112958,-14.590398099785407,-10.388437218616618,820.4656974122883,10.802406851731948,26.8011853403869,485.0627739749848,-13.823424802409779,-20.88338961964953,935.423722143683,10.53293913067832,31.94815855606847
2.38,6.898168211904245,-0.11327290311834419,17.209834467946486,1.1702633997238652,-0.006207231144259118,0.40134732302406384,357.94230286862046,-14.517697129804608,-10.403865856197749,821.8431047383435,10.901427323344869,26.814534225551874,485.3871690372754,-13.83108272781003,-20.90596388386085,936.3295006689711,10.550526441537421,31.988730549812622
2.39,6.905351556947776,-0.11290084054911981,17.208281472718284,1.1715592529359597,-0.003484644001316698,0.40158991341796807,358.73147606247716,-14.442639744238372,-10.41886853100497,823.1786475755421,11.004627933317469,26.827041105335258,485.8540895547233,-13.82907554980517,-20.93212322244312,937.3632530667438,10.579528140911677,32.02841861248822
2.4,6.91238614662673,-0.11257686428618241,17.206731279843442,1.1728939860140648,-0.0010749620951485625,0.4017990693574622,359.47637212826555,-14.366750881553092,-10.433192878071388,824.4475048297326,11.109504333669918,26.838242145290863,486.44697051364153,-13.817758039474215,-20.96090911753499,938.4917293386467,10.618650024107056,32.065917933999096
2.41,6.919068299476985,-0.11230381466706953,17.205183570105582,1.1742239827093963,0.000992154735976685,0.4019714597617104,360.17054835826656,-14.291398903596985,-10.446620147051549,825.6283477802625,11.213740929704674,26.847719220485775,487.1467283089227,-13.797715824542756,-20.99135673281726,939.681044482493,10.666397893113967,32.100082550158625
2.42,6.925216890614189,-0.11208253538074121,17.20363802959804,1.175508261854783,0.0027006248967649605,0.4021052637337852,360.8093088151889,-14.217789090091637,-10.458965750821767,826.7034834395517,11.315242437918815,26.855110989618172,487.9324130726744,-13.769737467385301,-21.02252207530376,940.8976334746089,10.721129508461491,32.12994907328742
2.43,6.930676860903326,-0.11191209035769158,17.20209436110773,1.176709481563423,0.004046844929425354,0.40220005642809725,361.38950618659965,-14.146961841210503,-10.470079235883823,827.6589066305546,11.412157490706898,26.86012175267421,488.7818726567792,-13.73478247333626,-21.053506644693815,942.1091355152748,10.781107498094688,32.15475258608772
2.44,6.935321714953216,-0.11179001199380341,17.200552292986824,1.1777947752965525,0.005038332096300577,0.4022566612799766,361.9093362386719,-14.079794881629137,-10.479843729900182,828.4842681561514,11.502894588590774,26.862527944839286,489.67240925082916,-13.69394641671784,-21.083478975213442,943.285186874203,10.844551646554345,32.173934787681226
2.45,6.939055004705389,-0.11171256991880016,17.19901158553579,1.178736406407314,0.005692179894268689,0.4022769775782987,362.36813396259055,-14.017008736816939,-10.48817492369907,829.1727674711879,11.586130838372954,26.86218218976157,490.581411277841,-13.648424360835133,-21.1116926168155,944.3981058237923,10.909689109245003,32.18714476985228
2.46,6.941810829999049,-0.11167504979062542,17.197472035009163,1.1795122333002244,0.006033395023791788,0.40226379229519726,362.7661790912924,-13.959174758964021,-10.495019646891159,829.7209790880755,11.660814029079425,26.859014906379276,491.48694513790883,-13.599473705825705,-21.137500257593352,945.4234575514514,10.974801254134302,32.19423305084235
2.47,6.943553418413742,-0.11167203217437105,17.195933475428504,1.180105983018441,0.0060931806662445805,0.4022205846569734,363.10451707652953,-13.90672501283391,-10.500354096940443,830.1286225536966,11.726158687826505,26.853033533813765,492.36829349897283,-13.548377529405409,-21.160363848161776,946.3404914304076,11.038266020207633,32.1952396928476
2.48,6.944275872663864,-0.11169766243903502,17.194395778444306,1.1805073367426882,0.005907225619953253,0.4021513312034679,363.3847999432362,-13.859963386991636,-10.504181780723739,830.3982862245383,11.781636825741405,26.844319506388644,493.20642911020934,-13.496409394787246,-21.179860742572917,947.1324474361153,11.098594890895486,32.190377471554235
2.49,6.943998194028622,-0.11174590374249466,17.192858851530218,1.180711836172695,0.005514052241325776,0.40206031810813536,363.6091497678296,-13.819077368480093,-10.50653122531621,830.535115230727,11.826964130597084,26.83302317349268,493.9844154906363,-13.444800491651975,-21.195686011006902,947.7867326692613,11.154463803381255,32.18001115005507
2.5,6.942764704378768,-0.11181076651824876,17.191322634818135,1.1807206248556033,0.004953468572079963,0.4019519663933731,363.7800459424178,-13.784150003793183,-10.507453511288354,830.546473951455,11.862082388672146,26.819356914488235,494.6877282800875,-13.394709853983445,-21.207651200528108,948.2949727534067,11.204737542871046,32.16463393794017
2.5100000000000002,6.940640997347656,-0.11188650935553766,17.189787096893678,1.1805400430132755,0.004265161841705305,0.4018306744517283,363.9002359600064,-13.755171660470078,-10.507019677690897,830.441593022682,11.88713892433918,26.803586744997634,495.30449348805934,-13.347198266544403,-21.215679917126128,948.6529462082813,11.248487396435912,32.144842195190606
2.52,6.937710551470785,-0.11196780769932115,17.18825222986862,1.1801810981072631,0.0034874620362189686,0.40170068104524176,363.97266824351385,-13.732051296542425,-10.505318043656764,830.2312103699644,11.902463833061594,26.786022745785996,495.8256412918718,-13.303206333234229,-21.219800672697218,948.8604126814505,11.28500205638594,32.12130937801985
2.5300000000000002,6.934071135323359,-0.11204988831136276,17.186718044032787,1.1796588361101772,0.0026562957173517656,0.4015659507650891,364.0004445823964,-13.714627034652205,-10.502451487588031,829.9272150221257,11.908545753202382,26.76700866770223,496.2449763692719,-13.263537038903428,-21.22013748424865,948.9208481051546,11.313791961691743,32.09476012955161
2.54,6.9298311276270805,-0.11212862885946778,17.185184562364515,1.1789916401226728,0.0018043420281123393,0.40143008284225645,363.9867890545457,-13.702675919922081,-10.49853472148172,829.5423015428405,11.906006876080122,26.74691107496619,496.55916794977173,-13.228842994673363,-21.216898730919382,948.8411014153876,11.334587442308363,32.06594530203186
2.5500000000000003,6.925105864867058,-0.11220062328313363,17.183651815148334,1.1782004835463262,0.0009603950637576503,0.40129624324360225,363.9350298989937,-13.695922812537454,-10.493691595150771,829.0896418541932,11.895577834249217,26.726108384447848,496.76766478031783,-13.199618418671676,-21.2103647703008,948.6309884376167,11.347331181307375,32.035618568445315
2.56,6.920014116064509,-0.11226321468113645,17.182119834913372,1.1773081645195047,0.00014892971536753676,0.40116711918836534,363.8485906516879,-13.694048425428928,-10.488052462814968,828.5825800630402,11.878073037635605,26.704980141151943,496.87254197337455,-13.176195772507338,-21.20087479287387,948.3028389419482,11.352165630840293,32.00451514812413
2.57,6.914674769855145,-0.11231449835762508,17.180588651868366,1.176338546831935,-0.000610138140597183,0.4010448945866044,363.7309869338145,-13.696696563367915,-10.48175164254716,828.034354685962,11.85436694885722,26.683896841259198,496.87828819346987,-13.15874685181978,-21.188813356499438,947.871012751846,11.349416108885958,31.97333303989437
2.58,6.909203803707488,-0.11235329834175262,17.179058289970154,1.1753158301916842,-0.001301511517826587,0.4009312444303345,363.5858255518943,-13.703480652088151,-10.474924997076881,827.457851450513,11.82537170589959,26.66321057569541,496.7915428044325,-13.147288019670246,-21.174596996202077,947.3514002194538,11.3395703645221,31.942717032576073
2.59,6.903711589652651,-0.11237912116878611,17.1775287637246,1.1742638697015502,-0.0019144109365745552,0.4008273458483952,363.416802987718,-13.713989665378012,-10.467707662201693,826.865388676007,11.792016415471561,26.643246721622162,496.6207934181687,-13.14168917688513,-21.15866125206896,946.7609214293471,11.323255431276657,31.913245649708315
2.6,6.898300575835135,-0.11239209099481437,17.176000075782188,1.1732055609092122,-0.002442333670499805,0.40073390334932607,363.2277008785089,-13.727793565762259,-10.460231946317112,826.2685361468315,11.755228356840618,26.624296858989876,496.3760447437501,-13.141685985777862,-21.141448403448567,946.1170372364213,11.30121259304534,31.885421085246893
2.61,6.893063368958064,-0.11239287023557297,17.17447221535658,1.1721623030330517,-0.0028826976813699948,0.4006511857013056,363.0223766694606,-13.744448372129625,-10.4526254212362,825.6779674184382,11.715916256497149,26.60661303691785,496.06846973434364,-13.146894804453524,-21.123396143566126,945.4372837570344,11.274271267902758,31.859662100513486
2.62,6.888081229589572,-0.11238256989795344,17.172945157463175,1.171153549132073,-0.0032363954588013146,0.40057907191226644,362.8047482217754,-13.763500957456653,-10.445009220530658,825.1033446642764,11.674955720942403,26.59040346256443,495.71005378413895,-13.15682974903537,-21.104927377154645,944.7388402859885,11.243322575143322,31.83629977977815
2.63,6.883422980516705,-0.11236265363550556,17.171418862946958,1.1701964482630218,-0.0035072831997638985,0.4005171038555064,362.57877174499845,-13.78449366370782,-10.437496557194478,824.5532344948847,11.633176850060934,26.57582963543726,495.31324216628275,-13.170921280846681,-21.086441275962326,944.0381388699567,11.209293293584555,31.81557598180694
2.64,6.879144317986014,-0.11233483932930763,17.169893279244565,1.16930558120086,-0.0037016301273745953,0.4004645432180221,362.3484129654711,-13.806968801063801,-10.430191467714755,824.035052661958,11.591353998165799,26.563004904490267,494.8906000653312,-13.18853571437062,-21.0683056836135,943.3505219878795,11.173120848155694,31.797644276411024
2.65,6.875287506789387,-0.11230100169207886,17.168368341804552,1.168492788205788,-0.003827551368239235,0.4004204306154268,362.1176119228344,-13.83047307669505,-10.423187784882346,823.5550351956658,11.550197604564548,26.55199438514424,494.454493492169,-13.208995058569373,-21.050850922339947,942.6899530200665,11.135729880597967,31.782573117244056
2.66,6.871881432720546,-0.11226307903178265,17.166843976072776,1.1677670846793498,-0.0038944458031270443,0.4003836449074957,361.89024219060366,-13.854561975961799,-10.41656833716015,823.1182333003586,11.510347980480784,26.542816139383365,494.01679812953944,-13.231596637185316,-21.03436501928676,942.0687824718519,11.098010872055585,31.770350973591704
2.67,6.868941979889827,-0.11222298690349283,17.16532009993617,1.167134658405878,-0.003912457805855744,0.4003529609544726,361.67006563844956,-13.878804097479103,-10.410404368400977,822.7285292341928,11.472370913990282,26.535443494723133,493.58864179959846,-13.255631980758075,-21.019090339004137,941.497571289091,11.060801193508496,31.76089312360724
2.68,6.866472695668006,-0.11218254093503824,17.163796626508503,1.1665989404324808,-0.00389197892181096,0.40032710427158286,361.46068409139497,-13.902785423974773,-10.404755168360424,822.3886704004217,11.43675493845886,26.529808357154412,493.18018482758964,-13.280404541743396,-21.005221580885316,940.9849710889753,11.024868867121507,31.754049798511737
2.69,6.864465702558278,-0.1121433906419809,17.162273467135773,1.1661607404821688,-0.003843202440935733,0.40030480126513174,361.26548939796317,-13.92611349398154,-10.399667901913684,822.1003189591638,11.403910101691228,26.525805358879484,492.8004411524089,-13.305245851483516,-20.992905075343838,940.5376597527325,10.990899230080176,31.749615361076902
2.7,6.862902813989779,-0.11210696555991269,17.16075053449677,1.1658184370803872,-0.003775740615226169,0.400284823966717,361.08761350100315,-13.948421425630519,-10.395177623188586,821.864114405188,11.374168071258516,26.523296673288762,492.4571416540103,-13.329529810987562,-20.9822392902117,940.1603296032804,10.959484604395831,31.747338201832456
2.71,6.861756809817714,-0.11207443452689964,17.15922774567654,1.1655682122508189,-0.003698311073706659,0.40026602842126285,360.929880119357,-13.969371733379976,-10.391307459931069,821.6797467287184,11.347783414859535,26.522117326567553,492.15663987176106,-13.352684883645383,-20.973276439165843,939.8557243336469,10.9311169932374,31.746931042643077
2.72,6.860992827138678,-0.11204667845746005,17.15770502509584,1.1654043206398648,-0.00361849590265653,0.4002473861281529,360.79475960410497,-13.988659871503717,-10.388068953200548,821.5460379641133,11.324935901656563,26.522080836887614,491.9038591109873,-13.374204034418135,-20.966025067099732,939.6247199695127,10.906183748000952,31.748081349415965
2.73,6.860569822824804,-0.11202427647437414,17.156182307189564,1.1653193831973425,-0.003542573975638326,0.4002280081800066,360.68432843844334,-14.006017434515295,-10.385462537782542,821.4610301211823,11.305733679998042,26.522985017643524,491.70227890271406,-13.393652334249385,-20.960453473534937,939.4664444471699,10.884966081712355,31.750461573563925
2.74,6.860442065883523,-0.11200750481936309,17.15465953873972,1.1653046960136548,-0.0034754245112162923,0.4002071619866562,360.6002347133134,-14.021214944281379,-10.383478149298345,821.4220776752852,11.290217197626461,26.524617789983918,491.55395791082253,-13.410672218299503,-20.95649382476606,939.3784298684704,10.867640244346832,31.75373896520851
2.75,6.860560620291884,-0.11199634756189773,17.153136680784314,1.1653505455379374,-0.003420497564335039,0.4001842807074148,360.5436707391125,-14.034064156169812,-10.382095944679035,821.4259429590929,11.278363741438813,26.52676286137624,491.45958968049894,-13.424986450357002,-20.954046798811124,939.3567911561792,10.854281124900279,31.757584729559404
2.7600000000000002,6.860874782251971,-0.11199051777989483,17.15161371004176,1.1654465221334196,-0.0033798452616700266,0.4001589657365499,360.5153537537063,-14.04441982195559,-10.381287123263025,821.468892947897,11.270092484377159,26.529205140609214,491.4185870931511,-13.436398902098857,-20.952986604669512,939.3964246721814,10.844868003975384,31.761682330840436
2.77,6.861333439768547,-0.11198948760783717,17.150090619809987,1.1655818247310017,-0.0033542060970301974,0.4001309827882363,360.51551546449514,-14.052180855103181,-10.381014836120535,821.5467960621255,11.265269936612254,26.5317357750308,491.4291910313631,-13.44479330381576,-20.953166219027075,939.4912203697455,10.839292149462276,31.765734784717775
2.7800000000000002,6.861886326944244,-0.11199252534517655,17.14856742032001,1.1657455501945726,-0.0033431335196993555,0.400100252301423,360.5439009229509,-14.057290854178062,-10.381235171207525,821.6552177275473,11.263715706563481,26.53415671254679,491.4885985530402,-13.45013016226676,-20.954422689358196,939.6342812187762,10.837365926607777,31.769470819381894
2.79,6.862485150287028,-0.11199873769558538,17.147044138544402,1.1659269618942691,-0.003345159371728739,0.40006683502594564,360.5997769792822,-14.059737952205275,-10.381898201570843,821.7895135394464,11.265208484403654,26.536284708609102,491.5931058132939,-13.452442071307303,-20.956582362135602,939.8181439555688,10.838833082174704,31.772649826018228
2.8000000000000003,6.863084569481877,-0.11200711516670152,17.14552081748063,1.1661157328848344,-0.0033579824421475033,0.4000309137540171,360.6819503081457,-14.05955397345754,-10.382949083091955,821.9449189762511,11.269492166600726,26.537954716768706,491.7382610399925,-13.451827661987215,-20.959465908154474,940.0349956491178,10.843379860109525,31.7750655600482
2.81,6.8636430203364105,-0.1120165786975099,17.143997514947415,1.166302159997046,-0.0033786724783975513,0.3999927722228185,360.7887947394173,-14.056812894053639,-10.384329187253927,822.1166347050402,11.27628204493314,26.539022620016855,491.91902304689,-13.448444451355124,-20.96289303321268,940.2768811246937,10.850646612570959,31.776548593860554
2.82,6.864123372812084,-0.11202602568979983,17.142474301948123,1.166477346063837,-0.0034038803906089165,0.39995277223318043,360.918287377175,-14.051628618469481,-10.385977253276026,822.2999066196784,11.285270987535567,26.539367278748372,492.1299210393211,-13.442500853831362,-20.966686780848296,940.5358969207031,10.860239584581599,31.776967558475555
2.83,6.86449342204573,-0.11203437379141612,17.140951260668064,1.1666333484117037,-0.0034300460583058965,0.39991133000735424,361.06805275166454,-14.044152100171015,-10.387830542839176,822.4900998547796,11.29613554316855,26.538891889386893,492.36521181403924,-13.434247616490314,-20.970677353708567,940.8043681533686,10.871742572019116,31.776229244504023
2.84,6.864726214912706,-0.11204060100009725,17.139428482182485,1.166763292643094,-0.0034535960526628834,0.39986889274873105,361.2354140298252,-14.034567850592927,-10.389825979693239,822.6827661266169,11.308541903330639,26.537524665141483,492.61903086025103,-13.423968930777185,-20.97470540057941,941.0750054019285,10.884728180129033,31.774277660907423
2.85,6.864800218863531,-0.11204378091385239,17.137906063958347,1.1668614516050837,-0.003471124668639193,0.3998259162730573,361.41745011659634,-14.023089896105844,-10.391901255853991,822.8737038658069,11.322151660298484,26.535218866634327,492.88553431765644,-13.411973458980931,-20.97862473633669,941.3410394811931,10.898768442059946,31.771092172713967
2.86,6.864699343385416,-0.11204311223279231,17.13638410723587,1.1669232902698,-0.0034795528675035663,0.3997828444605989,361.6110573177928,-14.009957256944261,-10.393995885994723,823.0590107251518,11.336627302882318,26.53195222488067,493.15902922485253,-13.398585495125182,-20.982304481350315,941.5963327156561,10.913444592871691,31.766684855567693
2.87,6.864412827431544,-0.11203794190416386,17.13486271437556,1.1669454780267483,-0.00347626100962704,0.3997400911392247,361.8130141115134,-13.995429034797336,-10.396052192113155,823.2351281677662,11.351637395776049,26.527725811970672,493.43408998467453,-13.38413645773462,-20.9856306245602,941.8354660494256,10.928355832815429,31.761097215655276
2.88,6.863935008484192,-0.11202778158419968,17.133341986252837,1.1669258705895948,-0.0034591925606871597,0.39969802485729783,362.020047492946,-13.97977920646104,-10.398016201648488,823.3988779631172,11.366861392942074,26.522562425502503,493.70565946997147,-13.368956887069071,-20.98850703006033,942.0538020001673,10.943126953174731,31.754396428313218
2.89,6.863264990562602,-0.11201231735622418,17.131822019776433,1.1668634643333062,-0.00342692723612344,0.39965695685033814,362.22889932038066,-13.963291229189378,-10.39983844393733,823.5474905393758,11.381994040548127,26.51650456111754,493.96913368310317,-13.35336909273238,-20.99085592023461,942.2475240779063,10.957414737423953,31.74667124787234
2.9,6.862406229466468,-0.11199141288529194,17.13030290559838,1.1667583263867558,-0.00337872326826819,0.3996171323538226,362.436391099376,-13.946252568862505,-10.401474632169185,823.6786252568711,11.396749330555789,26.509612053242762,494.2204293555231,-13.3376805698317,-20.992617879102625,942.4136538284768,10.970913088794,31.738027735643943
2.91,6.861366053898179,-0.11196510639892598,17.12878472607339,1.1666115041985603,-0.0033145296032485623,0.3995787252724985,362.63948569724306,-13.928949264572887,-10.402886220740768,823.7903827770346,11.410863972099728,26.501959467293528,494.4560343214164,-13.322178273815489,-20.993751427502364,942.5500471180103,10.98335687156432,31.728584943145215
2.92,6.860155140887388,-0.11193360205707044,17.127267553514425,1.16642491856155,-0.0032349698320400283,0.3995418360892696,362.8353445791432,-13.911660642602353,-10.404040830981756,823.8813098022246,11.42410035423913,26.493633327173523,494.67304091402366,-13.307123816403143,-20.994232227140493,942.6553716438419,10.99452448668975,31.718470674535183
2.93,6.858786963218798,-0.1118972564101941,17.125751448779273,1.1662012442198837,-0.0031413005101122884,0.3995064927878097,363.0213792964467,-13.894654289021702,-10.404912541487253,823.9503965526942,11.436248980413954,26.48472926005331,494.8691630084959,-13.292749618227129,-20.994051973552896,942.7290679366592,11.004239232047908,31.70781743665837
2.94,6.857277225417771,-0.11185656074255343,17.124236460211165,1.1659437821935077,-0.003035347207843483,0.3994726544749112,363.1952961323429,-13.878181383401579,-10.405482042591363,823.9970674268291,11.447130361910974,26.475349136337552,495.0427376654391,-13.279256028465468,-20.993217038884072,942.7712963098013,11.01236952316087,31.696758667923007
2.95,6.855643303362711,-0.11181212015947364,17.1227226229447,1.1656563278433965,-0.002919422150778177,0.39944021732223317,363.3551330125992,-13.862472486597666,-10.405736657708715,824.021165359454,11.456596364756766,26.465598276725977,495.1927126107434,-13.266809398285673,-20.99174692441523,942.7828723182522,11.018828071380826,31.68542531927342
2.96,6.853903700852738,-0.11176463030583861,17.12120995857713,1.1653430384784584,-0.0027962276526334586,0.39940902240243714,363.4992880133927,-13.847733863596169,-10.405670237227303,824.0229304502974,11.464531011595614,26.455582790678065,495.3186210166717,-13.255541073746768,-20.989672580257704,942.7651933180149,11.023570133069871,31.673942842459596
2.97,6.85207753454853,-0.11171485260130562,17.119698475194962,1.1650083039858077,-0.0026687497182578857,0.39937886497058583,363.62653903543685,-13.834144408370774,-10.40528293325926,824.0029734813398,11.470850747215378,26.445407101785012,495.4205452251929,-13.245547255197943,-20.987034645908413,942.720158674299,11.026590955262316,31.662428623269797
2.98,6.850184056700255,-0.11166358884997583,17.11818816773668,1.164656623567968,-0.00254014620721555,0.39934950473629255,363.7360544560002,-13.821853222088343,-10.404580865772528,823.962244978155,11.475504183350694,26.435171705921007,495.49907117667345,-13.236889654411888,-20.983881660737143,942.6500860632216,11.027922550805147,31.65098988086355
2.99,6.848242223051616,-0.11161165603243266,17.1166790186644,1.164292491213303,-0.002413633814415227,0.39932067668309523,363.827394809893,-13.810977879316233,-10.403575692397059,823.9020004973488,11.478471345147344,26.42497119797947,495.55523537650924,-13.2295968678387,-20.980268288225055,942.5576261566154,11.027629939299787,31.6397220392015
3.0,6.846270311374443,-0.11155986202337934,17.115170998910777,1.1639202920429996,-0.0022923778726018844,0.3992921020146896,363.9005057821878,-13.801603399672512,-10.402284095609494,823.8237628461419,11.479762448394993,26.41489259306858,495.590466260042,-13.223666374172716,-20.976253592382648,942.4456777942095,11.025806990300202,31.628707563187437
