time_s,ay_mps2,ax_mps2,speed_mps,roll_deg,pitch_deg,yaw_rate_radps,Fz_FL,jounce_FL_mm,geometric_FL_n,Fz_FR,jounce_FR_mm,geometric_FR_n,Fz_RL,jounce_RL_mm,geometric_RL_n,Fz_RR,jounce_RR_mm,geometric_RR_n
0.0,0.0,0.0,15.0,0.0,0.0,0.0,598.5082183333004,-0.0,-0.0,598.5082183333004,-0.0,0.0,731.5100446295896,-0.0,0.0,731.5100446295896,-0.0,0.0
0.01,1.5564457453646112e-18,1.1169533421866411e-18,15.0,-7.690214185456993e-20,6.525848523229256e-18,-8.36050385059357e-22,598.5082183333004,-0.0,4.612309176578372e-17,598.5082183333004,-0.0,5.424656355314361e-17,731.5100446295896,-0.0,-7.688233257189539e-17,731.5100446295896,-0.0,-6.585622092129771e-17
0.02,2.7945401668247537e-18,4.467813361824715e-18,15.0,-3.0751118349069575e-19,2.6103394052475815e-17,-5.043696727749423e-22,598.5082183333004,-0.0,9.319550574517024e-17,598.5082183333004,-0.0,1.0754380448257996e-16,731.5100446295896,-0.0,-1.525853805282008e-16,731.5100446295896,-0.0,-1.328917258749642e-16
0.03,3.787364886569916e-18,1.0052580051914078e-17,15.0,-6.917286395933165e-19,5.873263654684105e-17,4.8812006147583005e-22,598.5082183333004,-0.0,1.410022928658992e-16,598.5082183333004,-0.0,1.6010667203859926e-16,731.5100446295896,-0.0,-2.2734251597509485e-16,731.5100446295896,-0.0,-2.008731430080021e-16
0.04,4.590457542412855e-18,1.787125340864091e-17,15.0,-1.2295008532226703e-18,1.0441357598404254e-16,1.8204979679349935e-21,598.5082183333004,-0.0,1.8938348965774226e-16,598.5082183333004,-0.0,2.1209512980413666e-16,731.5100446295896,-0.0,-3.0133522712658826e-16,731.5100446295896,-0.0,-2.696189842666843e-16
0.05,5.2462317371133864e-18,2.79238334301902e-17,15.0,-1.9208022887967836e-18,1.6314621235347598e-16,3.2936021058350794e-21,598.5082183333004,-0.0,2.382193506797466e-16,598.5082183333004,-0.0,2.6362892329008995e-16,731.5100446295896,-0.0,-3.747050706533351e-16,731.5100446295896,-0.0,-3.389876930798273e-16
0.06,5.787225241209974e-18,4.021032011597232e-17,15.0,-2.76562465103132e-18,2.349305456516965e-16,4.787303402023025e-21,598.5082183333004,-0.0,2.874197319410139e-16,598.5082183333004,-0.0,3.1479819652954665e-16,731.5100446295896,-0.0,-4.475627441788198e-16,731.5100446295896,-0.0,-4.0886857188394523e-16
0.07,6.3582419207855054e-18,5.474198465202996e-17,15.0,-3.764746177366629e-18,3.198324282737984e-16,6.12646161949084e-21,598.5082183333004,-0.0,3.40102232743519e-16,598.5082183333004,-0.0,3.69490229865551e-16,731.5100446295896,-0.0,-5.254009478983894e-16,731.5100446295896,-0.0,-4.837307598936884e-16
0.08,5.636222139898005e-19,7.098837003226585e-17,15.0,-4.9154429767792775e-18,4.147526420706159e-16,4.1533607150164445e-20,598.5082183333004,-0.0,3.70815578758057e-16,598.5082183333004,-0.0,3.653861888550552e-16,731.5100446295895,-0.0,-5.417779384888885e-16,731.5100446295895,-0.0,-5.388808986736441e-16
0.09,5.0669206891191395e-17,8.808597438061006e-17,15.0,-1.1405048400120445e-17,5.14646139742568e-16,-2.4795724069526614e-19,598.5082183333005,-0.0,2.7386715392721644e-16,598.5082183333004,-0.0,5.543804606327408e-16,731.5100446295896,-0.0,-6.860652352189374e-16,731.5100446295895,-0.0,-3.6762281545965873e-16
0.1,-1.7694217215094517e-17,1.0642733255596636e-16,15.0,-1.5070985019157307e-17,6.218063232900265e-16,2.38887268943887e-19,598.5082183333005,-0.0,4.84894295000706e-16,598.5082183333005,-0.0,3.55751603834814e-16,731.5100446295895,-0.0,-4.770310544740305e-16,731.5100446295895,-0.0,-5.942889503810344e-16
0.11,-1.3131042702842093e-17,1.2442798245970082e-16,15.0,-1.581514760457818e-17,7.269759039293434e-16,1.5874232262667306e-19,598.5082183333005,-0.0,4.652087331119828e-16,598.5082183333005,-0.0,3.6733091262922925e-16,731.5100446295896,-0.0,-4.822438727867038e-16,731.5100446295895,-0.0,-5.775479980197325e-16
0.12,-6.97138845312559e-17,1.4228248275884197e-16,15.0,-1.623654186694493e-17,8.312915991418629e-16,5.336333391040093e-19,598.5082183333004,-0.0,6.381903562487112e-16,598.5082183333005,-0.0,2.0614774131591867e-16,731.5100446295895,-0.0,-3.103563836305303e-16,731.5100446295896,-0.0,-7.662144024903258e-16
0.13,-8.086828773104357e-17,1.599820160397242e-16,15.0,-1.6486481829666212e-17,9.347018928044173e-16,5.994889828627172e-19,598.5082183333004,-0.0,6.631132431229002e-16,598.5082183333005,-0.0,1.6580643446635599e-16,731.5100446295895,-0.0,-2.6328380954591694e-16,731.5100446295896,-0.0,-7.913600011614808e-16
0.14,5.164007063460927e-17,1.777425636192951e-16,15.0,-1.295876636736934e-17,1.0384686651630417e-15,-4.1912641232032214e-19,598.5082183333005,-0.0,2.6140343378861084e-16,598.5082183333004,-0.0,5.626020374961971e-16,731.5100446295896,-0.0,-6.75125770948542e-16,731.5100446295895,-0.0,-3.725294066183395e-16
0.15,5.628690134543207e-17,1.9471946368028213e-16,15.0,-1.1106147348091976e-17,1.1376569427817951e-15,-4.7654492669653945e-19,598.5082183333005,-0.0,2.3647552636583946e-16,598.5082183333004,-0.0,5.692150144941689e-16,731.5100446295896,-0.0,-6.765062952573935e-16,731.5100446295895,-0.0,-3.4510269665848035e-16
0.16,-5.45465623927255e-17,2.1149197903160522e-16,15.0,-1.3931006816067942e-17,1.2356510938373743e-15,3.8330906752159257e-19,598.5082183333004,-0.0,5.691923610603692e-16,598.5082183333005,-0.0,2.332409741024972e-16,731.5100446295895,-0.0,-3.274308113357909e-16,731.5100446295896,-0.0,-6.895460153289184e-16
0.17,-8.455904038430028e-17,2.292021011917144e-16,15.0,-1.0796593034991143e-17,1.339123253487751e-15,5.657504835681961e-19,598.5082183333004,-0.0,6.723376974791096e-16,598.5082183333005,-0.0,1.6352528056259112e-16,731.5100446295895,-0.0,-2.5679598864319354e-16,731.5100446295896,-0.0,-8.077220879456742e-16
0.18,9.718885524769694e-17,2.4697721946505994e-16,15.0,-2.320000267175607e-18,1.4429751557590227e-15,-8.535508806384182e-19,598.5082183333005,-0.0,1.1733926933800416e-16,598.5082183333004,-0.0,7.090484634667527e-16,731.5100446295896,-0.0,-8.402173980867489e-16,731.5100446295895,-0.0,-2.4982969724140106e-16
0.19,6.10688090213023e-17,2.647745164962328e-16,15.0,-1.1307671665926056e-17,1.5469566383883524e-15,-3.992986277267316e-19,598.5082183333005,-0.0,2.6258059848690163e-16,598.5082183333005,-0.0,6.123175590846972e-16,731.5100446295896,-0.0,-6.946273878025596e-16,731.5100446295895,-0.0,-3.194739131421264e-16
0.2,-1.0519890497943736e-16,2.823424473776606e-16,15.0,-1.575408007213837e-17,1.6495980393033806e-15,8.426232306693381e-19,598.5082183333004,-0.0,7.271873110587872e-16,598.5082183333005,-0.0,7.853147389597496e-17,731.5100446295895,-0.0,-1.907035936980977e-16,731.5100446295896,-0.0,-8.622669351079623e-16
0.21,-1.174009087776139e-16,3.000664204754081e-16,15.0,-1.4092253675002777e-17,1.7531511236598469e-15,8.697718696955173e-19,598.5082183333004,-0.0,7.807768599469638e-16,598.5082183333005,-0.0,6.688973580724012e-17,731.5100446295895,-0.0,-1.5327630454706888e-16,731.5100446295896,-0.0,-9.069100459203697e-16
0.22,-7.77780787967539e-17,3.1872731030279365e-16,15.0,-1.7584616347049143e-17,1.8621781847936495e-15,6.158587371129052e-19,598.5082183333012,5.551115123125783e-14,6.764640232553175e-16,598.5082183333004,-0.0,1.9254529940307443e-16,731.5100446295895,-0.0,-2.978899990951194e-16,731.5100446295896,-0.0,-8.029073225944453e-16
0.23,2.7294596006718863e-16,3.3459771071340806e-16,15.0,-2.560785900480201e-17,1.954901690038651e-15,-1.8129808207892396e-18,598.508218333301,5.551115123125783e-14,-5.406808642825398e-16,598.508218333301,5.551115123125783e-14,1.0481197013239088e-15,731.5100446295896,-0.0,-1.2921712525267775e-15,731.5100446295895,-0.0,4.1112691687083846e-16
0.24,1.8226225739352605e-16,3.4289089487531163e-16,15.0,-5.009466043495486e-17,2.0033549795107757e-15,-9.594267784451328e-19,598.508218333301,5.551115123125783e-14,-5.501288746867564e-16,598.508218333301,5.551115123125783e-14,4.584543042706308e-16,731.5100446295896,-0.0,-9.512133409194392e-16,731.5100446295896,-0.0,1.7366879027549472e-16
0.25,1.0551473522913886e-16,3.433501132425003e-16,15.0,-7.349846142545867e-17,2.0060379828110665e-15,-3.1956111044632387e-19,598.508218333301,5.551115123125783e-14,-6.024004265657155e-16,598.508218333301,5.551115123125783e-14,-7.892663867069316e-17,731.5100446295896,-0.0,-6.706468836494265e-16,731.5100446295896,-0.0,-4.8846662637765884e-17
0.26,-1.5572574833632267e-16,3.3683076186362315e-16,15.0,-8.246358770631044e-17,1.9679483885895477e-15,1.3868122868161059e-18,598.5082183333009,5.551115123125783e-14,-4.621014759564781e-17,598.5082183333009,5.551115123125783e-14,-1.0687593526731703e-15,731.5100446295896,-0.0,2.156926779108615e-16,731.5100446295896,-0.0,-8.39597207064866e-16
0.27,-1.6704821394412385e-16,3.242222930600632e-16,15.0,-9.284067453965958e-17,1.8942828607521773e-15,1.4010703765309346e-18,598.508218333301,5.551115123125783e-14,-2.223477461670604e-16,598.5082183333002,-0.0,-1.3144822525934666e-15,731.5100446295896,-0.0,2.8854912392400973e-16,731.5100446295896,-0.0,-8.595404647860097e-16
0.28,-1.0082189082540732e-15,3.085861574432361e-16,15.0,-3.8432872129229104e-17,1.8029280577625343e-15,6.528855181265115e-18,598.5082183333003,-0.0,2.1590856820648443e-15,598.5082183333003,-0.0,-3.805784020674883e-15,731.5100446295895,-0.0,2.9510222465209818e-15,731.5100446295896,-0.0,-3.532580327970769e-15
0.29,-1.8847421735056654e-16,2.9482766656467684e-16,15.0,2.1949710421511913e-17,1.7225434758909793e-15,1.6675045536962965e-19,598.5082183333003,-0.0,-2.027664454472841e-16,598.5082183333003,-0.0,-1.1901726496732835e-15,731.5100446295895,-0.0,2.751084497300893e-16,731.5100446295896,-0.0,-1.0260449763654949e-15
0.3,-9.088100221871597e-17,2.850679210811221e-16,15.0,5.267496804366363e-17,1.6655217380570042e-15,-4.0232256513912412e-19,598.5082183333003,-0.0,-3.672723714332905e-16,598.5082183333003,-0.0,-7.617214831107885e-16,731.5100446295895,-0.0,-1.112991860516367e-16,731.5100446295896,-0.0,-7.410576296078046e-16
0.31,7.326483699228876e-17,2.7895320782312743e-16,15.0,7.355284791945632e-17,1.6297962596708295e-15,-1.3228358046815712e-18,598.5082183333003,-0.0,-7.261523113463907e-16,598.5082183333004,-0.0,-1.5179221333965417e-16,731.5100446295896,-0.0,-6.948823845443031e-16,731.5100446295896,-0.0,-2.3212509350519707e-16
0.32,-9.283512708000868e-17,2.7629446229216186e-16,15.0,9.813884148970932e-17,1.6142624231697207e-15,-2.890643000338677e-20,598.5082183333003,-0.0,-1.6571800885563878e-16,598.5082183333004,-0.0,-5.69750136094438e-16,731.5100446295895,-0.0,-2.623044706928031e-16,731.5100446295896,-0.0,-8.009039107154804e-16
0.33,7.289698913777667e-17,2.757326054316227e-16,15.0,1.164491245085046e-16,1.6109797500041278e-15,-1.0331939823148762e-18,598.5082183333004,-0.0,-6.171690390785038e-16,598.5082183333004,-0.0,-3.730039020254453e-17,731.5100446295895,-0.0,-8.600863181558958e-16,731.5100446295896,-0.0,-3.0911614731235443e-16
0.34,2.6702449894378183e-16,2.7598866210375543e-16,15.0,1.1598640279162286e-16,1.6124757722573307e-15,-2.0562696932627322e-18,598.5082183333004,-0.0,-1.1886268969182004e-15,598.5082183333004,-0.0,5.104221076262764e-16,731.5100446295895,-0.0,-1.507092955937116e-15,731.5100446295895,-0.0,3.1000936279439495e-16
0.35000000000000003,2.036591388434229e-16,2.761172373352239e-16,15.0,1.0676159251908965e-16,1.6132269786441253e-15,-1.290927649436126e-18,598.5082183333004,-0.0,-9.811232093429217e-16,598.5082183333004,-0.0,3.0291815126468113e-16,731.5100446295895,-0.0,-1.3200921481893932e-15,731.5100446295895,-0.0,1.230089372953709e-16
0.36,1.565441952278345e-16,2.7624580767225943e-16,15.0,9.7605642302591e-17,1.6139781564349825e-15,-7.865645005246031e-19,598.5082183333004,-0.0,-8.292183153851901e-16,598.5082183333004,-0.0,1.5101308017580354e-16,731.5100446295895,-0.0,-1.1754396126101032e-15,731.5100446295895,-0.0,-2.1643346380657297e-17
0.37,1.2130517656048044e-16,2.763743747950731e-16,15.0,8.849491315799488e-17,1.6147293154466085e-15,-4.567880784334299e-19,598.5082183333004,-0.0,-7.170960798064674e-16,598.5082183333004,-0.0,3.8890728780381295e-17,731.5100446295895,-0.0,-1.0627744450555777e-15,731.5100446295895,-0.0,-1.343083492289446e-16
0.38,9.479678921259014e-17,2.765029398257708e-16,15.0,7.94136181108195e-17,1.6154804622349564e-15,-2.4336595392074887e-19,598.5082183333004,-0.0,-6.335889906984572e-16,598.5082183333004,-0.0,-4.461643528097481e-17,731.5100446295895,-0.0,-9.74397012977916e-16,731.5100446295895,-0.0,-2.226856747133129e-16
0.39,7.474511928862797e-17,2.7663150351064195e-16,15.0,7.035125757549525e-17,1.6162316011602532e-15,-1.0713257730518921e-19,598.5082183333004,-0.0,-5.7077781843616e-16,598.5082183333004,-0.0,-1.074276553881121e-16,731.5100446295895,-0.0,-9.045519192334563e-16,731.5100446295895,-0.0,-2.9253070041625933e-16
0.4,5.949683936558197e-17,2.767600663435114e-16,15.0,6.130088389924904e-17,1.616982735107694e-15,-2.1815459654599342e-20,598.5082183333004,-0.0,-5.230206124648051e-16,598.5082183333004,-0.0,-1.551848913226368e-16,731.5100446295895,-0.0,-8.489126018910741e-16,731.5100446295895,-0.0,-3.481699751471617e-16
0.41000000000000003,4.784279102004417e-17,2.7688862864909217e-16,15.0,5.22579286786142e-17,1.617733865974427e-15,3.01532673166089e-20,598.5082183333004,-0.0,-4.862777894697313e-16,598.5082183333004,-0.0,-1.9192773256900505e-16,731.5100446295895,-0.0,-8.042088384109263e-16,731.5100446295895,-0.0,-3.928737126716226e-16
0.42,3.8893392086018253e-17,2.770171906392114e-16,15.0,4.3219411704824976e-17,1.6184849949980623e-15,6.047563177019595e-20,598.5082183333004,-0.0,-4.57641760933247e-16,598.5082183333004,-0.0,-2.2056377175463133e-16,731.5100446295895,-0.0,-7.67955997365838e-16,731.5100446295895,-0.0,-4.2912653857226024e-16
0.43,3.1990263088728446e-17,2.7714575245066193e-16,15.0,3.4183408430332506e-17,1.6192361229778183e-15,7.690965622429112e-20,598.5082183333004,-0.0,-4.350081246494102e-16,598.5082183333004,-0.0,-2.431974138100588e-16,731.5100446295895,-0.0,-7.382570925760441e-16,731.5100446295895,-0.0,-4.588254351541105e-16
0.44,2.664325059453234e-17,2.7727431417062165e-16,15.0,2.5148692345086343e-17,1.619987250423035e-15,8.456866847940961e-20,598.5082183333004,-0.0,-4.16845045327526e-16,598.5082183333004,-0.0,-2.6136049582177054e-16,731.5100446295895,-0.0,-7.136572022456104e-16,731.5100446295895,-0.0,-4.834253216592652e-16
0.45,1.8199083266651242e-17,2.774250646012537e-16,15.0,1.6170893607581328e-17,1.62086801637624e-15,1.1757090635160964e-19,598.5082183333004,-0.0,-3.9351593963014096e-16,598.5082183333004,-0.0,-2.9313791412683077e-16,731.5100446295895,-0.0,-7.03081410297083e-16,731.5100446295895,-0.0,-5.409964127179491e-16
0.46,4.1297509654498773e-17,2.766672874840963e-16,15.0,6.083038702487783e-18,1.6164406705828538e-15,-6.634330755476638e-20,598.5082183332999,-5.551115123125783e-14,-2.802816161295383e-16,598.5082183332999,-5.551115123125783e-14,-4.908526766973094e-17,731.5100446295887,-5.551115123125783e-14,-2.9587422639196463e-16,731.5100446295887,-5.551115123125783e-14,-3.636946784228876e-18
0.47000000000000003,3.298978305835757e-17,2.741806701688203e-16,15.0,-5.091818901360899e-18,1.6019125006747334e-15,-9.655771050976032e-21,598.5082183332999,-5.551115123125783e-14,2.79089978719076e-17,598.5082183332999,-5.551115123125783e-14,2.0044504499574223e-16,731.5100446295887,-5.551115123125783e-14,3.0408776238898507e-16,731.5100446295887,-5.551115123125783e-14,5.292866222958964e-16
0.48,2.776828954516248e-17,2.709293750190461e-16,15.0,-1.6209150117459554e-17,1.5829166672317722e-15,2.4299860630559637e-20,598.5082183333004,-0.0,2.990596972224968e-16,598.5082183333004,-0.0,4.3133207585458043e-16,731.5100446295897,-0.0,7.390848618952727e-16,731.5100446295897,-0.0,9.167825129769234e-16
0.49,2.4461360353209567e-17,2.694388471924299e-16,15.0,-2.7451614962352636e-17,1.5742081935213904e-15,4.9459704848721243e-20,598.5082183333004,-0.0,2.816217129285036e-16,598.5082183333004,-0.0,3.843520818109735e-16,731.5100446295897,-0.0,5.242336149767911e-16,731.5100446295897,-0.0,6.670250284915674e-16
0.5,-1.3168478678296032e-16,2.708297096593581e-16,15.0,-3.476045490176712e-17,1.5823343680293148e-15,1.115639324318024e-18,598.5082183333004,-0.0,8.083716600546832e-16,598.5082183333004,-0.0,-1.9585825301080586e-17,731.5100446295896,-0.0,9.263758201352483e-16,731.5100446295896,-0.0,7.034303616851539e-17
0.51,-6.147197333305105e-17,2.7399654792528285e-16,15.0,-3.2435797683467835e-17,1.600836758451938e-15,4.422217513700266e-19,598.5082183333005,-0.0,6.078317374037168e-16,598.5082183333004,-0.0,2.1630463576907784e-16,731.5100446295896,-0.0,6.841817598976908e-16,731.5100446295896,-0.0,2.5297322547518314e-16
0.52,-8.346769363477539e-17,2.7798344301996835e-16,15.0,-3.5648378612301186e-17,1.6241303665940551e-15,5.94481376994823e-19,598.5082183333005,-0.0,6.82680268673488e-16,598.5082183333005,-0.0,1.576386513567431e-16,731.5100446295896,-0.0,7.009340490403137e-16,731.5100446295896,-0.0,1.2690317129713251e-16
0.53,-3.547882634638921e-17,2.833047788098166e-16,15.0,-3.318381392658494e-17,1.6552205025864905e-15,1.6638053545764358e-19,598.5082183333005,-0.0,5.66390868836625e-16,598.5082183333005,-0.0,3.3702217146185166e-16,731.5100446295896,-0.0,5.078300742339431e-16,731.5100446295896,-0.0,2.2941831871919227e-16
0.54,5.036933490859386e-17,2.891942360843557e-16,15.0,-3.412766707235947e-17,1.6896299130838277e-15,-4.550628845872647e-19,598.5082183333005,-0.0,2.79061792815449e-16,598.5082183333004,-0.0,5.601810201164521e-16,731.5100446295896,-0.0,1.5690046064960177e-16,731.5100446295896,-0.0,4.1754225827678696e-16
0.55,-6.801626100515899e-17,2.9543474806193987e-16,15.0,-3.4190270462739664e-17,1.7260903759652819e-15,3.8403814115936537e-19,598.5082183333005,-0.0,6.54533837882524e-16,598.5082183333005,-0.0,2.3150966495635474e-16,731.5100446295896,-0.0,5.646695931800519e-16,731.5100446295896,-0.0,7.898512373136755e-17
0.56,9.941193381806094e-17,3.0212848058957356e-16,15.0,-3.9816432858666513e-17,1.765198799639304e-15,-7.209663834221753e-19,598.5082183333005,-0.0,1.7139542074205618e-16,598.5082183333005,-0.0,7.30558752227941e-16,731.5100446295896,-0.0,-2.684301312191144e-17,731.5100446295896,-0.0,5.464500309944828e-16
0.5700000000000001,-1.9094424743904376e-16,3.095678090298261e-16,15.0,-3.2845943293697076e-17,1.808663399888942e-15,1.2181946212384846e-18,598.5082183333004,-0.0,9.928165902352386e-16,598.5082183333005,-0.0,-1.5669419199277856e-16,731.5100446295896,-0.0,8.270973913161165e-16,731.5100446295896,-0.0,-4.3601453413067383e-16
0.58,-3.7650617466062654e-16,3.1720377401887606e-16,15.0,-1.8215412709701776e-17,1.8532768577346106e-15,2.382602094728998e-18,598.5082183333011,5.551115123125783e-14,1.4878316022141946e-15,598.5082183333004,-0.0,-7.378530875207479e-16,731.5100446295896,-0.0,1.3645632413661673e-15,731.5100446295896,-0.0,-1.0678956504457007e-15
0.59,1.915189301269063e-16,3.227613264670299e-16,15.0,-2.4908649847107064e-19,1.8857470998358184e-15,-1.7747246351570718e-18,598.508218333301,5.551115123125783e-14,-3.6056228989144566e-16,598.508218333301,5.551115123125783e-14,8.183123781844449e-16,731.5100446295896,-0.0,-3.948038488764057e-16,731.5100446295896,-0.0,7.628604404150255e-16
0.6,1.5728209623527377e-16,3.2185857397146415e-16,15.0,-1.2123029020960465e-17,1.880472729083235e-15,-1.2362557218043307e-18,598.508218333301,5.551115123125783e-14,-5.521754348960829e-16,598.508218333301,5.551115123125783e-14,3.839367407966009e-16,731.5100446295896,-0.0,-2.7213857863331705e-16,731.5100446295896,-0.0,6.901847882868826e-16
0.61,-2.073437074431206e-16,3.1486457302836697e-16,15.0,-2.8484781215357177e-18,1.8396099741210424e-15,1.2768928924288811e-18,598.5082183333004,-0.0,4.368726188676285e-16,598.5082183333004,-0.0,-7.798012133186194e-16,731.5100446295896,-0.0,8.521153688412996e-16,731.5100446295896,-0.0,-4.818043751872545e-16
0.62,-1.5981759723443418e-16,3.0917568694605927e-16,15.0,1.875655962896349e-17,1.8063724095452755e-15,7.635704228889103e-19,598.5082183333004,-0.0,3.2809137548964e-16,598.5082183333004,-0.0,-5.706501346376842e-16,731.5100446295896,-0.0,6.274695940436246e-16,731.5100446295896,-0.0,-3.9989740984318626e-16
0.63,-1.2426208080515881e-16,3.0572071080644e-16,15.0,4.016195167455733e-17,1.786186561052815e-15,4.2903411529604096e-19,598.5082183333004,-0.0,2.5962523437186483e-16,598.5082183333004,-0.0,-4.0181422100623936e-16,731.5100446295896,-0.0,4.3498086595168467e-16,731.5100446295896,-0.0,-3.501474019104278e-16
0.64,-9.749781400077365e-17,3.044996434601046e-16,15.0,6.138386905163109e-17,1.7790524219282154e-15,2.1372122300319938e-19,598.5082183333004,-0.0,2.2014895434131118e-16,598.5082183333004,-0.0,-2.6196821033299887e-16,731.5100446295896,-0.0,2.669112586698015e-16,731.5100446295896,-0.0,-3.2481645524180916e-16
0.65,-8.595987610836846e-17,3.0548995853677816e-16,15.0,8.18753396730553e-17,1.784838380872561e-15,1.4981710640217904e-19,598.5082183333004,-0.0,2.2914785291383986e-16,598.5082183333004,-0.0,-1.689803791747022e-16,731.5100446295896,-0.0,1.443731639733854e-16,731.5100446295896,-0.0,-3.4576098934478765e-16
0.66,4.230394193549192e-16,3.084196346038759e-16,15.0,9.522534541620829e-17,1.8019551408247555e-15,-3.3715259662024784e-18,598.5082183333003,-0.0,-1.2957818401060148e-15,598.5082183333011,5.551115123125783e-14,1.3347639787674659e-15,731.5100446295896,-0.0,-1.5190058856888992e-15,731.5100446295896,-0.0,1.2287016321075042e-15
0.67,6.851896439799386e-16,3.110418268489235e-16,15.0,4.1456237800325416e-17,1.8172754131617066e-15,-4.305537514648055e-18,598.5082183333004,-0.0,-1.9973412598460345e-15,598.5082183333004,-0.0,2.0554898860529524e-15,731.5100446295896,-0.0,-2.4135732253717224e-15,731.5100446295896,-0.0,2.029592936895901e-15
0.68,5.707486489177258e-16,3.157421735884278e-16,15.0,-2.3005804994405177e-17,1.844737393595563e-15,-2.8380571091319237e-18,598.5082183333004,-0.0,-1.5425349733114434e-15,598.5082183333004,-0.0,1.7117903417578717e-15,731.5100446295896,-0.0,-2.1250411322812683e-15,731.5100446295895,-0.0,1.5914827560201998e-15
0.6900000000000001,-5.271340282648411e-16,3.2084983098748574e-16,15.0,-5.0837755708380035e-17,1.8745791042882853e-15,4.817086565535758e-18,598.5082183333011,5.551115123125783e-14,1.6517466118792125e-15,598.5082183333003,-0.0,-1.6303885146134717e-15,731.5100446295896,-0.0,1.363703053998221e-15,731.5100446295896,-0.0,-1.896716238260943e-15
0.7000000000000001,-7.218755010201379e-16,3.2176809116403635e-16,15.0,3.645068395759423e-18,1.879944079342079e-15,5.000128149840237e-18,598.5082183333009,5.551115123125783e-14,1.8947723019816705e-15,598.508218333301,5.551115123125783e-14,-2.3803675022832704e-15,731.5100446295896,-0.0,2.095659614161623e-15,731.5100446295896,-0.0,-2.4685454669302833e-15
0.71,3.3167670755462876e-16,3.163711108172481e-16,15.0,3.323684068888096e-17,1.8484119867328778e-15,-2.8564628566544484e-18,598.5082183333003,-0.0,-1.4050199445569372e-15,598.508218333301,5.551115123125783e-14,6.459151699219335e-16,731.5100446295896,-0.0,-1.230904020111452e-15,731.5100446295896,-0.0,8.409690367107387e-16
0.72,3.405280926469156e-16,3.101940997328504e-16,15.0,-5.535127350927008e-18,1.8123225305840897e-15,-2.2250382862655416e-18,598.5082183333004,-0.0,-1.3606941580857299e-15,598.5082183333003,-0.0,6.413053216780687e-16,731.5100446295896,-0.0,-1.3683584900381273e-15,731.5100446295896,-0.0,7.938876499610403e-16
0.73,2.4893611959548694e-16,3.0679094893707134e-16,15.0,-3.7612067388760265e-17,1.7924394739189976e-15,-1.256771784691837e-18,598.5082183333004,-0.0,-1.0012258637867791e-15,598.5082183333004,-0.0,3.978252894673876e-16,731.5100446295896,-0.0,-1.1605750925962707e-15,731.5100446295896,-0.0,4.211540322552821e-16
0.74,1.0172557545838483e-16,3.0540368920711084e-16,15.0,-6.621456229075888e-17,1.7843343485586355e-15,-9.633962048790189e-20,598.5082183333004,-0.0,-5.073474006866377e-16,598.5082183333004,-0.0,-1.8866918480630646e-17,731.5100446295896,-0.0,-7.351070750428728e-16,731.5100446295895,-0.0,-1.0488626036906148e-16
0.75,2.518085658229447e-16,3.057699737107809e-16,15.0,-9.876087848805144e-17,1.7864743817158644e-15,-1.0640731054147102e-18,598.5082183333004,-0.0,-9.061900368923075e-16,598.5082183333004,-0.0,4.3772845424603135e-16,731.5100446295896,-0.0,-1.2607290814909507e-15,731.5100446295895,-0.0,2.853980526201678e-16
0.76,-5.413952271815593e-16,3.062338073925681e-16,15.0,-1.0243402234602086e-16,1.789184350192604e-15,4.2030527885279465e-18,598.5082183333004,-0.0,1.3684381078986266e-15,598.5082183333004,-0.0,-1.9709238997156387e-15,731.5100446295895,-0.0,1.2580455224456238e-15,731.5100446295896,-0.0,-2.2464929313571427e-15
0.77,-2.5536624303750993e-16,3.07170979537068e-16,15.0,-8.479719282333328e-17,1.794659819242389e-15,1.726578068810438e-18,598.5082183333004,-0.0,5.79972928487346e-16,598.5082183333004,-0.0,-1.0003228869215978e-15,731.5100446295895,-0.0,3.6977078797547506e-16,731.5100446295896,-0.0,-1.3619281103187138e-15
0.78,-9.442179414450034e-17,3.1005028643327327e-16,15.0,-8.941335742152898e-17,1.81148229512105e-15,6.028556046466098e-19,598.5082183333011,5.551115123125783e-14,1.310274039893472e-16,598.5082183333003,-0.0,-4.986694810157834e-16,731.5100446295895,-0.0,-1.6873558497028143e-16,731.5100446295896,-0.0,-8.88551223316298e-16
0.79,-7.819608288300171e-16,3.112689603420569e-16,15.0,-3.634015038125111e-17,1.8186024504825663e-15,4.753534723317461e-18,598.5082183333003,-0.0,2.0340688898573232e-15,598.5082183333004,-0.0,-2.567377954249425e-15,731.5100446295895,-0.0,2.0206134925279183e-15,731.5100446295896,-0.0,-3.053747584644349e-15
0.8,-4.09137377040219e-16,3.1330689820674465e-16,15.0,2.645881874742177e-17,1.830509191169397e-15,1.6106794719508145e-18,598.5082183333004,-0.0,9.290949931761206e-16,598.5082183333004,-0.0,-1.3548077196049466e-15,731.5100446295895,-0.0,7.617074833208832e-16,731.5100446295896,-0.0,-1.939427417040448e-15
0.81,6.7730246047107e-16,3.1564603610783414e-16,15.0,4.328295780533825e-17,1.8441757061802845e-15,-5.785331429704961e-18,598.5082183333003,-0.0,-2.3882027541983595e-15,598.508218333301,5.551115123125783e-14,1.7697487842822753e-15,731.5100446295896,-0.0,-2.669724141574072e-15,731.5100446295895,-0.0,1.5409555979139852e-15
0.8200000000000001,3.147040791569509e-16,3.1663055486653354e-16,15.0,1.7503792568044335e-19,1.84992779988455e-15,-2.2017208038545293e-18,598.5082183332999,-5.551115123125783e-14,-1.1521286101035071e-15,598.5082183332999,-5.551115123125783e-14,7.136467102144504e-16,731.5100446295887,-5.551115123125783e-14,-1.4850080039421628e-15,731.5100446295886,-5.551115123125783e-14,5.064080879393604e-16
0.8300000000000001,-9.106397663476012e-17,3.1747006470415837e-16,15.0,-2.0937450407451786e-17,1.8548326726551308e-15,9.800026557676625e-19,598.5082183333005,-0.0,1.4847500912776353e-16,598.5082183332997,-5.551115123125783e-14,-4.454474325929037e-16,731.5100446295887,-5.551115123125783e-14,6.902624311392966e-17,731.5100446295887,-5.551115123125783e-14,-4.894348009118577e-16
0.84,-3.6871078754098585e-16,3.150143202240711e-16,15.0,1.2197364038835522e-17,1.8404848786305097e-15,2.411025653756499e-18,598.5082183332999,-5.551115123125783e-14,1.1465795653792e-15,598.5082183332999,-5.551115123125783e-14,-1.016548016034872e-15,731.5100446295887,-5.551115123125783e-14,1.5333020405479401e-15,731.5100446295888,-5.551115123125783e-14,-7.990430670265502e-16
0.85,-1.834864769805628e-16,3.1154727040901353e-16,15.0,4.596481198809624e-17,1.8202284891637284e-15,7.913389995727026e-19,598.5082183333004,-0.0,7.832676996732313e-16,598.5082183333004,-0.0,-2.2009478767604993e-16,731.5100446295897,-0.0,1.250258474216545e-15,731.5100446295897,-0.0,9.265226531708877e-17
0.86,-1.175068406342978e-16,3.0986565107755864e-16,15.0,7.513303295482295e-17,1.8104035550180232e-15,2.2746784762110854e-19,598.5082183333004,-0.0,5.686890123040026e-16,598.5082183333004,-0.0,-8.542546408644672e-18,731.5100446295896,-0.0,9.10777407657569e-16,731.5100446295897,-0.0,1.955872263404358e-16
0.87,3.427381402420593e-16,3.095997160325524e-16,15.0,6.766445309252044e-17,1.808849817941297e-15,-2.6013163837238638e-18,598.5082183333004,-0.0,-7.345146098546662e-16,598.5082183333004,-0.0,1.375178597641383e-15,731.5100446295897,-0.0,-6.129008961354565e-16,731.5100446295896,-0.0,1.6176028642927806e-15
0.88,1.936881913382203e-16,3.1158870627744604e-16,15.0,5.294639172467459e-17,1.8204705800287682e-15,-1.1897203503491733e-18,598.5082183333004,-0.0,-2.248391116134035e-16,598.5082183333004,-0.0,9.516985442846118e-16,731.5100446295896,-0.0,-2.2592920521846965e-16,731.5100446295896,-0.0,1.088164891953969e-15
0.89,3.2335289155280376e-16,3.1485520722974427e-16,15.0,4.16440839434146e-17,1.8395552540348917e-15,-1.9801895492139406e-18,598.5082183333004,-0.0,-5.998317959606273e-16,598.5082183333011,5.551115123125783e-14,1.3259166574694745e-15,731.5100446295897,-0.0,-6.44786801911408e-16,731.5100446295896,-0.0,1.4873200216946216e-15
0.9,5.950101242170307e-16,3.1636752180910137e-16,15.0,-2.733652136684421e-17,1.8483910177965496e-15,-3.095622783555245e-18,598.5082183333012,5.551115123125783e-14,-1.4733260183599575e-15,598.5082183333003,-0.0,1.9300175821601207e-15,731.5100446295897,-0.0,-1.5697840176167566e-15,731.5100446295896,-0.0,2.2837642255166505e-15
0.91,-4.438963002353264e-16,3.154970639192174e-16,15.0,-3.435485975836836e-17,1.8433053296834617e-15,3.86586984094471e-18,598.5082183333011,5.551115123125783e-14,1.4874438983358337e-15,598.5082183333003,-0.0,-1.25039464591787e-15,731.5100446295896,-0.0,1.7002801668269386e-15,731.5100446295896,-0.0,-1.0576066412643684e-15
0.92,-5.10554277748368e-16,3.160252614481321e-16,15.0,-1.6541983847961143e-18,1.8463913467388326e-15,3.632891987842443e-18,598.5082183333004,-0.0,1.7379832637402429e-15,598.5082183333004,-0.0,-1.298836466836415e-15,731.5100446295896,-0.0,1.8269806222005944e-15,731.5100446295896,-0.0,-1.3947539421591907e-15
0.93,4.592118820556252e-16,3.184159809927935e-16,15.0,1.1125635402837693e-17,1.8603592297476618e-15,-3.456006170929884e-18,598.5082183333003,-0.0,-1.213197505711617e-15,598.5082183333011,5.551115123125783e-14,1.5468149720423142e-15,731.5100446295896,-0.0,-1.2597374313204083e-15,731.5100446295896,-0.0,1.6253189328814205e-15
0.9400000000000001,-8.381302969781692e-17,3.1933442768546534e-16,15.0,-2.555614382846141e-17,1.865725294530013e-15,9.369517976793128e-19,598.5082183333011,5.551115123125783e-14,3.924780663061447e-16,598.5082183333003,-0.0,-1.6033017014889323e-16,731.5100446295896,-0.0,4.200329018566018e-16,731.5100446295896,-0.0,-1.0101565175836935e-16
0.9500000000000001,-5.492243605843001e-16,3.179210392071372e-16,15.0,3.4510172952662296e-17,1.8574675108199166e-15,3.278401879516026e-18,598.5082183333003,-0.0,1.5540874541580878e-15,598.5082183333011,5.551115123125783e-14,-1.6202964999245805e-15,731.5100446295896,-0.0,1.927253948865844e-15,731.5100446295896,-0.0,-1.5676323841265576e-15
0.96,3.9821948174178426e-16,3.13559142154407e-16,15.0,4.229763509069682e-17,1.831982937413912e-15,-3.289851656883683e-18,598.5082183333004,-0.0,-1.3367768931198782e-15,598.5082183333004,-0.0,1.112628655175988e-15,731.5100446295896,-0.0,-1.0879488502943272e-15,731.5100446295896,-0.0,1.4211641480191137e-15
0.97,3.741066026704478e-16,3.106918997267411e-16,15.0,1.0996193717715252e-17,1.815230948717864e-15,-2.510444419077369e-18,598.5082183333004,-0.0,-1.1060749282133527e-15,598.5082183333004,-0.0,1.1133205329258453e-15,731.5100446295896,-0.0,-1.1281864291337875e-15,731.5100446295896,-0.0,1.2624976563484093e-15
0.98,2.913065558283445e-16,3.1095163685385646e-16,15.0,-2.3263188479887805e-17,1.8167484741895145e-15,-1.531110907125064e-18,598.5082183333004,-0.0,-7.760812954388506e-16,598.5082183333004,-0.0,8.836962112370362e-16,731.5100446295896,-0.0,-9.399738767016805e-16,731.5100446295896,-0.0,9.315470399670213e-16
0.99,-3.4532251644149894e-17,3.133221648790703e-16,15.0,-5.5364902211249884e-17,1.8305983873670254e-15,9.632886461170217e-19,598.5082183333011,5.551115123125783e-14,2.2552541760144e-16,598.5082183333003,-0.0,-9.661784460413838e-17,731.5100446295896,-0.0,4.27775818637558e-17,731.5100446295896,-0.0,-1.6031775738323946e-16
1.0,1.422178193471701e-05,7.459470272747779e-10,14.999999836875086,-4.1874303343659235e-08,4.358219508022818e-09,-7.058243941148111e-07,598.5084038288993,5.309878092774056e-07,-7.353599825919463e-05,598.508108246098,-3.7862118995590777e-07,7.406579375301366e-05,731.5102954052917,3.9456882205968213e-07,-6.26320275477396e-06,731.5097378842228,-4.779133200294439e-07,5.76000802937104e-06
1.01,0.32662192255923245,0.19921583390350595,15.000997517950902,0.0010042317046434419,-0.00011717198533425368,0.0039035959315378765,595.1906382394949,-0.012962427107687802,-1.7890601564737625,601.4016822277522,0.008851863406433846,1.8465636242550882,732.6522143010236,-0.009348657278029915,2.5690491825947146,735.8392717058832,0.011575254031448434,2.547599281884872
1.02,0.5663423724739847,0.39724176138638834,15.003981609020936,0.006852940109282164,-0.0009071230862450583,0.013790840579952413,589.6782582469158,-0.09040594928522161,-2.992343924717262,605.5165193590417,0.05845613638832958,3.2015542568607724,731.514520925558,-0.0628374058160297,5.064001581563647,743.2297102808704,0.07994867636063052,5.175386229066662
1.03,0.7760174935640811,0.5943390137801311,15.008943251400886,0.019881319004743263,-0.0029584177752791786,0.027657992620357386,582.0608611107392,-0.2682544808401688,-3.8693651190895912,610.6190173979757,0.16361483508586794,4.3102236315213265,728.7460547718216,-0.17943889906185673,7.4061568402769336,753.105658513163,0.23480309784673636,7.96530617034681
1.04,0.9851484921933623,0.7905404527147833,15.015874418048469,0.04078831656282341,-0.006764258632531173,0.04418584633777983,572.4841691690717,-0.5631783602881302,-4.565595444524037,616.4704987628801,0.322840375888811,5.317432423657819,724.8255306613846,-0.3621763747188589,9.574474064886308,765.0258594600298,0.48767833141000194,10.944907088193839
1.05,1.2075668923082792,0.9857852439090614,15.024766669907294,0.06937904444835633,-0.01271935312615137,0.062493181345816155,561.1265183459944,-0.9806013700287552,-5.159381018596989,622.843457522341,0.526475350539457,6.307422886692414,720.1135513960686,-0.6058862861401115,11.577442789381122,778.6299188434873,0.8396770988947089,14.113400788797483
1.06,1.44836498833809,1.1799874797119618,15.035610647011637,0.10499116405237967,-0.02111849291098738,0.08198081557268372,548.1846518187863,-1.5192996881385201,-5.690368728383458,629.5301836157762,0.7613555692723706,7.328136264118859,714.8853806065151,-0.9016666553134933,13.436932562857008,793.6059832669396,1.2859006324071331,17.455950923138488
1.07,1.7079314090154019,1.373069580835662,15.048396024592087,0.14673750460742055,-0.032157462901136045,0.10223332593366351,533.8644342591032,-2.1740392921408835,-6.176438147249708,636.3470482223473,1.0134427768297982,8.405835788638685,709.351693001212,-1.239382345086526,15.179308139833083,809.6725054781538,1.81799841494662,20.951411599565056
1.08,1.9842819225301307,1.5649771212081873,15.063111692923306,0.19364413032201208,-0.045936485059844455,0.12295667179229883,518.3742307870342,-2.93711532138774,-6.623715374680651,643.1363795880841,1.2692843534877762,9.553915422597463,703.6721845916236,-1.6090500967063104,16.830782408860124,826.5688999388047,2.4256597955211734,24.57648970021112
1.09,2.2743847040093628,1.7556840136489062,15.07974603746842,0.24472891952725306,-0.06246610948819377,0.14393843545287263,501.9197866092358,-3.799281125662801,-7.0324136701631295,649.7669576032463,1.5167911687700153,10.778200175452568,697.9649437994639,-2.001573446262228,18.415203151934087,844.0517151160411,3.097516305540615,28.30795592511324
1.1,2.5748992742426906,1.9451927201053485,15.098287249217387,0.29904674911450213,-0.08167527142605555,0.16502226541607257,484.700029130015,-4.750345925806309,-7.400179712684064,656.1336625954574,1.7456214752207266,12.08014169960838,692.3133629746499,-2.4091024860280474,19.95319189441156,861.8940653621283,3.8217233884264568,32.12381195798393
1.11,2.88257518997921,2.133531900525282,15.118723623265591,0.35571591050646273,-0.10342112231775384,0.1860912605289692,466.9035443550108,-5.779594194665005,-7.723955465537152,662.156538386326,1.947335444236975,13.45874801017121,686.7716571285512,-2.825175689358861,21.462005318161538,879.886821575859,4.586369066322648,36.00390176156721
1.12,3.1944544702735476,2.320752747560495,15.141043820970488,0.4139337772794683,-0.12750018614882924,0.2070569940089648,448.7056510237194,-6.876107655733876,-8.00096197784824,667.7793937357018,2.1154136482752217,14.911750429120668,681.3696165833306,-3.2447332753400837,22.955757061183945,897.8405588197513,5.379787159117633,39.93022227990521
1.1300000000000001,3.507961680890698,2.5069246700669603,15.165237082442196,0.472985993069375,-0.1536603728671388,0.22785210049597826,430.2660734894555,-8.02903003506067,-8.22916802788877,672.9680078215576,2.2451920597632014,16.43631040203765,676.1169446237124,-3.6640530155612194,24.445794648711875,915.587598802818,6.19081307539232,43.88706256405732
1.1400000000000001,3.8209302647407126,2.6921307126996403,15.19129338373643,0.5322513614743517,-0.18161338842182811,0.24842512159433244,411.7272378087841,-9.22779228823284,-8.407459871550131,677.7079875685508,2.3337432163820226,18.029447606020266,671.0073565980033,-4.080637688922028,25.94111835040014,932.9837240038743,7.008998407341204,47.8610343701734
1.1500000000000001,4.131570063675065,2.8764636957451546,15.219203866396368,0.5912035759514335,-0.21104711489276348,0.2687380795815952,393.21278040369134,-10.462305237903092,-8.53556036363248,682.0024869436338,2.3797213178463617,19.68814101204461,666.0220477171061,-4.4930721500829325,27.44880121290824,949.9098865750295,7.824790056452258,51.84101488258266
1.16,4.158360802327964,2.8758388630739598,15.24803777807447,0.6485590415399014,-0.2415125410962295,0.2855084011764773,376.97167635473767,-11.71147593324423,-7.848021207697875,682.4761037147115,2.376336142500435,18.831141968159685,659.7873447000511,-4.892975026231761,26.418569504158107,962.1771879722787,8.619824311727475,53.2464774575277
1.17,4.252576820609478,2.8725864115704263,15.276846248856307,0.7006835232746774,-0.2720906617410515,0.29691017048427826,363.14079079247534,-12.919427371965442,-7.470511444354045,681.7325882172852,2.3005268818191427,18.5271998801266,655.5281083731213,-5.250932280588428,25.432773645609203,971.1471028102687,9.347799350592656,54.55481189172461
1.18,4.370120849195373,2.868077736921277,15.305608762544582,0.7453046257223448,-0.301840680243869,0.3046009726325879,351.6294394814472,-14.044259457761054,-7.271459963134899,679.9941137038196,2.14484057570391,18.526000061448975,652.6443535399844,-5.55149207019312,24.5586993664271,977.2769558841937,9.97682837006919,55.686846306895845
1.19,4.4873641185058135,2.863181437467289,15.334316844374356,0.781687268165761,-0.32994803275460205,0.3097403796737938,342.2904405830418,-15.062660558307684,-7.174385851880399,677.5294735690338,1.9166295480966267,18.674301427289397,650.6611833057697,-5.793695681880207,23.820178838249877,980.9795349163161,10.492562175283105,56.61846009395456
1.2,4.592778128043973,2.8584379239786686,15.36296987257907,0.8100108764219189,-0.3557347185474812,0.3131480704204915,334.9402805176446,-15.963268540065023,-7.135423488449893,674.6217830122799,1.6311604622181175,18.881539973107497,649.2030811987094,-5.984435351926331,23.218284951141413,982.6401350128492,10.891853691079923,57.35546204315719
1.21,4.6818167063390765,2.8541721389346097,15.391571967163697,0.8309804743928051,-0.3786646448738406,0.3154079208588681,329.37464633958894,-16.742529941210783,-7.1295631202716,671.5451350201758,1.3073066000965916,19.096937300181814,647.9776119312673,-6.134341378587482,22.742645792507403,982.6229508096047,11.178767140625713,57.91875022199902
1.22,4.7538399149009525,2.850565370368008,15.420129902822426,0.845579226962165,-0.3983443382100998,0.31693710372409856,325.3801388994455,-17.40205087367308,-7.142537045481683,668.5484507829249,0.9648214981139991,19.294584186304682,646.7643756857312,-6.255223575134361,22.377632078580337,981.2718552769527,11.361980536579718,58.33567878918332
1.23,4.810282638201444,2.8477014305442703,15.448651701859792,0.8549082654844882,-0.414519483176903,0.3180324837226959,322.74309796712805,-17.946851139932384,-7.166161678911271,665.8449992100494,0.6226056411875458,19.46380094860773,645.4066118913173,-6.358490075985879,22.105755350923346,978.9084672127126,11.453029693659744,58.63511423675101
1.24,4.853569762285383,2.845597194103114,15.477145693854181,0.8600820573523918,-0.4270678045819449,0.31890247298684093,321.25614614821654,-18.384177804679602,-7.19571462760041,663.606425290596,0.2976204100590407,19.602915504153408,643.8038401287823,-6.4541998538295005,21.90954608737573,975.8293059633262,11.465075984797346,58.84467537193474
1.25,4.8864752817743256,2.8442236518396786,15.505619899400763,0.8621601882072595,-0.4359888554908476,0.31968961161211035,320.7229028156276,-18.722672868017987,-7.2284722237914885,661.9603365234905,0.004238956347601963,19.715239890852047,641.9046834576013,-6.550536842564069,21.77259693739989,972.3030418963359,11.412011233868203,58.98926237304978
1.26,4.911749050382675,2.843521039087234,15.534081642846152,0.8621042170273622,-0.44139129605103483,0.3204871028842501,320.9612091352521,-18.971775638916554,-7.262895016914961,660.9906792436544,-0.24609298741057328,19.806484676785775,639.6995280487484,-6.653575473225482,21.680125187763725,968.5683499311938,11.30779360066808,59.09036109223665
1.27,4.931906561506506,2.8434100895602614,15.562537327303302,0.8607523915103547,-0.4434782654811805,0.3213512920884607,321.8051482449349,-19.141286509932186,-7.298165223684794,660.7402379632592,-0.44496977830632556,19.883124548029407,637.2129770466788,-6.767251229699567,21.61924436583435,964.8325697687445,11.165950533288449,59.165816909089855
1.28,4.949119705083217,2.843800579605619,15.590992324751245,0.8588074417217179,-0.44253144990883886,0.3223112987625052,323.1061008990969,-19.24104622183537,-7.333911245073743,661.2146766028387,-0.5869699993999999,19.95140147119568,634.4962254592598,-6.8934761386331145,21.579049770951013,961.2712020525466,10.999209217580407,59.229894189498424
1.29,4.965170927324977,2.844597840844458,15.619450947175684,0.8568340593328564,-0.4388944338066038,0.3233765475102933,324.7330432779314,-19.28070045962771,-7.370030992969385,662.3876133747256,-0.6694756052808559,20.01675808392952,631.6195622079384,-7.032354652062811,21.55058115615815,958.0281760274902,10.819228371494349,59.293506859228884
1.3,4.981447420032514,2.84570766396416,15.64791647379696,0.8552634962710255,-0.43295589269999485,0.32454267387232705,326.5722653339184,-19.269528918075817,-7.406569381134234,664.2062897305389,-0.6924009538286646,20.08356061460521,628.6652273015619,-7.182465126437165,21.526705159740953,955.2167803034017,10.63641271682031,59.36454642423277
1.31,4.99896035747275,2.847039889877491,15.676391215883607,0.8544032436136338,-0.4251331407338376,0.3257961314563842,328.526662675503,-19.21632368732251,-7.44362905565523,666.5974614980469,-0.6578608602167413,20.155013818905875,625.7208378641495,-7.341178772502288,21.5019487843714,952.9211343575449,10.459795775946134,59.44825888857773
1.32,5.018379298760286,2.8485109244394087,15.704876605362594,0.8544501224821134,-0.4158564905178965,0.32711774409981487,330.51473141381564,-19.129305528308883,-7.481305365787548,669.4732074522585,-0.5698024687845193,20.23319942803737,622.8735610113091,-7.5049930225643,21.47230768162123,951.1980817354026,10.29697929983664,59.5476383202911
1.33,5.040075084528656,2.850045382917421,15.733373296983581,0.8555054098185371,-0.40555481690002837,0.3284854002738283,332.4693731189454,-19.01606921028631,-7.519641763001514,672.7364159626001,-0.4336220170190752,20.319189718465086,620.205164523643,-7.669860511434701,21.435046894127247,950.0793982521993,10.154119449454214,59.66381588122657
1.34,5.064166654521765,2.851577050212905,15.76188127653045,0.857590871542991,-0.3946426437469803,0.32987605701111344,334.33659599062787,-18.88355104080125,-7.558603426289144,676.2857723434701,-0.2557841033082875,20.413202087395735,617.7880251901051,-7.831498674713444,21.388506322881053,949.5742244292619,10.03595124492268,59.79643082248981
1.35,5.0905686301341335,2.8530493224651012,15.790399969713533,0.8606648008091146,-0.3835089963969704,0.3312671968338475,336.07417878781854,-18.738013277444786,-7.598066884177341,680.0201264359275,-0.04345773900055194,20.514770796114494,615.6821247769586,-7.985668491384102,21.331918501667214,949.6716474515594,9.945843963858337,59.943975254340145
1.36,5.1190374894558355,2.854415271581305,15.818928348046798,0.864637365675387,-0.37250818508701866,0.3326378587426844,337.6503463870646,-18.585041390721646,-7.637822863822305,683.8421704183296,0.19581974010679515,20.62291951580362,613.9330183800785,-8.128414176578836,21.26524245273086,950.3433720586943,9.885881193807622,60.104108047593115
1.37,5.149214858076066,2.8556374466642556,15.847465029292458,0.8693847586853591,-0.3619526090579802,0.3339693420860842,339.0424904847704,-18.429551203035132,-7.6775891286737465,687.6613999939589,0.45444285767004544,20.73632379041533,612.5707216857855,-8.256258646071824,21.189014608365856,951.5464309869865,9.856960146849502,60.27393547155161
1.3800000000000001,5.180666937787292,2.856687497437243,15.876008370994972,0.8747618085771455,-0.3521075995977512,0.33524566069061024,340.2359562746017,-18.27580378281224,-7.717029904351328,691.3963675118235,0.7249970188074606,20.853456584999726,611.6094335713367,-8.366352285435363,21.10421602906,953.2258936330927,9.8589056263223,60.45025750953865
1.3900000000000001,5.212919457499194,2.857545677417764,15.904556556275027,0.8806128592900199,-0.34318825500936206,0.33645380527011026,341.2229061080158,-18.127426635976274,-7.755778668187077,694.9762632446865,1.000473597395135,20.97271310550235,611.0479888400907,-8.456574921099524,21.012154317360377,955.3175367995292,9.890594690501631,60.62977955441205
1.4000000000000001,5.245487797958128,2.8582002613171573,15.933107671462903,0.886780841979587,-0.33535816297090976,0.3375838560077644,342.0012641686313,-17.98744021897003,-7.79346151871361,698.3418813339829,1.2744404518224006,21.092513318418828,610.8709223742768,-8.525592875111565,20.914358510322057,957.7504443170783,9.950088584628036,60.80928965121251
1.41,5.277902144414242,2.8586468937044387,15.961659775375276,0.8931145614275314,-0.32872985713560393,0.3386289749830392,342.5737418370368,-17.85828911228493,-7.829718939027304,701.4460404558891,1.5411689956577046,21.21138223775092,611.050019800606,-8.572874573143707,20.812485579380013,960.4495037793591,10.034768918148195,60.98580182829038
1.42,5.309727680853994,2.8588878751046796,15.99021096013786,0.8994742898314628,-0.3233668158212096,0.3395852998524254,342.9469412882879,-17.741877361281354,-7.864224418375928,704.2535369156362,1.7957203370223551,21.328009199162345,611.5462298045722,-8.598669366639777,20.70823772421928,963.3377693563334,10.141475364386254,61.15666646882177
1.43,5.340579970590747,2.8589313871449877,16.018759403483823,0.9057358104185951,-0.31928678157476176,0.3404517554194354,343.13053442009146,-17.63960753847038,-7.89669901844721,706.7407106171936,2.033994027271613,21.441288094375285,612.3118182572772,-8.603955041916189,20.603290206140674,966.3386603911576,10.26664237828534,61.31964917328239
1.44,5.370135779701901,2.858790659051691,16.047303412462874,0.9117930834652235,-0.31646616122085636,0.3412297976301823,343.1365148670992,-17.552423039455476,-7.9269215116743865,708.8947032129223,2.2527436560044745,21.550340967023796,613.2926530762667,-8.59035995268581,20.499229878931924,969.3779668060363,10.406432591939074,61.4729801403447
1.45,5.398139695861322,2.858483082165085,16.07584145851456,0.9175597215085487,-0.31484525633947374,0.3419231041494864,342.9785220408475,-17.480853026594023,-7.954734150975231,710.7124837182039,2.449563935820298,21.654527543699718,614.4305200571702,-8.5600658695687,20.397504764482257,972.3856346477517,10.556864686216416,61.61537669753855
1.46,5.424406975647133,2.858029285398776,16.10437220391523,0.922969462416717,-0.3143340733299153,0.34253722609269627,342.67123734677097,-17.425059312631998,-7.980044446018721,712.1997108955698,2.622854082555859,21.753443256711353,615.6653827704357,-8.515697538985567,20.299384974695883,975.2973085983698,10.713933676806898,61.746042173457035
1.47,5.448823116280005,2.8574521910393393,16.132894519709907,0.9279758220456901,-0.3148184694389912,0.3430792159633353,342.22985359314015,-17.38488436013058,-8.002823526222526,713.369494549816,2.771762262200883,21.846908168786463,616.9375131974145,-8.460204635218071,20.20593503936855,978.0556129784114,10.873721716814167,61.86464475096576
1.48,5.4713406901521635,2.8567760755698437,16.161407495386204,0.932551095601697,-0.3161664053341801,0.3435572468662723,341.66961889202145,-17.359899484741426,-8.023101779230029,714.2411101445933,2.896115689342227,21.93494898704317,618.1894334660917,-8.396741323165758,20.117997330951617,980.6111585307629,11.032497721363498,61.97128022266884
1.49,5.491974000270691,2.8560256633529226,16.18991044072427,0.9366848611403227,-0.31823409483933934,0.34398023736897004,341.00545597673687,-17.34945230739665,-8.04096248363899,714.8387132989657,2.996340664136843,22.017776095867372,619.3676224085484,-8.32854807139416,20.036185861582588,982.9232688189531,11.186804370688975,62.066422657443
1.5,5.510792111237183,2.8552252815522285,16.218402880447933,0.9403821218209208,-0.3208718671063662,0.344357494926189,340.25165686992733,-17.35271251052484,-8.056534125461333,715.1900930442455,3.073376459603483,22.095757276057103,620.4239534204854,-8.25883970574992,19.96088933940114,984.9604270476028,11.333531347230362,62.15086687856926
1.51,5.5279107849218985,2.854398102587697,16.24688454248677,0.9436612069060641,-0.3239295845320924,0.3446983886852537,339.4216513723958,-17.368715017334445,-8.069982017603724,715.3254953894403,3.1285865460218276,22.169389529681503,621.3168420868519,-8.190703006879573,19.892282066508262,986.7004511277179,11.469974002870309,62.22566637168745
1.52,5.543483805690283,2.853565496065785,16.275355340819,0.9465515357833088,-0.327261489923733,0.3450120599658511,338.52784610369366,-17.396399825495845,-8.081499747011186,715.2765418429989,3.1636701858202554,22.239270205939558,622.0120931423187,-8.127006457641418,19.830341073489706,988.1304114885343,11.593877022600562,62.29206982296776
1.53,5.557694121382168,2.8527465061147774,16.303815353984817,0.9490913347692352,-0.3307303875993632,0.3453071760127152,337.5815290260881,-17.434647877044686,-8.091300868733049,715.0752611033171,3.1805769667144768,22.306068425067544,622.4834464876084,-8.070324059970268,19.774867825535264,989.2463121510988,11.703463035064033,62.3514589816391
1.54,5.5707451584176875,2.851957463132064,16.332264800429655,0.9513253831015094,-0.33421109419662764,0.3455917299910055,336.5928327247606,-17.482312522021203,-8.099611160760313,714.7532461730002,3.181426375271079,22.370497622602826,622.7128311170927,-8.022874481631748,19.725512893585062,990.0525606686546,11.797446501485286,62.40528999438433
1.55,5.582852597634141,2.851211731870378,16.36070401185262,0.9533028521335629,-0.33759312497645244,0.34587288782641995,335.57074835979375,-17.53824632036305,-8.10666165568266,714.3409436844909,3.1684340570485303,22.43328988042352,622.6903438593887,-7.986476174092038,19.681802137608777,990.5612565302986,11.875033575670102,62.455039815056
1.56,5.594236826457331,2.850519591220898,16.389133405698043,0.9550752900727447,-0.3407826095006508,0.34615688051611027,334.52318125891156,-17.601323111611944,-8.112682579826238,713.8670772710695,3.1438459709228206,22.49517256902989,622.41397671495,-7.962518533227048,19.643163167690346,990.7913304281125,11.935908954102182,62.50215878567882
1.57,5.605116216592967,2.84988823550376,16.41755345784469,0.9566947934446252,-0.3437034560273477,0.34644893901742996,333.45703863676744,-17.67045545370821,-8.117898259893392,713.3582024150775,3.1098812311212143,22.55684769359705,621.8891222167886,-7.95194866260135,19.608951100122695,990.7675683924375,11.980211014683995,62.54803003714389
1.58,5.615701317325499,2.849321882870335,16.445964676426364,0.958212395718755,-0.34629780625167983,0.3467532677656194,332.3783399078782,-17.74460768176922,-8.122523001618386,712.8383864025975,3.0686840473718724,22.61897421218183,621.1278905771136,-7.955272850841466,19.57847288122556,990.5195552588518,12.008496766906129,62.59393598323389
1.59,5.626190004372754,2.8488219736803604,16.474367577571428,0.9596766932048203,-0.3485258407213667,0.34707305223886326,331.29234046488233,-17.82280495944899,-8.126757903562785,712.3290038604921,3.0222848274801817,22.682153477658595,620.1482753708227,-7.972571495190206,19.551009687955492,990.0805713463939,12.021698300435702,62.6410318834358
1.6,5.636763583715867,2.848387440391225,16.502762663688294,0.9611327185380563,-0.35036501013034915,0.3474104957093695,330.2036605502461,-17.90413878632824,-8.130788540021854,711.8486358899261,2.972570203036373,22.746917846542033,618.9732061358903,-8.003525896351949,19.525837115706032,989.486474734557,12.021072522018116,62.69032622516456
1.61,5.647583818747326,2.848015030403363,16.531150404760286,0.9626210630098081,-0.3518087786380028,0.34776688030666225,329.1164118698173,-17.987769484389737,-8.134783427847903,711.413059065357,2.9212614823856398,22.81372239983824,617.6295265703079,-8.047455117461688,19.502243021501943,988.7745992784464,12.008146013935129,62.74266751655374
1.62,5.658790826696127,2.847699664178151,16.55953122295477,0.9641772408900896,-0.35286497241158027,0.3481426476867593,328.03431578750735,-18.072926216657738,-8.138893180562274,711.035309540916,2.869900828743166,22.882939635807713,616.146936047978,-8.103360943036432,19.47954300320776,987.9826956534656,11.984656835205222,62.798736976211465
1.6300000000000001,5.670501775443339,2.847434812481896,16.58790548070519,0.9658312819556756,-0.3535538299026754,0.3485374948694511,326.9608082136912,-18.15890509464274,-8.143250247441228,710.7258071705049,2.8198443071047463,22.954856924158122,614.5569300770562,-8.16997889086063,19.457093565816802,987.1479394233506,11.952495025101262,62.85904654468122
1.6400000000000001,5.682810303166337,2.8472128785215878,16.61627347229358,0.9676075328600201,-0.35390585020716864,0.34895048111215826,325.89912757911424,-18.24506591236713,-8.147969133745757,710.4925248489874,2.7722608412952265,23.02967645718611,612.8917722365152,-8.245833217764398,19.434303061509752,986.3060265168434,11.91364346431989,62.92394161251919
1.6500000000000001,5.695786579319535,2.8470255727786706,16.64463541884868,0.9695246438721424,-0.3539595325717113,0.3493801419886933,324.8523835111264,-18.330828007846467,-8.15314699981171,710.3411891385043,2.7281360701283397,23.107517396291325,611.1835262336002,-8.329293914071112,19.41064050022277,985.4903727018985,11.870120609700663,62.99360785183271
1.6600000000000001,5.7094779249092,2.846864270334972,16.672991466578715,0.9715957148985878,-0.3537590941149102,0.3498246071106151,323.82360495709423,-18.41566570236186,-8.15886454062802,710.2754995545424,2.688280085457073,23.188419891617258,609.4631722303176,-8.418633794227691,19.38564232184261,984.7314297687305,11.823926451231316,63.06808154347364
1.67,5.723909911638728,2.846720342310461,16.70134168798007,0.9738285735259263,-0.3533522445916935,0.35028171816209613,322.8157675053327,-18.49910370774166,-8.165187053451007,710.2973555346347,2.6533380694842568,23.272350646884824,607.7598267048046,-8.512083954351047,19.35891720916349,984.056127265275,11.776992852375823,63.14726280446787
1.68,5.739087862295054,2.8465854546536145,16.729686085699022,0.976226157940405,-0.352788087036026,0.3507491441257291,321.83180052571777,-18.580712825748858,-8.172165608785155,710.4070819762874,2.6238029174655564,23.359209708564215,606.100080056466,-8.607886071467508,19.330149010177287,983.4874448489611,11.731139233248422,63.23093113533248
1.69,5.754998677976004,2.846451828953766,16.75802459867429,0.9787869787900687,-0.35211520187007184,0.3512244907763163,320.8745754903802,-18.660106194555325,-8.179838249653534,710.6036461886039,2.6000290273593407,23.44883817563002,604.507461133153,-8.704340253692989,19.29909783478733,983.0441166938839,11.688034346919062,63.31876272225142
1.7,5.7716129209503055,2.846312461228719,16.78635711015063,0.9815056361023278,-0.3513799600585345,0.3517054017375446,319.946877446891,-18.73693626762468,-8.18823115541624,710.8848610419801,2.582246552167322,23.54102655028399,603.0020330356507,-8.799847404768247,19.265599397863934,982.7404659819986,11.649164687685287,63.410348943936484
1.71,5.788887084879308,2.846161295843352,16.814683457128243,0.9843733699854511,-0.35062509858303936,0.3521896486577558,319.0513621128218,-18.810892642098064,-8.197359719301065,711.2475709247335,2.5705755357995907,23.635523478261053,601.6001200928837,-8.892945329669333,19.229562698519544,982.5863643639286,11.615809861375336,63.50521554810379
1.72,5.806765986818763,2.8459933528966124,16.84300344079901,0.9873786267583495,-0.3498885793443371,0.3526752083864986,318.1905014523435,-18.8817007885696,-8.207229502965868,711.6878187467183,2.5650394818806377,23.732044656994375,600.3141619217278,-8.982338070520179,19.1909661532553,982.5873084483163,11.589025046034152,63.60284197960466
1.73,5.825185218038326,2.845804808618465,16.871316837518673,0.9905076251269609,-0.3492027409540419,0.3531603254357358,317.3665208909658,-18.949121673282278,-8.21783704632126,712.2009936123496,2.5655780303975306,23.83028171880865,599.1526870748961,-9.066918214775399,19.149852335218714,982.7446029129784,11.569630480590899,63.70268036374018
1.74,5.844073593531517,2.845593029562552,16.899623409874774,0.9937449098576029,-0.34859374208201244,0.353643558490546,316.5813315281419,-19.012952208433077,-8.229170525854915,712.781959886652,2.5720585339710778,23.929910922842655,598.1203959906942,-9.145782152970682,19.106321509144102,983.0556377665775,11.558207742804804,63.80417367668578
1.75,5.863355543463251,2.8453565626525803,16.927922917433456,0.9970738829415902,-0.3480812853496041,0.354123810284673,315.83646081956164,-19.073026417528173,-8.2412102690508,713.4251691878443,2.5842864295493873,24.030601512623257,597.2183408085008,-9.218238475111939,19.06052418711635,983.5142456598062,11.555102419023633,63.90677267246866
1.76,5.882953394011698,2.845095084402245,16.956215126784027,1.0004773044137318,-0.3476786024092374,0.35460034075644836,315.1329852184684,-19.129217161580726,-8.253929145380503,714.1247573684334,2.602014389573637,24.132023615820177,596.444188093772,-9.2838098784635,19.01265295979024,984.111123976232,11.560432629786622,64.00995118408308
1.77,5.902789490315451,2.8448093138213215,16.98449982054816,1.003937756749939,-0.34739267396999424,0.3550727640219602,314.47146818280737,-19.1814382393764,-8.267292864975174,714.874628819568,2.624950307525298,24.23385557896146,595.7925495922353,-9.342229112213552,18.962933877522595,984.8343057397889,11.574102759304372,64.11321947556607
1.78,5.922788120624399,2.84450089457506,17.0127768050783,1.0074380681465245,-0.34722465319846163,0.35554103031077583,313.8519067675193,-19.229646651873434,-8.281260223806834,715.6685304881397,2.6527642258330486,24.335790643491045,595.2553657530186,-9.393429604883153,18.911617663547347,985.6696631616367,11.595821645161875,64.21613539148635
1.79,5.942877208218744,2.844172252810758,17.04104591663665,1.0109616910355548,-0.34717045716668576,0.35600539456908015,313.2736897254413,-19.273844807761677,-8.295783338533367,716.500117877269,2.6850943500077995,24.437542881502587,594.8223268607859,-9.43753150844351,18.858971035686743,986.6014279016586,11.625124418396581,64.31831312839984
1.8,5.962990386667023,2.8438264432102867,17.06930669491454,1.0144930376651458,-0.34722150894122644,0.35646639059025914,312.7356452222583,-19.314082855991344,-8.310809618509548,717.3630813836022,2.7215520029366114,24.53885448359579,594.4812743344193,-9.474823814832224,18.80526663335809,987.6126562397735,11.661397376384441,64.41943164404833
1.81,5.978032298315174,2.6435126943853713,17.096561635976332,1.0180046144907662,-0.34725187127166285,0.35698105034921673,312.48467693309766,-19.348293029318565,-8.331466591602046,718.477795850134,2.763608123326211,24.645156673950705,591.5725822157699,-9.506656486133636,16.25185476853686,985.9162910323689,11.702718088852205,61.937883453359824
1.82,5.995862155141851,2.443349967573085,17.121807777257686,1.0214408209396235,-0.3467017871333227,0.3576252519278805,312.81075578259976,-19.366426289200323,-8.363014307164022,720.1301332820033,2.82010550203754,24.76017310335392,588.3740879190733,-9.538141846556492,13.693640303664214,983.8756469913698,11.742817218508394,59.463641483259536
1.83,6.015973261808836,2.243431388452955,17.14504865625766,1.024788860821101,-0.34497186349633013,0.3584284498809851,313.75562256876736,-19.358152855982247,-8.405402233726345,722.3958418493695,2.9010974198856454,24.881579769995152,584.8084388204496,-9.575164332801256,11.133948571854251,981.4579247757841,11.77554511548018,56.99567896304328
1.84,6.038092739267017,2.0438292313217286,17.166286915508348,1.028079748316901,-0.34155321955656437,0.3594191232460021,315.33889112575025,-19.31515138742662,-8.458400237660063,725.331277267342,3.015579973448923,25.007657685493804,580.8180598304268,-9.62314982621737,8.5747403244666,978.6501733402199,11.796123111765255,54.53450373925995
1.85,6.062108950946177,1.8445941328600708,17.185525793871147,1.031372365452453,-0.3360342263732007,0.3606221758396183,317.56019627030537,-19.231036457710683,-8.521586910704961,728.9720170827634,3.17121828247402,25.13713849764477,576.3659544413719,-9.686817965544048,6.01694576223073,975.4569965779995,11.801059030143335,52.08164737829125
1.86,6.0880140644475444,1.6457557539918808,17.202768888580557,1.0347404652215957,-0.32810366907479105,0.36205716699976903,320.40178423715514,-19.101265790006206,-8.594361227199396,733.3327940447007,3.3741569324807763,25.269083602357874,571.4352864010131,-9.77000964447744,3.4607467986571407,971.8978550122441,11.78804888525492,49.63924494184353
1.87,6.115858179976084,1.4473245844430724,17.218019937759557,1.0382623594003433,-0.31755052762125163,0.36373720301035445,323.831115560456,-18.923026361047256,-8.675966944585188,738.4082613656557,3.6289098744164416,25.40278877417051,566.0281379428915,-9.875583623165374,0.9058162433224162,968.0043197229018,11.755865419014134,47.20969080483991
1.8800000000000001,6.145714108277074,1.2492945679190302,17.231282632172434,1.0420130344845615,-0.30426072190953346,0.3656684096622195,327.8034455500909,-18.695101056517892,-8.765525955057306,744.1744516583619,3.9383225344863937,25.53771322227017,560.1636075465058,-10.005374692283242,-1.6484853463881777,963.8173420392598,11.704235690924936,44.7953655200067
1.8900000000000001,6.1776515074885054,1.0516462113358798,17.242560461699718,1.046058435591557,-0.2882112251557962,0.36784990038423915,332.2643455874674,-18.417718471284317,-8.862076047853705,750.5907884888042,4.3035978905521795,25.673429541599077,553.8754075682525,-10.160205175235637,-4.202953187822386,959.3846012302406,11.633710518770767,42.398427837129496
1.9000000000000001,6.211718918764526,0.8543498610255285,17.251856598784496,1.0504516562913193,-0.26946198920910097,0.37027414757571475,337.1521301622151,-18.092389127253306,-8.964608772677293,757.602509336353,4.724377549093939,25.809589930731406,547.2091185646162,-10.339941161929767,-6.758418962546942,954.7579859522588,11.545528915382908,40.020665286271786
1.9100000000000001,6.247932223608383,0.6573688749450068,17.259173818210307,1.0552307694678105,-0.2481461474501964,0.3729276609421333,342.4001587196346,-17.721731795047656,-9.072103952234341,765.1433617748105,5.198868378886667,25.945903942483667,540.2192513469342,-10.543584689385543,-9.315664368820183,949.9912557792461,11.441480783571823,37.66339621929937
1.92,6.286268138702777,0.4606624833858142,17.26451445024365,1.0604180311609404,-0.22445896637792365,0.37579187780245016,347.9389867692083,-17.30929377101137,-9.183558561540409,773.1384412757664,5.724005022386958,26.082123599705884,532.9662586919319,-10.769393105007797,-11.875362454876218,945.137918681853,11.323771043761976,35.32741589873515
1.93,6.326661527702549,0.2641882018900381,17.26788036252954,1.0660201884034368,-0.1986460074405916,0.3788441769868874,353.69834627021885,-16.859368922829297,-9.29800890927319,781.5070493017904,6.295638623028399,26.218032647848652,525.5136256144648,-11.015017068860267,-14.43804129258913,940.249350312884,11.19488812818692,33.01297915946863
1.94,6.369005509203374,0.06790373030008577,17.269272965195544,1.0720296262651587,-0.1709909379768732,0.3820589393528961,359.6089403260684,-16.376817130775876,-9.414546122999312,790.1654640493934,6.908742384022448,26.353437766303724,517.9251502103191,-11.277649076078088,-17.004064639488213,935.3731722959095,11.057479438116246,30.71981236421917
1.95,6.413145401171906,-0.12823167129963337,17.268697605892974,1.078426040234503,-0.1418032788647412,0.3854083063182403,365.60301086526096,-15.866885763328508,-9.532304075582898,799.0286560342267,7.557626497125936,26.488134617176538,510.2630754310467,-11.554175503126485,-19.573604617391375,930.552686569785,10.91423421608495,28.447116854753865
1.96,6.465927538134756,-0.1242752082856574,17.26714003422061,1.0851960698263012,-0.11152214996010841,0.38879396087921614,371.3664005268781,-15.337271650033458,-9.645655122727705,807.7964431077363,8.234302560611306,26.616942311545223,505.2092574137985,-11.840424382766779,-19.665087719212565,928.6108870701943,10.769044758055735,28.783657036742643
1.97,6.517675152335971,-0.12032891809016903,17.265616296575775,1.092363363344712,-0.08102211043324602,0.392097307709001,376.5378142342496,-14.803884703507963,-9.749118468281317,816.106148451805,8.92337291188483,26.736703154017064,500.5352285068467,-12.128645127372994,-19.759474890720632,927.205464517802,10.630152993513997,29.128350068392834
1.98,6.568712858959712,-0.11648764542019019,17.264119616046518,1.0999086135315348,-0.051212569257937345,0.39526363114076873,381.0175981140172,-14.28296134144147,-9.842438395397682,823.8092737788668,9.608181160871643,26.849963765480698,496.34749717102983,-12.410490160303544,-19.860131458459474,926.3812820723966,10.505503668445716,29.479971213988534
1.99,6.619065135357245,-0.11283345670554368,17.26264829168769,1.1077657381645694,-0.022895923267730024,0.39824120219213205,384.7341318944615,-13.788541158546053,-9.925361579637162,830.7826396260045,10.27325264457507,26.958456469481135,492.72564785183386,-12.678329592408055,-19.9688877108815,926.1567213350841,10.401350177932645,29.835526706259323
2.0,6.668529488198124,-0.10943834121073615,17.26119995708407,1.115839036596854,0.0032453705458717523,0.40098379458401595,387.6436276453395,-13.332430352997083,-9.997646728581325,836.9310808200019,10.904703474753418,27.063245414936972,489.7213055300432,-12.925556705552177,-20.086307657161385,926.5247672587535,10.322306353718725,30.19082925418051
2.0100000000000002,6.716736280402109,-0.10636561177474468,17.25977171012038,1.124016258818702,0.026657639619359807,0.40345213640258715,389.7284065786547,-12.92417949872393,-10.05907833903265,842.1877250978896,11.49054642292774,27.16484679442678,487.3591642146093,-13.146799154239996,-20.211905627289816,927.4554014721344,10.271407342038186,30.54095935168602
2.02,6.7632048235741635,-0.10367012806176298,17.258360222531145,1.1321782158199603,0.04692013169019556,0.40561486406621344,390.99490988107203,-12.571094708910824,-10.109500194797178,846.5131872055755,12.020888277645913,27.2633470043106,485.63907170872676,-13.338037731186525,-20.34434759282446,928.8983459125791,10.250190847755636,30.880660980186367
2.0300000000000002,6.8073943788395015,-0.10139756486607338,17.256961840643683,1.1402055369537962,0.06374477163225598,0.4074491056194597,391.47140948710273,-12.278284554508579,-10.1488568417662,849.893924915741,12.488029488804065,27.35851044920593,484.53886635141254,-13.496643710899757,-20.481641925157188,930.786171496226,10.25880037146132,31.204676637484408
2.04,6.848749278473941,-0.09958307252013794,17.255572686010677,1.147983232146963,0.07697196661284154,0.4089407652089373,391.2054133923305,-12.048744260942158,-10.177233834354352,852.3399860710845,12.88647888341754,27.44987338702503,484.0176941957733,-13.621347567458365,-20.621322559731095,933.0377413270375,10.296111366927486,31.508026437194097
2.05,6.886737703516051,-0.09824972625918867,17.254188761043775,1.1554036911182155,0.08656296637698323,0.41008454481404005,390.2607898280714,-11.883477270065057,-10.19489020094645,853.8823494557537,13.212897110194632,27.536823424115177,484.01957443282276,-13.712152587603166,-20.760625072396387,935.5619169489978,10.359879981217347,31.78623500823304
2.06,6.920883835013945,-0.09740714576161975,17.25280606101788,1.1623686703982727,0.09258934195101821,0.4108837204004963,388.71466242783697,-11.781652526788145,-10.202279019066687,854.5700304119134,13.465982424193557,27.61866615193191,484.47702328710403,-13.77020673498819,-20.896653886907494,938.2614229567126,10.44691250370855,32.03550882124962
2.07,6.950793226375647,-0.0970505999831763,17.251420690499568,1.1687907039897252,0.09522017983929865,0.4113496839104054,386.6541519642916,-11.740794058880788,-10.200054081313304,854.4670883602549,13.646311710427906,27.694681209480407,485.31458853581785,-13.79764529223948,-21.026537248534183,941.0367422694862,10.553252078321918,32.252865865646314
2.08,6.976171377925035,-0.09716081403100552,17.250028979755886,1.174594244288565,0.09470760087130475,0.4115012655034935,384.17305740896404,-11.756997755146658,-10.189062339905924,853.6496408423989,13.756148496181343,27.764170055549755,486.45218548506614,-13.79741552498831,-21.147565912754494,943.7899027579708,10.674377818122249,32.436219495745746
2.09,6.9968356560996465,-0.09770458268048286,17.248627595223102,1.1797167125759114,0.09137120488844246,0.41136385810493103,381.3685787140763,-11.825168863140167,-10.17032316268866,852.202959726351,13.79922831617092,27.826497237233525,487.808158777718,-13.773093066173914,-21.257311657514766,946.4280158147405,10.805410350716361,32.584418728164685
2.1,7.012720886173355,-0.09863618570004179,17.247213637687594,1.1841095256082168,0.08558201660675854,0.4109683752938336,378.3381853448205,-11.939272732606698,-10.144996450595546,850.2187013210657,13.780530337437257,27.881126206929817,489.30202177407205,-13.72869807297905,-21.35372253273715,948.8664380155332,10.941317116654915,32.69724812913224
2.11,7.023879140117294,-0.0998995063029263,17.24578472234134,1.1877390753884918,0.07774646681056362,0.4103500815894011,375.17672849004003,-12.092590790755974,-10.114342382166848,847.7923040118507,13.70604274735171,27.92764997771001,490.8568462163024,-13.66851759404092,-21.43519295523076,951.0314465407068,11.077110493531828,32.77539144342556
2.12,7.030474415880429,-0.10143068429086242,17.24433903611683,1.19058757797075,0.06829088933950511,0.40954733992473247,371.973882043152,-12.277973672024379,-10.079675979237425,845.0205745704761,13.582528142535576,27.965816268687714,492.40128992172663,-13.596939096635063,-21.500608095629467,952.8623452425928,11.208032031616355,32.820364058908766
2.13,7.03277303963865,-0.10316109380785995,17.242875369424475,1.1926536752820407,0.057646951078275374,0.40860032398403323,368.8119794117805,-12.48808381827965,-10.0423198379895,841.9994768172487,13.41729407319342,27.99554637421445,493.8712603083119,-13.518298801430905,-21.54936329211833,954.3129485654945,11.32971672712496,32.834420103216395
2.14,7.031130705077483,-0.10502042205897955,17.241393121342824,1.1939526693436193,0.046238362309061795,0.4075497431011778,365.76429185030634,-12.715620659958349,-10.003558253314146,838.8221327097111,13.217973005851869,28.016946837871725,495.2112178827523,-13.436747381335989,-21.581360334685083,955.3524223251223,11.438332257298288,32.82044034130051
2.15,7.025977089612361,-0.10693963663123499,17.239892279205247,1.1945162863341583,0.0344691412165,0.40643562488017876,362.89377127652835,-12.95352260180016,-9.964595606261287,835.5770448993943,12.992315249909181,28.03031312247696,496.37512773406644,-13.35613469771113,-21.596983326166598,955.9654912151592,11.53068936413254,32.7818070693565
2.16,7.017798960875044,-0.1088536597540885,17.238373375188548,1.1943919024536,0.022713631736590578,0.4052961960524067,360.2522582757236,-13.195141369362673,-9.926521325894681,832.3465500301106,12.747997813692734,28.036124800306464,497.32706978536737,-13.279914547894844,-21.597057422731996,956.1520508057065,11.604320995035888,32.722271923985744
2.17,7.007122617586789,-0.11070361139996254,17.236837423801784,1.1936412076241993,0.011308400754827133,0.4041668958202629,357.8801357713306,-13.434385719113816,-9.890283037028565,829.2055124042932,12.49245166905305,28.035032275004575,498.0415210383136,-13.211069846237377,-21.582794097681468,955.9262452154111,11.657529281188072,32.6458220190468
2.18,6.994496409454516,-0.11243853283889299,17.235285845021888,1.1923383299769488,0.0005460710169946488,0.4030795485252476,355.80639181780106,-13.665832974299796,-9.85666873577886,826.2202672423782,12.232709464830126,28.027835604422258,498.50332596490745,-13.152058216080286,-21.555726685887915,955.315089613307,11.689400858187259,32.556549168395975
2.19,6.98047396344254,-0.1140165520437227,17.23372037821154,1.1905674879321178,-0.009328918191938268,0.40206171436296406,354.04904187741687,-13.884808231664769,-9.826298072142746,823.4478210526657,11.97527530020065,28.01545653653995,498.70737489527494,-13.104777594156847,-21.517639885666522,954.3567288128083,11.699792324163072,32.45852622371221
2.2,6.9655986196899216,-0.1154054972915312,17.23214299191704,1.188420272917555,-0.01812268809254199,0.40113622846765806,352.6158520808608,-14.087432318805604,-9.799622134914364,820.9353133952008,11.726017721295722,27.998905324444106,498.658014746809,-13.070551110847429,-21.47049665557606,953.0984295119732,11.68928872353553,32.355693808414706
2.21,6.950389458216123,-0.11658300200327806,17.23055579425011,1.1859926913552354,-0.025692550395145484,0.40032093040791245,351.50530026617173,-14.270640617549068,-9.776930587689748,818.7197396419349,11.490086624009077,27.97924419764461,498.3682215155743,-13.050130188887065,-21.416365580739573,951.594404652963,11.659138797913581,32.25175999793144
2.22,6.935329183742619,-0.11753617043766898,17.228960947898944,1.1833821080500437,-0.03194604663465984,0.39962857836025106,350.7077106680039,-14.432175675708036,-9.758364633832558,816.8279285246873,11.271854231173052,27.957549508464645,497.85856920244083,-13.043714489776537,-21.35735133185948,949.9035646466731,11.611171339272698,32.150114804281515
2.23,6.920854034608857,-0.11826088986707373,17.227360592990006,1.1806842345528392,-0.036838585563021345,0.39906693531575677,350.2065004049909,-14.570557098405601,-9.743934107699278,815.27676180294,11.074879773403323,27.934874542700463,497.15603477365653,-13.050987031846539,-21.295530335632883,948.0872827416035,11.54769731458244,32.05376067983879
2.24,6.907345795138553,-0.1187608810449293,17.225756780127945,1.1779902966573534,-0.0403698906406956,0.39863900892930015,349.9794806846088,-14.685032548561017,-9.733536990321964,814.0736168359357,10.901896958786628,27.912214804256635,496.29268284042337,-13.071162515507496,-21.232893252916693,946.2072515929585,11.471402522152507,31.96525966671556
2.25,6.895125919606836,-0.11904657669530243,17.224151415059413,1.1753844970104013,-0.04257948425379883,0.3983434222626013,350.00016217298895,-14.775513815224073,-9.726979801439892,813.217006770893,10.754822791526841,27.890477290149736,495.3042765199058,-13.103046634090676,-21.17129535397508,944.3234960826159,11.385235417282647,31.886697288009263
2.2600000000000002,6.884451719570166,-0.119133909468641,17.222546215600644,1.1729418644622576,-0.04354144156906683,0.39817488981701255,350.23902155466834,-14.842501858557512,-9.72399758389244,812.697387958248,10.63478581978644,27.870454908253738,494.22886205601134,-13.145103939812941,-21.112415417240218,942.4925945457641,11.292294445537365,31.819662808249973
2.27,6.875514523142367,-0.11904307851770288,17.220942680781622,1.170726554022388,-0.04335864557350301,0.39812477189916,350.6646943105796,-14.887004546795534,-9.724272522309379,812.4981004570423,10.542171482949003,27.85280679809868,493.10537402535175,-13.19553169034615,-21.057723380958862,940.7661475367372,11.19571878716391,31.765245085186663
2.2800000000000002,6.868439682521345,-0.11879734963753655,17.219342071613774,1.1687906327468667,-0.04215676663669546,0.3981816804000131,351.24506666446484,-14.910450500129402,-9.727450578266467,812.5964053335582,10.476681908847041,27.838044931542978,491.9723052911362,-13.252337035878803,-21.008456658539263,939.1895207146408,11.098585887017009,31.724042894427875
2.29,6.863288282026599,-0.1184219295479774,17.21774540248815,1.1671733598335716,-0.04007817580908769,0.39833211029150845,351.94824711233514,-14.91460208409351,-9.733155838374064,812.9645819622322,10.43740729640369,27.82652702263924,490.8664814182631,-13.313414928215582,-20.965604791127767,937.8008767778356,11.003818559200019,31.696188330917433
2.3000000000000003,6.8600603804489735,-0.11794294170645998,17.216153441947814,1.1659009453825933,-0.03727598203858184,0.3985610732909694,352.743404711246,-14.901470181505838,-9.741002531246624,813.5710496403949,10.422905915562886,27.81845548187307,489.8219732934403,-13.37662424515046,-20.929901948459086,936.6305008935564,10.91410384795627,31.681381672750906
2.31,6.858699606368011,-0.11738651987798632,17.214566721433535,1.16498675283723,-0.033908360606082544,0.39885271292687113,353.6014672348766,-14.873232942779868,-9.750604858136636,814.3814803343976,10.431289763693453,27.813881917392724,488.869174581704,-13.439859821462452,-20.901826687661583,935.7004148852802,10.831825223522163,31.678935927533885
2.32,6.859098911641924,-0.11677802696028534,17.21298555055209,1.164431895602457,-0.030133314414848473,0.3991908833887558,354.4956773718436,-14.832160288959562,-9.761584896896316,815.3598730014018,10.460313028174017,27.812716515831006,488.03406283878155,-13.501118352845342,-20.88160832155951,935.0242675811481,10.759009114609308,31.68782916294175
2.33,6.861107275740006,-0.11614140028430657,17.211410037438093,1.164226168755362,-0.026103982365784022,0.39955967783006213,355.4020093851155,-14.780545533837952,-9.773578886792418,816.4695643454485,10.507460705121762,27.814741523784484,487.33765505266894,-13.558556476287897,-20.869239214442057,934.6074821476315,10.697286242714322,31.706762646053345
2.34,6.864537142045067,-0.11549862051476467,17.20984011284993,1.1643492517025842,-0.02196458090971124,0.3999438950439565,356.29945214537395,-14.720645109680685,-9.78624219642404,817.6741557226313,10.570034996514543,27.819627990873602,486.7956605501707,-13.610539711757074,-20.864492297987223,934.4476358541299,10.647867737042404,31.73422277751089
2.35,6.869172357538658,-0.11486929891421226,17.208275556740496,1.1647721163991152,-0.017847036913767614,0.4003294365384794,357.1701672919869,-14.654627030104061,-9.799253235822214,818.9383408847317,10.645237432255927,27.82695491808601,486.418326959731,-13.655681355505212,-20.86694307158554,934.5350434495268,10.611535577778831,31.768544806809206
2.36,6.874776380750213,-0.11427037658219844,17.206716026159395,1.1654585774659572,-0.013868343044038906,0.4007036289407682,357.9995335527049,-14.584528405536146,-9.81231651411406,820.2286240668828,10.730245019472784,27.83622997204108,486.2104685711902,-13.69287082479753,-20.875995314326918,934.8535121056804,10.58864654204772,31.807976357017814
2.37,6.881100521085233,-0.11371592882543405,17.20516108346636,1.1663669243541208,-0.010128641671648621,0.40105546934053643,358.77609004011816,-14.512222041796086,-9.825164980957211,821.5139223707329,10.822279089094112,27.846910968615752,486.1716611793253,-13.721291348602227,-20.890909691161536,935.381233642266,10.579148511639435,31.85073887561529
2.38,6.887891977124981,-0.11321706762047254,17.20361022396047,1.167451580803865,-0.006710020453960398,0.4013757936396488,359.49139268745597,-14.439391900455401,-9.83756173449094,822.7660503284436,10.91866587247603,27.858427390659585,486.2965834447519,-13.740427262732446,-20.91083438907661,936.0917784603722,10.582607743956862,31.895085267308442
2.39,6.894901453293988,-0.11278193488114086,17.20206290215432,1.168664742597955,-0.0036759826960527037,0.40165737021008585,360.1397989122968,-14.367516980638817,-9.849301137616512,823.9600878818228,11.016888184707142,27.870201278099564,486.5754819658046,-13.750061488497444,-20.93483687968978,936.955155262591,10.598245506834413,31.93935215704879
2.4,6.901890153888943,-0.1124157787577105,17.200518556046486,1.1699579505504356,-0.0010715386981357397,0.4018949231712651,360.718196108323,-14.297862996067778,-9.860209360630286,825.0746357616617,11.114627906093578,27.881666909713086,486.99473556630966,-13.750264042452331,-20.961935882705554,937.9389012121591,10.624982333090227,31.982005475455242
2.41,6.908635980587281,-0.11212110442174583,17.19897662886954,1.171283561541533,0.001076149250103929,0.40208509136072634,361.22568965570196,-14.231481069231721,-9.870144360779321,826.0919644368062,11.20979923261367,27.892288780671144,487.5374936502296,-13.74137263661157,-20.991132609486268,939.0091686610632,10.661488061076863,32.02167834820344
2.42,6.914938793210001,-0.1118978897850435,17.197436587915448,1.172596086102106,0.0027566456734723598,0.402226330558326,361.66326580271334,-14.169212547655519,-9.878995314992828,826.9980644827313,11.300572906579987,27.901577466307856,488.1843637064742,-13.723966582353475,-21.02144040416283,940.1317769140194,10.706235792117324,32.057200594427634
2.43,6.920624632074221,-0.11174385549299828,17.19589794016425,1.1738533665847843,0.003974728657903224,0.40231876769527763,362.03344400639554,-14.111698966350728,-9.886681536367062,827.7826074706674,11.385391839699555,27.909103049142576,488.91412400433626,-13.69883530907151,-21.051911974096722,941.2732006192281,10.75755791305838,32.08761948146282
2.44,6.925548841672015,-0.11165477749026012,17.19436024456511,1.1750175754183936,0.004748572110136338,0.4023640165988608,362.339932146859,-14.059396136214875,-9.893150923160523,828.4388273764931,11.462978703509542,27.91450587237478,489.70443904561364,-13.666942854529463,-21.08166351085831,942.4014701819772,10.813702399900095,32.11221172641903
2.45,6.929598077377382,-0.11162482965105619,17.192823120937433,1.1760560184281448,0.0051077114762719195,0.40236496526443244,362.5872964881017,-14.012591330038626,-9.898378006774173,828.9633331195037,11.532336189331415,27.917504468639187,490.5325572923986,-13.629389683489867,-21.109895142122706,943.486963945263,10.872887733048731,32.13048706060573
2.46,6.932691217167972,-0.11164694354373086,17.19128625557208,1.1769417337893493,0.0050908784850093695,0.4023255446982773,362.7806564098319,-13.971422564346025,-9.902361679140618,829.3558632146646,11.592740734558515,27.917900597495063,491.37597295119167,-13.58737315090769,-21.135907315894684,944.5030766079252,10.93335491130687,32.14218396359161
2.47,6.93477923694989,-0.11171317245844545,17.189749403714213,1.1776538828826435,0.004743785697073697,0.40225048904850624,362.92541186155773,-13.93589903365089,-9.90512268806348,829.6189936904448,11.64373057749546,27.91558140836382,492.21303606904667,-13.542147852431906,-21.159112891223593,945.4267532732805,10.993415243973793,32.14725841572462
2.48,6.935844139392995,-0.11181504741141304,17.18821238919713,1.1781779350772483,0.004116934844295532,0.4021450960692282,363.0270092882082,-13.90592183963929,-9.906700990551993,829.75781040413,11.685089042092311,27.910518826360953,493.0234978120621,-13.494987004494696,-21.17904488332963,946.2388834521698,11.05149282083967,32.14586670164084
2.49,6.935897051117414,-0.11194391393331711,17.186675101567985,1.1785056541586136,0.0032635145437832276,0.4020149959979168,363.0907495487225,-13.881304265925765,-9.907153049414864,829.7795566821611,11.716823969357081,27.9027663350585,493.7889804926869,-13.447145874784184,-21.195359975555483,946.9245541015614,11.106160799874864,32.13834341797779
2.5,6.9349756210433835,-0.11209123998713375,17.185137491098867,1.1786348995541174,0.0022374433962497058,0.40186593573482543,363.1216391974757,-13.861790973167365,-9.906549148483084,829.6932668229626,11.739144206206308,27.892453400540727,494.49336464277394,-13.3998281466563,-21.207838056935188,947.4731651987404,11.156170902947016,32.125175896356424
2.5100000000000002,6.933140863646081,-0.11224888723585724,17.183599562110146,1.1785692604782667,0.0010916041384919433,0.40170358387315025,363.1242845164127,-13.847075622803684,-9.904970788498865,829.5093954218613,11.752434036948866,27.879777842752976,495.1230881512205,-13.35415595273698,-21.216378165682087,947.8784152925756,11.200475761719563,32.106976252131865
2.52,6.930473595090114,-0.11240933996439115,17.18206136504695,1.178317545394096,-0.00012369618430714674,0.40153336071857965,363.1028259513227,-13.836816573875366,-9.90250821078041,829.2394517146702,11.757226399300546,27.864996510628128,495.6673551557297,-13.311144157786059,-21.220991311262548,948.1381678307852,11.23824400015816,32.08445221813462
2.5300000000000002,6.927070608430589,-0.1125658881154428,17.18052298774532,1.177893152568731,-0.0013620157615980085,0.4013602960322795,363.060909177273,-13.830650429992708,-9.899258080980319,828.8956471994815,11.754175667675337,27.848414654613613,496.1182549525407,-13.271679312645057,-21.221790709208324,948.2542117645559,11.268868168791634,32.05837783045665
2.54,6.923040727154881,-0.1127127629970687,17.178984546304452,1.1773133498319135,-0.0025818033765235278,0.4011889158985342,363.00168793163834,-13.828203337117484,-9.895321351987391,828.4905637061918,11.744030713557063,27.83037441235801,496.4707936170784,-13.236503543340882,-21.218979994038506,948.2319319437859,11.2919658522041,32.02956491106237
2.5500000000000003,6.918500865321622,-0.11284522614886686,17.177446175947747,1.176598492832104,-0.003747155423879886,0.40102315891058105,362.9278530219666,-13.829100042921482,-9.890801314213858,828.0368478721127,11.727608868428163,27.81124282956934,496.7228432614537,-13.206203485544298,-21.212839979194623,948.0799061363434,11.307374449831876,31.998836150358148
2.56,6.9135722084804545,-0.11295961353053224,17.17590802221137,1.175771211101859,-0.004828309308306727,0.4008663208239469,362.84168153219974,-13.832970821870571,-9.885801833596101,827.5469366898781,11.70577132173156,27.791399828432983,496.87501584026523,-13.181204227866061,-21.203714512763167,947.8094461605068,11.31514027722169,31.967000441692576
2.57,6.908376613441234,-0.11305333856665935,17.174370232748167,1.1748555901404079,-0.005801885769150814,0.40072102596852044,362.74510018892494,-13.839456444850684,-9.880425772599509,827.0328174674224,11.679400387706206,27.771226511412912,496.9304701066041,-13.161768091022486,-21.191995938886286,947.4341006632269,11.31550274836879,31.934830967527958
2.58,6.903033307726237,-0.11312485862126206,17.17283294997967,1.1738763756097323,-0.006650899311869245,0.400589223046656,362.6397570693623,-13.848211427350376,-9.87477358697706,826.5058242279923,11.649378973877521,27.751094150529447,496.8946616743619,-13.147997946652223,-21.178110622384537,946.9691365773496,11.308874479015351,31.903046390440082
2.59,6.897655951983378,-0.11317361018707328,17.171296304772795,1.1728582227868498,-0.007364561279798878,0.4004722024701048,362.52709628545057,-13.858905826256152,-9.86894209038008,825.9764713291099,11.616572483790499,27.731354163776466,496.7750471301495,-13.139844672135803,-21.162504933326396,946.4310153295596,11.295818196684515,31.872295366083033
2.6,6.892350111421667,-0.11319991848185956,17.169760411262548,1.1718250108221784,-0.007937904135140948,0.40037063208886686,362.40843090909345,-13.871225873451243,-9.863023379453212,825.4543239363837,11.581813290400422,27.712329324139382,496.58075374029505,-13.137118248379432,-21.145632023624472,945.8368785344398,11.277021357764038,31.843144473002706
2.61,6.8872111659682425,-0.11320488728473055,17.16822536288992,1.1707992373438105,-0.008371258239472525,0.4002846080187387,362.2850101571127,-13.884873736562497,-9.85710391309091,824.9479039871343,11.545887827285162,27.694306385848336,496.3222265120907,-13.139501937862175,-21.127939662968622,945.2040562864333,11.253269358073304,31.816069547402627
2.62,6.882322673715912,-0.11319027476533775,17.166691229676015,1.1698015047441417,-0.008669613877735276,0.4002137172562699,362.15807767771435,-13.899566685798225,-9.851263740529873,824.4646294460135,11.509526264946391,27.67753025016732,496.01086420502037,-13.146568931398207,-21.10985933932786,944.5496093347533,11.225418184622193,31.791450320146886
2.63,6.877755188587069,-0.11315836080522654,17.165158056710506,1.1688501052988465,-0.008841901536255952,0.40015710885407907,362.0289186259875,-13.915035923507679,-9.845575873526673,824.0107840059959,11.473394670852233,27.662199732059516,495.65865537354205,-13.157800824399047,-21.091796771744242,943.8899144751238,11.194367296721685,31.769568178027534
2.64,6.873565521129355,-0.11311181092755829,17.163625863795083,1.1679607082828523,-0.008900222634930928,0.40011357059144415,361.89889404336475,-13.931025302618472,-9.840105797833507,823.5915139276482,11.438089495788951,27.64846493193979,495.2778246966971,-13.172607276630554,-21.0741239311932,943.2403004862645,11.161033448372493,31.750606810622443
2.65,6.8697964210444855,-0.113053541476958,17.162094646150816,1.1671461486130674,-0.008859061159244237,0.4000816082932766,361.76946183280614,-13.947290124089074,-9.83491111853764,823.2108484320918,11.404134186167314,27.636426165377735,494.88049876119845,-13.190346222493599,-21.05717261920447,942.6147399394754,11.126326075099225,31.734655456616238
2.66,6.866476651431842,-0.11298659015564283,17.160564376072504,1.1664163133728367,-0.008734504088926488,0.40005952520746135,361.642184323578,-13.96359616436249,-9.830041332713558,822.8717399539262,11.37197769212478,27.62613435940994,494.47839917065596,-13.210344030041842,-21.041229613504765,942.0256002680514,11.091124771078597,31.721714427852373
2.67,6.863621417756177,-0.11291399544785669,17.159035005392578,1.1657781199273292,-0.008543495336805786,0.40004549913278986,361.5187230304521,-13.97971904365125,-9.82553772147844,822.5761205984094,11.3419946239664,27.617592787868915,494.0825694155029,-13.231915054048415,-21.026533354637596,941.4834556418376,11.056259280197045,31.711702564308794
2.68,6.861233109152133,-0.11283868786797123,17.157506468602634,1.1652355772526548,-0.008303144258115363,0.40003765528793034,361.400821722891,-13.99544400648578,-9.821433352210914,822.3249713062113,11.314486803569945,27.610759990113152,493.7031404184812,-13.25438008875296,-21.013272116706407,940.9969594852744,11.022492320892363,31.704466257520856
2.69,6.859302305771553,-0.11276339535958181,17.1559786864708,1.164789920570978,-0.00803010583033426,0.40003413321987547,361.2902793267805,-14.010566148753123,-9.817753180634423,822.1184004807712,11.289685961351658,27.60555369760207,493.3491381293575,-13.277083296483639,-21.001583578484862,940.5727759312333,10.99050546218827,31.69978967282749
2.7,6.857809003373176,-0.1126905645619167,17.154451569989213,1.1644398083784262,-0.007740045493408434,0.4000331463641074,361.1889144857791,-14.02489109152999,-9.81451424186989,821.9557291488018,11.267757341474283,27.601855580401878,493.0283350351447,-13.299407266023856,-20.991555687700377,940.2155671377179,10.960888169714911,31.697405801538405
2.71,6.856724005162772,-0.11262229905341128,17.152925024486322,1.1641815704214562,-0.007447197526172183,0.40003303318553174,361.09852381597585,-14.0382360721501,-9.811725919533387,821.8355800770025,11.248803996312063,27.599516620216832,492.7471460272728,-13.32078593621272,-20.98322869111224,939.9280322246358,10.9341300478224,31.69700798225434
2.72,6.856010430928515,-0.11256031508848494,17.151398953744348,1.1640094950573203,-0.007164021848972629,0.4000322991464641,361.020836002889,-14.050431397676755,-9.80939028250125,821.7559686333195,11.232871573848001,27.598362917048867,492.5105677643736,-13.3407152028423,-20.97659818605254,939.7109926223388,10.910616218824332,31.698261545767277
2.73,6.855625294699197,-0.11250591477204991,17.149873263972246,1.1639161446567472,-0.0069009603998663165,0.4000296490624577,360.9574639219663,-14.061322185572156,-9.807502480011626,821.7143935395937,11.219953426892248,27.598201742196142,492.3221595197407,-13.358761107639838,-20.971619035574065,939.5635178676589,10.890625704315815,31.700815259898015
2.74,6.855521104392275,-0.11245997607844722,17.148347867498547,1.1638926882036158,-0.006666290828235929,0.4000240097143374,360.90985692120097,-14.07077030099474,-9.80605118716643,821.7079259989713,11.209995899155667,27.598827660116257,492.1840625268182,-13.374565584586328,-20.96820997954165,939.4830853372976,10.874332607394678,31.70431227888921
2.75,6.8556474401166,-0.11242295863006423,17.14682268606645,1.1639292409538997,-0.006466072260963908,0.4000145428800278,360.8792552958036,-14.078656389813926,-9.805019094443448,821.7332959856943,11.20290366892035,27.600028554877454,492.0970540463716,-13.38784980898533,-20.966258768257536,939.465767069583,10.86180983918833,31.708400336006875
2.7600000000000002,6.855952471840143,-0.11239492371911536,17.14529765363403,1.1640152018789371,-0.006304175377421304,0.4000006492261268,360.8666488188174,-14.084881900971514,-9.804383436314566,821.7869747511953,11.198545055244812,27.60159141276705,492.0606317788393,-13.398415256970054,-20.965627643819335,939.5064366870145,10.853035088788431,31.712740957049995
2.77,6.856384381894273,-0.11237556669655091,17.143772718605735,1.1641395805898553,-0.006182387015107717,0.3999819637494635,360.8727409763934,-14.089370991041905,-9.804116555288742,821.8652528268482,11.196757213523478,27.60330773048071,492.0731238309206,-13.406142636403995,-20.966158997534453,939.5989894827471,10.847898702669001,31.71701751551316
2.7800000000000002,6.856892663115953,-0.11236425957554116,17.14224784544557,1.1642913064838096,-0.006100578032923926,0.3999583436757934,360.8979203006715,-14.092072207450123,-9.804186498495222,821.964312991578,11.197351166283342,27.604978437627583,492.13181920722633,-13.410988893697517,-20.96768103934813,939.7365689602004,10.84621311784273,31.720941995969653
2.79,6.8574292691626,-0.11236010151123321,17.14072301564734,1.1644595139401146,-0.00605692218081107,0.399929849899535,360.94223990543856,-14.092959854423215,-9.80455764419214,822.0802978254013,11.200116631097657,27.606418242580997,492.2331137217487,-13.412982534652729,-20.970013327159563,939.9117934985553,10.847723482071359,31.72426037941915
2.8000000000000003,6.857949599492424,-0.11236197472731713,17.13919822806162,1.1646337985035096,-0.006048153243671914,0.39989672317950936,361.00540601856363,-14.09203495695477,-9.805191355283608,822.2093715926518,11.204826620384855,27.607459331553365,492.3726662926127,-13.412217521161784,-20.972972019648495,940.1169773370827,10.852119093837487,31.726756611339724
2.81,6.858413307504443,-0.11236860346289637,17.137673498602304,1.164804440105747,-0.006069847710916628,0.39985935638725206,361.0867759800493,-14.089325752321024,-9.80604665609626,822.3477762966863,11.211241797791704,27.607954371784267,492.54556077818125,-13.408846019799359,-20.9763747351749,940.3443407050329,10.859045303778181,31.728255158441808
2.82,6.8587849261947165,-0.11237861360522153,17.136148859376117,1.1649625904810204,-0.006116720625874758,0.39981826413506816,361.18536584467915,-14.08488765543925,-9.807080927395909,822.491881826577,11.219114583093381,27.607778790519465,492.7464688130581,-13.403070283715845,-20.98004492063674,940.5862046455578,10.868115536917466,31.728622202137167
2.83,6.859034311238542,-0.11239059084588157,17.134624357296637,1.165100423012153,-0.0061829230378876495,0.3997740510914772,361.2998674034594,-14.078802662958578,-9.8082506130667,822.63823018048,11.228193002430608,27.60683232164371,492.9698094890043,-13.395133946574822,-20.98381565696442,940.8351668656073,10.87892312022709,31.727765554179044
2.84,6.8591369065000825,-0.11240313543742722,17.13310005225852,1.1652112442891878,-0.006262330553900396,0.3997273802253169,361.4286741280916,-14.071178180732113,-9.809511930209803,822.7835738039472,11.238224283634747,27.605039831025632,493.20990217902556,-13.385312997529986,-20.987532851246748,941.0842557621563,10.891052631556597,31.725633411701406
2.85,6.859073841473871,-0.11241491191894717,17.131576014958462,1.1652895676554111,-0.006348813801661162,0.3996789421120153,361.56991525688477,-14.062145279522598,-9.810821572837883,822.9249081272909,11.248958197762171,27.60235144945729,493.46110930457803,-13.373906690432758,-20.991057788388478,941.3270606022709,10.904090522473043,31.7222120941903
2.86,6.8588318739795655,-0.11242469250619225,17.130052324456035,1.1653311499419772,-0.006436483107564249,0.3996294262936552,361.72149698758744,-14.051856403711149,-9.81213739802735,823.0594984263289,11.260150148158898,27.598742058150393,493.71796637912246,-13.36122861964989,-20.994269036850557,941.5578366458232,10.917634807654064,31.717522923299356
2.87,6.858403194496936,-0.11243139318744783,17.128529065570255,1.1653329934346448,-0.006519901293814249,0.39957949551698724,361.881149530179,-14.040482576704537,-9.813419082496278,823.1849011663463,11.271564007741986,27.594210185739602,493.9752972104272,-13.347598170110054,-20.99706372269255,941.7715847726793,10.931303655787595,31.711618417754273
2.88,6.8577851108118475,-0.11243410191426192,17.127006326206942,1.1652933158582481,-0.006594260149710546,0.39952976348969305,362.04647860702016,-14.02821016399347,-9.814628737216795,823.2989800207405,11.282974704045934,27.588776387348762,494.2283126950364,-13.33333252150709,-20.99935820326731,941.9641058914849,10.944742760081672,31.704577980088104
2.89,6.856979633144725,-0.11243209861164771,17.125484194707607,1.1652114917910885,-0.006655517772616671,0.3994807766042392,362.21501987326826,-14.015237269821789,-9.815731467902443,823.3999167834294,11.294170550181393,27.5824811852576,494.4726921783591,-13.31873935694322,-21.001088186122466,942.1320310486974,10.957631409182266,31.696503250097486
2.9,6.855992980681209,-0.11242486704317953,17.12396275730344,1.1650879694196665,-0.0067004955535394225,0.3994329998893937,362.384294669779,-14.001769855668755,-9.816695870044613,823.4862174179332,11.304955318431508,27.57538265692175,494.7046468715437,-13.304110395610913,-21.002208349740265,942.272828712115,10.969687220362845,31.687513292439377
2.91,6.854835030472915,-0.11241209884283093,17.122442095748667,1.1649241669045611,-0.006726935055023288,0.3993868072697118,362.551865514258,-13.988017677846077,-9.817494448562295,823.5567135059514,11.315150051938062,27.56755375948464,494.92096530175303,-13.28971583822347,-21.00269153066255,942.3847911644192,10.980669535243015,31.677739773580896
2.92,6.85351872909833,-0.11239369026073698,17.120922285196265,1.16472235284584,-0.006733516357723251,0.3993424760495558,362.71538978260384,-13.974190147209132,-9.818103953989464,823.610559374502,11.324594608956017,27.55907948052173,495.119041217043,-13.275799783576348,-21.00252754641778,942.4670023047462,10.990381513153514,31.66732226736455
2.93,6.852059486356309,-0.11236973236039519,17.119403392366692,1.1644855154108942,-0.006719840607104624,0.399300185395476,362.87267012769104,-13.960492216160747,-9.818505629336872,823.647225193558,11.333148933593495,27.55005390271342,495.29688476361713,-13.262576645530434,-21.00172172572446,942.5192894192033,10.9986709879073,31.656403809776233
2.94,6.85047456870412,-0.11234049554886213,17.11788547404754,1.1642172246240723,-0.006686380452032158,0.3992600184723844,363.02170032198313,-13.947120396804348,-9.818685364195145,823.666486346291,11.34069404689697,27.54057726568775,495.4531180961352,-13.250228572447398,-21.000293217015418,942.5421616469938,11.005430179674258,31.645126803104837
2.95,6.848782508248244,-0.1123064094201508,17.116368575948815,1.163921492125788,-0.006634402819497782,0.39922196779668545,363.1607053867237,-13.934259009430294,-9.818633755153938,823.6684093821956,11.347132752648815,27.53075310171485,495.5869568669719,-13.238903846169492,-20.998273143792282,942.5367379428393,11.01059437460028,31.63362934849027
2.96,6.847002540947671,-0.11226803894793322,17.114852731926167,1.163602632403264,-0.006565869009138065,0.399185943303709,363.28817507608204,-13.922076752778679,-9.818346074064431,823.6533348703391,11.352390053350813,27.520685513642547,495.69817926510103,-13.228716215444303,-20.99570267107654,942.5046673261503,11.014139700639081,31.622042064697116
2.97,6.845154085392972,-0.11222605808071193,17.113337963572338,1.1632651290937086,-0.006483317419487411,0.39915178258650186,363.40289001129713,-13.910723677069914,-9.817822147958971,823.6218574767196,11.35641327360226,27.510476653848205,495.78708443898864,-13.219745099545099,-20.992631041686273,942.4480441226492,11.016080138854745,31.610485430528406
2.98,6.843256271166187,-0.11218122177550369,17.111824280166424,1.1629135094841656,-0.0063897343435905685,0.3991192627464043,363.5039399985518,-13.900328628110415,-9.817066156469476,823.574803596735,11.359171890415798,27.500224452470164,495.85444224093516,-13.212036581961684,-20.98911363461123,942.3693207553532,11.016463915400177,31.599067669173664
2.99,6.84132752344614,-0.11213433745983098,17.110311678960826,1.1625522298026316,-0.006288418208794755,0.39908811330026533,363.5907343065626,-13.890997216361667,-9.816086354298143,823.5132068816994,11.360657072929381,27.490020632197954,495.90143627494683,-13.205605101556605,-20.98521009073061,942.271220440494,11.015369420824594,31.587883175398453
3.0,6.8393852083548365,-0.11208623684872629,17.10880014577752,1.1621855733585202,-0.006182842436875659,0.3990580296079807,363.66300391910033,-13.882810349484132,-9.81489472777991,823.4382820146176,11.360880937700879,27.479949036249653,495.92960223669394,-13.200435738809302,-20.98098254426978,942.156651922253,11.01290080195999,31.57701147130736
