case,time_s,ay_mps2,speed_mps,steer_deg,roll_deg,yaw_rate_radps,front_right_minus_left_n,rear_right_minus_left_n,tire_domain_valid,Fz_FL,camber_FL_deg,jounce_FL_m,Fz_FR,camber_FR_deg,jounce_FR_m,Fz_RL,camber_RL_deg,jounce_RL_m,Fz_RR,camber_RR_deg,jounce_RR_m
case_000,0.0,0.0,15.0,0.0,0.0,0.0,0.0,0.0,True,620.0333548387097,-1.5000000000000002,-0.0,620.0333548387097,1.5000000000000002,-0.0,752.8976451612901,-1.0,-0.0,752.8976451612901,1.0,-0.0
case_000,0.005,0.0,15.0,0.0,0.0,0.0,0.0,0.0,True,620.0333548387097,-1.5000000000000002,-0.0,620.0333548387097,1.5000000000000002,-0.0,752.8976451612901,-1.0,-0.0,752.8976451612901,1.0,-0.0
case_000,0.01,0.0,15.0,0.0,0.0,0.0,0.0,0.0,True,620.0333548387097,-1.5000000000000002,-0.0,620.0333548387097,1.5000000000000002,-0.0,752.8976451612901,-1.0,-0.0,752.8976451612901,1.0,-0.0
case_000,0.015,0.0,15.0,0.0,0.0,0.0,0.0,0.0,True,620.0333548387097,-1.5000000000000002,-0.0,620.0333548387097,1.5000000000000002,-0.0,752.8976451612901,-1.0,-0.0,752.8976451612901,1.0,-0.0
case_000,0.02,0.0,15.0,0.0,0.0,0.0,0.0,0.0,True,620.0333548387097,-1.5000000000000002,-0.0,620.0333548387097,1.5000000000000002,-0.0,752.8976451612901,-1.0,-0.0,752.8976451612901,1.0,-0.0
case_000,0.025,0.0,15.0,0.0,0.0,0.0,0.0,0.0,True,620.0333548387097,-1.5000000000000002,-0.0,620.0333548387097,1.5000000000000002,-0.0,752.8976451612901,-1.0,-0.0,752.8976451612901,1.0,-0.0
case_000,0.03,0.0,15.0,0.0,0.0,0.0,0.0,0.0,True,620.0333548387097,-1.5000000000000002,-0.0,620.0333548387097,1.5000000000000002,-0.0,752.8976451612901,-1.0,-0.0,752.8976451612901,1.0,-0.0
case_000,0.035,0.0,15.0,0.0,0.0,0.0,0.0,0.0,True,620.0333548387097,-1.5000000000000002,-0.0,620.0333548387097,1.5000000000000002,-0.0,752.8976451612901,-1.0,-0.0,752.8976451612901,1.0,-0.0
case_000,0.04,0.0,15.0,0.0,0.0,0.0,0.0,0.0,True,620.0333548387097,-1.5000000000000002,-0.0,620.0333548387097,1.5000000000000002,-0.0,752.8976451612901,-1.0,-0.0,752.8976451612901,1.0,-0.0
case_000,0.045,0.0,15.0,0.0,0.0,0.0,0.0,0.0,True,620.0333548387097,-1.5000000000000002,-0.0,620.0333548387097,1.5000000000000002,-0.0,752.8976451612901,-1.0,-0.0,752.8976451612901,1.0,-0.0
case_000,0.05,0.0,15.0,0.0,0.0,0.0,0.0,0.0,True,620.0333548387097,-1.5000000000000002,-0.0,620.0333548387097,1.5000000000000002,-0.0,752.8976451612901,-1.0,-0.0,752.8976451612901,1.0,-0.0
case_000,0.055,0.0,15.0,0.0,0.0,0.0,0.0,0.0,True,620.0333548387097,-1.5000000000000002,-0.0,620.0333548387097,1.5000000000000002,-0.0,752.8976451612901,-1.0,-0.0,752.8976451612901,1.0,-0.0
case_000,0.06,0.0,15.0,0.0,0.0,0.0,0.0,0.0,True,620.0333548387097,-1.5000000000000002,-0.0,620.0333548387097,1.5000000000000002,-0.0,752.8976451612901,-1.0,-0.0,752.8976451612901,1.0,-0.0
case_000,0.065,0.0,15.0,0.0,0.0,0.0,0.0,0.0,True,620.0333548387097,-1.5000000000000002,-0.0,620.0333548387097,1.5000000000000002,-0.0,752.8976451612901,-1.0,-0.0,752.8976451612901,1.0,-0.0
case_000,0.07,0.0,15.0,0.0,0.0,0.0,0.0,0.0,True,620.0333548387097,-1.5000000000000002,-0.0,620.0333548387097,1.5000000000000002,-0.0,752.8976451612901,-1.0,-0.0,752.8976451612901,1.0,-0.0
case_000,0.075,0.0,15.0,0.0,0.0,0.0,0.0,0.0,True,620.0333548387097,-1.5000000000000002,-0.0,620.0333548387097,1.5000000000000002,-0.0,752.8976451612901,-1.0,-0.0,752.8976451612901,1.0,-0.0
case_000,0.08,0.0,15.0,0.0,0.0,0.0,0.0,0.0,True,620.0333548387097,-1.5000000000000002,-0.0,620.0333548387097,1.5000000000000002,-0.0,752.8976451612901,-1.0,-0.0,752.8976451612901,1.0,-0.0
case_000,0.085,0.0,15.0,0.0,0.0,0.0,0.0,0.0,True,620.0333548387097,-1.5000000000000002,-0.0,620.0333548387097,1.5000000000000002,-0.0,752.8976451612901,-1.0,-0.0,752.8976451612901,1.0,-0.0
case_000,0.09,0.0,15.0,0.0,0.0,0.0,0.0,0.0,True,620.0333548387097,-1.5000000000000002,-0.0,620.0333548387097,1.5000000000000002,-0.0,752.8976451612901,-1.0,-0.0,752.8976451612901,1.0,-0.0
case_000,0.095,0.0,15.0,0.0,0.0,0.0,0.0,0.0,True,620.0333548387097,-1.5000000000000002,-0.0,620.0333548387097,1.5000000000000002,-0.0,752.8976451612901,-1.0,-0.0,752.8976451612901,1.0,-0.0
case_000,0.1,0.0,15.0,0.0,0.0,0.0,0.0,0.0,True,620.0333548387097,-1.5000000000000002,-0.0,620.0333548387097,1.5000000000000002,-0.0,752.8976451612901,-1.0,-0.0,752.8976451612901,1.0,-0.0
case_000,0.105,0.0,15.0,0.0,0.0,0.0,0.0,0.0,True,620.0333548387097,-1.5000000000000002,-0.0,620.0333548387097,1.5000000000000002,-0.0,752.8976451612901,-1.0,-0.0,752.8976451612901,1.0,-0.0
case_000,0.11,0.0,15.0,0.0,0.0,0.0,0.0,0.0,True,620.0333548387097,-1.5000000000000002,-0.0,620.0333548387097,1.5000000000000002,-0.0,752.8976451612901,-1.0,-0.0,752.8976451612901,1.0,-0.0
case_000,0.115,0.0,15.0,0.0,0.0,0.0,0.0,0.0,True,620.0333548387097,-1.5000000000000002,-0.0,620.0333548387097,1.5000000000000002,-0.0,752.8976451612901,-1.0,-0.0,752.8976451612901,1.0,-0.0
case_000,0.12,0.0,15.0,0.0,0.0,0.0,0.0,0.0,True,620.0333548387097,-1.5000000000000002,-0.0,620.0333548387097,1.5000000000000002,-0.0,752.8976451612901,-1.0,-0.0,752.8976451612901,1.0,-0.0
case_000,0.125,0.0,15.0,0.0,0.0,0.0,0.0,0.0,True,620.0333548387097,-1.5000000000000002,-0.0,620.0333548387097,1.5000000000000002,-0.0,752.8976451612901,-1.0,-0.0,752.8976451612901,1.0,-0.0
case_000,0.13,0.0,15.0,0.0,0.0,0.0,0.0,0.0,True,620.0333548387097,-1.5000000000000002,-0.0,620.0333548387097,1.5000000000000002,-0.0,752.8976451612901,-1.0,-0.0,752.8976451612901,1.0,-0.0
case_000,0.135,0.0,15.0,0.0,0.0,0.0,0.0,0.0,True,620.0333548387097,-1.5000000000000002,-0.0,620.0333548387097,1.5000000000000002,-0.0,752.8976451612901,-1.0,-0.0,752.8976451612901,1.0,-0.0
case_000,0.14,0.0,15.0,0.0,0.0,0.0,0.0,0.0,True,620.0333548387097,-1.5000000000000002,-0.0,620.0333548387097,1.5000000000000002,-0.0,752.8976451612901,-1.0,-0.0,752.8976451612901,1.0,-0.0
case_000,0.145,0.0,15.0,0.0,0.0,0.0,0.0,0.0,True,620.0333548387097,-1.5000000000000002,-0.0,620.0333548387097,1.5000000000000002,-0.0,752.8976451612901,-1.0,-0.0,752.8976451612901,1.0,-0.0
case_000,0.15,0.0,15.0,0.0,0.0,0.0,0.0,0.0,True,620.0333548387097,-1.5000000000000002,-0.0,620.0333548387097,1.5000000000000002,-0.0,752.8976451612901,-1.0,-0.0,752.8976451612901,1.0,-0.0
case_000,0.155,0.0,15.0,0.0,0.0,0.0,0.0,0.0,True,620.0333548387097,-1.5000000000000002,-0.0,620.0333548387097,1.5000000000000002,-0.0,752.8976451612901,-1.0,-0.0,752.8976451612901,1.0,-0.0
case_000,0.16,0.0,15.0,0.0,0.0,0.0,0.0,0.0,True,620.0333548387097,-1.5000000000000002,-0.0,620.0333548387097,1.5000000000000002,-0.0,752.8976451612901,-1.0,-0.0,752.8976451612901,1.0,-0.0
case_000,0.165,0.0,15.0,0.0,0.0,0.0,0.0,0.0,True,620.0333548387097,-1.5000000000000002,-0.0,620.0333548387097,1.5000000000000002,-0.0,752.8976451612901,-1.0,-0.0,752.8976451612901,1.0,-0.0
case_000,0.17,0.0,15.0,0.0,0.0,0.0,0.0,0.0,True,620.0333548387097,-1.5000000000000002,-0.0,620.0333548387097,1.5000000000000002,-0.0,752.8976451612901,-1.0,-0.0,752.8976451612901,1.0,-0.0
case_000,0.17500000000000002,0.0,15.0,0.0,0.0,0.0,0.0,0.0,True,620.0333548387097,-1.5000000000000002,-0.0,620.0333548387097,1.5000000000000002,-0.0,752.8976451612901,-1.0,-0.0,752.8976451612901,1.0,-0.0
case_000,0.18,0.0,15.0,0.0,0.0,0.0,0.0,0.0,True,620.0333548387097,-1.5000000000000002,-0.0,620.0333548387097,1.5000000000000002,-0.0,752.8976451612901,-1.0,-0.0,752.8976451612901,1.0,-0.0
case_000,0.185,0.0,15.0,0.0,0.0,0.0,0.0,0.0,True,620.0333548387097,-1.5000000000000002,-0.0,620.0333548387097,1.5000000000000002,-0.0,752.8976451612901,-1.0,-0.0,752.8976451612901,1.0,-0.0
case_000,0.19,0.0,15.0,0.0,0.0,0.0,0.0,0.0,True,620.0333548387097,-1.5000000000000002,-0.0,620.0333548387097,1.5000000000000002,-0.0,752.8976451612901,-1.0,-0.0,752.8976451612901,1.0,-0.0
case_000,0.195,0.0,15.0,0.0,0.0,0.0,0.0,0.0,True,620.0333548387097,-1.5000000000000002,-0.0,620.0333548387097,1.5000000000000002,-0.0,752.8976451612901,-1.0,-0.0,752.8976451612901,1.0,-0.0
case_000,0.2,0.0,15.0,0.0,0.0,0.0,0.0,0.0,True,620.0333548387097,-1.5000000000000002,-0.0,620.0333548387097,1.5000000000000002,-0.0,752.8976451612901,-1.0,-0.0,752.8976451612901,1.0,-0.0
case_000,0.20500000000000002,0.0,15.0,0.0,0.0,0.0,0.0,0.0,True,620.0333548387097,-1.5000000000000002,-0.0,620.0333548387097,1.5000000000000002,-0.0,752.8976451612901,-1.0,-0.0,752.8976451612901,1.0,-0.0
case_000,0.21,0.0,15.0,0.0,0.0,0.0,0.0,0.0,True,620.0333548387097,-1.5000000000000002,-0.0,620.0333548387097,1.5000000000000002,-0.0,752.8976451612901,-1.0,-0.0,752.8976451612901,1.0,-0.0
case_000,0.215,0.0,15.0,0.0,0.0,0.0,0.0,0.0,True,620.0333548387097,-1.5000000000000002,-0.0,620.0333548387097,1.5000000000000002,-0.0,752.8976451612901,-1.0,-0.0,752.8976451612901,1.0,-0.0
case_000,0.22,0.0,15.0,0.0,0.0,0.0,0.0,0.0,True,620.0333548387097,-1.5000000000000002,-0.0,620.0333548387097,1.5000000000000002,-0.0,752.8976451612901,-1.0,-0.0,752.8976451612901,1.0,-0.0
case_000,0.225,0.0,15.0,0.0,0.0,0.0,0.0,0.0,True,620.0333548387097,-1.5000000000000002,-0.0,620.0333548387097,1.5000000000000002,-0.0,752.8976451612901,-1.0,-0.0,752.8976451612901,1.0,-0.0
case_000,0.23,0.0,15.0,0.0,0.0,0.0,0.0,0.0,True,620.0333548387097,-1.5000000000000002,-0.0,620.0333548387097,1.5000000000000002,-0.0,752.8976451612901,-1.0,-0.0,752.8976451612901,1.0,-0.0
case_000,0.23500000000000001,0.0,15.0,0.0,0.0,0.0,0.0,0.0,True,620.0333548387097,-1.5000000000000002,-0.0,620.0333548387097,1.5000000000000002,-0.0,752.8976451612901,-1.0,-0.0,752.8976451612901,1.0,-0.0
case_000,0.24,0.0,15.0,0.0,0.0,0.0,0.0,0.0,True,620.0333548387097,-1.5000000000000002,-0.0,620.0333548387097,1.5000000000000002,-0.0,752.8976451612901,-1.0,-0.0,752.8976451612901,1.0,-0.0
case_000,0.245,0.0,15.0,0.0,0.0,0.0,0.0,0.0,True,620.0333548387097,-1.5000000000000002,-0.0,620.0333548387097,1.5000000000000002,-0.0,752.8976451612901,-1.0,-0.0,752.8976451612901,1.0,-0.0
case_000,0.25,0.0,15.0,0.0,0.0,0.0,0.0,0.0,True,620.0333548387097,-1.5000000000000002,-0.0,620.0333548387097,1.5000000000000002,-0.0,752.8976451612901,-1.0,-0.0,752.8976451612901,1.0,-0.0
case_000,0.255,0.0,15.0,0.0,0.0,0.0,0.0,0.0,True,620.0333548387097,-1.5000000000000002,-0.0,620.0333548387097,1.5000000000000002,-0.0,752.8976451612901,-1.0,-0.0,752.8976451612901,1.0,-0.0
case_000,0.26,0.0,15.0,0.0,0.0,0.0,0.0,0.0,True,620.0333548387097,-1.5000000000000002,-0.0,620.0333548387097,1.5000000000000002,-0.0,752.8976451612901,-1.0,-0.0,752.8976451612901,1.0,-0.0
case_000,0.265,0.0,15.0,0.0,0.0,0.0,0.0,0.0,True,620.0333548387097,-1.5000000000000002,-0.0,620.0333548387097,1.5000000000000002,-0.0,752.8976451612901,-1.0,-0.0,752.8976451612901,1.0,-0.0
case_000,0.27,0.0,15.0,0.0,0.0,0.0,0.0,0.0,True,620.0333548387097,-1.5000000000000002,-0.0,620.0333548387097,1.5000000000000002,-0.0,752.8976451612901,-1.0,-0.0,752.8976451612901,1.0,-0.0
case_000,0.275,0.0,15.0,0.0,0.0,0.0,0.0,0.0,True,620.0333548387097,-1.5000000000000002,-0.0,620.0333548387097,1.5000000000000002,-0.0,752.8976451612901,-1.0,-0.0,752.8976451612901,1.0,-0.0
case_000,0.28,0.0,15.0,0.0,0.0,0.0,0.0,0.0,True,620.0333548387097,-1.5000000000000002,-0.0,620.0333548387097,1.5000000000000002,-0.0,752.8976451612901,-1.0,-0.0,752.8976451612901,1.0,-0.0
case_000,0.28500000000000003,0.0,15.0,0.0,0.0,0.0,0.0,0.0,True,620.0333548387097,-1.5000000000000002,-0.0,620.0333548387097,1.5000000000000002,-0.0,752.8976451612901,-1.0,-0.0,752.8976451612901,1.0,-0.0
case_000,0.29,0.0,15.0,0.0,0.0,0.0,0.0,0.0,True,620.0333548387097,-1.5000000000000002,-0.0,620.0333548387097,1.5000000000000002,-0.0,752.8976451612901,-1.0,-0.0,752.8976451612901,1.0,-0.0
case_000,0.295,0.0,15.0,0.0,0.0,0.0,0.0,0.0,True,620.0333548387097,-1.5000000000000002,-0.0,620.0333548387097,1.5000000000000002,-0.0,752.8976451612901,-1.0,-0.0,752.8976451612901,1.0,-0.0
case_000,0.3,0.0,15.0,0.0,0.0,0.0,0.0,0.0,True,620.0333548387097,-1.5000000000000002,-0.0,620.0333548387097,1.5000000000000002,-0.0,752.8976451612901,-1.0,-0.0,752.8976451612901,1.0,-0.0
case_000,0.305,0.0,15.0,0.0,0.0,0.0,0.0,0.0,True,620.0333548387097,-1.5000000000000002,-0.0,620.0333548387097,1.5000000000000002,-0.0,752.8976451612901,-1.0,-0.0,752.8976451612901,1.0,-0.0
case_000,0.31,0.0,15.0,0.0,0.0,0.0,0.0,0.0,True,620.0333548387097,-1.5000000000000002,-0.0,620.0333548387097,1.5000000000000002,-0.0,752.8976451612901,-1.0,-0.0,752.8976451612901,1.0,-0.0
case_000,0.315,0.0,15.0,0.0,0.0,0.0,0.0,0.0,True,620.0333548387097,-1.5000000000000002,-0.0,620.0333548387097,1.5000000000000002,-0.0,752.8976451612901,-1.0,-0.0,752.8976451612901,1.0,-0.0
case_000,0.32,0.0,15.0,0.0,0.0,0.0,0.0,0.0,True,620.0333548387097,-1.5000000000000002,-0.0,620.0333548387097,1.5000000000000002,-0.0,752.8976451612901,-1.0,-0.0,752.8976451612901,1.0,-0.0
case_000,0.325,0.0,15.0,0.0,0.0,0.0,0.0,0.0,True,620.0333548387097,-1.5000000000000002,-0.0,620.0333548387097,1.5000000000000002,-0.0,752.8976451612901,-1.0,-0.0,752.8976451612901,1.0,-0.0
case_000,0.33,0.0,15.0,0.0,0.0,0.0,0.0,0.0,True,620.0333548387097,-1.5000000000000002,-0.0,620.0333548387097,1.5000000000000002,-0.0,752.8976451612901,-1.0,-0.0,752.8976451612901,1.0,-0.0
case_000,0.335,0.0,15.0,0.0,0.0,0.0,0.0,0.0,True,620.0333548387097,-1.5000000000000002,-0.0,620.0333548387097,1.5000000000000002,-0.0,752.8976451612901,-1.0,-0.0,752.8976451612901,1.0,-0.0
case_000,0.34,0.0,15.0,0.0,0.0,0.0,0.0,0.0,True,620.0333548387097,-1.5000000000000002,-0.0,620.0333548387097,1.5000000000000002,-0.0,752.8976451612901,-1.0,-0.0,752.8976451612901,1.0,-0.0
case_000,0.34500000000000003,0.0,15.0,0.0,0.0,0.0,0.0,0.0,True,620.0333548387097,-1.5000000000000002,-0.0,620.0333548387097,1.5000000000000002,-0.0,752.8976451612901,-1.0,-0.0,752.8976451612901,1.0,-0.0
case_000,0.35000000000000003,0.0,15.0,0.0,0.0,0.0,0.0,0.0,True,620.0333548387097,-1.5000000000000002,-0.0,620.0333548387097,1.5000000000000002,-0.0,752.8976451612901,-1.0,-0.0,752.8976451612901,1.0,-0.0
case_000,0.355,0.0,15.0,0.0,0.0,0.0,0.0,0.0,True,620.0333548387097,-1.5000000000000002,-0.0,620.0333548387097,1.5000000000000002,-0.0,752.8976451612901,-1.0,-0.0,752.8976451612901,1.0,-0.0
case_000,0.36,0.0,15.0,0.0,0.0,0.0,0.0,0.0,True,620.0333548387097,-1.5000000000000002,-0.0,620.0333548387097,1.5000000000000002,-0.0,752.8976451612901,-1.0,-0.0,752.8976451612901,1.0,-0.0
case_000,0.365,0.0,15.0,0.0,0.0,0.0,0.0,0.0,True,620.0333548387097,-1.5000000000000002,-0.0,620.0333548387097,1.5000000000000002,-0.0,752.8976451612901,-1.0,-0.0,752.8976451612901,1.0,-0.0
case_000,0.37,0.0,15.0,0.0,0.0,0.0,0.0,0.0,True,620.0333548387097,-1.5000000000000002,-0.0,620.0333548387097,1.5000000000000002,-0.0,752.8976451612901,-1.0,-0.0,752.8976451612901,1.0,-0.0
case_000,0.375,0.0,15.0,0.0,0.0,0.0,0.0,0.0,True,620.0333548387097,-1.5000000000000002,-0.0,620.0333548387097,1.5000000000000002,-0.0,752.8976451612901,-1.0,-0.0,752.8976451612901,1.0,-0.0
case_000,0.38,0.0,15.0,0.0,0.0,0.0,0.0,0.0,True,620.0333548387097,-1.5000000000000002,-0.0,620.0333548387097,1.5000000000000002,-0.0,752.8976451612901,-1.0,-0.0,752.8976451612901,1.0,-0.0
case_000,0.385,0.0,15.0,0.0,0.0,0.0,0.0,0.0,True,620.0333548387097,-1.5000000000000002,-0.0,620.0333548387097,1.5000000000000002,-0.0,752.8976451612901,-1.0,-0.0,752.8976451612901,1.0,-0.0
case_000,0.39,0.0,15.0,0.0,0.0,0.0,0.0,0.0,True,620.0333548387097,-1.5000000000000002,-0.0,620.0333548387097,1.5000000000000002,-0.0,752.8976451612901,-1.0,-0.0,752.8976451612901,1.0,-0.0
case_000,0.395,0.0,15.0,0.0,0.0,0.0,0.0,0.0,True,620.0333548387097,-1.5000000000000002,-0.0,620.0333548387097,1.5000000000000002,-0.0,752.8976451612901,-1.0,-0.0,752.8976451612901,1.0,-0.0
case_000,0.4,0.0,15.0,0.0,0.0,0.0,0.0,0.0,True,620.0333548387097,-1.5000000000000002,-0.0,620.0333548387097,1.5000000000000002,-0.0,752.8976451612901,-1.0,-0.0,752.8976451612901,1.0,-0.0
case_000,0.405,0.0,15.0,0.0,0.0,0.0,0.0,0.0,True,620.0333548387097,-1.5000000000000002,-0.0,620.0333548387097,1.5000000000000002,-0.0,752.8976451612901,-1.0,-0.0,752.8976451612901,1.0,-0.0
case_000,0.41000000000000003,0.0,15.0,0.0,0.0,0.0,0.0,0.0,True,620.0333548387097,-1.5000000000000002,-0.0,620.0333548387097,1.5000000000000002,-0.0,752.8976451612901,-1.0,-0.0,752.8976451612901,1.0,-0.0
case_000,0.41500000000000004,0.0,15.0,0.0,0.0,0.0,0.0,0.0,True,620.0333548387097,-1.5000000000000002,-0.0,620.0333548387097,1.5000000000000002,-0.0,752.8976451612901,-1.0,-0.0,752.8976451612901,1.0,-0.0
case_000,0.42,0.0,15.0,0.0,0.0,0.0,0.0,0.0,True,620.0333548387097,-1.5000000000000002,-0.0,620.0333548387097,1.5000000000000002,-0.0,752.8976451612901,-1.0,-0.0,752.8976451612901,1.0,-0.0
case_000,0.425,0.0,15.0,0.0,0.0,0.0,0.0,0.0,True,620.0333548387097,-1.5000000000000002,-0.0,620.0333548387097,1.5000000000000002,-0.0,752.8976451612901,-1.0,-0.0,752.8976451612901,1.0,-0.0
case_000,0.43,0.0,15.0,0.0,0.0,0.0,0.0,0.0,True,620.0333548387097,-1.5000000000000002,-0.0,620.0333548387097,1.5000000000000002,-0.0,752.8976451612901,-1.0,-0.0,752.8976451612901,1.0,-0.0
case_000,0.435,0.0,15.0,0.0,0.0,0.0,0.0,0.0,True,620.0333548387097,-1.5000000000000002,-0.0,620.0333548387097,1.5000000000000002,-0.0,752.8976451612901,-1.0,-0.0,752.8976451612901,1.0,-0.0
case_000,0.44,0.0,15.0,0.0,0.0,0.0,0.0,0.0,True,620.0333548387097,-1.5000000000000002,-0.0,620.0333548387097,1.5000000000000002,-0.0,752.8976451612901,-1.0,-0.0,752.8976451612901,1.0,-0.0
case_000,0.445,0.0,15.0,0.0,0.0,0.0,0.0,0.0,True,620.0333548387097,-1.5000000000000002,-0.0,620.0333548387097,1.5000000000000002,-0.0,752.8976451612901,-1.0,-0.0,752.8976451612901,1.0,-0.0
case_000,0.45,0.0,15.0,0.0,0.0,0.0,0.0,0.0,True,620.0333548387097,-1.5000000000000002,-0.0,620.0333548387097,1.5000000000000002,-0.0,752.8976451612901,-1.0,-0.0,752.8976451612901,1.0,-0.0
case_000,0.455,0.0,15.0,0.0,0.0,0.0,0.0,0.0,True,620.0333548387097,-1.5000000000000002,-0.0,620.0333548387097,1.5000000000000002,-0.0,752.8976451612901,-1.0,-0.0,752.8976451612901,1.0,-0.0
case_000,0.46,0.0,15.0,0.0,0.0,0.0,0.0,0.0,True,620.0333548387097,-1.5000000000000002,-0.0,620.0333548387097,1.5000000000000002,-0.0,752.8976451612901,-1.0,-0.0,752.8976451612901,1.0,-0.0
case_000,0.465,0.0,15.0,0.0,0.0,0.0,0.0,0.0,True,620.0333548387097,-1.5000000000000002,-0.0,620.0333548387097,1.5000000000000002,-0.0,752.8976451612901,-1.0,-0.0,752.8976451612901,1.0,-0.0
case_000,0.47000000000000003,0.0,15.0,0.0,0.0,0.0,0.0,0.0,True,620.0333548387097,-1.5000000000000002,-0.0,620.0333548387097,1.5000000000000002,-0.0,752.8976451612901,-1.0,-0.0,752.8976451612901,1.0,-0.0
case_000,0.47500000000000003,0.0,15.0,0.0,0.0,0.0,0.0,0.0,True,620.0333548387097,-1.5000000000000002,-0.0,620.0333548387097,1.5000000000000002,-0.0,752.8976451612901,-1.0,-0.0,752.8976451612901,1.0,-0.0
case_000,0.48,0.0,15.0,0.0,0.0,0.0,0.0,0.0,True,620.0333548387097,-1.5000000000000002,-0.0,620.0333548387097,1.5000000000000002,-0.0,752.8976451612901,-1.0,-0.0,752.8976451612901,1.0,-0.0
case_000,0.485,0.0,15.0,0.0,0.0,0.0,0.0,0.0,True,620.0333548387097,-1.5000000000000002,-0.0,620.0333548387097,1.5000000000000002,-0.0,752.8976451612901,-1.0,-0.0,752.8976451612901,1.0,-0.0
case_000,0.49,0.0,15.0,0.0,0.0,0.0,0.0,0.0,True,620.0333548387097,-1.5000000000000002,-0.0,620.0333548387097,1.5000000000000002,-0.0,752.8976451612901,-1.0,-0.0,752.8976451612901,1.0,-0.0
case_000,0.495,0.0,15.0,0.0,0.0,0.0,0.0,0.0,True,620.0333548387097,-1.5000000000000002,-0.0,620.0333548387097,1.5000000000000002,-0.0,752.8976451612901,-1.0,-0.0,752.8976451612901,1.0,-0.0
case_000,0.5,0.0,15.0,0.0,0.0,0.0,0.0,0.0,True,620.0333548387097,-1.5000000000000002,-0.0,620.0333548387097,1.5000000000000002,-0.0,752.8976451612901,-1.0,-0.0,752.8976451612901,1.0,-0.0
case_000,0.505,0.0,15.0,0.0,0.0,0.0,0.0,0.0,True,620.0333548387097,-1.5000000000000002,-0.0,620.0333548387097,1.5000000000000002,-0.0,752.8976451612901,-1.0,-0.0,752.8976451612901,1.0,-0.0
case_000,0.51,0.0,15.0,0.0,0.0,0.0,0.0,0.0,True,620.0333548387097,-1.5000000000000002,-0.0,620.0333548387097,1.5000000000000002,-0.0,752.8976451612901,-1.0,-0.0,752.8976451612901,1.0,-0.0
case_000,0.515,0.0,15.0,0.0,0.0,0.0,0.0,0.0,True,620.0333548387097,-1.5000000000000002,-0.0,620.0333548387097,1.5000000000000002,-0.0,752.8976451612901,-1.0,-0.0,752.8976451612901,1.0,-0.0
case_000,0.52,0.0,15.0,0.0,0.0,0.0,0.0,0.0,True,620.0333548387097,-1.5000000000000002,-0.0,620.0333548387097,1.5000000000000002,-0.0,752.8976451612901,-1.0,-0.0,752.8976451612901,1.0,-0.0
case_000,0.525,0.0,15.0,0.0,0.0,0.0,0.0,0.0,True,620.0333548387097,-1.5000000000000002,-0.0,620.0333548387097,1.5000000000000002,-0.0,752.8976451612901,-1.0,-0.0,752.8976451612901,1.0,-0.0
case_000,0.53,0.0,15.0,0.0,0.0,0.0,0.0,0.0,True,620.0333548387097,-1.5000000000000002,-0.0,620.0333548387097,1.5000000000000002,-0.0,752.8976451612901,-1.0,-0.0,752.8976451612901,1.0,-0.0
case_000,0.535,0.0,15.0,0.0,0.0,0.0,0.0,0.0,True,620.0333548387097,-1.5000000000000002,-0.0,620.0333548387097,1.5000000000000002,-0.0,752.8976451612901,-1.0,-0.0,752.8976451612901,1.0,-0.0
case_000,0.54,0.0,15.0,0.0,0.0,0.0,0.0,0.0,True,620.0333548387097,-1.5000000000000002,-0.0,620.0333548387097,1.5000000000000002,-0.0,752.8976451612901,-1.0,-0.0,752.8976451612901,1.0,-0.0
case_000,0.545,0.0,15.0,0.0,0.0,0.0,0.0,0.0,True,620.0333548387097,-1.5000000000000002,-0.0,620.0333548387097,1.5000000000000002,-0.0,752.8976451612901,-1.0,-0.0,752.8976451612901,1.0,-0.0
case_000,0.55,0.0,15.0,0.0,0.0,0.0,0.0,0.0,True,620.0333548387097,-1.5000000000000002,-0.0,620.0333548387097,1.5000000000000002,-0.0,752.8976451612901,-1.0,-0.0,752.8976451612901,1.0,-0.0
case_000,0.555,0.0,15.0,0.0,0.0,0.0,0.0,0.0,True,620.0333548387097,-1.5000000000000002,-0.0,620.0333548387097,1.5000000000000002,-0.0,752.8976451612901,-1.0,-0.0,752.8976451612901,1.0,-0.0
case_000,0.56,0.0,15.0,0.0,0.0,0.0,0.0,0.0,True,620.0333548387097,-1.5000000000000002,-0.0,620.0333548387097,1.5000000000000002,-0.0,752.8976451612901,-1.0,-0.0,752.8976451612901,1.0,-0.0
case_000,0.5650000000000001,0.0,15.0,0.0,0.0,0.0,0.0,0.0,True,620.0333548387097,-1.5000000000000002,-0.0,620.0333548387097,1.5000000000000002,-0.0,752.8976451612901,-1.0,-0.0,752.8976451612901,1.0,-0.0
case_000,0.5700000000000001,0.0,15.0,0.0,0.0,0.0,0.0,0.0,True,620.0333548387097,-1.5000000000000002,-0.0,620.0333548387097,1.5000000000000002,-0.0,752.8976451612901,-1.0,-0.0,752.8976451612901,1.0,-0.0
case_000,0.5750000000000001,0.0,15.0,0.0,0.0,0.0,0.0,0.0,True,620.0333548387097,-1.5000000000000002,-0.0,620.0333548387097,1.5000000000000002,-0.0,752.8976451612901,-1.0,-0.0,752.8976451612901,1.0,-0.0
case_000,0.58,0.0,15.0,0.0,0.0,0.0,0.0,0.0,True,620.0333548387097,-1.5000000000000002,-0.0,620.0333548387097,1.5000000000000002,-0.0,752.8976451612901,-1.0,-0.0,752.8976451612901,1.0,-0.0
case_000,0.585,0.0,15.0,0.0,0.0,0.0,0.0,0.0,True,620.0333548387097,-1.5000000000000002,-0.0,620.0333548387097,1.5000000000000002,-0.0,752.8976451612901,-1.0,-0.0,752.8976451612901,1.0,-0.0
case_000,0.59,0.0,15.0,0.0,0.0,0.0,0.0,0.0,True,620.0333548387097,-1.5000000000000002,-0.0,620.0333548387097,1.5000000000000002,-0.0,752.8976451612901,-1.0,-0.0,752.8976451612901,1.0,-0.0
case_000,0.595,0.0,15.0,0.0,0.0,0.0,0.0,0.0,True,620.0333548387097,-1.5000000000000002,-0.0,620.0333548387097,1.5000000000000002,-0.0,752.8976451612901,-1.0,-0.0,752.8976451612901,1.0,-0.0
case_000,0.6,0.0,15.0,0.0,0.0,0.0,0.0,0.0,True,620.0333548387097,-1.5000000000000002,-0.0,620.0333548387097,1.5000000000000002,-0.0,752.8976451612901,-1.0,-0.0,752.8976451612901,1.0,-0.0
case_000,0.605,0.0,15.0,0.0,0.0,0.0,0.0,0.0,True,620.0333548387097,-1.5000000000000002,-0.0,620.0333548387097,1.5000000000000002,-0.0,752.8976451612901,-1.0,-0.0,752.8976451612901,1.0,-0.0
case_000,0.61,0.0,15.0,0.0,0.0,0.0,0.0,0.0,True,620.0333548387097,-1.5000000000000002,-0.0,620.0333548387097,1.5000000000000002,-0.0,752.8976451612901,-1.0,-0.0,752.8976451612901,1.0,-0.0
case_000,0.615,0.0,15.0,0.0,0.0,0.0,0.0,0.0,True,620.0333548387097,-1.5000000000000002,-0.0,620.0333548387097,1.5000000000000002,-0.0,752.8976451612901,-1.0,-0.0,752.8976451612901,1.0,-0.0
case_000,0.62,0.0,15.0,0.0,0.0,0.0,0.0,0.0,True,620.0333548387097,-1.5000000000000002,-0.0,620.0333548387097,1.5000000000000002,-0.0,752.8976451612901,-1.0,-0.0,752.8976451612901,1.0,-0.0
case_000,0.625,0.0,15.0,0.0,0.0,0.0,0.0,0.0,True,620.0333548387097,-1.5000000000000002,-0.0,620.0333548387097,1.5000000000000002,-0.0,752.8976451612901,-1.0,-0.0,752.8976451612901,1.0,-0.0
case_000,0.63,0.0,15.0,0.0,0.0,0.0,0.0,0.0,True,620.0333548387097,-1.5000000000000002,-0.0,620.0333548387097,1.5000000000000002,-0.0,752.8976451612901,-1.0,-0.0,752.8976451612901,1.0,-0.0
case_000,0.635,0.0,15.0,0.0,0.0,0.0,0.0,0.0,True,620.0333548387097,-1.5000000000000002,-0.0,620.0333548387097,1.5000000000000002,-0.0,752.8976451612901,-1.0,-0.0,752.8976451612901,1.0,-0.0
case_000,0.64,0.0,15.0,0.0,0.0,0.0,0.0,0.0,True,620.0333548387097,-1.5000000000000002,-0.0,620.0333548387097,1.5000000000000002,-0.0,752.8976451612901,-1.0,-0.0,752.8976451612901,1.0,-0.0
case_000,0.645,0.0,15.0,0.0,0.0,0.0,0.0,0.0,True,620.0333548387097,-1.5000000000000002,-0.0,620.0333548387097,1.5000000000000002,-0.0,752.8976451612901,-1.0,-0.0,752.8976451612901,1.0,-0.0
case_000,0.65,0.0,15.0,0.0,0.0,0.0,0.0,0.0,True,620.0333548387097,-1.5000000000000002,-0.0,620.0333548387097,1.5000000000000002,-0.0,752.8976451612901,-1.0,-0.0,752.8976451612901,1.0,-0.0
case_000,0.655,0.0,15.0,0.0,0.0,0.0,0.0,0.0,True,620.0333548387097,-1.5000000000000002,-0.0,620.0333548387097,1.5000000000000002,-0.0,752.8976451612901,-1.0,-0.0,752.8976451612901,1.0,-0.0
case_000,0.66,0.0,15.0,0.0,0.0,0.0,0.0,0.0,True,620.0333548387097,-1.5000000000000002,-0.0,620.0333548387097,1.5000000000000002,-0.0,752.8976451612901,-1.0,-0.0,752.8976451612901,1.0,-0.0
case_000,0.665,0.0,15.0,0.0,0.0,0.0,0.0,0.0,True,620.0333548387097,-1.5000000000000002,-0.0,620.0333548387097,1.5000000000000002,-0.0,752.8976451612901,-1.0,-0.0,752.8976451612901,1.0,-0.0
case_000,0.67,0.0,15.0,0.0,0.0,0.0,0.0,0.0,True,620.0333548387097,-1.5000000000000002,-0.0,620.0333548387097,1.5000000000000002,-0.0,752.8976451612901,-1.0,-0.0,752.8976451612901,1.0,-0.0
case_000,0.675,0.0,15.0,0.0,0.0,0.0,0.0,0.0,True,620.0333548387097,-1.5000000000000002,-0.0,620.0333548387097,1.5000000000000002,-0.0,752.8976451612901,-1.0,-0.0,752.8976451612901,1.0,-0.0
case_000,0.68,0.0,15.0,0.0,0.0,0.0,0.0,0.0,True,620.0333548387097,-1.5000000000000002,-0.0,620.0333548387097,1.5000000000000002,-0.0,752.8976451612901,-1.0,-0.0,752.8976451612901,1.0,-0.0
case_000,0.685,0.0,15.0,0.0,0.0,0.0,0.0,0.0,True,620.0333548387097,-1.5000000000000002,-0.0,620.0333548387097,1.5000000000000002,-0.0,752.8976451612901,-1.0,-0.0,752.8976451612901,1.0,-0.0
case_000,0.6900000000000001,0.0,15.0,0.0,0.0,0.0,0.0,0.0,True,620.0333548387097,-1.5000000000000002,-0.0,620.0333548387097,1.5000000000000002,-0.0,752.8976451612901,-1.0,-0.0,752.8976451612901,1.0,-0.0
case_000,0.6950000000000001,0.0,15.0,0.0,0.0,0.0,0.0,0.0,True,620.0333548387097,-1.5000000000000002,-0.0,620.0333548387097,1.5000000000000002,-0.0,752.8976451612901,-1.0,-0.0,752.8976451612901,1.0,-0.0
case_000,0.7000000000000001,0.0,15.0,0.0,0.0,0.0,0.0,0.0,True,620.0333548387097,-1.5000000000000002,-0.0,620.0333548387097,1.5000000000000002,-0.0,752.8976451612901,-1.0,-0.0,752.8976451612901,1.0,-0.0
case_000,0.705,0.0,15.0,0.0,0.0,0.0,0.0,0.0,True,620.0333548387097,-1.5000000000000002,-0.0,620.0333548387097,1.5000000000000002,-0.0,752.8976451612901,-1.0,-0.0,752.8976451612901,1.0,-0.0
case_000,0.71,0.0,15.0,0.0,0.0,0.0,0.0,0.0,True,620.0333548387097,-1.5000000000000002,-0.0,620.0333548387097,1.5000000000000002,-0.0,752.8976451612901,-1.0,-0.0,752.8976451612901,1.0,-0.0
case_000,0.715,0.0,15.0,0.0,0.0,0.0,0.0,0.0,True,620.0333548387097,-1.5000000000000002,-0.0,620.0333548387097,1.5000000000000002,-0.0,752.8976451612901,-1.0,-0.0,752.8976451612901,1.0,-0.0
case_000,0.72,0.0,15.0,0.0,0.0,0.0,0.0,0.0,True,620.0333548387097,-1.5000000000000002,-0.0,620.0333548387097,1.5000000000000002,-0.0,752.8976451612901,-1.0,-0.0,752.8976451612901,1.0,-0.0
case_000,0.725,0.0,15.0,0.0,0.0,0.0,0.0,0.0,True,620.0333548387097,-1.5000000000000002,-0.0,620.0333548387097,1.5000000000000002,-0.0,752.8976451612901,-1.0,-0.0,752.8976451612901,1.0,-0.0
case_000,0.73,0.0,15.0,0.0,0.0,0.0,0.0,0.0,True,620.0333548387097,-1.5000000000000002,-0.0,620.0333548387097,1.5000000000000002,-0.0,752.8976451612901,-1.0,-0.0,752.8976451612901,1.0,-0.0
case_000,0.735,0.0,15.0,0.0,0.0,0.0,0.0,0.0,True,620.0333548387097,-1.5000000000000002,-0.0,620.0333548387097,1.5000000000000002,-0.0,752.8976451612901,-1.0,-0.0,752.8976451612901,1.0,-0.0
case_000,0.74,0.0,15.0,0.0,0.0,0.0,0.0,0.0,True,620.0333548387097,-1.5000000000000002,-0.0,620.0333548387097,1.5000000000000002,-0.0,752.8976451612901,-1.0,-0.0,752.8976451612901,1.0,-0.0
case_000,0.745,0.0,15.0,0.0,0.0,0.0,0.0,0.0,True,620.0333548387097,-1.5000000000000002,-0.0,620.0333548387097,1.5000000000000002,-0.0,752.8976451612901,-1.0,-0.0,752.8976451612901,1.0,-0.0
case_000,0.75,0.0,15.0,0.0,0.0,0.0,0.0,0.0,True,620.0333548387097,-1.5000000000000002,-0.0,620.0333548387097,1.5000000000000002,-0.0,752.8976451612901,-1.0,-0.0,752.8976451612901,1.0,-0.0
case_000,0.755,0.0,15.0,0.0,0.0,0.0,0.0,0.0,True,620.0333548387097,-1.5000000000000002,-0.0,620.0333548387097,1.5000000000000002,-0.0,752.8976451612901,-1.0,-0.0,752.8976451612901,1.0,-0.0
case_000,0.76,0.0,15.0,0.0,0.0,0.0,0.0,0.0,True,620.0333548387097,-1.5000000000000002,-0.0,620.0333548387097,1.5000000000000002,-0.0,752.8976451612901,-1.0,-0.0,752.8976451612901,1.0,-0.0
case_000,0.765,0.0,15.0,0.0,0.0,0.0,0.0,0.0,True,620.0333548387097,-1.5000000000000002,-0.0,620.0333548387097,1.5000000000000002,-0.0,752.8976451612901,-1.0,-0.0,752.8976451612901,1.0,-0.0
case_000,0.77,0.0,15.0,0.0,0.0,0.0,0.0,0.0,True,620.0333548387097,-1.5000000000000002,-0.0,620.0333548387097,1.5000000000000002,-0.0,752.8976451612901,-1.0,-0.0,752.8976451612901,1.0,-0.0
case_000,0.775,0.0,15.0,0.0,0.0,0.0,0.0,0.0,True,620.0333548387097,-1.5000000000000002,-0.0,620.0333548387097,1.5000000000000002,-0.0,752.8976451612901,-1.0,-0.0,752.8976451612901,1.0,-0.0
case_000,0.78,0.0,15.0,0.0,0.0,0.0,0.0,0.0,True,620.0333548387097,-1.5000000000000002,-0.0,620.0333548387097,1.5000000000000002,-0.0,752.8976451612901,-1.0,-0.0,752.8976451612901,1.0,-0.0
case_000,0.785,0.0,15.0,0.0,0.0,0.0,0.0,0.0,True,620.0333548387097,-1.5000000000000002,-0.0,620.0333548387097,1.5000000000000002,-0.0,752.8976451612901,-1.0,-0.0,752.8976451612901,1.0,-0.0
case_000,0.79,0.0,15.0,0.0,0.0,0.0,0.0,0.0,True,620.0333548387097,-1.5000000000000002,-0.0,620.0333548387097,1.5000000000000002,-0.0,752.8976451612901,-1.0,-0.0,752.8976451612901,1.0,-0.0
case_000,0.795,0.0,15.0,0.0,0.0,0.0,0.0,0.0,True,620.0333548387097,-1.5000000000000002,-0.0,620.0333548387097,1.5000000000000002,-0.0,752.8976451612901,-1.0,-0.0,752.8976451612901,1.0,-0.0
case_000,0.8,0.0,15.0,0.0,0.0,0.0,0.0,0.0,True,620.0333548387097,-1.5000000000000002,-0.0,620.0333548387097,1.5000000000000002,-0.0,752.8976451612901,-1.0,-0.0,752.8976451612901,1.0,-0.0
case_000,0.805,0.0,15.0,0.0,0.0,0.0,0.0,0.0,True,620.0333548387097,-1.5000000000000002,-0.0,620.0333548387097,1.5000000000000002,-0.0,752.8976451612901,-1.0,-0.0,752.8976451612901,1.0,-0.0
case_000,0.81,0.0,15.0,0.0,0.0,0.0,0.0,0.0,True,620.0333548387097,-1.5000000000000002,-0.0,620.0333548387097,1.5000000000000002,-0.0,752.8976451612901,-1.0,-0.0,752.8976451612901,1.0,-0.0
case_000,0.8150000000000001,0.0,15.0,0.0,0.0,0.0,0.0,0.0,True,620.0333548387097,-1.5000000000000002,-0.0,620.0333548387097,1.5000000000000002,-0.0,752.8976451612901,-1.0,-0.0,752.8976451612901,1.0,-0.0
case_000,0.8200000000000001,0.0,15.0,0.0,0.0,0.0,0.0,0.0,True,620.0333548387097,-1.5000000000000002,-0.0,620.0333548387097,1.5000000000000002,-0.0,752.8976451612901,-1.0,-0.0,752.8976451612901,1.0,-0.0
case_000,0.8250000000000001,0.0,15.0,0.0,0.0,0.0,0.0,0.0,True,620.0333548387097,-1.5000000000000002,-0.0,620.0333548387097,1.5000000000000002,-0.0,752.8976451612901,-1.0,-0.0,752.8976451612901,1.0,-0.0
case_000,0.8300000000000001,0.0,15.0,0.0,0.0,0.0,0.0,0.0,True,620.0333548387097,-1.5000000000000002,-0.0,620.0333548387097,1.5000000000000002,-0.0,752.8976451612901,-1.0,-0.0,752.8976451612901,1.0,-0.0
case_000,0.835,0.0,15.0,0.0,0.0,0.0,0.0,0.0,True,620.0333548387097,-1.5000000000000002,-0.0,620.0333548387097,1.5000000000000002,-0.0,752.8976451612901,-1.0,-0.0,752.8976451612901,1.0,-0.0
case_000,0.84,0.0,15.0,0.0,0.0,0.0,0.0,0.0,True,620.0333548387097,-1.5000000000000002,-0.0,620.0333548387097,1.5000000000000002,-0.0,752.8976451612901,-1.0,-0.0,752.8976451612901,1.0,-0.0
case_000,0.845,0.0,15.0,0.0,0.0,0.0,0.0,0.0,True,620.0333548387097,-1.5000000000000002,-0.0,620.0333548387097,1.5000000000000002,-0.0,752.8976451612901,-1.0,-0.0,752.8976451612901,1.0,-0.0
case_000,0.85,0.0,15.0,0.0,0.0,0.0,0.0,0.0,True,620.0333548387097,-1.5000000000000002,-0.0,620.0333548387097,1.5000000000000002,-0.0,752.8976451612901,-1.0,-0.0,752.8976451612901,1.0,-0.0
case_000,0.855,0.0,15.0,0.0,0.0,0.0,0.0,0.0,True,620.0333548387097,-1.5000000000000002,-0.0,620.0333548387097,1.5000000000000002,-0.0,752.8976451612901,-1.0,-0.0,752.8976451612901,1.0,-0.0
case_000,0.86,0.0,15.0,0.0,0.0,0.0,0.0,0.0,True,620.0333548387097,-1.5000000000000002,-0.0,620.0333548387097,1.5000000000000002,-0.0,752.8976451612901,-1.0,-0.0,752.8976451612901,1.0,-0.0
case_000,0.865,0.0,15.0,0.0,0.0,0.0,0.0,0.0,True,620.0333548387097,-1.5000000000000002,-0.0,620.0333548387097,1.5000000000000002,-0.0,752.8976451612901,-1.0,-0.0,752.8976451612901,1.0,-0.0
case_000,0.87,0.0,15.0,0.0,0.0,0.0,0.0,0.0,True,620.0333548387097,-1.5000000000000002,-0.0,620.0333548387097,1.5000000000000002,-0.0,752.8976451612901,-1.0,-0.0,752.8976451612901,1.0,-0.0
case_000,0.875,0.0,15.0,0.0,0.0,0.0,0.0,0.0,True,620.0333548387097,-1.5000000000000002,-0.0,620.0333548387097,1.5000000000000002,-0.0,752.8976451612901,-1.0,-0.0,752.8976451612901,1.0,-0.0
case_000,0.88,0.0,15.0,0.0,0.0,0.0,0.0,0.0,True,620.0333548387097,-1.5000000000000002,-0.0,620.0333548387097,1.5000000000000002,-0.0,752.8976451612901,-1.0,-0.0,752.8976451612901,1.0,-0.0
case_000,0.885,0.0,15.0,0.0,0.0,0.0,0.0,0.0,True,620.0333548387097,-1.5000000000000002,-0.0,620.0333548387097,1.5000000000000002,-0.0,752.8976451612901,-1.0,-0.0,752.8976451612901,1.0,-0.0
case_000,0.89,0.0,15.0,0.0,0.0,0.0,0.0,0.0,True,620.0333548387097,-1.5000000000000002,-0.0,620.0333548387097,1.5000000000000002,-0.0,752.8976451612901,-1.0,-0.0,752.8976451612901,1.0,-0.0
case_000,0.895,0.0,15.0,0.0,0.0,0.0,0.0,0.0,True,620.0333548387097,-1.5000000000000002,-0.0,620.0333548387097,1.5000000000000002,-0.0,752.8976451612901,-1.0,-0.0,752.8976451612901,1.0,-0.0
case_000,0.9,0.0,15.0,0.0,0.0,0.0,0.0,0.0,True,620.0333548387097,-1.5000000000000002,-0.0,620.0333548387097,1.5000000000000002,-0.0,752.8976451612901,-1.0,-0.0,752.8976451612901,1.0,-0.0
case_000,0.905,0.0,15.0,0.0,0.0,0.0,0.0,0.0,True,620.0333548387097,-1.5000000000000002,-0.0,620.0333548387097,1.5000000000000002,-0.0,752.8976451612901,-1.0,-0.0,752.8976451612901,1.0,-0.0
case_000,0.91,0.0,15.0,0.0,0.0,0.0,0.0,0.0,True,620.0333548387097,-1.5000000000000002,-0.0,620.0333548387097,1.5000000000000002,-0.0,752.8976451612901,-1.0,-0.0,752.8976451612901,1.0,-0.0
case_000,0.915,0.0,15.0,0.0,0.0,0.0,0.0,0.0,True,620.0333548387097,-1.5000000000000002,-0.0,620.0333548387097,1.5000000000000002,-0.0,752.8976451612901,-1.0,-0.0,752.8976451612901,1.0,-0.0
case_000,0.92,0.0,15.0,0.0,0.0,0.0,0.0,0.0,True,620.0333548387097,-1.5000000000000002,-0.0,620.0333548387097,1.5000000000000002,-0.0,752.8976451612901,-1.0,-0.0,752.8976451612901,1.0,-0.0
case_000,0.925,0.0,15.0,0.0,0.0,0.0,0.0,0.0,True,620.0333548387097,-1.5000000000000002,-0.0,620.0333548387097,1.5000000000000002,-0.0,752.8976451612901,-1.0,-0.0,752.8976451612901,1.0,-0.0
case_000,0.93,0.0,15.0,0.0,0.0,0.0,0.0,0.0,True,620.0333548387097,-1.5000000000000002,-0.0,620.0333548387097,1.5000000000000002,-0.0,752.8976451612901,-1.0,-0.0,752.8976451612901,1.0,-0.0
case_000,0.935,0.0,15.0,0.0,0.0,0.0,0.0,0.0,True,620.0333548387097,-1.5000000000000002,-0.0,620.0333548387097,1.5000000000000002,-0.0,752.8976451612901,-1.0,-0.0,752.8976451612901,1.0,-0.0
case_000,0.9400000000000001,0.0,15.0,0.0,0.0,0.0,0.0,0.0,True,620.0333548387097,-1.5000000000000002,-0.0,620.0333548387097,1.5000000000000002,-0.0,752.8976451612901,-1.0,-0.0,752.8976451612901,1.0,-0.0
case_000,0.9450000000000001,0.0,15.0,0.0,0.0,0.0,0.0,0.0,True,620.0333548387097,-1.5000000000000002,-0.0,620.0333548387097,1.5000000000000002,-0.0,752.8976451612901,-1.0,-0.0,752.8976451612901,1.0,-0.0
case_000,0.9500000000000001,0.0,15.0,0.0,0.0,0.0,0.0,0.0,True,620.0333548387097,-1.5000000000000002,-0.0,620.0333548387097,1.5000000000000002,-0.0,752.8976451612901,-1.0,-0.0,752.8976451612901,1.0,-0.0
case_000,0.9550000000000001,0.0,15.0,0.0,0.0,0.0,0.0,0.0,True,620.0333548387097,-1.5000000000000002,-0.0,620.0333548387097,1.5000000000000002,-0.0,752.8976451612901,-1.0,-0.0,752.8976451612901,1.0,-0.0
case_000,0.96,0.0,15.0,0.0,0.0,0.0,0.0,0.0,True,620.0333548387097,-1.5000000000000002,-0.0,620.0333548387097,1.5000000000000002,-0.0,752.8976451612901,-1.0,-0.0,752.8976451612901,1.0,-0.0
case_000,0.965,0.0,15.0,0.0,0.0,0.0,0.0,0.0,True,620.0333548387097,-1.5000000000000002,-0.0,620.0333548387097,1.5000000000000002,-0.0,752.8976451612901,-1.0,-0.0,752.8976451612901,1.0,-0.0
case_000,0.97,0.0,15.0,0.0,0.0,0.0,0.0,0.0,True,620.0333548387097,-1.5000000000000002,-0.0,620.0333548387097,1.5000000000000002,-0.0,752.8976451612901,-1.0,-0.0,752.8976451612901,1.0,-0.0
case_000,0.975,0.0,15.0,0.0,0.0,0.0,0.0,0.0,True,620.0333548387097,-1.5000000000000002,-0.0,620.0333548387097,1.5000000000000002,-0.0,752.8976451612901,-1.0,-0.0,752.8976451612901,1.0,-0.0
case_000,0.98,0.0,15.0,0.0,0.0,0.0,0.0,0.0,True,620.0333548387097,-1.5000000000000002,-0.0,620.0333548387097,1.5000000000000002,-0.0,752.8976451612901,-1.0,-0.0,752.8976451612901,1.0,-0.0
case_000,0.985,0.0,15.0,0.0,0.0,0.0,0.0,0.0,True,620.0333548387097,-1.5000000000000002,-0.0,620.0333548387097,1.5000000000000002,-0.0,752.8976451612901,-1.0,-0.0,752.8976451612901,1.0,-0.0
case_000,0.99,0.0,15.0,0.0,0.0,0.0,0.0,0.0,True,620.0333548387097,-1.5000000000000002,-0.0,620.0333548387097,1.5000000000000002,-0.0,752.8976451612901,-1.0,-0.0,752.8976451612901,1.0,-0.0
case_000,0.995,0.0,15.0,0.0,0.0,0.0,0.0,0.0,True,620.0333548387097,-1.5000000000000002,-0.0,620.0333548387097,1.5000000000000002,-0.0,752.8976451612901,-1.0,-0.0,752.8976451612901,1.0,-0.0
case_000,1.0,-1.1298925584376165e-08,15.0,0.0,2.1673213462848217e-14,9.868065746306725e-10,6.192851742525818e-07,1.027241751216934e-06,True,620.0333545290671,-1.5000000000000173,-2.220446049250313e-16,620.0333551483523,1.499999999999983,2.220446049250313e-16,752.8976446476696,-1.0000000000000182,-2.220446049250313e-16,752.8976456749114,0.9999999999999817,2.220446049250313e-16
case_000,1.0050000000000001,0.17434291339556185,14.99999966924768,0.0666666666666682,0.00010776767830316606,0.0015877937243855516,6.266874162505815,1.6198694143097327,True,616.9084810141322,-1.500085007779039,-1.1379916254328215e-06,623.175355176638,1.4999149903556326,1.1378983590382141e-06,752.0875523660915,-1.0000908367107195,-1.1287311722507631e-06,753.7074217804012,0.9999091575687582,1.1283498040914886e-06
case_000,1.01,0.3242918918842201,14.999997612914989,0.13333333333333347,0.000760754307533673,0.005782493333439558,13.961113036839151,5.807174667941467,True,613.0866335345743,-1.5006000633169625,-8.034451022098654e-06,627.0477465714134,1.499399878194802,8.031526610274842e-06,749.9931464296569,-1.0006412177132824,-7.969106283423066e-06,755.8003210975984,0.9993587071125815,7.964094674350886e-06
case_000,1.0150000000000001,0.46066447813968636,14.999992649984256,0.20000000000000168,0.002278344354338349,0.011900387312247348,22.578153776364047,11.811730808553762,True,608.8176453051319,-1.5017969790083083,-2.4067577421627018e-05,631.395799081496,1.498202621468155,2.4047601243359917e-05,746.9895726745606,-1.0019203034084327,-2.3869396393705333e-05,758.8013034831143,0.9980793776881609,2.384813616662651e-05
case_000,1.02,0.5904756050870648,14.999983943905903,0.26666666666666694,0.004817947361847463,0.019436324359526472,31.80801491851662,19.134087867181847,True,604.253525524175,-1.5037996693084867,-5.091121946293464e-05,636.0615404426916,1.496198836791413,5.083652444609621e-05,743.3268615955387,-1.0040607149510126,-5.0482160722342684e-05,762.4609494627206,0.9959384230292696,5.042469274113559e-05
case_000,1.025,0.7181770145195123,14.999970835127723,0.33333333333333215,0.008437733888591785,0.02801728822835927,41.462532519163915,27.440510538695207,True,599.4857997232365,-1.5066536408013014,-8.919708718146957e-05,640.9483322424004,1.493342318653591,8.899505986770251e-05,739.1721721410629,-1.0071114190037216,-8.842099232470035e-05,766.6126826797581,0.9928867434966915,8.829849235220122e-05
case_000,1.03,0.846508110679215,14.999952744443517,0.40000000000000036,0.013136731398040322,0.03736791320865708,51.4283637127935,36.50598136049632,True,594.5691880222972,-1.5103576380186388,-0.0001389372414034029,645.9975517350907,1.4896334293042732,0.00013849060733950314,734.6381670571594,-1.0110715206775147,-0.00013768071470188215,771.1441484176557,0.9889250837305015,0.00013745434190259864
case_000,1.035,0.9770747584846265,14.999929117824951,0.4666666666666656,0.01888009266401394,0.04728494766301439,61.63700084225445,46.17628905518518,True,589.5365135100798,-1.514883596230449,-0.00019978989977453843,651.1735143523342,1.4850991863239975,0.00019892902689283565,729.8019210823131,-1.0159115555639793,-0.00019790247333645317,775.9782101374983,0.984082726169846,0.0001975212555898609
case_000,1.04,1.1107404923851698,14.999899396086331,0.5333333333333339,0.025614749345070697,0.05761837286141244,72.04594885537279,56.34301861829988,True,584.4079674630146,-1.5201890083738143,-0.00027122381570793275,656.4539163183874,1.4797809321252962,0.0002697208391777006,724.7174171924502,-1.0215866772597204,-0.0002685381390262198,781.06043581075,0.9784042891381235,0.00026793589887685876
case_000,1.045,1.2478895275747055,14.999862999595685,0.5999999999999991,0.03327890648085242,0.06825745247861995,82.62715947292725,66.92720111838571,True,579.1967571927452,-1.5262244306040211,-0.0003526177829039634,661.8239166656724,1.4737268584015204,0.00035018222994043224,719.4237324387451,-1.0280446544403177,-0.0003489501360439684,786.3509335571308,0.9719417177027375,0.00034804161223145336
case_000,1.05,1.3886025631317442,14.999819322079773,0.6666666666666673,0.041807643592390184,0.0791204332723468,93.3601303992209,77.86874147069864,True,573.9124524135159,-1.5329379136116674,-0.00044331918600531983,667.2725828127368,1.466987598512955,0.0004395947858023552,713.9503439146937,-1.035230587709041,-0.00043847039224398365,791.8190853853923,0.964749557956089,0.0004371467698793263
case_000,1.055,1.53277358215088,14.99976772983351,0.7333333333333325,0.05113609889253285,0.09014694380166335,104.22795461759085,89.1196681864376,True,568.5628883251544,-1.540277524868082,-0.0005426771609411962,672.7908429427453,1.4596137237375313,0.0005372395793742935,708.3205274399191,-1.0430895908842666,-0.0005364338672636526,797.4401956263567,0.9568822702278039,0.0005345579413136847
case_000,1.06,1.6801868595746638,14.999707564000243,0.8000000000000007,0.0612011837118336,0.10129238693836023,115.21519984745362,100.63989097202557,True,563.1551797976877,-1.5481927095011776,-0.0006500603330600319,678.3703796451413,1.4516543969887403,0.0006424156370449796,702.5535032733032,-1.0515682349687296,-0.0006421965829664367,803.1933942453288,0.9483927828026864,0.0006395977675509035
case_000,1.065,1.8305672498334151,14.999638144456506,0.866666666666666,0.0719424284210275,0.11252380566704996,126.30689171006418,112.3945854932523,True,557.6962035685928,-1.5566349646493896,-0.0007648654535067356,684.0030952786569,1.4431567102977563,0.0007544491671320763,696.6657678107763,-1.0606152614660544,-0.0007551444638392302,809.0603533040286,0.9393317791456002,0.0007516138376207349
case_000,1.07,1.9836126158681808,14.99955877436719,0.9333333333333342,0.08330233477102615,0.12381683702810663,137.48813632105782,124.35261930370939,True,552.1927748774889,-1.5655581234989109,-0.0008865208689327053,689.6809111985467,1.4341654108061626,0.000872697531066613,690.671903668354,-1.0701818808607482,-0.0008746969276597905,815.0245229720634,0.92974740239246,0.0008699824772981923
case_000,1.075,2.139014422765564,14.99946874486072,0.9999999999999994,0.09522646283001467,0.13515346509207887,148.74409075652784,136.48563034798724,True,546.651659907648,-1.5749184293005785,-0.0010144872181740983,695.3957506641758,1.4247228356034711,0.0009965503827729094,684.5850621395998,-1.080221848406524,-0.0010003076287489199,821.070692487587,0.9196851845776137,0.0009941098267357007
case_000,1.08,2.2964704720565883,14.999367339472789,1.0666666666666678,0.1076633862321029,0.14652036572158822,160.06010422465442,148.767508000656,True,541.0795091778033,-1.5846745050652393,-0.0011482567563557144,701.1396134024577,1.4148689501690959,0.0011254293996266207,678.4172429414676,-1.0906914297328085,-0.0011314637674475492,827.1847509421236,0.909188087686109,0.0011234315938572492
case_000,1.085,2.4556924914525537,14.999253838170391,1.1333333333333329,0.12056459376680843,0.15790768788410614,171.42192208442498,161.1741118125949,True,535.4827632739682,-1.59478728062029,-0.0012873521235087781,706.9046853583932,1.4046414290095144,0.0012587874357504192,672.1794536352584,-1.1015493218526005,-0.0012676847955586656,833.3535654478533,0.8982965905688898,0.0012574122880041338
case_000,1.09,2.616410382705497,14.999127520871767,1.200000000000001,0.13388437640685963,0.16930815403377517,182.8158943688885,173.6831244578218,True,529.8675583697037,-1.6052199079197311,-0.001431324967733516,712.6834527385922,1.3940757477104453,0.0013961075132865597,665.8818004260725,-1.1127565623779285,-0.0014085209371708096,839.5649248838943,0.8870487886149014,0.001395544333262333
case_000,1.095,2.7783743071440665,14.998987670424908,1.2666666666666664,0.14757971938849088,0.1807163967596051,194.22915732853028,186.27397464186572,True,524.2396459673853,-1.61593768010326,-0.0015797546287267261,718.4688032959156,1.3832052709599374,0.0015369018600365214,659.5335424419578,-1.1242764433235406,-0.0015535517404319243,845.8075170838235,0.8754804894941809,0.001537347256688637
case_000,1.1,2.941355394600974,14.998833575051275,1.3333333333333346,0.1616102060506996,0.1921284689253826,205.64977470549115,198.92779101176689,True,518.6043326407312,-1.6269079595824925,-0.0017322469530227091,724.2541073462223,1.3720613312427026,0.0016807110637376277,653.143128935568,-1.13607443502415,-0.001702384739016849,852.0709199473349,0.8636252991910623,0.0016823670131421165
case_000,1.105,3.105145594702922,14.998664530283417,1.4,0.17593793435642952,0.20354148152461773,217.06683480651884,211.62736416324094,True,512.9664411961141,-1.6381001158582307,-0.001888433251909738,730.033276002633,1.3606732974529627,0.0018271033514964952,646.7182308364722,-1.148118120825407,-0.0018546542408081068,858.3455949997132,0.8515146974315324,0.0018301754485204325
case_000,1.11,3.2695569984924004,14.99847984043582,1.4666666666666681,0.19052744287506146,0.21495333536043482,228.47050661216917,224.35710515205994,True,507.3302911963965,-1.6494854704943434,-0.0020479693697857404,735.8007978085657,1.3490686359292023,0.0019756739585909955,640.2657724103817,-1.1603771397347318,-0.002010020216673014,864.6228775624417,0.8391781051201701,0.001980369861055986
case_000,1.115,3.4344208510780723,14.998278819655656,1.5333333333333332,0.20534564297289565,0.2263625218769801,239.8520591974949,237.1029945509389,True,501.699696611332,-1.6610372466524035,-0.0022105348302380867,741.5517558088269,1.3372729664410232,0.0021260445506413594,633.7919659950583,-1.1728231341970383,-0.002168167261446974,870.8949605459972,0.8266429464361708,0.0021325726204169393
case_000,1.12,3.5995863933271304,14.998060792601738,1.6000000000000014,0.22036175347514278,0.23776797488518242,251.2038510157676,249.8525203654982,True,496.0779771452413,-1.6727305202120315,-0.0023758320219978146,747.2818281610089,1.3253101160388614,0.0022778626580852723,627.3023506519654,-1.1854296997673035,-0.0023288035932284568,877.1548710174636,0.813934708659373,0.0022864308002423783
case_000,1.125,3.7649196215072815,14.997825094799456,1.6666666666666667,0.23554723472805303,0.24916895981175344,262.51929520088294,262.5946052576727,True,490.46798018343196,-1.6845421700339083,-0.0025435853936394692,752.9872753843149,1.3132021731573624,0.002430801089216228,620.8018345252314,-1.1981723340224903,-0.0024916600633920205,883.396439782904,0.8010770022465976,0.002441615787373952
case_000,1.1300000000000001,3.9303020212163022,14.997571072717534,1.733333333333335,0.2508757197576065,0.26056499065570254,273.7928067437636,275.3195246921582,True,484.87211046597184,-1.6964508255358688,-0.0027135406336727397,758.6649172097354,1.3009695437631477,0.0025845572964868224,614.2947401361657,-1.2110283827129846,-0.002656489157071673,889.6142648283239,0.7880916230418227,0.002597822839780828
case_000,1.135,4.095629311107559,14.99729808360967,1.8,0.26632294101046117,0.2719557674467553,285.0197367021176,288.01881813517207,True,479.2923649870618,-1.7084368103828682,-0.0028854638206614047,764.3121016891794,1.2886310107211205,0.0027388526794595025,607.7848516044376,-1.2239769818289168,-0.0028230639714688643,895.8036697396096,0.7749986178484181,0.002754770574105614
case_000,1.1400000000000001,4.26081021861765,14.997005495160684,1.8666666666666685,0.2818666518777459,0.28334112891463564,296.1962978375137,300.685195558003,True,473.73037102416595,-1.7204820816631765,-0.0030591405352074497,769.9266688616797,1.2762037969957705,0.002893431815682579,601.2754627445192,-1.2369989948692048,-0.0029911771661689235,901.9606583025222,0.7618163539989392,0.0029122003719037615
case_000,1.145,4.425765303536522,14.996692684973821,1.9333333333333333,0.29748654298381144,0.2947210164790184,307.3194851071029,313.312441209036,True,468.18742569351787,-1.732570164546945,-0.0032343749335443372,775.5069108006207,1.2637036326940243,0.003048061619369935,594.7694251506509,-1.2500769452692437,-0.003160639887211658,908.081866359687,0.7485615929085506,0.0030698757024553713
case_000,1.1500000000000001,4.590425320412489,14.996359039293047,2.0,0.3131641541339699,0.3060954935289217,318.38702397187114,325.8953648991313,True,462.6645187773232,-1.7446860831477569,-0.0034109887918549187,781.0515427491944,1.25114482524205,0.003202530437650175,588.2691714781776,-1.2631949447202448,-0.003331280675651027,914.1645363773089,0.7352495668378929,0.0032275813701391765
case_000,1.155,4.592605799952405,14.996024724457671,2.0,0.32878295717371603,0.31599336120862465,323.55475101949776,336.9358139786963,True,459.5550668973666,-1.7567546508092386,-0.0035877186234380964,783.1098179168644,1.238603878268243,0.0033556408696632234,582.5169652602867,-1.2762545253854567,-0.0035018955103284233,919.452779238983,0.7219782560136621,0.003384080846466242
case_000,1.16,4.617240810147372,14.995705632160705,2.0,0.34392301235185685,0.323442907148078,327.32059494825376,345.56180298946185,True,457.2283510274452,-1.768435348878599,-0.00375992286312965,784.548945975699,1.2264296095322742,0.003503166130849278,577.9449435772087,-1.288901748662261,-0.003668084314305653,923.5067465666706,0.7091016754741446,0.0035349791507974238
case_000,1.165,4.654735690963468,14.99539644618273,2.0,0.3582770575575542,0.3290526755677148,330.18526055688636,352.47568395238045,True,455.418181694599,-1.7794903841459009,-0.003924149652030806,785.6034422514854,1.2148681111570354,0.003642069321858732,574.207234960455,-1.3008778823602696,-0.0038266117590635695,926.6829189128355,0.6968790902719388,0.0036770764795045485
case_000,1.17,4.698730450045267,14.995093579907827,2.0,0.3716918573235804,0.33328037006251904,332.46118377294545,358.15101042841775,True,453.9539140404231,-1.7898023736093058,-0.004078619340604106,786.4150978133686,1.2040432324110173,0.0037708941169817267,571.0729284445177,-1.3120542517047085,-0.003975840464635616,929.2239388729355,0.68544015809577,0.0038088009809040813
case_000,1.175,4.745095586916335,14.994794670395082,2.0,0.384109594194719,0.3364696798429152,334.34022242000543,362.9070609285269,True,452.7276704076491,-1.7993283237348452,-0.004222597418483409,787.0678928276545,1.1940029287648535,0.0038891541101791494,568.3882320797838,-1.3223828346097422,-0.004115117405991853,931.2952930083108,0.6748343293810412,0.003929594853838814
case_000,1.18,4.791221173965,14.99449821653098,2.0,0.39552979053221154,0.3388784536092232,335.9382812322819,366.9599243946359,True,451.6721386099911,-1.8080697898204188,-0.004355984431920035,787.610419842273,1.1847494227945508,0.003996938746333334,566.0506084595995,-1.331864137020787,-0.004244377010542977,933.0105328542354,0.665062916461541,0.004039513744749645
case_000,1.185,4.835521012136282,14.994203319573433,2.0,0.40598493076929615,0.3407000620268225,337.3244031474809,370.45718560234,True,450.74576157884337,-1.8160538152245222,-0.004479051502674358,788.0701647263243,1.1762585478306453,0.004094662984487907,563.9912664706733,-1.3405266050690596,-0.004363888498217561,934.4484520730133,0.6560996027650656,0.004138968844422719
case_000,1.19,4.877090459604937,14.993909497048989,2.0,0.4155251310881941,0.342079512980245,338.5394707770737,373.5012658882222,True,449.92300609861934,-1.8233209768292589,-0.004592272569088063,788.462476875693,1.1684919378454999,0.0041829113068715396,562.1634191861847,-1.3484136599800103,-0.004474098199362453,935.6646850744069,0.6479033222535332,0.004228563495804083
case_000,1.195,4.915472325884218,14.993616549488168,2.0,0.42420871086731526,0.3431255705500837,339.6080214697295,376.16498970620205,True,449.18806974144803,-1.8299180567415547,-0.004696220142015928,788.7960912111776,1.161404543233106,0.004262342849274681,560.5344841886123,-1.3555757088207108,-0.00457553360138474,936.6994738948143,0.6404261652541382,0.004308991679234042
case_000,1.2,4.950497952218913,14.993324465329977,2.0,0.43209656124586304,0.34391985068054887,340.5455471983553,378.5018681451045,True,448.5308835054592,-1.8358936834037056,-0.004791502244718193,789.0764307038145,1.154949133601279,0.004333635536421687,559.0809570159781,-1.3620653595302763,-0.0046687469176796,937.5828251610826,0.6336180872323638,0.004380976501632661
case_000,1.205,4.982180161508721,14.993033353406025,2.0,0.4392489171027466,0.34452364089730103,341.36287300903183,380.55282284260795,True,447.9446262457772,-1.841295846770438,-0.004878725666048744,789.307499254809,1.1490788890868409,0.0043974546600573095,557.785081456259,-1.367934666628656,-0.004754283505619017,938.337904298867,0.6274295964628838,0.004445234173163892
case_000,1.21,5.010641866494648,14.992743395414438,2.0,0.4457236233199288,0.344983003729389,342.0686710340644,382.3505250406696,True,447.42422304340545,-1.8461705743477435,-0.004958475766860482,789.4928940774698,1.1437487998132922,0.004454436460409106,556.6327203845082,-1.3732336417120856,-0.00483266558439327,938.9832454251778,0.6218131873551729,0.004502453979841059
case_000,1.215,5.036068818933234,14.992454812719352,2.0,0.4515753002666518,0.34533260183220776,342.6708185957971,383.92216608513354,True,446.96546797199403,-1.8505613024688565,-0.005031306396755142,789.6362865677911,1.1389163454948996,0.0045051805871234585,555.6120138507575,-1.3780095269893515,-0.004904385031525682,939.5341799358911,0.6167240208713388,0.004553288010337331
case_000,1.22,5.05867886225191,14.992167843557397,2.0,0.45685503867337224,0.34559855505529397,343.17704930897105,385.2911916688075,True,446.56454122281593,-1.8545086541549032,-0.005097735883217991,789.741590531787,1.1345417491538612,0.0045502476674306735,554.7125551101412,-1.38230651985425,-0.004969901402958499,940.0037467789488,0.6121201635090118,0.004598346746445159
case_000,1.225,5.078702158649983,14.991882727625827,2.0,0.4616103854658062,0.34580058117114076,343.5951974313696,386.47837493579505,True,446.21776358604444,-1.8580504382796488,-0.0051582464531989,789.8129610174141,1.1305879951244404,0.004590159586274178,553.9248955709504,-1.3861657469670388,-0.005029642716549376,940.4032705067455,0.6079625852774252,0.004638197983754477
case_000,1.23,5.096368804821396,14.991599695980113,2.0,0.46588547994633683,0.34595359626284217,343.93321773504135,387.502466313818,True,445.92149167460366,-1.8612217612954791,-0.005213285506214305,789.854709409645,1.1270207239343417,0.00462540108985432,553.2402588940466,-1.3896253688341518,-0.005084007558844861,940.7427252078646,0.6042150347074758,0.004673367577752052
case_000,1.235,5.111901330458713,14.991318964693015,2.0,0.4697212556773381,0.34606891142088847,344.1990959009448,388.3805809505502,True,445.6720912756249,-1.8640551865656172,-0.005263267764476387,789.8711871765697,1.1238080722471144,0.004656421899539465,552.6503835497876,-1.3927207430139075,-0.005133367663583799,941.0309645003379,0.6008438617228335,0.004704341094117881
case_000,1.24,5.125510388295359,14.991040731156676,2.0,0.47315566090270955,0.3461551285529693,344.4007175963774,389.12842820755384,True,445.465950339091,-1.8665809055339058,-0.005308577737992204,789.8666679354684,1.1209204961965868,0.0046836389022081315,552.1474416620404,-1.3954846056975312,-0.005178070501062948,941.2758698695942,0.5978178276324161,0.0047315658363257795
case_000,1.245,5.137392517773478,14.990765172232067,2.0,0.47622387309776587,0.34621881062303644,344.5457343691967,389.76044903016054,True,445.29950892497516,-1.8688269025885933,-0.005349572197128949,789.8452432941718,1.1183305982473604,0.004707438209045733,551.7240013793976,-1.3979472506572679,-0.0052184416515884124,941.4844504095581,0.5951079223874405,0.004755452966105522
case_000,1.25,5.147729229963472,14.990492443667472,2.0,0.47895849656694434,0.3462649833097025,344.64144626831376,390.28990278905405,True,445.1692930901494,-1.8708191057357553,-0.005386582497315662,789.8107393584631,1.1160129669991121,0.004728177004140244,551.373012198584,-1.4001366958325843,-0.0052547868729097,941.662914987638,0.5926871980543104,0.004776379574815137
case_000,1.2550000000000001,5.156686916366069,14.99022268037128,2.0,0.48138973975193977,0.3462975108165847,344.69470974771065,390.7289288849561,True,445.07194588620206,-1.8725815210865109,-0.005419916692198712,789.7666556339127,1.1139440330683728,0.004746185176086104,551.0878008352639,-1.4020788344020472,-0.005287393849304434,941.81672972022,0.5905306209774006,0.004794690648168121
case_000,1.26,5.1644172577150425,14.989955997243573,2.0,0.4835455729059648,0.3463193775032203,344.71187281197507,391.0885977607752,True,445.00425240197393,-1.8741363521374126,-0.005449861421614077,789.716125213949,1.1121019408909165,0.004761766760090214,550.8620705316239,-1.4037975706041432,-0.005316533648476174,941.9506682923991,0.5886149417896884,0.00481070091189173
case_000,1.2650000000000001,5.171057921272147,14.989692490355367,2.0,0.485451868648281,0.3463328991592766,344.6987357890928,391.378959410259,True,444.96315793036297,-1.8755041061489885,-0.0054766835867467445,789.6618937194557,1.110466434706972,0.0047752012313083125,550.6898999431698,-1.4053149421767042,-0.005342461929229214,942.0688593534288,0.5869185809025569,0.00482469656801543
case_000,1.27,5.176733411370917,14.98943223832617,2.0,0.4871325285170281,0.3463398816939439,344.66053434535064,391.60909331921664,True,444.94577953801803,-1.876703690291556,-0.005500631836325154,789.6063138833687,1.1090187564232001,0.004786744691416989,550.5657397886534,-1.4066512318304267,-0.005365419946757766,942.1748331078701,0.5854215266338053,0.004836936940259218
case_000,1.2750000000000001,5.181555987829209,14.989175303795347,2.0,0.4886095985556172,0.34634174051934624,344.6019407137863,391.7871613101104,True,444.94941189696107,-1.8777525000744555,-0.005521937890822837,789.5513526107474,1.10774155303848,0.004796630985552719,550.4844066467313,-1.4078250701332657,-0.005385635399446975,942.2715679568416,0.5841052432337334,0.004847656048198201
case_000,1.28,5.185626599375155,14.988921734914845,2.0,0.4899033765568208,0.3463395905473628,344.5270791036075,391.92046336169403,True,444.97152845369254,-1.878666502182601,-0.005540817730394609,789.4986075573,1.1066187915888952,0.004805072779310804,550.4410739530732,-1.4088535318622057,-0.005403323155029061,942.3615373147672,0.5829525864419708,0.004857064127323452
case_000,1.285,5.189035800231733,14.988671566814178,2.0,0.4910325130577446,0.34633431420781513,344.43955159383506,392.01549574855926,True,445.00977902106854,-1.8794603133738221,-0.005557472669018848,789.4493306149036,1.105635679943758,0.004812262617541252,550.4312605905736,-1.4097522274534522,-0.005418685886902808,942.4467563391329,0.5819477246773762,0.004865349108032879
case_000,1.29,5.1918646314040675,14.98842482300537,2.0,0.4920141076446427,0.34632661301888484,344.3424713051503,392.07801053147773,True,445.0619847796115,-1.8801472766305296,-0.005572090333425761,789.4044560847618,1.104778592174431,0.004818373979287582,550.4508176027102,-1.4105353907502252,-0.005431914644602687,942.528828134188,0.581076064432066,0.00487267806222047
case_000,1.295,5.194185456645562,14.988181516707456,2.0,0.49286380164854693,0.34631704683803877,344.238500179672,392.1130753591515,True,445.1261315285318,-1.880739535354592,-0.005584845561593055,789.3646317082038,1.1040349975724086,0.004823562336917497,550.4959135807561,-1.4112159638599953,-0.0054431893763592365,942.6089889399076,0.5803241788590987,0.004879198622163627
case_000,1.3,5.1960627482965185,14.987941652078895,2.0,0.49359586791588095,0.3463060638740722,344.1298892171056,392.1251326073175,True,445.2003618676078,-1.8812481060620503,-0.005595901232264278,789.3302510847134,1.1033933926909016,0.004827966222442914,550.5630192325785,-1.4118056796115444,-0.005452679416669826,942.688151839896,0.5796797388908556,0.004885040373122429
case_000,1.305,5.197553821353829,14.987705225352258,2.0,0.4942232980277277,0.34629402375865365,344.01851948526763,392.11805701386356,True,445.282966839376,-1.8816829497771306,-0.005605409034202924,789.3014863246436,1.1028432360197464,0.004831708300208959,550.6488915680696,-1.4123151418516902,-0.0054605439478022655,942.7669485819332,0.5791314464980268,0.004890316218556567
case_000,1.31,5.198709516001171,14.98747222586988,2.0,0.4947578871116078,0.346281215392004,343.9059426301292,392.0952111274054,True,445.37237742625837,-1.8820530421369337,-0.0056135101817588184,789.2783200563875,1.1023748850800617,0.00483489644241647,550.7505580535754,-1.4127539036373404,-0.005466932441110073,942.8457691809808,0.5786689699024103,0.004895123715096816
case_000,1.315,5.199574829898417,14.987242637022137,2.0,0.49521031622978995,0.34626787084196187,343.793419952382,392.059498047277,True,445.4671561831649,-1.8823664420894044,-0.005620336081731014,789.2605761355469,1.1019795358499445,0.004837624802158602,550.8653010066914,-1.4131305432521748,-0.005471985081808406,942.9247990539684,0.5782828806997591,0.004899546373288766
case_000,1.32,5.20018950211251,14.987016437091984,2.0,0.4955902322259474,0.3462541762511675,343.68195939756,392.01341108193515,True,445.565989193383,-1.882630358987381,-0.005626008955368578,789.247948590943,1.1016491645148994,0.0048399748776361,550.9906424295167,-1.4134527378984458,-0.005475833179298117,943.0040535114518,0.5779645929424785,0.004903654919549527
case_000,1.325,5.200588550867886,14.986793600010733,2.0,0.49590632485516134,0.3462402804653709,343.57235003125953,391.9590800838107,True,445.6676784624329,-1.8828512178398995,-0.005630642418573584,789.2400284936924,1.101376471585337,0.004842016560792639,551.1243294157324,-1.4137273348732073,-0.005478599564084474,943.0834094995431,0.5777063042864958,0.004907508514625847
case_000,1.33,5.200802767424145,14.986574096030747,2.0,0.49616640099984316,0.3462263019159382,343.46519374750545,391.8983143296641,True,445.77113480864597,-1.8830347224693031,-0.0056343420228748275,789.2363285561514,1.1011548284465418,0.004843809163634916,551.264320214981,-1.4139604200253095,-0.0054803989717062684,943.1626345446451,0.5775009393315154,0.004911155924005817
case_000,1.335,5.2008591684285115,14.986357892321262,2.0,0.4963774557766318,0.3462123341557852,343.360934094276,391.8326419064881,True,445.8753712681852,-1.883185916331189,-0.005637205759435215,789.2363053624612,1.1009782264112078,0.004845402415857625,551.4087709971407,-1.4141573832972496,-0.005481338413739156,943.2414129036288,0.5773420952874139,0.004914636636138059
case_000,1.34,5.2007814090805455,14.98614495349358,2.0,0.49654574035895166,0.34619845034845625,343.2598822028785,391.763345635595,True,445.97949700288626,-1.883309240776998,-0.005639324528201817,789.2393792057647,1.1008412283363929,0.004846837427964823,551.5560233274185,-1.4143229811776055,-0.005481517535804559,943.3193689630135,0.5772239900880559,0.004917981924856596
case_000,1.345,5.200590159413905,14.985935242061906,2.0,0.496676826370474,0.34618470693611675,343.1622398832814,391.6914956237962,True,446.0827116798735,-1.883408590571184,-0.005640782574230341,789.2449515631549,1.10073892285052,0.004848147614797849,551.7045923401611,-1.4144613959204575,-0.005481028962506018,943.3960879639573,0.5771414130530107,0.004921215853059158
case_000,1.35,5.200303445954491,14.9857287188459,2.0,0.4967756667414261,0.34617114665728344,343.0681200014067,391.61797857271426,True,446.18430027973903,-1.8834873665120657,-0.005641657893200092,789.2524202811458,1.1006668812150893,0.004849359575174017,551.8531555829509,-1.414576291423671,-0.00547995862929801,943.4711341556651,0.5770896781711937,0.004924356215370518
case_000,1.355,5.199936960963908,14.985525343320754,2.0,0.49684665295893776,0.3461578010442809,342.97756429103924,391.5435240077612,True,446.28362828378204,-1.8835485250447714,-0.005642022608137731,789.2611925748213,1.1006211168229048,0.0048504939241647005,552.0005424919874,-1.414670865695318,-0.005478386101414823,943.5440664997486,0.5770645800517475,0.004927415418223946
case_000,1.36,5.19950434142301,14.985325073920322,2.0,0.49689366868178697,0.3461446925000443,342.8905587763833,391.46872760890676,True,446.3801371886925,-1.8835946247937936,-0.005641943319378617,789.2706959650758,1.1005980473116208,0.00485156607535886,552.1457244536623,-1.414747899874589,-0.0054763848801263615,943.6144520625691,0.5770623525584676,0.004930401296472764
case_000,1.365,5.199017419853777,14.98512786829836,2.0,0.49692013972718607,0.346131836031273,342.80704699438064,391.39407183816763,True,446.47334029814016,-1.8836278699802047,-0.005641481429791484,789.2803872925208,1.1005944592497858,0.004852586971247186,552.2878054047418,-1.4148098038088657,-0.005474022696719649,943.6818772429094,0.5770796301165767,0.004933317866293863
case_000,1.37,5.198486449016951,14.984933683552725,2.0,0.49692908047145185,0.34611924069805505,342.72694121128006,391.31994406522176,True,446.56281874371734,-1.883650150723089,-0.005640693447282241,789.2897599549974,1.1006074753328576,0.004853563760596258,552.426012923449,-1.4148586582209488,-0.005471361794728513,943.7459569886707,0.5771134116553023,0.004936166014737786
case_000,1.375,5.197920302459483,14.984742476416836,2.0,0.4969231367367875,0.34610691082743467,342.6501318274406,391.2466523939844,True,446.6482176923051,-1.8836630802561174,-0.005639631266552592,789.2983495197457,1.1006345240097641,0.0048545004223618515,552.5596897659121,-1.4148962535295244,-0.005468459201021569,943.8063421598965,0.5771610271275813,0.004938944126827438
case_000,1.3800000000000001,5.197326652817142,14.984554203422432,2.0,0.4969046252626253,0.34609484702887394,342.5764951596662,391.174439390662,True,446.72924270215464,-1.883668029117604,-0.005638342432036869,789.3057378618208,1.1006733114462968,0.0048553983362966124,552.6882858055725,-1.4149241254110743,-0.005465366986431575,943.8627251962345,0.5772201065291224,0.004941648651585084
case_000,1.385,5.196712129705694,14.984368821037274,2.0,0.49687556988193815,0.3460830470423426,342.50589978275207,391.10349390845363,True,446.8056561957454,-1.8836661563960493,-0.005636870383861181,789.3115559784975,1.1007217957204583,0.004856256800952308,552.8113503374822,-1.4149435872128804,-0.0054621325166425705,943.9148442459358,0.5772885513234945,0.00494427460879221
case_000,1.3900000000000001,5.19608245895653,14.984186285781,2.0,0.4968377345407005,0.34607150644425383,342.438211602113,391.0339611966758,True,446.8772740231263,-1.8836584381328678,-0.005635254688579505,789.3154856252393,1.1007781631362101,0.0048570735002391174,552.9285247138804,-1.414955759344281,-0.00545879869407051,943.9624859105562,0.5773645081674561,0.004946816038642166
case_000,1.395,5.195442584872959,14.984006554322175,2.0,0.496792653312495,0.34606021923220165,342.37329781839986,390.96595147291873,True,446.9439620951793,-1.8836456930002659,-0.005633531256326041,789.3172599135792,1.1008408065363093,0.004857844920112819,553.0395352825342,-1.4149615957874297,-0.00545540419145335,944.0054867554529,0.5774463448215069,0.004949266396750529
case_000,1.4000000000000001,5.19479677709855,14.98382958355909,2.0,0.49674165757040684,0.34604917830612014,342.3110299332162,390.8995471269385,True,447.00563307134826,-1.883628605384748,-0.005631732545908208,789.3166630045645,1.1009083054912483,0.004858566717289681,553.1441866039065,-1.4149619078793176,-0.005451983677842442,944.043733730845,0.5775326281241138,0.0049516188972298925
case_000,1.405,5.194148723603003,14.983655330686661,2.0,0.49668590048517186,0.3460383758608383,342.2512859329702,390.834808714059,True,447.0622430913145,-1.883607746016378,-0.005629887759229901,789.3135290242847,1.1009794082399447,0.004859234042167593,553.2423549280243,-1.4149573855244781,-0.005448568037632384,944.0771636420833,0.5776221039041474,0.004953866806728768
case_000,1.41,5.193501611202321,14.983483753251543,2.0,0.49662637902240636,0.34602780370286695,342.19395177580765,390.77177988483913,True,447.11378854435867,-1.8835835902905271,-0.005628023026302165,789.3077403201663,1.1010530152581888,0.0048598418183460335,553.3339819161617,-1.414948616002538,-0.005445184583206253,944.1057618010009,0.5777136787043502,0.0049560036924779505
case_000,1.415,5.192858194940528,14.983314809197186,2.0,0.4965639536130288,0.3460174535025051,342.13892229474544,390.7104913865214,True,447.1603028739409,-1.8835565344329486,-0.005626161581960165,789.2992251686863,1.1011281643327642,0.004860384981303478,553.4190685963594,-1.4149361005371406,-0.005441857261702099,944.1295599828808,0.5778064031888285,0.0049580236274849865
case_000,1.42,5.1922208575705895,14.983148456900508,2.0,0.49649936567002406,0.3460073169908923,342.0861016186143,390.6509642606235,True,447.20185341831075,-1.8835269096609304,-0.005624323935266851,789.287955036925,1.1012040170223965,0.004860858678906621,553.4976695453197,-1.4149202687930025,-0.005438606856326911,944.1486338059432,0.5778994571094274,0.004959921356076535
case_000,1.425,5.191591660282785,14.9829846552015,2.0,0.496433253121872,0.34599738611039893,342.0354032015966,390.5932123501657,True,447.23853829060914,-1.8834949944931574,-0.0056225280324513904,789.2739414922057,1.1012798463909579,0.004861258436502536,553.5698872921475,-1.4149014914661964,-0.005435451182566109,944.1630996423132,0.5779921357089417,0.004961692423008035
case_000,1.43,5.1909723857407375,14.982823363426979,2.0,0.49636616412855394,0.3459876531256867,341.98674954171526,390.5372442194574,True,447.27048330415204,-1.8834610253591935,-0.005620789414099159,789.2572328458673,1.1013550259033749,0.004861580289378886,553.6358669419816,-1.414880091129615,-0.005432405279553076,944.173111161439,0.5780838374434213,0.004963333269350778
case_000,1.435,5.190364574399183,14.982664541409509,2.0,0.49629856914037246,0.34597811070184914,341.9400716590126,390.483064579235,True,447.2978389502947,-1.8834252056563359,-0.005619121367186897,789.2379106093073,1.1014290193804281,0.004861820885383061,553.6957910195255,-1.414856351491016,-0.0054294815967873555,944.1788555987605,0.578174052910817,0.004964841298323364
case_000,1.44,5.189769554993654,14.982508149502355,2.0,0.4962308714531426,0.34596875195523435,341.8953083951304,390.43067530035046,True,447.320777437489,-1.883387713397274,-0.005617535072442892,789.2160858326195,1.101501371914707,0.00486197756046336,553.749874534116,-1.414830525215532,-0.005426690176313198,944.1805498344664,0.5782623548790016,0.004966214914172318
case_000,1.445,5.189188470011281,14.982354148591194,2.0,0.4961634164058515,0.3459595704818398,341.8524055876726,390.3800760900791,True,447.33948980101616,-1.8833487075866882,-0.005616039747404378,789.1918953886887,1.1015717016563498,0.00486204838984472,553.7983602690274,-1.4148028404580588,-0.005424038830404265,944.1784363591065,0.5783483893122567,0.004967453537115474
case_000,1.45,5.188622296874536,14.982202500103213,2.0,0.4960964993588741,0.34595056036753247,341.81131516509373,390.33126489658673,True,447.35418309333653,-1.883308333458926,-0.0056146427854479874,789.1654982584303,1.101639692383761,0.0048620322174797725,553.8415142985309,-1.4147735062438918,-0.005421533314735272,944.1727791951176,0.5784318673018184,0.004968557597259171
case_000,1.455,5.18807186549555,14.98205316601407,2.0,0.49603037258243926,0.34594171618378355,341.77199420087004,390.2842380991675,True,447.36507766513535,-1.8832667267022625,-0.0056133498909825,789.1370718660054,1.101705086780997,0.0048619286663247885,553.8796217365237,-1.4147427168283773,-0.005419177496969685,944.1638598356913,0.5785125578125889,0.00496952851027721
case_000,1.46,5.187537872788358,14.981906108853195,2.0,0.49596525117643514,0.3459330329721022,341.73440395933574,390.2389905343937,True,447.3724045469519,-1.883224016788181,-0.00561216521091823,789.1068085062876,1.1017676803499274,0.004861738131882565,553.9129827205853,-1.4147106551584012,-0.005416973520647073,944.151973254979,0.578590281164709,0.0049703686375024425
case_000,1.465,5.1870208946609875,14.981761291707688,2.0,0.49590131813395816,0.3459245062199,341.69850895989276,390.1955154016159,True,447.37640294095496,-1.8831803295168674,-0.005611091462458528,789.0749119008477,1.1018273158916794,0.004861461761341501,553.9419086351558,-1.4146774955504813,-0.005414921964213559,944.1374240367717,0.5786649031752558,0.004971081232943486
case_000,1.47,5.186521395946584,14.981618678225141,2.0,0.49583872865235457,0.34591613183011793,341.664276081114,390.1538040848833,True,447.3773178317137,-1.8831357888825058,-0.005610130057206897,789.0415939128277,1.1018838784978147,0.0048611014205078296,553.9667185769306,-1.414643405691918,-0.0054130219950142555,944.1205226618139,0.5787363298916112,0.004971670379578852
case_000,1.475,5.186039738675757,14.98147823261556,2.0,0.495777613786994,0.3459079060865861,341.63167372167413,390.1138459227311,True,447.375397724094,-1.8830905183544846,-0.005609281221534923,789.0070714457681,1.1019372909975729,0.004860659650596677,553.9877360649431,-1.4146085480632966,-0.005411271518044436,944.1015819876742,0.5788045028542469,0.004972140917127388
case_000,1.48,5.18557618903863,14.98133991965257,2.0,0.49571808353470376,0.34589982561677046,341.60067103101466,390.07562795206684,True,447.37089251545416,-1.8830446416630293,-0.005608544113120728,788.9715635464688,1.1019875098129834,0.004860139616808978,554.00528599694,-1.414573080872498,-0.005409667319244416,944.0809139490068,0.5788693948325199,0.004972498363330524
case_000,1.485,5.185130923335985,14.98120370467398,2.0,0.49566022942577204,0.3458918873532763,341.5712372189993,390.0391346476837,True,447.36405150827363,-1.8829982831703678,-0.005607916933540624,788.9352887272729,1.1020345211787548,0.0048595450504766435,554.0196918526653,-1.4145371585823965,-0.0054082052031196315,944.058826500349,0.5789310059826334,0.004972748830616491
case_000,1.49,5.184704033173756,14.981069553581843,2.0,0.4956041266957302,0.3458840884952307,341.5433409507579,390.004347674816,True,447.3551215682484,-1.8829515679012176,-0.005607397036776984,788.8984625190063,1.1020783376887158,0.004858880186417891,554.0312731435663,-1.414500932106684,-0.005406880124470992,944.0356208183823,0.5789893603821635,0.004972898939854475
case_000,1.495,5.1842955301142055,14.980937432842008,2.0,0.49554983610079767,0.345876426470448,341.516949830153,389.97124566830394,True,447.3443454316875,-1.882904621299333,-0.005606981033495273,788.8612952618405,1.10211899513493,0.004858149696997993,554.0403431073364,-1.4144645487408019,-0.00540568631402899,944.0115887756403,0.5790445029004136,0.004972955732741147
case_000,1.5,5.183905349960031,14.980807309483257,2.0,0.4954974054339437,0.34586889889908934,341.4920299730261,389.93980404874344,True,447.3319601649117,-1.8828575687700484,-0.005606664890936641,788.8239901379378,1.1021565496097496,0.004857358624252739,554.0472066445103,-1.4144281518877804,-0.005404617397801625,943.9870106932538,0.5790964963684058,0.004972926584204396
case_000,1.5050000000000001,5.183533356814264,14.980679151095966,2.0,0.49544687079200594,0.34586150355936507,341.4685456693664,389.90999488296325,True,447.31819577709877,-1.8828105350621998,-0.0056064440282767025,788.7867414464652,1.1021910748447026,0.004856512311288197,554.0521584931719,-1.4143918806319846,-0.005403666509965821,943.9621533761351,0.5791454190164469,0.00497281911604891
case_000,1.51,5.183179347029051,14.98055292583038,2.0,0.4953982576382278,0.3458542383556816,341.4464591319278,389.88178679377404,True,447.30327398688655,-1.882763643536645,-0.005606313407306718,788.7497331188143,1.1022226597634748,0.004855616334037527,554.0554816366312,-1.414355869207284,-0.005402826399158511,943.9372684304052,0.5791913621510226,0.004972641112918452
case_000,1.5150000000000001,5.182843053130315,14.980428602394424,2.0,0.49535158169892357,0.34584710128951623,341.42573032750465,389.8551449216078,True,447.28740714187074,-1.8827170153626858,-0.005606267618306349,788.7131374693754,1.10225140622928,0.004854676434324301,554.0574459379201,-1.4143202464001379,-0.005402089528048437,943.9125908595279,0.5792344280462344,0.0049724004415026
case_000,1.52,5.182524147781848,14.98030615005107,2.0,0.4953068497277695,0.34584009043319597,341.4063168858995,389.8300309389464,True,447.270797289068,-1.8826707686782553,-0.005606300960992461,788.6771141749675,1.1022774269695126,0.004853698455053235,554.0583069937411,-1.414285134922342,-0.00540144816610566,943.8883379326875,0.5792747280280702,0.004972104973774316
case_000,1.5250000000000001,5.1822222478325655,14.98018553861523,2.0,0.4952640601664372,0.34583320390667116,341.38817408089614,389.80640311673994,True,447.2536353933264,-1.8826250177444805,-0.005606407520449386,788.6418094742226,1.1023008436629802,0.004852688278231265,554.0583051996654,-1.4142506507829669,-0.005400894475514562,943.8647083164053,0.5793123807326094,0.004971762514912492
case_000,1.53,5.181936918473273,14.98006673845018,2.0,0.4952232037259132,0.3458264398573003,341.3712548768278,389.7842164408148,True,447.2361006997551,-1.8825798721205524,-0.005606581237966313,788.6073555765829,1.1023217851770664,0.004851651766406395,554.0576650173765,-1.4142169026840827,-0.0054004205902134506,943.8418814581913,0.5793475105217292,0.004971380736437159
case_000,1.5350000000000001,5.1816676775148265,14.979949720463484,2.0,0.49518426390890147,0.3458197964426043,341.35551003393323,389.76342277515164,True,447.2183602353465,-1.882535435880341,-0.005606815976731572,788.5738702692797,1.1023403859439633,0.004850594708004974,554.0565944340369,-1.4141839914604275,-0.005400018688076547,943.8200172091886,0.5793802460420822,0.004970967114967972
case_000,1.54,5.18141399978692,14.979834456102392,2.0,0.4951472174901333,0.3458132718158983,341.3408882654584,389.74397106815763,True,447.2005684441042,-1.8824918068881458,-0.0056071055823616045,788.5414567095626,1.1023567844666313,0.004849522766946224,554.0552846030307,-1.414152009579033,-0.005399681056293071,943.7992556711883,0.5794107189149911,0.004970528876904745
case_000,1.545,5.181175321647212,14.979720917348718,2.0,0.4951120349682226,0.3458068641146735,341.3273364392631,389.7258075973298,True,447.18286694937177,-1.8824490761473014,-0.005607443938264789,788.5102033886349,1.1023711219464691,0.004848441436820061,554.053909654887,-1.4141210407111584,-0.005399400150028599,943.7797172522168,0.5794390625466195,0.004970072949229132
case_000,1.55,5.180951045582112,14.97960907671321,2.0,0.49507868099986924,0.34580057145156834,341.3147998168089,389.70887624734576,True,447.1653844363525,-1.8824073272319541,-0.005607825015870371,788.4801842531614,1.1023835410257756,0.004847355999828051,554.0526266665826,-1.4140911593855063,-0.005399168644490859,943.7615029139283,0.5794654110491851,0.004969605916532394
case_000,1.555,5.180740544874572,14.979498907229368,2.0,0.49504711482471997,0.34579439190775135,341.3032223224167,389.693118816282,True,447.14823664735854,-1.8823666358093663,-0.005608242919776352,788.4514589697752,1.102394184638961,0.004846271490607235,554.0515757771242,-1.4140624307287366,-0.005398979480552735,943.7446945934062,0.5794898982652248,0.004969133984290441
case_000,1.56,5.180543168309446,14.979390382446756,2.0,0.49501729068700806,0.34578832352851807,341.2925468359895,389.6784753445112,True,447.13152648183194,-1.8823270692573577,-0.005608691927898535,788.4240733178215,1.1024031949672342,0.004845192664985176,554.05088043699,-1.4140349102966343,-0.005398825904117166,943.7293557815012,0.5795126568879378,0.004968662948329539
case_000,1.565,5.180358244884199,14.979283476423792,2.0,0.49498915825821554,0.34578236432089826,341.2827155026476,389.66488446077824,True,447.11534419290336,-1.8822886863791466,-0.005609166526725828,788.398059695551,1.1024107124920566,0.004844123973650638,554.0506477789462,-1.4140086439970168,-0.005398701499434222,943.7155322397244,0.5795338176715424,0.004968198170360649
case_000,1.57,5.180185088490438,14.979178163720038,2.0,0.49496266306337855,0.345776512253063,341.27367005305763,389.6522837400976,True,447.0997676719608,-1.8822515372157642,-0.005609661441812297,788.3734377250184,1.1024168751431045,0.004843069540663658,554.0509690975621,-1.4139836681033795,-0.005398600216611371,943.7032528376596,0.5795535087262437,0.0049677445593978575
case_000,1.575,5.18002300253155,14.979074419388024,2.0,0.4949377469123031,0.3457707652553211,341.2653521287246,389.6406100681778,True,447.08486281259246,-1.8822156629544027,-0.005610171663656849,788.3502149413171,1.1024218175368592,0.004842033146682578,554.0519204249631,-1.4139600093566873,-0.005398516393575581,943.6925304931409,0.579571854893051,0.0049673065588271
case_000,1.58,5.179871284441585,14.978972218964618,2.0,0.494914348335824,0.345765121222497,341.25770360686755,389.62980000738594,True,447.0706839451555,-1.8821810959295422,-0.0056106924691435855,788.3283875520231,1.1024256703021227,0.004841018216735937,554.0535631903866,-1.413937685151169,-0.005398444772770683,943.6833631977726,0.5795889771941063,0.004966888138845382
case_000,1.585,5.179729230071762,14.97887153846196,2.0,0.49489240302632065,0.34575957801748647,341.25066692008346,389.6197901595399,True,447.0572743332469,-1.882147859712366,-0.005611219438733606,788.3079412533303,1.1024285594890004,0.004840027812334113,554.0559449513967,-1.4139167037988598,-0.005398380512889045,943.6757351109366,0.5796049923545816,0.004966492793955002
case_000,1.59,5.179596137912749,14.978772354358032,2.0,0.4948718442809763,0.3457541334757949,341.2441853663769,389.61051752115134,True,447.04466672346757,-1.882115969282987,-0.005611748469614264,788.2888520898445,1.1024306060579008,0.004839064627679857,554.0591001849256,-1.4138970648666653,-0.0053983191959511845,943.6696177060769,0.5796200123924722,0.004966123545166956
case_000,1.595,5.179471313123034,14.97867464358687,2.0,0.4948526034457062,0.34574878541087267,341.23820340577913,389.6019198271621,True,447.03288393994853,-1.8820854312790818,-0.005612275785029208,788.2710873457277,1.1024319254452217,0.00483813098971364,554.0630511266676,-1.413878759578978,-0.005398256830060122,943.6649709538297,0.5796341442728176,0.004965782946544317
case_000,1.6,5.179354071336769,14.978578383528461,2.0,0.4948346103572783,0.34574353162007027,341.23266694016183,389.5939358795521,True,447.02193951543256,-1.8820562443139432,-0.00561279794002012,788.2546064555944,1.1024326272023437,0.0048372288617080095,554.0678086478988,-1.4138617712783796,-0.005398189848162316,943.6617445274509,0.5796474896230537,0.004965473095700279
case_000,1.605,5.179243742227099,14.97848355199839,2.0,0.494817793780879,0.34573836989105056,341.227523573452,389.58650585771636,True,447.0118383508584,-1.882028399356463,-0.005613311823825795,788.2393619243104,1.1024328147045168,0.004836359850109273,554.07337315918,-1.4138460759365625,-0.005398115103157686,943.6598790168964,0.579660144506258,0.004965195647852305
case_000,1.61,5.1791396728048475,14.978390127237253,2.0,0.4948020818402229,0.34573329800850583,341.2227228498807,389.57957160788294,True,447.00257739584265,-1.8820018801652507,-0.005613814659186422,788.2253002457234,1.102432584926221,0.0048355252143157945,554.0797355311041,-1.4138316427074473,-0.0053980298596988385,943.6593071389871,0.5796721992491684,0.004964951833030695
case_000,1.615,5.179041230435443,14.978298087899907,2.0,0.49478740243725927,0.3457283137610399,341.2182164684393,389.5730769093086,True,446.99414634270363,-1.8819766637689421,-0.005614303998811243,788.212362811143,1.1024320282794329,0.00483472587907402,554.0868780227461,-1.413818434514399,-0.0053979317830240015,943.6599549320547,0.5796837383218368,0.004964742476035733
case_000,1.62,5.178947805560977,14.978207413044602,2.0,0.494773683658566,0.3457234149480899,341.2139584720937,389.5669677154151,True,446.9865283272092,-1.881952720984743,-0.005614777719265551,788.2004867993029,1.1024312285112363,0.0048339624491728905,554.0947752092171,-1.4138064086635462,-0.00539781892516189,943.6617429246322,0.5796948402658267,0.004964568018744009
case_000,1.625,5.1788588141174055,14.978118082122005,2.0,0.494760854165632,0.3457185993867746,341.2099054108596,389.5611923684494,True,446.9797006295182,-1.8819300169672633,-0.005615234012539827,788.1896060403778,1.1024302626570848,0.004833235226117394,554.1033949003008,-1.413795517475364,-0.0053976897088451326,943.6645872687502,0.5797055776678351,0.004964428544368571
case_000,1.6300000000000001,5.178773699640888,14.978030074964224,2.0,0.49474884356640325,0.3457138649185684,341.2060164781035,389.55570178669257,True,446.9736353694317,-1.8819085117800134,-0.005615671375555575,788.1796518475352,1.1024292010459817,0.004832544226468172,554.1126990429188,-1.413785708926994,-0.005397542909458708,943.6684008296114,0.579716017175645,0.004964323803292092
case_000,1.635,5.178691935060217,14.977943371773833,2.0,0.49473758276569363,0.3457092094157142,341.2022536199642,389.5504496235785,True,446.9683001903606,-1.8818881609820692,-0.005616088597867164,788.1705538103248,1.102428107353761,0.004831889201540096,554.1226446008101,-1.4137769272981142,-0.005397377635342815,943.6730942243886,0.5797262195532453,0.0049642532401023565
case_000,1.6400000000000001,5.178613024176014,14.97785795311295,2.0,0.49472700429231653,0.3457046307872995,341.1985816180032,389.5453923985158,True,446.9636589271001,-1.8818689162228726,-0.00561648474780696,788.1622405451033,1.1024270387006436,0.004831269658165105,554.133184405576,-1.4137691138136173,-0.005397193306756254,943.6785768040918,0.5797362397720246,0.00496421602148045
case_000,1.645,5.178536502829945,14.97777379989243,2.0,0.494717042601086,0.34570012698493274,341.19496814560944,389.5404895994866,True,446.95967225285654,-1.881850725838471,-0.005616859157320242,788.154640398466,1.102426045789163,0.0048306848802349145,554.1442679738676,-1.413762207276819,-0.005396989633796145,943.6847575733542,0.5797461271348405,0.00496421106460565
case_000,1.6500000000000001,5.17846193977062,14.97769089336118,2.0,0.4947076343481453,0.345695696007967,341.1913837989105,389.5357037578574,True,446.95629830159754,-1.8818335354430025,-0.00561721140572452,788.1476821005081,1.1024251730785959,0.004830133950756099,554.1558422862963,-1.4137561446874818,-0.005396766593551705,943.6915460441537,0.5797559254298815,0.004964237065767874
case_000,1.655,5.17838893722494,14.977609215095677,2.0,0.49469871863839876,0.34569133590823103,341.1878021031973,389.5310004961126,True,446.9534932622315,-1.8818172885097062,-0.005617541302621043,788.1412953654288,1.1024244589920003,0.004829615774163576,554.1678525242078,-1.4137508618394288,-0.00539652440675864,943.6988530203204,0.5797656731111505,0.004964292528895464
case_000,1.6600000000000001,5.178317131186327,14.97752874698968,2.0,0.49469023724414907,0.3456870447942352,341.1841994961153,389.5263485494528,True,446.9512119416478,-1.8818019269362638,-0.005617848870175246,788.1354114377631,1.102423936152005,0.004829129098657459,554.1802427612124,-1.4137462938931546,-0.005396263514200916,943.7065913106652,0.5797754035024836,0.004964375793732323
case_000,1.665,5.178246191433353,14.977449471244208,2.0,0.49468213479436357,0.345682820834831,341.1805552890208,389.5217197624594,True,446.9494082941715,-1.881787391589844,-0.005618134324970103,788.1299635831923,1.1024236316415728,0.004828672538346512,554.1929566069964,-1.413742375919417,-0.005395984553089372,943.7146763694558,0.5797851450220628,0.0049644850634230075
case_000,1.67,5.178175821293882,14.977371370357773,2.0,0.4946743589343103,0.34567866226231203,341.176851608072,389.5170890621981,True,446.9480359154117,-1.8817736228277409,-0.005618398059626384,788.1248875234837,1.1024235672859797,0.004828244594999032,554.2059378014933,-1.41373904341033,-0.005395688333631132,943.7230268636914,0.5797949214243874,0.004964618431286594
case_000,1.675,5.1781057571716875,14.97729442711694,2.0,0.4946668604556068,0.34567456737495,341.1730733167421,389.51243440933,True,446.9470484989866,-1.8817605609900891,-0.0056186406243686204,788.1201218157287,1.1024237599523858,0.004827843679223065,554.219130758159,-1.4137362327551286,-0.005395375815981818,943.7315651674891,0.5798047520567989,0.004964773906588393
case_000,1.68,5.17803576785345,14.977218624587186,2.0,0.49465959339701393,0.3456705345389691,341.16920792154355,389.50773672886373,True,446.9464002550308,-1.881748146861667,-0.005618862708703487,788.1156081765744,1.1024242218634783,0.004827468130916834,554.2324810555905,-1.4137338816782996,-0.005395048087756482,943.7402177844542,0.5798146521276876,0.004964949439139665
case_000,1.685,5.177965653615222,14.977143946104134,2.0,0.49465251511657377,0.3456665621899672,341.1652454627815,389.5029798223751,True,446.94604628980153,-1.8817363221003438,-0.00561906512336291,788.111291752583,1.1024249609217696,0.004827116238848794,554.2459358772638,-1.4137319296383446,-0.0053947063422548625,943.7489156996389,0.5798246329836337,0.004965142942583212
case_000,1.69,5.177895245148172,14.977070375265113,2.0,0.4946455863359419,0.3456626488337989,341.16117839223676,389.49815026353724,True,446.9459429461238,-1.8817250296302657,-0.005619248782649355,788.1071213383606,1.1024259810413233,0.004826786259248761,554.2594443996438,-1.4137303181859493,-0.005394351857538615,943.7575946631811,0.5798347023928494,0.0049653523162446755
case_000,1.695,5.177824402323754,14.976997895921125,2.0,0.4946387711579847,0.3456587930469407,341.15700143964636,389.49323727887213,True,446.9460481047472,-1.881714213998376,-0.005619414687307478,788.1030495443936,1.1024272824838037,0.004826476433307525,554.2729581293626,-1.4137289912808702,-0.005393985976478943,943.7661954082347,0.579844864832389,0.004965575465453287
case_000,1.7,5.177753012818722,14.976926492169154,2.0,0.49463203705891556,0.3456549934763621,341.15271146988607,389.48823261566986,True,446.9463214470326,-1.8817038216933153,-0.005619563908031866,788.0990329169186,1.1024288621959448,0.004826185003503236,554.2864311905358,-1.4137278955672723,-0.005393610087876366,943.7746638062057,0.5798551217767511,0.004965810320257613
case_000,1.705,5.177680990620565,14.976856148344902,2.0,0.494625354856413,0.34565124883893117,341.14830733270117,389.48313039901416,True,446.94672467971566,-1.881693801426255,-0.005619697569705651,788.0950320124168,1.102430714145721,0.004825910228689889,554.2998205636931,-1.41372698060774,-0.005393225608734675,943.7829509627072,0.579865471985638,0.004966054852484025
case_000,1.71,5.177608274433503,14.976786849015904,2.0,0.49461869865531805,0.34564755792038615,341.1437897067465,389.4779269797991,True,446.94722172277216,-1.8816841043735986,-0.005619816836451075,788.0910114295186,1.1024328296546657,0.004825650397899173,554.313086278086,-1.4137261990765484,-0.005392833967755861,943.7910132578851,0.5798759117887634,0.00496630709110385
case_000,1.715,5.177534826004898,14.976718578975,2.0,0.494612045772621,0.3456439195739068,341.1391609397516,389.47262077570326,True,446.9477788616085,-1.881674684381877,-0.005619922897561136,788.0869398013601,1.1024351977240505,0.004825403842825371,554.3261915593846,-1.4137255069131525,-0.005392436590106853,943.7988123350879,0.5798864353658132,0.004966565135896328
case_000,1.72,5.177460628391426,14.97665132323425,2.0,0.4946053766435535,0.34564033271832145,341.1344248864094,389.46721210686087,True,446.94836486510235,-1.881665498135537,-0.005620016954365703,788.0827897515118,1.1024378053527857,0.004825168948976166,554.3391029350985,-1.4137248634371982,-0.005392034883491381,943.8063150419594,0.5798970350197667,0.00496682716940966
case_000,1.725,5.17738568418352,14.976585067019196,2.0,0.49459867471066365,0.3456367963359868,341.1295867455642,389.4617030280432,True,446.94895107115144,-1.881656505288637,-0.005620100208074574,788.0785378167157,1.1024406378451448,0.004824944165486567,554.351790300165,-1.4137242314266258,-0.005391630225548283,943.8134933282082,0.5799077014420023,0.00496709146723967
case_000,1.73,5.177310013705758,14.976519795763494,2.0,0.49459192629780563,0.34563330947037935,341.1246528982098,389.4560971589999,True,446.9495114415432,-1.881647668561725,-0.005620173848628507,788.074164339753,1.1024436791066325,0.004824728013607338,554.3642269453696,-1.413723577160693,-0.005391223952582402,943.8203241043695,0.5799184239677572,0.00496735640665974
case_000,1.735,5.177233653210085,14.976455495103938,2.0,0.49458512047099396,0.34562987122343514,341.11963074761206,389.45039951456465,True,446.95002258815316,-1.8816389538054714,-0.00562023904457537,788.0696533357652,1.1024469119265339,0.004824519093890145,554.376389551356,-1.4137228704299647,-0.005390817349622434,943.8267890659207,0.5799291908206977,0.004967620473649126
case_000,1.74,5.177156653077299,14.97639215087582,2.0,0.49457824888807694,0.3456264807526788,341.1145285628299,389.44461633595006,True,446.95046377249145,-1.8816303300327843,-0.005620296933981361,788.0649923353213,1.1024503182458587,0.004824316092101766,554.3882581510953,-1.4137220845154743,-0.0053904116417883285,943.8328744870454,0.579939989345503,0.004967882268376744
case_000,1.745,5.177079076041594,14.976329749108624,2.0,0.4945713056391663,0.34562313726817767,341.1093553267735,389.43875492467555,True,446.95081688077954,-1.8816217694213593,-0.005620348616374227,788.060172207553,1.1024538794096717,0.004824117783911508,554.3998160637221,-1.4137211961394158,-0.005390007986940282,943.8385709883977,0.5799508062275794,0.0049681405092109054
case_000,1.75,5.177000995451213,14.97626827602206,2.0,0.4945642870797232,0.3456198400293587,341.1041205897599,389.43282348026935,True,446.9510663767262,-1.8816132472887368,-0.005620395145708945,788.0551869664861,1.1024575764029025,0.004823923038400069,554.4110498026826,-1.4137201853898247,-0.0053896074695727325,943.8438732829519,0.5799616276991201,0.0049683940353287825
case_000,1.7550000000000001,5.176922493577652,14.976207718022389,2.0,0.49455719165814543,0.3456165883417248,341.0988343295183,389.42683094298525,True,446.9511992342729,-1.8816047420420812,-0.0056204375243347204,788.0500335637912,1.1024613900690723,0.00482373082045201,554.4219489611565,-1.4137190356217773,-0.005389211095906621,943.8487799041418,0.5799724397309806,0.0049686418080141515
case_000,1.76,5.1768436599837635,14.97614806169907,2.0,0.49455001973963697,0.34561338155350413,341.0935068183574,389.4207868424296,True,446.95120485246736,-1.8815962351049147,-0.005620476697939858,788.0447116708248,1.102465301311377,0.004823540192091413,554.4325060776247,-1.4137177333376683,-0.005388819790129007,943.8532929200543,0.5799832282098771,0.004968882910728445
case_000,1.7650000000000001,5.176764589960748,14.97608929382163,2.0,0.49454277342805664,0.34561021905226563,341.08814849815315,389.4147011530507,True,446.9510749547685,-1.8815877108231873,-0.005620513551437667,788.0392234529216,1.102469291275925,0.004823350312833596,554.442716484492,-1.4137162680491637,-0.00538843439171921,943.8574176375428,0.5799939791006832,0.004969116548053931
case_000,1.77,5.176685383041901,14.976031401336845,2.0,0.4945354563873516,0.3456071002615311,341.08276986368423,389.40858415718264,True,446.95080347488283,-1.881579156352992,-0.00562054890575775,788.0335733385671,1.1024733415169672,0.004823160439123009,554.4525781425094,-1.4137146321233836,-0.005388055653799184,943.8611622996921,0.580004678593641,0.004969342043603164
case_000,1.7750000000000001,5.176606141600335,14.975974371366114,2.0,0.49452807366407897,0.34560402463741313,341.07738135472647,389.4024463163413,True,446.9503864313328,-1.8815705615323066,-0.0056205835154956585,788.0277677860593,1.102477434144193,0.004822969922935738,554.4620914637155,-1.4137128206158462,-0.005387684242438462,943.8645377800568,0.5800153132365183,0.004969558836997678
case_000,1.78,5.176526969536267,14.975918191203062,2.0,0.49452063151241143,0.3456009916653057,341.07199325719574,389.3962981511952,True,446.9498217927799,-1.8815619187390926,-0.00562061806737435,788.0218150499757,1.1024815519522781,0.004822778209622569,554.4712591254741,-1.4137108310926445,-0.005387320736842782,943.8675572766693,0.5800258700517872,0.004969766480013682
case_000,1.7850000000000001,5.176447971058502,14.975862848311364,2.0,0.4945131372229029,0.3455980008566502,341.0666156135346,389.3901501307014,True,446.94910933611084,-1.881553222738022,-0.005620653179464696,788.0157249496455,1.1024856785330006,0.004822584835072252,554.4800858780538,-1.4137086634442322,-0.005386965630352625,943.8702360087552,0.5800363366391009,0.004969964631998058
case_000,1.79,5.176369249563266,14.975808330322693,2.0,0.4945055989561763,0.3455950517458001,341.0612581424486,389.38401257060366,True,446.948250499156,-1.8815444705180628,-0.005620689401111378,788.0095086416046,1.1024897983703807,0.0048223894222735875,554.4885783480671,-1.4137063196931159,-0.00538661933217649,943.8725909186708,0.5800467012633511,0.004970153054651538
case_000,1.795,5.176290906612927,14.97575462503489,2.0,0.49449802558256845,0.34559214388700293,341.05593016798514,389.3778955415255,True,446.94724822986893,-1.8815356611230867,-0.005620727213506038,788.0031783978541,1.102493896919421,0.004822191677355869,554.4967448399558,-1.4137038037976248,-0.005386282169782319,943.8746403814813,0.5800569529287806,0.004970331606279077
case_000,1.8,5.176213041015587,14.975701720410221,2.0,0.494490426528644,0.3455892768515173,341.05064055788165,389.37180878671154,True,446.9461068336166,-1.8815267954775141,-0.005620767030851126,787.9967473914983,1.1024979606690795,0.004821991385183966,554.5045951375228,-1.413701121453816,-0.005385954391871617,943.8764039242343,0.5800670814396377,0.004970500235601194
case_000,1.805,5.176135748005857,14.975649604573793,2.0,0.4944828116313691,0.34558645022487783,341.04539767100465,389.365761649413,True,446.9448318201659,-1.8815178762089673,-0.005620809202054711,787.9902294911706,1.1025019771902267,0.004821788404583693,554.5121403073604,-1.413698279897418,-0.005385636171861108,943.8779019567734,0.5800770774479684,0.004970658975218312
case_000,1.81,5.176059118526066,14.975598265812053,2.0,0.49447519100060794,0.34558366360432147,341.0402093136757,389.3597630098109,True,446.94342975179046,-1.8815089074697366,-0.005620854012898302,787.9836390654661,1.1025059351694004,0.0048215826632705405,554.5193925058554,-1.413695287707599,-0.0053853276117983295,943.8791555156663,0.5800869324891899,0.004970807934815413
case_000,1.815,5.175983238606468,14.97554769257138,2.0,0.49446757489049165,0.345580916596385,341.035082704559,389.35382123129557,True,446.94190809384185,-1.881499894758772,-0.005620901688618007,787.9769907984008,1.1025098244292288,0.004821374152551905,554.5263647913052,-1.4136921546141752,-0.005385028746638765,943.8801860226008,0.5800966390061547,0.004970947294190897
case_000,1.82,5.175908188842017,14.975497873456769,2.0,0.4944599735800844,0.34557820881468,341.0300244477866,389.3479441158652,True,446.9402750689447,-1.8814908447457537,-0.005620952396842793,787.9702995167313,1.1025136359364343,0.004821162921868849,554.5330709424617,-1.413688891309725,-0.005384739548815964,943.8810150583269,0.5801061903624427,0.004971077296187287
case_000,1.825,5.175834043962904,14.975448797230536,2.0,0.49445239726366724,0.3455755398778517,341.02504051390554,389.34213886831697,True,446.9385395159055,-1.8814817650986713,-0.005621006250832394,787.963580029811,1.1025173617983879,0.00482094907324121,554.5395252847181,-1.413685509267939,-0.005384459933037156,943.8816641530351,0.5801155808456792,0.004971198239597796
case_000,1.83,5.175760872495035,14.975400452811103,2.0,0.4944448559508464,0.3455729094077249,341.02013622821346,389.3364120688665,True,446.9367107542347,-1.8814726643162027,-0.00562106331296186,787.9568469824482,1.102520995249169,0.004820732755673629,554.5457425249043,-1.4136820205693381,-0.005384189761242719,943.8821545937708,0.5801248056616513,0.004971310472114798
case_000,1.835,5.175688736506624,14.975352829271797,2.0,0.4944373593765938,0.3455703170276375,341.0153162660117,389.3307696537837,True,446.93479845512854,-1.8814635515660356,-0.00562112359839867,787.9501147211403,1.102524530626155,0.004820514159578682,554.5517375955941,-1.4136784377353848,-0.005383928847667863,943.8825072493778,0.5801338609200806,0.004971414383384054
case_000,1.84,5.175617691436125,14.975305915839659,2.0,0.4944299169212338,0.3455677623609624,341.0105846542717,389.3252169035932,True,446.9328125195675,-1.8814544365301396,-0.005621187078923673,787.9433971738392,1.102527963338122,0.004820293511266283,554.5575255095785,-1.413674773571824,-0.005383676963952477,943.8827424131716,0.5801427436128591,0.004971510398219414
case_000,1.845,5.175547785996544,14.975259701894293,2.0,0.4944225375402985,0.3455652450298144,341.0059447791926,389.31975843831435,True,446.93076296407963,-1.8814453292578295,-0.00562125368684907,787.9367077432722,1.1025312898258322,0.004820071067544285,554.5631212250601,-1.4136710410219535,-0.005383433844246888,943.8828796633744,0.5801514515855625,0.004971598970027524
case_000,1.85,5.175479062151085,14.975214176966679,2.0,0.4944152297040957,0.34556276465393965,341.00139939913,389.31439821928984,True,446.9286598146552,-1.8814362400273759,-0.00562132331898757,787.9300592137852,1.102534507516132,0.004819847110473285,554.5685395219822,-1.413667253030383,-0.005383199190265531,943.882937741272,0.5801599835031003,0.004971680574489046
case_000,1.855,5.175411555154474,14.975169330738,2.0,0.4944080013467562,0.3455603208497815,340.99695066233375,389.30913955698827,True,446.92651300911365,-1.8814271792167307,-0.00562139584063287,787.9234636714474,1.102537614770485,0.004819621942309893,554.5737948897458,-1.4136634224177007,-0.0053829726762458785,943.8829344467341,0.5801683388102711,0.004971755703532088
case_000,1.86,5.175345293654357,14.97512515303844,2.0,0.4944008598244673,0.3455579132297182,340.99260012898526,389.30398512431395,True,446.92433230815755,-1.8814181571838366,-0.005621471089513219,787.9169324371428,1.1025406108288889,0.004819395880671651,554.5789014264402,-1.4136595617663201,-0.005382753953774078,943.8828865507542,0.580176517688031,0.004971824859632379
case_000,1.865,5.175280299847117,14.975081633845967,2.0,0.4943938118825292,0.3455555414014625,340.98834879693896,389.2989369747894,True,446.9221272152685,-1.8814091841568625,-0.00562154887968247,787.9104760122075,1.102543495750067,0.004819169253949596,554.5838727496438,-1.4136556833176868,-0.005382542656441669,943.8828097244332,0.5801845210062312,0.0049718885504661525
case_000,1.87,5.175216589682167,14.975038763285077,2.0,0.49438686363083545,0.3455532049676183,340.984197130714,389.2939965651208,True,446.9199069054385,-1.8814002701345742,-0.005621629005318929,787.9041040361525,1.1025462703488018,0.004818942396992321,554.5887219186504,-1.4136517988808663,-0.00538233840430502,943.8827184837712,0.5801923502735462,0.004971947283937517
case_000,1.875,5.175154173109121,14.974996531625514,2.0,0.49438002052731894,0.3455509035253824,340.9801450931338,389.2891647815484,True,446.9176801627372,-1.8813914247969634,-0.005621711244402416,787.897825255871,1.1025489361312226,0.004818715647078808,554.5934613679941,-1.4136479197524767,-0.005382140808119551,943.8826261495425,0.5802000075853139,0.004972001563597339
case_000,1.8800000000000001,5.17509305436204,14.974954929280955,2.0,0.49437328736888064,0.34554863666638336,340.9761921791736,389.2844419694592,True,446.91545532656164,-1.8813826574261396,-0.005621795362245885,787.8916475057352,1.1025514952288205,0.004818489340195464,554.5981028519404,-1.4136440566477806,-0.005381949473328929,943.8825448213996,0.5802074955699175,0.004972051884464146
case_000,1.885,5.175033232275141,14.974913946807632,2.0,0.49436666828928316,0.34554640397664743,340.9723374515027,389.27982796572826,True,446.9132402463709,-1.8813739768373907,-0.005621881114860505,787.8855776978736,1.1025539503318968,0.0048182638076266215,554.6026573996063,-1.4136402196426936,-0.005381764003790701,943.8824853653346,0.5802148173343479,0.004972098729254415
case_000,1.8900000000000001,5.1749747006246505,14.974873574902945,2.0,0.4943601667634696,0.34554420503667976,340.96857957725916,389.27532213326197,True,446.9110422446716,-1.8813653913202455,-0.00562196825213529,787.8796218219308,1.1025563046231317,0.0048180393728659565,554.6071352802988,-1.4136364181263836,-0.005381584005224094,943.8824574135608,0.5802219764095221,0.004972142565025095
case_000,1.895,5.174917448491388,14.97483380440402,2.0,0.4943537856177555,0.34554203942165196,340.9649168656286,389.2709233972739,True,446.908868087905,-1.8813569085892903,-0.005622056520817764,787.8737849535336,1.1025585617118556,0.0048178163488510894,554.6115459785296,-1.4136326607640448,-0.005381409088371536,943.8824693758036,0.580228976695874,0.004972183840225741
case_000,1.9000000000000001,5.174861460639251,14.974794626286196,2.0,0.4943475270453271,0.3455399067016835,340.9613473058215,389.2666302827853,True,446.9067239649046,-1.881348535744404,-0.005622145667282585,787.8680712707261,1.1025607255696064,0.004817595035522426,554.6158981782335,-1.4136289554693957,-0.0053812388718650905,943.8825284610188,0.580235822409723,0.004972222982156382
case_000,1.905,5.174806717904663,14.974756031661524,2.0,0.49434139262648097,0.3455378064422076,340.95786860504455,389.2624409529533,True,446.9046154725003,-1.8813402792400495,-0.0056222354400801144,787.8624840775449,1.1025628004674426,0.0048173757177015775,554.6201997555385,-1.4136253093863667,-0.00538107298479662,943.8826407084917,0.580242518030845,0.0049722603948215705
case_000,1.9100000000000001,5.174753197592612,14.974718011777185,2.0,0.494335383353037,0.34553573820440975,340.954478226153,389.2583532477587,True,446.9025476078316,-1.8813321448631601,-0.005622325592258837,787.8570258339846,1.1025647909154828,0.004817158663285026,554.6244577795264,-1.4136217288794346,-0.005380911068989747,943.8828110272851,0.5802490682516485,0.004972296457169456
case_000,1.915,5.174700873875029,14.974680558013862,2.0,0.4943294996563676,0.3455337015457282,340.9511734246254,389.2543647227028,True,446.90052476691835,-1.881324137719168,-0.005622415883457299,787.8516981915437,1.1025667016050258,0.004816944121743771,554.6286785203049,-1.413618219531992,-0.0053807527809771605,943.8830432430077,0.5802554779282871,0.004972331521701567
case_000,1.92,5.174649718187611,14.974643661884114,2.0,0.49432374143849345,0.3455316960204078,340.9479512845873,389.2504726871399,True,446.89855074897724,-1.8813162622256239,-0.005622506081765899,787.8465020335645,1.1025685373535985,0.004816732322918182,554.6328674637484,-1.4136147861521335,-0.005380597793687936,943.8833401508883,0.580261752034028,0.004972365913436805
case_000,1.925,5.1745996996216865,14.974607315030674,2.0,0.49431810810571464,0.3455297211800947,340.94480875364417,389.24667424191864,True,446.8966287660215,-1.8813085221128985,-0.005622595965357746,787.8414375196656,1.1025703030532206,0.004816523476097623,554.6370293322527,-1.4136114327852218,-0.005380445797851741,943.8837035741714,0.5802678956151189,0.004972399929211446
case_000,1.93,5.174550785307536,14.974571509224733,2.0,0.49431259860426313,0.3455277765744643,340.94174267625493,389.2429663160465,True,446.8947614571785,-1.8813009204313627,-0.005622685323894205,787.8365041334334,1.1025720036220685,0.0048163177693674175,554.6411681107875,-1.4136081627325654,-0.005380296503130821,943.884134426834,0.5802739137493578,0.004972433837293899
case_000,1.935,5.174502940786737,14.974536236364191,2.0,0.4943072114574861,0.3455258617518729,340.9387498255029,389.2393457021168,True,446.89295090727126,-1.8812934595644801,-0.0056227739597077275,787.8317007327742,1.1025736439597653,0.004816115369211615,554.6452870776374,-1.4136049785755576,-0.005380149638989085,943.8846327797542,0.5802798115075549,0.004972467877294495
case_000,1.94,5.174456130370567,14.974501488471889,2.0,0.4943019448040922,0.34552397626002296,340.9358269330512,389.2358090902512,True,446.89119866910437,-1.881286141247218,-0.005622861688770631,787.8270256021556,1.102575228906377,0.004815916420351618,554.6493888391357,-1.413601882204627,-0.0053800049553123785,943.8851979293869,0.5802855939179956,0.004972502260346012
case_000,1.945,5.174410317482505,14.974467257693798,2.0,0.49429679643702473,0.3455221196466367,340.93297071718666,389.23235310038217,True,446.8895057889778,-1.8812789665891767,-0.005622948341456768,787.8224765061644,1.102576763205235,0.004815721045805577,554.6534753677652,-1.4135988748523336,-0.005379862222793352,943.8858284681473,0.5802912659340076,0.004972537169532998
case_000,1.95,5.174365464982754,14.97443353629721,2.0,0.4942917638425485,0.3455202914601279,340.9301779088189,389.2289743126944,True,446.8878728349189,-1.8812719361018524,-0.005623033763106189,787.8180507437378,1.1025782514695985,0.004815529347149239,554.6575480429962,-1.4135959571299788,-0.0053797212330964905,943.8865223556905,0.5802968324046754,0.004972572760545246
case_000,1.955,5.17432153547329,14.97440031666891,2.0,0.4942868442391735,0.3455184912502665,340.92744527536115,389.2256692961088,True,446.886299927162,-1.881265049729446,-0.005623117814402834,787.8137452025231,1.1025796981531668,0.0048153414049598164,554.6616076942668,-1.4135931290671209,-0.005379581798818922,943.8872769903755,0.5803022980487361,0.004972609162532449
case_000,1.96,5.17427849158208,14.974367591313317,2.0,0.4942820346160665,0.34551671856882904,340.9247696424603,389.22243463466873,True,446.884786770387,-1.88125830688264,-0.005623200371577763,787.8095564128473,1.1025811075244105,0.004815157279424442,554.6656546455404,-1.4135903901533835,-0.0053794437532637684,943.8880892802091,0.5803076674316313,0.00497264647913509
case_000,1.965,5.174236296225617,14.974335352850648,2.0,0.49427733177063576,0.34551497297023015,340.92214791351074,389.21926695177433,True,446.88333268732407,-1.8812517064748249,-0.005623281326448015,787.8054806008348,1.1025824836446585,0.004814977011094679,554.6696887608965,-1.4135877393820004,-0.005379306950042906,943.8889557126708,0.5803129449456893,0.00497268478966878
case_000,1.97,5.174194912848858,14.974303594015053,2.0,0.49427273234500674,0.345513254012129,340.919577086975,389.2161629322153,True,446.8819366532423,-1.8812452469601926,-0.0056233605863062475,787.8015137402173,1.1025838303498205,0.004814800621767201,554.6737094906499,-1.4135851752945459,-0.005379171262526572,943.8898724228652,0.5803181347933638,0.004972724150438812
case_000,1.975,5.1741543056423485,14.974272307652768,2.0,0.4942682328611368,0.34551156125600724,340.917054271516,389.2131193419399,True,446.88059733098225,-1.8812389263732472,-0.00562343807367216,787.7976516024983,1.1025851512356635,0.004814628115474118,554.6777159175332,-1.4135826960263493,-0.00537903658315686,943.8908352594731,0.5803232409734488,0.0049727645961617495
case_000,1.98,5.174114439736077,14.974241486720256,2.0,0.49426382975435484,0.34550989426771395,340.91457669896533,389.2101330456071,True,446.8793131061192,-1.8812327423692012,-0.005623513725920626,787.7938898050845,1.1025864496464433,0.0048144594795628826,554.6817068024864,-1.4135802993521032,-0.0053789028226429725,943.8918398480935,0.5803282672701453,0.004972806141472941
case_000,1.985,5.1740752813704285,14.97421112428237,2.0,0.494259519405136,0.34550825261797485,340.9121417351936,389.2072010218794,True,446.8780821219632,-1.8812266922648577,-0.005623587494798243,787.7902238571568,1.1025877286667858,0.004814294685850873,554.6856806297081,-1.4135779827312527,-0.005378769909053671,943.8928816515876,0.5803332172448815,0.004972848782499206
case_000,1.99,5.174036798044081,14.974181213510512,2.0,0.49425529816896124,0.3455066358828637,340.90974688893516,389.2043203765413,True,446.8769023140296,-1.8812207730795196,-0.005623659345843801,787.7866492029648,1.102588991116574,0.0048141336918354205,554.6896356505457,-1.4135757433527314,-0.005378637786825569,943.893956027087,0.5803380942307114,0.004972892498476156
case_000,1.995,5.173998958639655,14.974151747680825,2.0,0.49425116240413286,0.3455050436442324,340.9073898186595,389.2014883534655,True,446.87577144375194,-1.881214981575563,-0.0056237292577236975,787.7831612624115,1.1025902395487017,0.004813976441945866,554.6935699259623,-1.4135735781787047,-0.005378506415701256,943.8950582794278,0.580342901329164,0.00497293725339254
case_000,2.0,5.173961733527502,14.974122720172378,2.0,0.49424710849745324,0.34550347549010024,340.90506833756933,389.1987023434981,True,446.87468713115413,-1.8812093142983266,-0.005623797221496474,787.7797554687235,1.1025914762494482,0.004813822868821205,554.6974813672824,-1.413571483986982,-0.005378375769613586,943.8961837107805,0.5803476414093677,0.004972982997643649
case_000,2.005,5.173925094648396,14.974094124465392,2.0,0.4942431328876975,0.34550193101499943,340.9027804168365,389.195959891361,True,446.8736468862482,-1.8812037676149713,-0.00562386323981956,787.7764273030847,1.1025927032412668,0.004813672894599164,554.7013677749552,-1.4135694574118118,-0.005378245835531148,943.8973276663162,0.5803523171092663,0.004973029669677442
case_000,2.0100000000000002,5.173889015576229,14.974065954139476,2.0,0.4942392320868362,0.34550040982027785,340.90052418717704,389.19325870066154,True,446.8726481390236,-1.8811983377520838,-0.005623927326107836,787.7731723262007,1.1025939222878005,0.0048135264322056726,554.7052268751737,-1.413567494982811,-0.005378116612277495,943.8984855758353,0.5803569308387843,0.00497307719762019
case_000,2.015,5.173853471561389,14.974038202871899,2.0,0.49423540269899136,0.3454989115143588,340.89829793889214,389.1905966370749,True,446.8716882677742,-1.8811930208316971,-0.005623989503659332,787.7699862066663,1.1025951349008385,0.004813383386629622,554.7090563541403,-1.4135655931618123,-0.005377988109338705,943.8996529912152,0.5803614847846993,0.004973125500865205
case_000,2.02,5.173818439556322,14.974010864435876,2.0,0.49423164143712905,0.3454974357129572,340.89610012048007,389.18797172988104,True,446.87076462572014,-1.881187812905601,-0.005624049804755171,787.7668647462002,1.102596342349061,0.004813243656175192,554.7128538898925,-1.413563748377462,-0.00537786034566945,943.9008256197735,0.5803659809171116,0.004973174491616883
case_000,2.025,5.173783898224078,14.973983932698879,2.0,0.494227945137513,0.345495982039254,340.8939293359734,389.18538217192315,True,446.8698745657376,-1.8811827099876814,-0.005624108269747297,787.763803901711,1.102597545668297,0.004813107133679773,554.7166171815286,-1.4135619570574043,-0.005377733348511049,943.9019993534517,0.5803704209972596,0.004973224076375349
case_000,2.0300000000000002,5.173749827931399,14.973957401621007,2.0,0.49422431077196327,0.3454945501240296,340.8917843410816,389.1828263181102,True,446.86901546317154,-1.8811777080842038,-0.0056241649461412635,787.7607998042531,1.1025987456730997,0.004812973707689516,554.7203439758424,-1.4135602156579774,-0.005377607152229014,943.9031702939526,0.5803748065865426,0.004973274157355212
case_000,2.035,5.173716210727477,14.97393126525336,2.0,0.49422073545797945,0.34549313960575706,340.8896640383253,389.1803026826459,True,446.86818473664056,-1.8811728032218886,-0.00562421988768419,787.7578487749659,1.1025999429694342,0.004812843263585553,554.7240320912606,-1.4135585206913115,-0.005377481797181394,943.9043347739065,0.5803791390565626,0.004973324633829879
case_000,2.04,5.173683030309765,14.97390551773645,2.0,0.49421721646680383,0.3454917501306581,340.8875674712349,389.17780993503106,True,446.8673798668086,-1.8811679914736972,-0.005624273153465864,787.7549473380435,1.1026011379682554,0.004812715684652913,554.7276794391283,-1.4135568687498055,-0.0053773573286244325,943.9054893741594,0.5803834196000011,0.004973375403394209
case_000,2.045,5.173650271978118,14.973880153298651,2.0,0.49421375122951433,0.34549038135272236,340.8854938177849,389.1753468950452,True,446.8665984131012,-1.881163268982266,-0.005624324807040448,787.7520922308861,1.1026023308997748,0.004812590853087884,554.7312840423126,-1.4135552565279508,-0.005377233795664016,943.9066309373578,0.5803876492421697,0.004973426363140909
case_000,2.05,5.173617922578742,14.973855166254701,2.0,0.4942103373412445,0.3454890329336929,340.8834423831388,389.17291252679684,True,446.8658380284087,-1.8811586319809839,-0.005624374915574104,787.7492804115475,1.1026035218282568,0.0048124686509388725,554.7348440512083,-1.4135536808415186,-0.005377111250257638,943.9077565780051,0.5803918288530929,0.004973477410747051
case_000,2.055,5.1735859704391025,14.973830551004196,2.0,0.4942069725636402,0.34548770454301975,340.8814125918816,389.1705059319661,True,446.8650964717415,-1.8811540768126573,-0.0056244235490268135,787.7465090636231,1.1026047106671326,0.004812348960977153,554.7383577571702,-1.4135521386441359,-0.00537698974627332,943.9088636891363,0.5803959591599287,0.004973528445466224
case_000,2.06,5.173554405295213,14.973806302030155,2.0,0.4942036548256724,0.34548639585778423,340.8794039797945,389.1681263424017,True,446.8643716189345,-1.8811495999458172,-0.00562447077937106,787.743775598729,1.1026058971942756,0.004812231667494837,554.7418236034699,-1.4135506270413054,-0.005376869338609036,943.9099499458716,0.5804000407596277,0.004973579369026537
case_000,2.065,5.173523218212628,14.973782413897622,2.0,0.49420038222292334,0.3454851065625962,340.8774161853275,389.16577311215724,True,446.86366147144287,-1.8811451979886897,-0.00562451667985242,787.7410776567704,1.1026070810673043,0.004812116657029353,554.7452401938859,-1.4135491433019496,-0.0053767500823755365,943.9110133060432,0.5804040741316812,0.004973630086432812
case_000,2.07,5.173492401502125,14.973758881252271,2.0,0.49419715301547845,0.3454838363494667,340.875448940855,389.1634457090843,True,446.8629641632584,-1.8811408677008745,-0.005624561324297117,787.7384131041134,1.1026082618387274,0.004812003819011479,554.7486062989982,-1.4135476848675488,-0.0053766320321465555,943.9120520080825,0.580408059650807,0.004973680506671907
case_000,2.075,5.1734619486316005,14.973735698819084,2.0,0.4941939656245507,0.3454825849176592,340.873502063812,389.1611437061273,True,446.86227796610547,-1.8811366060028247,-0.0056246047864664805,787.7357800299175,1.1026094389708458,0.00481189304633961,554.7519208603578,-1.4135462493590079,-0.005376515241276192,943.9130645664851,0.5804119975995092,0.004973730543324895
case_000,2.08,5.173431854135036,14.973712861401037,2.0,0.49419081862796954,0.3454813519735206,340.8715754477948,389.15886677238973,True,446.8616012929437,-1.8811324099831972,-0.005624647139462868,787.7331767407385,1.1026106118502614,0.0048117842358783025,554.7551829926393,-1.4135448345813408,-0.005376399761285511,943.9140497650291,0.5804158881803712,0.004973780115085924
case_000,2.085,5.1734021135197015,14.973690363877834,2.0,0.4941877107546662,0.34548013723029675,340.86966905373896,389.1566146640939,True,446.8609326998995,-1.8811282769041764,-0.005624688455187821,787.7306017536384,1.1026117798019048,0.004811677288884042,554.7583919839146,-1.4135434385263237,-0.005376285641318368,943.9150066480086,0.5804197315280021,0.004973829146190933
case_000,2.09,5.1733727231725615,14.973668201204669,2.0,0.49418464087828395,0.3454789404079326,340.8677829012111,389.15438721550845,True,446.86027088673967,-1.881124204204884,-0.005624728803853063,787.7280537879508,1.102612942102482,0.004811572111359019,554.7615472942027,-1.4135420593732329,-0.005376172927666012,943.9159345097112,0.580423527720547,0.004973877566759155
case_000,2.095,5.173343680266877,14.973646368411025,2.0,0.4941816080100438,0.34547776123286106,340.8659170599144,389.1521843299479,True,446.8596146959991,-1.8811201895029983,-0.0056247682535446875,787.7255317559135,1.1026140979932735,0.004811468614336345,554.7646485524667,-1.4135406954878416,-0.005376061663358467,943.9168328824146,0.5804272767907145,0.0049739253130524075
case_000,2.1,5.173314982669709,14.973624860599498,2.0,0.4941786112909881,0.3454765994377825,340.86407164145896,389.1500059709042,True,446.8589631108548,-1.8811162305946942,-0.005624806869841237,787.7230347523138,1.1026152466921963,0.004811366714098209,554.7676955521683,-1.4135393454197887,-0.005375951887822805,943.9177015230725,0.5804309787362166,0.004973972327654286
case_000,2.105,5.173286628851219,14.97360367294466,2.0,0.49417564998372326,0.3454754547614367,340.8622467914545,389.14785215339646,True,446.85831525189474,-1.881112325453051,-0.005624844715483912,787.7205620433492,1.102616387405105,0.004811266332331421,554.7706882455774,-1.4135380078985003,-0.005375843636604594,943.9185403989738,0.5804346335296143,0.00497401855957591
case_000,2.11,5.173258617796438,14.973582800691943,2.0,0.4941727234637771,0.34547432694837066,340.86044268196065,389.14572293558297,True,446.85767037288963,-1.8811084722250617,-0.0056248818500980735,787.7181130548503,1.1026175193362637,0.0048111673962231705,554.7736267369751,-1.4135366818278041,-0.005375736941150622,943.919349672558,0.5804382411275016,0.004974063964291953
case_000,2.115,5.173230948920025,14.973562239156562,2.0,0.4941698312106821,0.34547321574870227,340.8586595043546,389.1436184107165,True,446.85702785567344,-1.8811046692273725,-0.005624918329965201,787.715687360028,1.1026186416979673,0.0048110698385008255,554.7765112748934,-1.4135353662793946,-0.005375631828650307,943.9201296856099,0.5804418014790016,0.004974108503712715
case_000,2.12,5.173203621984661,14.973541983722452,2.0,0.49416697279888544,0.34547212091788415,340.8568974626383,389.14153869947074,True,446.8563872042593,-1.8811009149408935,-0.005624954207843036,787.7132846668976,1.102619753719287,0.004810973597420054,554.7793422435522,-1.4135340604852937,-0.005375528321932221,943.9208809430229,0.5804453145335552,0.00497415214609731
case_000,2.125,5.173176637023543,14.973522029841257,2.0,0.4941641478885852,0.3454710422164677,340.8551567672024,389.13948394266674,True,446.8557480383304,-1.8810972080044381,-0.005624989532830804,787.7109048055328,1.1026208546539438,0.004810878616705649,554.7821201536516,-1.4135327638294721,-0.005375426439411746,943.9216040963183,0.5804487802479841,0.0049741948659136614
case_000,2.13,5.173149994267226,14.973502373031303,2.0,0.49416135621658236,0.3454699794098699,340.85343762909343,389.1374542944834,True,446.85511008616123,-1.881093547207493,-0.005625024350279395,787.7085477152547,1.1026219437872815,0.004810784845448612,554.7848456326225,-1.413531475838755,-0.00537532619508746,943.9222999271059,0.5804521985928283,0.004974236643651042
case_000,2.1350000000000002,5.173123694075286,14.973483008876638,2.0,0.4941585975872305,0.3454689322681439,340.8517402547654,389.1354499161106,True,446.8544731771361,-1.881089931482278,-0.005625058701741514,787.7062134319015,1.102623020442359,0.004810692237964487,554.7875194144995,-1.4135301961731683,-0.005375227598581445,943.92296933061,0.580455569557941,0.004974277465589816
case_000,2.14,5.173097736872998,14.973463933026066,2.0,0.49415587186355936,0.34546790056575505,340.8500648413602,389.1334709699248,True,446.85383723393124,-1.8810863598952223,-0.005625092624960526,787.7039020752915,1.1026240839851942,0.004810600753617611,554.7901423295453,-1.4135289246158604,-0.0053751306552193845,943.9236132994702,0.5804588931573802,0.00497431732353576
case_000,2.145,5.173072123093135,14.973445141192217,2.0,0.49415317895863875,0.3454668840813632,340.84841157246706,389.1315176141576,True,446.85320226448096,-1.8810828316379709,-0.005625126153894211,787.701613836948,1.1026251338291349,0.004810510356614173,554.7927152937103,-1.4135276610627079,-0.005375035366147696,943.9242329078679,0.5804621694335718,0.004974356214521802
case_000,2.15,5.173046853123152,14.973426629150628,2.0,0.4941505188272442,0.3454658825976131,340.84678061443327,389.12958999809234,True,446.85256835379704,-1.8810793460180497,-0.005625159318771222,787.6993489682303,1.1026261694384367,0.004810421015770561,554.7952392980849,-1.4135264055117547,-0.005374941728482019,943.9248292961772,0.5804653984607974,0.004974394140485061
case_000,2.1550000000000002,5.173021927257616,14.97340839273885,2.0,0.4941478914578755,0.3454648959009328,340.8451721131448,389.1276882577872,True,446.85193565574866,-1.881075902449296,-0.005625192146176572,787.6971077688935,1.1026271903310338,0.004810332704258957,554.7977153983912,-1.413525158052564,-0.005374849735485077,943.9254036561784,0.580468580348008,0.0049744311079220616
case_000,2.16,5.172997345656102,14.973390427855577,2.0,0.4941452968651741,0.3454639237813417,340.84358619130603,389.1258125122997,True,446.8513043848777,-1.8810725004421665,-0.005625224659162931,787.6948905761838,1.1026281960805706,0.004810245399335722,554.8001447046736,-1.4135239188556206,-0.005374759376767568,943.9259572169733,0.5804717152410015,0.004974467127528692
case_000,2.165,5.172973108306388,14.973372730459777,2.0,0.49414273508277623,0.3454629660322681,340.8420229462121,389.1239628604334,True,446.85067480831964,-1.881069139594019,-0.005625256877385076,787.6926977545318,1.1026291863177313,0.004810159082056509,554.802528371221,-1.4135226881618548,-0.005374670638510104,943.9264912316544,0.5804748033239987,0.004974502213828669
case_000,2.17,5.1729492149927685,14.973355296569851,2.0,0.49414020615663246,0.34546202245037744,340.8404824479546,389.12213937799595,True,446.85004723788563,-1.8810658195794523,-0.005625288817254659,787.6905296858403,1.102630160730886,0.004810073736979892,554.8048675867905,-1.4135214662723736,-0.0053745835037025125,943.9270069647864,0.58047784482064,0.0049745363847946145
case_000,2.1750000000000003,5.172925665269628,14.973338122262806,2.0,0.4941377101388186,0.34546109283541104,340.83896473809193,389.1203421155134,True,446.8494220223936,-1.8810625401407985,-0.005625320492111174,787.6883867604855,1.1026311190661429,0.004809989351866162,554.8071635652655,-1.4135202535385067,-0.005374497952394808,943.9275056807788,0.580480839994458,0.0049745696614669765
case_000,2.18,5.172902458439809,14.97332120367344,2.0,0.4941352470818539,0.3454601769900361,340.837469828712,389.1185710964488,True,446.84879954027866,-1.881059301078843,-0.005625351912407206,787.6862693689907,1.10263206112682,0.004809905917371682,554.8094175367152,-1.4135190503521915,-0.005374413961959312,943.927988633164,0.5804837891488508,0.004974602067573497
case_000,2.185,5.172879593537737,14.97330453699354,2.0,0.4941328170335389,0.3454592747197065,340.83599770190676,389.11682631582437,True,446.8481801925225,-1.8810561022438157,-0.005625383085905267,787.6841778944292,1.1026329867724043,0.004809823426743465,554.811630738979,-1.4135178571367986,-0.0053743315073582765,943.9284570548034,0.580486692626599,0.004974633629152847
case_000,2.19,5.172857069317078,14.973288118471093,2.0,0.4941304200323179,0.3454583858325348,340.8345483095873,389.11510773930763,True,446.847564395975,-1.8810529435267567,-0.005625414017882191,787.6821127055623,1.1026338959170432,0.004809741875516416,554.8138044097758,-1.4135166743384244,-0.0053742505614151614,943.9289121490834,0.5804895508089878,0.00497466437418681
case_000,2.195,5.172834884242563,14.973271944409507,2.0,0.4941280561031666,0.34545751013917525,340.8331215736573,389.1134153026569,True,446.8469525770588,-1.8810498248512637,-0.005625444711340188,787.6800741507161,1.102634788527627,0.004809661261215792,554.8159397793711,-1.4135155024176942,-0.005374171095086866,943.929355082028,0.5804923641145324,0.004974694332241403
case_000,2.2,5.172813036485837,14.973256011166843,2.0,0.4941257252540007,0.34545664745271815,340.8317173864748,389.1117489115667,True,446.8463451659103,-1.8810467461656848,-0.005625475167221117,787.6780625523851,1.1026356646215003,0.00480958158306688,554.8180380638461,-1.4135143418421252,-0.0053740930777335105,943.9297869754128,0.580495132997404,0.004974723534122316
case_000,2.205,5.172791523924964,14.973240315155067,2.0,0.4941234274725951,0.34545579758859357,340.8303356116001,389.11010844183556,True,446.845742590975,-1.8810437074358073,-0.005625505384621643,787.6760782025751,1.102636524263871,0.0048095028417147745,554.8201004589685,-1.413513193079064,-0.005374016477383947,943.930208900804,0.5804978579455564,0.004974752011544736
case_000,2.21,5.1727703441473345,14.97322485283929,2.0,0.4941211627240021,0.3454549603644869,340.8289760847897,389.1084937398372,True,446.8451452740567,-1.8810407086380323,-0.005625535361008016,787.6741213588464,1.1026373675649506,0.004809425038955151,554.8221281346893,-1.4135120565892207,-0.005373941260994497,943.9306218745264,0.5805005394786136,0.004974779796820261
case_000,2.215,5.172749494455599,14.973209620737046,2.0,0.49411893094845144,0.3454541356002632,340.82763861521374,389.10690462330274,True,446.84455362583714,-1.8810377497530923,-0.005625565092428009,787.6721922410509,1.102638194676879,0.004809348177478134,554.8241222302382,-1.41351093282081,-0.0053738673946997495,943.931026853541,0.580503178145552,0.00497480692256258
case_000,2.22,5.172728971876445,14.973194615417546,2.0,0.49411673205971135,0.3454533231179013,340.8263229868449,389.10534088232146,True,446.84396804189095,-1.8810348307603164,-0.0056255945737176405,787.6702910287358,1.1026390057904873,0.0048092722606265514,554.8260838498617,-1.4135098222043114,-0.005373794844052482,943.9314247321831,0.5805057745222227,0.004974833421412861
case_000,2.225,5.172708773171753,14.973179833500966,2.0,0.4941145659438898,0.34545252274143684,340.8250289600293,389.10380228058284,True,446.8433888991468,-1.881031951632435,-0.005625623798702906,787.6684178591761,1.1026398011319243,0.004809197292169276,554.8280140591468,-1.4135087251478382,-0.005373723574252587,943.9318163397296,0.5805083292087417,0.004974859325785952
case_000,2.23,5.172688894851956,14.973165271657738,2.0,0.49411243245864933,0.34545173429691406,340.82375627317595,389.10228855680316,True,446.8428165528436,-1.8810291123309597,-0.005625652760393063,787.6665728260195,1.1026405809592155,0.004809123276091232,554.8299138819563,-1.4135076420331167,-0.005373653550362623,943.9322024387594,0.5805108428267944,0.004974884667638346
case_000,2.235,5.172669333191212,14.973150926607838,2.0,0.4941103314328109,0.34545095761234484,340.8225046445516,389.10079942630375,True,446.84225133393227,-1.8810263128021019,-0.005625681451165876,787.6647559784839,1.1026413455587614,0.004809050216399657,554.8317842979305,-1.4135065732120633,-0.005373584737509873,943.9325837242343,0.5805133160168751,0.004974909478257572
case_000,2.24,5.172650084244149,14.97313679512009,2.0,0.49410826266631647,0.3454501925176756,340.8212737741651,389.09933458274895,True,446.84169354692995,-1.881023552973243,-0.005625709862942974,787.662967321095,1.1026420952418419,0.004808978116948193,554.8336262405508,-1.4135055190039354,-0.005373517101073422,943.9329608232997,0.5805157494355107,0.004974933788074842
case_000,2.245,5.1726311438638355,14.973122874011473,2.0,0.49410622593052245,0.34544943884476026,340.82006334569496,389.097893699956,True,446.84114346820945,-1.881020832749946,-0.0056257379873544955,787.6612068139044,1.102642830341139,0.0048089069812781715,554.835440595729,-1.413504479693051,-0.005373450606856067,943.933334295685,0.5805181437524737,0.004974957626498688
case_000,2.25,5.172612507720766,14.97310916014644,2.0,0.49410422096879353,0.34544869642733983,340.8188730284608,389.0964764338121,True,446.8406013446956,-1.8810181520134757,-0.005625765815892914,787.6594743731564,1.1026435512073207,0.004808836812477624,554.8372282009,-1.4135034555270358,-0.00537338522124059,943.9337046347121,0.5805204996480373,0.0049749810217715185
case_000,2.255,5.172594171322516,14.973095650436237,2.0,0.49410224749736753,0.34544796510102715,340.8177024793952,389.09508242424386,True,446.84006739295074,-1.8810155106188162,-0.005625793340055085,787.657769872346,1.1026442582056981,0.004808767613057263,554.8389898445741,-1.4135024467155803,-0.005373320911330304,943.934072268818,0.5805228178102739,0.004975004000847272
case_000,2.2600000000000002,5.172576130033978,14.973082341838241,2.0,0.49410030520645815,0.34544724470329674,340.8165513450147,389.09371129719466,True,446.8395417986496,-1.881012908393188,-0.005625820551471483,787.6560931436643,1.1026449517130126,0.004808699384844628,554.8407262663559,-1.4135014534296875,-0.005373257645072793,943.9344375635505,0.5805250989324363,0.004975026589290332
case_000,2.265,5.172558379097672,14.973069231355275,2.0,0.49409839376156944,0.3454465350734783,340.8154192633592,389.09236266664334,True,446.8390247163677,-1.8810103451349822,-0.005625847442024323,787.6544439797269,1.1026456321143268,0.004808632128893708,554.8424381573318,-1.413500475801353,-0.0053731953913688235,943.9348008239751,0.5805273437104281,0.004975048811194482
case_000,2.27,5.172540913654287,14.973056316034977,2.0,0.49409651280498834,0.3454458360527544,340.8143058658897,389.0910361366018,True,446.8385162697262,-1.8810078206131544,-0.0056258740039516475,787.6528221356159,1.1026462998000952,0.004808565845412283,554.8441261608568,-1.4134995139236723,-0.005373134120164602,943.9351622974586,0.5805295528403983,0.0049750706891220076
case_000,2.275,5.1725237287627825,14.97304359296913,2.0,0.4940946619574286,0.3454451474841612,340.8132107793315,389.08973130306333,True,446.83801655177865,-1.8810053345669806,-0.005625900229941139,787.6512273311101,1.1026469551633653,0.004808500533703075,554.8457908736478,-1.4134985678513192,-0.00537307380252966,943.9355221767112,0.5805317270164354,0.004975092244059676
case_000,2.2800000000000002,5.172506819420404,14.973031059293024,2.0,0.49409284081979743,0.34544446921259153,340.81213362744035,389.08844775595287,True,446.83752562571743,-1.8810028867062025,-0.005625926113209334,787.6496592531578,1.1026475985971884,0.004808436192121623,554.8474328471967,-1.413497637601379,-0.005373014410718968,943.9358806031496,0.5805338669284373,0.004975113495394423
case_000,2.285,5.172490180581971,14.97301871218482,2.0,0.4940910489750574,0.3454438010847997,340.8110740326894,389.0871850809656,True,446.8370435257795,-1.881000476711498,-0.005625951647570349,787.6481175584689,1.102648230492201,0.004808372818046913,554.8490525894291,-1.413496723154482,-0.005372955918221456,943.9362376703947,0.5805359732600948,0.004975134460903086
case_000,2.29,5.1724738071786,14.97300654886491,2.0,0.4940892859901585,0.34544314294940875,340.8100316178616,389.085942861371,True,446.83657025837346,-1.8809981042352493,-0.005625976827492496,787.6466018762351,1.1026488512344026,0.004808310407865557,554.8506505665933,-1.413495824456217,-0.005372898299794704,943.9365934279643,0.5805380466870534,0.0049751551567586705
case_000,2.295,5.172457694135589,14.972994566595306,2.0,0.49408755141801536,0.3454424946569175,340.8090060075492,389.08472067971843,True,446.83610580338836,-1.880995768902584,-0.005626001648143475,787.6451118109376,1.1026494612031457,0.004808248956968408,554.8522272053424,-1.4134949414187827,-0.005372841531486594,943.9369478850608,0.5805400878752333,0.004975175597550008
case_000,2.3000000000000003,5.172441836389427,14.972982762679008,2.0,0.49408584479950785,0.345441856059709,340.80799682954193,389.083518119435,True,446.8356501156618,-1.8809934703126558,-0.005626026105424731,787.6436469452037,1.102650060769322,0.0048081884597585,554.8537828949745,-1.4134940739228434,-0.005372785590644968,943.9373010144095,0.5805420974793023,0.004975195796313614
case_000,2.305,5.172426228903781,14.972971134459403,2.0,0.49408416566548224,0.3454412270120593,340.8070037161016,389.08233476635576,True,446.83520312657083,-1.8809912080401259,-0.005626050195995769,787.6422068426724,1.1026506502937556,0.004808128909668863,554.8553179897868,-1.4134932218195497,-0.005372730455916297,943.9376527561426,0.5805440761413353,0.004975215764577545
case_000,2.31,5.172410866684362,14.972959679319654,2.0,0.49408251353873583,0.3454406073701453,340.8060263051247,389.08117021011276,True,446.8347647457211,-1.8809889816368142,-0.005626073917289032,787.6407910508458,1.102651230125793,0.00480807029918956,554.8568328115252,-1.4134923849327015,-0.005372676107233965,943.938003021638,0.5805460244896236,0.0049752355124142444
case_000,2.315,5.172395744792771,14.97294839468211,2.0,0.49408088793596433,0.34543999699205263,340.80506424119454,389.08002404542435,True,446.83433486273333,-1.8809867906335094,-0.005626097267515062,787.6393991039279,1.1026518006021142,0.004808012619903879,554.858327651914,-1.4134915630610168,-0.0053726225257965665,943.9383516973384,0.580547943137663,0.004975255048503158
case_000,2.32,5.172380858359091,14.97293727800771,2.0,0.4940792883696592,0.34543939573778293,340.80411717649906,389.0788958732729,True,446.8339133490789,-1.8809846345418844,-0.005626120245659616,787.638030525578,1.102652362045723,0.004807955862530799,554.8598027752018,-1.4134907559804764,-0.005372569694038265,943.9386986484748,0.5805498326833021,0.004975274380200179
case_000,2.325,5.172366202593214,14.972926326795404,2.0,0.4940777143499372,0.34543880346925937,340.8031847716588,389.0777853019524,True,446.8335000599282,-1.8809825128564888,-0.005626142851474059,787.636684831587,1.10265291476513,0.004807900016974009,554.8612584207164,-1.4134899634467093,-0.005372517595591708,943.9390437226688,0.5805516937080394,0.004975293513612977
case_000,2.33,5.172351772795063,14.972915538581578,2.0,0.4940761653862936,0.34543822005033137,340.80226669639893,389.0766919479952,True,446.83309483605336,-1.880980425056822,-0.005626165085457213,787.6353615324523,1.1026534590537225,0.004807845072376082,554.8626948054266,-1.4134891851974132,-0.00537246621524351,943.9393867534218,0.5805535267764881,0.004975312453682046
case_000,2.335,5.172337564363528,14.972904910939482,2.0,0.4940746409892646,0.3454376453467779,340.80136263015316,389.0756154370033,True,446.832697505696,-1.8809783706094305,-0.0056261869488322125,787.6340601358492,1.1026539951893162,0.004807791017177598,554.8641121264415,-1.4134884209547587,-0.005372415538884845,943.9397275634448,0.5805553324359823,0.00497533120426541
case_000,2.34,5.172323572804121,14.97289444147867,2.0,0.4940731406719925,0.3454370792263088,340.80047226252685,389.07455540432534,True,446.83230788641646,-1.8809763489700098,-0.0056262084435177995,787.6327801489433,1.102654523433852,0.004807737839178594,554.8655105634699,-1.413487670427774,-0.0053723655534567705,943.9400659677952,0.5805571112163187,0.0049753497682255565
case_000,2.345,5.172309793735553,14.972884127844459,2.0,0.4940716639516847,0.34543652155856447,340.7995952936561,389.073511495654,True,446.8319257869264,-1.8809743595855182,-0.005626229572094021,787.6315210805825,1.1026550440332732,0.004807685525603456,554.8668902812012,-1.4134869333146836,-0.005372316246891606,943.9404017768552,0.5805588636296394,0.004975368147519088
case_000,2.35,5.1722962228950395,14.972873967717364,2.0,0.49407021035096205,0.3454359722151138,340.7987314344786,389.0724833674748,True,446.83155100884613,-1.88097240189624,-0.00562625033776476,787.6302824433247,1.1026555572175236,0.004807634063167088,554.8682514316,-1.4134862093051812,-0.005372267608051207,943.9407347990748,0.580560590170426,0.004975386343286148
case_000,2.355,5.172282856142504,14.972863958812574,2.0,0.4940687793990905,0.3454354310694499,340.7978804069024,389.071470687446,True,446.8311833484037,-1.880970475337812,-0.005626270744316764,787.6290637553061,1.1026560632006956,0.004807583438142027,554.8695941560835,-1.4134854980826197,-0.005372219626663288,943.9410648435295,0.5805622913156196,0.00497540435594046
case_000,2.36,5.172269689463708,14.972854098879425,2.0,0.4940673706330953,0.34543489799698396,340.7970419438759,389.070473134644,True,446.83082259807134,-1.8809685793431894,-0.0056262907960753505,787.6278645419472,1.1026565621812898,0.0048075336364259424,554.8709185876088,-1.4134847993261126,-0.005372172293255373,943.9413917222528,0.5805639675248394,0.004975422185258316
case_000,2.365,5.172256718972334,14.972844385700865,2.0,0.49406598359875414,0.3454343728750375,340.79621578938276,389.06949039972255,True,446.8304685481061,-1.8809667133445338,-0.005626310497858555,787.6266843374889,1.1026570543425926,0.004807484643608584,554.8722248526175,-1.4134841127125228,-0.005372125599088562,943.94171525234,0.5805656192406978,0.004975439830465667
case_000,2.37,5.172243940911052,14.97283481709295,2.0,0.4940646178514703,0.3454338555828316,340.79540169835843,389.0685221849858,True,446.83012098799475,-1.8809648767750007,-0.005626329854930001,787.6255226863532,1.1026575398531366,0.004807436445037505,554.8735130728443,-1.4134834379183296,-0.005372079536091201,943.9420352578301,0.5805672468891986,0.004975457290322893
case_000,2.375,5.172231351651736,14.972825390904333,2.0,0.4940632729570262,0.34543334600147535,340.79459943653353,389.06756820437283,True,446.82977970781155,-1.880963069070442,-0.005626348872950271,787.6243791443451,1.1026580188672646,0.004807389025882569,554.8747833670053,-1.4134827746213814,-0.005372034096792377,943.9423515713781,0.580568850880216,0.004975474563207127
case_000,2.38,5.172218947694768,14.97281610501577,2.0,0.49406194849221946,0.3454328440139516,340.79380878019924,389.06662818334587,True,446.82944449947195,-1.880961289671002,-0.005626367557928058,787.6232532796712,1.1026584915257491,0.0048073423711977314,554.8760358523327,-1.4134821225025045,-0.005371989274256861,943.9426640356786,0.5805704316080315,0.004975491647190244
case_000,2.3850000000000002,5.172206725667624,14.972806957339623,2.0,0.49406064404538397,0.345432349505101,340.793029515952,389.0657018587384,True,446.8291151578654,-1.8809595380225765,-0.005626385916171928,787.6221446738174,1.1026589579564985,0.00480729646598127,554.877270645969,-1.413481481246985,-0.005371945062021377,943.9429725047074,0.580571989451939,0.0049755085401140264
case_000,2.39,5.172194682322661,14.97279794581938,2.0,0.4940593592168001,0.34543186236160456,340.79226144033737,389.06478897850775,True,446.82879148189784,-1.8809578135781817,-0.005626403954241854,787.6210529222352,1.1026594182752814,0.004807251295231851,554.8784878662116,-1.4134808505458984,-0.005371901454032935,943.9432768447193,0.5805735247768807,0.004975525239659995
case_000,2.395,5.172182814534342,14.972789068429183,2.0,0.49405809361899816,0.34543138247196403,340.7915043594912,389.0638893014474,True,446.8284732754083,-1.88095611579917,-0.005626421678902482,787.6199776348996,1.1026598725865184,0.004807206844002376,554.8796876336176,-1.4134802300973082,-0.005371858444589428,943.9435769350649,0.580575037934136,0.0049755417434154126
case_000,2.4,5.172171119295849,14.972780323173357,2.0,0.49405684687696083,0.34543090972648116,340.79075808872386,389.0630025968427,True,446.8281603479864,-1.8809544441563437,-0.005626439097077163,787.6189184367103,1.1026603209840953,0.004807163097449996,554.8808700719612,-1.4134796196073165,-0.005371816028283016,943.9438726688039,0.5805765292620304,0.00497555804893407
case_000,2.4050000000000002,5.172159593715214,14.972771708085942,2.0,0.49405561862822883,0.34543044401723516,340.79002245207977,389.06212864407667,True,446.82785251567174,-1.8809527981309202,-0.005626456215804043,787.6178749677515,1.1026607635521932,0.004807120040882351,554.882035309057,-1.413479018790976,-0.005371774199946333,943.9441639531336,0.5805779990866663,0.004975574153792184
case_000,2.41,5.172148235011022,14.97276322123026,2.0,0.4940544085229186,0.3454299852380591,340.7892972818617,389.06126723221826,True,446.8275496015579,-1.8809511772153906,-0.005626473042193714,787.6168468834196,1.1026612003661298,0.004807077659799985,554.8831834774343,-1.4134784273730603,-0.005371732954602304,943.9444507096525,0.5805794477226722,0.004975590055639356
case_000,2.415,5.172137040507765,14.972754860698451,2.0,0.4940532162236548,0.34542953328451464,340.7885824181527,389.0604181595388,True,446.82725143628033,-1.8809495809142371,-0.00562648958338946,787.615833854433,1.1026616314932098,0.004807035939935034,554.8843147149073,-1.41347784508871,-0.0053716922874166295,943.9447328744461,0.5805808754739503,0.004975605752243983
case_000,2.42,5.172126007630851,14.972746624611045,2.0,0.49405204140542724,0.3454290880538664,340.7878777083124,389.0595812330556,True,446.82695785840485,-1.880948008744529,-0.00562650584652985,787.6148355667173,1.1026620569935597,0.0048069948672853635,554.8854291649774,-1.4134772716839297,-0.0053716521936550965,943.945010398033,0.5805822826344235,0.004975621241533612
case_000,2.4250000000000003,5.172115133901506,14.972738511116532,2.0,0.4940508837553791,0.3454286494450546,340.7871830064808,389.05875626801287,True,446.82666871473197,-1.8809464602364097,-0.005626521838713483,787.6138517212128,1.1026624769209674,0.004806954428145771,554.8865269771673,-1.4134767069159844,-0.005371612668643,943.9452832451801,0.5805836694887858,0.004975636521630633
case_000,2.43,5.172104416931382,14.972730518390932,2.0,0.4940497429725301,0.34542821735866736,340.78649817304927,389.0579430873803,True,446.8263838604979,-1.8809449349334648,-0.005626537566966794,787.6128820335472,1.102662891323679,0.004806914609133628,554.8876083071984,-1.4134761505536535,-0.005371573707729782,943.9455513945787,0.5805850363132257,0.004975651590882202
case_000,2.435,5.172093854417085,14.97272264463739,2.0,0.49404861876744705,0.3454277916969122,340.7858230741716,389.0571415213218,True,446.8261031594832,-1.880943432392961,-0.005626553038214965,787.6119262336548,1.1026633002451844,0.004806875397211641,554.8886733170859,-1.4134756023773876,-0.0053715353062566695,943.9458148384077,0.5805863833761324,0.004975666447885385
case_000,2.44,5.172083444134781,14.97271488808575,2.0,0.4940475108618636,0.3454273723635871,340.7851575812523,389.0563514066796,True,446.8258264840666,-1.8809419521860191,-0.005626568259254616,787.6109840653189,1.1026637037249802,0.00480683677970678,554.8897221751487,-1.4134750621793595,-0.0053714974595276965,943.9460735818283,0.5805877109387964,0.0049756810915084215
case_000,2.445,5.172073183934598,14.972707246992176,2.0,0.4940464189882595,0.34542695926405087,340.78450157046444,389.055572586445,True,446.82555371517293,-1.880940493897652,-0.005626583236730598,787.6100552856374,1.102664101799284,0.0048067987443248805,554.8907550559024,-1.4134745297634135,-0.005371460162785391,943.9463276423475,0.5805890192560588,0.004975695520905987
case_000,2.45,5.17206307173521,14.972699719638735,2.0,0.49404534288940494,0.3454265523051933,340.78385492226295,389.05480490925265,True,446.82528474217366,-1.8809390571267308,-0.0056265979771148444,787.6091396644366,1.1026644945017101,0.0048067612791617975,554.8917721398894,-1.413474004944925,-0.005371423411189513,943.9465770491421,0.5805903085769457,0.004975709735531131
case_000,2.455,5.172053105518477,14.97269230433302,2.0,0.4940442823178763,0.34542615139540567,340.7832175209313,389.05404822886806,True,446.82501946271566,-1.8809376414858625,-0.005626612486688443,787.608236983647,1.102664881863917,0.004806724372711402,554.8927736134428,-1.4134734875505854,-0.005371387199799127,943.9468218423109,0.5805915791452665,0.0049757237351428785
case_000,2.46,5.172043283324213,14.972684999407768,2.0,0.4940432370355498,0.3454257564445503,340.78258925414156,389.05330240370915,True,446.8247577825014,-1.8809362466011923,-0.0056266267715262,787.607347036643,1.102665263916206,0.004806688013870353,554.8937596683733,-1.4134729774181078,-0.0053713515235584985,943.9470620720824,0.5805928312001774,0.0049757375198100084
case_000,2.465,5.1720336032450716,14.972677803220474,2.0,0.4940422068130794,0.34542536736393104,340.78197001252727,389.0525672963579,True,446.82449961500663,-1.8809348721121282,-0.005626640837484431,787.6064696275339,1.1026656406880575,0.004806652191938987,554.8947305016109,-1.4134724743958735,-0.00537131637728594,943.9472977979688,0.5805940649766999,0.004975751089910829
case_000,2.47,5.172024063421718,14.972670714153034,2.0,0.4940411914293645,0.3454249840662631,340.78135968929723,389.05184277312753,True,446.8242448811749,-1.8809335176710187,-0.005626654690190636,787.6056045704721,1.1026660122086516,0.004806616896620708,554.895686314798,-1.4134719783425187,-0.005371281755665702,943.9475290879255,0.5805952807062142,0.004975764446130682
case_000,2.475,5.1720146620380865,14.972663730611377,2.0,0.49404019067101224,0.3454246064656441,340.78075817985666,389.05112870361086,True,446.8239935090529,-1.8809321829427552,-0.0056266683350365,787.6047516889096,1.1026663785073065,0.004806582118017377,554.8966273138376,-1.4134714891264728,-0.005371247653243094,943.9477560174485,0.5805964786168962,0.004975777589454999
case_000,2.48,5.172005397317031,14.972656851025098,2.0,0.49403920433179993,0.34542423447752446,340.780165381472,389.0504249602941,True,446.8237454334146,-1.8809308676043484,-0.005626681777172626,787.6039108148866,1.1026667396139012,0.004806547846623543,554.8975537084234,-1.4134710066254612,-0.005371214064421648,943.9479786687175,0.5805976589341328,0.004975790521161372
case_000,2.485,5.1719962675161115,14.972650073847122,2.0,0.49403823221214244,0.3454238680186789,340.77958119294544,389.0497314181607,True,446.82350059535224,-1.8809295713444518,-0.005626695021505701,787.6030817882977,1.1026670955592273,0.004806514073317669,554.8984657115379,-1.413470530725972,-0.005371180983463231,943.9481971296987,0.5805988218808809,0.004975803242807886
case_000,2.49,5.171987270923674,14.972643397553346,2.0,0.4940372741185675,0.34542350700717844,340.77900551432924,389.0490479543498,True,446.8232589418403,-1.8809282938628482,-0.005626708072698217,787.6022644561696,1.102667446375294,0.0048064807893515304,554.8993635389278,-1.4134700613226945,-0.005371148404490489,943.9484114932776,0.5805999676779953,0.004975815756220026
case_000,2.495,5.171978405855281,14.972636820642306,2.0,0.4940363298632044,0.3454231513623624,340.7784382466675,389.0483744478239,True,446.8230204253034,-1.8809270348699243,-0.00562672093516936,787.6014586719709,1.1026677920956105,0.004806447986338613,554.90024740858,-1.413469598317946,-0.00537111632149101,943.9486218564039,0.5806010965445142,0.004975828063475574
case_000,2.5,5.17196967065034,14.972630341634833,2.0,0.49403539926328777,0.34542280100481176,340.77787929175673,389.0477107790748,True,446.82278500315937,-1.8809257940861133,-0.005626733613098345,787.6006642949161,1.10266813275539,0.004806415656240071,554.9011175401909,-1.413469141621082,-0.0053710847283234275,943.9488283192657,0.5806022086979088,0.004975840166888235
case_000,2.505,5.171961063669108,14.972623959073735,2.0,0.49403448214068046,0.3454224558563226,340.77732855194284,389.0470568298499,True,446.82255263737005,-1.8809245712413296,-0.0056267461104289596,787.5998811893129,1.1026684683917372,0.004806383791350233,554.901974154635,-1.4134686911479049,-0.005371053618725197,943.9490309844849,0.5806033043542923,0.004975852068989706
case_000,2.5100000000000002,5.1719525832899205,14.97261767152346,2.0,0.49403357832141787,0.3454221158398805,340.77678592994414,389.04641248291966,True,446.8223232939864,-1.8809233660743947,-0.0056267584308757335,787.5991092239306,1.1026687990437847,0.004806352384280843,554.9028174734389,-1.4134682468200692,-0.005371022986321805,943.9492299563585,0.5806043837285981,0.004975863772511191
case_000,2.515,5.171944227906781,14.972611477569787,2.0,0.49403268763527564,0.3454217808796359,340.77625132869684,389.04577762185795,True,446.8220969426983,-1.8809221783324581,-0.005626770577931428,787.5983482713951,1.1026691247527844,0.004806321427944404,554.9036477182723,-1.4134678085644956,-0.005370992824636989,943.9494253401302,0.5806054470347186,0.004975875280363862
case_000,2.52,5.171935995927142,14.972605375819507,2.0,0.4940318099153627,0.34542145090087983,340.775724651229,389.04515213086495,True,446.8218735563912,-1.8809210077704217,-0.005626782554875753,787.5975982076202,1.1026694455621695,0.004806290915536915,554.9044651104434,-1.4134673763127903,-0.0053709631271043334,943.9496172413084,0.5806064944856137,0.0049758865956189835
case_000,2.525,5.171927885770116,14.972599364900105,2.0,0.49403094499774064,0.3454211258300207,340.77520580055216,389.04453589459774,True,446.8216531107282,-1.8809198541503789,-0.005626794364784415,787.5968589112804,1.1026697615175816,0.004806260840520493,554.905269870435,-1.4134669500006907,-0.0053709338870789325,943.9498057650327,0.5806075262933942,0.004975897721487932
case_000,2.5300000000000002,5.171919895864822,14.972593443459472,2.0,0.49403009272107123,0.34542080559456195,340.77469467959395,389.043928798052,True,446.82143558372843,-1.880918717241055,-0.00562680601053972,787.5961302633224,1.1026700726668706,0.004806231196605837,554.9060622174388,-1.4134665295675135,-0.005370905097850431,943.9499910154908,0.5806085426693693,0.004975908661302153
case_000,2.535,5.171912024649041,14.97258761016559,2.0,0.49402925292629163,0.34542049012307996,340.77419119112886,389.0433307264491,True,446.82122095536766,-1.8809175968172656,-0.005626817494841674,787.5954121464965,1.1026703790600487,0.004806201977733848,554.906842368927,-1.4134661149556378,-0.005370876752656184,943.950173095376,0.5806095438240741,0.004975919418493069
case_000,2.54,5.171904270568181,14.972581863706248,2.0,0.4940284254563195,0.34542017934520364,340.77369523774865,389.0427415651517,True,446.8210092072099,-1.8809164926593982,-0.005626828820219032,787.5947044449586,1.1026706807492401,0.0048061731780585926,554.9076105402573,-1.413465706110009,-0.005370848844694354,943.950352105409,0.5806105299672715,0.004975929996572703
case_000,2.545,5.171896632074354,14.972576202788737,2.0,0.4940276101557858,0.3454198731915941,340.7732067218378,389.04216119960154,True,446.8208003220416,-1.8809154045529082,-0.00562683998904151,787.5940070438794,1.1026709777885877,0.004806144791929257,554.9083669442881,-1.413465302977666,-0.005370821367137901,943.9505281438896,0.580611501307928,0.004975940399114143
case_000,2.5500000000000003,5.171889107625852,14.97257062613957,2.0,0.4940268068707972,0.3454195715939258,340.7727255455795,389.04158951528234,True,446.8205942835494,-1.8809143322878472,-0.005626851003531386,787.5933198291289,1.10267127023416,0.004806116813873773,554.9091117910585,-1.4134649055073087,-0.005370794313147242,943.9507013063409,0.5806124580541848,0.004975950629733938
case_000,2.555,5.171881695686636,14.9725651325042,2.0,0.49402601544872593,0.34541927448486737,340.77225161096186,389.04102639769474,True,446.8203910760008,-1.8809132756584086,-0.0056268618657759895,787.5926426869627,1.1026715581438133,0.004806089238581557,554.9098452874568,-1.413464513648883,-0.005370767675884347,943.9508716851516,0.5806134004132928,0.004975960692073567
case_000,2.56,5.171874394726183,14.972559720646748,2.0,0.4940252357380283,0.3454189817980646,340.77178481981525,389.0404717323603,True,446.8201906839721,-1.8809122344625084,-0.005626872577739361,787.5919755037874,1.1026718415770707,0.00480606206088835,554.9105676369578,-1.4134641273532056,-0.005370741448525118,943.9510393693181,0.5806143285915514,0.004975970589783385
case_000,2.565,5.171867203219393,14.972554389349703,2.0,0.49402446758808927,0.34541869346812304,340.77132507384977,389.03992540482443,True,446.81999309207504,-1.8809112085013886,-0.005626883141274797,787.5913181659248,1.1026721205949557,0.004806035275760234,554.9112790393727,-1.4134637465716233,-0.005370715624272271,943.9512044441972,0.5806152427942189,0.0049759803265062574
case_000,2.57,5.171860119646749,14.972549137413683,2.0,0.49402371084909236,0.34541840943059193,340.7708722747054,389.0393873006893,True,446.81979828474107,-1.8809101975792566,-0.0056268935581358925,787.5906705594465,1.1026723952598458,0.004806008878279755,554.9119796906471,-1.413463371255701,-0.005370690196367045,943.9513669913364,0.5806161432254295,0.004975989905863343
case_000,2.575,5.171853142494542,14.972543963657145,2.0,0.49402296537191587,0.3454181296219484,340.77042632401975,389.0388573056515,True,446.81960624600157,-1.8809092015029478,-0.005626903829988539,787.5900325700213,1.1026726656352934,0.00480598286363193,554.9126697826782,-1.4134630013569476,-0.005370665158100807,943.9515270883297,0.5806170300880885,0.004975999331440162
case_000,2.58,5.171846270255238,14.972538866916132,2.0,0.4940222310080503,0.3454178539795829,340.76998712349524,389.0383353055553,True,446.8194169593107,-1.8809082200816265,-0.005626913958421742,787.5894040828059,1.1026729317858606,0.004805957227091595,554.9133495031606,-1.4134626368265666,-0.005370640502826152,943.9516848087159,0.5806179035837634,0.004976008606773885
case_000,2.585,5.17183950142801,14.972533846044014,2.0,0.49402150760953917,0.34541758244178444,340.76955457497365,389.03782118644483,True,446.81923040738934,-1.8809072531265099,-0.005626923944958284,787.588784982363,1.1026731937769338,0.004805931964011467,554.9140190354889,-1.4134622776152526,-0.005370616223966396,943.9518402219337,0.5806187639125785,0.004976017735342397
case_000,2.59,5.171832834519299,14.972528899911223,2.0,0.4940207950289395,0.34541731494772715,340.769128580518,389.0373148346499,True,446.8190465720985,-1.8809063004506306,-0.005626933791064548,787.5881751526165,1.102673451674555,0.0048059070698114326,554.9146785586576,-1.4134619236730055,-0.0053705923150253465,943.9519933933075,0.5806196112731049,0.004976026720554139
case_000,2.595,5.171826268043488,14.972524027405019,2.0,0.49402009311930106,0.34541705143745705,340.7687090425037,389.03681613684034,True,446.81886543432563,-1.8809053618686264,-0.005626943498160286,787.5875744768293,1.1026737055452442,0.004805882539968609,554.9153282472137,-1.4134615749489883,-0.005370568769595574,943.952144384054,0.5806204458622384,0.004976035565738834
case_000,2.6,5.171819800523596,14.972519227429219,2.0,0.4940194017341634,0.3454167918518794,340.76829586369263,389.036324980117,True,446.81868697389916,-1.8809044371965464,-0.00562695306762756,787.5869828375918,1.1026739554558127,0.004805858370007854,554.9159682712244,-1.4134612313914046,-0.005370545581366182,943.9522932513414,0.5806212678750926,0.004976044274140001
case_000,2.605,5.171813430492084,14.972514498903966,2.0,0.49401872072756803,0.34541653613274625,340.7678889473381,389.0358412520991,True,446.8185111695305,-1.8809035262517082,-0.0056269625008187885,787.5864001168686,1.1026742014732083,0.004805834555494548,554.9165987962728,-1.4134608929474097,-0.0053705227441296355,943.9524400483718,0.580622077504888,0.004976052848908397
case_000,2.61,5.171807156491632,14.97250984076549,2.0,0.49401804995408377,0.34541628422264514,340.767488197262,389.03536484099993,True,446.8183379987632,-1.8809026288525577,-0.005626971799064739,787.5858261960252,1.1026744436643368,0.004805811092026768,554.9172199834779,-1.4134605595630456,-0.005370500251787813,943.9525848244779,0.5806228749428408,0.004976061293096301
case_000,2.615,5.1718009770760185,14.972505251965858,2.0,0.4940173892688463,0.34541603606498733,340.767093517942,389.0348956357227,True,446.8181674379661,-1.8809017448185832,-0.00562698096368075,787.5852609559081,1.102674682095915,0.004805787975229792,554.9178319895453,-1.4134602311832067,-0.0053704780983568345,943.952727625268,0.5806236603780641,0.004976069609653688
case_000,2.62,5.171794890810854,14.972500731472747,2.0,0.49401673852760586,0.3454157916039971,340.76670481461366,389.03443352594365,True,446.8179994622994,-1.8809008739702113,-0.005626989995974163,787.584704276913,1.1026749168343093,0.004805765200750323,554.9184349668113,-1.413459907751615,-0.005370456277972002,943.952868492755,0.5806244339974633,0.0049760778014241724
case_000,2.625,5.1717888962745135,14.97249627826922,2.0,0.4940160975867863,0.345415550784701,340.7663219933282,389.0339784022017,True,446.8178340457526,-1.8809000161287748,-0.005626998897248825,787.5841560390808,1.102675147945395,0.004805742764252274,554.9190290633424,-1.4134595892108357,-0.005370434784890632,943.953007465544,0.5806251959856508,0.00497608587114351
case_000,2.63,5.171782992058902,14.972491891353474,2.0,0.4940154663035502,0.3454153135529176,340.76594496105616,389.03353015598213,True,446.8176711611549,-1.8808991711164622,-0.00562700766881058,787.5836161222111,1.102675375494429,0.004805720661413493,554.9196144230191,-1.4134592755022943,-0.005370413613495162,943.9531445790012,0.5806259465248553,0.004976093821437766
case_000,2.6350000000000002,5.171777176770289,14.972487569738645,2.0,0.49401484453587075,0.3454150798552473,340.7655736257515,389.0330886798025,True,446.81751078021955,-1.8808983387563047,-0.005627016311971378,787.583084405971,1.102675599545921,0.00480569888792276,554.9201911856552,-1.4134589665663264,-0.005370392758294873,943.9532798654577,0.5806266857948496,0.004976101654823317
case_000,2.64,5.171771449030031,14.97248331245256,2.0,0.4940142321426075,0.34541484963906244,340.7652078964236,389.0326538672748,True,446.81735287358856,-1.8808975188721777,-0.005627024828053051,787.5825607700122,1.1026758201635174,0.004805677439477629,554.920759487119,-1.413458662342233,-0.00537037221392711,943.9534133543938,0.5806274139728721,0.0049761093737066275
case_000,2.645,5.171765807475338,14.972479118537537,2.0,0.49401362898358636,0.34541462285249835,340.7648476832079,389.03222561320615,True,446.8171974108998,-1.8808967112888144,-0.005627033218390143,787.5820450941077,1.1026760374099043,0.004805656311783424,554.9213194594623,-1.4134583627683486,-0.00537035197515795,943.9535450726685,0.5806281312335718,0.0049761169803860805
case_000,2.65,5.171760250759962,14.972474987050159,2.0,0.4940130349196805,0.3454143994444429,340.76449289742504,389.0318038136503,True,446.8170443608557,-1.8808959158318408,-0.005627041484332296,787.5815372582807,1.1026762513467152,0.004805635500552463,554.9218712310717,-1.4134580677821318,-0.005370332036881753,943.953675044722,0.5806288377489545,0.004976124477053534
case_000,2.6550000000000002,5.171754777554807,14.972470917061067,2.0,0.4940124498128935,0.34541417936452823,340.764143451634,389.03138836597805,True,446.8168936912965,-1.8808951323278111,-0.0056270496272463055,787.5810371429305,1.1026764620344447,0.004805615001503727,554.9224149268091,-1.4134577773202546,-0.005370312394120724,943.9538032927871,0.5806295336883333,0.004976131865796707
case_000,2.66,5.1717493865485515,14.972466907654747,2.0,0.49401187352644044,0.34541396256312096,340.7637992596871,389.03097916893523,True,446.8167453692892,-1.8808943606042663,-0.005627057648517175,787.5805446289763,1.1026766695323857,0.004805594810363689,554.9229506681746,-1.4134574913187052,-0.0053702930420233,943.9539298371099,0.5806302192182935,0.004976139148602399
case_000,2.665,5.171744076448135,14.972462957929329,2.0,0.4940113059248296,0.34541374899131366,340.763460236769,389.03057612269845,True,446.8165993612082,-1.8808936004897914,-0.005627065549549226,787.5800595979772,1.1026768738985633,0.004805574922866762,554.9234785734587,-1.4134572097128986,-0.005370273975862538,943.9540546961572,0.5806308945026691,0.0049761463273599316
case_000,2.67,5.171738845979287,14.972459066996375,2.0,0.4940107468739405,0.3454135386009157,340.76312629943345,389.0301791289255,True,446.8164556328421,-1.8808928518140884,-0.0056270733317658195,787.5795819322756,1.1026770751896928,0.004805555334757183,554.9239987579068,-1.413456932437785,-0.005370255191033624,943.9541778868323,0.5806315597025189,0.004976153403865258
case_000,2.6750000000000003,5.171733693886868,14.972455233980684,2.0,0.4940101962410998,0.34541333134444463,340.76279736563913,389.02978809078775,True,446.81631414946787,-1.8808921144080455,-0.005627080996610079,787.579111515107,1.102677273461136,0.004805536041790126,554.9245113338778,-1.4134566594279725,-0.00537023668305131,943.9542994246656,0.5806322149761151,0.0049761603798249565
case_000,2.68,5.171728618935286,14.972451458020098,2.0,0.4940096538951538,0.3454131271751173,340.7624733547716,389.0294029130155,True,446.8161748759643,-1.8808913881038212,-0.005627088545543668,787.5786482307359,1.1026774687668774,0.004805517039734253,554.925016411007,-1.4134563906178397,-0.005370218447546704,943.9544193240225,0.5806328604789452,0.004976167256861175
case_000,2.685,5.171723619908689,14.972447738265299,2.0,0.4940091197065353,0.3454129260468412,340.76215418766117,389.02902350192073,True,446.8160377768918,-1.8808906727349166,-0.00562709598004657,787.578191964553,1.1026776611594975,0.004805498324373381,554.9255140963571,-1.4134561259416563,-0.005370200480264153,943.9545375982779,0.580633496363707,0.004976174036516012
case_000,2.69,5.1717186956112755,14.972444073879625,2.0,0.49400859354732723,0.3454127279142062,340.76183978660134,389.02864976542276,True,446.8159028166015,-1.8808899681362705,-0.005627103301615366,787.5777426032029,1.1026778506901729,0.004805479891509645,554.9260044945826,-1.4134558653337015,-0.005370182777057253,943.9546542600053,0.5806341227803289,0.004976180720256851
case_000,2.695,5.171713844867412,14.972440464038876,2.0,0.49400807529132057,0.3454125327324754,340.76153007535186,389.0282816130658,True,446.8157699593204,-1.8808892741443355,-0.005627110511762123,787.5773000346722,1.1026780374086693,0.0048054617369657215,554.9264877080788,-1.4134556087283812,-0.0053701653338850686,943.9547693211446,0.5806347398759859,0.004976187309481406
case_000,2.7,5.171709066521721,14.972436907931131,2.0,0.49400756481406594,0.34541234045757707,340.7612249791428,389.027918956029,True,446.8156391692416,-1.8808885905971564,-0.005627117612012733,787.5768641483844,1.1026782213633455,0.004805443856587599,554.9269638371239,-1.413455356060336,-0.005370148146808251,943.9548827931529,0.5806353477951227,0.004976193805522666
case_000,2.705,5.1717043594391185,14.972433404756558,2.0,0.49400706199291994,0.3454121510460957,340.76092442467444,389.02756170713565,True,446.81551041061306,-1.8808879173344586,-0.0056271246039050205,787.5764348352875,1.102678402601173,0.004805426246247579,554.927432980019,-1.4134551072645534,-0.005370131211984874,943.9549946871547,0.5806359466794851,0.004976200209654114
case_000,2.71,5.171699722504846,14.972429953727243,2.0,0.4940065667070859,0.3454119644552638,340.7606283401047,389.0272097808405,True,446.8153836478269,-1.880887254197726,-0.00562713148898647,787.5760119879316,1.1026785811677502,0.0048054089018471635,554.9278952332367,-1.413454862276475,-0.005370114525665715,943.9551050140772,0.5806365366681578,0.004976206523094939
case_000,2.715,5.1716951546243255,14.972426554067008,2.0,0.4940060788376479,0.3454117806429533,340.7603366550408,389.026863093241,True,446.8152588454869,-1.8808866010302647,-0.005627138268812559,787.5755955005277,1.1026787571073329,0.00480539181931966,554.9283506915274,-1.4134546210320873,-0.005370098084190644,943.9552137847684,0.5806371178976021,0.004976212747014819
case_000,2.72,5.171690654723079,14.97242320501123,2.0,0.49400559826759866,0.345411599567667,340.76004930052113,389.02652156206034,True,446.8151359684946,-1.8808859576772898,-0.00562714494494404,787.5751852690157,1.1026789304628608,0.0048053749946332935,554.9287994480534,-1.413454383468021,-0.005370081883983857,943.9553210101137,0.5806376905017056,0.004976218882539074
case_000,2.725,5.171686221746557,14.972419905806674,2.0,0.4940051248818608,0.34541142118853,340.7597662090007,389.02618510663615,True,446.8150149821102,-1.8808853239859724,-0.005627151518944995,787.5747811911109,1.1026791012760002,0.004805358423793926,554.9292415944947,-1.4134541495216328,-0.005370065921549816,943.9554267011308,0.5806382546118294,0.004976224930753281
case_000,2.73,5.171681854659922,14.972416655711324,2.0,0.494004658567304,0.3454112454652817,340.7594873143223,389.0258536478891,True,446.81489585202326,-1.8808846998055162,-0.005627157992380172,787.5743831663456,1.1026792695871808,0.0048053421028477206,554.9296772211648,-1.41345391913109,-0.005370050193468645,943.9555308690539,0.58063881035686,0.0049762308927078225
case_000,2.735,5.171677552447767,14.97241345399421,2.0,0.4940041992127531,0.3454110723582666,340.7592125516913,389.0255271083164,True,446.81477854440544,-1.8808840849872024,-0.005627164366812931,787.5739910960967,1.102679435435637,0.004805326027883583,554.9301064170908,-1.4134536922354368,-0.005370034696392523,943.9556335254072,0.5806393578632641,0.00497623676942216
case_000,2.74,5.171673314113866,14.972410299935248,2.0,0.49400374670899366,0.34541090182842654,340.7589418576463,389.0252054119659,True,446.81466302596743,-1.8808834793844407,-0.0056271706438026925,787.5736048836137,1.1026795988594569,0.004805310195035661,554.9305292701121,-1.4134534687746605,-0.005370019427041295,943.955734682078,0.580639897255153,0.0049762425618893324
case_000,2.745,5.1716691386808336,14.972407192825072,2.0,0.4940033009487692,0.345410733837292,340.75867517003127,389.024888484387,True,446.8145492640053,-1.8808828828528132,-0.005627176824902658,787.5732244340365,1.1026797598956353,0.004805294600485788,554.930945866967,-1.4134532486897546,-0.005370004382198368,943.955834351354,0.5806404286543332,0.004976248271079398
case_000,2.75,5.171665025189723,14.972404131964884,2.0,0.49400286182677544,0.34541056834697337,340.75841242795764,389.02457625262934,True,446.81443722643485,-1.8808822952501065,-0.005627182911657869,787.5728496543925,1.1026799185801122,0.004805279240465088,554.931356293342,-1.413453031922756,-0.005369989558707711,943.9559325459713,0.5806409521803728,0.004976253897943206
case_000,2.755,5.171660972699755,14.972401116666278,2.0,0.4940024292396477,0.34541040532015344,340.75815357177527,389.0242686451769,True,446.8143268818391,-1.8808817164363445,-0.005627188905602543,787.5724804536144,1.1026800749478403,0.004805264111256591,554.9317606339695,-1.4134528184168031,-0.0053699749534691366,943.9560292791464,0.5806414679506634,0.004976259443415898
case_000,2.7600000000000002,5.171656980287775,14.972398146251107,2.0,0.4940020030859455,0.3454102447200781,340.7578985430281,389.02396559194494,True,446.8142181994816,-1.880881146273807,-0.005627194808258684,787.5721167425097,1.102680229032821,0.004805249209196005,554.9321589726462,-1.413452608116153,-0.0053699605634361935,943.9561245645912,0.5806419760804795,0.004976264908419681
case_000,2.765,5.171653047047967,14.972395220051311,2.0,0.4940015832661308,0.34541008651054866,340.75764728442573,389.0236670242158,True,446.8141111493471,-1.8808805846270562,-0.005627200621133421,787.5717584337729,1.1026803808681716,0.004805234530674218,554.9325513923193,-1.4134524009662262,-0.005369946385611668,943.9562184165351,0.5806424766830461,0.004976270293867047
case_000,2.77,5.171649172091342,14.972392337408776,2.0,0.4940011696825439,0.34540993065591336,340.75739973980205,389.0233728746082,True,446.814005702146,-1.8808800313629301,-0.0056272063457177834,787.5714054419481,1.1026805304861664,0.004805220072137906,554.932937975105,-1.4134521969136158,-0.00536993241704542,943.9563108497132,0.5806429698695934,0.004976275600662716
case_000,2.775,5.171645354545295,14.972389497675184,2.0,0.4940007622393748,0.34540977712105914,340.75715585407454,389.0230830770489,True,446.8139018293306,-1.8808794863505598,-0.00562721198348487,787.5710576834051,1.1026806779182907,0.004805205830090642,554.9333188023286,-1.413451995906104,-0.005369918654831329,943.9564018793775,0.5806434557494282,0.004976280829706359
case_000,2.7800000000000002,5.171641593553209,14.972386700211866,2.0,0.49400036084263194,0.3454096258714038,340.7569155732095,389.0227975667192,True,446.8137995031156,-1.8808789494613685,-0.005627217535887796,787.5707150763251,1.1026808231953007,0.0048051918010943995,554.9336939545584,-1.4134517978926724,-0.005369905096104577,943.9564915212776,0.5806439344299857,0.004976285981894313
case_000,2.785,5.171637888273928,14.972383944389659,2.0,0.4939999654001078,0.3454094768728872,340.75667884418385,389.0225162800149,True,446.8136986964581,-1.8808784205690516,-0.00562722300435925,787.570377540642,1.1026809663472545,0.004805177981769271,554.9340635116275,-1.413451602823502,-0.005369891738039312,943.9565797916424,0.580644406016894,0.004976291058121196
case_000,2.79,5.171634237881364,14.972381229588763,2.0,0.4939995758213415,0.3454093300919641,340.75644561494767,389.0222391545176,True,446.813599383079,-1.8808778995495743,-0.0056272283903093245,787.5700449980267,1.102681107403578,0.004805164368794856,554.9344275526482,-1.4134514106499665,-0.0053698785778464875,943.9566667071658,0.5806448706140332,0.004976296059281626
case_000,2.795,5.171630641563985,14.972378555198596,2.0,0.49399919201758075,0.3454091854955956,340.7562158343874,389.0219661289416,True,446.8135015374446,-1.8808773862811508,-0.005627233695124967,787.569717371832,1.1026812463931002,0.004805150958909987,554.9347861560227,-1.413451221324627,-0.005369865612772029,943.9567522849643,0.5806453283235852,0.004976300986270887
case_000,2.8000000000000003,5.171627098524397,14.972375920617676,2.0,0.4939988139017402,0.34540904305124137,340.7559894522855,389.02169714310014,True,446.81340513475897,-1.8808768806442158,-0.005627238920168975,787.5693945870445,1.1026813833440927,0.0048051377489127245,554.9351393994558,-1.4134510348012146,-0.005369852840094835,943.956836542556,0.5806457792460933,0.004976305839986206
case_000,2.805,5.171623607978914,14.972373325253455,2.0,0.49399844138835963,0.345408902726852,340.75576641929706,389.02143213786576,True,446.8133101509609,-1.8808763825214103,-0.005627244066778836,787.569076570258,1.1026815182843297,0.004805124735661026,554.9354873599616,-1.4134508510346169,-0.005369840257125114,943.9569194978274,0.5806462234805186,0.004976310621327584
case_000,2.81,5.171620169157063,14.972370768522218,2.0,0.493998074393561,0.3454087644908611,340.75554668689824,389.0211710551324,True,446.81321656269733,-1.8808758917975357,-0.005627249136266499,787.5687632495956,1.1026816512411024,0.004805111916071414,554.9358301138475,-1.4134506699808451,-0.005369827861203547,943.9570011689799,0.5806466611242793,0.004976315331197689
case_000,2.815,5.171616781301211,14.972368249848925,2.0,0.49399771283500443,0.34540862831217795,340.755330207373,389.020913837776,True,446.81312434730813,-1.8808754083595276,-0.005627254129917825,787.5684545546811,1.1026817822412724,0.004805099287119363,554.9361677367269,-1.4134504915970194,-0.005369815649699516,943.9570815745029,0.5806470922733067,0.0049763199705026295
case_000,2.82,5.171613443666133,14.972365768667098,2.0,0.4939973566318438,0.3454084941601796,340.75511693376734,389.02066042962144,True,446.81303348281153,-1.8808749320964167,-0.005627259048991917,787.5681504165789,1.1026819113112991,0.004805086845838413,554.9365003035047,-1.4134503158413343,-0.005369803620010383,943.9571607331261,0.58064751702209,0.0049763245401519
case_000,2.825,5.17161015551861,14.972363324418685,2.0,0.49399700570468236,0.3454083620047038,340.7549068198664,389.0204107754057,True,446.81294394787597,-1.8808744628992884,-0.0056272638947211795,787.5678507677424,1.1026820384772729,0.004805074589319502,554.9368278883704,-1.413450142673028,-0.005369791769560539,943.9572386637761,0.5806479354637174,0.0049763290410582695
case_000,2.83,5.171606916137047,14.972360916553944,2.0,0.49399665997552833,0.3454082318160416,340.7546998201634,389.0201648207451,True,446.81285572179945,-1.8808740006612386,-0.005627268668311036,787.5675555419629,1.1026821637649418,0.0048050625147101345,554.9371505647871,-1.4134499720523466,-0.005369780095800747,943.9573153855322,0.5806483476899186,0.004976333474137562
case_000,2.835,5.171603724811098,14.972358544531307,2.0,0.49399631936775124,0.3454081035649297,340.7544958898371,389.0199225121065,True,446.81276878447983,-1.8808735452773282,-0.005627273370940156,787.5672646743169,1.102682287199736,0.004805050619213436,554.9374684054765,-1.4134498039405103,-0.005369768596207636,943.957390917583,0.5806487537911017,0.00497633784030832
case_000,2.84,5.171600580841305,14.972356207817267,2.0,0.4939959838060384,0.34540797722254407,340.754294984724,389.0196837967735,True,446.81268311638945,-1.8808730966445366,-0.005627278003760505,787.5669781011135,1.1026824088067946,0.004805038900087044,554.9377814824046,-1.4134496382996775,-0.005369757268283315,943.9574652791781,0.5806491538563893,0.004976342140491141
case_000,2.845,5.171597483538773,14.972353905886257,2.0,0.4939956532163527,0.3454078527604925,340.7540970612904,389.0194486228145,True,446.8125986985524,-1.8808726546617156,-0.005627282567897407,787.5666957598428,1.1026825286109816,0.004805027354642,554.9380898667747,-1.4134494750929036,-0.005369746109554818,943.9575384895892,0.5806495479736522,0.004976346375608287
case_000,2.85,5.171594432224864,14.972351638220527,2.0,0.4939953275258909,0.3454077301508078,340.75390207662355,389.0192169390691,True,446.8125155125105,-1.8808722192295395,-0.005627287064450148,787.5664175891341,1.102682646636909,0.004805015980241745,554.9383936290031,-1.413449314284106,-0.005369735117574215,943.9576105680723,0.5806499362295436,0.004976350546583075
case_000,2.855,5.1715914262308305,14.972349404310036,2.0,0.49399500666304375,0.34540760936594117,340.7537099883977,389.0189886951081,True,446.8124335402949,-1.8808717902504533,-0.00562729149449237,787.5661435286926,1.1026827629089435,0.004805004774300348,554.9386928387008,-1.4134491558380184,-0.005369724289918665,943.9576815338089,0.5806503187095187,0.004976354654338544
case_000,2.86,5.171588464897665,14.972347203652328,2.0,0.4939946905573566,0.3454074903787553,340.753520754862,389.01876384122374,True,446.81235276441424,-1.8808713676286335,-0.005627295859071957,787.5658735192762,1.102682877451237,0.004804993734282004,554.938987564676,-1.4134489997201631,-0.005369713624189698,943.9577514058998,0.5806506954978775,0.004976358699797734
case_000,2.865,5.17158554757566,14.972345035752426,2.0,0.4939943791394924,0.34540737316251807,340.75333433482774,389.018542328394,True,446.81227316779496,-1.8808709512699207,-0.005627300159212867,787.5656075026227,1.1026829902877129,0.0048049828576986475,554.939277874896,-1.413448845896801,-0.005369703118014213,943.95782020329,0.5806510666777711,0.004976362683881519
case_000,2.87,5.1715826736243065,14.97234290012272,2.0,0.4939940723411956,0.3454072576908962,340.75315068764337,389.0183241082726,True,446.81219473378485,-1.8808705410817859,-0.005627304395914523,787.5653454214282,1.102683101442095,0.004804972142109398,554.9395638364906,-1.4134486943349,-0.005369692769043921,943.9578879447632,0.5806514323312368,0.00497636660750872
case_000,2.875,5.171579842411999,14.972340796282854,2.0,0.49399377009525763,0.3454071439379487,340.7529697731848,389.0181091331665,True,446.8121174461141,-1.8808701369732794,-0.005627308570152978,787.5650872192989,1.102683210937906,0.004804961585118783,554.93984551573,-1.413448545002098,-0.0053696825749558474,943.9579546488965,0.5806517925392143,0.0049763704715947155
case_000,2.88,5.171577053315797,14.972338723759623,2.0,0.4939934723354842,0.3454070318781209,340.7527915518511,389.0178973560196,True,446.81204128885764,-1.8808697388549693,-0.005627312682882135,787.5648328407087,1.1026833187984713,0.004804951184375239,554.9401229780092,-1.4134483978666599,-0.005369672533452663,943.9580203340288,0.5806521473815632,0.004976374277050499
case_000,2.8850000000000002,5.171574305721302,14.97233668208686,2.0,0.49399317899666506,0.34540692148623836,340.7526159845378,389.01768873039987,True,446.8119662464363,-1.8808693466389184,-0.005627316735033416,787.5645822309741,1.1026834250469288,0.004804940937570112,554.9403962878458,-1.4134482528974521,-0.005369662642262629,943.9580850182457,0.5806524969370843,0.004976378024782124
case_000,2.89,5.171571599022403,14.97233467080534,2.0,0.49399289001454366,0.3454068127375009,340.7524430326377,389.01748321048535,True,446.81189230356875,-1.880868960238619,-0.005627320727517537,787.5643353362065,1.1026835297062214,0.004804930842435717,554.9406655088601,-1.4134481100639025,-0.005369652899140209,943.9581487193454,0.5806528412835332,0.004976381715689482
case_000,2.895,5.171568932621166,14.972332689462672,2.0,0.49399260532579087,0.3454067056074769,340.75227265803295,389.0172807510422,True,446.81181944526196,-1.880868579568956,-0.005627324661224786,787.5640921032949,1.1026836327991087,0.004804920896744502,554.9409307037773,-1.4134479693359714,-0.005369643301866012,943.9582114548195,0.5806531804976327,0.004976385350665524
case_000,2.9,5.17156630592762,14.972330737613193,2.0,0.49399232486797867,0.34540660007209734,340.7521048230788,389.01708130742804,True,446.8117476567822,-1.8808682045461635,-0.005627328537026133,787.563852479861,1.1026837343481537,0.0048049110983071075,554.9411919344044,-1.4134478306841187,-0.005369633848247624,943.9582732418324,0.5806535146550874,0.004976388930595321
case_000,2.9050000000000002,5.171563718359678,14.972328814817882,2.0,0.49399204857955586,0.3454064961076505,340.75193949060497,389.0168848355663,True,446.8116769236425,-1.8808678350877872,-0.005627332355773729,787.5636164142475,1.1026838343757317,0.004804901444971588,554.9414492616429,-1.4134476940792802,-0.005369624536119277,943.9583340972092,0.5806538438305966,0.004976392456355394
case_000,2.91,5.171561169342977,14.97232692064424,2.0,0.4939917763998268,0.3454063936907762,340.7517766239038,389.0166912919559,True,446.81160723157865,-1.8808674711126394,-0.005627336118301962,787.5633838554825,1.1026839329040197,0.004804891934621747,554.9417027454675,-1.4134475594928335,-0.005369615363342739,943.9583940374234,0.580654168097865,0.004976395928812993
case_000,2.915,5.17155865831076,14.972325054666216,2.0,0.49399150826892974,0.34540629279846075,340.75161618672763,389.0165006336425,True,446.8115385665323,-1.8808671125407646,-0.005627339825428235,787.5631547532599,1.1026840299549963,0.004804882565175972,554.9419524449343,-1.4134474268965789,-0.0053696063278072526,943.9584530785768,0.580654487529608,0.004976399348825045
case_000,2.92,5.171556184703783,14.972323216464098,2.0,0.49399124412781814,0.34540619340803136,340.7514581432917,389.01631281822995,True,446.81147091463384,-1.8808667592934014,-0.0056273434779537945,787.5629290579255,1.1026841255504405,0.00480487333458629,554.9421984181744,-1.413447296262713,-0.0053695974274299285,943.9585112364043,0.5806548021975682,0.004976402717237927
case_000,2.9250000000000003,5.171553747970225,14.972321405624411,2.0,0.4939909839182432,0.3454060954971512,340.75130245825505,389.0161278038588,True,446.8114042621954,-1.8808664112929554,-0.005627347076664235,787.5627067204505,1.1026842197119207,0.00480486424083687,554.9424407223996,-1.4134471675638118,-0.005369588660155855,943.9585685262584,0.580655112172518,0.004976406034886527
case_000,2.93,5.17155134756556,14.972319621739853,2.0,0.4939907275827377,0.34540599904381414,340.75114909672965,389.0159455492154,True,446.8113385956845,-1.8808660684629566,-0.005627350622330773,787.5624876924142,1.1026843124607892,0.00480485528194291,554.9426794138942,-1.413447040772804,-0.005369580023958653,943.9586249631096,0.5806554175242684,0.004976409302593798
case_000,2.935,5.171548982952548,14.972317864409169,2.0,0.4939904750646014,0.3454059040263399,340.75099802427604,389.01576601351064,True,446.81127390172554,-1.8808657307280372,-0.00562735411571047,787.5622719260016,1.1026844038181873,0.004804846455950085,554.9429145480369,-1.4134469158629634,-0.005369571516840033,943.9586805615476,0.5806557183216807,0.004976412521170426
case_000,2.94,5.171546653601085,14.972316133237083,2.0,0.49399022630788714,0.3454058104233693,340.75084920689613,389.0155891564924,True,446.81121016708,-1.8808653980139014,-0.005627357557547286,787.5620593739761,1.1026844938050242,0.0048048377609328785,554.9431461792826,-1.4134467928078824,-0.005369563136830735,943.958735335775,0.5806560146326666,0.004976415691414049
case_000,2.945,5.171544358988194,14.972314427834203,2.0,0.4939899812573892,0.3454057182138591,340.75070261103474,389.01541493842933,True,446.81114737864516,-1.8808650702472998,-0.0056273609485724685,787.5618499896799,1.1026845824419853,0.004804829194994198,554.9433743611883,-1.4134466715814675,-0.00536955488198998,943.9587892996176,0.5806563065242,0.004976418814109207
case_000,2.95,5.171542098597931,14.972312747816932,2.0,0.4939897398586318,0.34540562737707764,340.75055820357693,389.0152433201115,True,446.811085523438,-1.8808647473559994,-0.005627364289505554,787.5616437270149,1.102684669749514,0.004804820756264094,554.9435991464105,-1.4134465521579216,-0.005369546750405907,943.958842466522,0.5806565940623212,0.004976421890026839
case_000,2.955,5.1715398719213574,14.972311092807384,2.0,0.4939895020578592,0.3454055378926,340.7504159518518,389.0150742628531,True,446.8110245885965,-1.8808644292687702,-0.0056273675810545876,787.5614405404483,1.102684755747822,0.004804812442899431,554.9438205867222,-1.4134464345117366,-0.005369538740195301,943.9588948495752,0.5806568773121472,0.004976424919924394
case_000,2.96,5.171537678456451,14.972309462433303,2.0,0.49398926780202673,0.3454054497403038,340.7502758236205,389.0149077284806,True,446.81096456137044,-1.8808641159153554,-0.0056273708239169,787.5612403849909,1.1026848404568663,0.004804804253082606,554.9440387330117,-1.4134463186176809,-0.005369530849504034,943.9589464614922,0.580657156337871,0.0049764279045450555
case_000,2.965,5.171535517708068,14.972307856327962,2.0,0.4939890370387918,0.34540536290036433,340.7501377870834,389.0147436793353,True,446.81090542911625,-1.8808638072264563,-0.005627374018779663,787.5610432161997,1.102684923896357,0.00480479618502111,554.9442536353037,-1.4134462044507932,-0.0053695230765066215,943.958997314639,0.580657431202774,0.004976430844618074
case_000,2.97,5.171533389187917,14.97230627413011,2.0,0.4939888097165076,0.3454052773532506,340.7500018108757,389.0145820782726,True,446.8108471792975,-1.8808635031337129,-0.005627377166320224,787.5608489901732,1.1026850060857454,0.004804788236946911,554.9444653427705,-1.4134460919863812,-0.005369515419406223,943.9590474210431,0.5806577019692326,0.00497643374085871
case_000,2.975,5.171531292414494,14.97230471548386,2.0,0.4939885857842147,0.3454051930797207,340.74986786406834,389.0144228886511,True,446.81078979948035,-1.8808632035696888,-0.005627380267206661,787.5606576635487,1.1026850870442275,0.0048047804071158495,554.9446739037453,-1.41344598120001,-0.005369507876434476,943.9590967923964,0.5806579686987199,0.004976436593967959
case_000,2.98,5.171529226913004,14.97230318003863,2.0,0.4939883651916359,0.34540511006081775,340.749735916159,389.0142660743421,True,446.81073327733134,-1.8808629084678532,-0.005627383322098223,787.5604691934903,1.1026851667907278,0.0048047726938068025,554.9448793657243,-1.4134458720674976,-0.0053695004458517714,943.9591454400664,0.5806582314518152,0.004976439404632549
case_000,2.985,5.171527192215386,14.972301667449054,2.0,0.49398814788917,0.3454050282778658,340.749605937085,389.0141115997196,True,446.8106776006173,-1.8808626177625682,-0.005627386331645667,787.5602835377023,1.1026852453439095,0.004804765095321684,554.9450817754054,-1.4134457645649217,-0.005369493125946145,943.959193375125,0.5806584902882168,0.004976442173525608
case_000,2.99,5.171525187860187,14.972300177374915,2.0,0.49398793382788625,0.3454049477124655,340.7494778972054,389.01395942965746,True,446.8106227572079,-1.8808623313890764,-0.005627389296491536,787.5601006544133,1.1026853227221631,0.004804757609984556,554.9452811786756,-1.413445658668606,-0.005369485915034111,943.9592406083331,0.5806587452667354,0.004976444901305832
case_000,2.995,5.171523213392599,14.972298709481048,2.0,0.49398772295951965,0.3454048683464903,340.74935176731327,389.0138095295324,True,446.8105687350746,-1.8808620492834895,-0.005627392217270488,787.5599205023879,1.1026853989436083,0.0048047502361416305,554.9454776206547,-1.4134455543551283,-0.005369478811459327,943.9592871501872,0.5806589964453198,0.00497644758861876
case_000,3.0,5.171521268364324,14.972297263437293,2.0,0.4939875152364659,0.3454047901620826,340.7492275186183,389.0136618652173,True,446.8105155222897,-1.8808617713827742,-0.0056273950946096885,787.559743040908,1.1026854740260845,0.00480474297216027,554.945671145686,-1.413445451601315,-0.005369471813593207,943.9593330109033,0.5806592438810478,0.004976450236095997
case_000,3.005,5.1715193523336,14.97229583891839,2.0,0.49398731061177703,0.3454047131416494,340.7491051227616,389.01351640307917,True,446.81046310703374,-1.8808614976247493,-0.005627397929128808,787.5595682297953,1.1026855479871627,0.004804735816429484,554.9458617973702,-1.413445350384245,-0.005369464919833977,943.9593782004494,0.5806594876301469,0.004976452844356105
case_000,3.0100000000000002,5.171517464865096,14.972294435603935,2.0,0.49398710903915655,0.3454046372678591,340.7489845518016,389.0133731099745,True,446.81041147758987,-1.8808612279480663,-0.005627400721440523,787.5593960293915,1.1026856208441325,0.0048047287673589345,554.946049618573,-1.413445250681247,-0.005369458128606619,943.9594227285476,0.5806597277479931,0.004976455414004433
case_000,3.015,5.171515605529903,14.972293053178282,2.0,0.4939869104729558,0.3454045625236371,340.74886577821405,389.0132319532506,True,446.8103606223548,-1.8808609622922092,-0.00562740347215035,787.5592264005688,1.1026856926140094,0.004804721823379099,554.946234651448,-1.4134451524699057,-0.0053694514383622605,943.9594666046986,0.580659964289129,0.004976457945633894
case_000,3.02,5.17151377390543,14.972291691330495,2.0,0.4939867148681688,0.3454044888921624,340.7487487748877,389.0130929007347,True,446.81031052983434,-1.8808607005974842,-0.005627406181857086,787.559059304722,1.1026857633135276,0.004804714982940661,554.9464169374453,-1.413445055728058,-0.005369444847578064,943.95950983818,0.5806601973072635,0.004976460439824637
case_000,3.025,5.1715119695754055,14.972290349754259,2.0,0.4939865221804287,0.3454044163568641,340.7486335151272,389.012955920743,True,446.81026118865185,-1.8808604428050126,-0.005627408851152704,787.5588947037791,1.102685832959154,0.004804708244514844,554.9465965173362,-1.4134449604337997,-0.005369438354756506,943.9595524380792,0.58066042685529,0.004976462897145151
case_000,3.0300000000000002,5.171510192129763,14.972289028147822,2.0,0.49398633236600276,0.34540434490141725,340.7485199726397,389.0128209820605,True,446.81021258754555,-1.8808601888567196,-0.005627411480622679,787.5587325601853,1.1026859015670711,0.004804701606592521,554.9467734312224,-1.4134448665654853,-0.005369431958425208,943.9595944132828,0.5806606529852876,0.004976465318151824
case_000,3.035,5.171508441164634,14.972287726213926,2.0,0.4939861453817879,0.34540427450973976,340.74840812154065,389.01268805395034,True,446.8101647153787,-1.8808599386953349,-0.005627414070845771,787.5585728369193,1.1026859691531978,0.004804695067684772,554.9469477185618,-1.4134447741017315,-0.0053694256571361065,943.9596357725121,0.5806608757485406,0.004976467703390053
case_000,3.04,5.171506716282233,14.972286443659737,2.0,0.49398596118530635,0.34540420516598863,340.74829793634376,389.0125571061394,True,446.810117561134,-1.8808596922643799,-0.00562741662239441,787.5584154974778,1.1026860357331765,0.004804688626322107,554.9471194181743,-1.4134446830214185,-0.005369419449465396,943.9596765243137,0.5806610951955385,0.0049764700533939665
case_000,3.045,5.171505017090835,14.972285180196778,2.0,0.4939857797347009,0.3454041368545567,340.7481893919591,389.0124281088223,True,446.8100711139244,-1.8808594495081645,-0.005627419135834477,787.5582605058835,1.1026861013223859,0.00480468228105474,554.9472885682641,-1.413444593303694,-0.005369413334012807,943.9597166770864,0.5806613113759945,0.004976472368687257
case_000,3.0500000000000003,5.1715033432046775,14.972283935540872,2.0,0.49398560098872957,0.3454040695600688,340.7480824636865,389.0123010326505,True,446.81002536299354,-1.8808592103717825,-0.005627421611725358,787.55810782668,1.1026861659359375,0.004804676030452315,554.9474552064311,-1.4134445049279718,-0.00536940730940122,943.9597562390816,0.5806615243388503,0.004976474649783291
case_000,3.055,5.17150169424391,14.972282709412065,2.0,0.4939854249067606,0.34540400326737886,340.74797712721613,389.0121758487286,True,446.80998029771547,-1.8808589748011006,-0.005627424050620111,787.5579574249316,1.102686229588685,0.004804669873103795,554.9476193696906,-1.4134444178739398,-0.0053694013742760505,943.9597952184192,0.5806617341322933,0.0049764768971856665
case_000,3.06,5.171500069834501,14.97228150153458,2.0,0.49398525144876726,0.3454039379615664,340.7478733586117,389.012052528608,True,446.8099359076005,-1.880858742742758,-0.005627426453065354,787.5578092662122,1.102686292295218,0.004804663807617127,554.94778109448,-1.4134443321215546,-0.0053693955273050875,943.959833623088,0.5806619408037568,0.004976479111388266
case_000,3.065,5.171498469608203,14.972280311636737,2.0,0.4939850805753221,0.3454038736279329,340.74777113432265,389.01193104428967,True,446.8098921822975,-1.8808585141441565,-0.00562742881960121,787.5576633166202,1.1026863540698804,0.004804657832619685,554.9479404166822,-1.413444247651051,-0.005369389767177546,943.9598714609718,0.5806621443999467,0.004976481292876256
case_000,3.0700000000000003,5.1714968932024465,14.972279139450904,2.0,0.49398491224759117,0.34540381025199907,340.747670431168,389.0118113682038,True,446.80984911159567,-1.8808582889534573,-0.005627431150761364,787.5575195427637,1.1026864149267643,0.004804651946757776,554.9480973716353,-1.413444164442938,-0.005369384092603846,943.9599087398391,0.5806623449668392,0.004976483442125812
case_000,3.075,5.171495340260243,14.972277984713436,2.0,0.49398474642732804,0.3454037478195014,340.7475712263259,389.01169347321957,True,446.8098066854249,-1.8808580671195727,-0.00562743344707306,787.5573779117508,1.102686474879714,0.004804646148696301,554.9482519941363,-1.4134440824780004,-0.005369378502315392,943.9599454673559,0.5806625425496975,0.004976485559604671
case_000,3.08,5.171493810430168,14.972276847164606,2.0,0.4939845830768673,0.3454036863163889,340.7474734973425,389.0115773326172,True,446.809764893859,-1.880857848592159,-0.005627435709057049,787.5572383912015,1.1026865339423373,0.004804640437119201,554.948404318475,-1.4134440017373022,-0.005369372995063404,943.9599816510922,0.5806627371930825,0.0049764876457725205
case_000,3.085,5.171492303366233,14.972275726548558,2.0,0.4939844221591187,0.34540362572882016,340.74737722211626,389.0114629201147,True,446.80972372711983,-1.880857633321614,-0.00562743793722742,787.5571009492361,1.1026865921280087,0.004804634810729125,554.9485543784217,-1.4134439222021853,-0.005369367569619199,943.9600172985364,0.5806629289408657,0.004976489701081499
case_000,3.09,5.171490818727822,14.972274622613247,2.0,0.49398426363755976,0.34540356604316014,340.74728237889457,389.0113502098269,True,446.8096831755725,-1.8808574212590674,-0.005627440132091821,787.5569655544671,1.1026866494498686,0.004804629268247151,554.94870220726,-1.4134438438542714,-0.005369362224773133,943.9600524170869,0.5806631178362393,0.004976491725976195
case_000,3.095,5.1714893561795945,14.972273535110372,2.0,0.49398410747622956,0.3454035072459772,340.74718894626574,389.01123917628706,True,446.80964322973,-1.880857212356374,-0.005627442294151297,787.5568321759957,1.1026867059208334,0.0048046238084127335,554.9488478377766,-1.4134437666754567,-0.00536935695933477,943.9600870140637,0.5806633039217265,0.004976493720894093
case_000,3.1,5.171487915391442,14.972272463795333,2.0,0.493983953639721,0.34540344932403994,340.7470969031626,389.0111297944135,True,446.8096038802554,-1.880857006566107,-0.005627444423900174,787.556700783418,1.1026867615536038,0.004804618429983976,554.9489913022965,-1.4134436906479209,-0.005369351772131659,943.9601210967099,0.5806634872391941,0.004976495686265847
case_000,3.105,5.171486496038342,14.972271408427176,2.0,0.49398380209317416,0.3454033922643145,340.7470062288413,389.011022039532,True,446.80956511795443,-1.8808568038415514,-0.00562744652182634,787.5565713467957,1.1026868163606574,0.00480461313173669,554.9491326326661,-1.4134436157541141,-0.005369346662009777,943.9601546721981,0.5806636678298633,0.004976497622515563
case_000,3.11,5.171485097800342,14.972270368768521,2.0,0.49398365280226864,0.3454033360539614,340.74691690289137,389.01091588735005,True,446.80952693378674,-1.8808566041366952,-0.005627448588410799,787.5564438366781,1.1026868703542732,0.004804607912465231,554.9492718602821,-1.4134435419767668,-0.00536934162783248,943.9601877476322,0.580663845734324,0.004976499530061129
case_000,3.115,5.1714837203624455,14.972269344585536,2.0,0.493983505733216,0.34540328068033266,340.74682890521774,389.0108113139496,True,446.8094893188586,-1.880856407406226,-0.005627450624127894,787.5563182240763,1.1026869235465193,0.0048046027709816586,554.9494090160962,-1.4134434692988829,-0.0053693366684802735,943.9602203300458,0.5806640209925396,0.004976501409314271
case_000,3.12,5.171482363414504,14.972268335647858,2.0,0.49398336085275246,0.34540322613096924,340.7467422160389,389.0107082957958,True,446.80945226442077,-1.8808562136055162,-0.0056274526294454175,787.5561944804597,1.1026869759492643,0.0048045977061156875,554.9495441306124,-1.4134433977037342,-0.005369331782850761,943.9602524264081,0.5806641936438629,0.004976503260680887
case_000,3.125,5.171481026651201,14.972267341728559,2.0,0.4939832181281304,0.34540317239359786,340.74665681588317,389.0106068097116,True,446.80941576187433,-1.8808560226906201,-0.005627454604824278,787.5560725777575,1.1026870275741858,0.0048045927167148506,554.9496772339154,-1.4134433271748692,-0.005369326969857591,943.960284043627,0.5806643637270471,0.004976505084561378
case_000,3.13,5.17147970977188,14.972266362604092,2.0,0.4939830775271112,0.34540311945612834,340.74657268558514,389.01050683288554,True,446.8093798027592,-1.880855834618261,-0.005627456550718946,787.5559524883444,1.1026870784327707,0.004804587801644,554.9498083556542,-1.413443257696096,-0.0053693222284309505,943.9603151885398,0.5806645312802519,0.004976506881350429
case_000,3.1350000000000002,5.171478412480563,14.972265398054226,2.0,0.49398293901795703,0.345403067306651,340.74648980626824,389.01040834285857,True,446.8093443787698,-1.8808556493458326,-0.005627458467576785,787.5558341850381,1.102687128536324,0.004804582959785364,554.9499375250709,-1.4134431892514945,-0.0053693175575164065,943.9603458679295,0.580664696341061,0.004976508651437783
case_000,3.14,5.171477134485789,14.972264447862019,2.0,0.4939828025694233,0.3454030159334338,340.7464081593546,389.01031131751813,True,446.8093094817341,-1.8808554668313757,-0.005627460355838831,787.5557176410887,1.102687177895968,0.004804578190038211,554.9500647709943,-1.4134431218254009,-0.005369312956075123,943.9603760885125,0.5806648589464858,0.0049765103952079115
case_000,3.145,5.17147587550055,14.972263511813752,2.0,0.49398266815074976,0.3454029653249197,340.74632772654934,389.0102157350901,True,446.809275103622,-1.880855287033581,-0.005627462215939405,787.5556028301713,1.1026872265226528,0.004804573491318631,554.9501901218445,-1.4134430554024104,-0.00536930842308353,943.9604058569346,0.5806650191329761,0.004976512113040066
case_000,3.15,5.171474635242261,14.972262589698891,2.0,0.49398253573165335,0.3454029154697242,340.74624848983285,389.01012157414107,True,446.8092412365478,-1.8808551099117776,-0.005627464048305997,787.5554897263806,1.1026872744271554,0.004804568862559477,554.950313605651,-1.413442989967375,-0.005369303957532656,943.9604351797921,0.5806651769364378,0.004976513805309113
case_000,3.1550000000000002,5.171473413432625,14.972261681310034,2.0,0.49398240528231985,0.3454028663566325,340.74617043147026,389.0100288135635,True,446.8092078727578,-1.8808549354259196,-0.005627465853359659,787.555378304228,1.102687321620092,0.004804564302710257,554.9504352500476,-1.4134429255053937,-0.005369299558428187,943.9604640636111,0.580665332392234,0.004976515472384979
case_000,3.16,5.17147220979757,14.972260786442867,2.0,0.4939822767733962,0.34540281797459715,340.74609353399035,389.0099374325699,True,446.80917500463283,-1.8808547635365802,-0.005627467631514893,787.5552685386232,1.1026873681119131,0.004804559810736575,554.9505550822803,-1.413442862001815,-0.005369295224790127,943.9604925148502,0.5806654855351956,0.004976517114632872
case_000,3.165,5.171471024067211,14.972259904896116,2.0,0.4939821501759817,0.3454027703127355,340.74601778018496,389.00984741068714,True,446.80914262469,-1.880854594204945,-0.00562746938317954,787.555160404875,1.1026874139129126,0.004804555385620191,554.9506731292197,-1.4134427994422294,-0.005369290955652306,943.9605205399068,0.5806656363996363,0.004976518732413615
case_000,3.17,5.1714698559757055,14.972259036471504,2.0,0.4939820254616211,0.3454027233603271,340.7459431531108,389.00975872775894,True,446.8091107255713,-1.8808544273927954,-0.0056274711087551665,787.5550538786821,1.102687459033231,0.004804551026358739,554.9507894173491,-1.4134427378124652,-0.005369286750062652,943.9605481451081,0.5806657850193541,0.004976520326083422
case_000,3.1750000000000003,5.171468705261249,14.972258180973704,2.0,0.49398190260229663,0.3454026771068115,340.74586963607413,389.00967136392717,True,446.80907930004804,-1.880854263062507,-0.005627472808636846,787.5549489361222,1.1026875034828567,0.004804546731965398,554.950903972787,-1.413442677098584,-0.005369282607082415,943.9605753367142,0.5806659314276457,0.004976521895994179
case_000,3.18,5.171467571665981,14.972257338210294,2.0,0.49398178157041966,0.3454026315417854,340.7457972126322,389.00958529963873,True,446.8090483410196,-1.8808541011770366,-0.005627474483213213,787.5548455536518,1.1026875472716344,0.004804542501468889,554.9510168212834,-1.4134426172868797,-0.00536927852578617,943.9606021209221,0.5806660756573153,0.004976523442493608
case_000,3.185,5.171466454935881,14.972256507991725,2.0,0.49398166233882373,0.34540258665500095,340.7457258665905,389.00950051563007,True,446.80901784150086,-1.8808539416999113,-0.005627476132866849,787.5547437080913,1.102687590409264,0.004804538333912978,554.951127988219,-1.413442558363867,-0.005369274505261812,943.9606285038491,0.5806662177406762,0.004976524965924822
case_000,3.19,5.17146535482075,14.97225569013126,2.0,0.4939815448807567,0.3454025424363629,340.7456555819959,389.00941699292855,True,446.80898779462854,-1.8808537845952196,-0.005627477757974064,787.5546433766244,1.1026876329053064,0.004804534228356527,554.9512374986193,-1.4134425003162843,-0.005369270544610005,943.9606544915479,0.5806663577095672,0.00497652646662694
case_000,3.1950000000000003,5.171464271074138,14.972254884444945,2.0,0.49398142916987314,0.3454024988759263,340.74558634312433,389.00933471283815,True,446.8089581936602,-1.8808536298276086,-0.005627479358904897,787.5545445367845,1.1026876747691843,0.004804530183872946,554.9513453771583,-1.4134424431310875,-0.005369266642944015,943.9606800899965,0.5806664955953567,0.0049765279449348054
case_000,3.2,5.171463203453236,14.972254090751564,2.0,0.49398131518022786,0.34540245596389435,340.7455181344906,389.0092536569483,True,446.8089290319596,-1.8808534773622643,-0.0056274809360236655,787.5544471664502,1.1026877160101847,0.004804526199550074,554.9514516481481,-1.413442386795439,-0.005369262799389984,943.9607053050964,0.580666631428948,0.004976529401178986
case_000,3.205,5.171462151718862,14.972253308872599,2.0,0.49398120288626796,0.34540241369061647,340.74545094083845,389.0091738071201,True,446.8089003030066,-1.8808533271649077,-0.005627482489688529,787.5543512438451,1.1026877566374667,0.004804522274490186,554.9515563355594,-1.4134423312967122,-0.005369259013086214,943.9607301426795,0.5806667652407932,0.004976530835686055
case_000,3.21,5.171461115635378,14.972252538632189,2.0,0.49398109226282594,0.3454023720465858,340.7453847471312,389.00909514547925,True,446.80887200038546,-1.8808531792017866,-0.005627484020251983,787.5542567475167,1.1026877966600566,0.004804518407809266,554.9516594630172,-1.4134422766224803,-0.005369255283183272,943.9607546084965,0.5806668970608947,0.004976532248778309
case_000,3.215,5.171460094970622,14.972251779857089,2.0,0.493980983285113,0.3454023310224368,340.74531953855666,389.0090176544164,True,446.8088441177886,-1.8808530334396631,-0.005627485528060638,787.5541636563453,1.1026878360868566,0.004804514598637233,554.9517610538043,-1.4134422227605152,-0.005369251608843828,943.9607787082207,0.5806670269188124,0.004976533640773884
case_000,3.22,5.171459089495882,14.972251032376635,2.0,0.4939808759287127,0.3454022906089437,340.74525530051886,389.00894131658595,True,446.80881664900943,-1.88085288984581,-0.005627487013455557,787.5540719495283,1.1026878749266429,0.004804510846117438,554.9518611308695,-1.413442169698784,-0.005369247989242321,943.9608024474554,0.5806671548436778,0.004976535011987082
case_000,3.225,5.171458098985807,14.972250296022702,2.0,0.49398077016957376,0.34540225079701786,340.74519201863194,389.00886611488966,True,446.8087895879442,-1.880852748387995,-0.005627488476772136,787.5539816065761,1.1026879131880698,0.004804507149406501,554.951959716826,-1.4134421174254406,-0.005369244423565067,943.9608258317156,0.5806672808641903,0.004976536362727768
case_000,3.23,5.171457123218351,14.972249570629666,2.0,0.49398066598400403,0.34540221157770606,340.745129678722,389.0087920324868,True,446.8087629285812,-1.8808526090344768,-0.005627489918340556,787.5538926073032,1.10268795087967,0.004804503507673918,554.9520568339558,-1.4134420659288247,-0.005369240911009987,943.9608488664426,0.5806674050086312,0.004976537693301919
case_000,3.235,5.171456161974757,14.972248856034371,2.0,0.49398056334866425,0.34540217294218845,340.74506826682443,389.00871905277893,True,446.8087366650075,-1.8808524717539958,-0.005627491338485502,787.5538049318319,1.1026879880098601,0.004804499920102234,554.9521525042169,-1.4134420151974563,-0.005369237450786435,943.9608715569958,0.5806675273048681,0.004976539004011349
case_000,3.24,5.171455215039472,14.972248152076087,2.0,0.49398046224056213,0.3454021348817762,340.7450077691737,389.0086471594095,True,446.80871079140337,-1.8808523365157634,-0.005627492737526385,787.5537185605771,1.1026880245869382,0.004804496385886425,554.9522467492457,-1.413441965220034,-0.005369234042115034,943.9608939086552,0.5806676477803586,0.00497654029515382
case_000,3.245,5.171454282200092,14.972247458596481,2.0,0.493980362637046,0.34540209738791006,340.7449481722043,389.00857633626595,True,446.808685302035,-1.8808522032894575,-0.005627494115777676,787.5536334742393,1.1026880606190848,0.004804492904233626,554.9523395903532,-1.4134419159854257,-0.005369230684227844,943.9609159266191,0.5806677664621603,0.004976541567022985
case_000,3.25,5.171453363247347,14.972246775439572,2.0,0.49398026451579946,0.34540206045215793,340.7448894625503,389.00850656746934,True,446.80866019126086,-1.8808520720452104,-0.005627495473548627,787.5535496538112,1.1026880961143706,0.004804489474363349,554.9524310485414,-1.4134418674826716,-0.005369227376367747,943.9609376160107,0.5806678833769352,0.004976542819908614
case_000,3.255,5.171452457975018,14.972246102451702,2.0,0.4939801678548356,0.34540202406621323,340.74483162703956,389.00843783736514,True,446.8086354535215,-1.8808519427536015,-0.005627496811143717,787.5534670805611,1.102688131080752,0.004804486095506821,554.952521144497,-1.4134418197009753,-0.005369224117788729,943.9609589818622,0.5806679985509517,0.004976544054096088
case_000,3.2600000000000002,5.171451566179918,14.972245439481501,2.0,0.4939800726324919,0.34540198822189316,340.7447746526906,389.0083701305381,True,446.8086110833435,-1.880851815385656,-0.005627498128862485,787.5533857360341,1.1026881655260763,0.004804482766907037,554.9526098986007,-1.4134417726297035,-0.00536922090775549,943.9609800291388,0.5806681120100993,0.004976545269867183
case_000,3.265,5.17145068766182,14.972244786379854,2.0,0.49397997882742456,0.3454019529111364,340.74471852671,389.00830343178905,True,446.808587075334,-1.880851689912827,-0.005627499426999805,787.553305602044,1.102688199458079,0.004804479487818369,554.9526973309238,-1.4134417262583794,-0.0053692177455436085,943.9610007627128,0.5806682237798804,0.004976546467499232
case_000,3.27,5.171449822223431,14.972244142999859,2.0,0.49397988641860335,0.3454019181260017,340.74466323649284,389.0082377261417,True,446.8085634241749,-1.880851566306992,-0.005627500705846111,787.5532266606677,1.102688232884386,0.0048044762575063515,554.9527834612427,-1.4134416805766836,-0.005369214630439045,943.9610211873844,0.5806683338854303,0.004976547647265794
case_000,3.275,5.1714489696703625,14.972243509196808,2.0,0.4939797953853072,0.34540188385866577,340.7446087696125,389.00817299884466,True,446.8085401246365,-1.8808514445404532,-0.0056275019656868985,787.553148894249,1.102688265812521,0.004804473075247784,554.9528683090331,-1.4134416355744466,-0.005369211561738307,943.9610413078777,0.580668442351514,0.004976548809436543
case_000,3.2800000000000002,5.171448129811038,14.972242884828145,2.0,0.49397970570711863,0.34540185010142194,340.7445551138258,389.00810923534993,True,446.80851717155434,-1.8808513245859184,-0.0056275032068036634,787.5530722853802,1.102688298249896,0.004804469940330014,554.9529518934755,-1.4134415912416476,-0.005369208538748338,943.9610611288255,0.5806685492025291,0.0049765499542767655
case_000,3.285,5.171447302456727,14.972242269753433,2.0,0.4939796173639194,0.3454018168466779,340.7445022570704,389.0080464213328,True,446.80849455984503,-1.8808512064165037,-0.005627504429473296,787.5529968169154,1.102688330203824,0.004804466852051381,554.9530342334664,-1.4134415475684143,-0.005369205560786072,943.9610806547992,0.5806686544625211,0.004976551082048308
case_000,3.29,5.171446487421423,14.972241663834328,2.0,0.49397953033588604,0.34540178408695454,340.744450187455,389.0079845426686,True,446.80847228449323,-1.880851090005718,-0.0056275056339686325,787.5529224719482,1.1026883616815082,0.004804463809720327,554.9531153476103,-1.4134415045450148,-0.005369202627178771,943.9610998902789,0.5806687581551762,0.004976552193008632
case_000,3.295,5.171445684521859,14.972241066934547,2.0,0.4939794446034851,0.34540175181488375,340.7443988932673,389.0079235854457,True,446.80845034055517,-1.8808509753274647,-0.005627506820558348,787.5528492338225,1.1026883926900526,0.004804460812655786,554.9531952542322,-1.4134414621618583,-0.005369199737263575,943.961118839678,0.580668860303835,0.004976553287411589
case_000,3.3000000000000003,5.171444893577494,14.972240478919831,2.0,0.493979360147469,0.3454017200232072,340.74434836296,389.0078635359524,True,446.80842872316515,-1.880850862356035,-0.00562750798950673,787.5527770861252,1.102688423236462,0.004804457860186906,554.9532739713849,-1.4134414204094954,-0.005369196890387284,943.9611375073373,0.5806689609314961,0.0049765543655072575
case_000,3.305,5.171444114410367,14.972239899657923,2.0,0.4939792769488719,0.3454016887047743,340.7442985851612,389.00780438067716,True,446.80840742751235,-1.8808507510660912,-0.005627509141074627,787.5527060126735,1.1026884533276342,0.004804454951652437,554.9533515168343,-1.4134413792786062,-0.005369194085906859,943.9611558975115,0.5806690600608135,0.00497655542754144
case_000,3.31,5.171443346845187,14.972239329018533,2.0,0.4939791949890053,0.34540165785254096,340.7442495486567,389.00774610630833,True,446.80838644886586,-1.8808506414326764,-0.005627510275518499,787.5526359975225,1.1026884829703714,0.004804452086401068,554.9534279080877,-1.4134413387600087,-0.005369191323188471,943.9611740143961,0.5806691577141114,0.00497655647375661
case_000,3.315,5.17144259070921,14.972238766873312,2.0,0.493979114249454,0.3454016274595678,340.7442012424084,389.0076886997257,True,446.8083657825513,-1.8808505334311933,-0.005627511393091367,787.5525670249597,1.1026885121713774,0.004804449263791144,554.95350316238,-1.413441298844651,-0.00536918860160801,943.9611918621057,0.5806692539133813,0.0049765575043911325
case_000,3.3200000000000003,5.171441845832245,14.972238213095823,2.0,0.4939790347120728,0.3454015975190187,340.7441536555292,389.00763214800816,True,446.8083454239654,-1.8808504270374113,-0.005627512494042253,787.5524990794946,1.102688540937255,0.004804446483190228,554.9535772966851,-1.4134412595236092,-0.005369185920550634,943.9612094446933,0.5806693486802925,0.00497655851967993
case_000,3.325,5.171441112046595,14.972237667561505,2.0,0.49397895635898154,0.3454015680241593,340.74410677729935,389.0075764384176,True,446.808325368565,-1.8808503222274513,-0.005627513578616683,787.5524321458644,1.1026885692745132,0.004804443743975317,554.9536503277158,-1.4134412207880864,-0.005369183279410883,943.9612267661333,0.5806694420361891,0.004976559519853929
case_000,3.33,5.17144038918706,14.972237130147654,2.0,0.4939788791725626,0.345401538968355,340.74406059715534,389.007521558406,True,446.8083056118742,-1.8808502189777887,-0.005627514647056409,787.5523662090295,1.1026885971895677,0.004804441045532626,554.9537222719363,-1.4134411826294135,-0.005369180677592178,943.9612438303423,0.5806695340021022,0.004976560505140726
case_000,3.335,5.17143967709086,14.972236600733396,2.0,0.49397880313545633,0.3454015103450705,340.7440151046876,389.0074674956113,True,446.808286149477,-1.8808501172652403,-0.005627515699599739,787.5523012541646,1.1026886246887346,0.004804438387257193,554.9537931455557,-1.4134411450390414,-0.0053691781145071005,943.961260641167,0.5806696245987496,0.004976561475764196
case_000,3.34,5.171438975597633,14.972236079199657,2.0,0.49397872823055794,0.34540148214786726,340.7439702896427,389.0074142378555,True,446.8082669770208,-1.880850017066967,-0.0056275167364814305,787.5522372666635,1.1026886517782406,0.00480443576855305,554.9538629645373,-1.4134411080085445,-0.005369175589577058,943.9612772023928,0.5806697138465431,0.004976562431944775
case_000,3.345,5.171438284549352,14.972235565429127,2.0,0.4939786544410135,0.34540145437040265,340.74392614191834,389.007361773134,True,446.80824809020476,-1.8808499183604555,-0.005627517757933187,787.5521742321231,1.1026886784642138,0.004804433188832613,554.9539317445983,-1.4134410715296155,-0.005369173102232339,943.9612935177323,0.5806698017655856,0.004976563373899068
case_000,3.35,5.1714376037903795,14.97223505930625,2.0,0.49397858175021725,0.34540142700642845,340.74388265156443,389.0073100896275,True,446.8082294847997,-1.8808498211235323,-0.005627518764182882,787.5521121363641,1.1026887047527005,0.004804430647517399,554.9539995012229,-1.4134410355940679,-0.0053691706519116145,943.9613095908504,0.5806698883756879,0.004976564301840736
case_000,3.355,5.171436933167349,14.972234560717185,2.0,0.4939785101418072,0.3454014000497895,340.74383980877053,389.0072591756824,True,446.80821115662843,-1.8808497253343452,-0.00562751975545539,787.552050965399,1.102688730649646,0.00480442814403681,554.9540662496552,-1.4134410001938298,-0.005369168238062272,943.9613254253376,0.5806699736963585,0.004976565215979556
case_000,3.36,5.171436272529196,14.972234069549792,2.0,0.4939784395996624,0.3454013734944218,340.74379760388376,389.00720901983175,True,446.8081931015755,-1.880849630971363,-0.005627520731972202,787.5519907054593,1.1026887561609169,0.004804425677829127,554.9541320049091,-1.4134409653209448,-0.005369165860139968,943.9613410247408,0.5806700577468229,0.004976566116522474
case_000,3.365,5.171435621727079,14.972233585693594,2.0,0.4939783701079,0.34540134733435207,340.74375602738485,389.00715961076594,True,446.80817531558046,-1.8808495380133678,-0.005627521693951754,787.5519313429653,1.1026887812922812,0.00480442324834035,554.9541967817717,-1.413440930967571,-0.005369163517608633,943.9613563925376,0.5806701405460124,0.004976567003672772
case_000,3.37,5.171434980614377,14.972233109039763,2.0,0.4939783016508709,0.3454013215636955,340.74371506990207,389.00711093735083,True,446.80815779464166,-1.8808494464394578,-0.005627522641609262,787.5518728645437,1.102688806049427,0.00480442085502486,554.954260594803,-1.413440897125978,-0.00536916120994041,943.9613715321539,0.5806702221125802,0.004976567877630622
case_000,3.375,5.171434349046648,14.972232639481089,2.0,0.4939782342131576,0.3454012961766553,340.7436747222028,389.0070629886152,True,446.8081405348118,-1.8808493562290338,-0.005627523575156945,787.5518152570146,1.102688830437953,0.0048044184973448645,554.9543234583464,-1.413440863788547,-0.005369158936615326,943.9613864469616,0.5806703024648978,0.00497656873859309
case_000,3.38,5.1714337268816095,14.972232176911954,2.0,0.4939781677795704,0.34540127116752056,340.7436349751889,389.0070157537498,True,446.80812353220267,-1.8808492673618027,-0.005627524494803859,787.5517585073916,1.1026888544633744,0.004804416174770454,554.9543853865272,-1.4134408309477702,-0.005369156697121347,943.961401140277,0.5806703816210647,0.0049765695867540205
case_000,3.3850000000000002,5.171433113979101,14.972231721228319,2.0,0.4939781023351445,0.34540124653066556,340.743595819906,389.0069692221123,True,446.8081067829796,-1.8808491798177687,-0.005627525400756117,787.5517026028856,1.1026888781311244,0.004804413886779657,554.9544463932583,-1.4134407985962465,-0.005369154490954153,943.9614156153706,0.5806704595989097,0.004976570422304427
case_000,3.39,5.171432510201038,14.972231272327694,2.0,0.49397803786513705,0.34540122226054815,340.7435572475236,389.00692338321664,True,446.808090283363,-1.8808490935772302,-0.005627526293216889,787.5516475308866,1.1026889014465484,0.004804411632857775,554.9545064922382,-1.413440766726681,-0.005369152317617254,943.9614298754549,0.580670536415992,0.004976571245432049
case_000,3.395,5.171431915411412,14.972230830109106,2.0,0.4939779743550237,0.34540119835170885,340.74351924935183,389.00687822672865,True,446.8080740296265,-1.8808490086207756,-0.0056275271723864595,787.5515932789783,1.1026889244149152,0.004804409412497934,554.9545656969665,-1.4134407353318876,-0.005369150176621429,943.9614439236951,0.5806706120896095,0.004976572056321793
case_000,3.4,5.171431329476237,14.972230394473094,2.0,0.4939779117904962,0.34540117479876936,340.7434818168275,389.00683374247683,True,446.80805801809765,-1.880848924929281,-0.005627528038462226,787.5515398349252,1.1026889470414105,0.004804407225200535,554.954624020734,-1.4134407044047825,-0.005369148067485063,943.9614577632108,0.5806706866368021,0.0049765728551557364
case_000,3.4050000000000002,5.171430752263533,14.972229965321674,2.0,0.4939778501574585,0.3454011515964315,340.7434449415164,389.0067899204347,True,446.80804224515737,-1.8808488424839027,-0.005627528891638756,787.5514871866737,1.1026889693311426,0.004804405070473361,554.9546814766356,-1.413440673938387,-0.0053691459897337035,943.9614713970703,0.5806707600743526,0.0049765736421130136
case_000,3.41,5.1714301836433,14.972229542558317,2.0,0.49397778944202486,0.3454011287394757,340.7434086151095,389.0067467507313,True,446.80802670724097,-1.8808487612660785,-0.005627529732107728,787.5514353223505,1.1026889912891396,0.00480440294783141,554.9547380775675,-1.4134406439258222,-0.0053691439429001675,943.9614848282988,0.5806708324187928,0.004976574417370039
case_000,3.415,5.171429623487484,14.972229126087939,2.0,0.49397772963051595,0.34540110622276055,340.74337282942605,389.00670422364317,True,446.8080114008338,-1.8808486812575183,-0.005627530560058158,787.5513842302598,1.102689012920356,0.004804400856796898,554.9547938362358,-1.413440614360313,-0.005369141926524212,943.961498059879,0.5806709036864091,0.004976575181100618
case_000,3.42,5.171429071669924,14.972228715816863,2.0,0.4939776707094568,0.3454010840412208,340.74333757640545,389.0066623295911,True,446.8079963224708,-1.8808486024402022,-0.005627531375676398,787.5513338988762,1.1026890342296667,0.004804398796898868,554.9548487651507,-1.413440585235181,-0.005369139940152756,943.9615110947418,0.5806709738932401,0.004976575933475613
case_000,3.4250000000000003,5.171428528066392,14.972228311652815,2.0,0.4939776126655731,0.3454010621898667,340.74330284810753,389.00662105913625,True,446.80798146874406,-1.8808485247963826,-0.0056275321791458555,787.5512843168516,1.1026890552218767,0.004804396767673524,554.9549028766472,-1.4134405565438508,-0.005369137983339156,943.9615239357835,0.5806710430550874,0.004976576674663558
case_000,3.43,5.171427992554472,14.972227913504886,2.0,0.49397755548578887,0.345401040663783,340.7432686367153,389.006580402989,True,446.80796683628745,-1.8808484483085668,-0.005627532970647664,787.5512354730027,1.1026890759017127,0.004804394768663733,554.9549561828622,-1.4134405282798392,-0.005369136055643986,943.9615365858513,0.5806711111875131,0.004976577404830151
case_000,3.435,5.17142746501363,14.972227521283525,2.0,0.4939774991572236,0.3454010194581274,340.74323493452357,389.00654035199057,True,446.80795242179397,-1.880848372959531,-0.005627533750359903,787.5511873563175,1.102689096273833,0.004804392799419244,554.9550086957665,-1.4134405004367643,-0.005369134156633926,943.9615490477571,0.5806711783058485,0.00497657812413882
case_000,3.44,5.171426945325093,14.972227134900512,2.0,0.49397744366718926,0.34540099856812967,340.74320173395097,389.00650089712803,True,446.8079382219963,-1.880848298732297,-0.005627534518458488,787.5511399559473,1.1026891163428236,0.00480439085949641,554.9550604271401,-1.4134404730083343,-0.005369132285882594,943.9615613242681,0.5806712444251935,0.004976578832750322
case_000,3.4450000000000003,5.171426433371896,14.972226754268943,2.0,0.4939773890031878,0.3454009779890909,340.74316902752054,389.00646202952043,True,446.8079242336847,-1.8808482256101495,-0.005627535275116391,787.5510932612052,1.1026891361131999,0.004804388948458138,554.9551113885933,-1.4134404459883536,-0.005369130442969827,943.9615734181137,0.5806713095604228,0.004976579530823089
case_000,3.45,5.17142592903882,14.972226379303207,2.0,0.4939773351529079,0.34540095771638185,340.74313680787435,389.0064237404165,True,446.8079104536917,-1.8808481535766162,-0.005627536020504309,787.551047261566,1.1026891555894092,0.0048043870658738275,554.9551615915677,-1.4134404193707208,-0.0053691286274816785,943.9615853319842,0.5806713737261877,0.00497658021851316
case_000,3.455,5.171425432212385,14.972226009918964,2.0,0.4939772821042226,0.3454009377454424,340.7431050677625,389.00638602120114,True,446.8078968789024,-1.8808480826154739,-0.005627536754790219,787.5510019466649,1.1026891747758343,0.004804385211319373,554.9552110473329,-1.413440393149424,-0.0053691268390104185,943.961597068534,0.5806714369369224,0.004976580895974303
case_000,3.46,5.171424942780776,14.97222564603313,2.0,0.493977229845187,0.34540091807178014,340.74307380004575,389.0063488633873,True,446.80788350624175,-1.8808480127107357,-0.005627537478139932,787.5509573062875,1.1026891936767844,0.004804383384376776,554.9552597669876,-1.4134403673185407,-0.005369125077154591,943.9616086303749,0.5806714992068411,0.00497658156335784
case_000,3.465,5.1714244606338955,14.972225287563866,2.0,0.49397717836403476,0.34540089869096985,340.74304299769,389.00631225861366,True,446.80787033268774,-1.8808479438466585,-0.005627538190716541,787.5509133303777,1.1026892122965097,0.004804381584634421,554.9553077614743,-1.413440341872241,-0.005369123341518456,943.9616200200879,0.5806715605499495,0.004976582220813042
case_000,3.47,5.171423985663255,14.972224934430537,2.0,0.4939771276491758,0.3454008795986519,340.74301265376675,389.006276198646,True,446.807857355259,-1.8808478760077292,-0.005627538892680972,787.5508700090257,1.1026892306391913,0.004804379811686632,554.9553550415645,-1.4134403168047769,-0.005369121631712492,943.9616312402105,0.5806716209800403,0.004976582868486734
case_000,3.475,5.171423517762028,14.97222458655372,2.0,0.4939770776891939,0.3454008607905318,340.7429827614511,389.0062406753718,True,446.8078445710255,-1.8808478091786751,-0.005627539584191488,787.5508273324766,1.102689248708951,0.004804378065134007,554.9554016178777,-1.4134402921104925,-0.00536911994735273,943.9616422932495,0.5806716805107017,0.004976583506523746
case_000,3.48,5.171423056824954,14.972224243855168,2.0,0.4939770284728438,0.3454008422623788,340.74295331402266,389.00620568080456,True,446.8078319770948,-1.8808477433444402,-0.005627540265404296,787.5507852911174,1.1026892665098464,0.004804376344582917,554.9554475008732,-1.413440267783815,-0.0053691182880610255,943.9616531816778,0.5806717391553202,0.004976584135066797
case_000,3.485,5.171422602748377,14.972223906257803,2.0,0.49397697998904905,0.34540082401002553,340.742924304863,389.00617120707227,True,446.807819570623,-1.8808476784902028,-0.005627540936473108,787.550743875486,1.1026892840458755,0.004804374649645837,554.9554927008567,-1.4134402438192555,-0.005369116653464845,943.9616639079289,0.5806717969270795,0.004976584754256386
case_000,3.49,5.171422155430174,14.97222357368569,2.0,0.493976932226899,0.3454008060293661,340.7428957274439,389.00613724642153,True,446.80780734881074,-1.8808476146013602,-0.0056275415975493015,787.5507030762546,1.1026893013209729,0.004804372979940741,554.9555372279843,-1.413440220211409,-0.005369115043197092,943.9616744744059,0.580671853838969,0.0049765853642310676
case_000,3.495,5.1714217147697585,14.97222324606403,2.0,0.49397688517564625,0.34540078831635634,340.74286757534804,389.00610379121736,True,446.807795308896,-1.8808475516635266,-0.0056275422487822024,787.550662884244,1.1026893183390187,0.004804371335091595,554.9555810922596,-1.413440196954953,-0.005369113456896224,943.961684883477,0.5806719099037827,0.004976585965127345
case_000,3.5,5.171421280668041,14.97222292331913,2.0,0.4939768388247048,0.34540077086701193,340.74283984224303,389.0060708339382,True,446.8077834481643,-1.8808474896625345,-0.005627542890318693,787.5506232904073,1.1026893351038318,0.0048043697147278075,554.9556243035391,-1.4134401740446443,-0.0053691118942060245,943.9616951374774,0.5806719651341252,0.004976586557079721
case_000,3.505,5.171420853027406,14.972222605378398,2.0,0.49397679316364723,0.345400753677408,340.7428125218963,389.00603836717664,True,446.8077717639392,-1.8808474285844237,-0.005627543522303602,787.5505842858355,1.1026893516191734,0.004804368118484392,554.9556668715311,-1.4134401514753172,-0.0053691103547756636,943.9617052387077,0.5806720195424113,0.004976587140220701
case_000,3.5100000000000002,5.171420431751728,14.972222292170326,2.0,0.49397674818220205,0.3454007367436782,340.74278560816697,389.00600638363073,True,446.8077602535875,-1.88084736841545,-0.005627544144879482,787.5505458617545,1.1026893678887508,0.004804366546001859,554.9557088058099,-1.4134401292418903,-0.005369108838259196,943.9617151894406,0.5806720731408733,0.004976587714681013
case_000,3.515,5.171420016746262,14.972221983624465,2.0,0.49397670387025155,0.3454007200620136,340.74275909500756,389.0059748761115,True,446.8077489145115,-1.8808473091420665,-0.005627544758186942,787.550508009519,1.1026893839162124,0.004804364996925992,554.9557501157957,-1.4134401073393512,-0.005369107344316226,943.9617249919072,0.5806721259415565,0.004976588280589167
case_000,3.52,5.1714196079177315,14.972221679671415,2.0,0.4939766602178297,0.34540070362866204,340.74273297646,389.0059438375381,True,446.80773774415985,-1.880847250750937,-0.005627545362364206,787.5504707206198,1.102689399705159,0.004804363470908124,554.9557908107806,-1.4134400857627707,-0.005369105872611024,943.9617346483187,0.5806721779563332,0.004976588838072227
case_000,3.525,5.171419205174222,14.972221380242814,2.0,0.4939766172151195,0.34540068743992736,340.7427072466528,389.00591326093627,True,446.80772674001673,-1.880847193228922,-0.005627545957547553,787.5504339866695,1.10268941525913,0.004804361967604587,554.955830899912,-1.4134400645072887,-0.005369104422813076,943.9617441608483,0.5806722291968941,0.004976589387255148
case_000,3.5300000000000002,5.17141880842519,14.97222108527131,2.0,0.4939765748524506,0.3454006714921682,340.7426818998047,389.0058831394299,True,446.8077158996021,-1.8808471365630755,-0.00562754654387132,787.5503977994068,1.1026894305816157,0.004804360486676873,554.9558703922066,-1.413440043568122,-0.005369102994596642,943.9617535316365,0.580672279674757,0.004976589928261055
case_000,3.535,5.171418417581467,14.972220794690559,2.0,0.49397653312029755,0.3454006557817977,340.7426569302176,389.0058534662488,True,446.8077052204813,-1.880847080740652,-0.005627547121467513,787.5503621506989,1.1026894456760556,0.004804359027791749,554.9559092965513,-1.4134400229405608,-0.005369101587640646,943.9617627628002,0.5806723294012711,0.004976590461211516
case_000,3.54,5.171418032555171,14.972220508435202,2.0,0.49397649200927685,0.34540064030528206,340.74263233228146,389.0058242347242,True,446.8076947002472,-1.8808470257490908,-0.005627547690466528,787.5503270325287,1.1026894605458355,0.0048043575906207,554.9559476216915,-1.4134400026199607,-0.005369100201629118,943.9617718564157,0.5806723783876114,0.004976590986225993
case_000,3.545,5.17141765325977,14.972220226440857,2.0,0.49397645151014546,0.3454006250591403,340.74260810047025,389.00579543829065,True,446.8076843365371,-1.8808469715760223,-0.005627548250996484,787.5502924370073,1.1026894751942957,0.004804356174840485,554.955985376251,-1.413439982601753,-0.005369098836250474,943.9617808145416,0.580672426644793,0.004976591503422612
case_000,3.5500000000000003,5.171417279609996,14.972219948644096,2.0,0.4939764116137983,0.3454006100399433,340.7425842293374,389.0057670704683,True,446.80767412701897,-1.88084691820926,-0.0056275488031837795,787.5502583563564,1.1026894896247212,0.004804354780132414,554.9560225687271,-1.4134399628814374,-0.0053690974911977385,943.9617896391954,0.580672474183662,0.004976592012917447
case_000,3.555,5.171416911521853,14.972219674982437,2.0,0.4939763723112663,0.3454005952443129,340.74256071351647,389.00573912488926,True,446.8076640693994,-1.8808468656368023,-0.0056275493471527605,787.5502247829158,1.1026895038403517,0.0048043534061826265,554.9560592074835,-1.4134399434545777,-0.0053690961661687076,943.9617983323727,0.580672521014906,0.004976592514825073
case_000,3.56,5.171416548912612,14.972219405394327,2.0,0.4939763335937139,0.34540058066892126,340.7425375477251,389.0057115952678,True,446.80765416142003,-1.8808468138468264,-0.005627549883025884,787.5501917091451,1.1026895178443812,0.004804352052682204,554.9560953007708,-1.41343992431681,-0.005369094860865287,943.9618068960386,0.5806725671490548,0.004976593009258401
case_000,3.565,5.171416191700746,14.972219139819128,2.0,0.49397629545243743,0.3454005663104901,340.7425147267541,389.0056844754174,True,446.80764440085255,-1.880846762827684,-0.005627550410923943,787.5501591276067,1.10268953163995,0.0048043507193264445,554.9561308567071,-1.4134399054638305,-0.005369093574994155,943.9618153321245,0.580672612596478,0.0049765934963285074
case_000,3.5700000000000003,5.171415839805962,14.972218878197108,2.0,0.49397625787886307,0.34540055216578996,340.7424922454752,389.0056577592428,True,446.8076347855074,-1.880846712567902,-0.005627550930965675,787.5501270309826,1.1026895452301588,0.004804349405815589,554.9561658832973,-1.413439886891404,-0.0053690923082660436,943.9618236425401,0.5806726573673947,0.004976593976145083
case_000,3.575,5.171415493149157,14.972218620469425,2.0,0.4939762208645448,0.34540053823163935,340.74247009883726,389.0056314407407,True,446.8076253132252,-1.8808466630561829,-0.005627551443268153,787.5500954120624,1.1026895586180614,0.004804348111854262,554.9562003884241,-1.4134398685953578,-0.005369091060396125,943.9618318291648,0.5806727014718711,0.004976594448816152
case_000,3.58,5.171415151652403,14.972218366578106,2.0,0.49397618440116225,0.3454005245049042,340.74244828185954,389.00560551399246,True,446.8076159818794,-1.8808466142813904,-0.005627551947946674,787.5500642637389,1.1026895718066616,0.004804346837151363,554.9562343798574,-1.413439850571583,-0.005369089831103624,943.9618398938499,0.5806727449198245,0.004976594914448129
case_000,3.585,5.171414815238918,14.972218116466047,2.0,0.49397614848051885,0.34540051098249713,340.74242678963947,389.005579973173,True,446.8076067893762,-1.8808465662325604,-0.0056275524451147585,787.5500335790157,1.102689584798924,0.004804345581420344,554.9562678652441,-1.4134398328160283,-0.00536908862011215,943.961847838417,0.5806727877210225,0.00497659537314582
case_000,3.59,5.171414483833073,14.972217870076994,2.0,0.4939761130945403,0.34540049766137676,340.74240561734547,389.005554812539,True,446.8075977336504,-1.8808465188988877,-0.005627552934884317,787.5500033509959,1.1026895975977673,0.004804344344378764,554.9563008521251,-1.413439815324707,-0.0053690874271491995,943.9618556646641,0.5806728298850906,0.004976595825012586
case_000,3.595,5.171414157360346,14.97221762735553,2.0,0.4939760782352722,0.3454004845385469,340.74238476021884,389.00553002643267,True,446.8075888126693,-1.8808464722697311,-0.005627553417365538,787.5499735728881,1.1026896102060673,0.004804343125748511,554.9563333479229,-1.4134397980936892,-0.005369086251946487,943.9618633743555,0.5806728714215078,0.004976596270150069
case_000,3.6,5.171413835747371,14.972217388247056,2.0,0.49397604389487865,0.34540047161105586,340.7423642135668,389.00550560928434,True,446.80758002443815,-1.8808464263346134,-0.005627553892666615,787.549944238005,1.1026896226266614,0.004804341925255751,554.9563653599599,-1.4134397811191106,-0.005369085094239334,943.9618709692443,0.5806729123396194,0.004976596708658909
case_000,3.605,5.171413518921808,14.972217152697798,2.0,0.49397601006564,0.3454004588759961,340.74234397277394,389.0054815556048,True,446.8075713669773,-1.880846381083201,-0.005627554360894738,787.5499153397512,1.1026896348623372,0.004804340742630475,554.9563968954357,-1.413439764397153,-0.005369083953767506,943.9618784510404,0.5806729526486243,0.004976597140637695
case_000,3.61,5.171413206812416,14.97221692065477,2.0,0.4939759767399516,0.34540044633050315,340.74232403328705,389.005457859981,True,446.807562838347,-1.8808463365053243,-0.005627554822155045,787.549886871634,1.102689646915848,0.004804339577606842,554.9564279614522,-1.4134397479240646,-0.005369082830274263,943.9618858214332,0.5806729923575863,0.004976597566183738
case_000,3.615,5.171412899349035,14.972216692065784,2.0,0.4939759439103217,0.34540043397175535,340.74230439062137,389.00543451709325,True,446.80755443663713,-1.8808462925909653,-0.005627555276551066,787.5498588272585,1.1026896587899049,0.004804338429923061,554.9564585650033,-1.4134397316961453,-0.005369081723506752,943.9618930820966,0.5806730314754406,0.0049765979853932385
case_000,3.62,5.171412596462513,14.972216466879424,2.0,0.49397591156936976,0.345400421796973,340.74228504036415,389.00541152168785,True,446.807546159958,-1.8808462493302465,-0.005627555724185107,787.5498312003222,1.1026896704871787,0.004804337299321171,554.9564887129768,-1.4134397157097502,-0.00536908063321595,943.9619002346647,0.5806730700109821,0.00497659839836051
case_000,3.625,5.171412298084732,14.972216245045042,2.0,0.4939758797098251,0.34540040980341763,340.74226597815846,389.0053888685918,True,446.8075380064539,-1.8808462067134448,-0.005627556165157699,787.5498039846124,1.102689682010297,0.004804336185546876,554.9565184121609,-1.4134396999612902,-0.005369079559156442,943.9619072807527,0.5806731079728783,0.004976598805178645
case_000,3.63,5.171412004148607,14.97221602651274,2.0,0.49397584832452485,0.3454003979883917,340.74224719971875,389.00536655271446,True,446.8075299742978,-1.8808461647309822,-0.005627556599567818,787.5497771740165,1.1026896933618553,0.004804335088349987,554.9565476692421,-1.4134396844472294,-0.005369078501086422,943.9619142219566,0.5806731453696694,0.004976599205939514
case_000,3.6350000000000002,5.171411714588022,14.972215811233369,2.0,0.4939758174064127,0.3454003863492378,340.7422287008253,389.0053445690371,True,446.80752206168427,-1.8808461233734195,-0.005627557027513164,787.5497507625096,1.1026897045444082,0.004804334007483924,554.9565764908032,-1.4134396691640825,-0.005369077458767857,943.9619210598403,0.5806731822097665,0.004976599600733378
case_000,3.64,5.17141142933785,14.972215599158503,2.0,0.493975786948537,0.34540037488333797,340.74221047731305,389.0053229126131,True,446.80751426683776,-1.8808460826314577,-0.005627557449089882,787.5497247441508,1.1026897155604685,0.0048043329427056025,554.9566048833327,-1.4134396541084164,-0.005369076431966102,943.9619277959458,0.5806732185014557,0.004976599989649222
case_000,3.645,5.1714111483339495,14.972215390240446,2.0,0.49397575694404927,0.3454003635881133,340.74219252508374,389.0053015785729,True,446.8075065880113,-1.8808460424959408,-0.005627557864392563,787.549699113095,1.1026897264125177,0.004804331893775826,554.9566328532226,-1.413439639276851,-0.005369075420450009,943.9619344317955,0.5806732542529024,0.004976600372774809
case_000,3.65,5.171410871513105,14.972215184432207,2.0,0.4939757273862027,0.34540035246102324,340.7421748400997,389.0052805621209,True,446.80749902347935,-1.8808460029578438,-0.005627558273514577,787.5496738635791,1.1026897371029978,0.004804330860458783,554.9566604067653,-1.413439624666053,-0.005369074423991982,943.9619409688862,0.5806732894721478,0.004976600750196514
case_000,3.6550000000000002,5.17141059881306,14.972214981687495,2.0,0.49397569826835086,0.34540034149956506,340.74215741838435,389.0052598585254,True,446.80749157154384,-1.8808459640082786,-0.005627558676547795,787.5496489899282,1.1026897476343158,0.00480432984252227,554.9566875501648,-1.4134396102727418,-0.0053690734423676445,943.9619474086902,0.5806733241671154,0.00497660112199938
case_000,3.66,5.171410330172464,14.972214781960709,2.0,0.4939756695839456,0.3454003307012733,340.7421402560143,389.0052394631299,True,446.8074842305317,-1.880845925638488,-0.005627559073582755,787.549624486546,1.102689758008839,0.00480432883973736,554.9567142895279,-1.4134395960936825,-0.005369072475356118,943.9619537526578,0.5806733583456088,0.004976601488267174
case_000,3.665,5.171410065530912,14.972214585206922,2.0,0.4939756413265365,0.345400320063719,340.74212334913227,389.0052193713476,True,446.80747699879646,-1.8808458878398462,-0.005627559464708554,787.5496003479287,1.102689768228907,0.004804327851878842,554.9567406308751,-1.413439582125691,-0.005369071522739632,943.9619600022227,0.5806733920153198,0.004976601849082607
case_000,3.67,5.171409804828845,14.972214391381886,2.0,0.4939756134897685,0.3454003095845098,340.7421066939349,389.005199578658,True,446.8074698747103,-1.8808458506038532,-0.005627559850013175,787.5495765686452,1.1026897782968184,0.004804326878724563,554.95676658013,-1.413439568365627,-0.005369070584303914,943.961966158788,0.580673425183821,0.0049766022045268365
case_000,3.6750000000000003,5.171409548007627,14.972214200442002,2.0,0.49397558606738085,0.34540029926128835,340.7420902866707,389.00518008061067,True,446.80746285667595,-1.8808458139221376,-0.005627560229583051,787.5495531433467,1.1026897882148388,0.0048043259200556965,554.9567921431311,-1.4134395548103968,-0.005369069659837744,943.9619722237418,0.5806734578585747,0.004976602554680021
case_000,3.68,5.171409295009494,14.972214012344324,2.0,0.49397555905320617,0.3454002890917329,340.7420741236514,389.00516087281676,True,446.8074559431168,-1.880845777786453,-0.005627560603503445,787.5495300667682,1.1026897979852035,0.0048043249756568596,554.9568173256336,-1.4134395414569572,-0.005369068749132955,943.9619781984503,0.5806734900469327,0.0049766028996210965
case_000,3.685,5.171409045777518,14.972213827046545,2.0,0.4939755324411683,0.3454002790735561,340.74205820124223,389.0051419509555,True,446.80744913247656,-1.8808457421886704,-0.0056275609718584585,787.5495073337188,1.1026898076101115,0.004804324045315722,554.9568421333008,-1.4134395283023042,-0.005369067851984655,943.9619840842563,0.5806735217561363,0.004976603239427724
case_000,3.69,5.171408800255641,14.972213644506985,2.0,0.4939755062252817,0.34540026920450445,340.7420425158556,389.0051233107704,True,446.80744242322976,-1.8808457071207887,-0.005627561334730635,787.5494849390853,1.1026898170917294,0.004804323128823118,554.9568665717154,-1.413439515343482,-0.005369066968190894,943.9619898824858,0.5806735529933199,0.004976603574176508
case_000,3.6950000000000003,5.171408558388619,14.972213464684591,2.0,0.49397548039964906,0.34540025948235825,340.7420270639667,389.00510494806576,True,446.8074358138633,-1.8808456725749203,-0.005627561692201688,787.54946287783,1.102689826432192,0.00480432222597299,554.9568906463752,-1.413439502577577,-0.005369066097552777,943.961995594441,0.580673583765511,0.004976603903942778
case_000,3.7,5.1714083201220395,14.972213287538915,2.0,0.4939754549584616,0.3454002499049307,340.74201184209784,389.0050868587134,True,446.80742930289404,-1.880845638543296,-0.00562756204435183,787.5494411449919,1.1026898356336032,0.004804321336562389,554.9569143626932,-1.4134394900017178,-0.00536906523987446,943.9620012214066,0.5806736140796322,0.004976604228800807
case_000,3.705,5.171408085402299,14.972213113030113,2.0,0.4939754298959962,0.3454002404700675,340.7419968468237,389.0050690386415,True,446.8074228888573,-1.8808456050182627,-0.005627562391260221,787.549419735681,1.1026898446980344,0.004804320460391309,554.9569377260063,-1.4134394776130772,-0.005369064394962875,943.9620067646479,0.5806736439425045,0.00497660454882376
case_000,3.71,5.17140785417659,14.972212941118935,2.0,0.493975405206615,0.3454002311756466,340.7419820747701,389.00505148383877,True,446.807416570311,-1.880845571992281,-0.005627562733004798,787.549398645081,1.1026898536275256,0.004804319597262741,554.9569607415702,-1.4134394654088693,-0.005369063562627896,943.962012225409,0.5806736733608454,0.0049766048640836336
case_000,3.715,5.17140762639289,14.972212771766714,2.0,0.49397538088476384,0.3454002220195775,340.74196752261133,389.00503419036033,True,446.8074103458346,-1.880845539457923,-0.0056275630696623336,787.549377868446,1.102689862424087,0.004804318746982561,554.9569834145581,-1.4134394533863484,-0.00536906274268234,943.9620176049184,0.580673702341274,0.004976605174651427
case_000,3.72,5.171407401999956,14.97221260493536,2.0,0.493975356924971,0.3454002129998006,340.74195318707564,389.00501715431164,True,446.8074042140282,-1.8808455074078723,-0.0056275634013084885,787.5493574011039,1.1026898710897004,0.0048043179093596455,554.9570057500724,-1.4134394415428102,-0.005369061934941632,943.9620229043841,0.5806737308903104,0.0049766054805970295
case_000,3.725,5.171407180947302,14.972212440587347,2.0,0.49397533332184645,0.3454002041142871,340.74193906493673,389.0050003718592,True,446.8073981735118,-1.8808454758349187,-0.005627563728017815,787.5493372384485,1.1026898796263163,0.004804317084205589,554.9570277531367,-1.4134394298755926,-0.0053690611392240295,943.9620281249959,0.5806737590143775,0.004976605781989274
case_000,3.73,5.1714069631851896,14.97221227868571,2.0,0.4939753100700801,0.3454001953610386,340.74192515301706,389.004983839229,True,446.8073922229253,-1.8808454447319596,-0.005627564049863809,787.5493173759423,1.1026898880358549,0.004804316271334763,554.9570494286963,-1.4134394183820673,-0.005369060355350619,943.9620332679253,0.5806737867198016,0.00497660607889594
case_000,3.735,5.171406748664643,14.972212119194033,2.0,0.4939752871644407,0.3454001867380861,340.7419114481871,389.00496755269774,True,446.8073863609337,-1.8808454140920021,-0.005627564366918636,787.5492978091208,1.102689896320213,0.004804315470564535,554.9570707816308,-1.4134394070596523,-0.005369059583144875,943.9620383343286,0.5806738140128173,0.004976606371383863
case_000,3.74,5.171406537337372,14.972211962076447,2.0,0.49397526459977537,0.34540017824349006,340.7418979473602,389.0049515086072,True,446.8073805862127,-1.880845383908151,-0.005627564679253794,787.5492785335729,1.1026899044812486,0.004804314681714494,554.9570918167346,-1.4134393959057965,-0.005369058822433326,943.9620433253418,0.580673840899562,0.0049766066595187675
case_000,3.745,5.171406329155856,14.97221180729761,2.0,0.49397524237100715,0.34540016987533984,340.7418846475054,389.00493570334334,True,446.80737489746554,-1.880845354173618,-0.005627564986939393,787.5492595449709,1.102689912520807,0.00480431390460756,554.9571125387439,-1.413439384917992,-0.0053690580730446635,943.9620482420872,0.5806738673860876,0.004976606943365547
case_000,3.75,5.171406124073248,14.97221165482271,2.0,0.49397522047313513,0.34540016163175313,340.7418715456226,389.0049201333485,True,446.80736929341214,-1.880845324881714,-0.0056275652900446005,787.5492408390347,1.1026899204406908,0.00480431313906865,554.9571329523159,-1.4134393740937659,-0.005369057334810412,943.9620530856644,0.5806738934783489,0.004976607222987872
case_000,3.755,5.171405922043412,14.97221150461745,2.0,0.49397519890123265,0.34540015351087583,340.74185863876954,389.00490479512484,True,446.80736377278964,-1.8808452960258495,-0.00562756558863764,787.5492224115592,1.1026899282426867,0.004804312384925735,554.9571530620411,-1.4134393634306825,-0.005369056607564482,943.962057857166,0.5806739191822194,0.004976607498448804
case_000,3.7600000000000002,5.171405723020911,14.972211356648044,2.0,0.4939751776504463,0.34540014551088133,340.7418459240405,389.0048896852172,True,446.80735833435904,-1.8808452675995337,-0.005627565882785512,787.5492042583995,1.1026899359285502,0.004804311642009229,554.9571728724428,-1.4134393529263423,-0.005369055891143282,943.96206255766,0.5806739445034792,0.004976607769810182
case_000,3.765,5.171405526960941,14.972211210881218,2.0,0.4939751567159951,0.3454001376299702,340.7418333985743,389.00487480022673,True,446.80735297689023,-1.880845239596371,-0.00562756617255461,787.5491863754645,1.1026899435000075,0.004804310910151766,554.9571923879723,-1.4134393425783798,-0.005369055185385774,943.9620671881991,0.5806739694478232,0.004976608037132901
case_000,3.77,5.171405333819427,14.97221106728418,2.0,0.49397513609316934,0.3454001298663697,340.74182105955316,389.0048601368079,True,446.8073476991838,-1.8808452120100643,-0.005627566458009825,787.549168758737,1.1026899509587664,0.004804310189188976,554.9572116130215,-1.4134393323844685,-0.005369054490133085,943.9620717498294,0.5806739940208666,0.004976608300477303
case_000,3.775,5.1714051435528905,14.972210925824632,2.0,0.493975115777329,0.34540012221833377,340.74180890420223,389.00484569165917,True,446.8073425000448,-1.880845184834402,-0.005627566739215661,787.549151404247,1.1026899583065009,0.004804309478958435,554.9572305519077,-1.4134393223423112,-0.005369053805229063,943.9620762435669,0.5806740182281318,0.004976608559902285
case_000,3.7800000000000002,5.171404956118541,14.972210786470756,2.0,0.4939750957639035,0.345400114684142,340.7417969297868,389.0048314615308,True,446.807337378306,-1.8808451580632737,-0.005627567016235235,787.5491343080928,1.1026899655448674,0.004804308779300492,554.9572492088929,-1.4134393124496487,-0.005369053130519552,943.9620806704237,0.5806740420750673,0.004976608815466299
case_000,3.785,5.171404771474221,14.972210649191215,2.0,0.4939750760483904,0.3454001072620998,340.74178513361323,389.0048174432201,True,446.80733233281535,-1.8808451316906578,-0.00562756728913083,787.5491174664286,1.1026899726754937,0.004804308090057774,554.9572675881731,-1.4134393027042562,-0.005369052465852786,943.9620850313931,0.5806740655670366,0.004976609067226745
case_000,3.79,5.171404589578388,14.972210513955124,2.0,0.493975056626354,0.3454000999505378,340.7417735130249,389.0048036335794,True,446.8073273624357,-1.8808451057106192,-0.005627567557963897,787.5491008754606,1.1026899796999823,0.0048043074110750705,554.9572856938762,-1.4134392931039372,-0.005369051811079439,943.9620893274556,0.5806740887093239,0.0049766093152402435
case_000,3.795,5.171404410390124,14.972210380732069,2.0,0.493975037493425,0.3454000927478113,340.7417620654136,389.0047900294942,True,446.80732246604714,-1.8808450801173129,-0.005627567822794943,787.5490845314607,1.1026899866199151,0.004804306742199782,554.9573035300795,-1.413439283646534,-0.0053690511660520746,943.9620935595736,0.5806741115071337,0.004976609559562473
case_000,3.8000000000000003,5.1714042338691195,14.972210249492086,2.0,0.493975018645299,0.3454000856523003,340.74175078819843,389.0047766279115,True,446.80731764254955,-1.8808450549049827,-0.005627568083683476,787.549068430748,1.1026899934368475,0.004804306083281307,554.9573211007867,-1.4134392743299147,-0.005369050530625863,943.9620977286982,0.5806741339655949,0.004976609800248333
case_000,3.805,5.1714040599756705,14.972210120205654,2.0,0.4939750000777357,0.34540007866240885,340.74173967884775,389.0047634258125,True,446.8073128908548,-1.8808450300679544,-0.005627568340688283,787.5490525697026,1.1026900001523143,0.004804305434171485,554.9573384099535,-1.413439265151985,-0.005369049904657752,943.962101835766,0.5806741560897586,0.004976610037351947
case_000,3.81,5.171403888670668,14.972209992843695,2.0,0.4939749817865583,0.34540007177656473,340.74172873485935,389.0047504202274,True,446.80730820989567,-1.8808450056006434,-0.005627568593867094,787.549036944755,1.1026900067678256,0.004804304794724268,554.9573554614726,-1.4134392561106799,-0.005369049288006966,943.9621058817,0.5806741778846017,0.004976610270926607
case_000,3.815,5.1714037199155705,14.972209867377565,2.0,0.49397496376765193,0.3454000649932191,340.7417179537754,389.0047376082334,True,446.8073035986148,-1.8808449814975412,-0.005627568843277031,787.5490215523902,1.1026900132848685,0.00480430416479577,554.957372259175,-1.413439247203962,-0.005369048680534949,943.9621098674085,0.5806741993550252,0.00497661050102477
case_000,3.8200000000000003,5.171403553672421,14.972209743779038,2.0,0.493974946016963,0.34540005831084636,340.74170733316475,389.00472498694717,True,446.8072990559783,-1.8808449577532305,-0.005627569088974049,787.5490063891431,1.1026900197049077,0.004804303544244215,554.9573888068385,-1.4134392384298289,-0.005369048082105088,943.9621137937856,0.5806742205058584,0.004976610727698116
case_000,3.825,5.1714033899038245,14.972209622020321,2.0,0.4939749285304985,0.3454000517279433,340.7416968706417,389.004712553529,True,446.80729458096107,-1.8808449343623646,-0.005627569331013549,787.5489914516028,1.102690026029388,0.0048043029329299936,554.9574051081837,-1.4134392297863032,-0.0053690474925828235,943.9621176617127,0.5806742413418583,0.004976610950997551
case_000,3.83,5.171403228572946,14.972209502074021,2.0,0.4939749113043248,0.34540004524302936,340.7416865638552,389.0047003051842,True,446.80729017255464,-1.8808449113196821,-0.005627569569450042,787.5489767364098,1.1026900322597308,0.004804302330715604,554.9574211668764,-1.413439221271442,-0.0053690469118355955,943.9621214720606,0.5806742618677111,0.004976611170973311
case_000,3.835,5.171403069643512,14.972209383913166,2.0,0.49397489433456704,0.3454000388546458,340.7416764104863,389.00468823915605,True,446.8072858297704,-1.8808448886200029,-0.00562756980433704,787.5489622402567,1.1026900383973404,0.004804301737465655,554.9574369865305,-1.41343921288333,-0.00536904633973273,943.9621252256866,0.5806742820880345,0.004976611387674856
case_000,3.84,5.17140291307976,14.972209267511174,2.0,0.4939748776174078,0.3454000325613558,340.74166640824853,389.0046763527333,True,446.8072815516299,-1.8808448662582173,-0.005627570035727447,787.5489479598784,1.1026900444435936,0.004804301153046531,554.9574525707004,-1.413439204620077,-0.0053690457761456645,943.9621289234337,0.5806743020073752,0.004976611601150871
case_000,3.845,5.171402758846476,14.972209152841865,2.0,0.4939748611490871,0.3454000263617439,340.74165655489446,389.00466464323756,True,446.80727733716753,-1.8808448442292942,-0.005627570263673443,787.548933892062,1.102690050399849,0.0048043005773267256,554.9574679228919,-1.4134391964798254,-0.005369045220947666,943.9621325661294,0.5806743216302124,0.004976611811449205
case_000,3.85,5.17140260690898,14.97220903987945,2.0,0.4939748449259003,0.3454000202544156,340.7416468482099,389.00465310804225,True,446.80727318543774,-1.8808448225282806,-0.005627570488226208,787.5489200336476,1.10269005626745,0.0048043000101768984,554.9574830465563,-1.4134391884607436,-0.00536904467401389,943.9621361545985,0.5806743409609614,0.004976612018617321
case_000,3.855,5.171402457233094,14.972208928598517,2.0,0.4939748289441985,0.3454000142379971,340.7416372860084,389.0046417445467,True,446.80726909550435,-1.880844801150292,-0.005627570709436369,787.5489063815128,1.1026900620477116,0.004804299451469263,554.9574979450966,-1.413439180561027,-0.005369044135221324,943.9621396896433,0.5806743600039678,0.004976612222701626
case_000,3.86,5.171402309785161,14.97220881897404,2.0,0.4939748132003867,0.3454000083111353,340.74162786613965,389.00463055019736,True,446.80726506645067,-1.880844780090523,-0.0056275709273535535,787.5488929325903,1.1026900677419371,0.004804298901078252,554.9575126218638,-1.4134391727788977,-0.005369043604448787,943.9621431720611,0.5806743787635155,0.0049766124237480835
case_000,3.865,5.171402164532007,14.97220871098136,2.0,0.49397479769092395,0.3454000024724971,340.74161858648984,389.0046195224768,True,446.807261097365,-1.8808447593442337,-0.005627571142026999,787.5488796838548,1.1026900733514042,0.0048042983588800214,554.9575270801566,-1.413439165112606,-0.005369043081576985,943.9621466026334,0.5806743972438229,0.004976612621801824
case_000,3.87,5.171402021440976,14.972208604596188,2.0,0.4939747824123217,0.34539999672076926,340.7416094449658,389.0046086589073,True,446.807257187359,-1.8808447389067569,-0.005627571353504834,787.5488666323248,1.1026900788773761,0.004804297824752557,554.9575413232282,-1.413439157560426,-0.005369042566488291,943.9621499821354,0.5806744154490475,0.0049766128169074775
case_000,3.875,5.17140188047988,14.972208499794597,2.0,0.4939747673611435,0.345399991054658,340.7416004395152,389.00459795704046,True,446.8072533355506,-1.880844718773498,-0.005627571561834743,787.5488537750658,1.1026900843210938,0.004804297298575733,554.9575553542829,-1.4134391501206598,-0.005369042059066853,943.9621533113234,0.5806744333832832,0.004976613009108788
case_000,3.88,5.17140174161701,14.972208396553015,2.0,0.4939747525340042,0.345399985472889,340.74159156811226,389.0045874144755,True,446.80724954107285,-1.8808446989399243,-0.005627571767063633,787.5488411091851,1.1026900896837812,0.004804296780231143,554.9575691764721,-1.4134391427916322,-0.005369041559198706,943.9621565909476,0.5806744510505627,0.004976613198448998
case_000,3.8850000000000002,5.171401604821141,14.972208294848217,2.0,0.4939747379275687,0.34539997997420674,340.7415828287616,389.0045770288366,True,446.80724580307276,-1.8808446794015776,-0.0056275719692376325,787.5488286318343,1.1026900949666454,0.004804296269602215,554.9575827929093,-1.413439135571696,-0.005369041066771274,943.9621598217459,0.58067446845486,0.004976613384970685
case_000,3.89,5.171401470061513,14.972208194657332,2.0,0.49397472353855204,0.34539997455737437,340.7415742194969,389.0045667977903,True,446.807242120712,-1.8808446601540647,-0.005627572168402151,787.5488163402089,1.102690100170873,0.004804295766574096,554.9575962066558,-1.4134391284592278,-0.005369040581673867,943.9621630044461,0.5806744856000893,0.004976613568715815
case_000,3.895,5.171401337307804,14.972208095957823,2.0,0.49397470936371807,0.34539996922117355,340.7415657383839,389.0045567190341,True,446.80723849315837,-1.880844641193051,-0.005627572364602151,787.5488042315422,1.102690105297634,0.0048042952710335984,554.957609420728,-1.4134391214526258,-0.005369040103797407,943.9621661397621,0.5806745024901058,0.0049766137497256335
case_000,3.9,5.1714012065301755,14.97220799872749,2.0,0.49397469539987865,0.3453999639644042,340.7415573835135,389.00454679030213,True,446.8072349195994,-1.8808446225142765,-0.005627572557881655,787.5487923031129,1.1026901103480826,0.004804294782869312,554.9576224381001,-1.4134391145503162,-0.005369039633034367,943.9621692284022,0.5806745191287098,0.0049766139280409405
case_000,3.9050000000000002,5.171401077699206,14.972207902944463,2.0,0.4939746816438932,0.34539995878588375,340.74154915300824,389.0045370093634,True,446.8072313992302,-1.8808446041135383,-0.005627572748284182,787.5487805522384,1.1026901153233553,0.004804294301971435,554.9576352616978,-1.413439107750745,-0.005369039169278944,943.9621722710611,0.5806745355196427,0.004976614103701815
case_000,3.91,5.17140095078592,14.972207808587198,2.0,0.4939746680926679,0.3453999536844476,340.7415410450154,389.00452737401474,True,446.8072279312587,-1.8808445859866973,-0.005627572935852587,787.5487689762741,1.1026901202245676,0.0048042938282317205,554.9576478944075,-1.4134391010523841,-0.005369038712426777,943.9621752684222,0.5806745516665901,0.004976614276747726
case_000,3.915,5.1714008257617685,14.972207715634475,2.0,0.493974654743155,0.34539994865894813,340.74153305771256,389.0045178820915,True,446.8072245149036,-1.8808445681296757,-0.005627573120629115,787.5487575726162,1.1026901250528218,0.004804293361543588,554.9576603390691,-1.413439094453726,-0.00536903826237517,943.9621782211606,0.5806745675731846,0.004976614447217587
case_000,3.92,5.171400702598649,14.972207624065383,2.0,0.49397464159235227,0.3453999437082551,340.7415251893035,389.00450853145946,True,446.8072211494007,-1.88084455053846,-0.0056275733026551755,787.5487463387042,1.102690129809207,0.004804292901802232,554.9576725984829,-1.413439087953287,-0.0053690378190228705,943.9621811299423,0.5806745832430035,0.00497661461514981
case_000,3.9250000000000003,5.171400581268847,14.972207533859331,2.0,0.4939746286373019,0.3453999388312551,340.74151743801826,389.00449932001186,True,446.8072178339887,-1.8808445332090902,-0.005627573481971904,787.548735272007,1.1026901344947895,0.004804292448904068,554.9576846754078,-1.4134390815496058,-0.005369037382270125,943.9621839954197,0.58067459867957,0.004976614780582089
case_000,3.93,5.171400461745084,14.972207444996027,2.0,0.4939746158750904,0.345399934026851,340.74150980211516,389.00449024568184,True,446.8072145679255,-1.8808445161376712,-0.005627573658619489,787.5487243700406,1.1026901391106259,0.004804292002747401,554.957696572559,-1.4134390752412425,-0.005369036952018735,943.9621868182409,0.5806746138863578,0.004976614943551727
case_000,3.935,5.171400344000476,14.972207357455483,2.0,0.49397460330284765,0.3453999292939623,340.74150227987445,389.00448130642565,True,446.8072113504752,-1.8808444993203635,-0.005627573832637733,787.5487136303497,1.1026901436577516,0.004804291563231755,554.9577082926127,-1.4134390690267769,-0.005369036528171944,943.9621895990383,0.5806746288667858,0.0049766151040953055
case_000,3.94,5.1714002280085305,14.97220727121801,2.0,0.49397459091774587,0.34539992463152436,340.74149486960584,389.00447250023296,True,446.807208180913,-1.8808444827533821,-0.005627574004065827,787.5487030505188,1.1026901481371896,0.004804291130258265,554.9577198382043,-1.4134390629048128,-0.00536903611063444,943.9621923384373,0.5806746436242226,0.004976615262248907
case_000,3.9450000000000003,5.171400113743173,14.972207186264214,2.0,0.49397457871699973,0.34539992003848863,340.7414875696417,389.00446382512666,True,446.8072050585287,-1.8808444664330026,-0.00562757417294224,787.5486926281704,1.1026901525499468,0.004804290703729619,554.9577312119327,-1.413439056873973,-0.005369035699312241,943.9621950370594,0.5806746581619896,0.00497661541804828
case_000,3.95,5.171400001178709,14.972207102574982,2.0,0.49397456669786516,0.345399915513822,340.7414803783421,389.0044552791502,True,446.8072019826203,-1.8808444503555568,-0.0056275743393049416,787.5486823609624,1.1026901568970193,0.00480429028354995,554.9577424163576,-1.4134390509329022,-0.005369035294112812,943.9621976955078,0.5806746724833549,0.004976615571528342
case_000,3.955,5.1713998902898135,14.97220702013149,2.0,0.4939745548576393,0.34539991105650664,340.7414732940869,389.0044468603852,True,446.8071989524962,-1.8808444345174269,-0.005627574503191346,787.5486722465831,1.102690161179382,0.004804289869624667,554.9577534539977,-1.4134390450802645,-0.005369034894945057,943.9622003143829,0.5806746865915406,0.004976615722723676
case_000,3.96,5.171399781051543,14.972206938915203,2.0,0.493974543193659,0.34539990666554016,340.7414663152856,389.0044385669372,True,446.8071959674728,-1.8808444189150495,-0.005627574664638424,787.5486622827584,1.1026901653979975,0.004804289461860678,554.9577643273354,-1.4134390393147418,-0.0053690345017192165,943.9622028942727,0.5806747004897184,0.004976615871668255
case_000,3.9650000000000003,5.171399673439328,14.972206858907846,2.0,0.493974531703301,0.34539990233993484,340.7414594403657,389.00443039694096,True,446.8071930268801,-1.8808444035449168,-0.005627574823682424,787.5486524672458,1.1026901695538143,0.0048042890601662225,554.9577750388172,-1.4134390336350395,-0.0053690341143468046,943.9622054357582,0.5806747141810155,0.004976616018395608
case_000,3.97,5.171399567428973,14.972206780091426,2.0,0.49397452038398104,0.3453998980787178,340.7414526677826,389.0044223485588,True,446.807190130059,-1.8808443884035728,-0.00562757498035904,787.5486427978416,1.1026901736477694,0.004804288664451095,554.9577855908533,-1.4134390280398803,-0.005369033732740669,943.9622079394121,0.5806747276685111,0.004976616162938763
case_000,3.975,5.171399462996629,14.972206702448217,2.0,0.49397450923315345,0.34539989388093056,340.7414459960138,389.00441441998134,True,446.80718727635485,-1.88084437348761,-0.005627575134703633,787.5486332723686,1.1026901776807814,0.0048042882746262006,554.9577959858167,-1.413439022528005,-0.0053690333568149895,943.962210405798,0.5806747409552385,0.00497661630533025
case_000,3.98,5.171399360118812,14.97220662596075,2.0,0.4939744982483102,0.345399889745629,340.7414394235574,389.0044066094258,True,446.80718446512924,-1.8808443587936758,-0.0056275752867507856,787.5486238886866,1.1026901816537598,0.004804287890603942,554.9578062260467,-1.4134390170981748,-0.005369032986485167,943.9622128354725,0.5806747540441879,0.0049766164456021555
case_000,3.985,5.171399258772378,14.972206550611828,2.0,0.4939744874269807,0.34539988567188296,340.7414329489357,389.0043989151329,True,446.8071816957475,-1.880844344318464,-0.005627575436534804,787.5486146446832,1.102690185567596,0.004804287512297889,554.957816313845,-1.4134390117491682,-0.005369032621667991,943.9622152289779,0.5806747669383004,0.004976616583785898
case_000,3.99,5.171399158934537,14.9722064763845,2.0,0.4939744767667313,0.34539988165877616,340.74142657069035,389.0043913353717,True,446.80717896758915,-1.8808443300587212,-0.005627575584089273,787.5486055382795,1.1026901894231702,0.0048042871396229425,554.9578262514844,-1.4134390064797844,-0.005369032262281248,943.9622175868561,0.5806747796404781,0.004976616719912674
case_000,3.995,5.17139906058282,14.972206403262073,2.0,0.4939744662651642,0.34539987770540603,340.7414202873907,389.0043838684418,True,446.80717628003754,-1.880844316011237,-0.005627575729447498,787.5485965674283,1.1026901932213518,0.004804286772495336,554.9578360411952,-1.4134390012888352,-0.005369031908244282,943.9622199096369,0.5806747921535773,0.004976616854013072
case_000,4.0,5.171398963695131,14.972206331228096,2.0,0.4939744559199176,0.3453998738108833,340.7414140976215,389.0043765126601,True,446.80717363249266,-1.8808443021728563,-0.00562757587264201,787.5485877301141,1.1026901969629952,0.004804286410832581,554.9578456851847,-1.4134389961751563,-0.005369031559477266,943.9622221978448,0.5806748044804134,0.004976616986117344
