time_s,ay_mps2,ax_mps2,speed_mps,roll_deg,pitch_deg,yaw_rate_radps,Fz_FL,jounce_FL_mm,geometric_FL_n,Fz_FR,jounce_FR_mm,geometric_FR_n,Fz_RL,jounce_RL_mm,geometric_RL_n,Fz_RR,jounce_RR_mm,geometric_RR_n
0.0,0.0,0.0,15.0,0.0,0.0,0.0,598.5082183333004,-0.0,0.0,598.5082183333004,-0.0,0.0,731.5100446295896,-0.0,-0.0,731.5100446295896,-0.0,0.0
0.01,1.5564457453646112e-18,1.1169533421866411e-18,15.0,-7.690214185456993e-20,6.525848523229256e-18,-8.36050385059357e-22,598.5082183333004,-0.0,4.612309176578372e-17,598.5082183333004,-0.0,5.424656355314361e-17,731.5100446295896,-0.0,-7.688233257189539e-17,731.5100446295896,-0.0,-6.585622092129771e-17
0.02,2.7945401668247537e-18,4.467813361824715e-18,15.0,-3.0751118349069575e-19,2.6103394052475815e-17,-5.043696727749423e-22,598.5082183333004,-0.0,9.319550574517024e-17,598.5082183333004,-0.0,1.0754380448257996e-16,731.5100446295896,-0.0,-1.525853805282008e-16,731.5100446295896,-0.0,-1.328917258749642e-16
0.03,3.787364886569916e-18,1.0052580051914078e-17,15.0,-6.917286395933165e-19,5.873263654684105e-17,4.8812006147583005e-22,598.5082183333004,-0.0,1.410022928658992e-16,598.5082183333004,-0.0,1.6010667203859926e-16,731.5100446295896,-0.0,-2.2734251597509485e-16,731.5100446295896,-0.0,-2.008731430080021e-16
0.04,4.590457542412855e-18,1.787125340864091e-17,15.0,-1.2295008532226703e-18,1.0441357598404254e-16,1.8204979679349935e-21,598.5082183333004,-0.0,1.8938348965774226e-16,598.5082183333004,-0.0,2.1209512980413666e-16,731.5100446295896,-0.0,-3.0133522712658826e-16,731.5100446295896,-0.0,-2.696189842666843e-16
0.05,5.2462317371133864e-18,2.79238334301902e-17,15.0,-1.9208022887967836e-18,1.6314621235347598e-16,3.2936021058350794e-21,598.5082183333004,-0.0,2.382193506797466e-16,598.5082183333004,-0.0,2.6362892329008995e-16,731.5100446295896,-0.0,-3.747050706533351e-16,731.5100446295896,-0.0,-3.389876930798273e-16
0.06,5.787225241209974e-18,4.021032011597232e-17,15.0,-2.76562465103132e-18,2.349305456516965e-16,4.787303402023025e-21,598.5082183333004,-0.0,2.874197319410139e-16,598.5082183333004,-0.0,3.1479819652954665e-16,731.5100446295896,-0.0,-4.475627441788198e-16,731.5100446295896,-0.0,-4.0886857188394523e-16
0.07,6.3582419207855054e-18,5.474198465202996e-17,15.0,-3.764746177366629e-18,3.198324282737984e-16,6.12646161949084e-21,598.5082183333004,-0.0,3.40102232743519e-16,598.5082183333004,-0.0,3.69490229865551e-16,731.5100446295896,-0.0,-5.254009478983894e-16,731.5100446295896,-0.0,-4.837307598936884e-16
0.08,5.636222139898005e-19,7.098837003226585e-17,15.0,-4.9154429767792775e-18,4.147526420706159e-16,4.1533607150164445e-20,598.5082183333004,-0.0,3.70815578758057e-16,598.5082183333004,-0.0,3.653861888550552e-16,731.5100446295895,-0.0,-5.417779384888885e-16,731.5100446295895,-0.0,-5.388808986736441e-16
0.09,5.0669206891191395e-17,8.808597438061006e-17,15.0,-1.1405048400120445e-17,5.14646139742568e-16,-2.4795724069526614e-19,598.5082183333005,-0.0,2.7386715392721644e-16,598.5082183333004,-0.0,5.543804606327408e-16,731.5100446295896,-0.0,-6.860652352189374e-16,731.5100446295895,-0.0,-3.6762281545965873e-16
0.1,-1.7694217215094517e-17,1.0642733255596636e-16,15.0,-1.5070985019157307e-17,6.218063232900265e-16,2.38887268943887e-19,598.5082183333005,-0.0,4.84894295000706e-16,598.5082183333005,-0.0,3.55751603834814e-16,731.5100446295895,-0.0,-4.770310544740305e-16,731.5100446295895,-0.0,-5.942889503810344e-16
0.11,-1.3131042702842093e-17,1.2442798245970082e-16,15.0,-1.581514760457818e-17,7.269759039293434e-16,1.5874232262667306e-19,598.5082183333005,-0.0,4.652087331119828e-16,598.5082183333005,-0.0,3.6733091262922925e-16,731.5100446295896,-0.0,-4.822438727867038e-16,731.5100446295895,-0.0,-5.775479980197325e-16
0.12,-6.97138845312559e-17,1.4228248275884197e-16,15.0,-1.623654186694493e-17,8.312915991418629e-16,5.336333391040093e-19,598.5082183333004,-0.0,6.381903562487112e-16,598.5082183333005,-0.0,2.0614774131591867e-16,731.5100446295895,-0.0,-3.103563836305303e-16,731.5100446295896,-0.0,-7.662144024903258e-16
0.13,-8.086828773104357e-17,1.599820160397242e-16,15.0,-1.6486481829666212e-17,9.347018928044173e-16,5.994889828627172e-19,598.5082183333004,-0.0,6.631132431229002e-16,598.5082183333005,-0.0,1.6580643446635599e-16,731.5100446295895,-0.0,-2.6328380954591694e-16,731.5100446295896,-0.0,-7.913600011614808e-16
0.14,5.164007063460927e-17,1.777425636192951e-16,15.0,-1.295876636736934e-17,1.0384686651630417e-15,-4.1912641232032214e-19,598.5082183333005,-0.0,2.6140343378861084e-16,598.5082183333004,-0.0,5.626020374961971e-16,731.5100446295896,-0.0,-6.75125770948542e-16,731.5100446295895,-0.0,-3.725294066183395e-16
0.15,5.628690134543207e-17,1.9471946368028213e-16,15.0,-1.1106147348091976e-17,1.1376569427817951e-15,-4.7654492669653945e-19,598.5082183333005,-0.0,2.3647552636583946e-16,598.5082183333004,-0.0,5.692150144941689e-16,731.5100446295896,-0.0,-6.765062952573935e-16,731.5100446295895,-0.0,-3.4510269665848035e-16
0.16,-5.45465623927255e-17,2.1149197903160522e-16,15.0,-1.3931006816067942e-17,1.2356510938373743e-15,3.8330906752159257e-19,598.5082183333004,-0.0,5.691923610603692e-16,598.5082183333005,-0.0,2.332409741024972e-16,731.5100446295895,-0.0,-3.274308113357909e-16,731.5100446295896,-0.0,-6.895460153289184e-16
0.17,-8.455904038430028e-17,2.292021011917144e-16,15.0,-1.0796593034991143e-17,1.339123253487751e-15,5.657504835681961e-19,598.5082183333004,-0.0,6.723376974791096e-16,598.5082183333005,-0.0,1.6352528056259112e-16,731.5100446295895,-0.0,-2.5679598864319354e-16,731.5100446295896,-0.0,-8.077220879456742e-16
0.18,9.718885524769694e-17,2.4697721946505994e-16,15.0,-2.320000267175607e-18,1.4429751557590227e-15,-8.535508806384182e-19,598.5082183333005,-0.0,1.1733926933800416e-16,598.5082183333004,-0.0,7.090484634667527e-16,731.5100446295896,-0.0,-8.402173980867489e-16,731.5100446295895,-0.0,-2.4982969724140106e-16
0.19,6.10688090213023e-17,2.647745164962328e-16,15.0,-1.1307671665926056e-17,1.5469566383883524e-15,-3.992986277267316e-19,598.5082183333005,-0.0,2.6258059848690163e-16,598.5082183333005,-0.0,6.123175590846972e-16,731.5100446295896,-0.0,-6.946273878025596e-16,731.5100446295895,-0.0,-3.194739131421264e-16
0.2,-1.0519890497943736e-16,2.823424473776606e-16,15.0,-1.575408007213837e-17,1.6495980393033806e-15,8.426232306693381e-19,598.5082183333004,-0.0,7.271873110587872e-16,598.5082183333005,-0.0,7.853147389597496e-17,731.5100446295895,-0.0,-1.907035936980977e-16,731.5100446295896,-0.0,-8.622669351079623e-16
0.21,-1.174009087776139e-16,3.000664204754081e-16,15.0,-1.4092253675002777e-17,1.7531511236598469e-15,8.697718696955173e-19,598.5082183333004,-0.0,7.807768599469638e-16,598.5082183333005,-0.0,6.688973580724012e-17,731.5100446295895,-0.0,-1.5327630454706888e-16,731.5100446295896,-0.0,-9.069100459203697e-16
0.22,-7.77780787967539e-17,3.1872731030279365e-16,15.0,-1.7584616347049143e-17,1.8621781847936495e-15,6.158587371129052e-19,598.5082183333012,5.551115123125783e-14,6.764640232553175e-16,598.5082183333004,-0.0,1.9254529940307443e-16,731.5100446295895,-0.0,-2.978899990951194e-16,731.5100446295896,-0.0,-8.029073225944453e-16
0.23,2.7294596006718863e-16,3.3459771071340806e-16,15.0,-2.560785900480201e-17,1.954901690038651e-15,-1.8129808207892396e-18,598.508218333301,5.551115123125783e-14,-5.406808642825398e-16,598.508218333301,5.551115123125783e-14,1.0481197013239088e-15,731.5100446295896,-0.0,-1.2921712525267775e-15,731.5100446295895,-0.0,4.1112691687083846e-16
0.24,1.8226225739352605e-16,3.4289089487531163e-16,15.0,-5.009466043495486e-17,2.0033549795107757e-15,-9.594267784451328e-19,598.508218333301,5.551115123125783e-14,-5.501288746867564e-16,598.508218333301,5.551115123125783e-14,4.584543042706308e-16,731.5100446295896,-0.0,-9.512133409194392e-16,731.5100446295896,-0.0,1.7366879027549472e-16
0.25,1.0551473522913886e-16,3.433501132425003e-16,15.0,-7.349846142545867e-17,2.0060379828110665e-15,-3.1956111044632387e-19,598.508218333301,5.551115123125783e-14,-6.024004265657155e-16,598.508218333301,5.551115123125783e-14,-7.892663867069316e-17,731.5100446295896,-0.0,-6.706468836494265e-16,731.5100446295896,-0.0,-4.8846662637765884e-17
0.26,-1.5572574833632267e-16,3.3683076186362315e-16,15.0,-8.246358770631044e-17,1.9679483885895477e-15,1.3868122868161059e-18,598.5082183333009,5.551115123125783e-14,-4.621014759564781e-17,598.5082183333009,5.551115123125783e-14,-1.0687593526731703e-15,731.5100446295896,-0.0,2.156926779108615e-16,731.5100446295896,-0.0,-8.39597207064866e-16
0.27,-1.6704821394412385e-16,3.242222930600632e-16,15.0,-9.284067453965958e-17,1.8942828607521773e-15,1.4010703765309346e-18,598.508218333301,5.551115123125783e-14,-2.223477461670604e-16,598.5082183333002,-0.0,-1.3144822525934666e-15,731.5100446295896,-0.0,2.8854912392400973e-16,731.5100446295896,-0.0,-8.595404647860097e-16
0.28,-1.0082189082540732e-15,3.085861574432361e-16,15.0,-3.8432872129229104e-17,1.8029280577625343e-15,6.528855181265115e-18,598.5082183333003,-0.0,2.1590856820648443e-15,598.5082183333003,-0.0,-3.805784020674883e-15,731.5100446295895,-0.0,2.9510222465209818e-15,731.5100446295896,-0.0,-3.532580327970769e-15
0.29,-1.8847421735056654e-16,2.9482766656467684e-16,15.0,2.1949710421511913e-17,1.7225434758909793e-15,1.6675045536962965e-19,598.5082183333003,-0.0,-2.027664454472841e-16,598.5082183333003,-0.0,-1.1901726496732835e-15,731.5100446295895,-0.0,2.751084497300893e-16,731.5100446295896,-0.0,-1.0260449763654949e-15
0.3,-9.088100221871597e-17,2.850679210811221e-16,15.0,5.267496804366363e-17,1.6655217380570042e-15,-4.0232256513912412e-19,598.5082183333003,-0.0,-3.672723714332905e-16,598.5082183333003,-0.0,-7.617214831107885e-16,731.5100446295895,-0.0,-1.112991860516367e-16,731.5100446295896,-0.0,-7.410576296078046e-16
0.31,7.326483699228876e-17,2.7895320782312743e-16,15.0,7.355284791945632e-17,1.6297962596708295e-15,-1.3228358046815712e-18,598.5082183333003,-0.0,-7.261523113463907e-16,598.5082183333004,-0.0,-1.5179221333965417e-16,731.5100446295896,-0.0,-6.948823845443031e-16,731.5100446295896,-0.0,-2.3212509350519707e-16
0.32,-9.283512708000868e-17,2.7629446229216186e-16,15.0,9.813884148970932e-17,1.6142624231697207e-15,-2.890643000338677e-20,598.5082183333003,-0.0,-1.6571800885563878e-16,598.5082183333004,-0.0,-5.69750136094438e-16,731.5100446295895,-0.0,-2.623044706928031e-16,731.5100446295896,-0.0,-8.009039107154804e-16
0.33,7.289698913777667e-17,2.757326054316227e-16,15.0,1.164491245085046e-16,1.6109797500041278e-15,-1.0331939823148762e-18,598.5082183333004,-0.0,-6.171690390785038e-16,598.5082183333004,-0.0,-3.730039020254453e-17,731.5100446295895,-0.0,-8.600863181558958e-16,731.5100446295896,-0.0,-3.0911614731235443e-16
0.34,2.6702449894378183e-16,2.7598866210375543e-16,15.0,1.1598640279162286e-16,1.6124757722573307e-15,-2.0562696932627322e-18,598.5082183333004,-0.0,-1.1886268969182004e-15,598.5082183333004,-0.0,5.104221076262764e-16,731.5100446295895,-0.0,-1.507092955937116e-15,731.5100446295895,-0.0,3.1000936279439495e-16
0.35000000000000003,2.036591388434229e-16,2.761172373352239e-16,15.0,1.0676159251908965e-16,1.6132269786441253e-15,-1.290927649436126e-18,598.5082183333004,-0.0,-9.811232093429217e-16,598.5082183333004,-0.0,3.0291815126468113e-16,731.5100446295895,-0.0,-1.3200921481893932e-15,731.5100446295895,-0.0,1.230089372953709e-16
0.36,1.565441952278345e-16,2.7624580767225943e-16,15.0,9.7605642302591e-17,1.6139781564349825e-15,-7.865645005246031e-19,598.5082183333004,-0.0,-8.292183153851901e-16,598.5082183333004,-0.0,1.5101308017580354e-16,731.5100446295895,-0.0,-1.1754396126101032e-15,731.5100446295895,-0.0,-2.1643346380657297e-17
0.37,1.2130517656048044e-16,2.763743747950731e-16,15.0,8.849491315799488e-17,1.6147293154466085e-15,-4.567880784334299e-19,598.5082183333004,-0.0,-7.170960798064674e-16,598.5082183333004,-0.0,3.8890728780381295e-17,731.5100446295895,-0.0,-1.0627744450555777e-15,731.5100446295895,-0.0,-1.343083492289446e-16
0.38,9.479678921259014e-17,2.765029398257708e-16,15.0,7.94136181108195e-17,1.6154804622349564e-15,-2.4336595392074887e-19,598.5082183333004,-0.0,-6.335889906984572e-16,598.5082183333004,-0.0,-4.461643528097481e-17,731.5100446295895,-0.0,-9.74397012977916e-16,731.5100446295895,-0.0,-2.226856747133129e-16
0.39,7.474511928862797e-17,2.7663150351064195e-16,15.0,7.035125757549525e-17,1.6162316011602532e-15,-1.0713257730518921e-19,598.5082183333004,-0.0,-5.7077781843616e-16,598.5082183333004,-0.0,-1.074276553881121e-16,731.5100446295895,-0.0,-9.045519192334563e-16,731.5100446295895,-0.0,-2.9253070041625933e-16
0.4,5.949683936558197e-17,2.767600663435114e-16,15.0,6.130088389924904e-17,1.616982735107694e-15,-2.1815459654599342e-20,598.5082183333004,-0.0,-5.230206124648051e-16,598.5082183333004,-0.0,-1.551848913226368e-16,731.5100446295895,-0.0,-8.489126018910741e-16,731.5100446295895,-0.0,-3.481699751471617e-16
0.41000000000000003,4.784279102004417e-17,2.7688862864909217e-16,15.0,5.22579286786142e-17,1.617733865974427e-15,3.01532673166089e-20,598.5082183333004,-0.0,-4.862777894697313e-16,598.5082183333004,-0.0,-1.9192773256900505e-16,731.5100446295895,-0.0,-8.042088384109263e-16,731.5100446295895,-0.0,-3.928737126716226e-16
0.42,3.8893392086018253e-17,2.770171906392114e-16,15.0,4.3219411704824976e-17,1.6184849949980623e-15,6.047563177019595e-20,598.5082183333004,-0.0,-4.57641760933247e-16,598.5082183333004,-0.0,-2.2056377175463133e-16,731.5100446295895,-0.0,-7.67955997365838e-16,731.5100446295895,-0.0,-4.2912653857226024e-16
0.43,3.1990263088728446e-17,2.7714575245066193e-16,15.0,3.4183408430332506e-17,1.6192361229778183e-15,7.690965622429112e-20,598.5082183333004,-0.0,-4.350081246494102e-16,598.5082183333004,-0.0,-2.431974138100588e-16,731.5100446295895,-0.0,-7.382570925760441e-16,731.5100446295895,-0.0,-4.588254351541105e-16
0.44,2.664325059453234e-17,2.7727431417062165e-16,15.0,2.5148692345086343e-17,1.619987250423035e-15,8.456866847940961e-20,598.5082183333004,-0.0,-4.16845045327526e-16,598.5082183333004,-0.0,-2.6136049582177054e-16,731.5100446295895,-0.0,-7.136572022456104e-16,731.5100446295895,-0.0,-4.834253216592652e-16
0.45,1.8199083266651242e-17,2.774250646012537e-16,15.0,1.6170893607581328e-17,1.62086801637624e-15,1.1757090635160964e-19,598.5082183333004,-0.0,-3.9351593963014096e-16,598.5082183333004,-0.0,-2.9313791412683077e-16,731.5100446295895,-0.0,-7.03081410297083e-16,731.5100446295895,-0.0,-5.409964127179491e-16
0.46,4.1297509654498773e-17,2.766672874840963e-16,15.0,6.083038702487783e-18,1.6164406705828538e-15,-6.634330755476638e-20,598.5082183332999,-5.551115123125783e-14,-2.802816161295383e-16,598.5082183332999,-5.551115123125783e-14,-4.908526766973094e-17,731.5100446295887,-5.551115123125783e-14,-2.9587422639196463e-16,731.5100446295887,-5.551115123125783e-14,-3.636946784228876e-18
0.47000000000000003,3.298978305835757e-17,2.741806701688203e-16,15.0,-5.091818901360899e-18,1.6019125006747334e-15,-9.655771050976032e-21,598.5082183332999,-5.551115123125783e-14,2.79089978719076e-17,598.5082183332999,-5.551115123125783e-14,2.0044504499574223e-16,731.5100446295887,-5.551115123125783e-14,3.0408776238898507e-16,731.5100446295887,-5.551115123125783e-14,5.292866222958964e-16
0.48,2.776828954516248e-17,2.709293750190461e-16,15.0,-1.6209150117459554e-17,1.5829166672317722e-15,2.4299860630559637e-20,598.5082183333004,-0.0,2.990596972224968e-16,598.5082183333004,-0.0,4.3133207585458043e-16,731.5100446295897,-0.0,7.390848618952727e-16,731.5100446295897,-0.0,9.167825129769234e-16
0.49,2.4461360353209567e-17,2.694388471924299e-16,15.0,-2.7451614962352636e-17,1.5742081935213904e-15,4.9459704848721243e-20,598.5082183333004,-0.0,2.816217129285036e-16,598.5082183333004,-0.0,3.843520818109735e-16,731.5100446295897,-0.0,5.242336149767911e-16,731.5100446295897,-0.0,6.670250284915674e-16
0.5,-1.3168478678296032e-16,2.708297096593581e-16,15.0,-3.476045490176712e-17,1.5823343680293148e-15,1.115639324318024e-18,598.5082183333004,-0.0,8.083716600546832e-16,598.5082183333004,-0.0,-1.9585825301080586e-17,731.5100446295896,-0.0,9.263758201352483e-16,731.5100446295896,-0.0,7.034303616851539e-17
0.51,-6.147197333305105e-17,2.7399654792528285e-16,15.0,-3.2435797683467835e-17,1.600836758451938e-15,4.422217513700266e-19,598.5082183333005,-0.0,6.078317374037168e-16,598.5082183333004,-0.0,2.1630463576907784e-16,731.5100446295896,-0.0,6.841817598976908e-16,731.5100446295896,-0.0,2.5297322547518314e-16
0.52,-8.346769363477539e-17,2.7798344301996835e-16,15.0,-3.5648378612301186e-17,1.6241303665940551e-15,5.94481376994823e-19,598.5082183333005,-0.0,6.82680268673488e-16,598.5082183333005,-0.0,1.576386513567431e-16,731.5100446295896,-0.0,7.009340490403137e-16,731.5100446295896,-0.0,1.2690317129713251e-16
0.53,-3.547882634638921e-17,2.833047788098166e-16,15.0,-3.318381392658494e-17,1.6552205025864905e-15,1.6638053545764358e-19,598.5082183333005,-0.0,5.66390868836625e-16,598.5082183333005,-0.0,3.3702217146185166e-16,731.5100446295896,-0.0,5.078300742339431e-16,731.5100446295896,-0.0,2.2941831871919227e-16
0.54,5.036933490859386e-17,2.891942360843557e-16,15.0,-3.412766707235947e-17,1.6896299130838277e-15,-4.550628845872647e-19,598.5082183333005,-0.0,2.79061792815449e-16,598.5082183333004,-0.0,5.601810201164521e-16,731.5100446295896,-0.0,1.5690046064960177e-16,731.5100446295896,-0.0,4.1754225827678696e-16
0.55,-6.801626100515899e-17,2.9543474806193987e-16,15.0,-3.4190270462739664e-17,1.7260903759652819e-15,3.8403814115936537e-19,598.5082183333005,-0.0,6.54533837882524e-16,598.5082183333005,-0.0,2.3150966495635474e-16,731.5100446295896,-0.0,5.646695931800519e-16,731.5100446295896,-0.0,7.898512373136755e-17
0.56,9.941193381806094e-17,3.0212848058957356e-16,15.0,-3.9816432858666513e-17,1.765198799639304e-15,-7.209663834221753e-19,598.5082183333005,-0.0,1.7139542074205618e-16,598.5082183333005,-0.0,7.30558752227941e-16,731.5100446295896,-0.0,-2.684301312191144e-17,731.5100446295896,-0.0,5.464500309944828e-16
0.5700000000000001,-1.9094424743904376e-16,3.095678090298261e-16,15.0,-3.2845943293697076e-17,1.808663399888942e-15,1.2181946212384846e-18,598.5082183333004,-0.0,9.928165902352386e-16,598.5082183333005,-0.0,-1.5669419199277856e-16,731.5100446295896,-0.0,8.270973913161165e-16,731.5100446295896,-0.0,-4.3601453413067383e-16
0.58,-3.7650617466062654e-16,3.1720377401887606e-16,15.0,-1.8215412709701776e-17,1.8532768577346106e-15,2.382602094728998e-18,598.5082183333011,5.551115123125783e-14,1.4878316022141946e-15,598.5082183333004,-0.0,-7.378530875207479e-16,731.5100446295896,-0.0,1.3645632413661673e-15,731.5100446295896,-0.0,-1.0678956504457007e-15
0.59,1.915189301269063e-16,3.227613264670299e-16,15.0,-2.4908649847107064e-19,1.8857470998358184e-15,-1.7747246351570718e-18,598.508218333301,5.551115123125783e-14,-3.6056228989144566e-16,598.508218333301,5.551115123125783e-14,8.183123781844449e-16,731.5100446295896,-0.0,-3.948038488764057e-16,731.5100446295896,-0.0,7.628604404150255e-16
0.6,1.5728209623527377e-16,3.2185857397146415e-16,15.0,-1.2123029020960465e-17,1.880472729083235e-15,-1.2362557218043307e-18,598.508218333301,5.551115123125783e-14,-5.521754348960829e-16,598.508218333301,5.551115123125783e-14,3.839367407966009e-16,731.5100446295896,-0.0,-2.7213857863331705e-16,731.5100446295896,-0.0,6.901847882868826e-16
0.61,-2.073437074431206e-16,3.1486457302836697e-16,15.0,-2.8484781215357177e-18,1.8396099741210424e-15,1.2768928924288811e-18,598.5082183333004,-0.0,4.368726188676285e-16,598.5082183333004,-0.0,-7.798012133186194e-16,731.5100446295896,-0.0,8.521153688412996e-16,731.5100446295896,-0.0,-4.818043751872545e-16
0.62,-1.5981759723443418e-16,3.0917568694605927e-16,15.0,1.875655962896349e-17,1.8063724095452755e-15,7.635704228889103e-19,598.5082183333004,-0.0,3.2809137548964e-16,598.5082183333004,-0.0,-5.706501346376842e-16,731.5100446295896,-0.0,6.274695940436246e-16,731.5100446295896,-0.0,-3.9989740984318626e-16
0.63,-1.2426208080515881e-16,3.0572071080644e-16,15.0,4.016195167455733e-17,1.786186561052815e-15,4.2903411529604096e-19,598.5082183333004,-0.0,2.5962523437186483e-16,598.5082183333004,-0.0,-4.0181422100623936e-16,731.5100446295896,-0.0,4.3498086595168467e-16,731.5100446295896,-0.0,-3.501474019104278e-16
0.64,-9.749781400077365e-17,3.044996434601046e-16,15.0,6.138386905163109e-17,1.7790524219282154e-15,2.1372122300319938e-19,598.5082183333004,-0.0,2.2014895434131118e-16,598.5082183333004,-0.0,-2.6196821033299887e-16,731.5100446295896,-0.0,2.669112586698015e-16,731.5100446295896,-0.0,-3.2481645524180916e-16
0.65,-8.595987610836846e-17,3.0548995853677816e-16,15.0,8.18753396730553e-17,1.784838380872561e-15,1.4981710640217904e-19,598.5082183333004,-0.0,2.2914785291383986e-16,598.5082183333004,-0.0,-1.689803791747022e-16,731.5100446295896,-0.0,1.443731639733854e-16,731.5100446295896,-0.0,-3.4576098934478765e-16
0.66,4.230394193549192e-16,3.084196346038759e-16,15.0,9.522534541620829e-17,1.8019551408247555e-15,-3.3715259662024784e-18,598.5082183333003,-0.0,-1.2957818401060148e-15,598.5082183333011,5.551115123125783e-14,1.3347639787674659e-15,731.5100446295896,-0.0,-1.5190058856888992e-15,731.5100446295896,-0.0,1.2287016321075042e-15
0.67,6.851896439799386e-16,3.110418268489235e-16,15.0,4.1456237800325416e-17,1.8172754131617066e-15,-4.305537514648055e-18,598.5082183333004,-0.0,-1.9973412598460345e-15,598.5082183333004,-0.0,2.0554898860529524e-15,731.5100446295896,-0.0,-2.4135732253717224e-15,731.5100446295896,-0.0,2.029592936895901e-15
0.68,5.707486489177258e-16,3.157421735884278e-16,15.0,-2.3005804994405177e-17,1.844737393595563e-15,-2.8380571091319237e-18,598.5082183333004,-0.0,-1.5425349733114434e-15,598.5082183333004,-0.0,1.7117903417578717e-15,731.5100446295896,-0.0,-2.1250411322812683e-15,731.5100446295895,-0.0,1.5914827560201998e-15
0.6900000000000001,-5.271340282648411e-16,3.2084983098748574e-16,15.0,-5.0837755708380035e-17,1.8745791042882853e-15,4.817086565535758e-18,598.5082183333011,5.551115123125783e-14,1.6517466118792125e-15,598.5082183333003,-0.0,-1.6303885146134717e-15,731.5100446295896,-0.0,1.363703053998221e-15,731.5100446295896,-0.0,-1.896716238260943e-15
0.7000000000000001,-7.218755010201379e-16,3.2176809116403635e-16,15.0,3.645068395759423e-18,1.879944079342079e-15,5.000128149840237e-18,598.5082183333009,5.551115123125783e-14,1.8947723019816705e-15,598.508218333301,5.551115123125783e-14,-2.3803675022832704e-15,731.5100446295896,-0.0,2.095659614161623e-15,731.5100446295896,-0.0,-2.4685454669302833e-15
0.71,3.3167670755462876e-16,3.163711108172481e-16,15.0,3.323684068888096e-17,1.8484119867328778e-15,-2.8564628566544484e-18,598.5082183333003,-0.0,-1.4050199445569372e-15,598.508218333301,5.551115123125783e-14,6.459151699219335e-16,731.5100446295896,-0.0,-1.230904020111452e-15,731.5100446295896,-0.0,8.409690367107387e-16
0.72,3.405280926469156e-16,3.101940997328504e-16,15.0,-5.535127350927008e-18,1.8123225305840897e-15,-2.2250382862655416e-18,598.5082183333004,-0.0,-1.3606941580857299e-15,598.5082183333003,-0.0,6.413053216780687e-16,731.5100446295896,-0.0,-1.3683584900381273e-15,731.5100446295896,-0.0,7.938876499610403e-16
0.73,2.4893611959548694e-16,3.0679094893707134e-16,15.0,-3.7612067388760265e-17,1.7924394739189976e-15,-1.256771784691837e-18,598.5082183333004,-0.0,-1.0012258637867791e-15,598.5082183333004,-0.0,3.978252894673876e-16,731.5100446295896,-0.0,-1.1605750925962707e-15,731.5100446295896,-0.0,4.211540322552821e-16
0.74,1.0172557545838483e-16,3.0540368920711084e-16,15.0,-6.621456229075888e-17,1.7843343485586355e-15,-9.633962048790189e-20,598.5082183333004,-0.0,-5.073474006866377e-16,598.5082183333004,-0.0,-1.8866918480630646e-17,731.5100446295896,-0.0,-7.351070750428728e-16,731.5100446295895,-0.0,-1.0488626036906148e-16
0.75,2.518085658229447e-16,3.057699737107809e-16,15.0,-9.876087848805144e-17,1.7864743817158644e-15,-1.0640731054147102e-18,598.5082183333004,-0.0,-9.061900368923075e-16,598.5082183333004,-0.0,4.3772845424603135e-16,731.5100446295896,-0.0,-1.2607290814909507e-15,731.5100446295895,-0.0,2.853980526201678e-16
0.76,-5.413952271815593e-16,3.062338073925681e-16,15.0,-1.0243402234602086e-16,1.789184350192604e-15,4.2030527885279465e-18,598.5082183333004,-0.0,1.3684381078986266e-15,598.5082183333004,-0.0,-1.9709238997156387e-15,731.5100446295895,-0.0,1.2580455224456238e-15,731.5100446295896,-0.0,-2.2464929313571427e-15
0.77,-2.5536624303750993e-16,3.07170979537068e-16,15.0,-8.479719282333328e-17,1.794659819242389e-15,1.726578068810438e-18,598.5082183333004,-0.0,5.79972928487346e-16,598.5082183333004,-0.0,-1.0003228869215978e-15,731.5100446295895,-0.0,3.6977078797547506e-16,731.5100446295896,-0.0,-1.3619281103187138e-15
0.78,-9.442179414450034e-17,3.1005028643327327e-16,15.0,-8.941335742152898e-17,1.81148229512105e-15,6.028556046466098e-19,598.5082183333011,5.551115123125783e-14,1.310274039893472e-16,598.5082183333003,-0.0,-4.986694810157834e-16,731.5100446295895,-0.0,-1.6873558497028143e-16,731.5100446295896,-0.0,-8.88551223316298e-16
0.79,-7.819608288300171e-16,3.112689603420569e-16,15.0,-3.634015038125111e-17,1.8186024504825663e-15,4.753534723317461e-18,598.5082183333003,-0.0,2.0340688898573232e-15,598.5082183333004,-0.0,-2.567377954249425e-15,731.5100446295895,-0.0,2.0206134925279183e-15,731.5100446295896,-0.0,-3.053747584644349e-15
0.8,-4.09137377040219e-16,3.1330689820674465e-16,15.0,2.645881874742177e-17,1.830509191169397e-15,1.6106794719508145e-18,598.5082183333004,-0.0,9.290949931761206e-16,598.5082183333004,-0.0,-1.3548077196049466e-15,731.5100446295895,-0.0,7.617074833208832e-16,731.5100446295896,-0.0,-1.939427417040448e-15
0.81,6.7730246047107e-16,3.1564603610783414e-16,15.0,4.328295780533825e-17,1.8441757061802845e-15,-5.785331429704961e-18,598.5082183333003,-0.0,-2.3882027541983595e-15,598.508218333301,5.551115123125783e-14,1.7697487842822753e-15,731.5100446295896,-0.0,-2.669724141574072e-15,731.5100446295895,-0.0,1.5409555979139852e-15
0.8200000000000001,3.147040791569509e-16,3.1663055486653354e-16,15.0,1.7503792568044335e-19,1.84992779988455e-15,-2.2017208038545293e-18,598.5082183332999,-5.551115123125783e-14,-1.1521286101035071e-15,598.5082183332999,-5.551115123125783e-14,7.136467102144504e-16,731.5100446295887,-5.551115123125783e-14,-1.4850080039421628e-15,731.5100446295886,-5.551115123125783e-14,5.064080879393604e-16
0.8300000000000001,-9.106397663476012e-17,3.1747006470415837e-16,15.0,-2.0937450407451786e-17,1.8548326726551308e-15,9.800026557676625e-19,598.5082183333005,-0.0,1.4847500912776353e-16,598.5082183332997,-5.551115123125783e-14,-4.454474325929037e-16,731.5100446295887,-5.551115123125783e-14,6.902624311392966e-17,731.5100446295887,-5.551115123125783e-14,-4.894348009118577e-16
0.84,-3.6871078754098585e-16,3.150143202240711e-16,15.0,1.2197364038835522e-17,1.8404848786305097e-15,2.411025653756499e-18,598.5082183332999,-5.551115123125783e-14,1.1465795653792e-15,598.5082183332999,-5.551115123125783e-14,-1.016548016034872e-15,731.5100446295887,-5.551115123125783e-14,1.5333020405479401e-15,731.5100446295888,-5.551115123125783e-14,-7.990430670265502e-16
0.85,-1.834864769805628e-16,3.1154727040901353e-16,15.0,4.596481198809624e-17,1.8202284891637284e-15,7.913389995727026e-19,598.5082183333004,-0.0,7.832676996732313e-16,598.5082183333004,-0.0,-2.2009478767604993e-16,731.5100446295897,-0.0,1.250258474216545e-15,731.5100446295897,-0.0,9.265226531708877e-17
0.86,-1.175068406342978e-16,3.0986565107755864e-16,15.0,7.513303295482295e-17,1.8104035550180232e-15,2.2746784762110854e-19,598.5082183333004,-0.0,5.686890123040026e-16,598.5082183333004,-0.0,-8.542546408644672e-18,731.5100446295896,-0.0,9.10777407657569e-16,731.5100446295897,-0.0,1.955872263404358e-16
0.87,3.427381402420593e-16,3.095997160325524e-16,15.0,6.766445309252044e-17,1.808849817941297e-15,-2.6013163837238638e-18,598.5082183333004,-0.0,-7.345146098546662e-16,598.5082183333004,-0.0,1.375178597641383e-15,731.5100446295897,-0.0,-6.129008961354565e-16,731.5100446295896,-0.0,1.6176028642927806e-15
0.88,1.936881913382203e-16,3.1158870627744604e-16,15.0,5.294639172467459e-17,1.8204705800287682e-15,-1.1897203503491733e-18,598.5082183333004,-0.0,-2.248391116134035e-16,598.5082183333004,-0.0,9.516985442846118e-16,731.5100446295896,-0.0,-2.2592920521846965e-16,731.5100446295896,-0.0,1.088164891953969e-15
0.89,3.2335289155280376e-16,3.1485520722974427e-16,15.0,4.16440839434146e-17,1.8395552540348917e-15,-1.9801895492139406e-18,598.5082183333004,-0.0,-5.998317959606273e-16,598.5082183333011,5.551115123125783e-14,1.3259166574694745e-15,731.5100446295897,-0.0,-6.44786801911408e-16,731.5100446295896,-0.0,1.4873200216946216e-15
0.9,5.950101242170307e-16,3.1636752180910137e-16,15.0,-2.733652136684421e-17,1.8483910177965496e-15,-3.095622783555245e-18,598.5082183333012,5.551115123125783e-14,-1.4733260183599575e-15,598.5082183333003,-0.0,1.9300175821601207e-15,731.5100446295897,-0.0,-1.5697840176167566e-15,731.5100446295896,-0.0,2.2837642255166505e-15
0.91,-4.438963002353264e-16,3.154970639192174e-16,15.0,-3.435485975836836e-17,1.8433053296834617e-15,3.86586984094471e-18,598.5082183333011,5.551115123125783e-14,1.4874438983358337e-15,598.5082183333003,-0.0,-1.25039464591787e-15,731.5100446295896,-0.0,1.7002801668269386e-15,731.5100446295896,-0.0,-1.0576066412643684e-15
0.92,-5.10554277748368e-16,3.160252614481321e-16,15.0,-1.6541983847961143e-18,1.8463913467388326e-15,3.632891987842443e-18,598.5082183333004,-0.0,1.7379832637402429e-15,598.5082183333004,-0.0,-1.298836466836415e-15,731.5100446295896,-0.0,1.8269806222005944e-15,731.5100446295896,-0.0,-1.3947539421591907e-15
0.93,4.592118820556252e-16,3.184159809927935e-16,15.0,1.1125635402837693e-17,1.8603592297476618e-15,-3.456006170929884e-18,598.5082183333003,-0.0,-1.213197505711617e-15,598.5082183333011,5.551115123125783e-14,1.5468149720423142e-15,731.5100446295896,-0.0,-1.2597374313204083e-15,731.5100446295896,-0.0,1.6253189328814205e-15
0.9400000000000001,-8.381302969781692e-17,3.1933442768546534e-16,15.0,-2.555614382846141e-17,1.865725294530013e-15,9.369517976793128e-19,598.5082183333011,5.551115123125783e-14,3.924780663061447e-16,598.5082183333003,-0.0,-1.6033017014889323e-16,731.5100446295896,-0.0,4.200329018566018e-16,731.5100446295896,-0.0,-1.0101565175836935e-16
0.9500000000000001,-5.492243605843001e-16,3.179210392071372e-16,15.0,3.4510172952662296e-17,1.8574675108199166e-15,3.278401879516026e-18,598.5082183333003,-0.0,1.5540874541580878e-15,598.5082183333011,5.551115123125783e-14,-1.6202964999245805e-15,731.5100446295896,-0.0,1.927253948865844e-15,731.5100446295896,-0.0,-1.5676323841265576e-15
0.96,3.9821948174178426e-16,3.13559142154407e-16,15.0,4.229763509069682e-17,1.831982937413912e-15,-3.289851656883683e-18,598.5082183333004,-0.0,-1.3367768931198782e-15,598.5082183333004,-0.0,1.112628655175988e-15,731.5100446295896,-0.0,-1.0879488502943272e-15,731.5100446295896,-0.0,1.4211641480191137e-15
0.97,3.741066026704478e-16,3.106918997267411e-16,15.0,1.0996193717715252e-17,1.815230948717864e-15,-2.510444419077369e-18,598.5082183333004,-0.0,-1.1060749282133527e-15,598.5082183333004,-0.0,1.1133205329258453e-15,731.5100446295896,-0.0,-1.1281864291337875e-15,731.5100446295896,-0.0,1.2624976563484093e-15
0.98,2.913065558283445e-16,3.1095163685385646e-16,15.0,-2.3263188479887805e-17,1.8167484741895145e-15,-1.531110907125064e-18,598.5082183333004,-0.0,-7.760812954388506e-16,598.5082183333004,-0.0,8.836962112370362e-16,731.5100446295896,-0.0,-9.399738767016805e-16,731.5100446295896,-0.0,9.315470399670213e-16
0.99,-3.4532251644149894e-17,3.133221648790703e-16,15.0,-5.5364902211249884e-17,1.8305983873670254e-15,9.632886461170217e-19,598.5082183333011,5.551115123125783e-14,2.2552541760144e-16,598.5082183333003,-0.0,-9.661784460413838e-17,731.5100446295896,-0.0,4.27775818637558e-17,731.5100446295896,-0.0,-1.6031775738323946e-16
1.0,1.3325384162123418e-05,-1.5796536431929173e-09,15.000000256312624,-4.2720859738724784e-08,-9.229192408188097e-09,-6.637822769796112e-07,598.50829432219,3.267169867982034e-07,-6.97149539185104e-05,598.5080170813803,-6.0128124701464e-07,6.88365434214607e-05,731.5103756791376,5.573552730453457e-07,-4.848736164638926e-06,731.5098527400116,-3.3276548183636123e-07,6.097240283718362e-06
1.01,0.3263963520303303,-0.3340559226942467,14.998330573530046,0.0009998211442781978,0.00024374559956563666,0.0039006084266428047,595.8456309472984,-0.00723153946846633,-1.8063092380047276,602.0414268788209,0.014486943230751503,1.8259464976301136,729.4454867769555,-0.013379705666671793,0.006314502529378882,732.6186022808387,0.007452308350974768,-0.014247452235993557
1.02,0.56601944528061,-0.6689514486149546,14.9933169145565,0.006819493284073512,0.0018979996168790438,0.013776806564104759,592.4568751010448,-0.04579925435993504,-3.0520443447302905,608.2401331100839,0.10233628701483699,3.13559315965015,723.6524585680344,-0.09410203513127158,-0.07132545362523211,735.3103956831286,0.04798715761594741,0.04161035626378333
1.03,0.7759341368602235,-1.0041285209446797,14.984954610121669,0.019780468463550804,0.006216415480041191,0.027636628942849222,588.6119322903724,-0.12218438549932431,-3.9894870597433605,617.0612383564996,0.30749421604892024,4.185909362473283,714.608013048019,-0.28152055855473757,-0.30764361235554755,738.842385098402,0.13062014088949248,0.24867239260297366
1.04,0.9855411835574525,-1.3393198470872791,14.973243346830394,0.04058159192544213,0.014256577584409789,0.044185872440301505,584.5662177178262,-0.2281109507836776,-4.763010473588095,628.3865427080606,0.6534172167896313,5.12420456041645,702.6904284105983,-0.5956488208239685,-0.7188019116820263,742.6792437915433,0.24989860521573704,0.6334754502743438
1.05,1.2085673168052096,-1.6744173549661674,14.958184431332578,0.06903780607487495,0.0268630712810369,0.06258003231778343,580.54446583289,-0.3488313996176662,-5.453278615592488,642.0451692176019,1.150832693185888,6.033135413444455,688.2292946919179,-1.044660687560539,-1.2909622874098843,746.4348557702898,0.39379262594491093,1.1948525414577074
1.06,1.4500791960160675,-2.0094026282157684,14.939779627527411,0.10450225109771479,0.044660372074821805,0.08226815737805773,576.7328059798615,-0.46783137184985835,-6.1038704458198945,657.8278795036671,1.8022030215645302,6.957153237701168,671.5328187105603,-1.6292156684133419,-1.9967370933863258,749.8348244109474,0.5481642599637349,1.9188402668868267
1.07,1.710521343057042,-2.3443083733315713,14.918030488545057,0.14610587316666193,0.0680539939257244,0.10289321644749665,573.2757982702835,-0.5694338577281188,-6.737080176436532,675.4973585235623,2.6043259888148262,7.917915272947045,652.9011215223229,-2.344987863999781,-2.8043099341686455,752.6918445650183,0.6992307643168827,2.786812447167252
1.08,1.9880260385945998,-2.6791954229303436,14.892937976306824,0.19289378175049318,0.09723858424921436,0.12422684352240111,570.2765231568724,-0.6401817335595084,-7.363265218629013,694.7966748651443,3.5499140039700894,8.923399831590476,632.6312232505686,-3.1842068887308894,-3.6822603611142246,754.888574935813,0.8348645329811499,3.7797757258348224
1.09,2.279715577185634,-3.0141377880791884,14.864502266820121,0.2439029916528295,0.13221183307670162,0.14612571777487016,567.7986134872849,-0.6694982765322877,-7.986315166488803,715.4569432848584,4.628622125797621,9.973414032394935,611.0171165217351,-4.1366599641847746,-4.6019023877873355,756.3648671905804,0.9452106258051596,4.880464109334053
1.1,2.5824222101352574,-3.3492124132742713,14.832722679255264,0.29820720423307767,0.17279312145933995,0.16850190702836718,565.8695419202166,-0.6499182851295582,-8.606798328550829,737.2045715459162,5.827789603114752,11.063032852847707,588.347062347398,-5.190407382630879,-5.538230540407722,757.1074954022213,1.0229042652769027,6.074190415598377
1.11,2.8930730098494726,-3.6844922271307747,14.797597684572583,0.35494298946914293,0.21864586142791106,0.19130252454826274,564.4847234800055,-0.5770598032417418,-9.22372101402358,759.7681254958513,7.133036931597614,12.18482592770374,564.8994718366772,-6.332346661204746,-6.470117183719614,757.141332851964,1.0630522477227955,7.349014719631916
1.12,3.2088828191937577,-4.020041883829876,14.759124959463428,0.41332525680390414,0.26930249750237417,0.2144957879196879,563.612133114184,-0.44943639143524283,-9.835465832366085,782.8846853289149,8.52878983972738,13.330342339414326,540.9382723656556,-7.548694002457279,-7.3801323774469845,756.521405460282,1.0630740151885143,8.695558918339312
1.1300000000000001,3.5274379022106577,-4.355915833095841,14.717301458704483,0.47265624578352605,0.3241911652022067,0.23806157363304256,563.1972201754922,-0.26817024120712185,-10.440254651675781,806.305514659047,9.998761802868794,14.49111138701901,516.7083664681412,-8.825414335188853,-8.254193569336572,755.3255352992653,1.0224592581084546,10.106659808680009
1.1400000000000001,3.846717525439568,-4.692158348398985,14.672123485365168,0.5323302236459122,0.3826630474504289,0.2619851683423369,563.1679517213772,-0.03664389169694138,-11.036346776484407,829.8008732168097,11.526404801384228,15.659303513830821,492.43159770321296,-10.14861079931756,-9.0811544659469,753.6474548112657,0.9424767226174358,11.576970156127514
1.1500000000000001,4.165140891459953,-5.028806928867829,14.623587872467573,0.591834988642739,0.44401953488724133,0.28625050907673366,563.4401751813912,0.2398842536852075,-11.622384814946148,853.1630987150767,13.095326942500652,16.828475366118507,468.30485656230667,-11.504874208418393,-9.852428246328387,751.5895875559979,0.8258565339147594,13.10258870955782
1.16,4.161407273516638,-5.014254326549009,14.573444350845918,0.6497873628214575,0.5072980802198782,0.3070357935825463,566.223322480697,0.5617858735000869,-10.731538873411477,872.4815388905245,14.675850194192153,15.884885676173836,446.4818534862939,-12.868414118265392,-10.605246753374765,748.2284520386531,0.6695659444392321,14.680573852816352
1.17,4.248488123117304,-5.002630410858464,14.523422286827087,0.7022306171507452,0.5706338495483719,0.3222909905774388,569.8249378777473,0.9446362670236241,-10.352459878806581,888.9319899209836,16.197609659403756,15.502340103475243,428.6210350744215,-14.174979017251788,-11.322622675930905,743.3057154576793,0.4554240325822523,16.213199095262567
1.18,4.372348201796853,-4.992500850126548,14.47349724613383,0.7468563066911286,0.6321052054863429,0.3339025161494245,573.8097262050196,1.3852242745245325,-10.250775688482452,902.5008076086865,17.60726502730514,15.407472100519337,414.25223072571606,-15.376838969174134,-11.964936745005051,737.7432512121156,0.1830776712480886,17.619110570831964
1.19,4.504086420598031,-4.983109812697693,14.42365701428116,0.7831069825379593,0.6900257271316571,0.343019485387975,577.7649547551263,1.8646252716641998,-10.28764005145421,913.2851660060109,18.873800028626096,15.441411292229208,402.9985643904384,-16.447564053442388,-12.527917704941686,732.2535449866481,-0.13264132737694778,18.86985797415465
1.2,4.629361338658315,-4.974135363735189,14.373895673392836,0.8114058379420982,0.7429735532185728,0.35032489167338127,581.3273172012945,2.357060324834237,-10.383206542693161,921.4583980056224,19.980645463453016,15.51718852671343,394.5356174859721,-17.37430007982238,-13.020812508740672,727.3759296731757,-0.4700449468615364,19.963477820897737
1.21,4.741877957039966,-4.965521487889551,14.324209790546597,0.8326874740763698,0.7898104619100804,0.3562162884794533,584.1997909593833,2.8353112973550365,-10.49307008000068,927.242566798983,20.92089975236672,15.590890701633908,388.56745651644076,-18.15307696848939,-13.455937119386506,723.5004251398744,-0.8056757973557427,20.909794992089314
1.22,4.839566874649136,-4.957365889444926,14.274596118564336,0.8481093333200742,0.8296906338344581,0.36092223149253,586.161007337446,3.27400541495676,-10.593810077787774,930.8870309528882,21.69434409471388,15.643378314415274,384.81467502842156,-18.78588834196837,-13.844192288108548,720.8843609861434,-1.1174002205686095,21.72258752988899
1.23,4.922408038868255,-4.949843881461125,14.225050308157295,0.8588715180712324,0.8620596255820222,0.36457623940883394,587.0687823187063,3.6515686188794416,-10.674246964188544,932.6519627202772,22.30548139514521,15.669060926579334,383.0096200925642,-19.278789447962964,-14.193572016074663,719.6660527813649,-1.3862608666467824,22.41561601471206
1.24,4.991237337487935,-4.9431556954583336,14.175566318168302,0.8661043164816062,0.8866444013415267,0.3672629874995353,586.8588768655386,3.9513075760648775,-10.730196339432949,932.796067610526,22.762175095257795,15.669192393316639,382.8954344108201,-19.64059465510498,-14.50910107263804,719.8781243046834,-1.5975176468995267,23.00082475601059
1.25,5.047129218438356,-4.937489692499224,14.126136308477218,0.8708001118210122,0.9034355347934524,0.3690464837958169,585.5398242321949,4.161894225720886,-10.761337253647865,931.5678941667998,23.074655019482805,15.647972920654494,384.2267590564337,-19.881941185391273,-14.793378775592194,721.4617901265847,-1.741129811782871,23.48776556625877
1.26,5.091110742106501,-4.93299728383431,14.076750859733023,0.8737761555276348,0.9126628602849386,0.3699865238191267,583.1845946920687,4.277421108934975,-10.76935745249809,929.2001973434778,23.254764650855964,15.61036240192028,386.7708479156416,-20.014591498781876,-15.047304175712634,724.282497536704,-1.8118334075514775,23.88370551115453
1.27,5.1240603307123465,-4.929777205585384,14.027399401174481,0.8756599558080511,0.9147659502792876,0.37014747344776033,579.9198794184525,4.297138413431489,-10.756871825530702,925.9068381984717,23.315381465208564,15.56092395632944,390.30846792109594,-20.050904314830365,-15.27077156482091,728.1467170814009,-1.8089160814931393,24.194095190026395
1.28,5.146702823775432,-4.927867644898535,13.978070752405973,0.8768917185414622,0.9103608324798516,0.3696020187791975,575.9138014718304,4.224953824453037,-10.726808519014353,921.881695280182,23.269970464008026,15.503281639772826,394.6343651703757,-20.003433838740815,-15.463241902168278,732.8193052572013,-1.7357648171268392,24.423187652590894
1.29,5.159647725000318,-4.927244996902839,13.928753703170152,0.877739550321358,0.9002043479894164,0.3684316553872564,571.3628704574111,4.068761398769549,-10.682074623450276,917.2990544710412,23.132243866187007,15.439940493428937,399.5573244093447,-19.884630704868066,-15.624160741307135,738.0406850994024,-1.5992495626513392,24.574665314831822
1.3,5.1634396629055725,-4.927828040448492,13.879437570823868,0.8783237167826553,0.8851574951096507,0.36672514860547073,566.4789654374867,3.839657989484546,-10.625384670781862,912.3149558537312,22.91590493885226,15.372317180004408,404.8999791238546,-19.70662402750162,-15.753229151755495,743.5430614534287,-1.4089994025979213,24.65218104909004
1.31,5.158604431428682,-4.929486243504976,13.830112690011077,0.8786465672070263,0.866149007908902,0.3645758460363841,561.4770521256986,3.551100700637244,-10.559179934762973,907.06901901799,22.63445583039081,15.300889226407,410.49857223577413,-19.48106627472762,-15.85055240230433,749.0649693174905,-1.1766235992496932,24.659760741361314
1.32,5.145683273549103,-4.932050854410159,13.780770803373391,0.8786250186655647,0.8441402915219163,0.36207848061318976,556.5642194665566,3.218053994607284,-10.485595493102485,901.6863425964532,22.301050559949243,15.225405697196127,416.2028483296596,-19.21902398838099,-15.916697855076793,754.3636090633413,-0.914925242032627,24.60204937549924
1.33,5.125253821402926,-4.93532745604587,13.731405335778094,0.8781228524668866,0.8200926845355632,0.35932592095743354,551.9304692676428,2.85616922108195,-10.406451127780139,896.2791724951849,21.928376275906825,15.14512203836186,421.87620042865507,-18.93089899216449,-15.952692609057666,759.2246161961241,-0.6371493681488483,24.484409302300246
1.34,5.097939254009806,-4.939108770689813,13.682011546900457,0.8769805443949086,0.7949378503797717,0.3564061829185016,547.7415267922614,2.4810321693183313,-10.323254606515258,890.9481441850212,21.528548906968147,15.059033323153416,427.3961184055163,-18.626367160783975,-15.95998606349548,763.4691145336129,-0.356300085895378,24.31289626923295
1.35,5.064408525395026,-4.943186693022127,13.632586567469504,0.8750409095315489,0.7695519219109976,0.35339990235948354,544.1337770599251,2.107506003099169,-10.237213495217745,885.7830140752466,21.11301323088005,14.96608727553072,432.6549097562859,-18.31432503441599,-15.940395355813171,766.9580861516399,-0.08455279552410655,24.094146300896384
1.36,5.025370611201342,-4.947362772843679,13.583129332610175,0.8721694464661764,0.7447338434176496,0.350378380191686,541.2112856732894,1.7491881605342097,-10.149255542737764,880.8628914896229,20.692441724479593,14.86536366325217,437.5605998389504,-18.002838222747787,-15.89604458049585,769.5942433154947,0.16722131817942243,23.835206605965524
1.37,4.981565183862538,-4.951456637391783,13.53364043124632,0.8682688596167293,0.7211881784208919,0.34740224319971996,539.0447446545822,1.4179911332490858,-10.060058770963721,876.2560576544763,20.27663079096914,14.756211209011042,442.03787586998016,-17.699089200833907,-15.829303104244529,771.3216990834441,0.3898100626935075,23.54333914238125
1.3800000000000001,4.933751382540779,-4.955312106521528,13.48412189346794,0.8632877719786838,0.6995124852863052,0.34452071468335216,537.6720983664711,1.1238490828249237,-9.970091578739412,872.0195071278396,19.87439659546292,14.638337551910924,446.0289200046691,-17.409325322592593,-15.742724695753374,772.1238031486494,0.575893720141829,23.225818971234883
1.3900000000000001,4.882695668103952,-4.958800988325259,13.434576938337178,0.8572240764141161,0.6801892101685186,0.34177145331480474,537.1005527285912,0.8745454709873646,-9.879661320551943,868.1983699500264,19.49347542718044,14.511852007208198,449.4939812141974,-17.138810338991117,-15.638987514152666,772.0195412685756,0.7201632924593859,22.889743005712365
1.4000000000000001,4.829159274337938,-4.961824731165378,13.38500970321245,0.8501236904902247,0.6635819115117121,0.339180893224687,537.3096495281377,0.6756515578567046,-9.788967798594214,864.825372292448,19.14043507006069,14.377264681404878,452.41155839439296,-16.89178422458859,-15.520834726751387,771.0588967457342,0.8193346544642655,22.541859253360585
1.41,4.773885512597312,-4.9643142417025805,13.33542497282366,0.8420756728291868,0.649935514538648,0.33676500065605086,538.2550912397699,0.5305618615846219,-9.69815660641255,861.9204743633144,18.820604094402228,14.23544859870359,454.77810436874483,-16.67143665303078,-15.391016066658835,769.3175483470166,0.8720732437534351,22.188422452750626
1.42,4.717587114645056,-4.966228255781329,13.28582792259206,0.8332047364553501,0.6393801993032677,0.3345303513479818,539.8730238782346,0.4406104172756109,-9.607366728938295,859.4907926441736,18.53802540944194,14.087573637915664,456.60720423907736,-16.479899111235262,-15.252231351964754,766.8912386493378,0.8788458812508115,21.835078979203374
1.43,4.660933844489827,-4.967550674486222,13.23622388659291,0.8236621747158968,0.6319384525669135,0.33247542793594215,542.0845195710224,0.4052507526041138,-9.516767380001628,857.5308750605705,18.29543906119785,13.935022145756369,457.92822724406926,-16.31825958340738,-15.107077506413535,763.8900970365529,0.8417169574886363,21.48678174117949
1.44,4.604540705530136,-4.968287260087392,13.186618156570793,0.8136161214028473,0.6275347619191186,0.3305920382634969,544.8000410532459,0.42228267067001557,-9.426580591603457,856.0233577671581,18.094297389039117,13.77929610261154,458.78449340543784,-16.186602199110446,-14.958000747363235,760.4331484105205,0.7641057960599551,21.14773423482042
1.45,4.548957160351686,-4.96846203723024,13.137015814890715,0.8032419236772808,0.6260073995592459,0.3288667635091904,547.9237126596844,0.48810992791570307,-9.337088192093512,854.9399951467733,17.934813541805262,13.621924816778888,459.23103121954557,-16.084072465270495,-14.807255355302052,756.6431866280049,0.6505207970317617,20.821361795822
1.46,4.494657831408843,-4.968113675711175,13.087421601471595,0.7927132377967617,0.6271217318612887,0.32728235866771044,551.3572634200275,0.5980144528120457,-9.248624056911725,854.2430234455511,17.816042247508324,13.46438054677192,459.33202819979715,-16.008966912590907,-14.656869941773358,752.6421438109531,0.5062842374238818,20.51030730659491
1.47,4.442035144814661,-4.967292054084594,13.037839812706995,0.7821942834481976,0.6305844977306566,0.3258190456168481,555.003545547229,0.7464346358962426,-9.161554445596257,853.8867949842914,17.735989830256315,13.308007474676556,459.15809129276266,-15.958844365325131,-14.508621564110296,748.5470447321798,0.3372595966120717,20.21644815681133
1.48,4.391394315766225,-4.966055128129161,12.988274229124587,0.7718335279998999,0.636058521954695,0.3244556585978065,558.7695649009001,0.9272372435947251,-9.07625053604313,853.819604741553,17.691748916527196,13.153967351261588,458.7834393535428,-15.930654721935944,-14.364017548926524,744.4666000677976,0.1495911684278317,19.940931098413834
1.49,4.342950963383688,-4.964466162505677,12.938728067979548,0.7617589275570643,0.6431773670883756,0.32317062110305356,562.568988547467,1.1339745251071065,-8.993057789564666,853.9856240059802,17.6796521528943,13.003203143165745,458.2831461303502,-15.920880191635012,-14.22428457480004,740.4984632316858,-0.05053634457380385,19.684221740668576
1.5,4.296831501989392,-4.962591332719498,12.88920395696881,0.7520747330740947,0.6515594765187432,0.32194274983600124,566.3241183962632,1.3601199970609268,-8.912266559553725,854.326855789412,17.69543859670342,12.856420311585591,457.7305412863031,-15.92568339745376,-14.090364450510524,736.7271520653063,-0.25711249575577355,19.446165724294527
1.51,4.253076303800252,-4.9604976699855,12.839703925617508,0.742859778849163,0.6608214196760692,0.32075189413153465,569.9673393667806,1.5992781467675243,-8.834087555822233,854.7850324281466,17.73442622320881,12.714084047859824,457.1948608366115,-15.941056618694049,-13.962916071867687,733.2226179298258,-0.4644860147605123,19.22605900132671
1.52,4.211645481269093,-4.9582513035413305,12.790229411451246,0.7341671065380586,0.6705899152874313,0.31957942735440403,573.4420660402811,1.8453648633678377,-8.758634629044142,855.3033857652007,17.791684167786425,12.576429923053519,456.739218959314,-15.962966662315504,-13.842323175198606,730.0394298146418,-0.6675175335874028,19.02272503086011
1.53,4.172427008168111,-4.955915951147216,12.740781278674055,0.7260247375222988,0.6805123774858088,0.31840861046015034,576.7032237026043,2.0927567790908763,-8.685916085882798,855.8282330075866,17.862198820110255,12.44348495720196,456.4189522310588,-15.98749036244751,-13.728707646977877,727.2165291475724,-0.861699016979911,18.8345969983075
1.54,4.1352467942551705,-4.953551615403065,12.691359847605227,0.718437386162979,0.6902657999702044,0.31722484787369665,579.7173085276664,2.3364088851808296,-8.615834586371742,856.310335434629,17.941028629031518,12.315096018918435,456.28036645594733,-16.010936438240197,-13.621948227303838,724.777501471578,-1.0432399492405486,18.659803327106747
1.55,4.099880251978076,-4.9512134569383015,12.641964933514394,0.7113889019160569,0.6995638629037702,0.3160158532567362,582.4620778026712,2.571940790530469,-8.548194746731177,856.7060014502947,18.023443381775085,12.190962643820749,456.3598965888688,-16.029950318994846,-13.521704416826173,722.7313036461713,-1.2091213029030157,18.4962547657688
1.56,4.066064845221687,-4.9489508313581725,12.59259589370201,0.7048452353383806,0.708162213718534,0.3147717388543644,584.9259249555598,2.7956928302853568,-8.48271693863075,856.9779191192706,18.105044713702778,12.070671720071205,456.6836726795735,-16.04159950176137,-13.427445251109159,721.0733795189724,-1.3571191237896074,18.341731226465182
1.57,4.033513088254068,-4.946806491509965,12.54325168170833,0.69875773795603,0.7158619346394975,0.3134850380793297,587.1069960797435,3.0047539214738683,-8.419055445340886,857.0957156429955,18.181865619317282,11.95373194677153,457.26746985273996,-16.043437977659558,-13.338482361958793,719.7870930062369,-1.4858002266669446,18.19396638013233
1.58,4.0019254661506825,-4.944815967548657,12.493930907432192,0.6930666256667756,0.7225112650490451,0.3121506676831827,589.0121049829642,3.1969636167339943,-8.356819069076568,857.0362517922761,18.250447717077233,11.839606456046619,458.11700839459115,-16.03354919620592,-13.254006443267691,718.8454052206783,-1.594493018325649,18.050727849554214
1.59,3.9710027745926255,-4.9430071429237,12.44463190175331,0.6877044573430694,0.7280056946362947,0.3107658338018984,590.6555027812288,3.370891237115037,-8.295592421366802,856.7836679019165,18.307895928115048,11.727742450889663,459.22856110472406,-16.010567890284545,-13.173125933126068,718.2127217336997,-1.683236860141657,17.90989075901369
1.6,3.940457425563791,-4.94140004435932,12.395352784035762,0.6825995028025683,0.7322865828220596,0.3093298855179061,592.0575559181237,3.525795280189259,-8.234956401280085,856.3292046144652,18.351911032719325,11.617597115533533,460.58981906803194,-15.973681828018337,-13.094906469458707,717.8468373057447,-1.7527136572242363,17.769502456019303
1.61,3.910023334084331,-4.940006858679471,12.346091530700322,0.6776788961624863,0.7353384907721101,0.3078441202148426,593.2433833594497,3.6615665075978576,-8.174506710665105,855.6708262400296,18.38080125060937,11.508659387242584,462.1809636364133,-15.92261517295107,-13.018409519956764,717.7009084809328,-1.8041655214910413,17.627836451548202
1.62,3.879464086561057,-4.938832180144465,12.296846042933076,0.6728714911796656,0.7371854342893956,0.30631154656214643,594.2414996953369,3.7786582222478216,-8.11386961788049,854.8126775812908,18.393474543880515,11.400467435191281,463.9758913224973,-15.857595612215114,-12.942728559399676,717.7253892801311,-1.839302405751142,17.483434033705308
1.6300000000000001,3.848579188992388,-4.937873480427732,12.247614211576481,0.6681103543129016,0.7378862791864746,0.3047366129850541,595.0825060584871,3.878007254226268,-8.05271452207426,853.7644066156574,18.38941376555575,11.292621880010634,465.94353909639653,-15.779307754173356,-12.86702127944251,717.869871719583,-1.860203549428785,17.3351325686849
1.6400000000000001,3.8172082971332695,-4.937121781191364,12.198393977339645,0.6633348490245629,0.7375295058191611,0.30312491146684134,595.7978652241579,3.9609490906174494,-7.99076316297524,852.5403858014483,18.3686370786002,11.184794918662421,468.0492598467025,-15.688835509739206,-12.790536557983211,718.0847808192678,-1.869216419225106,17.182080160771235
1.6500000000000001,3.7852334339182305,-4.936562498010307,12.149183384664472,0.6584922814989312,0.736227566966169,0.3014828680754603,596.418791107462,4.029130413280679,-7.927795552712896,851.1588642324931,18.331646260650757,11.076735607809152,470.2562011656571,-15.587596267385816,-12.712635260189032,718.322882846991,-1.86885657705127,17.023737033425814
1.6600000000000001,3.752579294988583,-4.93617641542735,12.099980627878413,0.6535390937319832,0.7341110539961588,0.2998174324091214,596.9752762692774,4.084422057684945,-7.863652872759819,849.6410816123542,18.279365601184928,10.968271618688359,472.52664485635245,-15.477269665674365,-12.632804351907293,718.5405753973913,-1.8617115729295253,16.859864646847388
1.67,3.7192118249092165,-4.9359407470526016,12.050784088628115,0.6484416049772186,0.7313228712307336,0.2981357780664233,597.4952741798234,4.128835085064342,-7.79823768458834,848.0103732078758,18.21307410334494,10.859307819354244,474.82326941644124,-15.359723674822135,-12.550664233926613,718.6989381079771,-1.8503515552468763,16.690504122388194
1.68,3.685135309999575,-4.935830232250702,12.001592363992039,0.6431763167867962,0.7280125986319296,0.29644502526538596,598.0040461008679,4.164442282228952,-7.731511856006028,846.2912926720511,18.1343336343191,10.749822074373615,477.11030306892536,-15.236940535773735,-12.465969609284938,718.7645329295314,-1.8372488307076829,16.5159459559892
1.69,3.6503882760958812,-4.935818222051114,11.95240428508318,0.6377298101602953,0.7243311995006881,0.2947519949857189,598.5236757851766,4.193306983666655,-7.6634926181222065,844.5087769577768,18.044915536901684,10.639858682282005,479.3545405703571,-15.110944885479372,-12.378604539624403,718.7099524772153,-1.8247081099274087,16.33669324751838
1.7,3.615038500624231,-4.935877711073991,11.903218926346861,0.6320982752483963,0.7204262038580765,0.2930630017008009,599.0727490042265,4.217420666286165,-7.594247153055277,842.6873745132204,17.946728030029224,10.529519898458924,481.5262029362582,-14.98373613298709,-12.28857260556852,718.5141237238595,-1.814808661641687,16.153420748209957
1.71,3.5791774496475766,-4.935982278828118,11.854035606109338,0.6262867242102298,0.7164374706532555,0.2913836891558169,599.6661894267263,4.238650316308268,-7.523886081571066,840.8505545879406,17.841746496033206,10.418956013927737,483.599625289958,-14.857226853289497,-12.195983247963007,718.1623818658122,-1.8093590890636002,15.966931950425055
1.72,3.542914435068675,-4.9361069119036864,11.804853879223081,0.6203079457354467,0.7124936039017511,0.28971891099583946,600.3152377609803,4.258696128100203,-7.452556182607473,839.0201118305579,17.73194848482229,10.308354475558849,485.5537641580111,-14.733188644143247,-12.101035431461755,717.6463353931568,-1.809864955042484,15.778116241997358
1.73,3.506370758804937,-4.936228687510775,11.755673522873453,0.6141812650292157,0.7087090702213916,0.2880726555823686,601.0275574654829,4.279059682321062,-7.380432640136769,837.2156764899598,17.619254967935593,10.197928536295374,487.3725215747145,-14.613206554086766,-12.003999749307381,716.9635481237422,-1.8175090352320344,15.587907857823938
1.74,3.469674073654918,-4.9363273077223,11.706494516755539,0.6079311754708143,0.7051820388155183,0.28644801223654853,601.8074477821029,4.301022379265884,-7.3077110811167225,835.4543365365264,17.505479056607378,10.087905911864576,489.0448891712034,-14.49864284607938,-11.905199995249195,716.1170671994715,-1.8331435841395516,15.397248021667158
1.75,3.432953148685482,-4.936385482015536,11.657317018901283,0.6015859076249962,0.7019929404510495,0.28484717452554553,602.6561433490366,4.325633583173283,-7.234599642678201,833.7503740156144,17.39228306653734,9.978517890834977,490.56492084872576,-14.390610519040504,-11.80499508604453,715.1148278567863,-1.8572936676504725,15.20705131549407
1.76,3.3963331836604214,-4.936389162790183,11.608141338442952,0.5951759979371192,0.69920371996366,0.283271475113787,603.572179144603,4.353707671343465,-7.161311286241958,832.11511406757,17.281144477569676,9.869989297497492,491.9315475068801,-14.289956677642934,-11.703762047177179,713.9689662967004,-1.890170353303522,15.01817696984293
1.77,3.3599317749460016,-4.936327644183795,11.558967906549922,0.5887329135912032,0.6968577377334866,0.28172144612303474,604.551799891078,4.385828981424478,-7.088056558537982,830.5568814372446,17.173331008971726,9.76252964350065,493.1482514640975,-14.197255527548746,-11.601880594687383,712.6950713606285,-1.9316923582687329,14.83140545662711
1.78,3.32385559633378,-4.936193538599627,11.509797246683664,0.5822877821206759,0.6949802597202861,0.28019689882879456,605.5893941719821,4.422363511061567,-7.015036981501114,829.0810560850259,17.06988472049964,9.656325727802363,494.22262154292997,-14.112810487119653,-11.499719673154903,711.3114041584926,-1.9815146331688127,14.647420497616363
1.79,3.2881978234796416,-4.935982647955554,11.460629945193341,0.5758702650057385,0.6935794632060253,0.27869701677872655,606.6779352311494,4.4634761433431365,-6.9424392319130845,827.690216815921,16.971614765432854,9.55153585994578,495.1658122068394,-14.036664655014796,-11.397626155307211,709.838112494522,-2.039062303214434,14.466796382855485
1.8,3.253037329572203,-4.9356938852129435,11.411465718085852,0.5695075980584476,0.6926479150784766,0.27722040150917204,607.8096391005564,4.50915277431696,-6.870435667710961,826.3845631364987,16.879098667511748,9.448295592615123,495.99170870882045,-13.96861908012481,-11.295915483512898,708.2961876823853,-2.103568937672662,14.289986046211686
1.81,3.2266788358093264,-4.601958103971263,11.363971641606927,0.56325023378178,0.6919257131227452,0.2758541240481237,608.4877505472399,4.555463364475598,-6.844354498350929,824.8254102832801,16.789502925023015,9.385152136103821,497.1512316666194,-13.905553633964118,-11.195949742122567,707.2359165758471,-2.170862626908465,14.125426361910367
1.82,3.1997543888507276,-4.2679769713663465,11.319820351945943,0.5572224462941957,0.6902350391647776,0.27461783364745224,608.2315661317961,4.584295431135976,-6.8100482552441255,822.4786102778927,16.68741728904721,9.301948652873607,499.22125321402257,-13.833677255434274,-11.101773638380111,707.3098041523236,-2.2245603713152984,13.98227553722444
1.83,3.173857751459934,-3.9340725607288918,11.27901037797746,0.5515133419031494,0.6863133962823836,0.273437357183109,606.929401719945,4.57662062109887,-6.7744997248562555,819.2417090737026,16.555751866469294,9.208801378934481,502.3600077674522,-13.737840555493651,-11.01541304360527,708.6550090911247,-2.2476534425873718,13.859513365668246
1.84,3.149565134995575,-3.6005196868717286,11.241539501548814,0.546172260286914,0.6790874464900928,0.27226519514694414,604.5103618583073,4.516505564768957,-6.740771152827925,815.0469256680653,16.379647344358762,9.111431023572747,506.6719215329921,-13.60493153117165,-10.93700263453237,711.3592567451437,-2.2259996201365317,13.754237149707095
1.85,3.1269352697018227,-3.2675549055824766,11.20740298476774,0.541223175158058,0.6676877021006103,0.2710712724752404,600.943403380706,4.391152354830618,-6.709888232718559,809.8596539917457,16.146828168021155,9.013299003077133,512.2119735517989,-13.424225829058168,-10.865679303718894,715.459278801209,-2.1483735184468222,13.662707610018447
1.86,3.1057733528068914,-2.9353781946216513,11.176593929037306,0.5366704489507431,0.6514553642308282,0.26983807683353367,596.2345850364677,4.190924286554765,-6.681824485725101,803.6757006270717,15.847753214758898,8.916666968090077,518.9902167559679,-13.187543252849043,-10.800092746372284,720.9430094719901,-2.0065032604899558,13.58094625842409
1.87,3.0857763378965783,-2.604151350561445,11.149103635649807,0.5325012580112897,0.6299418419850982,0.26855782005144346,590.4232194704139,3.9093070997342494,-6.656032831059759,796.5180408594028,15.475629690347215,8.823123876501308,526.9764141681279,-12.88927238819204,-10.738725534485736,727.7539921615913,-1.7950445971958717,13.505098106677549
1.8800000000000001,3.0666163577100582,-2.273995335526985,11.124921989581456,0.5286872844480041,0.6029017097286216,0.2672305146612369,583.5771588719612,3.5427887274179226,-6.631741951813385,788.4333012578456,15.026329649502902,8.733843924698439,536.1049482311057,-12.526299696831945,-10.680111094350265,735.797350265457,-1.5114747307504173,13.431666390426994
1.8900000000000001,3.047990554225293,-1.9449880101048396,11.104037869950107,0.5251868682429021,0.5702799923369655,0.2658624201388297,575.7874719975496,3.09065744803394,-6.608129116254537,779.4881123105436,14.498234964001156,8.649712275451499,546.2800166734035,-12.09786672416968,-10.622987241051495,744.9467925338752,-1.155904617017478,13.357668211112031
1.9000000000000001,3.029651014985219,-1.6171631518383385,11.08643957895626,0.5219480331467438,0.5321947576960283,0.2644646190410249,567.1627815753913,2.554727775336496,-6.584425781143813,769.7654284161372,13.892029051693678,8.571389064365514,557.3810598868624,-11.605372368714061,-10.566398985181934,755.0521900723527,-0.7308180832286126,13.280731833435757
1.9100000000000001,3.011421438232847,-1.2905112529739164,11.072115274096099,0.5189123583957458,0.4889160441241848,0.26305164766012573,557.8235277203565,1.9390086023727826,-6.5599838521262415,759.3608801321192,13.21044926831194,8.499347266038717,569.2683333701145,-11.052133467713777,-10.509755336188597,765.9473132006973,-0.2407516044660718,13.199144677411997
1.92,2.9932040080961584,-0.9649822636964457,11.061053385009709,0.5160194236131342,0.44084216075122995,0.26164018922681326,547.896405110553,1.249330673184168,-6.534316201556359,748.3792032648794,12.458011103635148,8.433901618730085,581.7885233732027,-10.443114774635609,-10.452843634154991,777.4573686251316,0.30806849538883574,13.111858003527608
1.93,2.9749787581974734,-0.640490182451735,11.053242995843476,0.5132114360806718,0.38847437497745935,0.2602478724266526,537.5091906101336,0.49295123118830997,-6.507118169596518,736.930779765577,11.64071352920365,8.375236057608095,594.7802953173339,-9.784638033385251,-10.395807075068436,789.4060366627665,0.9081135585886635,13.018455050771495
1.94,2.956797325426751,-0.3169191926898891,11.048674175870534,0.5104376207219768,0.3323909473677408,0.25889222316490035,526.7861364736834,-0.3218468407755193,-6.478273709183526,725.1283242361352,10.765733682476686,8.323431927811479,608.0796586674317,-9.084078953580821,-10.339093769696152,801.6217737853522,1.5509472625998,12.919090986655995
1.95,2.9387782633291333,0.005868531455030423,11.047337555334188,0.5076581601692329,0.27321953806185406,0.2575896269952699,515.8440413669017,-1.186174847988053,-6.447868781036629,713.0837210281478,9.84109279626233,8.278526264793255,621.5251338526333,-8.349539225793068,-10.283397775462328,813.9432200726486,2.227635861549171,12.81441641742962
1.96,2.9131974522478075,-0.005218355749973726,11.04753554273148,0.5048186981463846,0.2118744527533677,0.2562634013776131,505.2985851676432,-2.0867249544543887,-6.371091935936176,701.2620267112667,8.878915661097608,8.201702910482512,634.5162346510964,-7.59246011046727,-10.23218431645653,825.6878032446959,2.925603337103011,12.698575125663005
1.97,2.8900780225337135,-0.016647068981660566,11.04764610139726,0.5018090500916381,0.1501673543623707,0.2548978465123152,495.71814689803927,-2.9962075663474974,-6.303703858694994,690.3074633844082,7.904096426531504,8.152941336320907,646.3602861506305,-6.834593066921135,-10.185955145748629,836.1195753037417,3.6208005589016268,12.564897827238209
1.98,2.868192715090597,-0.02789084940751308,11.047643130250643,0.4985726545648626,0.0899895388388741,0.25356823632027287,487.2987094048285,-3.8864971330591636,-6.240916212541933,680.4368462691551,6.943531444897566,8.12301158831706,656.778439328062,-6.098984077806513,-10.143226431927603,845.0127583098977,4.289002517376462,12.415187341684957
1.99,2.847195780095693,-0.038512746837539955,11.047530603314607,0.4951120546899417,0.033005269154350654,0.2523274649379875,480.174183493774,-4.733184663135104,-6.181114190525604,671.8151891050031,6.021685891097251,8.106540892023562,665.5698676822635,-5.406230285972646,-10.103904220307525,852.2194995520622,4.909665959923759,12.253425941498252
2.0,2.8271551325588407,-0.04817001953877811,11.04731639089085,0.4914697214124652,-0.019377499200253584,0.25121230530623007,474.42445844760334,-5.515794778595151,-6.124169968092979,664.5602641551616,5.1599597785073055,8.100282818028859,672.6034716339074,-4.773913366437066,-10.068349716165041,857.661787170493,5.466096106702012,12.08446315681209
2.0100000000000002,2.8083011198242667,-0.056614074156521296,11.047011326632376,0.48771585197884,-0.0660251363895953,0.25024761884963737,470.078847210598,-6.217928095896497,-6.0705321424484,658.7428975822011,4.37628008183244,8.102116458745517,677.8149661728056,-4.21625974494061,-10.03692005380887,861.3274341653544,5.945531772472867,11.913352709836229
2.02,2.7909020417247534,-0.0636863745392166,11.046628288756638,0.48393877810542496,-0.1060863226596403,0.24944879255881908,467.12086327864176,-6.827296152395801,-6.02078633117987,654.3885427071627,3.684857001642061,8.110532719145471,681.2028201325975,-3.7439637733928666,-10.009784079248192,863.2638131076984,6.339121904969936,11.744974011298547
2.0300000000000002,2.7752054373349226,-0.0693102670218843,11.04618133999532,0.48023646887135324,-0.1389906885337552,0.24882332602757762,465.49395595359874,-7.335639685064788,-5.975462585114934,651.4800466746725,3.0960807178525007,8.124364054742557,682.8229045934617,-3.364146651403388,-9.986883138602105,863.5701225619608,6.641789245272367,11.583808419240398
2.04,2.761412667476136,-0.07347963943701402,11.045684964403845,0.4767087299945249,-0.16443905425981697,0.2483720343865066,465.1078491528245,-7.738537211735452,-5.93496919273987,649.9614909089354,2.6165430684456092,8.14263609193927,682.7819195759187,-3.0804326297945717,-9.967961748212792,862.3887811838074,6.8519913124199245,11.43380020972838
2.05,2.749670179556086,-0.07624573138617341,11.045153427066392,0.47345023351637483,-0.18238637244734046,0.24809009073300897,465.8451680860263,-8.03511936692014,-5.899587756374861,649.7429456018318,2.2491716286333063,8.16448331068725,681.2297925939974,-2.893127951926311,-9.952627600838548,859.8964126212742,6.971396064216817,11.29826840548293
2.06,2.740068822146932,-0.07770344000572964,11.04460026884382,0.4705446662701288,-0.1930185935431423,0.24796800523403162,467.56808488895564,-8.227708179302851,-5.869492691687244,650.7059400406265,1.9934632633232807,8.189100840883816,678.3513148204639,-2.799488541463002,-9.940418981306813,856.2947869211758,7.0044922300355195,11.179853814766856
2.07,2.732646724729774,-0.07797827491764654,11.044037935473401,0.46806025536779355,-0.19672474145304983,0.24799256907509687,470.1247633337067,-8.321401478591783,-5.8447744165313384,652.7094220904007,1.845802556222187,8.215718429188161,674.357319636152,-2.7940616572349475,-9.93086763991812,851.8020061762727,6.958154457790744,11.080494261906692
2.08,2.7273934616141946,-0.07721481203878462,11.043477530113108,0.4660468156357357,-0.19406550886463983,0.24814775569144604,473.3554300661278,-8.323622002837539,-5.825455740409114,655.5959654721205,1.799848666693027,8.243589129643878,669.475722649402,-2.8690855981265972,-9.923550416193262,846.6441580551034,6.841182186933359,11.001424410252092
2.09,2.7242544221193983,-0.07556715355670279,11.042928671544281,0.4645343264830584,-0.18573966230231734,0.24841555777253305,477.0979429763455,-8.243649225921356,-5.811497912297956,659.197983859556,1.8469727296122063,8.27198828992759,663.9427362094763,-3.014930603263799,-9.918125810477637,841.0476083630156,6.663829231635832,10.943197387280577
2.1,2.72313497728089,-0.07319157499066721,11.04239943678706,0.46353291861724133,-0.172549490141451,0.24877673915206663,481.1927650243409,-8.092149877912568,-5.8027973642588355,663.3437254696531,1.9767272028289318,8.300219816175753,657.9945481749713,-3.220563653081432,-9.914353659835173,835.232061400087,6.437338852935959,10.90572516119823
2.11,2.7239043967738295,-0.07024126679433937,11.04189636647502,0.4630340531719865,-0.1553664378972781,0.24921148976921847,485.4872837923891,-7.880720876635438,-5.799176768189175,667.8628484751557,2.1773287005923403,8.327627344326892,651.8597175493765,-3.474020074158257,-9.912097783803892,829.4044829107054,6.1734968672642605,10.88833415889715
2.12,2.726399648981463,-0.06686287897934243,11.041424513320523,0.4630126151704508,-0.13509795976305367,0.2496999838817833,489.83944352110404,-7.621456111496672,-5.800374908200465,672.5914130581731,2.436136816978407,8.353608219279844,645.7524923252539,-3.762865714314223,-9.911313143355237,823.7539528113612,5.884213217080214,10.889832385999041
2.13,2.7304292837471174,-0.0631944607178885,11.04098751757728,0.4634296201417823,-0.11265647958046786,0.25022285215749906,494.1206780378325,-7.326546329791739,-5.806039469320894,677.376166743495,2.7401131376437737,8.377628307546175,639.8672014994045,-4.0746349355091915,-9.91202062912056,818.4474914926964,5.581140472030954,10.908584450904709
2.14,2.735777598482484,-0.059364349357077635,11.040587697749732,0.4642352423837842,-0.08893120426150902,0.25076158431980106,498.21815054563274,-7.007919327506773,-5.815725646122817,682.0780424204963,3.0762469011934024,8.399235796315528,634.3738176281042,-4.3972316684348645,-9.914273855774711,813.6268824176884,5.275335938685677,10.942591364388473
2.15,2.7422092542556937,-0.055490592505260186,11.04022614917206,0.465371908180564,-0.06476337411810014,0.25129887967798803,502.03632043361074,-6.676925762224506,-5.828901966007177,686.5748302360307,3.4319364159018373,8.41807236051994,629.414731933697,-4.719283150623643,-9.918123073202278,809.4064935685694,4.9769724079872795,10.9895726424015
2.16,2.7494744552486434,-0.051680564862037884,11.039902846900477,0.46677724850492286,-0.04092537327531359,0.25181895875617766,505.49786876682043,-6.344074185704207,-5.844963288675094,690.7630229582664,3.795318173195561,8.433880448454817,625.102733664847,-5.030438582190655,-9.92358137176099,805.8720802017741,4.695101027366255,11.047048905253492
2.17,2.7573147378483376,-0.04803054775090372,11.039616752245513,0.46838676482338376,-0.018103964574835162,0.25230784207739215,508.54402353273053,-6.018817328474812,-5.86324983017523,694.5588677373244,4.1555384504082244,8.446505926087228,621.5201412659535,-5.321607633322456,-9.930597735310625,803.0805310732081,4.437468317851079,11.112423680676068
2.18,2.7654693349834765,-0.044625153807668225,11.039365924035598,0.47013612105825203,0.003112238234528315,0.25275359414273874,511.13433361974984,-5.709390245152823,-5.8830703678084175,697.898684285302,4.502964911740792,8.455895868474032,618.718996356135,-5.5851363891270545,-9.93904027994954,801.0604999669652,4.210387945036198,11.183063376286672
2.19,2.773681988805239,-0.04153658476920903,11.039147636356647,0.4719630284923912,0.022241088698108907,0.25314652382857855,513.2459473498551,-5.422699634280715,-5.903727500522657,700.7385297807734,4.829338179462295,8.462091814990252,616.7222033446402,-5.814920801400447,-9.948691406061222,799.813844514107,4.0186664893325785,11.256374362104664
2.2,2.7817079876971285,-0.038823794081996474,11.038958504210855,0.47380873404837803,0.038911170025593446,0.25347932831808895,514.8724575055624,-5.1642624701768725,-5.924542890430048,703.0533041914423,5.127865472058179,8.46521924184405,615.5254779143487,-6.0064599358422015,-9.959254843534241,799.3177756879085,3.865581151607733,11.329875852006372
2.21,2.789321115468452,-0.03653168065376296,11.038794617538754,0.4756191533033121,0.052862264643639065,0.25374716703332545,516.022380301979,-4.938191021303828,-5.944880690499434,704.835396580315,5.393260140401257,8.465474302192941,615.0999562453139,-6.156853184623722,-9.970372954363485,799.527604937224,3.752906092930164,11.401266916204765
2.22,2.7963201385205347,-0.034690463257132584,11.038651682655455,0.4773457069227416,0.06394238459271319,0.2539476547909026,516.7173405425904,-4.747220381259631,-5.964167769767341,706.0929740840925,5.621732256538337,8.463109021335356,615.3953129179259,-6.264747112135649,-9.981651407708144,800.3799626723643,3.6809829690174767,11.468485648753635
2.23,2.8025344363253724,-0.03331537911789656,11.038525168669391,0.4789459236586228,0.07210178750023646,0.25408076885084296,516.9900389284091,-4.5927738134672325,-5.981909797604786,706.8480116949938,5.810936329950778,8.45841611854391,616.343237771449,-6.33023869762861,-9.992687619900957,801.7963527102853,3.6488302154458196,11.529758397784885
2.24,2.8078284106159748,-0.03240682071022841,11.038410455143152,0.4803838668143166,0.07738445405862528,0.25414867150764986,516.8820796795335,-4.475060525013063,-5.997702683643079,707.1341539808078,5.959882774224045,8.451714484340595,617.8611292393553,-6.354742439603767,-10.00309921707479,803.6869031082955,3.6542848066032363,11.583637135131712
2.25,2.8121043882388284,-0.03195097940016415,11.038302976319423,0.48163042732987765,0.07991753460025605,0.25415545706949955,516.4417367536839,-4.393199960055883,-6.011239253445093,706.9944907139752,6.068819971434769,8.443336110241322,619.8558724491066,-6.340829122700731,-10.012549188865215,805.954175056003,3.694169587096452,11.629023516129664
2.2600000000000002,2.815303850487151,-0.03192101169818226,11.038198356788065,0.48266350911823175,0.07989928539867272,0.25410683828014263,515.7217345762223,-4.345366361389102,-6.02231135348465,706.4793182058144,6.139093741023116,8.433614989437864,622.2275834000937,-6.292044064534319,-10.020765228870543,808.4968982403483,3.7644788908406945,11.665178904108698
2.27,2.8174069593080056,-0.03227869141778473,11.038092533549875,0.4834681146996963,0.07758601112841446,0.2540097915724942,514.7771141029164,-4.328947209322919,-6.030807816725389,705.6439478809198,6.1729907760581515,8.422878222234479,624.8732148016242,-6.212712413208587,-10.027551817829607,811.2135129897651,3.860575042156922,11.691720495125763
2.2800000000000002,2.818430486643639,-0.03297646556217949,11.037981860003404,0.4840363246967542,0.07327851027369141,0.25387218255053173,513.6632472679528,-4.340709221095807,-6.036708884263033,704.546613902231,6.173572220302015,8.411439304065807,627.6899339423675,-6.107738614442971,-10.032794702230568,814.0054157644263,3.977388482407973,11.708604540324169
2.29,2.818424368064475,-0.03395979794339303,11.037863188351288,0.4843671555600878,0.06730848728217016,0.2537023927682338,512.4340527621705,-4.37696588068337,-6.040077775650816,703.2465227789335,6.144503072935404,8.399593372315929,630.5781978372025,-5.982406565300247,-10.036458383176168,816.7798240874746,4.10961467592591,11.716098399950969
2.3000000000000003,2.8174671824692004,-0.03516966491141603,11.037733928164338,0.48446627702341377,0.06002535121861143,0.2535089665668932,511.14045422423385,-4.433740953587339,-6.041050139274748,701.8020798961144,6.089882560938564,8.387614055896115,633.4444656434839,-5.8421862666437345,-10.038577939708574,819.452198513094,4.251901594228058,11.71474368585563
2.31,2.815660900381397,-0.0365450626032013,11.037592080211525,0.48434557408066514,0.05178376800736394,0.2533002930320492,509.8291090579634,-4.506923096127768,-6.039822103954626,700.2693206462839,6.014080036441049,8.375751512474178,636.2035028768631,-5.692552016255014,-10.039246913963401,821.9481813671892,4.399022417025278,11.70531301962079
2.32,2.8131252460490574,-0.03802539351582615,11.037436246022061,0.48402254662090505,0.04293227451820678,0.2530843337075728,508.541423019871,-4.592407455316916,-6.036637603710414,698.7005670746435,5.921580351907762,8.364231246176072,638.780246252379,-5.538816377063438,-10.03860308954081,824.2050335384962,4.546029070682689,11.688762960815959
2.33,2.809991990384778,-0.0395526193598526,11.037265614871288,0.48351955146921927,0.03380320015478259,0.2528684021802773,507.31285321932523,-4.686221028105287,-6.031775569540046,697.1433244266852,5.816842046567516,8.353253359505773,641.1112119692257,-5.385983330415733,-10.036813851509137,826.172570506353,4.6883832922295365,11.666185489067356
2.34,2.8063994428190426,-0.041073093672598884,11.037079930883394,0.4828629044155143,0.024704077538970054,0.25265899751488397,506.17249088730887,-4.784629459844703,-6.025537485467482,695.6394255302654,5.704171046144458,8.342991988450015,643.1454438214224,-5.238623197637793,-10.034062503263424,827.8136162927706,4.822063001984455,11.638760117523855
2.35,2.8024873507348627,-0.042539017925010844,11.036879443664906,0.48208187189427487,0.015910660460719536,0.252461690096856,505.14290567586653,-4.884223865429971,-6.0182357012015535,694.2244244827668,5.587611937526771,8.333594779184905,644.8450104487964,-5.100771096469225,-10.030536513827993,829.1040086271862,4.943642836979123,11.607708338284649
2.36,2.798392354148462,-0.04390949540047362,11.036664846301946,0.4812075916850089,0.00766160636831514,0.2522810558821661,504.24022563898177,-4.981987112459341,-6.010182789842504,692.9272346909813,5.4708582354938144,8.325182370098855,646.1850730782238,-4.97584990377381,-10.026418251233082,830.0322000823971,5.050348695283258,11.57425170676406
2.37,2.7942440870650533,-0.04515118507244492,11.036437204682237,0.4802719682332786,0.00015482393428884042,0.2521206533726034,503.47442152630754,-5.075339781489719,-6.001682143918816,691.7700000702561,5.357182418475825,8.317847929585685,647.1535559457824,-4.866617934343509,-10.021878377545825,830.5985082731373,5.14008703297042,11.539574500302068
2.38,2.790161969199144,-0.04623858094834246,11.036197881975442,0.4793065904236055,-0.006454565012888361,0.2519830367496163,502.8497605500469,-5.162166690665105,-5.993019922059222,690.7681823617304,5.2493858865955145,8.31165685909924,647.7504609395268,-4.775140830787672,-10.017071773047258,830.814073569612,5.211450416788887,11.504791558680944
2.39,2.7862526939684096,-0.047153959634335635,11.035948461775034,0.4783417178930243,-0.012054744610933631,0.25186979836956414,502.36539320123836,-5.24082542634785,-5.98445839449946,689.9308423138301,5.149768402845368,8.306646798689425,647.9868755982664,-4.702786505334455,-10.012135636694463,830.6995854499687,5.263701453279424,11.47092163910287
2.4,2.782608390676169,-0.047887049805720006,11.035690672932969,0.47740537673160766,-0.016576337994181338,0.251781634086622,502.01603675460694,-5.310138751901949,-5.976230688365068,689.2610881310248,5.060116033544504,8.302828069997815,647.8837292441352,-4.650241394717646,-10.007189278940247,830.283838949381,5.296737685200393,11.438866394850173
2.41,2.7793054194388684,-0.04843448216167217,11.035426318566474,0.47652259746249453,-0.019990316802227646,0.251718425465479,501.792720528091,-5.369373074502304,-5.968536900980883,688.7566613147782,4.981706123335927,8.300184664594784,647.4703555961204,-4.617545796926914,-10.002335073067295,829.6021810377684,5.311040372428133,11.409394909443437
2.42,2.776403745108987,-0.04879907817073578,11.035157211140026,0.47571481848823616,-0.02230487156748282,0.25167933372891205,501.6835604574082,-5.418205341336857,-5.961541527590626,688.4106279438383,4.915327437290118,8.298675841049246,646.7829216776387,-4.604145664052206,-9.997660048590078,828.6949035487762,5.307610266467533,11.383133579021226
2.43,2.7739468295534917,-0.048989031686496196,11.034885114970626,0.47499946772921675,-0.02356144142098484,0.2516629011328945,501.67453382029663,-5.45668082230838,-5.955372134589609,688.2121426256734,4.861313289375502,8.29823834060981,645.8627822536018,-4.608957936268365,-9.99323767844205,827.6056348407024,5.2878935586120335,11.360561027581506
2.44,2.771961978696541,-0.049017030681747877,11.034611697003774,0.4743897248879295,-0.023830108124724313,0.25166715627814,501.7502287362383,-5.485164229337592,-5.950119196836274,688.147252784376,4.819585259751847,8.29878917689748,644.7548165546358,-4.630446322025694,-9.989129513387882,826.3797770112723,5.2537011471008865,11.342007656645809
2.45,2.77046108049418,-0.04889935822222721,11.034338486280134,0.47389445742291625,-0.023204559058314016,0.25168972058324746,501.89454714654727,-5.504286536871128,-5.94583700504562,688.1997125486463,4.789704985581789,8.300228906393327,643.5057998843201,-4.666704358543772,-9.985386435843585,825.0630294872019,5.207124244625327,11.32765936831503
2.46,2.769441671505501,-0.048655003504341626,11.034066842166768,0.4735183154822757,-0.021796817141576608,0.25172791371926173,502.09134415546777,-5.514889718775395,-5.9425455353171195,688.351778122446,4.770931489241626,8.302445248781599,642.1628571321721,-4.715542620555013,-9.982049426077443,823.7000334010802,5.150449150400083,11.31756495530055
2.47,2.7688882722124033,-0.04830480617026596,11.03379793115889,0.4732619650856971,-0.01973192357259042,0.2517788562223803,502.3249907325861,-5.517971417586254,-5.9402331575532585,688.5849599712607,4.762281577549099,8.305316902384364,640.7720385427654,-4.774577075975839,-9.979149843878668,822.3331645502366,5.086073756092768,11.311646620884536
2.48,2.7687739341609423,-0.047870650731830264,11.033532711859435,0.47312243490160827,-0.017142742602550304,0.2518395677675427,502.580850723841,-5.514631326289987,-5.938860044049042,688.880711220302,4.762590995850468,8.308717391007916,639.3770506533513,-4.841315803606694,-9.976709318301445,821.0014960726423,5.016428056405564,11.309713073911905
2.49,2.7690619449531084,-0.04737472301956343,11.033271927600582,0.47309355000105885,-0.01416503730748882,0.25190705972655686,502.84566680796,-5.506020802429401,-5.938362125711356,689.2210361064571,4.770574238611713,8.312518783778776,638.0181674452324,-4.91324157633688,-9.97473940033896,819.7399454160152,4.943900605886231,11.311474637116815
2.5,2.769707639858297,-0.04683883709888306,11.033016106069603,0.4731664257908843,-0.010932942424488952,0.25197842068972115,503.10785340938133,-5.493296959991179,-5.938655433206138,689.5890069251492,4.784881188732659,8.316595146874699,636.7313387820429,-4.987888158092202,-9.973241165171332,818.5786138423038,4.870772515173483,11.316559809829073
2.5100000000000002,2.7706602712312,-0.046283838837425935,11.032765565227711,0.4733299966368516,-0.007574935755796013,0.25205089364643307,503.3576976010437,-5.47758220548622,-5.939640655564511,689.9691824539264,4.80414906538501,8.320825612429697,635.5475054281212,-5.062908547371903,-9.972204952274097,817.5423207099963,4.7991602226473695,11.324532737158155
2.52,2.7718648890521753,-0.045729090920863684,11.032520424754662,0.47357155612178015,-0.004210384326565238,0.2521219435453673,503.58747167995654,-5.459929908813277,-5.941207750550361,690.3479251305288,4.827048488988961,8.325096981836392,634.4921226116284,-5.136133807935261,-9.971610406673602,816.6503292099541,4.730967920568929,11.334911056290762
2.5300000000000002,2.773264187912156,-0.04519204321052857,11.032280622207127,0.473877289062796,-0.0009467162639108448,0.2521893140298566,503.7914633650923,-5.44129663362003,-5.94324044979448,690.7136181619087,4.8523228069683455,8.329305814673631,633.5848874331857,-5.20562154185078,-9.971426939083027,815.9162551858236,4.6678501664687015,11.347183616226438
2.54,2.774800277916513,-0.044687891549732295,11.032045933042323,0.47423277897130434,0.0021227549856418825,0.252251072299132,503.96593144753797,-5.42252110159075,-5.945620516963483,691.056787127953,4.878820151589247,8.33335998737713,632.8396595843961,-5.269693466747327,-9.971614664360393,815.3481462275323,4.611184878139607,11.36082760025709
2.5500000000000003,2.7764163396080472,-0.044229327166224026,11.03181599363023,0.47462347826004203,0.0049203502990199,0.25230564129615274,504.10899621730516,-5.404309835100762,-5.948231638026528,691.3701334448541,4.90551800986333,8.3371797349586,632.2645599423734,-5.326961944509712,-9.97212581520984,814.9487144553332,4.562056600659947,11.375324621239816
2.56,2.7780581264347286,-0.04382637750083332,11.031590326361062,0.4750351319305445,0.0073849053036965,0.252351818766562,504.22047510228987,-5.387229216858969,-5.95096284750716,691.6484892315979,4.9315403658055645,8.340698212736266,631.8622277068332,-5.376345661789572,-9.972906569454558,814.7157033689274,4.521249652194803,11.390175408751261
2.57,2.779675282772659,-0.04348633754849861,11.031368365952833,0.47545414853461215,0.009472046709495311,0.2523887831540611,504.3016746868153,-5.37170352662808,-5.953711421703423,691.8887046770695,4.956167720326032,8.343861632150945,631.6302138599343,-5.417074974903513,-9.97389918140016,814.6423668620982,4.489250506868824,11.40491276480537
2.58,2.781222451193912,-0.043213788668586675,11.031149486081437,0.47586791479557866,0.011153915015383814,0.25241608676589994,504.3551506366938,-5.3580183662815255,-5.956385197425685,692.0894799619598,4.978840499139436,8.346629035072107,631.5614868306293,-5.448687696809951,-9.975044275613678,814.7180370196478,4.4662585618591155,11.419112530620874
2.59,2.7826601495154755,-0.043010699436261526,11.030933025495656,0.4762650523708524,0.012418396364724485,0.2524336371209015,504.38444705570646,-5.346328767002251,-5.958904301189802,692.2511541990389,4.999156522006832,8.348971774993649,631.6450252774887,-5.471016318185695,-9.976283147281961,814.9287566203093,4.452204265149529,11.432402379757693
2.6,2.783955405976212,-0.04287660065400126,11.030718312843431,0.4766356168655919,0.01326793549217859,0.2524416678414332,504.3938264514437,-5.336671187304576,-5.96120229764078,692.3754637828833,5.01686332706891,8.350872772135313,631.8664727852058,-5.484167816745156,-9.977559917128268,815.2579523428603,4.446773452143726,11.444468330687188
2.61,2.785082149305901,-0.04280882433604337,11.030504689523543,0.47697124043835226,0.013718007759795602,0.25244070083251535,504.3880008211047,-5.328978557896158,-5.963226786278636,692.4652820605305,5.031846223387538,8.352325604001033,632.2088299025467,-5.488497319455943,-9.978823408417302,815.6871254654104,4.449436654428429,11.455058951570827
2.62,2.786021359003878,-0.042802794525687055,11.030291529985782,0.4772652202649407,0.013795331331159462,0.2524315017754684,504.3718734134542,-5.323097508500519,-5.964939491720519,692.5243514251472,5.0441129857696225,8.353333484831568,632.6531602262186,-5.484576943506347,-9.980028644986353,816.1965382889908,4.45948210201813,11.463987308168546
2.63,2.786760989316261,-0.04285235637942458,11.030078259028572,0.477512555842469,0.013535900775029273,0.2524150311301261,504.3502995243391,-5.318806921055574,-5.966315904565914,692.5570178713675,5.053776112171116,8.35390817802825,633.1792890453723,-5.473161157412809,-9.981137907680928,816.7658765155229,4.4760511397637925,11.471130778654727
2.64,2.787295687690675,-0.042950129173112084,11.029864365780107,0.47770993870679573,0.012982921086015618,0.2523923928806297,504.32787329119174,-5.3158369907660985,-5.967344537578249,692.5679768038262,5.061033539741744,8.354068876240536,633.7664752954057,-5.455149978150664,-9.982121327022146,817.3748702604339,4.498174816418066,11.476428923186702
2.65,2.7876263344762764,-0.04308786881050437,11.029649414190386,0.47785569866688515,0.01218471657525063,0.2523647831789947,504.3087459247851,-5.313888038093517,-5.968025865766046,692.5620375226048,5.066148665481663,8.353841075348486,634.3940401215033,-5.431551258933576,-9.98295702782141,818.0038591643979,4.524810477148811,11.479879648453348
2.66,2.7877594350308135,-0.04325682603489561,11.029433050000703,0.47794971116582263,0.011192682673184578,0.25233344085221354,504.2964792164379,-5.312648397003128,-5.96837101962738,692.5439123758424,5.069430446245471,8.35325546164638,635.0419381216248,-5.403443230918792,-9.983630873174235,818.6342900653874,4.554877292197224,11.481533946142287
2.67,2.78770639804905,-0.04344808779259564,11.029215004286957,0.4779932708695143,0.01005934077805607,0.2522996014646308,504.2939365491104,-5.311810803220296,-5.9684002989834735,692.5180351177216,5.071214265083612,8.352346826424043,635.6912602319502,-5.371938346464433,-9.984135878448782,819.249138781005,4.587289780276005,11.481489508362628
2.68,2.7874827348414675,-0.04365289095768879,11.028995093788565,0.4779889370458638,0.008836547265792338,0.2522644562943867,504.3032120823337,-5.3110868161059805,-5.968141571146257,692.4884115794423,5.0718441511034555,8.351153018823455,636.3246601485866,-5.3381493373599875,-9.984471379505282,819.833250618598,4.620988529147052,11.479883532666333
2.69,2.78710721360181,-0.04386289975470273,11.028773218330995,0.47794035669768714,0.0075738980358029066,0.2522291172190139,504.3255973291797,-5.310218924158006,-5.967628612253386,692.4585043856528,5.071656832352334,8.349713946059314,636.9266990686518,-5.303158254247153,-9.984642043630764,820.373597175107,4.654967471385218,11.476885025478357
2.7,2.7866010006389743,-0.04407044054883096,11.028549355724385,0.4778520717112681,0.006317359873523996,0.2521945881375292,504.3615830457009,-5.308990102302236,-5.966899444962825,692.4311521582703,5.070967989576736,8.348070629418155,637.4841063101743,-5.267989098522996,-9.984656807719734,820.8594497232452,4.688297234503813,11.472686897250645
2.71,2.7859868174058815,-0.04426869005350341,11.02832355457192,0.4777293164383321,0.005108149811304792,0.2521617432076581,504.41089324654575,-5.3072307045871625,-5.965994719699951,692.4085224684575,5.070060966661849,8.346264324408828,637.9859559702464,-5.233584500289101,-9.984527817905821,821.2824719356822,4.720144245602798,11.467498117736913
2.72,2.7852881382523633,-0.04445181528947029,11.028095925450106,0.477577812108537,0.003981873878005127,0.25213131186511634,504.4725472707032,-5.304822684641941,-5.964956180529275,692.3920967471531,5.069178084372461,8.344335713557992,638.4237621496299,-5.200786739895102,-9.984269430305865,821.6367368233865,4.749785426302388,11.461536167893195
2.73,2.7845284494691547,-0.044615065701281334,11.027866630929898,0.4774035642511401,0.0029679274187663918,0.2521038703292738,504.5449451625305,-5.301701234957212,-5.963825250599792,692.3826844623088,5.068514600577112,8.342324180233929,638.7914973640015,-5.170323260387466,-9.983897315951456,821.9186745243182,4.776618459410797,11.455019988465295
2.74,2.783730585653422,-0.044754819611435015,11.027635874895775,0.47721266888293323,0.0020891507698950046,0.252079839092409,504.6259712087044,-5.297854022026871,-5.962641766022531,692.3804631309106,5.06821526500384,8.340267171264976,639.0855405416794,-5.142796677282568,-9.983427696305577,822.1269589582373,4.80016774088976,11.448163586562496
2.75,2.7829161549436585,-0.044868588619060595,11.027403891592066,0.47701113260602884,0.0013617266726915814,0.2520594857393019,504.71311027430795,-5.293318265772284,-5.961442880962717,692.3850401652204,5.068373331859832,8.338199654856533,639.3045624498683,-5.11867916359482,-9.98287672055974,822.2623423606121,4.820086246378863,11.441170422354647
2.7600000000000002,2.7821050604228805,-0.04495498461086857,11.02717093478586,0.47680471098005067,0.0007952995391382128,0.25204293234708136,504.8035715954998,-5.2881759673076845,-5.960262160637341,692.3955321606137,5.06903182108659,8.336153678399281,639.4493574821593,-5.09831097445268,-9.98225998327342,822.3274473354561,4.836153638905105,11.434228660026388
2.77,2.7813151211014686,-0.045013654757390484,11.02693726738718,0.4765987686273077,0.0003932916286045496,0.2520301666659975,504.8944148899143,-5.282547628573109,-5.959128872789508,692.4106570165832,5.070186759863482,8.334158028309597,639.5226314760481,-5.081902778842684,-9.98159217146127,822.3265263451668,4.848271022310779,11.427507331457988
2.7800000000000002,2.780561792446687,-0.04504519024901328,11.026703151812974,0.4763981635433293,0.00015338739916720477,0.2520210562722286,504.98267401188144,-5.276584830892384,-5.958067482090923,692.4288342377598,5.071792091013605,8.332237991245009,639.5287556181138,-5.069541387347276,-9.980886824115977,822.2651985155497,4.856452803052358,11.421153428612028
2.79,2.779857983468266,-0.04505101463016939,11.026468841325006,0.4762071570690411,6.815475794770938e-05,0.252015364905372,505.06547387776556,-5.270462047884228,-5.957097345883568,692.4482888777403,5.073765904516581,8.330415213130223,639.4734965536655,-5.061198404900102,-9.980156184170438,822.1501733123781,4.8608161616883745,11.415289911822484
2.8000000000000003,2.7792139649115466,-0.045033257469637725,11.026234572515186,0.47602934998445845,0.00012577061152223363,0.2520127702474858,505.14013698567936,-5.264368062614377,-5.956232603840352,692.467154849909,5.075997632222218,8.328707649658378,639.3637325733954,-5.05674129669803,-9.979411122577757,821.9889700821415,4.861568655492143,11.41001459639307
2.81,2.7786373611431245,-0.04499461881444433,11.02600055905739,0.47586764425215655,0.0003108179356326902,0.2520128824599393,505.20427652226283,-5.258497341021129,-5.955482248672444,692.4835737171196,5.078355843476712,8.327129599521077,639.2071652355841,-5.055946333048622,-9.978661115883767,821.7896416864152,4.858994476571732,11.40539985921377
2.82,2.778133216814921,-0.044938229464344004,11.025766986793528,0.47572422910955536,0.0006051224405384617,0.25201526286266507,505.25587375717726,-5.253041685318927,-5.954850360129767,692.4957855633413,5.080696289684161,8.325691809742294,639.0120350381777,-5.058512874152377,-9.977914261681143,821.5605095393353,4.853439877381183,11.401493090455691
2.83,2.7777041283285535,-0.04486751161579362,11.025534010174834,0.47560058951051754,0.0009885986793810224,0.25201944221298617,505.29333814571856,-5.248182454282269,-5.9543364804218815,692.5022091204913,5.082869867457429,8.324401641257856,638.7868488242226,-5.0640784672161825,-9.977177319987725,821.3099163233476,4.845298249554542,11.39831780266848
2.84,2.7773504294544273,-0.044786043891918634,11.025301750037341,0.47549753436692105,0.0014400779904472339,0.25202493811477295,505.31554926673897,-5.244083594091952,-5.953936105999073,692.5015089464401,5.084730201289245,8.323263282334796,638.5401255323351,-5.0722342541024705,-9.976455772286569,821.0460015502526,4.834995304732526,11.395875300577636
2.85,2.7770704201497507,-0.044697434222025344,11.025070292653805,0.47541524164759874,0.0019380938282685454,0.25203127116134766,505.32188039543735,-5.2408856758302536,-5.953641268504084,692.4926480995846,5.0861405857308695,8.322277997543091,638.2801657374553,-5.08254022585769,-9.975753893242343,820.7765039909434,4.822974759721321,11.394146809321974
2.86,2.776860627626102,-0.044605203476102556,11.024839689972985,0.4753533171538742,0.002461603666326243,0.2520379794863867,505.312204130656,-5.238701085708064,-5.953441176705704,692.4749254062023,5.086980071898617,8.321444400697873,638.0148492108874,-5.0945399086720355,-9.975074832654489,820.508593853107,4.809684875154819,11.39309595651467
2.87,2.7767160890016447,-0.04451268220527895,11.024609960931238,0.4753108636984945,0.0029906305894785838,0.2520446314658638,505.2868810498309,-5.237610463530107,-5.953322891363683,692.4479970457768,5.087148531701335,8.320758741365443,637.7514635050127,-5.107774121704267,-9.974420706872468,820.2487364732785,4.795566139027985,11.392671504074118
2.88,2.7766306453979763,-0.04442292229280088,11.024381093700763,0.475286557452599,0.00350681178606935,0.25205083638097125,505.2467328410458,-5.237660435414515,-5.953272006194191,692.4118827661566,5.08657058349582,8.320215196031091,637.4965653754101,-5.1217935083532335,-9.97379269967001,820.0025882355907,4.781040326111818,11.392810228956844
2.89,2.7765972380708357,-0.044338624784082396,11.02415304872354,0.4752787283738063,0.003993845256436869,0.2520562529171545,505.19300175328954,-5.238862639856068,-5.9532733102901085,692.3669575674174,5.085198313031947,8.319806156710026,637.2558757250174,-5.136169606618335,-9.973191172560249,819.7749244577997,4.76650110329463,11.39343985742893
2.9,2.776608198062381,-0.04426208464090567,11.023925762369787,0.4752854418656016,0.0044378300475193646,0.25206059543793935,505.12729850896284,-5.241194003093918,-5.953311410336867,692.3139301472203,5.08301277182821,8.31952251150323,637.0342077194971,-5.150504288937318,-9.972615783920384,819.5695981148812,4.752306291090025,11.39448196501621
2.91,2.776655521896803,-0.0441951526573407,11.023699151054647,0.47530457912144936,0.004827499089405939,0.2520636380338276,505.0515410355707,-5.244598181438742,-5.953371294556051,692.2538097715841,5.080024280012918,8.319353913235316,636.8354268023339,-5.164437465294213,-9.972065615316335,819.389527516241,4.738771834465583,11.39585476344704
2.92,2.7767311269759,-0.044139214288878154,11.023473115646743,0.4753339139547489,0.00515434715360468,0.2520652164055396,504.96788649768104,-5.248988055513603,-5.953438824286772,692.1878635175271,5.076271600918114,8.319289033762749,636.662440548512,-5.177653003666127,-9.971539302317597,819.2367104245934,4.726167483115329,11.397475706399952
2.93,2.776827081533589,-0.04409518468937157,11.023247546006486,0.4753711842881297,0.0054126594980172665,0.2520652276962633,504.87865914934173,-5.254249134807432,-5.953501143262184,692.1175660260775,5.071820089357637,8.319315802743775,636.5172156473517,-5.18988287750749,-9.97103516609271,819.1122616087157,4.71471413342639,11.39926385733735
2.94,2.7769358052436206,-0.04406351883225119,11.023022325500945,0.47541415685551547,0.005599449353123659,0.25206362843804925,504.7862764867596,-5.2602437108641436,-5.9535469987471945,692.0445440069205,5.066758943847393,8.319421630580752,636.4008188028936,-5.20090959974956,-9.970551341352708,819.0164704601727,4.704582742524776,11.401141974781417
2.95,2.7770502378093225,-0.044044235223738605,11.022797335354708,0.4754606840436911,0.00571431450010795,0.25206043082163265,504.69317606861426,-5.266815583927609,-5.953566972592305,691.9705177539926,5.061197714636867,8.319593615875617,636.313477983855,-5.21056704581463,-9.970085895880862,818.9488750735675,4.695894689543123,11.403038282704564
2.96,2.7771639740649077,-0.04403695140707323,11.02257245871222,0.4755087521557033,0.005759224775737765,0.2520556975353715,504.60174519555096,-5.273795180849472,-5.953553623776136,691.8972418714229,5.055262234156088,8.319818738098851,636.2546602399261,-5.21873980380777,-9.96963693700521,818.9083490849811,4.688723430993469,11.404887905904898
2.97,2.777271365253258,-0.04404092921750459,11.022347584305887,0.4755565207080617,0.005738253409442319,0.2520495354464102,504.5142554110978,-5.2810048812579335,-5.953501547045733,691.8264472803492,5.049090144450597,8.320084036298734,636.2231622184559,-5.225361218046787,-9.96920270092433,818.8931975752743,4.683097276000137,11.406633961974242
2.98,2.7773675871870065,-0.04405512758523206,11.022122609645017,0.4756023526717299,0.005657265669849053,0.25204208841471615,504.4328035140716,-5.2882643739446955,-5.953407354747503,691.7597863896297,5.042826197689976,8.320376774620136,636.2172095538236,-5.230410312382306,-9.968781621725268,818.9012584621232,4.679003093063239,11.408228312428912
2.99,2.777448676922734,-0.04407826060172916,11.021897443662718,0.47564483582973965,0.0055235783996652466,0.2520335295377711,504.3592604685209,-5.295395875581422,-5.95326959083945,691.6987830786181,5.036617501391505,8.32068459521437,636.2345614470186,-5.233907792543347,-9.968372378131898,818.9300060135702,4.6763907527164195,11.409631985482543
3.0,2.777511540373221,-0.04410885854741278,11.021672008779854,0.47568279564817006,0.005345603791077434,0.25202405312260534,504.29522928291163,-5.302229057215335,-5.953088587459442,691.6447888808206,5.030608871522957,8.32099565884707,636.2726169599046,-5.235911333855148,-9.967973917389923,818.9766533730508,4.675178107995892,11.410815291611518
