case,time_s,ay_mps2,speed_mps,steer_deg,roll_deg,yaw_rate_radps,front_right_minus_left_n,rear_right_minus_left_n,tire_domain_valid,Fz_FL,camber_FL_deg,jounce_FL_m,Fz_FR,camber_FR_deg,jounce_FR_m,Fz_RL,camber_RL_deg,jounce_RL_m,Fz_RR,camber_RR_deg,jounce_RR_m
case_000,0.0,0.0,15.0,0.0,0.0,0.0,0.0,0.0,True,620.0333548387097,-1.5000000000000002,-0.0,620.0333548387097,1.5000000000000002,-0.0,752.8976451612901,-1.0,-0.0,752.8976451612901,1.0,-0.0
case_000,0.005,0.0,15.0,0.0,0.0,0.0,0.0,0.0,True,620.0333548387097,-1.5000000000000002,-0.0,620.0333548387097,1.5000000000000002,-0.0,752.8976451612901,-1.0,-0.0,752.8976451612901,1.0,-0.0
case_000,0.01,0.0,15.0,0.0,0.0,0.0,0.0,0.0,True,620.0333548387097,-1.5000000000000002,-0.0,620.0333548387097,1.5000000000000002,-0.0,752.8976451612901,-1.0,-0.0,752.8976451612901,1.0,-0.0
case_000,0.015,0.0,15.0,0.0,0.0,0.0,0.0,0.0,True,620.0333548387097,-1.5000000000000002,-0.0,620.0333548387097,1.5000000000000002,-0.0,752.8976451612901,-1.0,-0.0,752.8976451612901,1.0,-0.0
case_000,0.02,0.0,15.0,0.0,0.0,0.0,0.0,0.0,True,620.0333548387097,-1.5000000000000002,-0.0,620.0333548387097,1.5000000000000002,-0.0,752.8976451612901,-1.0,-0.0,752.8976451612901,1.0,-0.0
case_000,0.025,0.0,15.0,0.0,0.0,0.0,0.0,0.0,True,620.0333548387097,-1.5000000000000002,-0.0,620.0333548387097,1.5000000000000002,-0.0,752.8976451612901,-1.0,-0.0,752.8976451612901,1.0,-0.0
case_000,0.03,0.0,15.0,0.0,0.0,0.0,0.0,0.0,True,620.0333548387097,-1.5000000000000002,-0.0,620.0333548387097,1.5000000000000002,-0.0,752.8976451612901,-1.0,-0.0,752.8976451612901,1.0,-0.0
case_000,0.035,0.0,15.0,0.0,0.0,0.0,0.0,0.0,True,620.0333548387097,-1.5000000000000002,-0.0,620.0333548387097,1.5000000000000002,-0.0,752.8976451612901,-1.0,-0.0,752.8976451612901,1.0,-0.0
case_000,0.04,0.0,15.0,0.0,0.0,0.0,0.0,0.0,True,620.0333548387097,-1.5000000000000002,-0.0,620.0333548387097,1.5000000000000002,-0.0,752.8976451612901,-1.0,-0.0,752.8976451612901,1.0,-0.0
case_000,0.045,0.0,15.0,0.0,0.0,0.0,0.0,0.0,True,620.0333548387097,-1.5000000000000002,-0.0,620.0333548387097,1.5000000000000002,-0.0,752.8976451612901,-1.0,-0.0,752.8976451612901,1.0,-0.0
case_000,0.05,0.0,15.0,0.0,0.0,0.0,0.0,0.0,True,620.0333548387097,-1.5000000000000002,-0.0,620.0333548387097,1.5000000000000002,-0.0,752.8976451612901,-1.0,-0.0,752.8976451612901,1.0,-0.0
case_000,0.055,0.0,15.0,0.0,0.0,0.0,0.0,0.0,True,620.0333548387097,-1.5000000000000002,-0.0,620.0333548387097,1.5000000000000002,-0.0,752.8976451612901,-1.0,-0.0,752.8976451612901,1.0,-0.0
case_000,0.06,0.0,15.0,0.0,0.0,0.0,0.0,0.0,True,620.0333548387097,-1.5000000000000002,-0.0,620.0333548387097,1.5000000000000002,-0.0,752.8976451612901,-1.0,-0.0,752.8976451612901,1.0,-0.0
case_000,0.065,0.0,15.0,0.0,0.0,0.0,0.0,0.0,True,620.0333548387097,-1.5000000000000002,-0.0,620.0333548387097,1.5000000000000002,-0.0,752.8976451612901,-1.0,-0.0,752.8976451612901,1.0,-0.0
case_000,0.07,0.0,15.0,0.0,0.0,0.0,0.0,0.0,True,620.0333548387097,-1.5000000000000002,-0.0,620.0333548387097,1.5000000000000002,-0.0,752.8976451612901,-1.0,-0.0,752.8976451612901,1.0,-0.0
case_000,0.075,0.0,15.0,0.0,0.0,0.0,0.0,0.0,True,620.0333548387097,-1.5000000000000002,-0.0,620.0333548387097,1.5000000000000002,-0.0,752.8976451612901,-1.0,-0.0,752.8976451612901,1.0,-0.0
case_000,0.08,0.0,15.0,0.0,0.0,0.0,0.0,0.0,True,620.0333548387097,-1.5000000000000002,-0.0,620.0333548387097,1.5000000000000002,-0.0,752.8976451612901,-1.0,-0.0,752.8976451612901,1.0,-0.0
case_000,0.085,0.0,15.0,0.0,0.0,0.0,0.0,0.0,True,620.0333548387097,-1.5000000000000002,-0.0,620.0333548387097,1.5000000000000002,-0.0,752.8976451612901,-1.0,-0.0,752.8976451612901,1.0,-0.0
case_000,0.09,0.0,15.0,0.0,0.0,0.0,0.0,0.0,True,620.0333548387097,-1.5000000000000002,-0.0,620.0333548387097,1.5000000000000002,-0.0,752.8976451612901,-1.0,-0.0,752.8976451612901,1.0,-0.0
case_000,0.095,0.0,15.0,0.0,0.0,0.0,0.0,0.0,True,620.0333548387097,-1.5000000000000002,-0.0,620.0333548387097,1.5000000000000002,-0.0,752.8976451612901,-1.0,-0.0,752.8976451612901,1.0,-0.0
case_000,0.1,0.0,15.0,0.0,0.0,0.0,0.0,0.0,True,620.0333548387097,-1.5000000000000002,-0.0,620.0333548387097,1.5000000000000002,-0.0,752.8976451612901,-1.0,-0.0,752.8976451612901,1.0,-0.0
case_000,0.105,0.0,15.0,0.0,0.0,0.0,0.0,0.0,True,620.0333548387097,-1.5000000000000002,-0.0,620.0333548387097,1.5000000000000002,-0.0,752.8976451612901,-1.0,-0.0,752.8976451612901,1.0,-0.0
case_000,0.11,0.0,15.0,0.0,0.0,0.0,0.0,0.0,True,620.0333548387097,-1.5000000000000002,-0.0,620.0333548387097,1.5000000000000002,-0.0,752.8976451612901,-1.0,-0.0,752.8976451612901,1.0,-0.0
case_000,0.115,0.0,15.0,0.0,0.0,0.0,0.0,0.0,True,620.0333548387097,-1.5000000000000002,-0.0,620.0333548387097,1.5000000000000002,-0.0,752.8976451612901,-1.0,-0.0,752.8976451612901,1.0,-0.0
case_000,0.12,0.0,15.0,0.0,0.0,0.0,0.0,0.0,True,620.0333548387097,-1.5000000000000002,-0.0,620.0333548387097,1.5000000000000002,-0.0,752.8976451612901,-1.0,-0.0,752.8976451612901,1.0,-0.0
case_000,0.125,0.0,15.0,0.0,0.0,0.0,0.0,0.0,True,620.0333548387097,-1.5000000000000002,-0.0,620.0333548387097,1.5000000000000002,-0.0,752.8976451612901,-1.0,-0.0,752.8976451612901,1.0,-0.0
case_000,0.13,0.0,15.0,0.0,0.0,0.0,0.0,0.0,True,620.0333548387097,-1.5000000000000002,-0.0,620.0333548387097,1.5000000000000002,-0.0,752.8976451612901,-1.0,-0.0,752.8976451612901,1.0,-0.0
case_000,0.135,0.0,15.0,0.0,0.0,0.0,0.0,0.0,True,620.0333548387097,-1.5000000000000002,-0.0,620.0333548387097,1.5000000000000002,-0.0,752.8976451612901,-1.0,-0.0,752.8976451612901,1.0,-0.0
case_000,0.14,0.0,15.0,0.0,0.0,0.0,0.0,0.0,True,620.0333548387097,-1.5000000000000002,-0.0,620.0333548387097,1.5000000000000002,-0.0,752.8976451612901,-1.0,-0.0,752.8976451612901,1.0,-0.0
case_000,0.145,0.0,15.0,0.0,0.0,0.0,0.0,0.0,True,620.0333548387097,-1.5000000000000002,-0.0,620.0333548387097,1.5000000000000002,-0.0,752.8976451612901,-1.0,-0.0,752.8976451612901,1.0,-0.0
case_000,0.15,0.0,15.0,0.0,0.0,0.0,0.0,0.0,True,620.0333548387097,-1.5000000000000002,-0.0,620.0333548387097,1.5000000000000002,-0.0,752.8976451612901,-1.0,-0.0,752.8976451612901,1.0,-0.0
case_000,0.155,0.0,15.0,0.0,0.0,0.0,0.0,0.0,True,620.0333548387097,-1.5000000000000002,-0.0,620.0333548387097,1.5000000000000002,-0.0,752.8976451612901,-1.0,-0.0,752.8976451612901,1.0,-0.0
case_000,0.16,0.0,15.0,0.0,0.0,0.0,0.0,0.0,True,620.0333548387097,-1.5000000000000002,-0.0,620.0333548387097,1.5000000000000002,-0.0,752.8976451612901,-1.0,-0.0,752.8976451612901,1.0,-0.0
case_000,0.165,0.0,15.0,0.0,0.0,0.0,0.0,0.0,True,620.0333548387097,-1.5000000000000002,-0.0,620.0333548387097,1.5000000000000002,-0.0,752.8976451612901,-1.0,-0.0,752.8976451612901,1.0,-0.0
case_000,0.17,0.0,15.0,0.0,0.0,0.0,0.0,0.0,True,620.0333548387097,-1.5000000000000002,-0.0,620.0333548387097,1.5000000000000002,-0.0,752.8976451612901,-1.0,-0.0,752.8976451612901,1.0,-0.0
case_000,0.17500000000000002,0.0,15.0,0.0,0.0,0.0,0.0,0.0,True,620.0333548387097,-1.5000000000000002,-0.0,620.0333548387097,1.5000000000000002,-0.0,752.8976451612901,-1.0,-0.0,752.8976451612901,1.0,-0.0
case_000,0.18,0.0,15.0,0.0,0.0,0.0,0.0,0.0,True,620.0333548387097,-1.5000000000000002,-0.0,620.0333548387097,1.5000000000000002,-0.0,752.8976451612901,-1.0,-0.0,752.8976451612901,1.0,-0.0
case_000,0.185,0.0,15.0,0.0,0.0,0.0,0.0,0.0,True,620.0333548387097,-1.5000000000000002,-0.0,620.0333548387097,1.5000000000000002,-0.0,752.8976451612901,-1.0,-0.0,752.8976451612901,1.0,-0.0
case_000,0.19,0.0,15.0,0.0,0.0,0.0,0.0,0.0,True,620.0333548387097,-1.5000000000000002,-0.0,620.0333548387097,1.5000000000000002,-0.0,752.8976451612901,-1.0,-0.0,752.8976451612901,1.0,-0.0
case_000,0.195,0.0,15.0,0.0,0.0,0.0,0.0,0.0,True,620.0333548387097,-1.5000000000000002,-0.0,620.0333548387097,1.5000000000000002,-0.0,752.8976451612901,-1.0,-0.0,752.8976451612901,1.0,-0.0
case_000,0.2,0.0,15.0,0.0,0.0,0.0,0.0,0.0,True,620.0333548387097,-1.5000000000000002,-0.0,620.0333548387097,1.5000000000000002,-0.0,752.8976451612901,-1.0,-0.0,752.8976451612901,1.0,-0.0
case_000,0.20500000000000002,0.0,15.0,0.0,0.0,0.0,0.0,0.0,True,620.0333548387097,-1.5000000000000002,-0.0,620.0333548387097,1.5000000000000002,-0.0,752.8976451612901,-1.0,-0.0,752.8976451612901,1.0,-0.0
case_000,0.21,0.0,15.0,0.0,0.0,0.0,0.0,0.0,True,620.0333548387097,-1.5000000000000002,-0.0,620.0333548387097,1.5000000000000002,-0.0,752.8976451612901,-1.0,-0.0,752.8976451612901,1.0,-0.0
case_000,0.215,0.0,15.0,0.0,0.0,0.0,0.0,0.0,True,620.0333548387097,-1.5000000000000002,-0.0,620.0333548387097,1.5000000000000002,-0.0,752.8976451612901,-1.0,-0.0,752.8976451612901,1.0,-0.0
case_000,0.22,0.0,15.0,0.0,0.0,0.0,0.0,0.0,True,620.0333548387097,-1.5000000000000002,-0.0,620.0333548387097,1.5000000000000002,-0.0,752.8976451612901,-1.0,-0.0,752.8976451612901,1.0,-0.0
case_000,0.225,0.0,15.0,0.0,0.0,0.0,0.0,0.0,True,620.0333548387097,-1.5000000000000002,-0.0,620.0333548387097,1.5000000000000002,-0.0,752.8976451612901,-1.0,-0.0,752.8976451612901,1.0,-0.0
case_000,0.23,0.0,15.0,0.0,0.0,0.0,0.0,0.0,True,620.0333548387097,-1.5000000000000002,-0.0,620.0333548387097,1.5000000000000002,-0.0,752.8976451612901,-1.0,-0.0,752.8976451612901,1.0,-0.0
case_000,0.23500000000000001,0.0,15.0,0.0,0.0,0.0,0.0,0.0,True,620.0333548387097,-1.5000000000000002,-0.0,620.0333548387097,1.5000000000000002,-0.0,752.8976451612901,-1.0,-0.0,752.8976451612901,1.0,-0.0
case_000,0.24,0.0,15.0,0.0,0.0,0.0,0.0,0.0,True,620.0333548387097,-1.5000000000000002,-0.0,620.0333548387097,1.5000000000000002,-0.0,752.8976451612901,-1.0,-0.0,752.8976451612901,1.0,-0.0
case_000,0.245,0.0,15.0,0.0,0.0,0.0,0.0,0.0,True,620.0333548387097,-1.5000000000000002,-0.0,620.0333548387097,1.5000000000000002,-0.0,752.8976451612901,-1.0,-0.0,752.8976451612901,1.0,-0.0
case_000,0.25,0.0,15.0,0.0,0.0,0.0,0.0,0.0,True,620.0333548387097,-1.5000000000000002,-0.0,620.0333548387097,1.5000000000000002,-0.0,752.8976451612901,-1.0,-0.0,752.8976451612901,1.0,-0.0
case_000,0.255,0.0,15.0,0.0,0.0,0.0,0.0,0.0,True,620.0333548387097,-1.5000000000000002,-0.0,620.0333548387097,1.5000000000000002,-0.0,752.8976451612901,-1.0,-0.0,752.8976451612901,1.0,-0.0
case_000,0.26,0.0,15.0,0.0,0.0,0.0,0.0,0.0,True,620.0333548387097,-1.5000000000000002,-0.0,620.0333548387097,1.5000000000000002,-0.0,752.8976451612901,-1.0,-0.0,752.8976451612901,1.0,-0.0
case_000,0.265,0.0,15.0,0.0,0.0,0.0,0.0,0.0,True,620.0333548387097,-1.5000000000000002,-0.0,620.0333548387097,1.5000000000000002,-0.0,752.8976451612901,-1.0,-0.0,752.8976451612901,1.0,-0.0
case_000,0.27,0.0,15.0,0.0,0.0,0.0,0.0,0.0,True,620.0333548387097,-1.5000000000000002,-0.0,620.0333548387097,1.5000000000000002,-0.0,752.8976451612901,-1.0,-0.0,752.8976451612901,1.0,-0.0
case_000,0.275,0.0,15.0,0.0,0.0,0.0,0.0,0.0,True,620.0333548387097,-1.5000000000000002,-0.0,620.0333548387097,1.5000000000000002,-0.0,752.8976451612901,-1.0,-0.0,752.8976451612901,1.0,-0.0
case_000,0.28,0.0,15.0,0.0,0.0,0.0,0.0,0.0,True,620.0333548387097,-1.5000000000000002,-0.0,620.0333548387097,1.5000000000000002,-0.0,752.8976451612901,-1.0,-0.0,752.8976451612901,1.0,-0.0
case_000,0.28500000000000003,0.0,15.0,0.0,0.0,0.0,0.0,0.0,True,620.0333548387097,-1.5000000000000002,-0.0,620.0333548387097,1.5000000000000002,-0.0,752.8976451612901,-1.0,-0.0,752.8976451612901,1.0,-0.0
case_000,0.29,0.0,15.0,0.0,0.0,0.0,0.0,0.0,True,620.0333548387097,-1.5000000000000002,-0.0,620.0333548387097,1.5000000000000002,-0.0,752.8976451612901,-1.0,-0.0,752.8976451612901,1.0,-0.0
case_000,0.295,0.0,15.0,0.0,0.0,0.0,0.0,0.0,True,620.0333548387097,-1.5000000000000002,-0.0,620.0333548387097,1.5000000000000002,-0.0,752.8976451612901,-1.0,-0.0,752.8976451612901,1.0,-0.0
case_000,0.3,0.0,15.0,0.0,0.0,0.0,0.0,0.0,True,620.0333548387097,-1.5000000000000002,-0.0,620.0333548387097,1.5000000000000002,-0.0,752.8976451612901,-1.0,-0.0,752.8976451612901,1.0,-0.0
case_000,0.305,0.0,15.0,0.0,0.0,0.0,0.0,0.0,True,620.0333548387097,-1.5000000000000002,-0.0,620.0333548387097,1.5000000000000002,-0.0,752.8976451612901,-1.0,-0.0,752.8976451612901,1.0,-0.0
case_000,0.31,0.0,15.0,0.0,0.0,0.0,0.0,0.0,True,620.0333548387097,-1.5000000000000002,-0.0,620.0333548387097,1.5000000000000002,-0.0,752.8976451612901,-1.0,-0.0,752.8976451612901,1.0,-0.0
case_000,0.315,0.0,15.0,0.0,0.0,0.0,0.0,0.0,True,620.0333548387097,-1.5000000000000002,-0.0,620.0333548387097,1.5000000000000002,-0.0,752.8976451612901,-1.0,-0.0,752.8976451612901,1.0,-0.0
case_000,0.32,0.0,15.0,0.0,0.0,0.0,0.0,0.0,True,620.0333548387097,-1.5000000000000002,-0.0,620.0333548387097,1.5000000000000002,-0.0,752.8976451612901,-1.0,-0.0,752.8976451612901,1.0,-0.0
case_000,0.325,0.0,15.0,0.0,0.0,0.0,0.0,0.0,True,620.0333548387097,-1.5000000000000002,-0.0,620.0333548387097,1.5000000000000002,-0.0,752.8976451612901,-1.0,-0.0,752.8976451612901,1.0,-0.0
case_000,0.33,0.0,15.0,0.0,0.0,0.0,0.0,0.0,True,620.0333548387097,-1.5000000000000002,-0.0,620.0333548387097,1.5000000000000002,-0.0,752.8976451612901,-1.0,-0.0,752.8976451612901,1.0,-0.0
case_000,0.335,0.0,15.0,0.0,0.0,0.0,0.0,0.0,True,620.0333548387097,-1.5000000000000002,-0.0,620.0333548387097,1.5000000000000002,-0.0,752.8976451612901,-1.0,-0.0,752.8976451612901,1.0,-0.0
case_000,0.34,0.0,15.0,0.0,0.0,0.0,0.0,0.0,True,620.0333548387097,-1.5000000000000002,-0.0,620.0333548387097,1.5000000000000002,-0.0,752.8976451612901,-1.0,-0.0,752.8976451612901,1.0,-0.0
case_000,0.34500000000000003,0.0,15.0,0.0,0.0,0.0,0.0,0.0,True,620.0333548387097,-1.5000000000000002,-0.0,620.0333548387097,1.5000000000000002,-0.0,752.8976451612901,-1.0,-0.0,752.8976451612901,1.0,-0.0
case_000,0.35000000000000003,0.0,15.0,0.0,0.0,0.0,0.0,0.0,True,620.0333548387097,-1.5000000000000002,-0.0,620.0333548387097,1.5000000000000002,-0.0,752.8976451612901,-1.0,-0.0,752.8976451612901,1.0,-0.0
case_000,0.355,0.0,15.0,0.0,0.0,0.0,0.0,0.0,True,620.0333548387097,-1.5000000000000002,-0.0,620.0333548387097,1.5000000000000002,-0.0,752.8976451612901,-1.0,-0.0,752.8976451612901,1.0,-0.0
case_000,0.36,0.0,15.0,0.0,0.0,0.0,0.0,0.0,True,620.0333548387097,-1.5000000000000002,-0.0,620.0333548387097,1.5000000000000002,-0.0,752.8976451612901,-1.0,-0.0,752.8976451612901,1.0,-0.0
case_000,0.365,0.0,15.0,0.0,0.0,0.0,0.0,0.0,True,620.0333548387097,-1.5000000000000002,-0.0,620.0333548387097,1.5000000000000002,-0.0,752.8976451612901,-1.0,-0.0,752.8976451612901,1.0,-0.0
case_000,0.37,0.0,15.0,0.0,0.0,0.0,0.0,0.0,True,620.0333548387097,-1.5000000000000002,-0.0,620.0333548387097,1.5000000000000002,-0.0,752.8976451612901,-1.0,-0.0,752.8976451612901,1.0,-0.0
case_000,0.375,0.0,15.0,0.0,0.0,0.0,0.0,0.0,True,620.0333548387097,-1.5000000000000002,-0.0,620.0333548387097,1.5000000000000002,-0.0,752.8976451612901,-1.0,-0.0,752.8976451612901,1.0,-0.0
case_000,0.38,0.0,15.0,0.0,0.0,0.0,0.0,0.0,True,620.0333548387097,-1.5000000000000002,-0.0,620.0333548387097,1.5000000000000002,-0.0,752.8976451612901,-1.0,-0.0,752.8976451612901,1.0,-0.0
case_000,0.385,0.0,15.0,0.0,0.0,0.0,0.0,0.0,True,620.0333548387097,-1.5000000000000002,-0.0,620.0333548387097,1.5000000000000002,-0.0,752.8976451612901,-1.0,-0.0,752.8976451612901,1.0,-0.0
case_000,0.39,0.0,15.0,0.0,0.0,0.0,0.0,0.0,True,620.0333548387097,-1.5000000000000002,-0.0,620.0333548387097,1.5000000000000002,-0.0,752.8976451612901,-1.0,-0.0,752.8976451612901,1.0,-0.0
case_000,0.395,0.0,15.0,0.0,0.0,0.0,0.0,0.0,True,620.0333548387097,-1.5000000000000002,-0.0,620.0333548387097,1.5000000000000002,-0.0,752.8976451612901,-1.0,-0.0,752.8976451612901,1.0,-0.0
case_000,0.4,0.0,15.0,0.0,0.0,0.0,0.0,0.0,True,620.0333548387097,-1.5000000000000002,-0.0,620.0333548387097,1.5000000000000002,-0.0,752.8976451612901,-1.0,-0.0,752.8976451612901,1.0,-0.0
case_000,0.405,0.0,15.0,0.0,0.0,0.0,0.0,0.0,True,620.0333548387097,-1.5000000000000002,-0.0,620.0333548387097,1.5000000000000002,-0.0,752.8976451612901,-1.0,-0.0,752.8976451612901,1.0,-0.0
case_000,0.41000000000000003,0.0,15.0,0.0,0.0,0.0,0.0,0.0,True,620.0333548387097,-1.5000000000000002,-0.0,620.0333548387097,1.5000000000000002,-0.0,752.8976451612901,-1.0,-0.0,752.8976451612901,1.0,-0.0
case_000,0.41500000000000004,0.0,15.0,0.0,0.0,0.0,0.0,0.0,True,620.0333548387097,-1.5000000000000002,-0.0,620.0333548387097,1.5000000000000002,-0.0,752.8976451612901,-1.0,-0.0,752.8976451612901,1.0,-0.0
case_000,0.42,0.0,15.0,0.0,0.0,0.0,0.0,0.0,True,620.0333548387097,-1.5000000000000002,-0.0,620.0333548387097,1.5000000000000002,-0.0,752.8976451612901,-1.0,-0.0,752.8976451612901,1.0,-0.0
case_000,0.425,0.0,15.0,0.0,0.0,0.0,0.0,0.0,True,620.0333548387097,-1.5000000000000002,-0.0,620.0333548387097,1.5000000000000002,-0.0,752.8976451612901,-1.0,-0.0,752.8976451612901,1.0,-0.0
case_000,0.43,0.0,15.0,0.0,0.0,0.0,0.0,0.0,True,620.0333548387097,-1.5000000000000002,-0.0,620.0333548387097,1.5000000000000002,-0.0,752.8976451612901,-1.0,-0.0,752.8976451612901,1.0,-0.0
case_000,0.435,0.0,15.0,0.0,0.0,0.0,0.0,0.0,True,620.0333548387097,-1.5000000000000002,-0.0,620.0333548387097,1.5000000000000002,-0.0,752.8976451612901,-1.0,-0.0,752.8976451612901,1.0,-0.0
case_000,0.44,0.0,15.0,0.0,0.0,0.0,0.0,0.0,True,620.0333548387097,-1.5000000000000002,-0.0,620.0333548387097,1.5000000000000002,-0.0,752.8976451612901,-1.0,-0.0,752.8976451612901,1.0,-0.0
case_000,0.445,0.0,15.0,0.0,0.0,0.0,0.0,0.0,True,620.0333548387097,-1.5000000000000002,-0.0,620.0333548387097,1.5000000000000002,-0.0,752.8976451612901,-1.0,-0.0,752.8976451612901,1.0,-0.0
case_000,0.45,0.0,15.0,0.0,0.0,0.0,0.0,0.0,True,620.0333548387097,-1.5000000000000002,-0.0,620.0333548387097,1.5000000000000002,-0.0,752.8976451612901,-1.0,-0.0,752.8976451612901,1.0,-0.0
case_000,0.455,0.0,15.0,0.0,0.0,0.0,0.0,0.0,True,620.0333548387097,-1.5000000000000002,-0.0,620.0333548387097,1.5000000000000002,-0.0,752.8976451612901,-1.0,-0.0,752.8976451612901,1.0,-0.0
case_000,0.46,0.0,15.0,0.0,0.0,0.0,0.0,0.0,True,620.0333548387097,-1.5000000000000002,-0.0,620.0333548387097,1.5000000000000002,-0.0,752.8976451612901,-1.0,-0.0,752.8976451612901,1.0,-0.0
case_000,0.465,0.0,15.0,0.0,0.0,0.0,0.0,0.0,True,620.0333548387097,-1.5000000000000002,-0.0,620.0333548387097,1.5000000000000002,-0.0,752.8976451612901,-1.0,-0.0,752.8976451612901,1.0,-0.0
case_000,0.47000000000000003,0.0,15.0,0.0,0.0,0.0,0.0,0.0,True,620.0333548387097,-1.5000000000000002,-0.0,620.0333548387097,1.5000000000000002,-0.0,752.8976451612901,-1.0,-0.0,752.8976451612901,1.0,-0.0
case_000,0.47500000000000003,0.0,15.0,0.0,0.0,0.0,0.0,0.0,True,620.0333548387097,-1.5000000000000002,-0.0,620.0333548387097,1.5000000000000002,-0.0,752.8976451612901,-1.0,-0.0,752.8976451612901,1.0,-0.0
case_000,0.48,0.0,15.0,0.0,0.0,0.0,0.0,0.0,True,620.0333548387097,-1.5000000000000002,-0.0,620.0333548387097,1.5000000000000002,-0.0,752.8976451612901,-1.0,-0.0,752.8976451612901,1.0,-0.0
case_000,0.485,0.0,15.0,0.0,0.0,0.0,0.0,0.0,True,620.0333548387097,-1.5000000000000002,-0.0,620.0333548387097,1.5000000000000002,-0.0,752.8976451612901,-1.0,-0.0,752.8976451612901,1.0,-0.0
case_000,0.49,0.0,15.0,0.0,0.0,0.0,0.0,0.0,True,620.0333548387097,-1.5000000000000002,-0.0,620.0333548387097,1.5000000000000002,-0.0,752.8976451612901,-1.0,-0.0,752.8976451612901,1.0,-0.0
case_000,0.495,0.0,15.0,0.0,0.0,0.0,0.0,0.0,True,620.0333548387097,-1.5000000000000002,-0.0,620.0333548387097,1.5000000000000002,-0.0,752.8976451612901,-1.0,-0.0,752.8976451612901,1.0,-0.0
case_000,0.5,0.0,15.0,0.0,0.0,0.0,0.0,0.0,True,620.0333548387097,-1.5000000000000002,-0.0,620.0333548387097,1.5000000000000002,-0.0,752.8976451612901,-1.0,-0.0,752.8976451612901,1.0,-0.0
case_000,0.505,0.0,15.0,0.0,0.0,0.0,0.0,0.0,True,620.0333548387097,-1.5000000000000002,-0.0,620.0333548387097,1.5000000000000002,-0.0,752.8976451612901,-1.0,-0.0,752.8976451612901,1.0,-0.0
case_000,0.51,0.0,15.0,0.0,0.0,0.0,0.0,0.0,True,620.0333548387097,-1.5000000000000002,-0.0,620.0333548387097,1.5000000000000002,-0.0,752.8976451612901,-1.0,-0.0,752.8976451612901,1.0,-0.0
case_000,0.515,0.0,15.0,0.0,0.0,0.0,0.0,0.0,True,620.0333548387097,-1.5000000000000002,-0.0,620.0333548387097,1.5000000000000002,-0.0,752.8976451612901,-1.0,-0.0,752.8976451612901,1.0,-0.0
case_000,0.52,0.0,15.0,0.0,0.0,0.0,0.0,0.0,True,620.0333548387097,-1.5000000000000002,-0.0,620.0333548387097,1.5000000000000002,-0.0,752.8976451612901,-1.0,-0.0,752.8976451612901,1.0,-0.0
case_000,0.525,0.0,15.0,0.0,0.0,0.0,0.0,0.0,True,620.0333548387097,-1.5000000000000002,-0.0,620.0333548387097,1.5000000000000002,-0.0,752.8976451612901,-1.0,-0.0,752.8976451612901,1.0,-0.0
case_000,0.53,0.0,15.0,0.0,0.0,0.0,0.0,0.0,True,620.0333548387097,-1.5000000000000002,-0.0,620.0333548387097,1.5000000000000002,-0.0,752.8976451612901,-1.0,-0.0,752.8976451612901,1.0,-0.0
case_000,0.535,0.0,15.0,0.0,0.0,0.0,0.0,0.0,True,620.0333548387097,-1.5000000000000002,-0.0,620.0333548387097,1.5000000000000002,-0.0,752.8976451612901,-1.0,-0.0,752.8976451612901,1.0,-0.0
case_000,0.54,0.0,15.0,0.0,0.0,0.0,0.0,0.0,True,620.0333548387097,-1.5000000000000002,-0.0,620.0333548387097,1.5000000000000002,-0.0,752.8976451612901,-1.0,-0.0,752.8976451612901,1.0,-0.0
case_000,0.545,0.0,15.0,0.0,0.0,0.0,0.0,0.0,True,620.0333548387097,-1.5000000000000002,-0.0,620.0333548387097,1.5000000000000002,-0.0,752.8976451612901,-1.0,-0.0,752.8976451612901,1.0,-0.0
case_000,0.55,0.0,15.0,0.0,0.0,0.0,0.0,0.0,True,620.0333548387097,-1.5000000000000002,-0.0,620.0333548387097,1.5000000000000002,-0.0,752.8976451612901,-1.0,-0.0,752.8976451612901,1.0,-0.0
case_000,0.555,0.0,15.0,0.0,0.0,0.0,0.0,0.0,True,620.0333548387097,-1.5000000000000002,-0.0,620.0333548387097,1.5000000000000002,-0.0,752.8976451612901,-1.0,-0.0,752.8976451612901,1.0,-0.0
case_000,0.56,0.0,15.0,0.0,0.0,0.0,0.0,0.0,True,620.0333548387097,-1.5000000000000002,-0.0,620.0333548387097,1.5000000000000002,-0.0,752.8976451612901,-1.0,-0.0,752.8976451612901,1.0,-0.0
case_000,0.5650000000000001,0.0,15.0,0.0,0.0,0.0,0.0,0.0,True,620.0333548387097,-1.5000000000000002,-0.0,620.0333548387097,1.5000000000000002,-0.0,752.8976451612901,-1.0,-0.0,752.8976451612901,1.0,-0.0
case_000,0.5700000000000001,0.0,15.0,0.0,0.0,0.0,0.0,0.0,True,620.0333548387097,-1.5000000000000002,-0.0,620.0333548387097,1.5000000000000002,-0.0,752.8976451612901,-1.0,-0.0,752.8976451612901,1.0,-0.0
case_000,0.5750000000000001,0.0,15.0,0.0,0.0,0.0,0.0,0.0,True,620.0333548387097,-1.5000000000000002,-0.0,620.0333548387097,1.5000000000000002,-0.0,752.8976451612901,-1.0,-0.0,752.8976451612901,1.0,-0.0
case_000,0.58,0.0,15.0,0.0,0.0,0.0,0.0,0.0,True,620.0333548387097,-1.5000000000000002,-0.0,620.0333548387097,1.5000000000000002,-0.0,752.8976451612901,-1.0,-0.0,752.8976451612901,1.0,-0.0
case_000,0.585,0.0,15.0,0.0,0.0,0.0,0.0,0.0,True,620.0333548387097,-1.5000000000000002,-0.0,620.0333548387097,1.5000000000000002,-0.0,752.8976451612901,-1.0,-0.0,752.8976451612901,1.0,-0.0
case_000,0.59,0.0,15.0,0.0,0.0,0.0,0.0,0.0,True,620.0333548387097,-1.5000000000000002,-0.0,620.0333548387097,1.5000000000000002,-0.0,752.8976451612901,-1.0,-0.0,752.8976451612901,1.0,-0.0
case_000,0.595,0.0,15.0,0.0,0.0,0.0,0.0,0.0,True,620.0333548387097,-1.5000000000000002,-0.0,620.0333548387097,1.5000000000000002,-0.0,752.8976451612901,-1.0,-0.0,752.8976451612901,1.0,-0.0
case_000,0.6,0.0,15.0,0.0,0.0,0.0,0.0,0.0,True,620.0333548387097,-1.5000000000000002,-0.0,620.0333548387097,1.5000000000000002,-0.0,752.8976451612901,-1.0,-0.0,752.8976451612901,1.0,-0.0
case_000,0.605,0.0,15.0,0.0,0.0,0.0,0.0,0.0,True,620.0333548387097,-1.5000000000000002,-0.0,620.0333548387097,1.5000000000000002,-0.0,752.8976451612901,-1.0,-0.0,752.8976451612901,1.0,-0.0
case_000,0.61,0.0,15.0,0.0,0.0,0.0,0.0,0.0,True,620.0333548387097,-1.5000000000000002,-0.0,620.0333548387097,1.5000000000000002,-0.0,752.8976451612901,-1.0,-0.0,752.8976451612901,1.0,-0.0
case_000,0.615,0.0,15.0,0.0,0.0,0.0,0.0,0.0,True,620.0333548387097,-1.5000000000000002,-0.0,620.0333548387097,1.5000000000000002,-0.0,752.8976451612901,-1.0,-0.0,752.8976451612901,1.0,-0.0
case_000,0.62,0.0,15.0,0.0,0.0,0.0,0.0,0.0,True,620.0333548387097,-1.5000000000000002,-0.0,620.0333548387097,1.5000000000000002,-0.0,752.8976451612901,-1.0,-0.0,752.8976451612901,1.0,-0.0
case_000,0.625,0.0,15.0,0.0,0.0,0.0,0.0,0.0,True,620.0333548387097,-1.5000000000000002,-0.0,620.0333548387097,1.5000000000000002,-0.0,752.8976451612901,-1.0,-0.0,752.8976451612901,1.0,-0.0
case_000,0.63,0.0,15.0,0.0,0.0,0.0,0.0,0.0,True,620.0333548387097,-1.5000000000000002,-0.0,620.0333548387097,1.5000000000000002,-0.0,752.8976451612901,-1.0,-0.0,752.8976451612901,1.0,-0.0
case_000,0.635,0.0,15.0,0.0,0.0,0.0,0.0,0.0,True,620.0333548387097,-1.5000000000000002,-0.0,620.0333548387097,1.5000000000000002,-0.0,752.8976451612901,-1.0,-0.0,752.8976451612901,1.0,-0.0
case_000,0.64,0.0,15.0,0.0,0.0,0.0,0.0,0.0,True,620.0333548387097,-1.5000000000000002,-0.0,620.0333548387097,1.5000000000000002,-0.0,752.8976451612901,-1.0,-0.0,752.8976451612901,1.0,-0.0
case_000,0.645,0.0,15.0,0.0,0.0,0.0,0.0,0.0,True,620.0333548387097,-1.5000000000000002,-0.0,620.0333548387097,1.5000000000000002,-0.0,752.8976451612901,-1.0,-0.0,752.8976451612901,1.0,-0.0
case_000,0.65,0.0,15.0,0.0,0.0,0.0,0.0,0.0,True,620.0333548387097,-1.5000000000000002,-0.0,620.0333548387097,1.5000000000000002,-0.0,752.8976451612901,-1.0,-0.0,752.8976451612901,1.0,-0.0
case_000,0.655,0.0,15.0,0.0,0.0,0.0,0.0,0.0,True,620.0333548387097,-1.5000000000000002,-0.0,620.0333548387097,1.5000000000000002,-0.0,752.8976451612901,-1.0,-0.0,752.8976451612901,1.0,-0.0
case_000,0.66,0.0,15.0,0.0,0.0,0.0,0.0,0.0,True,620.0333548387097,-1.5000000000000002,-0.0,620.0333548387097,1.5000000000000002,-0.0,752.8976451612901,-1.0,-0.0,752.8976451612901,1.0,-0.0
case_000,0.665,0.0,15.0,0.0,0.0,0.0,0.0,0.0,True,620.0333548387097,-1.5000000000000002,-0.0,620.0333548387097,1.5000000000000002,-0.0,752.8976451612901,-1.0,-0.0,752.8976451612901,1.0,-0.0
case_000,0.67,0.0,15.0,0.0,0.0,0.0,0.0,0.0,True,620.0333548387097,-1.5000000000000002,-0.0,620.0333548387097,1.5000000000000002,-0.0,752.8976451612901,-1.0,-0.0,752.8976451612901,1.0,-0.0
case_000,0.675,0.0,15.0,0.0,0.0,0.0,0.0,0.0,True,620.0333548387097,-1.5000000000000002,-0.0,620.0333548387097,1.5000000000000002,-0.0,752.8976451612901,-1.0,-0.0,752.8976451612901,1.0,-0.0
case_000,0.68,0.0,15.0,0.0,0.0,0.0,0.0,0.0,True,620.0333548387097,-1.5000000000000002,-0.0,620.0333548387097,1.5000000000000002,-0.0,752.8976451612901,-1.0,-0.0,752.8976451612901,1.0,-0.0
case_000,0.685,0.0,15.0,0.0,0.0,0.0,0.0,0.0,True,620.0333548387097,-1.5000000000000002,-0.0,620.0333548387097,1.5000000000000002,-0.0,752.8976451612901,-1.0,-0.0,752.8976451612901,1.0,-0.0
case_000,0.6900000000000001,0.0,15.0,0.0,0.0,0.0,0.0,0.0,True,620.0333548387097,-1.5000000000000002,-0.0,620.0333548387097,1.5000000000000002,-0.0,752.8976451612901,-1.0,-0.0,752.8976451612901,1.0,-0.0
case_000,0.6950000000000001,0.0,15.0,0.0,0.0,0.0,0.0,0.0,True,620.0333548387097,-1.5000000000000002,-0.0,620.0333548387097,1.5000000000000002,-0.0,752.8976451612901,-1.0,-0.0,752.8976451612901,1.0,-0.0
case_000,0.7000000000000001,0.0,15.0,0.0,0.0,0.0,0.0,0.0,True,620.0333548387097,-1.5000000000000002,-0.0,620.0333548387097,1.5000000000000002,-0.0,752.8976451612901,-1.0,-0.0,752.8976451612901,1.0,-0.0
case_000,0.705,0.0,15.0,0.0,0.0,0.0,0.0,0.0,True,620.0333548387097,-1.5000000000000002,-0.0,620.0333548387097,1.5000000000000002,-0.0,752.8976451612901,-1.0,-0.0,752.8976451612901,1.0,-0.0
case_000,0.71,0.0,15.0,0.0,0.0,0.0,0.0,0.0,True,620.0333548387097,-1.5000000000000002,-0.0,620.0333548387097,1.5000000000000002,-0.0,752.8976451612901,-1.0,-0.0,752.8976451612901,1.0,-0.0
case_000,0.715,0.0,15.0,0.0,0.0,0.0,0.0,0.0,True,620.0333548387097,-1.5000000000000002,-0.0,620.0333548387097,1.5000000000000002,-0.0,752.8976451612901,-1.0,-0.0,752.8976451612901,1.0,-0.0
case_000,0.72,0.0,15.0,0.0,0.0,0.0,0.0,0.0,True,620.0333548387097,-1.5000000000000002,-0.0,620.0333548387097,1.5000000000000002,-0.0,752.8976451612901,-1.0,-0.0,752.8976451612901,1.0,-0.0
case_000,0.725,0.0,15.0,0.0,0.0,0.0,0.0,0.0,True,620.0333548387097,-1.5000000000000002,-0.0,620.0333548387097,1.5000000000000002,-0.0,752.8976451612901,-1.0,-0.0,752.8976451612901,1.0,-0.0
case_000,0.73,0.0,15.0,0.0,0.0,0.0,0.0,0.0,True,620.0333548387097,-1.5000000000000002,-0.0,620.0333548387097,1.5000000000000002,-0.0,752.8976451612901,-1.0,-0.0,752.8976451612901,1.0,-0.0
case_000,0.735,0.0,15.0,0.0,0.0,0.0,0.0,0.0,True,620.0333548387097,-1.5000000000000002,-0.0,620.0333548387097,1.5000000000000002,-0.0,752.8976451612901,-1.0,-0.0,752.8976451612901,1.0,-0.0
case_000,0.74,0.0,15.0,0.0,0.0,0.0,0.0,0.0,True,620.0333548387097,-1.5000000000000002,-0.0,620.0333548387097,1.5000000000000002,-0.0,752.8976451612901,-1.0,-0.0,752.8976451612901,1.0,-0.0
case_000,0.745,0.0,15.0,0.0,0.0,0.0,0.0,0.0,True,620.0333548387097,-1.5000000000000002,-0.0,620.0333548387097,1.5000000000000002,-0.0,752.8976451612901,-1.0,-0.0,752.8976451612901,1.0,-0.0
case_000,0.75,0.0,15.0,0.0,0.0,0.0,0.0,0.0,True,620.0333548387097,-1.5000000000000002,-0.0,620.0333548387097,1.5000000000000002,-0.0,752.8976451612901,-1.0,-0.0,752.8976451612901,1.0,-0.0
case_000,0.755,0.0,15.0,0.0,0.0,0.0,0.0,0.0,True,620.0333548387097,-1.5000000000000002,-0.0,620.0333548387097,1.5000000000000002,-0.0,752.8976451612901,-1.0,-0.0,752.8976451612901,1.0,-0.0
case_000,0.76,0.0,15.0,0.0,0.0,0.0,0.0,0.0,True,620.0333548387097,-1.5000000000000002,-0.0,620.0333548387097,1.5000000000000002,-0.0,752.8976451612901,-1.0,-0.0,752.8976451612901,1.0,-0.0
case_000,0.765,0.0,15.0,0.0,0.0,0.0,0.0,0.0,True,620.0333548387097,-1.5000000000000002,-0.0,620.0333548387097,1.5000000000000002,-0.0,752.8976451612901,-1.0,-0.0,752.8976451612901,1.0,-0.0
case_000,0.77,0.0,15.0,0.0,0.0,0.0,0.0,0.0,True,620.0333548387097,-1.5000000000000002,-0.0,620.0333548387097,1.5000000000000002,-0.0,752.8976451612901,-1.0,-0.0,752.8976451612901,1.0,-0.0
case_000,0.775,0.0,15.0,0.0,0.0,0.0,0.0,0.0,True,620.0333548387097,-1.5000000000000002,-0.0,620.0333548387097,1.5000000000000002,-0.0,752.8976451612901,-1.0,-0.0,752.8976451612901,1.0,-0.0
case_000,0.78,0.0,15.0,0.0,0.0,0.0,0.0,0.0,True,620.0333548387097,-1.5000000000000002,-0.0,620.0333548387097,1.5000000000000002,-0.0,752.8976451612901,-1.0,-0.0,752.8976451612901,1.0,-0.0
case_000,0.785,0.0,15.0,0.0,0.0,0.0,0.0,0.0,True,620.0333548387097,-1.5000000000000002,-0.0,620.0333548387097,1.5000000000000002,-0.0,752.8976451612901,-1.0,-0.0,752.8976451612901,1.0,-0.0
case_000,0.79,0.0,15.0,0.0,0.0,0.0,0.0,0.0,True,620.0333548387097,-1.5000000000000002,-0.0,620.0333548387097,1.5000000000000002,-0.0,752.8976451612901,-1.0,-0.0,752.8976451612901,1.0,-0.0
case_000,0.795,0.0,15.0,0.0,0.0,0.0,0.0,0.0,True,620.0333548387097,-1.5000000000000002,-0.0,620.0333548387097,1.5000000000000002,-0.0,752.8976451612901,-1.0,-0.0,752.8976451612901,1.0,-0.0
case_000,0.8,0.0,15.0,0.0,0.0,0.0,0.0,0.0,True,620.0333548387097,-1.5000000000000002,-0.0,620.0333548387097,1.5000000000000002,-0.0,752.8976451612901,-1.0,-0.0,752.8976451612901,1.0,-0.0
case_000,0.805,0.0,15.0,0.0,0.0,0.0,0.0,0.0,True,620.0333548387097,-1.5000000000000002,-0.0,620.0333548387097,1.5000000000000002,-0.0,752.8976451612901,-1.0,-0.0,752.8976451612901,1.0,-0.0
case_000,0.81,0.0,15.0,0.0,0.0,0.0,0.0,0.0,True,620.0333548387097,-1.5000000000000002,-0.0,620.0333548387097,1.5000000000000002,-0.0,752.8976451612901,-1.0,-0.0,752.8976451612901,1.0,-0.0
case_000,0.8150000000000001,0.0,15.0,0.0,0.0,0.0,0.0,0.0,True,620.0333548387097,-1.5000000000000002,-0.0,620.0333548387097,1.5000000000000002,-0.0,752.8976451612901,-1.0,-0.0,752.8976451612901,1.0,-0.0
case_000,0.8200000000000001,0.0,15.0,0.0,0.0,0.0,0.0,0.0,True,620.0333548387097,-1.5000000000000002,-0.0,620.0333548387097,1.5000000000000002,-0.0,752.8976451612901,-1.0,-0.0,752.8976451612901,1.0,-0.0
case_000,0.8250000000000001,0.0,15.0,0.0,0.0,0.0,0.0,0.0,True,620.0333548387097,-1.5000000000000002,-0.0,620.0333548387097,1.5000000000000002,-0.0,752.8976451612901,-1.0,-0.0,752.8976451612901,1.0,-0.0
case_000,0.8300000000000001,0.0,15.0,0.0,0.0,0.0,0.0,0.0,True,620.0333548387097,-1.5000000000000002,-0.0,620.0333548387097,1.5000000000000002,-0.0,752.8976451612901,-1.0,-0.0,752.8976451612901,1.0,-0.0
case_000,0.835,0.0,15.0,0.0,0.0,0.0,0.0,0.0,True,620.0333548387097,-1.5000000000000002,-0.0,620.0333548387097,1.5000000000000002,-0.0,752.8976451612901,-1.0,-0.0,752.8976451612901,1.0,-0.0
case_000,0.84,0.0,15.0,0.0,0.0,0.0,0.0,0.0,True,620.0333548387097,-1.5000000000000002,-0.0,620.0333548387097,1.5000000000000002,-0.0,752.8976451612901,-1.0,-0.0,752.8976451612901,1.0,-0.0
case_000,0.845,0.0,15.0,0.0,0.0,0.0,0.0,0.0,True,620.0333548387097,-1.5000000000000002,-0.0,620.0333548387097,1.5000000000000002,-0.0,752.8976451612901,-1.0,-0.0,752.8976451612901,1.0,-0.0
case_000,0.85,0.0,15.0,0.0,0.0,0.0,0.0,0.0,True,620.0333548387097,-1.5000000000000002,-0.0,620.0333548387097,1.5000000000000002,-0.0,752.8976451612901,-1.0,-0.0,752.8976451612901,1.0,-0.0
case_000,0.855,0.0,15.0,0.0,0.0,0.0,0.0,0.0,True,620.0333548387097,-1.5000000000000002,-0.0,620.0333548387097,1.5000000000000002,-0.0,752.8976451612901,-1.0,-0.0,752.8976451612901,1.0,-0.0
case_000,0.86,0.0,15.0,0.0,0.0,0.0,0.0,0.0,True,620.0333548387097,-1.5000000000000002,-0.0,620.0333548387097,1.5000000000000002,-0.0,752.8976451612901,-1.0,-0.0,752.8976451612901,1.0,-0.0
case_000,0.865,0.0,15.0,0.0,0.0,0.0,0.0,0.0,True,620.0333548387097,-1.5000000000000002,-0.0,620.0333548387097,1.5000000000000002,-0.0,752.8976451612901,-1.0,-0.0,752.8976451612901,1.0,-0.0
case_000,0.87,0.0,15.0,0.0,0.0,0.0,0.0,0.0,True,620.0333548387097,-1.5000000000000002,-0.0,620.0333548387097,1.5000000000000002,-0.0,752.8976451612901,-1.0,-0.0,752.8976451612901,1.0,-0.0
case_000,0.875,0.0,15.0,0.0,0.0,0.0,0.0,0.0,True,620.0333548387097,-1.5000000000000002,-0.0,620.0333548387097,1.5000000000000002,-0.0,752.8976451612901,-1.0,-0.0,752.8976451612901,1.0,-0.0
case_000,0.88,0.0,15.0,0.0,0.0,0.0,0.0,0.0,True,620.0333548387097,-1.5000000000000002,-0.0,620.0333548387097,1.5000000000000002,-0.0,752.8976451612901,-1.0,-0.0,752.8976451612901,1.0,-0.0
case_000,0.885,0.0,15.0,0.0,0.0,0.0,0.0,0.0,True,620.0333548387097,-1.5000000000000002,-0.0,620.0333548387097,1.5000000000000002,-0.0,752.8976451612901,-1.0,-0.0,752.8976451612901,1.0,-0.0
case_000,0.89,0.0,15.0,0.0,0.0,0.0,0.0,0.0,True,620.0333548387097,-1.5000000000000002,-0.0,620.0333548387097,1.5000000000000002,-0.0,752.8976451612901,-1.0,-0.0,752.8976451612901,1.0,-0.0
case_000,0.895,0.0,15.0,0.0,0.0,0.0,0.0,0.0,True,620.0333548387097,-1.5000000000000002,-0.0,620.0333548387097,1.5000000000000002,-0.0,752.8976451612901,-1.0,-0.0,752.8976451612901,1.0,-0.0
case_000,0.9,0.0,15.0,0.0,0.0,0.0,0.0,0.0,True,620.0333548387097,-1.5000000000000002,-0.0,620.0333548387097,1.5000000000000002,-0.0,752.8976451612901,-1.0,-0.0,752.8976451612901,1.0,-0.0
case_000,0.905,0.0,15.0,0.0,0.0,0.0,0.0,0.0,True,620.0333548387097,-1.5000000000000002,-0.0,620.0333548387097,1.5000000000000002,-0.0,752.8976451612901,-1.0,-0.0,752.8976451612901,1.0,-0.0
case_000,0.91,0.0,15.0,0.0,0.0,0.0,0.0,0.0,True,620.0333548387097,-1.5000000000000002,-0.0,620.0333548387097,1.5000000000000002,-0.0,752.8976451612901,-1.0,-0.0,752.8976451612901,1.0,-0.0
case_000,0.915,0.0,15.0,0.0,0.0,0.0,0.0,0.0,True,620.0333548387097,-1.5000000000000002,-0.0,620.0333548387097,1.5000000000000002,-0.0,752.8976451612901,-1.0,-0.0,752.8976451612901,1.0,-0.0
case_000,0.92,0.0,15.0,0.0,0.0,0.0,0.0,0.0,True,620.0333548387097,-1.5000000000000002,-0.0,620.0333548387097,1.5000000000000002,-0.0,752.8976451612901,-1.0,-0.0,752.8976451612901,1.0,-0.0
case_000,0.925,0.0,15.0,0.0,0.0,0.0,0.0,0.0,True,620.0333548387097,-1.5000000000000002,-0.0,620.0333548387097,1.5000000000000002,-0.0,752.8976451612901,-1.0,-0.0,752.8976451612901,1.0,-0.0
case_000,0.93,0.0,15.0,0.0,0.0,0.0,0.0,0.0,True,620.0333548387097,-1.5000000000000002,-0.0,620.0333548387097,1.5000000000000002,-0.0,752.8976451612901,-1.0,-0.0,752.8976451612901,1.0,-0.0
case_000,0.935,0.0,15.0,0.0,0.0,0.0,0.0,0.0,True,620.0333548387097,-1.5000000000000002,-0.0,620.0333548387097,1.5000000000000002,-0.0,752.8976451612901,-1.0,-0.0,752.8976451612901,1.0,-0.0
case_000,0.9400000000000001,0.0,15.0,0.0,0.0,0.0,0.0,0.0,True,620.0333548387097,-1.5000000000000002,-0.0,620.0333548387097,1.5000000000000002,-0.0,752.8976451612901,-1.0,-0.0,752.8976451612901,1.0,-0.0
case_000,0.9450000000000001,0.0,15.0,0.0,0.0,0.0,0.0,0.0,True,620.0333548387097,-1.5000000000000002,-0.0,620.0333548387097,1.5000000000000002,-0.0,752.8976451612901,-1.0,-0.0,752.8976451612901,1.0,-0.0
case_000,0.9500000000000001,0.0,15.0,0.0,0.0,0.0,0.0,0.0,True,620.0333548387097,-1.5000000000000002,-0.0,620.0333548387097,1.5000000000000002,-0.0,752.8976451612901,-1.0,-0.0,752.8976451612901,1.0,-0.0
case_000,0.9550000000000001,0.0,15.0,0.0,0.0,0.0,0.0,0.0,True,620.0333548387097,-1.5000000000000002,-0.0,620.0333548387097,1.5000000000000002,-0.0,752.8976451612901,-1.0,-0.0,752.8976451612901,1.0,-0.0
case_000,0.96,0.0,15.0,0.0,0.0,0.0,0.0,0.0,True,620.0333548387097,-1.5000000000000002,-0.0,620.0333548387097,1.5000000000000002,-0.0,752.8976451612901,-1.0,-0.0,752.8976451612901,1.0,-0.0
case_000,0.965,0.0,15.0,0.0,0.0,0.0,0.0,0.0,True,620.0333548387097,-1.5000000000000002,-0.0,620.0333548387097,1.5000000000000002,-0.0,752.8976451612901,-1.0,-0.0,752.8976451612901,1.0,-0.0
case_000,0.97,0.0,15.0,0.0,0.0,0.0,0.0,0.0,True,620.0333548387097,-1.5000000000000002,-0.0,620.0333548387097,1.5000000000000002,-0.0,752.8976451612901,-1.0,-0.0,752.8976451612901,1.0,-0.0
case_000,0.975,0.0,15.0,0.0,0.0,0.0,0.0,0.0,True,620.0333548387097,-1.5000000000000002,-0.0,620.0333548387097,1.5000000000000002,-0.0,752.8976451612901,-1.0,-0.0,752.8976451612901,1.0,-0.0
case_000,0.98,0.0,15.0,0.0,0.0,0.0,0.0,0.0,True,620.0333548387097,-1.5000000000000002,-0.0,620.0333548387097,1.5000000000000002,-0.0,752.8976451612901,-1.0,-0.0,752.8976451612901,1.0,-0.0
case_000,0.985,0.0,15.0,0.0,0.0,0.0,0.0,0.0,True,620.0333548387097,-1.5000000000000002,-0.0,620.0333548387097,1.5000000000000002,-0.0,752.8976451612901,-1.0,-0.0,752.8976451612901,1.0,-0.0
case_000,0.99,0.0,15.0,0.0,0.0,0.0,0.0,0.0,True,620.0333548387097,-1.5000000000000002,-0.0,620.0333548387097,1.5000000000000002,-0.0,752.8976451612901,-1.0,-0.0,752.8976451612901,1.0,-0.0
case_000,0.995,0.0,15.0,0.0,0.0,0.0,0.0,0.0,True,620.0333548387097,-1.5000000000000002,-0.0,620.0333548387097,1.5000000000000002,-0.0,752.8976451612901,-1.0,-0.0,752.8976451612901,1.0,-0.0
case_000,1.0,-1.1355000036683827e-08,15.0,0.0,2.1979931028516982e-14,9.998146431167374e-10,6.274487986956956e-07,1.0551505056355381e-06,True,620.0333545249853,-1.5000000000000175,-2.220446049250313e-16,620.0333551524341,1.4999999999999825,2.220446049250313e-16,752.8976446337152,-1.0000000000000187,-2.220446049250313e-16,752.8976456888657,0.9999999999999813,2.220446049250313e-16
case_000,1.0050000000000001,0.1744754793673939,14.99999966924954,0.0666666666666682,0.00010775325481621383,0.0015871280510611218,6.26795599816478,1.6437112094776012,True,616.9079418299389,-1.5000849964023135,-1.1378392882344102e-06,623.1758978281036,1.4999150017338032,1.1377460940598105e-06,752.0756389923225,-1.0000908245508766,-1.128580262632628e-06,753.7193502018001,0.9999091697246175,1.128198628908006e-06
case_000,1.01,0.32472932515938285,14.999997612953019,0.13333333333333347,0.0007604408433305114,0.005778133903215991,13.967407532361676,5.896035144100551,True,613.0835065880128,-1.5005998161075949,-8.031138370001578e-06,627.0509141203745,1.4994001255124785,8.028219373623635e-06,749.9488243383804,-1.0006409533638065,-7.96583196827072e-06,755.844859482481,0.9993589712138289,7.960803810602712e-06
case_000,1.0150000000000001,0.46148582379287306,14.999992650175013,0.20000000000000168,0.0022764845938153737,0.011888269958751729,22.593354331735213,11.995888966107259,True,608.810124073775,-1.5017955126629452,-2.4047908002866603e-05,631.4034784055102,1.4982040890838157,2.402799533945954e-05,746.8979744496122,-1.001918734458209,-2.3850009040427e-05,758.8938634157195,0.998080943997984,2.3828572786599445e-05
case_000,1.02,0.5917063609103825,14.999983944471435,0.26666666666666694,0.004811550271446354,0.01941252506585425,31.833198479338876,19.433091384302998,True,604.2411353304992,-1.5037946268604827,-5.084349623035722e-05,636.0743338098381,1.4962038862317084,5.0769150828189336e-05,743.1786862480579,-1.0040553158788648,-5.0415626172084504e-05,762.6117776323609,0.9959438084327115,5.035724694385513e-05
case_000,1.025,0.7198114227796881,14.999970836463309,0.33333333333333215,0.008421466719409553,0.02797853985393122,41.49571968827934,27.86448489648876,True,599.4696204871711,-1.5066408224777539,-8.902468260507668e-05,640.9653401754505,1.4933551624012344,8.882392649650628e-05,738.9630059232325,-1.007097683211669,-8.825223384939518e-05,766.8274908197212,0.9929004315611392,8.812655203654929e-05
case_000,1.03,0.8485215694993348,14.999952747318352,0.40000000000000036,0.013102591171666457,0.03731176496539145,51.46491098754984,37.05736151972951,True,594.5516632687167,-1.5103307456626387,-0.00013857496833541427,646.0165742562665,1.4896603927868761,0.0001381318906036877,734.367572798099,-1.011042678190253,-0.00013732753209438897,771.4249343178285,0.988953796227832,0.00013709249329973971
case_000,1.035,0.9794308003864763,14.999929123756086,0.4666666666666656,0.01881733878892749,0.047209744581398115,61.67031428804751,46.85158439936572,True,589.521098468923,-1.514834184409688,-0.00019912311339370659,651.1914127569705,1.4851487642671986,0.00019827054664162125,729.4725063371874,-1.015858509831415,-0.00019725526383490566,776.3240907365531,0.9841354734772255,0.00019685415107617565
case_000,1.04,1.1133948798592885,14.999899407879466,0.5333333333333339,0.025510048228530154,0.057523156026437955,72.06824808854878,57.13441904336173,True,584.3987501094547,-1.5201066030080803,-0.0002701097481218051,656.4669981980035,1.4798636776214227,0.0002686237781348022,724.3339852951909,-1.0214981201167108,-0.00026746187412379774,781.4684043385527,0.9784922414056144,0.00026681930894056904
case_000,1.045,1.2507928793511083,14.999863022017168,0.5999999999999991,0.03311662777819501,0.06814183456129536,82.63016128890024,67.8239456534634,True,579.1981169137102,-1.5260967671135555,-0.00035088849153047663,661.8282782026105,1.4738551519536323,0.00034848444171181603,718.9925591606782,-1.0279073087797845,-0.00034728793323457463,786.8165048141416,0.9720779480980681,0.0003463050584107119
case_000,1.05,1.3917022568007271,14.999819362611014,0.6666666666666673,0.04157025087324662,0.07898447678656077,93.3356009568331,78.85823351550164,True,573.9287819077866,-1.5327512491320292,-0.0004407855259866422,667.2643828646197,1.4671753419303586,0.00043711507281923856,713.4785885705759,-1.0350295299965475,-0.00043604805846431116,792.3368220860775,0.9649487065793801,0.00043459716349197874
case_000,1.055,1.5360152969303844,14.999767799456679,0.7333333333333325,0.0508045868907052,0.08999105421610465,104.16812174951724,90.18835350511642,True,568.5983833643381,-1.5400169865665587,-0.000539133286423743,672.7665051138554,1.4598759964510715,0.000533782425772622,707.8157700420883,-1.0428086134735184,-0.0005330648945178207,798.0041235472047,0.9571601692949805,0.000530983745676894
case_000,1.06,1.6835159185302615,14.999707677968727,0.8000000000000007,0.06075552544028128,0.10111722433252028,115.1130377427113,101.77392846469797,True,563.2136912529178,-1.5478426498792475,-0.0006452883453186287,678.3267289956291,1.4520071036733968,0.000637776003062307,702.0233919025259,-1.0511902174694885,-0.0006376871981299548,803.7973203672238,0.9487660742506767,0.0006347733126609856
case_000,1.065,1.8339298148953729,14.999638323011004,0.866666666666666,0.07136200591468725,0.1123302144985598,126.15629865759536,113.58034488879241,True,557.7811418837767,-1.5561793030579547,-0.0007586399208794892,683.9374405413721,1.4436162404952784,0.0007484170659611822,696.117758176149,-1.0601225291819283,-0.0007492984489931853,809.6981030649414,0.9398175469086189,0.0007453035214273207
case_000,1.07,1.986956743240482,14.99955904336783,0.9333333333333342,0.08256633616203203,0.12360579160856396,137.28402786252605,125.5770386141404,True,552.3070562813223,-1.5649806602040677,-0.0008786130351981503,689.5910841438483,1.4347483242395274,0.0008650622062750801,690.1130735191338,-1.0695565357953634,-0.000867320024692475,815.6901121332742,0.9303628340051282,0.000861944677595039
case_000,1.075,2.142290969277757,14.999469136314186,0.9999999999999994,0.09431423546889293,0.134926027860756,148.482428855958,137.73646210045194,True,546.7976844573296,-1.574203124016315,-0.0010046687877208194,695.2801133132876,1.4254455813879692,0.0009871039806990112,684.0219851861157,-1.0794460641970696,-0.0009912114185306464,821.7584472865676,0.9204472708051218,0.0009841004179187984
case_000,1.08,2.2996338416417172,14.999367891941464,1.0666666666666678,0.10655474091036987,0.1462776556099393,159.73788006235554,150.03347889680037,True,541.2591621495396,-1.5838057161189247,-0.0011363031993484873,700.9970422118952,1.41574762393745,0.0011139700891181215,677.8559092341173,-1.0897477063340908,-0.0011204689723975925,827.8893881309177,0.9101133643401844,0.0011112070161643506
case_000,1.085,2.458701216826872,14.999254597058204,1.1333333333333329,0.11924005889608097,0.15765085626945605,171.0371068498648,162.44501607612744,True,535.6974329654163,-1.593749963937043,-0.001273045483473234,706.7345398152811,1.4056915689843739,0.0012451219686396842,671.625225646351,-1.100420698968923,-0.0012546239961246375,834.0702417224785,0.8994009234369112,0.001242732154731141
case_000,1.09,2.619227544449644,14.999128538586906,1.200000000000001,0.13232540357384145,0.16903836635932662,182.3673691048183,174.94986691624035,True,530.118164981089,-1.6039997770534424,-0.0014144561803682842,712.4855340859073,1.3953121687435068,0.0013800532467610482,665.3393962637579,-1.1114267927783599,-0.0013932407211397213,840.2892631799982,0.888347200244793,0.0013781735867571254
case_000,1.095,2.7809677987531716,14.998989006424422,1.2666666666666664,0.14576884336417723,0.1804348183205988,193.71663026535919,187.52857629696382,True,524.5266774805547,-1.6145213298589327,-0.0015601253780999635,718.2433077459139,1.38464193424683,0.001518288279751534,659.0070393470745,-1.1227301285580609,-0.0015359143224638605,846.5356156440383,0.876987025162899,0.0015170579001988482
case_000,1.1,2.943698047191169,14.998835295776082,1.3333333333333346,0.15953116328335157,0.19183625371231688,205.07369228723405,200.1633670181136,True,518.9278846883074,-1.6252829565286102,-0.0017096711014011334,724.0015769755414,1.3737112466669126,0.001659380856517012,652.6359816901448,-1.1342971268484743,-0.001682269098517597,852.7993487082584,0.8653529285712152,0.0016589394547896763
case_000,1.105,3.1072151776379227,14.99866670899466,1.4,0.17357574439932977,0.20323976332282248,216.42829093863747,212.838081965794,True,513.326258708629,-1.636255059357862,-0.0018627378842479003,729.7545496472665,1.3625484551688807,0.0018029130805881644,646.2333008510465,-1.146096391991288,-0.0018319568310882772,859.0713828168405,0.853475248109198,0.001803399497674718
case_000,1.11,3.2713361153377902,14.998482556965278,1.4666666666666681,0.18786845743611696,0.2146432205690704,227.77115318041518,225.5381286426457,True,507.7258103195375,-1.6474100280657216,-0.0020189954967943513,735.4969634999527,1.3511799635964603,0.0019484943965401014,639.8053642513405,-1.1580986279974432,-0.00198465530108477,865.3434928939862,0.8413822239139286,0.0019500454195774397
case_000,1.115,3.435896749252413,14.998282160083647,1.5333333333333332,0.20237756705589993,0.22604508366105436,239.09402005190157,238.2504188661194,True,502.1300857856156,-1.6587221672891137,-0.002178137792273771,741.2241058375172,1.339630308678199,0.002095760721933293,633.3578687748543,-1.170276563209507,-0.002140066929854856,871.6082876409737,0.8291000846513923,0.0020985101090281733
case_000,1.12,3.6007507059259933,14.9980648488762,1.6000000000000014,0.21707364291053105,0.23744424841433617,250.3896408086216,250.9633008395158,True,496.54217661755354,-1.6701676291471013,-0.0023398816348418894,746.9318174261751,1.3279222327848361,0.002244373641254349,626.8958823007539,-1.1826048803876357,-0.002297917510219516,877.8591831402697,0.8166531275590738,0.0022484513586363275
case_000,1.125,3.7657680583969437,14.997829964309652,1.6666666666666667,0.23192947406248424,0.24883993842073232,261.6517439461593,263.66648324658297,True,490.9647394611711,-1.6817243481609732,-0.0025039658744676063,752.6164834073304,1.3160767538716391,0.0023940196239454203,620.4238873986905,-1.195060149289525,-0.002457954995873035,884.0903706452734,0.8040637953018137,0.002399551283544854
case_000,1.1300000000000001,3.9308340248337803,14.997576857835218,1.733333333333335,0.24691998411832144,0.26023162281624085,272.87499058136564,276.35095236292466,True,485.4000234013821,-1.6933719764090163,-0.0026701503425027306,758.2750139827477,1.3041132346593598,0.0025444092367762905,613.9458267603635,-1.2076207594528596,-0.0026199483247837385,890.2967791232882,0.7913527518286191,0.002551515720782216
case_000,1.135,4.095847690527396,14.997304891209613,1.8,0.2620221451949033,0.2716189544739002,284.0549150767816,289.00888383144036,True,479.84990230501495,-1.7050918174153264,-0.002838214849415266,763.9048173817965,1.2920494525010726,0.0026952763293759396,607.4651496318536,-1.2202668515550232,-0.002783686259627105,896.474033463294,0.7785389587741345,0.002704073587107947
case_000,1.1400000000000001,4.2607207734992105,14.997013436131336,1.8666666666666685,0.27721488955832535,0.2830017233491317,295.1878571091657,301.63355097797967,True,474.3159101958333,-1.71686675784748,-0.0030079581733975513,769.503767304999,1.2799016708216528,0.002846377179711812,600.9848584128806,-1.2329802463421216,-0.0029489762351129767,902.6184093908603,0.765639753352423,0.0028569761811937933
case_000,1.145,4.425376446035772,14.99670187372737,1.9333333333333333,0.29247901843044194,0.2943798210969835,306.27088863327043,314.2192314772126,True,468.7992780456711,-1.7286811966216817,-0.0031791970351139898,775.0701666789415,1.2676847125073385,0.0029974895935854784,594.5075546370451,-1.2457443706813247,-0.0031156432082645735,908.7267861142577,0.7526709281486382,0.0030099964235034693
case_000,1.1500000000000001,4.589748390681528,14.996369594126163,2.0,0.30779710856870873,0.3057531992731847,317.3017282407517,326.7610978539226,True,463.3009764297959,-1.740520971897572,-0.003351765065196688,780.6027046705476,1.2554120347547268,0.0031484119643291897,588.0354916231906,-1.2585441812360918,-0.0032835285187257646,914.7965894771132,0.7396468122870201,0.003162928039481705
case_000,1.155,4.591489368745848,14.996036747453353,2.0,0.32305351979618535,0.31565071899587666,322.4333084451693,337.7420024628768,True,460.2171094241747,-1.7523108109691201,-0.0035244097453234757,782.650417869344,1.243160163865369,0.00329795467596522,582.3158739207827,-1.2712819386573837,-0.0034514387779434053,920.0578763836595,0.7266646175016763,0.0033145424663098
case_000,1.16,4.615551596204588,14.995719205101834,2.0,0.3378292749305346,0.3231026879140659,326.1614715113089,346.2757655894228,True,457.91517050288456,-1.7637114680137855,-0.003692504468540858,784.0766420141935,1.2312764526979438,0.0034418963094522415,577.7847778327325,-1.283604544454592,-0.003614982072819184,924.0605434221553,0.7140775761415188,0.0034604567152731747
case_000,1.165,4.652423381740105,14.995411656003126,2.0,0.35181849702549484,0.3287185209328292,328.98683077751207,353.0731477040084,True,456.12875195817173,-1.7744860981337927,-0.003852618371613714,785.1155827356838,1.2200057901998422,0.0035772082170720254,574.0940357526976,-1.2952545257679688,-0.003770931463867644,927.167183456706,0.7021438773437001,0.0035974915992917356
case_000,1.17,4.695789256764664,14.995110514291989,2.0,0.36486998685478905,0.3329558787235604,331.22400364994996,358.616562234061,True,454.68602934218995,-1.7845187685160415,-0.004003000023115932,785.9100329921399,1.2094703066886456,0.003702448852153095,571.0099517094259,-1.3061050613938057,-0.0039176617492444055,929.6265139434869,0.6909915995121633,0.003724105730361249
case_000,1.175,4.741544563073331,14.994813415605602,2.0,0.37692846282225895,0.3361578916850803,333.06752967074124,363.2332239297667,True,453.4778156277266,-1.7937683314407435,-0.004142948199322816,786.5453452984679,1.1997158513441082,0.0038171520704436968,568.3761505280413,-1.316110434023089,-0.00405453530954486,931.609374457808,0.68066822272804,0.003839779007578925
case_000,1.18,4.787093726548344,14.994518855063715,2.0,0.387996243534851,0.3385816706074604,334.6356956669359,367.14576439792677,True,452.4357191735889,-1.8022384043933959,-0.004272398887929074,787.0714148405248,1.190742347868394,0.003921430922930069,566.0879682066533,-1.3252736916081655,-0.004181503521575092,933.23373260458,0.6711728872326397,0.003944608687541484
case_000,1.185,4.8308593690006845,14.9942259279281,2.0,0.398108634764918,0.3404198459583377,335.99930489578475,370.5068274696665,True,451.51746687508574,-1.8099581301134633,-0.004391658066740689,787.5167717708705,1.1825233275431961,0.004015725090316391,564.0750160104117,-1.3336258514551644,-0.004298852283011412,934.5818434800782,0.6624770912291083,0.004039048368615461
case_000,1.19,4.871942670125425,14.99393414378318,2.0,0.407318406372846,0.34181676699084773,337.2003156459519,373.4225158429891,True,450.6971847061064,-1.8169700740193466,-0.00450123175710343,787.8975003520583,1.175018273248261,0.004100643009098737,562.2894145842396,-1.341212765096906,-0.004407042815703033,935.7119304272287,0.6545377252415651,0.004123742076398318
case_000,1.195,4.909890476703849,14.993643293646496,2.0,0.41568622631237334,0.34288065203781876,338.2637207520398,375.9681493753436,True,449.95905819027104,-1.8233227895983357,-0.004601720256880049,788.2227789423108,1.1681802444204468,0.004176865622414594,560.6979262009277,-1.348087007422821,-0.004506614657347696,936.6660755762713,0.6473050880351963,0.004199420925423858
case_000,1.2,4.944536903067777,14.993353355274312,2.0,0.4232749446168764,0.34369268837127254,339.2049642993921,378.1987652175218,True,449.2932661218137,-1.8290663934382194,-0.004693754177082565,788.4982304212058,1.1619604463329407,0.004245089632575028,559.2767448183131,-1.3543030161165994,-0.0045981286313801495,937.4755100358349,0.6407276623831031,0.004266840436048913
case_000,1.205,4.975896522440669,14.993064426070156,2.0,0.4301463271208892,0.34431384007929644,340.03444549415957,380.156046869516,True,448.69342459527974,-1.834250049715351,-0.004777957328641336,788.7278700894393,1.1563108505981574,0.004305995637676474,558.0080853579232,-1.359914302032069,-0.0046821350699952635,938.1641322274392,0.634754831900831,0.004326743904865371
case_000,1.21,5.00409301948935,14.992776675917899,2.0,0.43635931537698086,0.34478993745683445,340.7601516521272,381.87284892029504,True,448.1550199658071,-1.838920639928991,-0.0048549265315628864,788.9151716179343,1.1511855981396786,0.0043602315763054955,556.8779800307726,-1.3649719522086956,-0.004759157607556963,938.7508289510677,0.6293383175915064,0.004379842168841408
case_000,1.215,5.029312012585778,14.992490314334445,2.0,0.4419692125163086,0.34515548389003614,341.3891136734845,383.37611999433057,True,447.6744785957125,-1.8431221483229407,-0.00492522184212657,789.063592269197,1.1465416608392869,0.004408405308346464,555.8748756222712,-1.369523919263042,-0.0048296862785246475,939.2509956166018,0.624432839767616,0.004426803457481698
case_000,1.22,5.051770323154253,14.992205567942744,2.0,0.4470274125073221,0.34543649961407835,341.92813682031965,384.68876451074743,True,447.24864066831367,-1.8468954645875455,-0.0049893630141852885,789.1767774886333,1.1423390660490609,0.004451082437118281,554.9887587478283,-1.3736147742300542,-0.00489417594527275,939.6775232585758,0.6199963273351928,0.004468249295689508
case_000,1.225,5.071696308214363,14.991922665316128,2.0,0.4515814311099415,0.3456526468506474,342.3841027110312,385.8308127445516,True,446.8744834765129,-1.8502784160554833,-0.005047829516859115,789.2585861875441,1.138540876776942,0.004488786946228229,554.2106231573815,-1.3772857185040728,-0.004953047565630031,940.0414359019331,0.6159898775636111,0.004504753885365753
case_000,1.23,5.089317558826103,14.991641827054375,2.0,0.45567509022671887,0.34581882000311615,342.76403187199924,386.8201478512368,True,446.54899344015314,-1.8533059147803623,-0.00510106243829922,789.3130253121524,1.135113046333895,0.004522003189685042,553.5321544188248,-1.3805747292231756,-0.005006690790665125,940.3523022700616,0.6123775906930737,0.004536845369319253
case_000,1.235,5.104853509968263,14.991363259582924,2.0,0.45934876869405394,0.34594633357077514,343.0750226806773,387.6729509850119,True,446.26912395112436,-1.856010152785173,-0.005149467273849961,789.3441466318017,1.132024217495273,0.0045511784005893285,552.9455513775292,-1.3835167642180384,-0.005055467020843973,940.6185023625411,0.6091263520972154,0.004565008028186768
case_000,1.24,5.118511251124138,14.991087151554192,2.0,0.46263966959916036,0.34604381103056614,343.324138395792,388.40397344673045,True,446.0317986680628,-1.8584208076274868,-0.005193417003904577,789.3559370638548,1.1292455067359974,0.004576725259027525,552.443430244864,-1.3861439838758043,-0.0050997124362374135,940.8474036915944,0.6062056034993816,0.004589684849315101
case_000,1.245,5.130483414729427,14.990813672061465,2.0,0.4655820780492209,0.3461178492495449,343.51828303093913,389.0267046761835,True,445.8339362389432,-1.8605652388926834,-0.005233255133515025,789.3522192698823,1.1267502950335342,0.004599024296497278,552.0187772228978,-1.388485967448854,-0.0051397407605495715,941.0454818990813,0.6035871247287315,0.004611280161776643
case_000,1.25,5.140947374850504,14.990542970086604,2.0,0.46820759760904995,0.34617351623341563,343.66408829511244,389.5534809580305,True,445.6724821471826,-1.8624686672196051,-0.00526929852923258,789.336570442295,1.1245140352384104,0.004618426052552971,551.664927659284,-1.3905699134246534,-0.00517584566564111,941.2184086173145,0.6012448354980068,0.004630162184063535
case_000,1.2550000000000001,5.150065263031835,14.990275174777205,2.0,0.4705453616961906,0.346214723782659,343.76782171849635,389.99556178118576,True,445.54444007936814,-1.864154333600073,-0.005301839984199419,789.3122617978645,1.1225140794627726,0.004635252974290516,551.3755585981039,-1.3924208204538384,-0.005208302802666265,941.3711203792897,0.5991546199565854,0.0046466654206295255
case_000,1.26,5.157984471749245,14.990010396260725,2.0,0.47262222056795233,0.34624450678604896,343.8353193242262,390.3631904031473,True,445.44689897828465,-1.8656436399373417,-0.005331150496734327,789.2822183025108,1.1207295263602792,0.004649801086835881,551.1446867743163,-1.3940616490434505,-0.005237371488328535,941.5078771774636,0.5972941731561808,0.004661092892071672
case_000,1.2650000000000001,5.164838433030176,14.989748726788926,2.0,0.47446290662884655,0.34626523276088406,343.871942213411,390.6656480286132,True,445.37705432278983,-1.8669562733490992,-0.005357481276610621,789.2489965362008,1.1191410863963136,0.004662341478266552,550.9666676184922,-1.3955134660369306,-0.005263296093378889,941.6323156471054,0.5956428668511478,0.004673718208978606
case_000,1.27,5.170747536689639,14.989490242067342,2.0,0.4760901815158678,0.34627875926833807,343.88255439980696,390.91130657058545,True,445.3322235043089,-1.8681103171556859,-0.005381065506364635,789.2147779041159,1.1177309625346945,0.0046731216446482815,550.8361930104915,-1.3967955745591962,-0.005286307185297323,941.7474995810769,0.5941816314830831,0.004684787509922128
case_000,1.2750000000000001,5.175820103215106,14.989235002668682,2.0,0.47752496840412156,0.3462865523719462,343.87151837554194,391.10768224881895,True,445.30985585764296,-1.8691223513879458,-0.0054021198891079925,789.1813742331849,1.1164827437015965,0.004682366736417476,550.7482868332316,-1.3979256321286457,-0.005306622474535894,941.8559690820506,0.5928928512480832,0.004694521286315867
case_000,1.28,5.180153359337248,14.988983055460746,2.0,0.4787864725888847,0.3462897759741319,343.8427047247898,391.2614906873604,True,445.3075382032044,-1.8700075452710798,-0.005420846013563851,789.1502429279942,1.115381308632348,0.004690280739931996,550.6982981359992,-1.3989197593427387,-0.005324447607617855,941.9597888233595,0.5917602695013215,0.004703116114857353
case_000,1.285,5.183834385608144,14.988734435002296,2.0,0.4798922928654902,0.3462893593748654,343.7995123191836,391.37870329655834,True,445.3229968300502,-1.8707797436631008,-0.005437431563943662,789.1225091492338,1.1144127380828581,0.004697047619824868,550.6818921231086,-1.399792641118843,-0.005339976843073968,942.0605954196669,0.59076890222998,0.004710746314382452
case_000,1.29,5.186941018847126,14.988489164876677,2.0,0.48085852567274723,0.3462860485352546,343.74489603349895,391.464604297175,True,445.3540967974088,-1.8714515489465917,-0.005452051398294078,789.0989928309077,1.113564233792092,0.004702832440046711,550.6950393721489,-1.4005576220251859,-0.005353393638940718,942.1596436693239,0.5899049578155361,0.004717565539579083
case_000,1.295,5.189542700780184,14.988247258944593,2.0,0.4816998634560682,0.34628044513818623,343.6813993951193,391.5238475884819,True,445.39883932037554,-1.872034399440483,-0.005464868514917398,789.0802387154948,1.1128240429598142,0.004707782474747291,550.7340037443278,-1.4012267968252916,-0.005364871174006136,942.2578513328097,0.5891557617539694,0.004723708319876174
case_000,1.3,5.191701269379815,14.988008722505773,2.0,0.48242968827332267,0.3462730364993238,343.6111900577153,391.5605126635061,True,445.4553578717267,-1.8725386450362695,-0.005476034922814232,789.066547929442,1.1121813873293858,0.004712028314655281,550.7953294343304,-1.4018110970093993,-0.0053745728194389275,942.3558420978364,0.5885096853827437,0.00472929154829943
case_000,1.305,5.193471692493796,14.987773553365018,2.0,0.4830601613183078,0.34626421860606865,343.5360964313047,391.57815886008973,True,445.52191349825637,-1.8729736204753498,-0.005485692428996047,789.0580099295611,1.1116263962301196,0.0047156849703631765,550.8758275541722,-1.4023203738056458,-0.005382652572940849,942.453986414262,0.5879560779696372,0.004734415922291457
case_000,1.31,5.194902745114059,14.987541742802213,2.0,0.483602308770217,0.34625431398313766,343.45764419009936,391.57987736024677,True,445.5968897285311,-1.87334771646696,-0.0054939733529929535,789.0545339186305,1.111150043139228,0.004718852970818088,550.9725625772602,-1.4027634779501394,-0.005389255464039622,942.552439937507,0.5874852017541073,0.004739167336434147
case_000,1.315,5.196037632585115,14.987313276448543,2.0,0.48406610418323565,0.34624358565154495,343.3770917106092,391.56834048517464,True,445.67878734440615,-1.8736684486905963,-0.005501001176908993,789.0558790550153,1.1107440854758583,0.004721619453190107,551.0828388978096,-1.403148336340637,-0.005394517936483323,942.6511793829842,0.5870881697049427,0.004743618225598434
case_000,1.32,5.196914562511692,14.9870881350731,2.0,0.48446054749672757,0.3462322481258628,343.29546376651354,391.54584796344705,True,445.7662192026985,-1.8739425246227899,-0.0055068911378702845,789.061682969212,1.1104010074475774,0.004724059238974343,551.2041876945249,-1.403482025594053,-0.005398568211752275,942.7500356579719,0.586756885878801,0.004747828856192793
case_000,1.325,5.197567268300796,14.98686629528506,2.0,0.48479374066144454,0.3462204761548578,343.2135830285004,391.514369967142,True,445.8579052251304,-1.8741759080652105,-0.005511750768590562,789.0714882536308,1.1101139658414243,0.0047262358905066915,551.3343542293712,-1.4037708424635216,-0.005401526636335696,942.8487241965132,0.5864839883430898,0.0047518485627690565
case_000,1.33,5.198025487292153,14.986647730157353,2.0,0.485072959829781,0.346208411732155,343.1320990930059,391.47558681132705,True,445.9526676224673,-1.8743738812200874,-0.005515680390952182,789.0847667154732,1.1098767386956987,0.004728202741898391,551.4712856638591,-1.4040203710372126,-0.005403506014494297,942.9468724751862,0.5862627946730107,0.004755716927175746
case_000,1.335,5.198315396367292,14.986432409778057,2.0,0.4853047240386978,0.34619616977090023,343.051514900338,391.4309252958284,True,446.04942637997465,-1.8745411041513813,-0.00551877356690933,789.1009412803127,1.1096836768116796,0.00473000389857775,551.6131194363005,-1.4042355466305094,-0.00540461192764341,943.0440447321289,0.5860872500547595,0.0047594648976330145
case_000,1.34,5.198460007826737,14.986220301735724,2.0,0.4854948603145052,0.34618384273781644,342.97221050639865,391.38159173488316,True,446.1471950040282,-1.8746816714795358,-0.005521117510584317,789.1194055104269,1.1095296580726866,0.00473167520007195,551.7581722135566,-1.4044207162889608,-0.005404943041142363,943.1397639484397,0.5859518780316413,0.0047631158454589095
case_000,1.345,5.1984795282107985,14.986011371544826,2.0,0.485648565142763,0.3461715044688718,342.8944642493337,391.328601772227,True,446.2450765113587,-1.874799166178225,-0.005522793465110587,789.1395407606924,1.1094100445360093,0.004733245141279263,551.9049294085993,-1.4045796958361263,-0.005404591399098102,943.2335311808263,0.5858517339229115,0.004766686557652111
case_000,1.35,5.198391682623722,14.985805583017264,2.0,0.48577046226901066,0.34615921333448185,342.81847140783253,391.2728071179845,True,446.34225963124226,-1.8748967103690903,-0.0055238770475306564,789.1607310390748,1.109320642254889,0.004734735748199104,552.0520352396213,-1.404715823423904,-0.005403642707725698,943.3248423576058,0.585782360930755,0.004770188164072431
case_000,1.355,5.198212007009505,14.985602898585482,2.0,0.48586465682302893,0.34614701488189537,342.74436048613813,391.21491937131054,True,446.4380151850745,-1.8749770130415888,-0.0055244385648625105,789.1823756712126,1.10925766377583,0.0047361634048533885,552.1982832963669,-1.404832009569896,-0.005402176607808784,943.4132026676774,0.5857397489322324,0.004773626998521074
case_000,1.36,5.197954110721826,14.985403279582535,2.0,0.4859347857879491,0.34613494405252887,342.6722072856655,391.15553111142015,True,446.53169260610395,-1.8750424146575158,-0.0055245433042700465,789.2038998917694,1.1092176932432674,0.004737539628913379,552.3426075736337,-1.4049307836944154,-0.005400266936839759,943.4981386850538,0.5857202959329127,0.004777005393590106
case_000,1.365,5.197629911629133,14.985206686483934,2.0,0.4859840648637539,0.3461230270498249,342.60204693760875,391.09513445054347,True,446.6227165630828,-1.8750949286313787,-0.005524251800115509,789.2247635006916,1.1091976540302142,0.004738871794301325,552.4840739295719,-1.4050143371972337,-0.005397981981470457,943.5792083801153,0.5857207721387415,0.004780322409686788
case_000,1.37,5.197249845898387,14.985013079115783,2.0,0.4860153318011122,0.34611128291669246,342.5338840774687,391.03413724745076,True,446.7105836546727,-1.8751362797077225,-0.00552362008050955,789.2444677321414,1.109194778801272,0.004740163799755337,552.621871926701,-1.4050845631398412,-0.005395384720950913,943.6560091741518,0.5857382865839023,0.0047835744991465146
case_000,1.375,5.19682305450584,14.984822416833314,2.0,0.48603108630519437,0.34609972486926394,342.4677013429874,390.9728771804871,True,446.79485914576424,-1.8751679392837524,-0.005522699895809724,789.2625604887517,1.109206581903684,0.004741416683010369,552.7553070157223,-1.4051430926221677,-0.005392533062269389,943.7281841962094,0.5857702562356353,0.004786756106808343
case_000,1.3800000000000001,5.196357548428705,14.98463465867354,2.0,0.48603352662958527,0.3460883614244529,342.40346637330697,390.9116338757284,True,446.8751737217847,-1.875191157749639,-0.005521538931350545,789.2786400950916,1.1092308339734853,0.004742629180849833,552.8837930256607,-1.405191327962907,-0.00538948006772505,943.7954269013891,0.5858143774826623,0.00478986020883726
case_000,1.385,5.195860354377623,14.98444976348538,2.0,0.4860245829974423,0.34607719735181597,342.3411374802634,390.8506392798105,True,446.9512202423719,-1.875206993939683,-0.005520181006510971,789.2923577226353,1.109265538637241,0.004743798235818053,553.0068449281655,-1.4052304728096583,-0.005386274175662897,943.857484207976,0.5858685999022066,0.004792878791936073
case_000,1.3900000000000001,5.195337642835337,14.984267690040284,2.0,0.4860059480005931,0.346066234474899,342.28066815376314,390.79008645890303,True,447.02275048101956,-1.8752163418049268,-0.005518666262044281,789.3034186347827,1.1093089111854693,0.004744919450850815,553.1240718485454,-1.4052615593189408,-0.005382959415079547,943.9141583074485,0.5859311021916429,0.004795803275394972
case_000,1.395,5.194794840071966,14.98408839712604,2.0,0.4859791041374706,0.3460554723431425,342.2220105528302,390.73013699575733,True,447.089571842308,-1.8752199544318022,-0.005517031337410383,789.3115823951382,1.1093593590914756,0.004745987493482151,553.2351703010579,-1.4052854725569706,-0.005379575614767207,943.9653072968152,0.5860002701443867,0.004798624878679936
case_000,1.4000000000000001,5.194236725711673,14.983911843626156,2.0,0.48594534865784195,0.34604490879221383,342.1651181227358,390.67092714639546,True,447.15154405294874,-1.8752184655424127,-0.005515309539665225,789.3166621756845,1.1094154642487817,0.004746996451619245,553.3399176307547,-1.4053029722799417,-0.005376158607610482,944.0108447771502,0.5860746765456541,0.0048013349374650405
case_000,1.405,5.193667517329843,14.983737988586883,2.0,0.48590581588649684,0.3460345404080812,342.109947467112,390.612572906875,True,447.2085758270012,-1.8752124086200468,-0.005513531005277572,789.3185232941132,1.109475966801456,0.004747940143151608,553.4381656488911,-1.4053147122578178,-0.0053727404305795035,944.0507385557661,0.5861530628618126,0.004803925171168455
case_000,1.41,5.1930909434643455,14.983566791273798,2.0,0.4858614971997051,0.3460243629080794,342.05645959235954,390.555174129438,True,447.2606215093147,-1.8752022338090064,-0.005511722856058998,789.3170811016743,1.1095397504442177,0.004748812381878353,553.5298344531358,-1.4053212573084592,-0.00536934952088558,944.0850085825738,0.5862343225971564,0.004806387905167964
case_000,1.415,5.192510306329256,14.983398211219493,2.0,0.48581325882767723,0.34601437145051606,342.00462063032603,390.49881781598856,True,447.3076777041955,-1.875188322740766,-0.005509909350222331,789.3122983345215,1.1096058290728776,0.00474960720239731,553.6149064276045,-1.4053230982095437,-0.0053660109086837715,944.1137242435931,0.5863174861935176,0.0048087162509389825
case_000,1.42,5.191928535425948,14.98323220826381,2.0,0.4857618576537589,0.34600456088293396,341.9544021342391,390.44358070574833,True,447.34977989891615,-1.8751710014395702,-0.005508112029411316,789.3041820331553,1.109673334670407,0.004750319046718521,553.6934204211976,-1.4053206646546343,-0.005362746406614605,944.137001126946,0.5864017073512308,0.00481090424739844
case_000,1.425,5.191348233154197,14.983068742587816,2.0,0.4857079551769827,0.3459949259379266,341.90578103238744,390.3895312631422,True,447.38699909362157,-1.8751505514596347,-0.005506349862387738,789.292780126009,1.1097415063193723,0.004750942915434486,553.765466105451,-1.4053143364168965,-0.005359574796393152,944.1549973685932,0.5864862506540519,0.004812946966736342
case_000,1.43,5.1907717134361615,14.982907774742527,2.0,0.4856521297991656,0.34598546138433905,341.85873931416046,390.3367311615201,True,447.419438450664,-1.8751272194038062,-0.005504639385913446,789.2781777648245,1.1098096802374906,0.004751474486313523,553.8311785154872,-1.4053044528798535,-0.005356512012565151,944.1679096770073,0.5865704803856857,0.004814840587990532
case_000,1.435,5.190201034279033,14.982749265673318,2.0,0.48559488759124586,0.34597616214075977,341.8132635137898,390.28523634845317,True,447.44722997740894,-1.8751012249697745,-0.005502994843228637,789.2604934911988,1.1098772807394752,0.004751910203182219,553.8907327794443,-1.4052913210892986,-0.005353571323468365,944.1759691278975,0.5866538504312512,0.004816582441567185
case_000,1.44,5.189638025118094,14.982593176740703,2.0,0.48553667168623577,0.3459670233573774,341.76934404849254,390.235097768856,True,447.4705312571337,-1.8750727676652166,-0.005501428320403123,789.2398753056262,1.1099438120349658,0.004752247337931503,553.944339043098,-1.4052752224743288,-0.005350763509360701,944.179436811954,0.58673589516318,0.004818171027830664
case_000,1.445,5.189084309701341,14.98243946973814,2.0,0.4854778704382416,0.3459580404715415,341.72697445985676,390.186361813486,True,447.48952224280407,-1.8750420323275687,-0.00549994988072694,789.2164967026608,1.110008850779122,0.004752484028426651,553.9922375972012,-1.4052564183785299,-0.005348097037608912,944.1785994106872,0.586816221217513,0.004819606012791355
case_000,1.45,5.188541325200156,14.982288106907346,2.0,0.48541882447866197,0.34594920924170264,341.6861505999014,390.1390705519734,True,447.50440212839527,-1.8750091935778317,-0.005498567697207468,789.1905527282967,1.110072039299119,0.004752619295020466,554.0346942155908,-1.4052351545349702,-0.0053455782347687775,944.1737647675642,0.5868945000731778,0.00482088820380433
case_000,1.455,5.188010338157774,14.982139050951588,2.0,0.48535983279208017,0.34594052576380985,341.64686979674565,390.0932618020395,True,447.51538631194904,-1.8749744193309439,-0.005497288183155258,789.1622561086947,1.1101330794264943,0.004752653038276489,554.0719957120947,-1.4052116646108013,-0.005343211455337726,944.1652575141342,0.5869704613535417,0.0048220195080656
case_000,1.46,5.187492457818542,14.981992265047232,2.0,0.48530115792565853,0.34593198647370627,341.60913002873156,390.04896907938735,True,447.5227034638227,-1.8749378734780404,-0.005496116120770167,789.1318334925543,1.110191726871635,0.00475258602039369,554.1044457240295,-1.4051861729392054,-0.0053409992469178325,944.1534148034168,0.5870438867760931,0.004823002876550464
case_000,1.465,5.18698864731701,14.981847712853881,2.0,0.48524303043715217,0.3459235881385809,341.572929130462,390.00622146631986,True,447.52659271272586,-1.8748997178484996,-0.00549505478757617,789.0995218431879,1.1102477860829612,0.004752419832703414,554.1323607295199,-1.4051588965482382,-0.005338942511493916,944.1385821958397,0.5871146046825824,0.004823842235890774
case_000,1.47,5.186499733145681,14.981705358523257,2.0,0.48518565267807856,0.3459153278400994,341.53826404938013,389.9650434312522,True,447.5273009609989,-1.87486011355205,-0.005494106080507433,789.065565010379,1.1103011055391772,0.0047521568514750645,554.1560663050254,-1.4051300465878624,-0.005337040662508619,944.1211097362776,0.5871824850882073,0.0048245424105318735
case_000,1.475,5.186026413264803,14.981565166707043,2.0,0.4851292020001954,0.34590720295144683,341.5051301672417,389.9254546258559,True,447.525080339334,-1.8748192217936142,-0.0054932706374117846,789.0302105065757,1.110351573428556,0.004751800184126631,554.1758936284346,-1.4050998292483203,-0.005335291777403162,944.1013482542904,0.5872474351943298,0.004825109037345676
case_000,1.48,5.18556926416647,14.981427102563755,2.0,0.4850738334653268,0.34589921111016914,341.4735206969728,389.88746968178214,True,447.5201858098812,-1.874777204246057,-0.0054925479557079715,788.993706506854,1.1103991136743718,0.004751353607792219,554.1921762319705,-1.4050684462549496,-0.005333692745284113,944.0796459137526,0.5873093953149308,0.004825548474716057
case_000,1.485,5.185128747158101,14.981291131764783,2.0,0.48501968213078356,0.34589135018838896,341.4434261621663,389.85109802457816,True,447.51287292516355,-1.8747342230584805,-0.005491936507921014,788.9562990873299,1.1104436822704375,0.004750821502049918,554.2052470077191,-1.4050360950166947,-0.005332239409384154,944.0563450322973,0.5873683351722396,0.004825867707942355
case_000,1.49,5.184705214087827,14.98115722049961,2.0,0.48496686497519387,0.34588361826169894,341.4148339635077,389.8163437184968,True,447.5033957488689,-1.8746904405705738,-0.005491433853808014,788.9182297123766,1.1104852638950862,0.00475020877746507,554.2154354673277,-1.4050029684979968,-0.005330926703991046,944.0317791858245,0.5874242505219635,0.004826074252643364
case_000,1.495,5.1842989126954375,14.981025335480288,2.0,0.4849154825225298,0.345876013577796,341.38772803398035,389.7832053525241,True,447.49200494307183,-1.8746460187964455,-0.005491036748788425,788.8797329770522,1.1105238687760255,0.004749520801455742,554.2230652559144,-1.4049692548764603,-0.005329748785538269,944.0062706084385,0.5874771600730858,0.004826176057679099
case_000,1.5,5.183909991737506,14.980895443945164,2.0,0.48486562021549556,0.34586853452570504,341.36208858256254,389.7516759749051,True,447.47894602494904,-1.8746011187346372,-0.005490741248401487,788.8410346075116,1.1105595297820714,0.004748763322838134,554.2284519187436,-1.4049351370416832,-0.0053286991575755005,943.9801278936487,0.5875271026713641,0.004826181408943142
case_000,1.5050000000000001,5.1835385060046155,14.980767513661874,2.0,0.484817349583264,0.34586117960626095,341.3378919243665,389.721743080896,True,447.464457794697,-1.8745558995546365,-0.0054905428085230135,788.8023497190635,1.1105922997211422,0.0047479423962698,554.2319009178766,-1.4049007919840943,-0.005327770789361641,943.9536439987726,0.5875741347195446,0.004826098835226278
case_000,1.51,5.183184421320455,14.980641512929603,2.0,0.4847707292427959,0.34585394740435754,341.31511039368115,389.69338865610723,True,447.4487709348874,-1.8745105177040633,-0.005490436381096198,788.7638813285686,1.1106222488267443,0.004747064307664195,554.233705894474,-1.4048663901163359,-0.0053269562278605576,943.9270945505813,0.587618327810663,0.004825937017191084
case_000,1.5150000000000001,5.182847619588643,14.98051741058062,2.0,0.4847258057676715,0.3458468365633353,341.2937123352299,389.6665892760093,True,447.4321067802117,-1.8744651259749616,-0.005490416505151863,788.7258191154416,1.1106494624178131,0.0047461355015184226,554.234147171162,-1.4048320945639203,-0.005326247702952536,943.9007364471713,0.5876597665539861,0.00482570470035687
case_000,1.52,5.182527903931833,14.980395175981043,2.0,0.48468261445348776,0.345839845761764,341.2736621679755,389.64131626045685,True,447.41467625528645,-1.8744198725622447,-0.005490477392921578,788.6883384232619,1.1106740387190033,0.004745162510963574,554.2334904875325,-1.4047980604564076,-0.005325637225715718,943.8748067479894,0.5876985465758386,0.00482541061284808
case_000,1.5250000000000001,5.182225003949504,14.980274779030857,2.0,0.48464118000442674,0.34583297369277965,341.25492051511657,389.61753588079057,True,447.39667897703913,-1.8743749001423287,-0.005490613010875722,788.6515994921557,1.1106960868305007,0.004744151891225179,554.2319859607165,-1.4047644342452965,-0.005325116679670949,943.8495218415071,0.5877347726800467,0.004825063388528283
case_000,1.53,5.181938581105315,14.98015619016318,2.0,0.48460151716156236,0.345826219046052,341.23744439343125,389.5952096160063,True,447.37830251708465,-1.874330344995286,-0.005490817155551442,788.6157469105159,1.1107157248381037,0.004743110157063746,554.2298672618263,-1.4047313530701533,-0.005324677904927022,943.8250768778325,0.5877685571548319,0.004824671496013677
case_000,1.5350000000000001,5.181668234242197,14.980039380342728,2.0,0.48456363128983676,0.3458195804923929,341.22118745477485,389.5742944536105,True,447.3597218185686,-1.8742863361896407,-0.00549108352406702,788.5809092733434,1.1107330780557743,0.0047420437246563085,554.2273509981762,-1.404698944190247,-0.005324312775203344,943.8016454517867,0.5878000182148932,0.00482424317394381
case_000,1.54,5.181413505212093,14.979924321063535,2.0,0.48452751893737955,0.3458130566709603,341.2061002723461,389.55474323012106,True,447.34109876098984,-1.8742429948448918,-0.005491405779256497,788.5471990333359,1.1107482773939452,0.00474095885827297,554.2246362902134,-1.404667324495016,-0.005324013267753391,943.7793795203345,0.5878292785689431,0.004823786372771699
case_000,1.545,5.181173884599712,14.979810984345887,2.0,0.4844931683779508,0.34580664617896867,341.19213066437766,389.53650500578135,True,447.32258186587813,-1.8742004334834148,-0.005491777609387349,788.5147125302558,1.1107614578480196,0.004739861622014507,554.2219045315511,-1.4046366001032722,-0.005323771526247245,943.7584095373325,0.5878564641044385,0.004823308703242213
case_000,1.55,5.180948817511959,14.9796993427325,2.0,0.4844605601447356,0.3458003475637852,341.17922404792245,389.519525467662,True,447.30430613537004,-1.8741587554800154,-0.0054921927824649885,788.4835301832925,1.110772757102078,0.004738757836780516,554.2193193197016,-1.404606866057791,-0.005323579916718557,943.7388447873636,0.5878817026822641,0.004822817391624101
case_000,1.555,5.180737709400738,14.979589369283945,2.0,0.4844296675614895,0.34579415931726093,341.167323815627,389.5037473552736,True,447.2863930153394,-1.8741180546146732,-0.005492645195154522,788.4537168309664,1.1107823142436013,0.004737653042564016,554.2170265448162,-1.4045782061192265,-0.0053234310767132365,943.7207739000899,0.5879051230352205,0.004822319241685302
case_000,1.56,5.180539931882993,14.979481037573345,2.0,0.48440045727510567,0.34578807987213217,341.1563717286744,389.48911090273475,True,447.2689504741823,-1.8740784147313367,-0.005493128916386425,788.4253222028567,1.1107902685853794,0.004736552466092614,554.215154623295,-1.4045506926607703,-0.005323317957816487,943.7042655260298,0.5879268537648563,0.00482182060331976
case_000,1.565,5.180354828519896,14.979374321680377,2.0,0.48437288979202664,0.34578210760031086,341.14630831938837,389.4755542916182,True,447.25207318804496,-1.874039909503422,-0.005493638225742559,788.3983815074333,1.1107967585911338,0.004735460993770202,554.2138148629485,-1.4045243866628512,-0.0053232338617672514,943.6893691545667,0.5879470224318479,0.004821327347666826
case_000,1.57,5.180181720516485,14.979269196184573,2.0,0.484346920019527,0.34577624081287894,341.1370732974238,389.463014108842,True,447.23584282305166,-1.8740026023046843,-0.005494167646747039,788.3729161204755,1.1108019209016138,0.004734383149816557,554.2131019463077,-1.4044993378053026,-0.005323172470398874,943.6761160551497,0.587965754735657,0.0048208448485072
case_000,1.575,5.180019912303279,14.97916563615801,2.0,0.4843224978117463,0.34577047776159514,341.1286059539286,389.45142580412937,True,447.2203284049523,-1.8739665461824806,-0.0054947119752131734,788.3489343588809,1.110805889458096,0.0047333230794518455,554.2130945187174,-1.4044755846529122,-0.005323127869671651,943.6645203228468,0.5879831737795352,0.004820377969665501
case_000,1.58,5.17986869696232,14.97906361715738,2.0,0.4842995685194055,0.34576481664172526,341.120845558477,389.4407241420098,True,447.20558676653064,-1.8739317839289649,-0.005495266302823043,788.3264323250077,1.1108087947201706,0.0047322845369251465,554.2138558679005,-1.4044531549288843,-0.0053230945680894926,943.6545800099103,0.5879993994172593,0.004819931058107074
case_000,1.585,5.179727361462197,14.97896311521552,2.0,0.4842780735414027,0.3457592555960102,341.11373174420487,389.43084364356184,True,447.19166306315856,-1.873898348244588,-0.005495826036137852,788.3053948073634,1.1108107629748072,0.004731270878153282,554.2154346820236,-1.4044320658697922,-0.005323067509809654,943.6462783255854,0.5880145476781644,0.0048195079423798415
case_000,1.59,5.179595191668994,14.97886410683241,2.0,0.48425795087591317,0.3457537927195901,341.1072048769422,389.42171901365646,True,447.178591347031,-1.8738662619873672,-0.005496386911255424,788.2857962239732,1.1108119157335492,0.004730285057700623,554.2178658735089,-1.4044123246546896,-0.005323042082775398,943.6395848871654,0.58802873026719,0.004819111936023968
case_000,1.595,5.179471477103159,14.978766568965735,2.0,0.4842391356682118,0.34574842606571216,341.10120640482086,389.41328554976485,True,447.1663951907538,-1.873835538500555,-0.005496945004349885,788.2676015955747,1.1108123692146352,0.0047293296298085985,554.2211714563366,-1.4043939289004872,-0.005323014122212144,943.6344570061015,0.5880420541367019,0.004818745845548367
case_000,1.6,5.1793555154153275,14.978670479021035,2.0,0.4842215607521646,0.34574315365205804,341.09567918524664,389.40547952898476,True,447.15508835123256,-1.8738061820108427,-0.005497496738341934,788.2507675364792,1.1108122339066988,0.004728406753160552,554.2253614649485,-1.4043768672152357,-0.0053229799098417074,943.6308409939332,0.5880546211269058,0.004818411982557447
case_000,1.605,5.17924661655837,14.978575814841493,2.0,0.4842051571821895,0.3457379734675365,341.0905677866802,389.3982385702932,True,447.1446754651768,-1.873778188088863,-0.0054980388859576235,788.235243251857,1.110811614210586,0.004727518199056313,554.2304349035635,-1.4043611198007484,-0.005322936169171344,943.6286734738567,0.5880665276716589,0.004818112179602763
case_000,1.61,5.179144106636014,14.978482554697441,2.0,0.4841898547524435,0.3457328834793977,341.0858187632241,389.39150196960304,True,447.1351527678129,-1.873751544163466,-0.005498568569445916,788.220971531037,1.1108106081556703,0.004726665362659144,554.2363807151467,-1.4043466590958364,-0.005322880057223922,943.6278826847497,0.5880778645664362,0.0048178478093265364
case_000,1.615,5.179047331412698,14.978390677275634,2.0,0.48417558250004655,0.34572788164053747,341.08138090039773,389.38521100558773,True,447.1265088268738,-1.873726230081214,-0.005499083257229365,788.2078897272715,1.1108093071868737,0.0047258492769717275,554.2431787600467,-1.4043334504515195,-0.005322809153072261,943.6283897656344,0.5880887167951738,0.004817619806466
case_000,1.62,5.178955659473434,14.978300161668319,2.0,0.48416226918927346,0.3457229658968712,341.0772054310495,389.3793092147954,True,447.11872528443223,-1.8737022187026187,-0.005499580757763856,788.1959307154817,1.1108077960185476,0.004725070629201578,554.2508007949814,-1.4043214528297174,-0.005322721443539069,943.6301100097768,0.5880991634126906,0.0048174286922944565
case_000,1.625,5.1788684850255144,14.978210987362198,2.0,0.4841498437738429,0.3457181341946677,341.0732462207232,389.37374263491245,True,447.11177759948515,-1.8736794765266698,-0.005500059210890973,788.1850238202084,1.1108061525511093,0.00472432977917131,554.2592114436816,-1.4043106195171555,-0.0053226153064226955,943.632954078594,0.5881092774792392,0.0048172746010771705
case_000,1.6300000000000001,5.178785230338769,14.978123134227323,2.0,0.4841382358346671,0.3457133844877469,341.0694599222185,389.3684600155276,True,447.1056357849264,-1.873657964335651,-0.005500517076956646,788.1750957071449,1.1108044478463597,0.004723626779443935,554.2683691514054,-1.4043008988466383,-0.005322489491595361,943.636829166933,0.5881191260437966,0.0048171573081407515
case_000,1.635,5.178705347823644,14.97803658250595,2.0,0.48412737599071404,0.34570871474445475,341.06580609949447,389.3634129961649,True,447.10026513285254,-1.8736376378523854,-0.005500953123975971,788.166071232347,1.1108027461571928,0.004722961396834702,554.278227116093,-1.4042922349181923,-0.005322343100318094,943.641640112258,0.58812877017256,0.004817076259163555
case_000,1.6400000000000001,5.178628321750567,14.977951312801467,2.0,0.4841171962809439,0.34570412295434133,341.06224732136855,389.35855625163447,True,447.09562692287227,-1.8736184484025826,-0.005501366413111497,788.1578742442408,1.1108011050074311,0.00472233313499848,554.2887341898727,-1.4042845683131349,-0.00532217556309833,943.6472904415072,0.5881382650191208,0.004817030600316574
case_000,1.645,5.178553669616858,14.97786730606735,2.0,0.4841076305156132,0.3456996071344781,341.05874922579085,389.3538476052066,True,447.0916791085526,-1.8736003435753839,-0.005501756282729364,788.1504283343435,1.110799575317413,0.0047217412577923445,554.2998357452502,-1.4042778367946211,-0.005321986616407315,943.6536833504568,0.5881476599327646,0.0048170192089034836
case_000,1.6500000000000001,5.17848094317047,14.977784543596314,2.0,0.48409861459559034,0.34569516533536093,341.0552805557474,389.3492481103766,True,447.0883769777119,-1.8735832678757034,-0.005502122331288162,788.1436575334593,1.110798201570968,0.004721184813129775,554.3114745011247,-1.4042719759888016,-0.005321776278557122,943.6607226115013,0.5881569986013147,0.00481704072417144
case_000,1.655,5.178409729102538,14.977703007009572,2.0,0.484090086798673,0.3456907956463558,341.0518131681063,389.3447221022409,True,447.0856737828172,-1.8735671633624964,-0.005502464399305518,788.1374869509235,1.1107970220194237,0.004720662657060726,554.3235913045104,-1.4042669200413451,-0.005321544825020563,943.6683134067513,0.5881663192249619,0.004817093577987319
case_000,1.6600000000000001,5.178339649423161,14.977622678246357,2.0,0.4840819880322494,0.34568649620065217,341.04832201688134,389.3402372198185,True,447.0835213383234,-1.8735519702677053,-0.005502782550634855,788.1318433552048,1.110796068918297,0.0047201734778302695,554.3361258645303,-1.404262602244661,-0.005321292763460328,943.6763630843488,0.588175654717537,0.004817176025100178
case_000,1.665,5.178270361536745,14.97754353955366,2.0,0.48407426205198856,0.3456822651796995,341.04478511261004,389.3357644008181,True,447.08187058226736,-1.8735376275911453,-0.005503077053274685,788.1266556948774,1.1107953687924101,0.004719715819687553,554.3490174359572,-1.404258955631801,-0.0053210208087148825,943.6847818367753,0.5881850329317344,0.004817286172735302
case_000,1.67,5.1782015580352,14.977465573476268,2.0,0.4840668556465715,0.34567810081710926,341.0411834596663,389.3312778505766,True,447.08067209999433,-1.8735240736672358,-0.005503348359917282,788.1218555596606,1.1107949427252415,0.004719288106238395,554.3622054502381,-1.4042559135336397,-0.005320729857968665,943.6934833008147,0.5881944769048629,0.0048174220092931375
case_000,1.675,5.178132966228617,14.977388762847093,2.0,0.48405971878879495,0.34567400140201326,341.03750097341305,389.3267549869927,True,447.07987660837176,-1.8735112467000479,-0.005503597088430623,788.1173775817848,1.1107948066684221,0.004718888663154119,554.3756300925562,-1.4042534100965254,-0.0053204209663155755,943.7023850795489,0.5882040051217582,0.0048175814319502686
case_000,1.68,5.178064347434345,14.977313090777857,2.0,0.4840528047536674,0.34566996528187466,341.03372437922377,389.3221763634426,True,447.0794353993162,-1.8734990852637146,-0.005503824002452695,788.11315977854,1.1107949717674297,0.004718515740071261,554.389232824107,-1.4042513807582162,-0.005320095322903007,943.7114091875496,0.5882136317916226,0.004817762272988524
case_000,1.685,5.177995496046206,14.977238540650111,2.0,0.4840460702043944,0.34566599086475724,341.02984309541375,389.31752557176094,True,447.0793007419228,-1.8734875287658426,-0.005504029992261739,788.1091438373365,1.1107954446996948,0.0047181675315371985,554.4029568492739,-1.4042497626804613,-0.005319754227825435,943.7204824210348,0.5882233671356522,0.004817962324702441
case_000,1.69,5.177926238406256,14.97716509610665,2.0,0.48403947524739355,0.34566207662106013,341.0258491021609,389.31278912737446,True,447.0794262429048,-1.8734765178720914,-0.005504216056070821,788.1052753450657,1.1107962280214723,0.004717842196877153,554.4167475279536,-1.4042484951371619,-0.005319399069914799,943.729536655328,0.588233217682448,0.00481817936276091
case_000,1.695,5.177856431501738,14.977092741043288,2.0,0.48403298345770357,0.3456582210847347,341.0217367985128,389.3079563387806,True,447.07976716542436,-1.873465994890602,-0.0055043832818801874,788.1015039639371,1.1107973205200528,0.004717537878878686,554.4305527337204,-1.4042475198575441,-0.0053190313055561655,943.7385090725011,0.5882431865683526,0.004818411167923753
case_000,1.7,5.177785961510085,14.977021459601062,2.0,0.48402656187634396,0.3456544228540012,341.0175028495125,389.30301916351857,True,447.08028070677864,-1.8734559041154837,-0.00550453283000496,788.0977835562911,1.110798717568058,0.004717252721208154,554.4443231589564,-1.4042467813242712,-0.005318652438637661,943.747342322475,0.5882532738400164,0.004818655546036554
case_000,1.705,5.177714742214715,14.976951236158808,2.0,0.4840201809813486,0.34565068059158915,341.0131460254647,389.29797205277316,True,447.0809262357533,-1.873446192129026,-0.0055046659163795475,788.094072261218,1.1108004114768146,0.004716984884494346,554.4580125684924,-1.4042462270268767,-0.005318264001723749,943.7559846212656,0.5882634767566567,0.004818910346250371
case_000,1.71,5.177642713313863,14.97688205532616,2.0,0.4840138146343362,0.3456469930245267,341.0086670353132,389.29281178677604,True,447.081665490699,-1.8734368080627084,-0.005504783796727253,788.0903325260122,1.1108023918460022,0.004716732561030945,554.4715780035859,-1.4042458076712967,-0.00531786753852459,943.764389790362,0.5882737900896747,0.004819173477433991
case_000,1.715,5.177569838644222,14.976813901936952,2.0,0.48400744000458795,0.3456433589435093,341.00406835596897,389.287537302985,True,447.08246273969525,-1.8734277038175107,-0.005504887751667631,788.0865310956642,1.110804645906978,0.004716493988065618,554.4849799384248,-1.4042454773466575,-0.005317464587715259,943.7725172414098,0.5882842064174264,0.0048194429227639835
case_000,1.72,5.1774961043406025,14.97674676104303,2.0,0.4840010374726912,0.3456397772018786,340.9993540594048,389.28214951911764,True,447.0832849044151,-1.8734188342443985,-0.005504979072818883,788.0826389638199,1.1108071588575044,0.0047162674596629706,554.4981823915651,-1.4042451936508167,-0.00531705666814275,943.7803319106828,0.5882947164132138,0.004819716752500425
case_000,1.725,5.177421516951617,14.976680617908448,2.0,0.4839945905158603,0.3456362467142441,340.9945296391637,389.27665115283526,True,447.08410164943894,-1.8734101572861337,-0.005505059049942307,788.0786312886027,1.1108099141857157,0.004716051337137983,554.5111529949429,-1.4042449177764227,-0.005316645265443121,943.7878041477782,0.5883053091246699,0.0048199931349671155
case_000,1.73,5.177346101530761,14.976615458004073,2.0,0.4839880855770843,0.3456327664547829,340.9896018378933,389.2710465399897,True,447.08488543901404,-1.8734016340819157,-0.005505128959159222,788.0744872769073,1.11081289398155,0.004715844058076291,554.5238630232628,-1.404244614559543,-0.005316231820076511,943.7949095632525,0.5883159722429901,0.0048202703457769225
case_000,1.735,5.177269899720746,14.976551267002534,2.0,0.48398151192025496,0.345629335455252,340.984578477303,389.26534145301525,True,447.0856115633243,-1.8733932290365354,-0.00550519005226191,788.0701900406273,1.110816079233958,0.004715644143963527,554.5362873867033,-1.4042442524930725,-0.005315817716774751,943.8016288397185,0.5883266923605718,0.0048205467753496545
case_000,1.74,5.1771929678482556,14.976488030773599,2.0,0.4839748614734199,0.3456259528027484,340.9794682918995,389.2595429210925,True,447.0862581365286,-1.8733849098560345,-0.005505243547125116,788.0657264284281,1.1108194501125848,0.004715450206463689,554.5484045900145,-1.4042438037073774,-0.005315404275382241,943.8079475111069,0.5883374552159091,0.004820820934788472
case_000,1.745,5.177115375044288,14.976425735379827,2.0,0.48396812866227085,0.34562261763725394,340.9742807676857,389.2536590535045,True,447.08680606878823,-1.873376647551909,-0.005505290619218894,788.0610868364739,1.110822986232722,0.004715260952390055,554.5601966610599,-1.4042432439206793,-0.005314992743062796,943.8138557145644,0.5883482459246886,0.004821091460185722
case_000,1.75,5.177037201404716,14.976364367072627,2.0,0.4839613102359261,0.345619329148998,340.9690259868806,389.24769886749846,True,447.08723901470097,-1.8733684164161941,-0.00550533239420814,788.0562650015816,1.1108266669026654,0.004715075187426643,554.5716490519865,-1.4042425523618607,-0.005314584287831492,943.8193479194849,0.5883590491963069,0.004821357115442626
case_000,1.7550000000000001,5.176958536203655,14.976303912288591,2.0,0.4839544050869979,0.3456160865756744,340.9637144795774,389.24167212180896,True,447.0875433004666,-1.8733601939697413,-0.005505369941620042,788.051257780044,1.1108304713527355,0.004714891818660638,554.5827505161465,-1.4042417116683947,-0.0053141799933636436,943.8244226379554,0.5883698495351352,0.004821616793691641
case_000,1.76,5.176879476171115,14.976244357646145,2.0,0.4839474140678526,0.34561288919954397,340.95835708316395,389.23558915689443,True,447.0877078321615,-1.87335196088614,-0.00550540426955104,788.0460649153255,1.110834378945482,0.004714709855995813,554.5934929638448,-1.40424070776214,-0.005313780855026151,943.8290821207393,0.5883806314260682,0.004821869517417032
case_000,1.7650000000000001,5.176800123845215,14.976185689942485,2.0,0.48394033980487866,0.34560973634445685,340.9529648101402,389.2294607428046,True,447.0877239875392,-1.8733437008938238,-0.005505436320374979,788.0406887976794,1.110838369366801,0.004714528412521735,554.6038713000298,-1.4042395297057757,-0.005313387777066025,943.8333320428344,0.5883913795040887,0.0048221144373769564
case_000,1.77,5.176720586007191,14.97612789615076,2.0,0.483933186512467,0.34560662737282377,340.9475487248845,389.22329793538347,True,447.0875854935966,-1.8733354006587926,-0.00550546696741433,788.0351342184811,1.1108424227977924,0.004714346703914185,554.6138832468115,-1.4042381695425736,-0.005313001570891207,943.837181182195,0.5884020787076291,0.004822350830426314
case_000,1.7750000000000001,5.176640972206855,14.976070963417525,2.0,0.4839259598082958,0.3456035616825658,340.94211982980244,389.2171119415035,True,447.08728829224253,-1.8733270496505243,-0.005505497012524008,788.029408122045,1.1108465200674866,0.004714164046950853,554.6235291537682,-1.4042366221222222,-0.005312622954367685,943.8406410952717,0.5884127144158038,0.004822578096351227
case_000,1.78,5.1765613933843175,14.976014879060383,2.0,0.48391866653139076,0.34560053870406987,340.9366889611395,389.2109139938091,True,447.0868303962454,-1.8733186399935218,-0.005505527184537007,788.0235193573849,1.110850642786623,0.004713979857223549,554.6328117987409,-1.4042348849153017,-0.005312252552058805,943.84372579255,0.5884232725696031,0.004822795753819442
case_000,1.7850000000000001,5.176481960592471,14.975959630565852,2.0,0.4839113145643006,0.34559755789717456,340.9312666946363,389.2047152353415,True,447.08621173756865,-1.8733101663069296,-0.0055055581385163865,788.0174784322049,1.1108547734628487,0.00471379364613056,554.641736181743,-1.4042329578189177,-0.00531189089632772,943.8464514170845,0.5884337397773212,0.004823003435553586
case_000,1.79,5.176402783823799,14.975905205587406,2.0,0.4839039126606002,0.3455946187482107,340.92586326115935,389.19852661432503,True,447.085434010091,-1.8733016255345374,-0.00550559045575566,788.0112972712503,1.1108588955978433,0.004713605017234113,554.6503093144835,-1.404230842955939,-0.005311538429221996,943.8488359288085,0.5884441034045902,0.0048232008828339445
case_000,1.795,5.176323970943632,14.975851591943675,2.0,0.48389647027879684,0.3455917207671155,340.9204884722315,389.1923587892535,True,447.0845005086596,-1.8732930167674946,-0.005505624644465357,788.0049889808911,1.110862993766989,0.00471341366206568,554.65854000779,-1.404228544470102,-0.005311195505060207,943.8508987970434,0.5884543516494982,0.004823387939433377
case_000,1.8,5.176245626731009,14.975798777616795,2.0,0.483888997423585,0.34558886348464124,340.9151516554209,389.1862220443239,True,447.0834159662188,-1.8732843410618312,-0.005505661141085472,787.9985676216397,1.110867053682302,0.004713219355461651,554.6664386591084,-1.4042260683191652,-0.00531086239363876,943.8526607034323,0.588464473603363,0.004823564545085701
case_000,1.805,5.176167852027083,14.975746750750876,2.0,0.4838815044952598,0.34558604644967345,340.9098615993672,389.18012621517903,True,447.0821863906921,-1.873275601252872,-0.005505700312160189,787.9920479900593,1.1108710622394353,0.004713021950508489,554.6740170420295,-1.4042234220681054,-0.005310539283979565,943.8541432572085,0.5884744592977955,0.0048237307285843856
case_000,1.81,5.176090742990278,14.975695499650573,2.0,0.4838740021479663,0.34558326922667393,340.90462650818887,389.17408062480865,True,447.0808189031596,-1.8732668017684408,-0.005505742456711815,787.9854454113485,1.110875007549634,0.004712821373175136,554.6812880996529,-1.4042206146842267,-0.005310226288539499,943.8553687244615,0.5884842997387826,0.0048238866006045655
case_000,1.815,5.176014390456365,14.975645012779752,2.0,0.4838665011573403,0.3455805313932603,340.89945396497035,389.1680940293709,True,447.07932157871255,-1.873257948442648,-0.00550578780905181,787.9787755436829,1.11087887895761,0.004712617616706882,554.6882657434264,-1.4042176563358926,-0.005309923447804343,943.8563597727973,0.5884939869285487,0.004824032346336549
case_000,1.82,5.17593887940078,14.975595278760222,2.0,0.48385901229796496,0.3455778325379321,340.89435090393835,389.1621745736842,True,447.07770329123156,-1.8732490483318716,-0.00550583654196829,787.9720541951699,1.1108826670463041,0.004712410735850436,554.6949646588482,-1.4042145581963847,-0.00530963073519497,943.8571392325324,0.5885035138760156,0.00482416821801368
case_000,1.825,5.175864288500002,14.97554628637053,2.0,0.4838515462309549,0.3455751722579527,340.88932359087636,389.1563297559943,True,447.07597356325965,-1.8732401095344837,-0.005505888770227896,787.965297154136,1.110886363629602,0.004712200840977565,554.7014001193404,-1.4042113322543082,-0.005309348062213004,943.8577298753347,0.58851287459672,0.004824294527412232
case_000,1.83,5.175790689787964,14.975498024544795,2.0,0.4838441134018634,0.34557255015738986,340.8843776113316,389.1505664015947,True,447.0741424219008,-1.8732311410155966,-0.005505944554336506,787.9585200332324,1.1108899617340322,0.004711988092168551,554.7075878093542,-1.4042079911317165,-0.005309075283759457,943.8581542109489,0.5885220641030454,0.00482441163839431
case_000,1.835,5.175718148403041,14.97545048237156,2.0,0.4838367239490047,0.3455699658453238,340.8795178661065,389.144890644886,True,447.0722202616335,-1.8732221524380879,-0.005506003904501233,787.95173812774,1.1108934555705539,0.004711772693314464,554.7135436576145,-1.4042045479110141,-0.005308812203562607,943.8584343025005,0.5885310783856922,0.004824519959560458
case_000,1.84,5.175646722420644,14.975403649092694,2.0,0.48382938762218053,0.3455674189342205,340.87474857347223,389.1393079192992,True,447.0702177147429,-1.873213154000901,-0.005506066784741581,787.9449662882151,1.1108968404974702,0.004711554886289437,554.7192836812542,-1.4042010159715232,-0.0053085585796554535,943.8585916005534,0.5885399143872465,0.004824619937069452
case_000,1.845,5.17557646276605,14.975357514102255,2.0,0.48382211371171374,0.34556490903847387,340.87007327757505,389.13382295462895,True,447.0681455299661,-1.8732041562855515,-0.005506133117099077,787.9382188075411,1.1109001129755665,0.004711334945242229,554.7248238413981,-1.404197408836428,-0.005308314129848224,943.8586467960271,0.5885485699687775,0.004824712047680313
case_000,1.85,5.175507413201935,14.975312066945378,2.0,0.48381491098760093,0.3455624357731149,340.8654948624767,389.12843978112403,True,447.06601445981994,-1.8731951701115759,-0.005506202785898473,787.9315093222966,1.1109032705165172,0.004711113171050496,554.7301799106726,-1.4041937400306994,-0.005308078537143712,943.8586196917967,0.5885570438703271,0.004824796792061881
case_000,1.855,5.1754396103846325,14.975267297317146,2.0,0.4838077876485278,0.34555999875268517,340.8610155712207,389.12316173983993,True,447.06383515697394,-1.8731862064015492,-0.005506275642016167,787.9248507281947,1.1109063116255924,0.0047108898859754,554.7353673528718,-1.4041900229503992,-0.0053078514550510825,943.8585290927117,0.5885653356661782,0.00482487468841164
case_000,1.86,5.175373083983016,14.975223195061439,2.0,0.4838007512804154,0.3455575975902718,340.8566370293734,389.1179914986051,True,447.06161807986626,-1.8731772760561176,-0.0055063515071171465,787.9182551092397,1.1109092357396377,0.004710665428549199,554.7404012149451,-1.404186270743677,-0.005307632512756177,943.8583927135502,0.5885734457157287,0.004824946266417107
case_000,1.865,5.175307856854128,14.975179750169744,2.0,0.4837938088241121,0.3455552318966985,340.8523602724762,389.1129310730347,True,447.0593734077562,-1.8731683898394433,-0.005506430177821209,787.9117336802324,1.110912043161341,0.004710440148727069,554.7452960313561,-1.4041824962036225,-0.005307421320110528,943.8582271043908,0.5885813751108147,0.004825012061590195
case_000,1.87,5.175243945269107,14.975136952779954,2.0,0.48378696655178977,0.34555290127986693,340.8481857768142,389.10798185199565,True,447.0571109652046,-1.8731595582752476,-0.005506511429767158,787.9052967420188,1.110914734990642,0.004710214403324031,554.7500657406633,-1.4041787116730007,-0.0053072174724088095,943.858047592659,0.588589125620243,0.004825072609995706
case_000,1.875,5.175181359183463,14.975094793175106,2.0,0.4837802300515608,0.3455506053442421,340.84411349299506,389.10314462689746,True,447.054840155932,-1.8731507915535701,-0.005506595021545102,787.8989536489271,1.1109173130541954,0.0047099885517582485,554.7547236141838,-1.4041749289608279,-0.005307020554925046,943.8578682410813,0.5885966996322871,0.00482512844339239
case_000,1.8800000000000001,5.1751201025456,14.9750532617821,2.0,0.4837736042197977,0.3455483436904738,340.8401428817671,389.09841962429516,True,447.05256990594495,-1.8731420994482646,-0.005506680698469879,787.8927127877121,1.110919779833682,0.004709762952115115,554.7592821963801,-1.4041711592705803,-0.005306830147186525,943.8577018206753,0.5886041000958563,0.004825180084798597
case_000,1.885,5.175060173637638,14.975012349170356,2.0,0.4837670932606037,0.34554611591514633,340.8362729515871,389.0938065411891,True,447.0503086156877,-1.8731334912451238,-0.00550676819617435,787.8865815672748,1.1109221383937324,0.004709537957542587,554.7637532566315,-1.4041674131397943,-0.005306645826965106,943.8575597978206,0.5886113304609828,0.00482522804448976
case_000,1.8900000000000001,5.1750015654428845,14.974972046050443,2.0,0.4837607006918681,0.3455439216106468,340.8325022974779,389.0893045825086,True,447.04806412095655,-1.8731249756804431,-0.005506857244002905,787.8805664184345,1.1109243923101877,0.004709313912986235,554.7681477519214,-1.4041637003907117,-0.005306467173971541,943.85745233443,0.5886183946192594,0.00482527281643097
case_000,1.895,5.1749442660342515,14.97493234327264,2.0,0.4837544293573195,0.3455417603651449,340.8288291406484,389.08491250023826,True,447.0458436622275,-1.8731165608897666,-0.005506947568190257,787.8746728028759,1.110926545599282,0.004709091152264311,554.7724757998977,-1.4041600300915158,-0.005306293773242876,943.857388300136,0.588625296844757,0.004825314875141873
case_000,1.9000000000000001,5.174888258978593,14.974893231825472,2.0,0.4837482814439843,0.3455396317626728,340.8252513685184,389.08062863371765,True,447.043653862039,-1.8731082543664819,-0.005507038894811744,787.8689052305574,1.110928602648412,0.00470886999548642,554.7767466617659,-1.4041564105277133,-0.005306125218214441,943.8573752954835,0.5886320417359717,0.0048253546729903896
case_000,1.905,5.174833523751621,14.974854702834191,2.0,0.4837422585044571,0.3455375353832969,340.8217665747096,389.07645095063185,True,447.0415007099358,-1.87310006292983,-0.005507130952498551,787.8632672846454,1.1109305681489274,0.004708650746808651,554.7809687343432,-1.4041528491830804,-0.005305961113474755,943.8574196849751,0.58863863415923,0.004825392637904269
case_000,1.9100000000000001,5.174780036159052,14.974816747559206,2.0,0.48373636148338967,0.34553547080337055,340.8183720986408,389.07237708826665,True,447.0393895545832,-1.873091992701926,-0.005507223474908285,787.857761653224,1.1109324470314723,0.004708433692522163,554.7851495506734,-1.4041493527296232,-0.005305801077200911,943.85752663894,0.5886450791939872,0.004825429171490425
case_000,1.915,5.174727768759302,14.974779357394489,2.0,0.48373059074761576,0.3455334375958605,340.8150650644045,389.0684043946193,True,447.03732510248994,-1.8730840490932248,-0.005507316202950141,787.8523901668945,1.1109342444042354,0.00470821909946445,554.7892957884636,-1.404145927025889,-0.005305644743279103,943.8577001830829,0.5886513820803597,0.004825464647545297
case_000,1.92,5.174676691283813,14.974742523865906,2.0,0.48372494611934286,0.34553143533073444,340.8118424186057,389.0645299689994,True,447.035311422851,-1.8730762367959368,-0.005507408886762377,787.8471538414567,1.1109359654944573,0.004708007213742593,554.7934132856714,-1.404142577123016,-0.005305491763114567,943.8579432546708,0.5886575481692089,0.00482549941093996
case_000,1.925,5.174626771051291,14.974706238629555,2.0,0.4837194269118565,0.3455294635754024,340.80870096691365,389.06075070179986,True,447.03335195797547,-1.8730685597847978,-0.005507501287443539,787.8420529248891,1.1109376155934896,0.004707798259756202,554.7975070625157,-1.404139307277817,-0.005305341807139208,943.8582577643156,0.5886635828750457,0.004825533776860569
case_000,1.93,5.174577973372515,14.974670493470027,2.0,0.4837140319672066,0.3455275218952032,340.80563740907337,389.05706331309614,True,447.0314495387537,-1.8730610213246106,-0.005507593178541159,787.8370869478271,1.110939200005622,0.00470759243950436,554.8015813492184,-1.4041361209722492,-0.00530519456602635,943.8586446623145,0.5886694916319521,0.004825568030382477
case_000,1.935,5.174530261942593,14.974635280298667,2.0,0.48370875969536775,0.3455256098539253,340.8026483721917,389.0534643898584,True,447.0296064046007,-1.8730536239839273,-0.005507684347304254,787.8322547767924,1.1109407240008407,0.004707389932160355,554.8056396187131,-1.404133020938541,-0.005305049751626101,943.8591040085715,0.5886752798527014,0.004825602426355324
case_000,1.94,5.174483599218171,14.974600591151779,2.0,0.48370360811439267,0.3455237270143555,340.79973044211107,389.0499504215087,True,447.02782422735896,-1.8730463696542818,-0.005507774595705506,787.82755466947,1.110942192771668,0.004707190893897206,554.8096846236804,-1.404130009189331,-0.005304907097633094,943.8596350451891,0.5886809528911987,0.004825637189576182
case_000,1.945,5.174437946777218,14.974566418188832,2.0,0.4836985748911077,0.3455218729388467,340.7968801927486,389.04651783363306,True,447.0261041386039,-1.873039259574332,-0.005507863741243124,787.8229843313525,1.1109436113941362,0.00470699545794534,554.8137184371824,-1.4041270870521165,-0.005304766360002877,943.8602362708154,0.5886865160083238,0.0048256725152253654
case_000,1.95,5.174393265659461,14.974532753690632,2.0,0.4836936573819284,0.3455200471898972,340.79409421327836,389.0431630196879,True,447.0244467598346,-1.8730322943582998,-0.005507951617531925,787.8185409731129,1.1109449847929354,0.0047068037348634295,554.8177424962556,-1.4041242552073625,-0.005304627317132438,943.8609055159435,0.5886919743412307,0.0048257085695406765
case_000,1.955,5.17434951668578,14.974499590057468,2.0,0.4836888526734099,0.3455182493307347,340.79136913308156,389.0398823705657,True,447.02285223502366,-1.8730254740281034,-0.0055080380746958535,787.8142213681052,1.1109463177107202,0.004706615813002191,554.8217576478022,-1.4041215137296157,-0.005304489769822562,943.8616400183679,0.5886973328760998,0.004825745490704414
case_000,1.96,5.174306660755313,14.974466919807275,2.0,0.4836841576221735,0.34551647892589893,340.7887016444043,389.03667230191775,True,447.02132026504995,-1.8730187980485797,-0.00550812297957326,787.8100219094542,1.1109476146815247,0.004706431759142149,554.8257641961751,-1.404118862131006,-0.005304353541039586,943.8624364980928,0.5887025964243302,0.004825783389917848
case_000,1.965,5.174264659119445,14.974434735573764,2.0,0.48367956889389163,0.3455147355418156,340.78608852271634,389.03352927914466,True,447.0198501435551,-1.8730122653652508,-0.005508206215747824,787.8059386662715,1.1109488800082368,0.0047062516192861725,554.8297619519254,-1.4041162994065604,-0.005304218475493283,943.8632912310701,0.5887077696021297,0.004825822352639619
case_000,1.97,5.174223473631555,14.974403030104545,2.0,0.48367508300104417,0.3455130187473581,340.7835266447365,389.0304498400326,True,447.0184407937204,-1.8730058744440257,-0.005508287683420876,787.8019674384569,1.1109501177439471,0.00470607541958451,554.8337502810716,-1.404113824080728,-0.005304084439052614,943.8642001211042,0.5887128568133888,0.004825862439960971
case_000,1.975,5.174183066972647,14.974371796259275,2.0,0.48367069633919185,0.34551132811439067,340.7810130041522,389.02743061498825,True,447.01709080563114,-1.8729996233123818,-0.00550836729913573,787.7981038097834,1.1109513316771127,0.00470590316737618,554.8377281545061,-1.4041114342546273,-0.005303951318013811,943.8651587694943,0.5887178622357766,0.004825903690097166
case_000,1.98,5.174143402852304,14.974341027007783,2.0,0.48366640522155074,0.34550966321828913,340.77854472509165,389.02446834489217,True,447.0157984737629,-1.872993509601466,-0.005508444995371231,787.7943431988546,1.1109525253203196,0.0047057348523258935,554.8416941969854,-1.4041091276534947,-0.005303819018242284,943.8661625418775,0.5887227898098997,0.004825946119969726
case_000,1.985,5.174104446185182,14.974310715428217,2.0,0.4836622059116808,0.34550802363843625,340.77611907336313,389.02155989658525,True,447.01456183426615,-1.8729875305886852,-0.005508520720017396,787.7906809076293,1.1109537019024682,0.004705570447638363,554.8456467353227,-1.404106901673889,-0.005303687464204843,943.867206631908,0.5887276432314006,0.004825989726858715
case_000,1.99,5.174066163243402,14.974280854705194,2.0,0.4836580946541357,0.3455064089586868,340.77373346557926,389.018702276045,True,447.01337870170556,-1.8729816832403319,-0.0055085944357480265,787.7871121672848,1.1109548643641982,0.004705409911333391,554.849583845383,-1.404104753430226,-0.0053035565979107635,943.868286121428,0.5887324259458209,0.004826034490103881
case_000,1.995,5.174028521785261,14.97425143812798,2.0,0.4836540677029512,0.3455048187678015,340.7713854762032,389.0158926392868,True,447.0122467049711,-1.8729759642538584,-0.005508666119303618,787.7836321811743,1.1109560153563176,0.004705253187564151,554.8535033975685,-1.4041026798002805,-0.0053034263777775315,943.8693960368553,0.5887371411460756,0.004826080372835162
case_000,2.0,5.173991491160954,14.974222459088665,2.0,0.4836501213478806,0.3455032526598466,340.76907284265747,389.0131283011009,True,447.0111633220703,-1.8729703700994305,-0.005508735760699435,787.7802361647277,1.1109571572410228,0.004705100207963442,554.8574031004515,-1.4041006774692917,-0.0053032967774394035,943.8705314015524,0.5887417917723293,0.004826127323713791
case_000,2.005,5.173955042396202,14.974193911080365,2.0,0.483646251938312,0.3455017102345575,340.76679346856986,389.01040674170736,True,447.0101259135847,-1.8729648970604158,-0.005508803362371417,787.7769193821546,1.1109582920956604,0.004704950893002602,554.8612805423344,-1.4040987429723981,-0.005303167784513063,943.8716872840417,0.5887463805141154,0.004826175278667799
case_000,2.0100000000000002,5.17391914825469,14.974165787695462,2.0,0.48364245590483024,0.3455001910976659,340.76454542529984,389.00772561138774,True,447.00913175458015,-1.8729595412725413,-0.005508868938272959,787.77367717988,1.110959421718814,0.004704805153350311,554.8651332305107,-1.4040968727351306,-0.0053030393993355185,943.8728588418984,0.5887509098144649,0.00482622416260492
case_000,2.015,5.173883783280453,14.974138082623854,2.0,0.4836387297784097,0.3454986948611887,340.7623269518477,389.0050827333081,True,447.0081780647915,-1.8729542987614387,-0.005508932512935216,787.7705050166392,1.1109605476384543,0.004704662891217515,554.8689586280215,-1.4040950631117326,-0.005302911633688789,943.8740413613295,0.5887553818758866,0.004826273891090749
case_000,2.02,5.173848923821409,14.97411078965123,2.0,0.4836350702072493,0.3454972211436793,340.7601364532826,389.0024761045431,True,447.00726203695103,-1.8729491654783643,-0.005508994120502153,787.7673984902336,1.110961671121923,0.004704524001677812,554.8727541878051,-1.4040933104211484,-0.005302784509523262,943.8752302923482,0.5887597986679654,0.004826324371977442
case_000,2.025,5.173814548035274,14.974083902657393,2.0,0.48363147397127987,0.34549576957044087,340.7579724978207,388.99990389550635,True,447.0063808631327,-1.8729441373339089,-0.005509053803751718,787.7643533609534,1.110962793187503,0.004704388373952595,554.8765173841031,-1.4040916109805068,-0.0053026580576923665,943.8764212796094,0.5887641619363911,0.0048263755069730685
case_000,2.0300000000000002,5.17378063587926,14.97405741561459,2.0,0.4836279379943938,0.34549433977370153,340.75583381270053,388.99736444788175,True,447.0055317590313,-1.8729392102295361,-0.005509111613113182,787.7613655717319,1.1109639146173553,0.0047042558926522204,554.8802457410691,-1.4040899611360098,-0.005302532316708852,943.8776101889508,0.5887684732132246,0.004826427193141192
case_000,2.035,5.173747169084834,14.974031322585898,2.0,0.4836244593544648,0.3454929313927535,340.75371927896185,388.9948562712224,True,447.0047119861091,-1.8729343800868332,-0.005509167605690424,787.758431265071,1.1109650359715755,0.004704126438964229,554.8839368585203,-1.4040883572911258,-0.005302407331533088,943.8787931297427,0.5887727338282069,0.00482647932432273
case_000,2.04,5.173714131119099,14.974005617723629,2.0,0.4836210352912392,0.3454915440740559,340.75162792528033,388.99237803833466,True,447.00391887159526,-1.8729296428743856,-0.005509221844298751,787.7555467968756,1.1109661576031624,0.0047039998917829395,554.8875884348453,-1.4040867959320606,-0.005302283152401166,943.8799664731799,0.5887769449209235,0.0048265317924731654
case_000,2.045,5.173681507134028,14.973980295267761,2.0,0.48361766321219607,0.34549017747130306,340.74955892099274,388.98992857957364,True,447.0031498262848,-1.8729249946322017,-0.0055092743965249324,787.7527087472776,1.1109672796736776,0.004703876128773377,554.8911982870621,-1.404085273650467,-0.005302159833701414,943.8811268666358,0.5887811074536354,0.004826584488908492
case_000,2.05,5.173649283905137,14.973955349544447,2.0,0.4836143406964798,0.34548883124546004,340.7475115684366,388.9875068762158,True,447.002402360181,-1.8729204314936685,-0.005509325333815762,787.7499139286176,1.1109684021694144,0.0047037550273658635,554.8947643680822,-1.404083787163423,-0.005302037432905138,943.882271244298,0.5887852222246199,0.0048266373054567935
case_000,2.055,5.17361744976092,14.973930774964494,2.0,0.48361106549702504,0.34548750506476644,340.7454852947148,388.9851120530419,True,447.0016740959948,-1.8729159497050234,-0.005509374730601979,787.7471593907096,1.110969524917852,0.004703636465676619,554.8982847812428,-1.4040823333306875,-0.005301916009557317,943.8833968342847,0.5887892898818566,0.004826690135512346
case_000,2.06,5.173585994504421,14.973906566021943,2.0,0.4836078355409931,0.34548619860471125,340.74347964304025,388.9827433702425,True,447.00096278054343,-1.8729115456423566,-0.005509422663462993,787.7444424235837,1.110970647604263,0.0047035203233526945,554.9017577921759,-1.4040809091693078,-0.005301795624332306,943.8845011624184,0.588793310936893,0.004826742874989021
case_000,2.065,5.173554909328325,14.973882717292643,2.0,0.4836046489286533,0.3454849115479796,340.7414942637314,388.9804002147697,True,447.000266294114,-1.8729072158261821,-0.005509469210336793,787.7417605578454,1.1109717697882604,0.004703406482338024,554.9051818381495,-1.4040795118656484,-0.005301676338157146,943.8855820529192,0.5887972857787565,0.004826795423173269
case_000,2.07,5.173524186724787,14.973859223432878,2.0,0.48360150393083995,0.345483643584375,340.7395289050077,388.9780820912921,True,446.9995826578584,-1.8729029569336337,-0.0055095144497790405,787.7391115628661,1.110972890920176,0.004703294827560878,554.9085555349593,-1.4040781387849293,-0.00530155821140621,943.8866376262514,0.588801214687782,0.004826847683476354
case_000,2.075,5.173493820391379,14.973836079178025,2.0,0.48359839898512197,0.34548239441071726,340.7375834036631,388.9757886128459,True,446.9989100393314,-1.872898765808367,-0.0055095584602735115,787.7364934429945,1.1109740103571153,0.004703185247542541,554.9118776815313,-1.4040767874783895,-0.005301441303168175,943.8876662943773,0.5888050978492395,0.004826899564087439
case_000,2.08,5.173463805134173,14.97381327934125,2.0,0.4835953326908221,0.3454811637307207,340.73565767571154,388.9735194912695,True,446.99824675623347,-1.8728946394682446,-0.00550960131959749,787.733904431945,1.1109751273785522,0.0047030776349265,554.9151472623747,-1.4040754556882047,-0.005301325670586388,943.8886667536442,0.5888089353666324,0.0048269509785283105
case_000,2.085,5.173434136769143,14.973790818812244,2.0,0.4835923038030231,0.3454799512548525,340.73375170711324,388.97127452758855,True,446.9975912784877,-1.8728905751109142,-0.005509643104242901,787.7313429856009,1.1109762412013828,0.004702971886931029,554.9183634480034,-1.404074141350263,-0.005301211368273773,943.889637975592,0.5888127272745995,0.004827001846113621
case_000,2.09,5.17340481202296,14.97376869255598,2.0,0.48358931122569465,0.34547875670017564,340.7318655446403,388.96905360236906,True,446.99694222876917,-1.8728865701174,-0.005509683888893779,787.7288077734095,1.1109773509943222,0.004702867905726493,554.9215255935378,-1.4040728425949904,-0.005301098447800134,943.8905791959069,0.5888164735513067,0.004827052092319095
case_000,2.095,5.173375828434108,14.973746895611518,2.0,0.4835863540040758,0.34547757979017696,340.72999928695316,388.966856666196,True,446.9962983815943,-1.8728826220538288,-0.005509723745961093,787.7262976685474,1.1109784558915732,0.004702765598739389,554.924633235602,-1.404071557746327,-0.0053009869572521184,943.891489901798,0.5888201741302814,0.004827101649062415
case_000,2.1,5.173347184255099,14.973725423090823,2.0,0.48358343131643966,0.34547642025458325,340.7281530759798,388.9646837302985,True,446.9956586610773,-1.8728787286713962,-0.0055097627451751174,787.7238117370571,1.110979555005686,0.004702664878886487,554.9276860876928,-1.404070285319035,-0.005300876940863952,943.8923698179913,0.5888238289115917,0.00482715045489962
case_000,2.105,5.173318878356821,14.973704270177643,2.0,0.48358054246536786,0.34547527782916804,340.7263270886196,388.96253485745206,True,446.99502213752095,-1.87287488790476,-0.005509800953233113,787.7213492261405,1.1109806474395751,0.004702565664742642,554.9306840342111,-1.4040690240144977,-0.005300768438715631,943.8932188916632,0.5888274377723653,0.004827198455144621
case_000,2.11,5.173290910135539,14.97368343212639,2.0,0.48357768686865,0.3454741522555497,340.72452152884125,388.9604101531644,True,446.99438802293776,-1.8728710978689649,-0.005509838433502168,787.718909551779,1.1109817322976305,0.0047024678806457665,554.9336271232931,-1.4040677727151587,-0.005300661486496994,943.8940372764575,0.5888310005765651,0.004827245601914165
case_000,2.115,5.173263279423165,14.973662904261062,2.0,0.4835748640499244,0.3454730432809849,340.72273662021246,388.95830975724414,True,446.9937556656164,-1.872867356855039,-0.005509875245776286,787.7164922858288,1.1109828086958915,0.004702371456742183,554.936515558588,-1.4040665304777544,-0.005300556115335087,943.8948253158321,0.5888345171839989,0.004827291854104632
case_000,2.12,5.173235986401571,14.973642681974198,2.0,0.48357207362916493,0.3454719506581569,340.7209725988923,388.9562338357812,True,446.99312454390093,-1.8728636633244344,-0.005509911446083704,787.7140971427932,1.1109838757712887,0.004702276328978239,554.9393496902046,-1.4040652965255194,-0.005300452351679252,943.8955835259858,0.5888379874585703,0.004827337177307767
case_000,2.125,5.173209031521197,14.973622760725851,2.0,0.48356931531311453,0.3454708741449629,340.7192297071253,388.95418257357824,True,446.9924942592606,-1.8728600159024333,-0.005509947086544231,787.7117239663859,1.1109849326899144,0.0047021824390413025,554.9421300049225,-1.4040640702395073,-0.005300350217242289,943.8963125785008,0.5888414112757195,0.004827381543669018
case_000,2.13,5.173182415424419,14.973603136042582,2.0,0.4835665888857556,0.3454698135043003,340.7175081872306,388.95215616707014,True,446.99186452879894,-1.8728564133706638,-0.005509982215272713,787.7093727160295,1.1109859786543315,0.0047020897342546775,554.944857115832,-1.4040628511491668,-0.005300249728993289,943.8970132829021,0.5888447885290647,0.004827424931695079
case_000,2.1350000000000002,5.173156138874069,14.973583803516503,2.0,0.48356389419890344,0.3454687685038537,340.7158082761367,388.9501548177693,True,446.9912351773013,-1.8728528546588716,-0.005510016876326407,787.707043453438,1.1109870129099424,0.004701998167431831,554.9475317515657,-1.404061638922341,-0.005300150899197276,943.8976865693351,0.588848119136265,0.004827467326017465
case_000,2.14,5.173130202687208,14.973564758804308,2.0,0.48356123116299854,0.34546773891588595,340.7141302004322,388.9481787262357,True,446.99060612893817,-1.872849338836077,-0.005510051109693104,787.7047363293703,1.1109880347504086,0.004701907696693541,554.9501547452228,-1.404060433354805,-0.005300053735498744,943.8983334714585,0.58885140304408,0.004827508717116125
case_000,2.145,5.173104607674502,14.973545997626347,2.0,0.48355859973816495,0.345466724517031,340.7124741719752,388.94622808657994,True,446.9899773987274,-1.8728458651012494,-0.005510084951316829,787.7024515707026,1.1109890435221856,0.004701818285253734,554.9527270231558,-1.4040592343595018,-0.00529995824104329,943.8989551097358,0.5888546402326732,0.004827549101010131
case_000,2.15,5.173079354585142,14.973527515765731,2.0,0.4835559999255982,0.34546572508809326,340.7108403840188,388.94430308155256,True,446.9893490838485,-1.8728424327736137,-0.005510118433158184,787.7001894678673,1.1109900386281502,0.004701729901176954,554.9552495936828,-1.4040580419555688,-0.0052998644146349805,943.8995526752353,0.588857830719166,0.004827588478920564
case_000,2.1550000000000002,5.173054444057534,14.973509309067424,2.0,0.48355343175933263,0.34546474041385244,340.70922900787957,388.9424038781516,True,446.9887213549092,-1.8728390412827234,-0.005510151583285605,787.6979503627888,1.1109910195304153,0.004701642517113636,554.9577235359027,-1.4040568562573073,-0.005299772250922874,943.9001274140543,0.5888609745604811,0.004827626856911127
case_000,2.16,5.173029876575565,14.97349137343738,2.0,0.4835508952984343,0.3454637702828755,340.70764019010096,388.94053062379555,True,446.9880944472476,-1.8728356901583958,-0.0055101844259944355,787.6957346373486,1.1109919857523176,0.004701556110015659,554.9601499886427,-1.4040556774631678,-0.005299681740614848,943.9006806124382,0.5888640718554892,0.004827664245510843
case_000,2.165,5.173005652430544,14.973473704841687,2.0,0.48354839061965743,0.34546281448733585,340.70607405013794,388.93868344304667,True,446.9874686523355,-1.8728323790206123,-0.005510216981950811,787.6935427024735,1.1109929368796725,0.004701470660837703,554.9625301396761,-1.4040545058448752,-0.005299592870713077,943.9012135827228,0.5888671227465179,0.00482770065932514
case_000,2.17,5.1729817716886695,14.973456299305731,2.0,0.4835459178105942,0.3454618728228412,340.7045306785147,388.9368624348332,True,446.98684430937493,-1.8728291075694934,-0.005510249268356415,787.6913749878896,1.110993872561314,0.004701386154227882,554.964865215285,-1.4040533417367769,-0.005299505624767387,943.9017276501182,0.5888701274202455,0.004827736116638559
case_000,2.1750000000000003,5.172958234163783,14.973439152913365,2.0,0.48354347696333966,0.3454609450882708,340.7030101354349,388.9350676702056,True,446.9862217971301,-1.8728258755754104,-0.005510281299131614,787.689231932565,1.1109947925089774,0.004701302578210664,554.9671564702135,-1.4040521855254864,-0.005299419983143372,943.9022241404191,0.5888730861080231,0.004827770639014184
case_000,2.18,5.1729350393953935,14.973422261806112,2.0,0.4835410681686917,0.3454600310856207,340.70151244983083,388.93329919058294,True,446.9856015260701,-1.872822682869341,-0.005510313085113128,787.687113975901,1.1109956964965884,0.004701219923866629,554.9694051781012,-1.404051037639909,-0.005299335923300841,943.9027043686841,0.5888759990856851,0.004827804250894019
case_000,2.185,5.172912186631599,14.973405622182355,2.0,0.4835386915108926,0.3454591306198599,340.70003761883385,388.9315570064276,True,446.9849839308509,-1.8728195293335106,-0.005510344634263975,787.6850215496847,1.1109965843590064,0.004701138185011888,554.9716126224454,-1.4040498985416965,-0.005299253420079253,943.903169628873,0.5888788666728579,0.004827836979202582
case_000,2.19,5.172889674816736,14.973389230296553,2.0,0.4835363470629195,0.3454582434987955,340.69858560759616,388.9298410964218,True,446.98436946319754,-1.8728164148924038,-0.005510375951892188,787.6829550707937,1.1109974559902713,0.004701057357879401,554.9737800881092,-1.4040487687161953,-0.005299172445987543,943.903621184531,0.5888816892318597,0.004827868852959494
case_000,2.195,5.172867502583494,14.973373082458487,2.0,0.4835340348823207,0.34545736953294764,340.6971563494948,388.9281514069979,True,446.9837585852091,-1.8728133395041862,-0.005510407040875853,787.6809149347039,1.1109983113414268,0.004700977440806442,554.9759088534485,-1.4040476486639277,-0.005299092971494335,943.9040602604464,0.5888844671661922,0.004827899902901334
case_000,2.2,5.172845668249163,14.973357175032469,2.0,0.4835317550075944,0.34545650853543475,340.69574974662993,388.9264878522822,True,446.98315176312025,-1.872810303152584,-0.005510437901891818,787.6789015097502,1.1109991504179537,0.004700898433929124,554.9780001830617,-1.404046538892645,-0.005299014965316207,943.9044880353439,0.5888872009187028,0.0048279301611177106
case_000,2.205,5.172824169815698,14.973341504436615,2.0,0.4835295074550959,0.3454556603218681,340.6943656706255,388.9248503143915,True,446.98254946153264,-1.8728073058392662,-0.00551046853364584,787.6769151321581,1.1109999732768834,0.004700820338886913,554.9800553211711,-1.4040454399099742,-0.005298938394701969,943.9049056355626,0.5888898909694443,0.00482795966070243
case_000,2.21,5.17280300497336,14.973326067142084,2.0,0.4835272922164623,0.34545482471025607,340.693003963697,388.92323864402636,True,446.9819521381383,-1.872804347576739,-0.005510498933101904,787.6749561018353,1.1110007800236439,0.004700743158539411,554.9820754856747,-1.4040443522166843,-0.00529886322570966,943.9053141297011,0.5888925378332813,0.004827988435422204
case_000,2.215,5.172782171107575,14.973310859672358,2.0,0.48352510925653425,0.3454540015209182,340.6916644399175,388.9216526613844,True,446.98136023895876,-1.8728014283818144,-0.005510529095707817,787.6730246788762,1.1110015708086802,0.004700666896696126,554.9840618628642,-1.4040432763005923,-0.005298789423474337,943.9057145242487,0.5888951420573028,0.00482801651940562
case_000,2.22,5.172761665308567,14.973295878602507,2.0,0.4835229585117537,0.3454531905764072,340.690346886715,388.9200921573049,True,446.98077419406115,-1.8727985482696172,-0.0055105590156172,787.6711210807762,1.1110023458239047,0.004700591557861344,554.9860156027676,-1.4040422126310879,-0.005298716952466365,943.9061077600725,0.5888977042180459,0.004828043946851157
case_000,2.225,5.172741484383676,14.973281120558472,2.0,0.4835208398890146,0.3454523917014412,340.6890510665067,388.9185568946564,True,446.9801944138075,-1.8727957072481836,-0.005510588685903817,787.6692454803142,1.1110031052990241,0.004700517146994987,554.9879378151762,-1.4040411616543103,-0.005298645776736222,943.9064947098326,0.5889002249186122,0.004828070751758506
case_000,2.23,5.172721624871805,14.973266582216365,2.0,0.4835187532649394,0.3454516047228426,340.68777671849625,388.9170466098931,True,446.9796212855797,-1.8727929053136316,-0.005510618098768794,787.667398004076,1.1110038494977903,0.004700443669290566,554.9898295662969,-1.4040401237889533,-0.005298575860145982,943.9068761761899,0.5889027047856878,0.004828096967681439
case_000,2.235,5.172702083059801,14.97325226030175,2.0,0.4835166984855526,0.34545082946948596,340.6865235605555,388.9155610148132,True,446.9790551710095,-1.8727901424459072,-0.005510647245738076,787.665578731565,1.1110045787142062,0.004700371129970404,554.9916918759994,-1.4040390994226752,-0.005298507166586863,943.9072528908126,0.5889051444665127,0.0048281226275042055
case_000,2.24,5.17268285500042,14.973238151588971,2.0,0.4835146753663244,0.34545006577225296,340.68529129121305,388.91409979840296,True,446.9784964036719,-1.8727874186050946,-0.00551067611785,787.663787694885,1.1110052932687393,0.004700299534099395,554.9935257156907,-1.4040380889091315,-0.005298439660180065,943.9076255140936,0.5889075446258275,0.004828147763240809
case_000,2.245,5.172663936531594,14.973224252900435,2.0,0.4835126836925498,0.34544931346399416,340.68407959167763,388.9126626288228,True,446.977945287251,-1.872784733728291,-0.005510704705831093,787.6620248789286,1.1110059935045662,0.004700228886416802,554.9953320067285,-1.4040370925655687,-0.0052983733054622895,943.9079946355513,0.5889099059428385,0.004828172405857922
case_000,2.25,5.172645323296663,14.97321056110595,2.0,0.4835107232200351,0.34544857237949683,340.6828881279145,388.91124915545447,True,446.97740209412365,-1.8727820877270056,-0.005510733000260837,787.6602902220382,1.1110066797838836,0.004700159191186437,554.9971116193868,-1.4040361106709869,-0.005298308067554103,943.9083607748413,0.5889122291082196,0.0048281965851208475
case_000,2.255,5.172627010765378,14.973197073122043,2.0,0.4835087936760597,0.34544784235545917,340.6817165527153,388.90985901099543,True,446.9768670643878,-1.8727794804850952,-0.005510760991722707,787.6585836171031,1.1110073524843276,0.004700090452065486,554.9988653723192,-1.4040351434648262,-0.00529824391231154,943.9087243833146,0.5889145148211766,0.004828220329461841
case_000,2.2600000000000002,5.172608994255322,14.973183785911298,2.0,0.48350689476057934,0.34544712323046944,340.68056450776834,388.90849181359135,True,446.9763404052607,-1.872776911857182,-0.005510788670943345,787.656904913029,1.1110080119955017,0.004700022671990989,555.0005940325005,-1.4040341911461587,-0.00529818080646044,943.9090858460919,0.588916763786608,0.004828243665871146
case_000,2.265,5.172591268953579,14.97317069648168,2.0,0.48350502614764185,0.34544641484498984,340.6794316257037,388.90714716896935,True,446.9758222908521,-1.8727743816675457,-0.00551081602891812,787.6552539165558,1.1110086587156642,0.004699955853084303,555.0022983155926,-1.4040332538733333,-0.005298118717714129,943.909445484562,0.588918976712371,0.004828266619809007
case_000,2.27,5.172573829938376,14.973157801885892,2.0,0.4835031874869841,0.34544571704134486,340.67831753207696,388.9058246725424,True,446.97531286227905,-1.8727718897094578,-0.0055108430570233735,787.653630394356,1.1110092930485689,0.004699889996572282,555.0039788867149,-1.404032331764066,-0.005298057614874174,943.9098035592573,0.5889211543066682,0.00482828921513806
case_000,2.275,5.172556672200517,14.973145099220716,2.0,0.4835013784057783,0.34544502966371304,340.67722184730485,388.90452391151155,True,446.9748122280903,-1.8727694357449292,-0.005510869747115565,787.6520340753951,1.1110099154004993,0.0046998251027251525,555.0056363615643,-1.404031424895914,-0.005297997467914983,943.9101602730758,0.5889232972755927,0.004828311474075864
case_000,2.2800000000000002,5.172539790664402,14.973132585626374,2.0,0.48349959851050117,0.345444352558122,340.67614418852384,388.9032444668676,True,446.97432046496624,-1.8727670195048305,-0.005510896091617423,787.6504646534901,1.1110105261774839,0.004699761170809891,555.007271307868,-1.4040305333071206,-0.005297938248052303,943.9105157747356,0.5889254063208049,0.004828333417164876
case_000,2.285,5.172523180208515,14.97312025828589,2.0,0.48349784738889684,0.3454436855724461,340.67508417135446,388.90198591537194,True,446.97383761868696,-1.8727646406893712,-0.005510922083590775,787.6489217900414,1.1110111257827353,0.004699698199058633,555.008884247113,-1.4040296569977764,-0.005297879927796456,943.9108701624849,0.5889274821373971,0.004828355063260792
case_000,2.29,5.172506835685108,14.97310811442447,2.0,0.4834961246120068,0.34544302855640624,340.6740414115857,388.9007478314329,True,446.973363705305,-1.8727622989688804,-0.0055109477167976095,787.6474051168907,1.111011714614288,0.004699636184650857,555.0104756565136,-1.4040287959312665,-0.0052978224809913654,943.9112234879465,0.5889295254119147,0.004828376429536041
case_000,2.295,5.172490751939042,14.973096151308857,2.0,0.4834944297362421,0.3454423813615718,340.67301552673337,388.8995297888831,True,446.972898712517,-1.8727599939848714,-0.00551097298574893,787.6459142392504,1.1110122930628523,0.004699575123707944,555.0120459711876,-1.404027950035963,-0.0052977658828397,943.9115757600707,0.5889315368205531,0.0048283975314976635
case_000,2.3000000000000003,5.1724749238258045,14.973084366246729,2.0,0.48349276230547494,0.3454417438413631,340.672006137501,388.89833136267896,True,446.97244260123244,-1.8727577253513745,-0.0055109978857408315,787.6444487387334,1.1110128615099168,0.004699515011301336,555.0135955865277,-1.4040271192071492,-0.0052977101099142,943.9119269492066,0.5889335170275591,0.004828418383020228
case_000,2.305,5.172459346228194,14.973072756586088,2.0,0.483491121853128,0.3454411158510554,340.6710128691245,388.8971521304604,True,446.9719953072223,-1.8727554926564471,-0.005511022412881983,787.6430081763468,1.1110134203260331,0.004699455841469413,555.0151248606724,-1.404026303309097,-0.005297655140158342,943.9122769911328,0.5889354666837823,0.004828438996388462
case_000,2.31,5.172444014072055,14.973061319714649,2.0,0.48348950790424006,0.3454404972477833,340.6700353525847,388.89599167403014,True,446.9715567429324,-1.8727532954638988,-0.005511046564108668,787.6415920955171,1.1110139698693495,0.004699397607245692,555.0166341170949,-1.4040255021773007,-0.005297600952875181,943.912625791125,0.5889373864254328,0.004828459382352268
case_000,2.315,5.172428922340758,14.973050053059254,2.0,0.48348791997749235,0.3454398878905448,340.6690732257101,388.8948495806684,True,446.9711267993538,-1.8727511333151494,-0.005511070337191448,787.6402000250639,1.1110145104843476,0.004699340300695187,555.0181236472783,-1.404024715620828,-0.005297547528705759,943.9129732279467,0.5889392768730066,0.004828479550190112
case_000,2.32,5.172414066088416,14.97303895408527,2.0,0.48348635758717673,0.345439287640206,340.6681261341562,388.89372544436094,True,446.970705347965,-1.8727490057312162,-0.0055110937307323304,787.6388314821212,1.111015042500804,0.004699283912958985,555.019593713415,-1.4040239434247417,-0.005297494849598794,943.913319157776,0.5889411386303985,0.0048284995077810255
case_000,2.325,5.172399440451801,14.973028020296026,2.0,0.4834848202450938,0.34543869635950475,340.6671937322475,388.8926188668821,True,446.97029224271114,-1.872746912214791,-0.005511116744153999,787.6374859749586,1.1110155662329355,0.0046992284343046475,555.0210445511201,-1.4040231853525749,-0.005297442898772153,943.9136634180022,0.5889429722841731,0.004828519261682651
case_000,2.33,5.172385040660982,14.973017249232207,2.0,0.4834833074623662,0.34543811391305373,340.6662756837118,388.89152945875003,True,446.96988732199225,-1.8727448522523782,-0.005511139377681884,787.636163005704,1.1110160819787538,0.00469917385418267,555.02247637214,-1.4040224411488333,-0.005297391660667117,943.91400583089,0.5889447784030085,0.004828538817215011
case_000,2.335,5.172370862048715,14.973006638471327,2.0,0.4834818187511568,0.345437540167343,340.6653716622965,388.89045684007124,True,446.9694904106657,-1.8727428253164748,-0.005511161632318906,787.6348620729622,1.1110165900196127,0.004699120161288151,555.0238893670286,-1.4040217105414954,-0.005297341120896026,943.9143462070998,0.5889465575373068,0.004828558178549047
case_000,2.34,5.172356900058422,14.97299618562713,2.0,0.48348035362628483,0.3454369749907405,340.66448135226204,388.889400641228,True,446.96910132200213,-1.8727408308677622,-0.005511183509815332,787.6335826742642,1.1110170906199155,0.004699067343624963,555.0252837077558,-1.4040209932444854,-0.005297291266185333,943.9146843489838,0.5889483102189297,0.004828577348796825
case_000,2.345,5.17234315025105,14.972985888349067,2.0,0.48347891160672835,0.34543641825349225,340.6636044487632,388.8883605034904,True,446.96871985962787,-1.8727388683572959,-0.005511205012632581,787.632324308391,1.111017584027,0.004699015388573591,555.026659550248,-1.4040202889601012,-0.0052972420843138135,943.9150200537384,0.588950036961108,0.004828596330105517
case_000,2.35,5.172329608310571,14.972975744321731,2.0,0.4834774922170119,0.3454358698277207,340.66274065813025,388.8873360794763,True,446.96834581939686,-1.8727369372286566,-0.005511226143903314,787.6310864775271,1.1110180704711696,0.004698964282960405,555.0280170368293,-1.4040195973813752,-0.005297193564047731,943.9153531163056,0.5889517382584558,0.00482861512375099
case_000,2.355,5.172316270048367,14.972965751264333,2.0,0.48347609498847227,0.3454353295874214,340.6618896980402,388.88632703349583,True,446.9679789912044,-1.8727350369200628,-0.005511246907387579,787.6298686892446,1.1110185501658676,0.004698914013128053,555.0293562985671,-1.4040189181943563,-0.005297145695072947,943.9156833320629,0.5889534145871148,0.004828633730231846
case_000,2.36,5.172303131406461,14.97295590693016,2.0,0.48347471946039994,0.34543479740845834,340.66105129761877,388.8853330418242,True,446.967619160716,-1.8727331668664156,-0.0055112673074262375,787.6286704583348,1.111019023307992,0.004698864565006788,555.0306774574875,-1.4040182510802948,-0.005297098467925587,943.9160104993117,0.5889550664050255,0.004828652149363344
case_000,2.365,5.17229018845958,14.97294620910607,2.0,0.4834733651810564,0.34543427316855735,340.66022519740727,388.88435379282987,True,446.9672661110096,-1.872731326501259,-0.005511287348892224,787.6274913084169,1.111019490078293,0.004698815924183808,555.0319806286514,-1.4040175957177072,-0.005297051873922098,943.9163344214812,0.5889566941522661,0.004828670380368161
case_000,2.37,5.172277437416331,14.972936655611965,2.0,0.48347203170856545,0.34543375674729776,340.6594111492964,388.8833889870351,True,446.9669196241307,-1.872729515258668,-0.00551130703713959,787.6263307734271,1.1110199506419158,0.004698768075973692,555.0332659221189,-1.404016951784336,-0.00529700590508797,943.916654909154,0.5889582982515166,0.004828688421966543
case_000,2.375,5.172264874619299,14.972927244300287,2.0,0.4834707186116807,0.345433248026103,340.6586089163522,388.88243833706827,True,446.9665794825269,-1.8727277325750111,-0.00551132637795243,787.6251883988791,1.1110204051490007,0.004698721005485351,555.0345334447462,-1.404016318958969,-0.005296960554087682,943.9169717818145,0.5889598791085805,0.00482870627246218
case_000,2.38,5.172252496544296,14.972917973055523,2.0,0.4834694254704314,0.3454327468882284,340.65781827259366,388.8815015675608,True,446.96624547038846,-1.8727259778906138,-0.005511345377492649,787.6240637429821,1.1110208537353747,0.004698674697688088,555.0357833018327,-1.404015696923121,-0.005296915814155534,943.9172848693935,0.5889614371129827,0.004828723929825363
case_000,2.3850000000000002,5.17224029979878,14.972908839793712,2.0,0.48346815187664904,0.345432253218748,340.6570390026973,388.88057841493605,True,446.96591737486324,-1.8727242506513062,-0.00551136404224839,787.6229563775605,1.1110212965233037,0.004698629137474153,555.0370155986246,-1.4040150853625826,-0.005296871679027759,943.9175940135607,0.5889629726386222,0.004828741391771418
case_000,2.39,5.172228281119548,14.972899842461967,2.0,0.4834668974343795,0.3454317669045398,340.6562709016553,388.8796686271605,True,446.9655949871664,-1.872722550309834,-0.005511382378982632,787.6218658888217,1.111021733622297,0.004698584309718923,555.0382304416626,-1.404014483968816,-0.005296828142876631,943.9178990688231,0.5889644860444817,0.004828758655835597
case_000,2.395,5.172216437369758,14.972890979037986,2.0,0.4834656617601853,0.34543128783426913,340.65551377438317,388.8787719634113,True,446.9652781035744,-1.8727208763271574,-0.005511400394682731,787.6207918779576,1.1110221651299608,0.004698540199337575,555.0394279399716,-1.404013892440209,-0.005296785200247234,943.9181999033829,0.588965977675367,0.004828775719442346
case_000,2.4,5.17220476553532,14.972882247529613,2.0,0.48346444448334325,0.34543081589837027,340.6547674352993,388.8778881937063,True,446.96496652628616,-1.8727192281736003,-0.005511418096512122,787.6197339615854,1.1110225911328693,0.004698496791337992,555.0406082060994,-1.4040133104831782,-0.00529674284599696,943.9184963998057,0.5889674478626772,0.004828792579970043
case_000,2.4050000000000002,5.172193262720852,14.97287364597434,2.0,0.4834632452459432,0.3454303509890272,340.6540317078522,388.87701709849455,True,446.96466006419786,-1.8727176053298895,-0.005511435491762473,787.61869177205,1.1110230117074704,0.004698454070870162,555.04177135701,-1.404012737813132,-0.005296701075237997,943.9187884555046,0.5889688969252048,0.004828809234810882
case_000,2.41,5.1721819261450666,14.972865172438892,2.0,0.4834620637028951,0.3454298930001527,340.65330642404155,388.876158468179,True,446.96435853352756,-1.8727160072880396,-0.00551145258780944,787.6176649575691,1.111023426920984,0.004698412023270926,555.042917514825,-1.4040121741552838,-0.005296659883283539,943.9190759830041,0.5889703251699325,0.004828825681424231
case_000,2.415,5.172170753135928,14.972856825018754,2.0,0.4834608995218504,0.3454294418273662,340.6525914239075,388.8753121026484,True,446.96406175836586,-1.8727144335521264,-0.0055114693920693125,787.6166531822734,1.111023836832319,0.004698370634105498,555.0440468074326,-1.404011619245331,-0.005296619265597269,943.919358910081,0.588971732892848,0.004828841917386084
case_000,2.42,5.172159741125393,14.972848601837752,2.0,0.4834597523830453,0.3454289973679706,340.6518865550146,388.8744778107422,True,446.963769571087,-1.8727128836389177,-0.005511485911959435,787.6156561261016,1.1110242414929727,0.004698329889203934,555.0451593689597,-1.4040110728299957,-0.0052965792177467885,943.9196371797019,0.5889731203797451,0.004828857940431752
case_000,2.4250000000000003,5.172148887644015,14.972840501047617,2.0,0.48345862197907247,0.3454285595209281,340.6511916719171,388.8736554097434,True,446.9634818126899,-1.8727113570783986,-0.005511502154860126,787.614673484607,1.1110246409479199,0.004698289774694164,555.0462553401157,-1.404010534667441,-0.005296539735360928,943.9199107498591,0.5889744879070317,0.0048288737484945
case_000,2.43,5.172138190315273,14.97283252082756,2.0,0.4834575080145891,0.3454281281868347,340.6505066356284,388.87284472481497,True,446.9631983330114,-1.872709853414155,-0.005511518128080595,787.6137049686398,1.1110250352364741,0.004698250277029858,555.0473348684139,-1.4040100045275528,-0.00529650081409111,943.9201795932289,0.5889758357424966,0.004828889339737408
case_000,2.435,5.172127646849915,14.97282465938386,2.0,0.4834564102059686,0.3454277032678949,340.6498313131004,388.87204558845656,True,446.96291899086845,-1.8727083722036597,-0.005511533838827076,787.6127503039688,1.111025424393131,0.004698211383015349,555.0483981082928,-1.4040094821921199,-0.005296462449576378,943.9204436967493,0.58897716414608,0.00482890471258135
case_000,2.44,5.1721172550401,14.97281691494946,2.0,0.4834553282809023,0.3454272846678943,340.64916557668823,388.8712578399528,True,446.9626436540998,-1.8727069130184402,-0.005511549294174467,787.611809230788,1.1110258084483635,0.004698173079825063,555.0494452211124,-1.4040089674548903,-0.005296424637413033,943.9207030610652,0.5889784733706004,0.004828919865726977
case_000,2.445,5.17210701275374,14.97280928578355,2.0,0.48345426197796015,0.3454268722921731,340.6485093036533,388.8704813248323,True,446.9623721995446,-1.872705475444152,-0.005511564501040456,787.6108815031979,1.1110261874294052,0.004698135355020672,555.0504763750843,-1.404008460121543,-0.005296387373127265,943.9209576999166,0.5889797636624704,0.004828934798173035
case_000,2.45,5.172096917928712,14.972801770171193,2.0,0.48345321104611527,0.3454264660475983,340.64786237564846,388.8697158943097,True,446.96210451293763,-1.8727040590805544,-0.005511579466163041,787.6099668885861,1.1110265613609585,0.0046980981965629165,555.0514917450948,-1.404007960009551,-0.005296350652152393,943.9212076394045,0.5889810352623546,0.0048289495092287416
case_000,2.455,5.1720869685672435,14.972794366422917,2.0,0.4834521752442403,0.3454260658425356,340.6472246782497,388.8689614047753,True,446.96184048873056,-1.87270266354139,-0.005511594196081437,787.6090651669803,1.1110269302658788,0.004698061592820546,555.0524915124507,-1.4040074669479683,-0.005296314469809771,943.921452917226,0.5889822884058117,0.004828963998522784
case_000,2.46,5.172077162730441,14.972787072874349,2.0,0.4834511543405824,0.3454256715868216,340.64659610049495,388.86821771728205,True,446.9615800298698,-1.8727012884541985,-0.005511608697119197,787.6081761303648,1.1110272941658161,0.004698025532575978,555.0534758645654,-1.4040069807771396,-0.005296278821293021,943.9216935818474,0.5889835233238873,0.004828978266007977
case_000,2.465,5.172067498532994,14.97277988788583,2.0,0.48345014811222153,0.3454252831917353,340.64597653443786,388.867484697038,True,446.96132304751484,-1.8726999334600438,-0.005511622975370667,787.6072995819527,1.111027653081783,0.004697990005027186,555.0544449945927,-1.4040065013483431,-0.005296243701655545,943.9219296916307,0.5889847402436689,0.004828992311962155
case_000,2.47,5.172057974138027,14.972772809842056,2.0,0.4834491563445201,0.3454249005699703,340.64536587474544,388.86676221295033,True,446.9610694607024,-1.8726985982131854,-0.005511637036690387,787.6064353354478,1.1110280070346983,0.004697954999787035,555.0553991009842,-1.404006028523373,-0.0052962091058020855,943.9221613139346,0.5889859393887964,0.004829006136985392
case_000,2.475,5.172048587752256,14.9727658371517,2.0,0.4834481788305668,0.34542452363560605,340.6447640183038,388.8660501371734,True,446.96081919598373,-1.872697282380686,-0.00551165088668476,787.6055832142875,1.1110283560458576,0.00469792050687956,555.0563383870276,-1.4040055621740681,-0.005296175028482619,943.922388524201,0.5889871209799316,0.0048290197419944
case_000,2.48,5.172039337621351,14.972758968247067,2.0,0.4834472153706223,0.3454241523040807,340.64417086386356,388.86534834468137,True,446.9605721870223,-1.8726959856419751,-0.005511664530706506,787.6047430508859,1.1110287001373715,0.004697886516734029,555.0572630603465,-1.4040051021818096,-0.00529614146428925,943.9226114050279,0.5889882852351834,0.004829033128213811
case_000,2.485,5.172030222025583,14.972752201583747,2.0,0.4834462657715694,0.34542378649216265,340.6435863117062,388.8646567128783,True,446.9603283741622,-1.872694707688363,-0.005511677973851603,787.6039146858684,1.1110290393325348,0.004697853020176279,555.0581733323643,-1.4040046484369684,-0.005296108407656097,943.9228300452426,0.5889894323704895,0.004829046297164907
case_000,2.49,5.172021239275757,14.972745535640254,2.0,0.48344532984637373,0.3454234261179238,340.6430102633407,388.86397512124256,True,446.9600877039814,-1.8726934482225264,-0.0055116912209582924,787.6030979673221,1.1110293736561547,0.004697820008418285,555.0590694177536,-1.4040042008383375,-0.005296075852861459,943.9230445389961,0.5889905625999565,0.004829059250652468
case_000,2.495,5.172012387709467,14.97273896891769,2.0,0.48344440741355665,0.3454230711007125,340.6424426212337,388.86330345097247,True,446.95985012883057,-1.8726922069579635,-0.005511704276608076,787.6022927500643,1.1110297031348304,0.004697787473046111,555.0599515338859,-1.4040037592925425,-0.005296043794031757,943.9232549848583,0.5889916761361532,0.004829071990749223
case_000,2.5,5.172003665687587,14.972732499939431,2.0,0.4834434982966865,0.3454227213611269,340.641883288564,388.86264158469464,True,446.9596156063499,-1.8726909836184233,-0.005511717145129158,787.6014988949139,1.1110300277971754,0.004697755406005699,555.0608199002504,-1.4040033237134326,-0.0052960122251483055,943.923461484945,0.5889927731903677,0.004829084519778815
case_000,2.505,5.1719950715911915,14.972726127250768,2.0,0.4834426023238881,0.34542237682098925,340.64133216901,388.86198940618397,True,446.95938409900435,-1.8726897779373344,-0.00551172983060072,787.6007162680144,1.1110303476740122,0.004697723799588327,555.0616747379016,-1.4040028940214773,-0.005295981140054917,943.9236641440856,0.5889938539728238,0.004829096840297864
case_000,2.5100000000000002,5.1719866038185955,14.972719849418604,2.0,0.4834417193273763,0.3454220374033208,340.64078916655626,388.861346800114,True,446.9591555735843,-1.8726885896571965,-0.0055117423368600815,787.5999447401406,1.111030662798488,0.004697692646413343,555.062516268882,-1.4040024701431455,-0.005295950532468063,943.923863068996,0.5889949186928504,0.004829108955075878
case_000,2.515,5.1719782607829785,14.97271366503113,2.0,0.483440849143013,0.3454217030323165,340.6402541853445,388.8607136518449,True,446.9589300007575,-1.8726874185290103,-0.0055117546675094164,787.599184186102,1.1110309732062011,0.004697661939412456,555.0633447157006,-1.4040020520103142,-0.005295920395986753,943.9240583675455,0.5889959675590359,0.004829120867076209
case_000,2.52,5.1719700409100255,14.972707572697502,2.0,0.48343999160989065,0.34542137363332165,340.639727129526,388.8600898472405,True,446.9587073545864,-1.8726862643116717,-0.005511766825925413,787.5984344841124,1.111031278935232,0.004697631671810754,555.0641603007724,-1.4040016395596597,-0.005295890724105468,943.9242501480129,0.5889970007793245,0.00482913257943457
case_000,2.525,5.171961942636031,14.972701571047544,2.0,0.4834391465699442,0.34542104913280797,340.6392079031742,388.8594752724962,True,446.9584876120723,-1.8726851267713838,-0.005511778815269264,787.5976955152465,1.1110315800261794,0.0046976018371092665,555.0649632459197,-1.4040012327320843,-0.005295861510226485,943.9244385184159,0.5889980185610889,0.004829144095438165
case_000,2.5300000000000002,5.171953964406282,14.972695658731444,2.0,0.4834383138675912,0.34542072945835156,340.6386964101845,388.8588698140237,True,446.9582707527296,-1.8726840056810996,-0.005511790638497049,787.5969671629141,1.1110318765221432,0.004697572429066266,555.0657537718808,-1.4040008314721524,-0.005295832747673368,943.9246235859046,0.5889990211111847,0.004829155418505149
case_000,2.535,5.171946104673647,14.972689834419445,2.0,0.48343749334940145,0.34542041453861033,340.6381925542226,388.85827335832835,True,446.9580567581533,-1.8726829008199508,-0.005511802298371726,787.5962493123759,1.111032168468679,0.00469754344167872,555.066532097847,-1.4040004357275517,-0.005295804429704953,943.9248054561754,0.5890000086359586,0.004829166552163255
case_000,2.54,5.1719383618974994,14.972684096801547,2.0,0.483436684863797,0.3454201043033033,340.6376962386836,388.8576857919386,True,446.9578456116275,-1.872681811972715,-0.0055118137974748405,787.5955418503111,1.1110324559137341,0.004697514869164088,555.0672984410284,-1.4040000454485808,-0.005295776549529618,943.924984232967,0.5890009813412453,0.004829177500029591
case_000,2.545,5.171930734542833,14.972678444587233,2.0,0.48343588826078104,0.3454197986831899,340.63720736667193,388.8571070013493,True,446.9576372977396,-1.8726807389292972,-0.005511825138219295,787.5948446644115,1.1110327389075427,0.0046974867059418335,555.0680530162433,-1.4039996605876561,-0.005295749100319824,943.9251600175926,0.5890019394323351,0.004829188265790374
case_000,2.5500000000000003,5.171923221079667,14.972672876505175,2.0,0.4834351033916978,0.3454194976100504,340.6367258410048,388.8565368729734,True,446.9574318020319,-1.8726796814842361,-0.0055118363228618406,787.5941576430367,1.111033017502517,0.0046974589466159955,555.0687960355634,-1.4039992810988657,-0.00529572207522605,943.9253329085368,0.5890028831139263,0.0048291988531817265
case_000,2.555,5.17191581998261,14.972667391302938,2.0,0.4834343301090208,0.3454192010166667,340.6362515642211,388.8559752931317,True,446.9572291106681,-1.8726786394362418,-0.005511847353516064,787.5934806748892,1.1110332917531027,0.004697431585957479,555.069527707961,-1.4039989069375371,-0.005295695467391448,943.9255030010927,0.5890038125900524,0.004829209265970746
case_000,2.56,5.171908529730708,14.972661987746726,2.0,0.483433568266169,0.3454189088368043,340.6357844386182,388.85542214806026,True,446.95702921013606,-1.872677612587751,-0.00551185823216499,787.5928136487543,1.111033561715638,0.004697404618887846,555.070248239021,-1.403998538059851,-0.005295669269965275,943.9256703870813,0.5890047280640092,0.004829219507938409
case_000,2.565,5.171901348807355,14.972656664621084,2.0,0.48343281771735247,0.34541862100519466,340.63532436629214,388.85487732391437,True,446.9568320869663,-1.8726766007445252,-0.005511868960674016,787.5921564532584,1.1110338274481777,0.004697378040462941,555.0709578306594,-1.4039981744224779,-0.005295643476116829,943.9258351545737,0.5890056297382456,0.004829229582861971
case_000,2.57,5.171894275700493,14.972651420728644,2.0,0.48343207831744284,0.3454183374575181,340.6348712491934,388.85434070681697,True,446.95663772748554,-1.8726756037152699,-0.005511879540803233,787.5915089766789,1.111034089010322,0.0046973518458578445,555.0716566808998,-1.4039978159822608,-0.005295618079048103,943.9259973877167,0.5890065178142705,0.004829239494500093
case_000,2.575,5.171887308902881,14.972646254889852,2.0,0.4834313499218695,0.34541805813038784,340.6344249891942,388.85381218289274,True,446.9564461175963,-1.872674621311292,-0.005511889974219586,787.5908711067905,1.1110343464630368,0.0046973260303526665,555.072344983673,-1.4039974626959244,-0.005295593072006222,943.9261571665658,0.5890073924925311,0.004829249246577849
case_000,2.58,5.171880446912537,14.972641165942711,2.0,0.48343063238654044,0.3454177829613342,340.63398548815803,388.8532916383282,True,446.95625724257945,-1.8726736533461763,-0.0055119002625086955,787.5902427307375,1.1110345998684565,0.004697300589318831,555.0730229286561,-1.4039971145198191,-0.005295568448294985,943.9263145669843,0.5890082539722954,0.004829258842773632
case_000,2.585,5.171873688233263,14.972636152742513,2.0,0.4834299255677845,0.34541751188879005,340.63355264802425,388.85277895944307,True,446.956071086927,-1.8726726996355103,-0.005511910407186127,787.5896237349513,1.1110348492896982,0.0046972755182068116,555.0736907011352,-1.4039967714097006,-0.005295544201286029,943.9264696605783,0.5890091024515268,0.004829268286706934
case_000,2.59,5.171867031375309,14.972631214161586,2.0,0.483429229322315,0.3454172448520758,340.63312637088717,388.8522740327601,True,446.95588763420943,-1.8726717599966385,-0.005511920409707716,787.5890140050966,1.1110350947906724,0.004697250812534748,555.0743484819158,-1.4039964333205455,-0.005295520324428538,943.9266225146758,0.5890099381267617,0.004829277581927638
case_000,2.595,5.171860474856048,14.972626349089055,2.0,0.48342854350721287,0.3454169817913862,340.6327065590979,388.8517767450884,True,446.95570686693856,-1.8726708342484182,-0.0055119302714805585,787.5884134260365,1.1110353364358794,0.004697226467877569,555.074996447244,-1.4039961002063877,-0.0052954968112589595,943.9267731923323,0.5890107611929736,0.0048292867319060795
case_000,2.6,5.1718540172008005,14.972621556430573,2.0,0.4834278679799269,0.3454167226477765,340.6322931153404,388.85128698361723,True,446.9555287664972,-1.872669922211058,-0.005511939993871617,787.5878218818376,1.111035574290233,0.004697202479857832,555.0756347687741,-1.4039957720202,-0.005295473655409111,943.9269217523913,0.5890115718434573,0.004829295740025108
case_000,2.605,5.1718476569436165,14.972616835108102,2.0,0.48342720259828986,0.34541646736315007,340.6318859427388,388.8508046359858,True,446.955353313052,-1.8726690237059296,-0.005511949578217268,787.5872392557908,1.111035808418867,0.004697178844137007,555.0762636135554,-1.4039954487137947,-0.005295450850613781,943.9270682495412,0.5890123702696932,0.00482930460957226
case_000,2.61,5.171841392628199,14.972612184059642,2.0,0.48342654722054973,0.345416215880246,340.63148494493925,388.8503295904055,True,446.9551804855175,-1.872668138555451,-0.005511959025830959,787.5866654304567,1.1110360388869596,0.004697155556408039,555.0768831440469,-1.4039951302377558,-0.005295428390717227,943.9272127344524,0.5890131566612411,0.004829313343734709
case_000,2.615,5.17183522280875,14.97260760223902,2.0,0.4834259017054116,0.34541596814262693,340.6310900262166,388.84986173573077,True,446.95501026152294,-1.872667266582971,-0.005511968338010875,787.5861002877396,1.1110362657595672,0.004697132612389077,555.0774935181529,-1.4039948165413965,-0.005295406269679004,943.9273552538837,0.5890139312056153,0.004829321945593712
case_000,2.62,5.171829146050864,14.972603088615639,2.0,0.48342526591209195,0.34541572409466786,340.63070109154773,388.8494009615565,True,446.9548426174025,-1.872666407612682,-0.005511977516046762,787.5855437089502,1.111036489101449,0.004697110007817196,555.0780948892836,-1.4039945075727391,-0.005295384481578735,943.9274958508402,0.5890146940881763,0.004829330418121058
case_000,2.625,5.171823160932435,14.972598642174255,2.0,0.48342463970038213,0.34541548368154495,340.6303180467166,388.84894715832263,True,446.9546775282084,-1.8726655614695702,-0.005511986561225701,787.584995574925,1.111036708976925,0.0046970877384445164,555.0786874064298,-1.40399420327852,-0.00529536302062017,943.9276345647525,0.5890154454920321,0.004829338764176683
case_000,2.63,5.171817266044556,14.972594261914752,2.0,0.4834240229307179,0.34541524684922464,340.6299407983848,388.84850021739123,True,446.9545149677369,-1.8726647279793711,-0.005511995474837383,787.5844557661217,1.1110369254497279,0.004697065800033928,555.0792712142712,-1.403993903604216,-0.005295341881133897,943.9277714316624,0.5890161855979439,0.004829346986507055
case_000,2.6350000000000002,5.171811459992308,14.972589946851905,2.0,0.48342341546425666,0.34541501354445336,340.6295692541848,388.8480600311383,True,446.9543549085552,-1.8726639069685487,-0.005512004258179215,787.58392416274,1.1110371385828666,0.004697044188356092,555.0798464532731,-1.4039936084940812,-0.005295321057580182,943.9279064844114,0.5890169145842337,0.004829355087744069
case_000,2.64,5.171805741395647,14.972585696015168,2.0,0.4834228171629584,0.3454147837147471,340.62920332278736,388.84762649304014,True,446.9541973220704,-1.8726630982643013,-0.005512012912559483,787.5834006448578,1.1110373484385119,0.004697022899187608,555.080413259822,-1.4039933178912116,-0.0052953005445500745,943.9280397528621,0.5890176326267114,0.004829363070405712
case_000,2.645,5.17180010889015,14.972581508448455,2.0,0.4834222278896702,0.3454145573083817,340.6288429139745,388.847199497749,True,446.95404217857674,-1.8726623016945716,-0.005512021439301296,787.5828850925512,1.1110375550778748,0.004697001928309019,555.0809717663614,-1.4039930317376141,-0.005295280336766239,943.9281712641103,0.5890183398986033,0.004829370936896893
case_000,2.65,5.1717945611277925,14.972577383209925,2.0,0.4834216475082122,0.3454143342743831,340.62848793870353,388.84677894116646,True,446.953889447345,-1.8726615170880878,-0.00551202983974447,787.5823773860485,1.1110377585611235,0.004696981271504641,555.0815221015414,-1.403992749974296,-0.005295260429082904,943.9283010427079,0.5890190365704951,0.004829378689511277
case_000,2.6550000000000002,5.171789096777576,14.972573319371772,2.0,0.48342107588346533,0.34541411456251786,340.6281383091685,388.8463647205143,True,446.9537390966844,-1.8726607442743917,-0.005512038115248363,787.5818774058529,1.1110379589472792,0.004696960924561733,555.0820643903651,-1.4039924725413568,-0.00529524081648558,943.9284291108794,0.5890197228102757,0.004829386330433505
case_000,2.66,5.171783714526218,14.972569316020003,2.0,0.483420512881457,0.3454138981232835,340.6277939388525,388.8459567344029,True,446.95359109404853,-1.8726599830839068,-0.005512046267192483,787.581385032901,1.1110381562941567,0.004696940883271605,555.0825987543566,-1.4039921993780957,-0.005295221494089508,943.9285554887595,0.5890203987831033,0.004829393861742637
case_000,2.665,5.171778413078662,14.972565372254255,2.0,0.4834199583694472,0.3454136849078999,340.627454742571,388.84555488287504,True,446.95344540610995,-1.8726592333479943,-0.005512054296978153,787.5809001486809,1.1110383506582844,0.004696921143429678,555.0831253117236,-1.4039919304231228,-0.0052952024571380485,943.9286801945987,0.5890210646513672,0.004829401285415202
case_000,2.67,5.171773191158637,14.972561487187567,2.0,0.4834194122160108,0.34541347486829993,340.627120636519,388.8451590674672,True,446.9533019988732,-1.8726584948990277,-0.00551206220602829,787.5804226353922,1.111038542094869,0.004696901700837752,555.0836441775247,-1.4039916656144749,-0.0052951837010004055,943.9288032449919,0.5890217205746672,0.004829408603329588
case_000,2.6750000000000003,5.1717680475090635,14.972557659946201,2.0,0.4834188742911175,0.3454132679571206,340.6267915382966,388.844769191247,True,446.95316083776214,-1.8726577675704699,-0.005512069995787738,787.5799523760587,1.111038730657739,0.0046968825513049595,555.0841554638353,-1.4039914048897373,-0.005295165221168963,943.9289246550823,0.5890223667097993,0.0048294158172700885
case_000,2.68,5.171762980892463,14.97255388966943,2.0,0.4834183444662078,0.34541306412769424,340.62646736694364,388.8443851588594,True,446.9530218877296,-1.8726570511969556,-0.0055120776677224925,787.5794892546733,1.1110389163993266,0.004696863690650421,555.0846592799236,-1.4039911481861678,-0.005295147013255896,943.929044438783,0.5890230032107551,0.004829422928932181
case_000,2.685,5.171757990091214,14.972550175509351,2.0,0.4834178226142639,0.34541286333404,340.62614804295634,388.84400687654033,True,446.9528851133484,-1.8726563456143712,-0.005512085223319252,787.5790331563047,1.111039099370635,0.004696845114705139,555.0851557324042,-1.403990895440815,-0.0052951290729902345,943.9291626089446,0.5890236302287123,0.004829429939926522
case_000,2.69,5.171753073907881,14.972546516630693,2.0,0.48341730860987653,0.34541266553085476,340.6258334883056,388.8436342521642,True,446.9527504789273,-1.8726556506599554,-0.005512092664083534,787.5785839672329,1.1110392796212418,0.004696826819315214,555.0856449254164,-1.4039906465906464,-0.00529511139621347,943.9292791775806,0.5890242479120628,0.004829436851785274
case_000,2.695,5.1717482311652745,14.972542912210624,2.0,0.4834168023293054,0.34541247067350517,340.62552362644215,388.8432671952427,True,446.9526179485882,-1.8726549661723682,-0.005512099991539121,787.5781415750304,1.1110394571992777,0.004696808800343677,555.0861269607657,-1.4039904015726632,-0.005295093978876286,943.9293941560084,0.5890248564064147,0.0048294436659662154
case_000,2.7,5.171743460706697,14.972539361438578,2.0,0.4834163036505341,0.34541227871801855,340.6252183823099,388.8429056169441,True,446.95248748638465,-1.8726542919917921,-0.005512107207225392,787.5777058686946,1.111039632151455,0.004696791053674598,555.0866019380974,-1.4039901603240232,-0.005295076817033673,943.9295075550415,0.5890254558546265,0.004829450383858902
case_000,2.705,5.171738761395883,14.972535863516049,2.0,0.48341581245332016,0.34541208962107484,340.6249176823293,388.8425494300998,True,446.95235905637776,-1.8726536279600101,-0.005512114312696048,787.577276738707,1.1110398045230614,0.004696773575214863,555.0870699550296,-1.403989922782153,-0.005295059906841149,943.9296193851294,0.5890260463968352,0.00482945700678955
case_000,2.71,5.171734132117082,14.97253241765643,2.0,0.48341532861923575,0.34541190333999805,340.62462145440503,388.8421985492022,True,446.95223262274004,-1.8726529739204947,-0.0055121213095163935,787.5768540771451,1.111039974357998,0.00469675636089828,555.0875311073071,-1.4039896888848566,-0.005295043244549935,943.9297296565093,0.589026628170496,0.004829463536026646
case_000,2.715,5.171729571774907,14.97252902308483,2.0,0.4834148520317057,0.34541171983274765,340.62432962790757,388.8418528904016,True,446.9521081498215,-1.8726523297184723,-0.005512128199261834,787.5764377777291,1.11104014169879,0.004696739406687689,555.0879854889241,-1.4039894585704165,-0.005295026826502902,943.9298383793257,0.5890272013104195,0.0048294699727858825
case_000,2.72,5.171725079294302,14.972525679037895,2.0,0.48341438257603675,0.3454115390579104,340.62404213365915,388.84151237150013,True,446.95198560225174,-1.8726516952010188,-0.0055121349835145494,787.5760277359109,1.1110403065866368,0.004696722708578793,555.088433192262,-1.4039892317776954,-0.005295010649129628,943.9299455637621,0.5890277659488259,0.004829476318235715
case_000,2.725,5.171720653620306,14.972522384763641,2.0,0.48341392013944073,0.34541136097469205,340.6237589039137,388.84117691192057,True,446.95186494499325,-1.8726510702171084,-0.005512141663861936,787.575623848907,1.111040469061436,0.004696706262602435,555.0888743082041,-1.403989008446225,-0.0052949947089422356,943.9300512201247,0.5890283222153878,0.004829482573501742
case_000,2.73,5.171716293717902,14.972519139521278,2.0,0.4834134646110524,0.34541118554290895,340.6234798723315,388.84084643271046,True,446.95174614343046,-1.8726504546176996,-0.005512148241893278,787.5752260157619,1.1110406291618353,0.00469669006482798,555.0893089262515,-1.4039887885162914,-0.00529497900253062,943.930155358962,0.5890288702372959,0.004829488739672316
case_000,2.735,5.171711998571697,14.972515942581051,2.0,0.4834130158819401,0.34541101272297964,340.6232049739605,388.84052085649716,True,446.9516291634122,-1.872649848255773,-0.005512154719198081,787.5748341373727,1.1110407869252732,0.004696674111365651,555.0897371346168,-1.4039885719290073,-0.005294963526558505,943.930257991114,0.5890294101393033,0.004829494817802205
case_000,2.74,5.171707767185693,14.972512793224064,2.0,0.48341257384511077,0.3454108424759168,340.6229341451964,388.84020010747656,True,446.95151397132804,-1.8726492509863994,-0.0055121610973628,787.5744481165244,1.111040942388032,0.004696658398369469,555.0901590203297,-1.4039883586263873,-0.005294948277758782,943.9303591278062,0.5890299420437999,0.004829500808917808
case_000,2.745,5.171703598582873,14.972509690742127,2.0,0.48341213839550984,0.3454106747633187,340.62266732375775,388.83988411137705,True,446.95140053414167,-1.872648662666776,-0.005512167377969057,787.5740678578994,1.1110410955852825,0.004696642922039251,555.0905746693085,-1.403988148551402,-0.005294933252929845,943.9304587806855,0.5890304660708613,0.004829506714020548
case_000,2.75,5.171699491804951,14.972506634437591,2.0,0.4834117094300148,0.3454105095473614,340.62240444865455,388.8395727954254,True,446.9512888194493,-1.8726480831562744,-0.005512173562590761,787.5736932681039,1.1110412465511494,0.0046966276786234995,555.0909841664571,-1.4039879416480385,-0.005294918448930985,943.9305569618825,0.5890309823383248,0.004829512534091418
case_000,2.755,5.171695445911864,14.972503623623195,2.0,0.48341128684742424,0.34541034679079013,340.62214546014377,388.8392660883127,True,446.95117879550776,-1.872647512316465,-0.00551217965279216,787.5733242556515,1.1110413953187501,0.0046966126644207296,555.0913875957106,-1.4039877378613388,-0.00529490386267939,943.9306536840232,0.5890314909618418,0.004829518270093702
case_000,2.7600000000000002,5.171691459981473,14.972500657621906,2.0,0.48341087054844123,0.34541018645691135,340.62189029969863,388.83896392016106,True,446.95107043127643,-1.8726469500111533,-0.00551218565012529,787.5729607309751,1.1110415419202648,0.0046965978757819715,555.0917850401173,-1.4039875371374462,-0.00529488949114576,943.9307489602784,0.5890319920549558,0.004829523922977141
case_000,2.765,5.1716875331090435,14.972497735766767,2.0,0.4834104604356535,0.3454100285095845,340.6216389099724,388.8386662224808,True,446.95096369643295,-1.872646396106385,-0.00551219155612831,787.5726026064053,1.1110416863869796,0.00469658330911199,555.0921765818747,-1.403987339423627,-0.005294875331351534,943.9308428043555,0.5890324857291556,0.004829529493680207
case_000,2.77,5.1716836644068485,14.972494857400747,2.0,0.48341005641350887,0.3454098729132143,340.62139123475424,388.838372928128,True,446.950858561401,-1.8726458504704748,-0.005512197372323224,787.5722497961552,1.1110418287493478,0.004696568960870895,555.0925623023855,-1.4039871446683008,-0.005294861380365279,943.9309352305136,0.5890329720939458,0.004829534983133044
case_000,2.775,5.171679853003725,14.972492021876599,2.0,0.4834096583882865,0.34540971963274203,340.6211472189347,388.8380839712713,True,446.95075499736544,-1.8726453129740037,-0.005512203100214108,787.5719022163001,1.1110419690370459,0.004696554827575472,555.0929422822951,-1.4039869528210565,-0.005294847635299749,943.9310262535664,0.5890334512569154,0.004829540392260134
case_000,2.7800000000000002,5.171676098044568,14.972489228556702,2.0,0.48340926626806585,0.34540956863363814,340.6209068084622,388.837799287346,True,446.9506529762791,-1.8726447834898206,-0.005512208741285551,787.5715597847413,1.1110421072790198,0.004696540905799906,555.0933166015132,-1.4039867638326555,-0.005294834093309442,943.9311158888592,0.5890339233237913,0.004829545721981909
case_000,2.785,5.171672398689879,14.972486476812929,2.0,0.4834088799626914,0.34540941988189405,340.620669950311,388.83751881301146,True,446.9505524708658,-1.8726442618930352,-0.005512214297001161,787.5712224211768,1.111042243503542,0.00469652719217678,555.0936853392478,-1.4039865776550435,-0.005294820751587714,943.9312041522593,0.589034388398506,0.004829550973216856
case_000,2.79,5.171668754115344,14.972483766026496,2.0,0.4834084993837365,0.3454092733440142,340.6204365924342,388.83724248610724,True,446.950453454631,-1.8726437480610176,-0.00551221976880184,787.5708900470652,1.111042377738261,0.0046965136833977406,555.0940485740274,-1.403986394241346,-0.0052948076073643935,943.9312910601346,0.5890348465832589,0.004829556146883129
case_000,2.795,5.171665163511259,14.972481095587826,2.0,0.48340812444446324,0.34540912898700854,340.6202066837359,388.8369702456205,True,446.9503559018402,-1.872643241873365,-0.005512225158105233,787.5705625855761,1.1110425100102461,0.004696500376213553,555.094406383697,-1.4039862135458547,-0.005294794657904223,943.9313766293175,0.5890352979785697,0.004829561243899494
case_000,2.8000000000000003,5.171661626082173,14.972478464896422,2.0,0.48340775505978173,0.3454089867783845,340.619980174022,388.83670203163774,True,446.9502597875272,-1.8726427432118935,-0.005512230466304058,787.5702399615492,1.1110426403460343,0.00469648726743449,555.0947588454433,-1.4039860355240217,-0.0052947819005044194,943.931460877081,0.5890357426833401,0.004829566265186713
case_000,2.805,5.171658141046388,14.972475873360715,2.0,0.4834073911462078,0.3454088466861393,340.6197570139748,388.8364377852979,True,446.9501650874763,-1.8726422519606087,-0.005512235694765444,787.5699221014511,1.1110427687716784,0.0046964743539304465,555.0951060357969,-1.4039858601324429,-0.005294769332493066,943.9315438210948,0.5890361807949039,0.0048295712116681044
case_000,2.81,5.171654707635479,14.972473320397935,2.0,0.48340703262181917,0.3454087086787528,340.6195371551118,388.83617744877404,True,446.95007177820065,-1.8726417680056717,-0.005512240844830485,787.5696089333125,1.1110428953127767,0.004696461632630322,555.0954480306192,-1.403985687328826,-0.005294756951228052,943.9316254793932,0.589036612409082,0.0048295760842702595
case_000,2.815,5.17165132509391,14.972470805433984,2.0,0.4834066794062113,0.34540857272517916,340.61932054975443,388.83592096521045,True,446.94997983693406,-1.8726412912353703,-0.005512245917813241,787.5693003866885,1.1110430199945212,0.004696449100522027,555.0957849051105,-1.4039855170719786,-0.005294744754095415,943.9317058703209,0.5890370376202282,0.004829580883923046
case_000,2.82,5.171647992678564,14.972468327903316,2.0,0.4834063314204521,0.3454084387948404,340.6191071509986,388.8356682787046,True,446.9498892416035,-1.872640821540079,-0.005512250915000627,787.5689963926021,1.1110431428417282,0.004696436754651867,555.0961167337963,-1.4039853493217682,-0.005294732738508445,943.9317850125009,0.5890374565212793,0.004829585611560161
case_000,2.825,5.171644709658371,14.972465887248788,2.0,0.483405988587038,0.34540830685761825,340.6188969126785,388.8354193342619,True,446.9497999708121,-1.8726403588122222,-0.005512255837651858,787.5686968834906,1.1110432638788734,0.004696424592123882,555.096443590524,-1.4039851840391009,-0.00529472090190658,943.931862924786,0.5890378692037996,0.004829590268118966
case_000,2.83,5.171641475313884,14.972463482921555,2.0,0.48340565082984865,0.3454081768838475,340.6186897893426,388.8351740777657,True,446.94971200380905,-1.8726399029462284,-0.00551226068699856,787.5684017931517,1.1110433831301167,0.00469641261009901,555.0967655484444,-1.4039850211858795,-0.005294709241754902,943.9319396262101,0.5890382757580213,0.004829594854540209
case_000,2.835,5.171638288936899,14.972461114380929,2.0,0.4834053180741025,0.3454080488443083,340.6184857362202,388.8349324559424,True,446.94962532046594,-1.8726394538384847,-0.005512265464244659,787.5681110566861,1.1110435006193315,0.004696400805794032,555.0970826799977,-1.4039848607249723,-0.0052946977555435315,943.9320151359401,0.5890386762728819,0.004829599371767634
case_000,2.84,5.171635149830089,14.972458781094277,2.0,0.4834049902463134,0.34540792271021975,340.61828470920483,388.83469441632735,True,446.94953990124503,-1.8726390113872913,-0.005512270170566602,787.5678246104499,1.1110436163701274,0.004696389176480742,555.0973950569027,-1.403984702620173,-0.005294686440787066,943.93208947323,0.5890390708360613,0.004829603820747486
case_000,2.845,5.1716320573067,14.972456482536884,2.0,0.4834046672742476,0.3454077984532324,340.61808666481636,388.8344599072474,True,446.94945572718393,-1.8726385754928183,-0.005512274807113138,787.5675423920003,1.1110437304058727,0.004696377719484779,555.097702750139,-1.403984546836169,-0.005294675295024254,943.9321626573864,0.5890394595340217,0.004829608202428282
case_000,2.85,5.171629010690168,14.972454218191846,2.0,0.4834043490868821,0.3454076760454218,340.6178915601986,388.8342288777809,True,446.9493727798481,-1.8726381460570494,-0.005512279375006313,787.5672643400467,1.1110438427497145,0.004696366432184462,555.098005829929,-1.4039843933384935,-0.005294664315817932,943.9322347077099,0.5890398424520309,0.004829612517759707
case_000,2.855,5.171626009313821,14.972451987549945,2.0,0.48340403561436457,0.3454075554592814,340.6176993530779,388.834001277741,True,446.94929104131313,-1.8726377229837352,-0.005512283875341473,787.566990394391,1.1110439534245853,0.004696355312009182,555.0983043657144,-1.4039842420934896,-0.0052946535007550866,943.9323056434554,0.5890402196741925,0.0048296167676918356
case_000,2.86,5.171623052520646,14.972449790109545,2.0,0.48340372678797267,0.34540743666771667,340.61751000175707,388.8337770576471,True,446.94921049413745,-1.8726373061783457,-0.005512288309187707,787.5667204958945,1.1110440624532294,0.00469634435643862,555.0985984261557,-1.4039840930682772,-0.005294642847446351,943.9323754838028,0.5890405912834813,0.004829620953174796
case_000,2.865,5.171620139662939,14.972447625376471,2.0,0.483403422540078,0.34540731964403754,340.61732346509723,388.83355616870676,True,446.9491311213235,-1.8726368955480157,-0.005512292677588737,787.5664545864207,1.1110441698582028,0.004696333563000976,555.0988880790977,-1.4039839462307036,-0.005294632353526618,943.9324442478045,0.5890409573617577,0.004829625075157384
case_000,2.87,5.17161727010209,14.972445492863905,2.0,0.48340312280410885,0.345407204361953,340.61713970249144,388.83333856278637,True,446.9490529062991,-1.8726364910015005,-0.005512296981563247,787.5661926087905,1.1110442756618877,0.004696322929271579,555.099173391561,-1.4039838015493105,-0.005294622016655037,943.9325119543473,0.5890413179897915,0.004829629134586122
case_000,2.875,5.171614443208371,14.972443392092265,2.0,0.4834028275145161,0.3454070907955641,340.61695867386663,388.83312419240576,True,446.9489758328822,-1.8726360924491228,-0.005512301222105831,787.5659345067488,1.1110443798864975,0.00469631245287172,555.0994544297284,-1.4039836589932977,-0.005294611834515073,943.9325786221342,0.5890416732472883,0.004829633132404809
case_000,2.88,5.171611658360665,14.972441322589114,2.0,0.48340253660674054,0.34540697891935823,340.6167803396561,388.8329130107097,True,446.94889988525824,-1.8726356998027256,-0.005512305400187545,787.5656802249143,1.1110444825540784,0.0046963021314668785,555.0997312589263,-1.4039835185324825,-0.005294601804814947,943.9326442696361,0.5890420232129017,0.004829637069553028
case_000,2.8850000000000002,5.171608914946314,14.97243928388904,2.0,0.48340225001718157,0.3454068687082029,340.61660466079826,388.832704971465,True,446.9488250479507,-1.8726353129756252,-0.0055123095167568525,787.565429708749,1.1110445836865193,0.004696291962765553,555.100003943612,-1.4039833801372654,-0.005294591925287917,943.932708915077,0.5890423679642565,0.0048296409469656965
case_000,2.89,5.171606212360886,14.972437275533556,2.0,0.4834019676831683,0.34540676013733984,340.61643159872136,388.8325000290307,True,446.94875130579504,-1.8726349318825632,-0.005512313572740457,787.5651829045164,1.1110446833055445,0.0046962819445176,555.1002725473589,-1.4039832437785962,-0.005294582193692721,943.9327725763897,0.5890427075779525,0.004829644765571461
case_000,2.895,5.171603550008072,14.972435297071005,2.0,0.48340168954293167,0.34540665318237906,340.6162611153323,388.8322981383535,True,446.94867864392353,-1.8726345564396647,-0.005512317569043801,787.5649397592558,1.11104478143272,0.004696272074513064,555.1005371328582,-1.4039831094279425,-0.005294572607813464,943.9328352712117,0.5890430421295922,0.004829648526292474
case_000,2.9,5.171600927299467,14.972433348056443,2.0,0.48340141553557925,0.3454065478192933,340.61609317301674,388.83209925496715,True,446.94860704772947,-1.8726341865643943,-0.005512321506552398,787.5647002207462,1.1110448780894486,0.004696262350580571,555.1007977618892,-1.4039829770572556,-0.005294563165460675,943.9328970168564,0.5890433716937833,0.004829652230043113
case_000,2.9050000000000002,5.171598343654463,14.97243142805155,2.0,0.48340114560107084,0.3454064440244123,340.61592773462485,388.83190333495816,True,446.9485365028537,-1.8726338221755106,-0.005512325386132444,787.5644642374785,1.1110449732969672,0.004696252770585996,555.101054495332,-1.4039828466389455,-0.00529455386447103,943.9329578302902,0.5890436963441519,0.0048296558777291
case_000,2.91,5.171595798500129,14.972429536624531,2.0,0.48340087968019657,0.3454063417744172,340.6157647634703,388.83171033497956,True,446.94846699516785,-1.8726334631930341,-0.0055123292086314835,787.5642317586381,1.111045067076349,0.00469624333243146,555.1013073931503,-1.4039827181458495,-0.005294544702708015,943.9330177281298,0.5890440161533561,0.004829659470246939
case_000,2.915,5.171593291271063,14.972427673350017,2.0,0.4834006177145568,0.3454062410463355,340.61560422332155,388.8315202122344,True,446.9483985107451,-1.8726331095381985,-0.005512332974879741,787.5640027340667,1.1110451594484874,0.004696234034053448,555.1015565143867,-1.4039825915512092,-0.005294535678062318,943.9330767266212,0.589044331193089,0.004829663008482921
case_000,2.92,5.171590821409298,14.972425837808968,2.0,0.4834003596465423,0.3454061418175354,340.61544607839767,388.83133292446905,True,446.9483310358504,-1.8726327611334228,-0.005512336685690622,787.5637771142481,1.1110452504340975,0.004696224873421917,555.101801917163,-1.403982466828643,-0.0052945267884520475,943.9331348416321,0.589044641534092,0.004829666493312457
case_000,2.9250000000000003,5.171588388364252,14.972424029588582,2.0,0.4834001054193179,0.3454060440657205,340.6152902933695,388.83114842995917,True,446.9482645569291,-1.8726324179022737,-0.0055123403418614325,787.5635548502986,1.1110453400537166,0.0046962158485393535,555.1020436586884,-1.4039823439521328,-0.005294518031822737,943.9331920886476,0.5890449472461602,0.004829669925599522
case_000,2.93,5.17158599159258,14.972422248282198,2.0,0.48339985497680615,0.34540594776892536,340.61513683335323,388.8309666875241,True,446.9481990605843,-1.8726320797694365,-0.0055123439441744915,787.5633358939375,1.1110454283276874,0.004696206957439275,555.1022817952444,-1.4039822228959966,-0.005294509406148118,943.9332484827685,0.5890452483981496,0.004829673306196103
case_000,2.935,5.1715836305581115,14.972420493489212,2.0,0.48339960826367234,0.3454058529055098,340.6149856639051,388.8307876565027,True,446.9481345335668,-1.8726317466606757,-0.005512347493397796,787.5631201974719,1.1110455152761542,0.004696198198185064,555.1025163821929,-1.4039821036348694,-0.005294500909430178,943.9333040386956,0.5890455450579823,0.004829676635941249
case_000,2.94,5.171581304731813,14.972418764814984,2.0,0.48339936522531257,0.3454057594541542,340.6148367510245,388.8306112967599,True,446.9480709627674,-1.8726314185028154,-0.005512350990285686,787.5629077137919,1.1110456009190612,0.004696189568869302,555.1027474739882,-1.4039819861436948,-0.005294492539699103,943.9333587707481,0.589045837292655,0.004829679915661189
case_000,2.945,5.1715790135917,14.972417061870738,2.0,0.4833991258078411,0.3454056673938549,340.61469006115095,388.83043756868346,True,446.9480083352067,-1.8726310952237095,-0.005512354435579514,787.5626983963576,1.111045685276142,0.004696181067612715,555.1029751241762,-1.403981870397707,-0.005294484295013613,943.9334126928596,0.5890461251682456,0.004829683146168717
case_000,2.95,5.171576756622765,14.972415384273498,2.0,0.48339888995807956,0.34540557670391936,340.6145455611594,388.83026643317453,True,446.94794663802395,-1.8726307767522161,-0.005512357830008474,787.5624921991833,1.1110457683669133,0.004696172692563061,555.1031993853976,-1.4039817563724144,-0.005294476173461238,943.9334658185721,0.5890464087499132,0.004829686328262528
case_000,2.955,5.171574533316958,14.972413731645979,2.0,0.4833986576235474,0.34540548736396137,340.61440321836074,388.830097851652,True,446.94788585847436,-1.872630463018176,-0.005512361174290048,787.5622890768351,1.111045850210669,0.004696164441894524,555.1034203094077,-1.4039816440435964,-0.005294468173157985,943.9335181610597,0.5890466881019119,0.004829689462727549
case_000,2.96,5.171572343173077,14.972412103616513,2.0,0.4833984287524534,0.3454053993538966,340.6142630005053,388.8299317860442,True,446.94782598391396,-1.8726301539523853,-0.005512364469131004,787.5620889844192,1.1110459308264728,0.00469615631380671,555.1036379470698,-1.4039815333872865,-0.005294460292248948,943.933569733114,0.5890469632875858,0.004829692550333942
case_000,2.965,5.171570185696809,14.972410499818974,2.0,0.4833982032936874,0.3454053126539382,340.61412487577667,388.82976819879127,True,446.9477670018094,-1.8726298494865845,-0.005512367715227395,787.561891877586,1.1110460102331583,0.004696148306524317,555.103852348388,-1.4039814243797737,-0.005294452528907534,943.9336205471793,0.5890472343693887,0.004829695591837935
case_000,2.97,5.171568060400603,14.972408919892674,2.0,0.4833979811968132,0.3454052272445924,340.6139888127851,388.82960705284097,True,446.94770889972654,-1.872629549553438,-0.005512370913265341,787.5616977125117,1.111046088449313,0.004696140418295913,555.1040635624994,-1.4039813169975857,-0.005294444881336069,943.9336706153404,0.5890475014088771,0.00482969858798088
case_000,2.975,5.1715659668036595,14.972407363482299,2.0,0.48339776241206217,0.3454051431066541,340.6138547805803,388.82944831164605,True,446.9476516653231,-1.87262925408651,-0.005512374063921743,787.5615064459034,1.1110461654932813,0.004696132647393714,555.1042716376958,-1.403981211217493,-0.005294437347765413,943.9337199493418,0.5890477644667214,0.004829701539489584
case_000,2.98,5.171563904431894,14.972405830237824,2.0,0.4833975468903274,0.3454050602212026,340.6137227486415,388.82929193916686,True,446.9475952863594,-1.8726289630202577,-0.005512377167864235,787.5613180350009,1.1110462413831594,0.004696124992113082,555.1044766214392,-1.4039811070164996,-0.005294429926454736,943.933768560606,0.5890480236027155,0.004829704447076477
case_000,2.985,5.171561872817859,14.972404319814434,2.0,0.48339733458315814,0.34540497856959756,340.61359268687534,388.82913789986094,True,446.9475397506826,-1.8726286762900106,-0.005512380225752178,787.561132437558,1.111046316136785,0.004696117450771475,555.1046785603684,-1.4039810043718421,-0.005294422615691685,943.9338164602293,0.5890482788757745,0.004829707311439169
case_000,2.99,5.171559871500754,14.97240283187245,2.0,0.4833971254427555,0.34540489813347497,340.6134645656151,388.82898615869044,True,446.9474850462459,-1.8726283938319679,-0.005512383238236218,787.560949611861,1.1110463897717426,0.0046961100217087215,555.104877500325,-1.4039809032609898,-0.005294415413791664,943.9338636590154,0.5890485303439503,0.0048297101332612224
case_000,2.995,5.171557900026337,14.972401366077248,2.0,0.4833969194219667,0.3454048188947429,340.61333835562624,388.82883668110674,True,446.94743116108856,-1.8726281155831725,-0.0055123862059595075,787.5607695167148,1.1110464623053535,0.004696102703286076,555.1050734863634,-1.4039808036616415,-0.005294408319097943,943.9339101674701,0.5890487780644326,0.0048297129132117145
case_000,3.0,5.1715559579469055,14.97239992209918,2.0,0.48339671647428173,0.34540474083557754,340.61321402809335,388.8286894330696,True,446.94737808335526,-1.8726278414815134,-0.005512389129557205,787.5605921114486,1.1110465337546782,0.00469609549388611,555.1052665627628,-1.4039807055517246,-0.005294401329981324,943.9339559958324,0.5890490220935609,0.004829715651945954
case_000,3.005,5.171554044821223,14.972398499613513,2.0,0.4833965165538286,0.34540466393841945,340.61309155462504,388.8285443810162,True,446.94732580128266,-1.8726275714657044,-0.005512392009657363,787.5604173559077,1.1110466041365081,0.0046960883919120455,555.105456773053,-1.4039806089094,-0.005294394444839701,943.9340011540692,0.589049262486825,0.00482971835010515
case_000,3.0100000000000002,5.1715521602145005,14.972397098300345,2.0,0.48339631961536955,0.34540458818596986,340.6129709072513,388.8284014918885,True,446.9472743032148,-1.8726273054752878,-0.005512394846880597,787.5602452104661,1.1110466734673738,0.0046960813957879766,555.1056441600234,-1.403980513713059,-0.005294387662097777,943.9340456519119,0.5890494992988841,0.004829721008317356
case_000,3.015,5.171550303698346,14.972395717844536,2.0,0.48339612561429735,0.3454045135611863,340.61285205841824,388.8282607331033,True,446.94722357760025,-1.8726270434506158,-0.005512397641840527,787.5600756360185,1.1110467417635375,0.0046960745039582585,555.1058287657474,-1.40398041994133,-0.00529438098020657,943.9340894988508,0.5890497325835644,0.004829723627197191
case_000,3.02,5.171548474850672,14.972394357935636,2.0,0.4833959345066307,0.34540444004727944,340.6127349809872,388.82812207256734,True,446.94717361298825,-1.8726267853328418,-0.005512400395144168,787.5599085939755,1.111046809040991,0.00469606771488712,555.1060106315899,-1.403980327573072,-0.005294374397643298,943.9341327041573,0.5890499623938739,0.0048297262073463965
case_000,3.025,5.171546673255683,14.972393018267821,2.0,0.4833957462490109,0.3454043676277093,340.61261964822864,388.8279854786639,True,446.94712439804533,-1.872626531063925,-0.005512403107391539,787.559744046274,1.1110468753154645,0.004696061027058829,555.1061897982311,-1.4039802365873866,-0.0052943679129107135,943.934175276895,0.589050188782008,0.004829728749354112
case_000,3.0300000000000002,5.171544898503808,14.972391698539811,2.0,0.4833955607986978,0.34540429628618147,340.61250603382734,388.82785092025756,True,446.947075921546,-1.8726262805866103,-0.0055124057791762215,787.5595819553733,1.11104694060242,0.0046960544389773595,555.1063663056808,-1.4039801469636153,-0.005294361524536717,943.9342172259384,0.5890504117993631,0.004829731253797376
case_000,3.035,5.171543150191635,14.972390398454822,2.0,0.48339537811356503,0.3454042260066435,340.6123941118635,388.8277183666778,True,446.94702817238647,-1.8726260338444327,-0.005512408411085079,787.55942228425,1.111047004917056,0.00469604794916606,555.1065401932983,-1.4039800586813436,-0.005294355231073855,943.9342585599761,0.5890506314965416,0.004829733721241292
case_000,3.04,5.171541427921866,14.97238911772048,2.0,0.4833951981520968,0.34540415677328185,340.6122838568288,388.8275877877321,True,446.9469811395813,-1.8726257907817034,-0.005512411003698536,787.5592649964101,1.1110470682743128,0.004696041556167985,555.1067114998033,-1.4039799717204027,-0.005294349031098988,943.9342992875354,0.5890508479233669,0.004829736152239694
case_000,3.045,5.171539731303212,14.972387856048762,2.0,0.48339502087338243,0.34540408857051774,340.6121752435988,388.82745915367695,True,446.946934812266,-1.8726255513435066,-0.00551241355759069,787.5591100558648,1.1110471306888638,0.004696035258544895,555.1068802632973,-1.4039798860608739,-0.00529434292321268,943.9343394169742,0.5890510611288863,0.004829738547334983
case_000,3.0500000000000003,5.171538059950395,14.972386613155942,2.0,0.4833948462371123,0.3454040213830042,340.6120682474511,388.82733243524046,True,446.9468891797081,-1.8726253154756969,-0.005512416073328974,787.5589574271592,1.1110471921751337,0.0046960290548782035,555.1070465212748,-1.4039798016830896,-0.00529433690603881,943.9343789565153,0.5890512711613897,0.004829740907059232
case_000,3.055,5.171536413483991,14.97238538876251,2.0,0.4833946742035729,0.3454039551956225,340.61196284404804,388.82720760359996,True,446.9468442312971,-1.8726250831248847,-0.005512418551474718,787.5588070753452,1.1110472527472883,0.004696022943767975,555.1072103106395,-1.4039797185676364,-0.005294330978224071,943.9344179142395,0.5890514780684158,0.004829743231934025
case_000,3.06,5.171534791530462,14.972384182593116,2.0,0.48339450473364176,0.3454038899934791,340.6118590094324,388.82708463037363,True,446.94679995656423,-1.8726248542384447,-0.0055124209925824785,787.5586589659966,1.1110473124192481,0.004696016923833424,555.1073716677273,-1.4039796366953596,-0.00529432513843725,943.9344562981009,0.5890516818967615,0.004829745522471063
case_000,3.065,5.171533193721988,14.972382994376513,2.0,0.48339433778878255,0.345403825761902,340.6117567200235,388.82696348763375,True,446.94675634517097,-1.8726246287644976,-0.005512423397200539,787.5585130651945,1.1110473712046838,0.004696010993712363,555.1075306283051,-1.4039795560473605,-0.005294319385369173,943.9344941159388,0.5890518826924969,0.004829747779172555
case_000,3.0700000000000003,5.171531619696452,14.97238182384549,2.0,0.4833941733310385,0.3454037624864375,340.61165595261934,388.8268441478833,True,446.946713386915,-1.8726244066519082,-0.005512425765870854,787.5583693395344,1.1110474291170271,0.004696005152061478,555.1076872275992,-1.4039794766050038,-0.005294313717731813,943.9345313754825,0.5890520805009754,0.004829750002531608
case_000,3.075,5.171530069097352,14.972380670736813,2.0,0.4833940113230282,0.3454037001528475,340.61155668437755,388.8267265840592,True,446.94667107173973,-1.8726241878502852,-0.005512428099128608,787.5582277561173,1.111047486169472,0.004695999397555994,555.1078415003004,-1.4039793983499145,-0.005294308134258019,943.9345680843596,0.589052275366842,0.004829752193032499
case_000,3.08,5.171528541573702,14.972379534791166,2.0,0.48339385172793814,0.3454036387471057,340.6114588928226,388.826610769519,True,446.9466293897283,-1.872623972309967,-0.005512430397502599,787.5580882825509,1.111047542374982,0.004695993728889791,555.1079934805804,-1.4039793212639828,-0.0052943026337009536,943.9346042500994,0.5890524673340479,0.004829754351151017
case_000,3.085,5.17152703677997,14.972378415753095,2.0,0.4833936945095177,0.3454035782553951,340.61136255583193,388.82649667804117,True,446.9465883311033,-1.8726237599820172,-0.005512432661515243,787.5579508869353,1.1110475977462868,0.0046959881447748986,555.1081432021024,-1.4039792453293625,-0.005294297214833654,943.9346398801435,0.5890526564458601,0.004829756477354896
case_000,3.09,5.171525554376017,14.972377313370945,2.0,0.4833935396320718,0.34540351866410424,340.6112676516351,388.8263842838187,True,446.946547886241,-1.8726235508182274,-0.0055124348916820165,787.5578155378761,1.1110476522959034,0.004695982643942054,555.1082906980356,-1.403979170528473,-0.005294291876448476,943.9346749818543,0.589052842744875,0.00482975857210427
case_000,3.095,5.171524094026965,14.97237622739681,2.0,0.48339338706045504,0.3454034599598248,340.61117415880284,388.82627356145133,True,446.9465080456594,-1.8726233447710987,-0.005512437088511957,787.5576822044623,1.1110477060361228,0.0046959772251399245,555.1084360010608,-1.4039790968439987,-0.005294286617356814,943.9347095625121,0.589053026273027,0.004829760635851721
case_000,3.1,5.171522655403159,14.972375157586471,2.0,0.4833932367600643,0.34540340212934845,340.6110820562498,388.8261644859307,True,446.9464688000202,-1.8726231417938382,-0.005512439252507606,787.55755085627,1.1110477589790269,0.004695971887135386,555.1085791433884,-1.4039790242588888,-0.005294281436388493,943.9347436293191,0.5890532070715997,0.004829762669042614
case_000,3.105,5.171521238180069,14.972374103699346,2.0,0.48339308869683184,0.34540334515966353,340.61099132321834,388.8260570326498,True,446.9464301401402,-1.8726229418403593,-0.005512441384164513,787.5574214633585,1.1110478111364899,0.004695966628713355,555.1087201567611,-1.403978952756357,-0.005294276332391434,943.934777189411,0.5890533851812407,0.0048297646721156
case_000,3.11,5.17151984203821,14.97237306549844,2.0,0.4833929428372183,0.3454032890379526,340.6109019392818,388.8259511773822,True,446.946392056979,-1.8726227448652655,-0.005512443483971674,787.5572939962608,1.1110478625201867,0.004695961448676622,555.1088590724715,-1.403978882319882,-0.005294271304231102,943.9348102498537,0.5890535606419703,0.00482976664550272
case_000,3.115,5.17151846666305,14.972372042750271,2.0,0.48339279914820527,0.3454032337515894,340.61081388433087,388.8258468962904,True,446.9463545416468,-1.872622550823848,-0.00551244555241126,787.5571684259777,1.1110479131415911,0.0046959563458456866,555.1089959213612,-1.4039788129332034,-0.005294266350790333,943.9348428176515,0.589053733493194,0.0048297685896298015
case_000,3.12,5.171517111744947,14.972371035224844,2.0,0.4833926575972876,0.34540317928813574,340.61072713857254,388.8257441658968,True,446.9463175854013,-1.8726223596720797,-0.005512447589958669,787.5570447239738,1.1110479630119903,0.0046959513190587,555.1091307338411,-1.403978744580323,-0.00529426147096862,943.9348748997379,0.5890539037737109,0.0048297705049163975
case_000,3.125,5.17151577697902,14.972370042695584,2.0,0.4833925181524663,0.3454031256353393,340.61064168252506,388.8256429630974,True,446.94628117964135,-1.8726221713665971,-0.005512449597082747,787.5569228621664,1.1110480121424795,0.004695946367171133,555.109263539888,-1.4039786772455012,-0.0052942566636821065,943.9349065029854,0.5890540715217252,0.0048297723917762325
case_000,3.13,5.171514462065118,14.972369064939285,2.0,0.4833923807822404,0.34540307278113036,340.61055749700824,388.82554326515344,True,446.9462453159166,-1.872621985864706,-0.005512451574245347,787.5568028129248,1.1110480605439754,0.004695941489055888,555.1093943690549,-1.4039786109132517,-0.005294251927863092,943.9349376342084,0.5890542367748605,0.004829774250617425
case_000,3.1350000000000002,5.171513166707745,14.97236810173607,2.0,0.4833922454555993,0.34540302071361906,340.61047456313906,388.82544504966927,True,446.9462099859255,-1.8726218031243678,-0.005512453521901384,787.5566845490646,1.1110481082272219,0.00469593668360313,555.1095232504936,-1.4039785455683491,-0.005294247262459195,943.9349683001628,0.5890543995701685,0.004829776081842763
case_000,3.14,5.17151189061589,14.972367152869328,2.0,0.4833921121420153,0.34540296942109316,340.6103928623258,388.8253482946009,True,446.9461751814991,-1.8726216231041852,-0.005512455440499442,787.5565680438249,1.111048155202782,0.004695931949719567,555.1096502129308,-1.4039784811958127,-0.005294242666434079,943.9349985075316,0.5890545599441327,0.004829777885849262
case_000,3.145,5.171510633503067,14.972366218125675,2.0,0.48339198081143503,0.34540291889201513,340.61031237626776,388.8252529782428,True,446.94614089461754,-1.8726214457634018,-0.005512457330481002,787.5564532708853,1.11104820148106,0.004695927286329171,555.1097752847079,-1.4039784177809156,-0.00529423813876595,943.9350282629507,0.5890547179326916,0.004829779663029277
case_000,3.15,5.171509395087138,14.972365297294903,2.0,0.48339185143427243,0.3454028691150194,340.6102330869414,388.82515907922755,True,446.94610711739796,-1.8726212710618904,-0.0055124591922809385,787.5563402043393,1.1110482470722947,0.004695922692372234,555.1098984937597,-1.4039783553091696,-0.005294233678448224,943.9350575729873,0.5890548735712369,0.004829781413769829
case_000,3.1550000000000002,5.171508175090283,14.972364390169936,2.0,0.48339172398140023,0.3454028200789099,340.61015497659844,388.82506657650845,True,446.9460738420945,-1.8726210989601426,-0.005512461026327464,787.556228818693,1.1110482919865645,0.004695918166805424,555.1100198676371,-1.4039782937663319,-0.0052942292844886385,943.9350864441456,0.5890550268946275,0.004829783138453059
case_000,3.16,5.17150697323894,14.97236349654677,2.0,0.4833915984241423,0.34540277177265766,340.61007802776,388.82497544936825,True,446.9460410611034,-1.8726209294192668,-0.0055124628330418535,787.5561190888634,1.1110483362337995,0.00469591370860184,555.1101394335087,-1.4039782331383992,-0.005294224955909088,943.935114882877,0.5890551779372051,0.004829784837456608
case_000,3.165,5.171505789263644,14.972362616224448,2.0,0.4833914747342659,0.3454027241853982,340.6100022232179,388.8248856773988,True,446.9460087669418,-1.8726207624009623,-0.0055124646128392185,787.5560109901597,1.1110483798237725,0.004695909316750291,555.1102572181566,-1.4039781734115953,-0.005294220691745732,943.9351428955554,0.5890553267327888,0.004829786511152956
case_000,3.17,5.171504622899066,14.972361749004998,2.0,0.483391352883974,0.34540267730642893,340.60992754601614,388.8247972405062,True,446.9459769522691,-1.8726205978675323,-0.005512466366127677,787.5559044982853,1.111048422766116,0.004695904990255517,555.1103732479967,-1.40397811457238,-0.005294216491048165,943.9351704885029,0.5890554733147015,0.00482978815991042
case_000,3.1750000000000003,5.171503473883843,14.972360894693395,2.0,0.48339123284589725,0.3454026311252069,340.6098539794606,388.8247101188964,True,446.9459456098633,-1.8726204357818572,-0.005512468093309186,787.5557995893239,1.1110484650703152,0.004695900728137692,555.1104875490678,-1.4039780566074336,-0.005294212352879746,943.9351976679642,0.5890556177157622,0.004829789784092375
case_000,3.18,5.171502341960568,14.972360053097521,2.0,0.4833911145930867,0.3454025856313464,340.6097815070997,388.82462429307384,True,446.9459147326361,-1.8726202761073951,-0.005512469794778929,787.5556962397358,1.111048506745719,0.004695896529432364,555.1106001470497,-1.4039779995036612,-0.005294208276316881,943.9352244401235,0.5890557599683073,0.00482979138405798
case_000,3.185,5.171501226875709,14.972359224028107,2.0,0.483390998099006,0.3454025408146164,340.6097101127389,388.824539743842,True,446.945884313618,-1.872620118808168,-0.005512471470925873,787.555594426357,1.1110485478015442,0.004695892393190404,555.1107110672582,-1.4039779432481827,-0.005294204260449131,943.9352508111002,0.5890559001041964,0.00482979296016206
case_000,3.19,5.171500128379507,14.972358407298717,2.0,0.4833908833375243,0.34540249666493855,340.6096397804127,388.824456452283,True,446.9458543459601,-1.8726199638487562,-0.005512473122132655,787.5554941263728,1.111048588246868,0.0046958883184771705,555.1108203346516,-1.4039778878283315,-0.005294200304378938,943.9352767869347,0.5890560381548126,0.0048297945127547814
case_000,3.1950000000000003,5.171499046225947,14.972357602725673,2.0,0.48339077028290867,0.3454024531723845,340.6095704943998,388.8243743997666,True,446.94582482292947,-1.872619811194282,-0.005512474748775753,787.5553953173293,1.1110486280906413,0.004695884304372844,555.1109279738358,-1.4039778332316477,-0.0052941964072213965,943.9353023736024,0.5890561741510789,0.0048297960421821995
case_000,3.2,5.171497980172674,14.972356810128042,2.0,0.48339065890981675,0.34540241032717406,340.6095022392089,388.824293567935,True,446.9457957379091,-1.8726196608104078,-0.005512476351225426,787.555297977118,1.1110486673416886,0.0046958803499719814,555.1110340090651,-1.403977779445875,-0.00529419256810415,943.9353275770001,0.5890563081234613,0.004829797548785819
case_000,3.205,5.17149692998093,14.972356029327582,2.0,0.48339054919329055,0.3454023681196726,340.6094349995754,388.82421393870936,True,446.9457670843911,-1.8726195126633234,-0.005512477929845994,787.5552020839665,1.1110487060087064,0.00469587645438313,555.1111384642492,-1.403977726458956,-0.005294188786167109,943.9353524029585,0.5890564401019799,0.004829799032903148
case_000,3.21,5.171495895415513,14.972355260148698,2.0,0.4833904411087485,0.34540232654038916,340.60936876046463,388.824135494271,True,446.94573885597873,-1.8726193667197393,-0.005512479484995725,787.5551076164434,1.111048744100276,0.0046958726167290465,555.1112413629575,-1.4039776742590306,-0.005294185060562284,943.9353768572284,0.5890565701162132,0.0048298004948672535
case_000,3.215,5.171494876244691,14.972354502418414,2.0,0.4833903346319792,0.345402285579974,340.60930350705536,388.82405821706914,True,446.9457110463831,-1.8726192229468754,-0.005512481017026949,787.5550145534385,1.1110487816248547,0.004695868836145978,555.1113427284173,-1.4039776228344247,-0.005294181390453789,943.9354009454864,0.5890566981953053,0.004829801935007039
case_000,3.22,5.171493872240163,14.972353755966331,2.0,0.48339022973913515,0.34540224522921675,340.6092392247502,388.82398208980646,True,446.9456836494123,-1.8726190813124504,-0.0055124825262865,787.5549228741625,1.111048818590782,0.004695865111783604,555.1114425835246,-1.4039775721736538,-0.00529417777501745,943.9354246733311,0.5890568243679732,0.004829803353647133
case_000,3.225,5.171492883176983,14.972353020624578,2.0,0.4833901264067254,0.34540220547904416,340.60917589916016,388.82390709544484,True,446.94565665897926,-1.8726189417846775,-0.005512484013115382,787.5548325581394,1.1110488550062834,0.004695861442804816,555.1115409508413,-1.4039775222654125,-0.005294174213440861,943.9354480462862,0.5890569486625159,0.004829804751108058
case_000,3.23,5.171491908833513,14.972352296227786,2.0,0.4833900246116104,0.3454021663205181,340.60911351610633,388.82383321719385,True,446.9456300690942,-1.8726188043322536,-0.0055124854778490495,787.5547435852005,1.11104889087947,0.004695857828385441,555.111637852598,-1.4039774730985732,-0.005294170704923273,943.9354710697919,0.5890570711068152,0.004829806127705949
case_000,3.235,5.171490948991381,14.972351582613053,2.0,0.48338992433099487,0.3454021277448334,340.60905206161635,388.82376043850786,True,446.9456038738622,-1.8726186689243518,-0.005512486920817572,787.5546559354785,1.1110489262183416,0.004695854267714017,555.1117333107037,-1.4039774246621828,-0.005294167248675263,943.9354937492116,0.5890571917283465,0.004829807483752835
case_000,3.24,5.171490003435427,14.97235087961989,2.0,0.4833898255424224,0.34540208974331615,340.608991521927,388.82368874307895,True,446.94557806747923,-1.872618535530607,-0.005512488342345689,787.5545695894062,1.1110489610307894,0.004695850759991738,555.1118273467508,-1.4039773769454589,-0.005294163843918509,943.9355160898298,0.5890573105541848,0.00482980881955658
case_000,3.245,5.171489071953634,14.972350187090212,2.0,0.4833897282237694,0.3454020523074214,340.6089318834626,388.8236181148461,True,446.9455526442368,-1.8726184041211207,-0.0055124897427527575,787.5544845276994,1.1110489953245921,0.004695847304431788,555.1119199820058,-1.4039773299377811,-0.005294160489886124,943.9355380968519,0.589057427611009,0.004829810135420887
case_000,3.25,5.171488154337087,14.97234950486827,2.0,0.4833896323532397,0.34540201542873145,340.608873132857,388.8235485379756,True,446.94552759850654,-1.8726182746664357,-0.005512491122353302,787.5544007313636,1.1110490291074233,0.0046958439002595664,555.1120112374226,-1.4039772836286926,-0.0052941571858222125,943.9355597753982,0.5890575429251055,0.004829811431645126
case_000,3.255,5.17148725037995,14.972348832800646,2.0,0.4833895379093585,0.34540197909895387,340.6088152569319,388.8234799968651,True,446.94550292475236,-1.8726181471375447,-0.005512492481456521,787.5543181816843,1.1110490623868527,0.004695840546712293,555.1121011336504,-1.403977238007897,-0.005294153930981538,943.9355811305155,0.5890576565223812,0.004829812708524728
case_000,3.2600000000000002,5.171486359879364,14.972348170736197,2.0,0.4833894448709683,0.3454019433099197,340.6087582427016,388.82341247614306,True,446.9454786175165,-1.8726180215058699,-0.005512493820366948,787.5542368602181,1.1110490951703422,0.004695837243038681,555.1121896910206,-1.4039771930652483,-0.00529415072463002,943.9356021671637,0.5890577684283588,0.004829813966350738
case_000,3.265,5.1714854826354815,14.972347518526037,2.0,0.48338935321722204,0.3454019080535812,340.60870207736536,388.8233459606573,True,446.94545467142996,-1.8726178977432677,-0.0055124951393840105,787.5541567487953,1.1110491274652519,0.004695833988498932,555.1122769295724,-1.4039771487907557,-0.00529414756604385,943.9356228902298,0.589057878668193,0.004829815205410315
case_000,3.27,5.171484618451345,14.972346876023494,2.0,0.4833892629275793,0.3454018733220108,340.60864674831635,388.82328043547886,True,446.94543108119433,-1.872617775822006,-0.00551249643880275,787.5540778295107,1.111049159278841,0.004695830782364407,555.1123628690366,-1.4039771051745746,-0.005294144454510041,943.9356433045155,0.5890579872666671,0.004829816425986289
case_000,3.275,5.171483767132878,14.972346243084074,2.0,0.483389173981801,0.34540183910739847,340.6085922431228,388.8232158858966,True,446.9454078415935,-1.8726176557147705,-0.005512497718913434,787.5540000847163,1.1110491906182622,0.004695827623917348,555.11244752885,-1.4039770622070051,-0.005294141389325935,943.9356634147466,0.5890580942482022,0.004829817628357491
case_000,3.2800000000000002,5.171482928488863,14.972345619565434,2.0,0.4833890863599446,0.3454018054020507,340.6085385495375,388.8231522974079,True,446.94538494748696,-1.8726175373946523,-0.005512498980001834,787.5539234970245,1.1110492214905754,0.004695824512450875,555.1125309281587,-1.4039770198784916,-0.0052941383697991395,943.9356832255665,0.5890581996368601,0.004829818812798536
case_000,3.285,5.171482102330856,14.972345005327362,2.0,0.4833890000423595,0.3454017721983883,340.60848565548713,388.82308965572884,True,446.9453623938082,-1.872617420835141,-0.005512500222349281,787.5538480492953,1.1110492519027344,0.0046958214472685444,555.1126130858161,-1.4039769781796154,-0.0052941353952475345,943.9357027415449,0.5890583034563517,0.004829819979580097
case_000,3.29,5.171481288473191,14.972344400231714,2.0,0.48338891500968295,0.3454017394889447,340.60843354908377,388.82302794677946,True,446.9453401755612,-1.872617306010117,-0.005512501446232887,787.553773724645,1.111049281861602,0.004695818427684573,555.1126940203947,-1.4039769371010957,-0.005294132464998935,943.9357219671741,0.5890584057300393,0.004829821128968792
case_000,3.295,5.171480486732899,14.972343804142419,2.0,0.48338883124283505,0.34540170726636454,340.60838221860234,388.82296715668394,True,446.9453182878223,-1.8726171928938473,-0.005512502651925488,787.5537005064247,1.1110493113739361,0.004695815453023056,555.1127737501799,-1.4039768966337838,-0.005294129578391316,943.9357409068639,0.589058506480938,0.004829822261227024
case_000,3.3000000000000003,5.171479696929705,14.972343216925418,2.0,0.48338874872301485,0.3454016755234016,340.60833165249204,388.8229072717736,True,446.9452967257377,-1.8726170814609795,-0.005512503839695759,787.5536283782297,1.1110493404464028,0.004695812522618248,555.1128522931838,-1.4039768567686641,-0.005294126734772309,943.9357595649574,0.5890586057317301,0.0048298233766134735
case_000,3.305,5.171478918885985,14.97234263844866,2.0,0.48338866743169623,0.3454016442529179,340.60828183937434,388.82284827857836,True,446.9452754845217,-1.8726169716865346,-0.005512505009808322,787.553557323896,1.111049369085574,0.004695809635814396,555.1129296671444,-1.4039768174968508,-0.005294123933499262,943.9357779457227,0.589058703504762,0.004829824475382827
case_000,3.31,5.171478152426711,14.972342068582051,2.0,0.48338858735062407,0.3454016134478813,340.60823276803575,388.8227901638181,True,446.945254559454,-1.8726168635458993,-0.005512506162523911,787.5534873274897,1.1110493972979247,0.004695806791965296,555.1130058895305,-1.4039767788095838,-0.005294121173939126,943.9357960533487,0.5890587998220465,0.004829825557785661
case_000,3.315,5.171477397379421,14.972341507197433,2.0,0.48338850846180986,0.3454015831013642,340.60818442742055,388.82273291441993,True,446.9452339458838,-1.8726167570148247,-0.005512507298099212,787.5534183733043,1.1110494250898355,0.0046958039904341775,555.1130809775401,-1.4039767406982269,-0.005294118455468455,943.93581389196,0.5890588947052765,0.004829826624068889
case_000,3.3200000000000003,5.171476653574204,14.972340954168562,2.0,0.48338843074752824,0.34540155320654226,340.6081368066464,388.8226765174877,True,446.9452136392202,-1.8726166520694139,-0.005512508416787298,787.5533504458666,1.111049452467598,0.004695801230593877,555.1131549481166,-1.4039767031542694,-0.0052941157774729075,943.9358314656043,0.5890589881758204,0.004829827674475373
case_000,3.325,5.171475920843629,14.97234040937106,2.0,0.48338835419031295,0.3454015237566925,340.608089894984,388.82262096033026,True,446.9451936349369,-1.8726165486861235,-0.005512509518837472,787.5532835299209,1.1110494794374073,0.004695798511826166,555.1132278179358,-1.4039766661693174,-0.005294113139347689,943.9358487782661,0.5890590802547329,0.004829828709244366
case_000,3.33,5.1714751990227406,14.972339872682422,2.0,0.48338827877295365,0.3454014947451919,340.6080436818603,388.8225662304309,True,446.9451739285731,-1.8726164468417539,-0.005512510604495258,787.5532176104334,1.1110495060053704,0.004695795833521976,555.1132996034257,-1.4039766297350997,-0.005294110540496888,943.9358658338566,0.5890591709627543,0.004829829728611179
case_000,3.335,5.171474487949025,14.972339343981947,2.0,0.48338820447849196,0.3454014661655159,340.60799815686477,388.82251231545956,True,446.94515451572664,-1.8726163465134469,-0.00551251167400274,787.5531526725914,1.1110495321775051,0.004695793195081233,555.1133703207626,-1.4039765938434616,-0.00529410798033364,943.9358826362221,0.589059260320318,0.004829830732807461
case_000,3.34,5.171473787462363,14.972338823150737,2.0,0.483388131290218,0.3454014380112374,340.6079533097353,388.8224592032783,True,446.94513539206,-1.872616247678679,-0.005512512727598284,787.5530887017953,1.1110495579597395,0.00469579059591263,555.1134399858744,-1.4039765584863608,-0.005294105458279963,943.9358991891527,0.5890593483475576,0.004829831722061473
case_000,3.345,5.171473097404999,14.972338310071665,2.0,0.4833880591916672,0.34540141027602445,340.60790913036425,388.8224068819144,True,446.9451165532907,-1.8726161503152547,-0.005512513765517035,787.5530256836549,1.1110495833579128,0.004695788035433357,555.1135086144483,-1.4039765236558739,-0.00529410297376659,943.9359154963627,0.5890594350643014,0.00482983269659748
case_000,3.35,5.171472417621513,14.97233780462935,2.0,0.4833879881666166,0.34540138295363937,340.60786560879257,388.8223553395776,True,446.9450979952001,-1.8726160544013064,-0.00551251478799053,787.5529636039927,1.111049608377778,0.004695785513069262,555.1135762219327,-1.403976489344187,-0.005294100526232859,943.9359315615103,0.5890595204900857,0.004829833656636362
case_000,3.355,5.171471747958777,14.972337306710118,2.0,0.48338791819908167,0.34540135603793737,340.6078227352085,388.8223045646554,True,446.94507971362304,-1.8726159599152832,-0.005512515795247197,787.5529024488316,1.1110496330249997,0.004695783028254352,555.1136428235361,-1.403976455543596,-0.005294098115126766,943.9359473881915,0.5890596046441557,0.004829834602395444
case_000,3.36,5.171471088265965,14.972336816201997,2.0,0.4833878492733134,0.3454013295228651,340.6077804999487,388.8222545457053,True,446.9450617044598,-1.872615866835955,-0.005512516787511856,787.5528422044085,1.1110496573051627,0.004695780580431241,555.1137084342433,-1.4039764222465099,-0.005294095739904414,943.9359629799486,0.58905968754547,0.004829835534088778
case_000,3.365,5.171470438394465,14.972336332994681,2.0,0.4833877813737942,0.3454013034024593,340.6077388934923,388.82220527145284,True,446.94504396366096,-1.8726157751423982,-0.005512517765006386,787.5527828571533,1.111049681223764,0.004695778169050424,555.1137730688066,-1.4039763894454438,-0.005294093400030342,943.9359783402595,0.589059769212704,0.0048298364519268056
case_000,3.37,5.1714697981978635,14.972335856979502,2.0,0.48338771448523576,0.34540127767084505,340.6076979064555,388.82215673079133,True,446.94502648723625,-1.8726156848139976,-0.005512518727949389,787.5527243936917,1.1110497047862131,0.004695775793570223,555.1138367417534,-1.4039763571330186,-0.005294091094977249,943.9359934725447,0.589059849664251,0.004829837356116584
case_000,3.375,5.171469167531968,14.972335388049405,2.0,0.48338764859257555,0.3454012523222353,340.6076575296043,388.82210891278623,True,446.9450092712537,-1.872615595830445,-0.005512519676556249,787.552666800858,1.111049727997849,0.004695773453457397,555.1138994673953,-1.403976325301964,-0.005294088824225662,943.9360083801815,0.5890599289182366,0.004829838246862284
case_000,3.38,5.171468546254682,14.972334926098945,2.0,0.4833875836809733,0.34540122735092893,340.60761775383673,388.82206180665673,True,446.9449923118316,-1.872615508171721,-0.005512520611039462,787.5526100656683,1.1110497508639199,0.004695771148186034,555.1139612598223,-1.40397629394511,-0.005294086587264213,943.936023066479,0.5890600069925075,0.004829839124364355
case_000,3.3850000000000002,5.171467934226068,14.972334471024226,2.0,0.48338751973580846,0.3454012027513098,340.6075785701828,388.8220154017861,True,446.94497560514924,-1.8726154218181117,-0.00551252153160825,787.552554175332,1.1110497733895965,0.0046957688772379935,555.1140221329174,-1.4039762630553945,-0.005294084383589082,943.9360375347035,0.5890600839046494,0.004829839988820417
case_000,3.39,5.171467331308243,14.972334022722913,2.0,0.48338745674267747,0.34540117851784496,340.60753996981754,388.8219696877187,True,446.9449591474335,-1.872615336750182,-0.005512522438469114,787.552499117251,1.1110497955799714,0.004695766640102794,555.1140821003461,-1.4039762326258518,-0.005294082212704332,943.9360517880648,0.5890601596719788,0.0048298408404247595
case_000,3.395,5.1714667373654155,14.97233358109419,2.0,0.4833873946873899,0.3454011546450842,340.6075019440361,388.82192465415403,True,446.9449429349748,-1.8726152529487954,-0.005512523331825225,787.5524448790109,1.111049817440061,0.004695764436277394,555.1141411755764,-1.4039762026496223,-0.005294080074121299,943.9360658297304,0.5890602343115604,0.004829841679368896
case_000,3.4,5.171466152263794,14.97233314603874,2.0,0.48338733355596636,0.3454011311276582,340.6074644842763,388.8218802909456,True,446.9449269641045,-1.8726151703950833,-0.005512524211877312,787.5523914483808,1.111049838974802,0.004695762265266079,555.1141993718674,-1.403976173119942,-0.005294077967358923,943.936079662813,0.5890603078401969,0.00482984250584112
case_000,3.4050000000000002,5.1714655758716,14.972332717458725,2.0,0.48338727333463494,0.3454011079602776,340.60742758209426,388.82183658809424,True,446.9449112312161,-1.872615089070466,-0.005512525078822883,787.5523388133104,1.1110498601890562,0.004695760126580351,555.1142567022816,-1.4039761440301473,-0.005294075891943362,943.9360932903759,0.5890603802744404,0.004829843320026728
case_000,3.41,5.171465008059036,14.972332295257765,2.0,0.4833872140098288,0.3454010851377319,340.6073912291789,388.8217935357619,True,446.9448957327545,-1.8726150089566367,-0.005512525932856616,787.5522869619334,1.1110498810876148,0.004695758019739094,555.1143131796864,-1.4039761153736727,-0.005294073847407876,943.9361067154483,0.5890604516305991,0.0048298441221085175
case_000,3.415,5.1714644486982255,14.972331879340906,2.0,0.4833871555681833,0.34540106265488796,340.60735541733993,388.82175112424295,True,446.9448804652111,-1.8726149300355548,-0.005512526774170634,787.552235882551,1.1110499016751887,0.00469575594426791,555.1143688167567,-1.4039760871440468,-0.005294071833292835,943.9361199409997,0.5890605219247315,0.0048298449122660125
case_000,3.42,5.171463897663218,14.972331469614625,2.0,0.48338709799653273,0.34540104050668907,340.6073201385118,388.8217093439895,True,446.9448654251338,-1.8726148522894515,-0.005512527602954065,787.5521855636456,1.1110499219564225,0.004695753899699617,555.1144236259736,-1.4039760593348938,-0.005294069849145655,943.9361329699631,0.5890605911726567,0.004829845690676182
case_000,3.4250000000000003,5.1714633548299584,14.972331065986777,2.0,0.48338704128190785,0.345401018688154,340.60728538475394,388.82166818559347,True,446.94485060911927,-1.8726147757008174,-0.00551252841939337,787.5521359938732,1.1110499419358884,0.004695751885573973,555.1144776196379,-1.4039760319399344,-0.00529406789452036,943.9361458052314,0.5890606593899601,0.004829846457513387
case_000,3.43,5.171462820076224,14.972330668366586,2.0,0.4833869854115333,0.3454009971943754,340.6072511482396,388.8216276397849,True,446.9448360138116,-1.8726147002524036,-0.005512529223672458,787.5520871620512,1.1110499616180851,0.0046957499014372295,555.114530809862,-1.4039760049529784,-0.005294065968977912,943.9361584496469,0.5890607265919882,0.0048298472129490455
case_000,3.435,5.171462293281648,14.972330276664641,2.0,0.4833869303728246,0.34540097602051917,340.6072174212624,388.82158769743694,True,446.94482163590834,-1.8726146259272187,-0.0055125300159724056,787.5520390571708,1.111049981007447,0.004695747946842577,555.1145832085789,-1.4039759783679278,-0.0052940640720858245,943.9361709060158,0.5890607927938603,0.0048298479571521336
case_000,3.44,5.1714617743276605,14.972329890792848,2.0,0.48338687615338505,0.345400955161823,340.6071841962308,388.8215483495601,True,446.9448074721567,-1.8726145527085243,-0.005512530796471626,787.5519916683875,1.1110500001083383,0.004695746021349756,555.1146348275472,-1.4039759521787791,-0.005294062203417993,943.9361831771073,0.5890608580104706,0.004829848690289185
case_000,3.4450000000000003,5.17146126309746,14.972329510664435,2.0,0.4833868227410038,0.3454009346135957,340.60715146566645,388.821509587292,True,446.94479351934774,-1.8726144805798277,-0.005512531565346146,787.5519449850142,1.1110500189250554,0.004695744124524892,555.1146856783495,-1.4039759263796145,-0.005294060362554809,943.9361952656415,0.5890609222564859,0.004829849412523901
case_000,3.45,5.171460759476019,14.972329136193913,2.0,0.48338677012365266,0.3454009143712158,340.6071192222071,388.82147140191523,True,446.9447797743269,-1.872614409524884,-0.005512532322769159,787.551898996534,1.1110500374618342,0.004695742255940827,555.1147357723953,-1.4039759009646064,-0.005294058549082936,943.9362071743105,0.5890609855463588,0.004829850124017876
case_000,3.455,5.171460263349994,14.972328767297073,2.0,0.48338671828948326,0.34540089443013056,340.6070874585975,388.82143378483397,True,446.944766233979,-1.8726143395276893,-0.00551253306891164,787.5518536925765,1.1110500557228382,0.0046957404151763416,555.1147851209238,-1.4039758759280128,-0.005294056762595312,943.9362189057578,0.5890610478943187,0.004829850824929927
case_000,3.46,5.1714597746077775,14.97232840389095,2.0,0.4833866672268251,0.3454008747858552,340.6070561676919,388.8213967275866,True,446.9447528952429,-1.8726142705724778,-0.005512533803941788,787.5518090629348,1.111050073712174,0.004695738601816768,555.1148337350116,-1.4039758512641791,-0.005294055002690812,943.9362304625982,0.5890611093143884,0.0048298515154168165
case_000,3.465,5.171459293139433,14.972328045893825,2.0,0.4833866169241824,0.34540085543397153,340.6070253424536,388.82136022183886,True,446.9447397551036,-1.8726142026437231,-0.0055125345280253035,787.5517650975572,1.1110500914338857,0.004695736815453655,555.1148816255701,-1.403975826967536,-0.005294053268974364,943.936241847409,0.5890611698203795,0.004829852195632922
case_000,3.47,5.1714588188366415,14.972327693225186,2.0,0.4833865673702315,0.3454008363701273,340.60699497595084,388.821324259374,True,446.9447268105843,-1.8726141357261246,-0.005512535241325778,787.5517217865352,1.111050108891951,0.004695735055684325,555.1149288033486,-1.4039758030325982,-0.005294051561056834,943.9362530627226,0.5890612294258928,0.0048298528657300666
case_000,3.475,5.1714583515927295,14.972327345805725,2.0,0.48338651855381887,0.34540081759003505,340.6069650613534,388.8212888321061,True,446.9447140587619,-1.8726140698046134,-0.005512535944004027,787.5516791201153,1.1110501260902916,0.0046957333221123165,555.1149752789372,-1.403975779453961,-0.005294049878554863,943.9362641110433,0.5890612881443295,0.004829853525858074
case_000,3.48,5.171457891302605,14.97232700355731,2.0,0.48338647046395783,0.3454007990894709,340.60693559193714,388.8212539320689,True,446.944701496751,-1.8726140048643447,-0.005512536636218757,787.5516370886882,1.111050143032767,0.0046957316143469985,555.1150210627699,-1.4039757562263036,-0.005294048221090808,943.9362749948388,0.5890613459888887,0.004829854176164494
case_000,3.485,5.171457437862773,14.972326666402978,2.0,0.48338642308982654,0.34540078086427434,340.6069065610795,388.8212195514177,True,446.9446891217148,-1.8726139408906963,-0.005512537318126121,787.5515956827943,1.1110501597231834,0.004695729932003734,555.1150661651274,-1.4039757333443832,-0.0052940465882926335,943.9362857165451,0.5890614029725755,0.004829854816794821
case_000,3.49,5.171456991171265,14.972326334266906,2.0,0.4833863764207655,0.3454007629103464,340.6068779622493,388.8211856824182,True,446.944676930858,-1.8726138778692654,-0.005512537989880051,787.5515548931073,1.111050176165282,0.004695728274703326,555.1151105961395,-1.40397571080304,-0.005294044979793799,943.9362962785577,0.5890614591081966,0.004829855447892217
case_000,3.495,5.171456551127658,14.972326007074404,2.0,0.48338633044627466,0.3454007452236493,340.60684978902196,388.8211523174566,True,446.9446649214287,-1.8726138157858625,-0.005512538651632148,787.5515147104506,1.111050192362756,0.004695726642072573,555.1151543657871,-1.4039756885971895,-0.0052940433952332056,943.9363066832437,0.5890615144083705,0.004829856069597904
case_000,3.5,5.171456117633008,14.972325684751883,2.0,0.48338628515601145,0.3454007278002053,340.60682203506457,388.8211194490357,True,446.9446530907164,-1.8726137546265134,-0.005512539303531738,787.5514751257809,1.1110502083192366,0.0046957250337436585,555.1151974839001,-1.4039756667218246,-0.005294041834255192,943.9363169329358,0.589061568885526,0.0048298566820509925
case_000,3.505,5.1714556905898705,14.972325367226867,2.0,0.4833862405397885,0.345400710636096,340.60679469414157,388.82108706976646,True,446.94464143605256,-1.8726136943774527,-0.005512539945725925,787.5514361301941,1.1110502240383064,0.0046957234493544275,555.115239960169,-1.4039756451720167,-0.005294040296509206,943.9363270299355,0.5890616225519089,0.00482985728538865
case_000,3.5100000000000002,5.171455269902229,14.972325054427946,2.0,0.4833861965875707,0.3454006937274613,340.60676776010524,388.82105517236846,True,446.9446299548072,-1.8726136350251168,-0.005512540578359704,787.5513977149125,1.1110502395234865,0.0046957218885478325,555.1152818041351,-1.4039756239429058,-0.005294038781650134,943.9363369765035,0.5890616754195764,0.004829857879745769
case_000,3.515,5.171454855475537,14.972324746284777,2.0,0.4833861532894737,0.34540067707049854,340.6067412269071,388.82102374967656,True,446.94461864439387,-1.8726135765561511,-0.005512541201575738,787.551359871301,1.1110502547782537,0.004695720350972599,555.1153230252057,-1.4039756030297137,-0.005294037289337694,943.9363467748823,0.5890617275004143,0.0048298584652556875
case_000,3.52,5.171454447216631,14.972324442728059,2.0,0.48338611063576054,0.34540066066146163,340.60671508858314,388.8209927946268,True,446.94460750226295,-1.8726135189573967,-0.005512541815514693,787.5513225908461,1.1110502698060283,0.004695718836282392,555.1153636326434,-1.403975582427728,-0.005294035819236875,943.9363564272702,0.5890617788061245,0.004829859042049467
case_000,3.525,5.1714540450337605,14.972324143689532,2.0,0.4833860686168404,0.34540064449666047,340.60668933926127,388.8209623002639,True,446.94459652590695,-1.8726134622158954,-0.005512542420314959,787.5512858651682,1.111050284610182,0.004695717344136319,555.1154036355808,-1.4039755621323116,-0.0052940343710173865,943.9363659358447,0.5890618293482404,0.004829859610256559
case_000,3.5300000000000002,5.171453648836506,14.972323849101944,2.0,0.4833860272232657,0.3454006285724597,340.6066639731536,388.82093225973426,True,446.94458571285173,-1.8726134063188793,-0.005512543016113036,787.5512496860053,1.1110502991940316,0.0046957158741982585,555.1154430430074,-1.4039755421388953,-0.005294032944354099,943.9363753027417,0.589061879138118,0.0048298601700041965
case_000,3.535,5.171453258535851,14.972323558899046,2.0,0.48338598644573016,0.3454006128852781,340.606638984564,388.8209026662872,True,446.9445750606682,-1.8726133512537755,-0.005512543603043096,787.5512140452322,1.111050313560854,0.004695714426137643,555.115481863789,-1.4039755224429806,-0.00529403153892638,943.9363845300762,0.5890619281869488,0.004829860721418111
case_000,3.54,5.17145287404406,14.972323273015574,2.0,0.4833859462750669,0.3454005974315878,340.6066143678757,388.8208735132764,True,446.9445645669577,-1.8726132970081977,-0.005512544181237533,787.5511789348334,1.1110503277138686,0.004695712999628399,555.115520106654,-1.4039755030401373,-0.005294030154418539,943.9363936199304,0.589061976505757,0.004829861264622093
case_000,3.545,5.171452495274705,14.972322991387239,2.0,0.4833859067022456,0.3454005822079135,340.60659011755865,388.82084479414436,True,446.94455422935744,-1.8726132435699407,-0.005512544750826798,787.5511443469161,1.1110503416562485,0.00469571159434945,555.1155577802034,-1.4039754839260004,-0.005294028790519545,943.9364025743478,0.5890620241053989,0.004829861799737878
case_000,3.5500000000000003,5.171452122142683,14.972322713950708,2.0,0.4833858677183712,0.3454005672108315,340.6065662281639,388.8208165024438,True,446.94454404554875,-1.8726131909269907,-0.00551254531193901,787.5511102737127,1.1110503553911257,0.004695710209984771,555.1155948929139,-1.4039754650962732,-0.005294027446922811,943.9364113953577,0.5890620709965773,0.004829862326885925
case_000,3.555,5.171451754564127,14.972322440643588,2.0,0.4833858293146809,0.34540055243696927,340.6065426943234,388.820788631813,True,446.9445340132409,-1.8726131390675071,-0.00551254586470068,787.5510767075643,1.11105036892158,0.004695708846222835,555.1156314531341,-1.4039754465467225,-0.005294026123326412,943.9364200849471,0.5890621171898277,0.0048298628461845294
case_000,3.56,5.17145139245642,14.972322171404418,2.0,0.4833857914825431,0.3454005378830043,340.6065195107511,388.8207611759925,True,446.9445241301793,-1.8726130879798284,-0.0055125464092363186,787.5510436409304,1.1110503822506488,0.004695707502756885,555.1156674690889,-1.4039754282731787,-0.005294024819432863,943.9364286450814,0.5890621626955351,0.004829863357750486
case_000,3.565,5.171451035738176,14.972321906172647,2.0,0.4833857542134548,0.34540052354566364,340.6064966722351,388.82073412880925,True,446.94451439414416,-1.872613037652467,-0.0055125469456685505,787.5510110663793,1.1110503953813224,0.004695706179284664,555.1157029488834,-1.4039754102715358,-0.005294023534949011,943.9364370776926,0.5890622075239268,0.004829863861698758
case_000,3.5700000000000003,5.171450684329233,14.97232164488863,2.0,0.4833857174990398,0.345400509421723,340.60647417364453,388.82070748419096,True,446.9445048029511,-1.872612988074109,-0.005512547474118057,787.5509789765956,1.1110504083165496,0.004695704875508633,555.1157379005011,-1.4039753925377496,-0.005294022269586085,943.9364453846921,0.5890622516850815,0.004829864358142866
case_000,3.575,5.171450338150599,14.97232138749361,2.0,0.4833856813310465,0.3454004955080062,340.60645200992155,388.8206812361435,True,446.9444953544469,-1.872612939233607,-0.005512547994703798,787.5509473643684,1.111050421059234,0.004695703591135525,555.1157723318078,-1.403975375067836,-0.005294021023059592,943.9364535679513,0.589062295188924,0.004829864847194332
case_000,3.58,5.17144999712447,14.972321133929698,2.0,0.4833856457013464,0.3454004818013842,340.60643017608885,388.82065537877054,True,446.9444860465082,-1.8726128911199802,-0.005512548507543014,787.550916222597,1.1110504336122369,0.004695702325876572,555.1158062505526,-1.4039753578578713,-0.0052940197950892,943.9364616293232,0.5890623380452336,0.00482986532896329
case_000,3.585,5.171449661174183,14.972320884139874,2.0,0.48338561060193197,0.3454004682987746,340.6064086672358,388.8206299062608,True,446.9444768770483,-1.8726128437224137,-0.005512549012751,787.5508855442841,1.1110504459783752,0.004695701079447223,555.115839664368,-1.4039753409039897,-0.0052940185853987964,943.9364695706288,0.5890623802636454,0.004829865803558153
case_000,3.59,5.171449330224242,14.972320638067963,2.0,0.48338557602491494,0.3454004549971409,340.6063874785323,388.8206048128891,True,446.9444678440096,-1.8726127970302524,-0.005512549510441389,787.5508553225419,1.1110504581604321,0.004695699851567425,555.1158725807776,-1.4039753242023856,-0.0052940173937162105,943.9364773936667,0.5890624218536522,0.004829866271085892
case_000,3.595,5.171449004200243,14.972320395658627,2.0,0.48338554196252415,0.34540044189349184,340.6063666052117,388.8205800930158,True,446.94445894536597,-1.8726127510330026,-0.005512550000726091,787.5508255505777,1.1110504701611403,0.00469569864196101,555.1159050071886,-1.4039753077493082,-0.005294016219773434,943.9364851002044,0.5890624628246033,0.004829866731651755
case_000,3.6,5.171448683028911,14.972320156857352,2.0,0.4833855084071044,0.3454004289848805,340.6063460425835,388.82055574108574,True,446.9444501791213,-1.872612705720323,-0.0055125504837153505,787.5507962217048,1.1110504819831977,0.00469569745035614,555.1159369509018,-1.4039752915410637,-0.005294015063306345,943.9364926919875,0.589062503185712,0.004829867185359604
case_000,3.605,5.171448366638024,14.972319921610437,2.0,0.48338547535111387,0.345400416268404,340.60632578602633,388.82053175162287,True,446.9444415433071,-1.8726126610820297,-0.0055125509595178035,787.5507673293334,1.111050493629261,0.0046956962764849175,555.1159684191036,-1.403975275574012,-0.0052940139240548745,943.9365001707265,0.5890625429460508,0.004829867632311469
case_000,3.61,5.171448054956472,14.972319689864975,2.0,0.48338544278712314,0.34540040374120257,340.6063058309848,388.820508119236,True,446.9444330359889,-1.8726126171080892,-0.005512551428240309,787.5507388669737,1.1110505051019475,0.004695695120083554,555.1159994188798,-1.4039752598445694,-0.005294012801762615,943.9365075381158,0.5890625821145619,0.004829868072608212
case_000,3.615,5.171447747914181,14.97231946156885,2.0,0.48338541070781327,0.3454003914004591,340.60628617297544,388.82048483861126,True,446.9444246552576,-1.8726125737886192,-0.005512551889988226,787.550710828233,1.111050516403838,0.004695693980892202,555.1160299572086,-1.4039752443492048,-0.005294011696177048,943.9365147958199,0.5890626207000522,0.004829868506349033
case_000,3.62,5.171447445442126,14.972319236670721,2.0,0.4833853791059736,0.34540037924339834,340.6062668075765,388.8204619045134,True,446.9444163992348,-1.872612531113883,-0.005512552344865251,787.5506832068113,1.1110505275374738,0.004695692858654843,555.1160600409663,-1.40397522908444,-0.005294010607049315,943.9365219454797,0.5890626587111993,0.004829868933631742
case_000,3.625,5.171447147472287,14.972319015120014,2.0,0.48338534797450117,0.3454003672672863,340.60624773043406,388.82043931178976,True,446.9444082660661,-1.8726124890742886,-0.005512552792973691,787.5506559965002,1.1110505385053577,0.00469569175311918,555.1160896769193,-1.403975214046847,-0.005294009534134503,943.936528988709,0.5890626961565512,0.004829869354552596
case_000,3.63,5.171446853937672,14.972318796866904,2.0,0.48338531730639783,0.34540035546942977,340.60622893725764,388.8204170553611,True,446.9444002539289,-1.8726124476603858,-0.00551255323441413,787.5506291911865,1.1110505493099556,0.0046956906640368,555.1161188717399,-1.4039751992330494,-0.005294008477191081,943.936535927101,0.5890627330445289,0.004829869769206574
case_000,3.6350000000000002,5.171446564772283,14.972318581862313,2.0,0.48338528709476997,0.3454003438471756,340.60621042382115,388.8203951302164,True,446.9443923610263,-1.8726124068628702,-0.0055125536692857136,787.5506027848475,1.1110505599537004,0.00469568959116301,555.1161476320023,-1.4039751846397233,-0.0052940074359811296,943.9365427622187,0.5890627693834283,0.004829870177687046
case_000,3.64,5.171446279911093,14.97231837005788,2.0,0.48338525733282606,0.3454003323979101,340.60619218596474,388.82037353143255,True,446.9443845855853,-1.8726123666725674,-0.005512554097686195,787.55057677155,1.1110505704389857,0.004695688534256726,555.1161759641765,-1.4039751702635899,-0.005294006410270391,943.936549495609,0.5890628051814228,0.004829870580086215
case_000,3.645,5.171445999290037,14.972318161405983,2.0,0.4833852280138752,0.3454003211190585,340.6061742195824,388.8203522541487,True,446.94437692586314,-1.8726123270804476,-0.005512554519711721,787.5505511454455,1.1110505807681696,0.004695687493080358,555.1162038746369,-1.403975156101421,-0.005294005399828106,943.9365561287856,0.5890628404465621,0.004829870976494621
case_000,3.65,5.171445722846026,14.972317955859694,2.0,0.4833851991313261,0.34540031000808435,340.606156520636,388.8203312935801,True,446.94436938014144,-1.8726122880776104,-0.005512554935457048,787.5505259007774,1.1110505909435788,0.00469568646740004,555.1162313696701,-1.4039751421500395,-0.005294004404426678,943.9365626632502,0.5890628751867801,0.004829871367001803
case_000,3.6550000000000002,5.171445450516865,14.97231775337279,2.0,0.4833851706786853,0.3454002990624889,340.60613908514347,388.820310645016,True,446.94436194672403,-1.8726122496552884,-0.005512555345015657,787.5505010318675,1.111050600967501,0.004695685456985121,555.1162584554563,-1.4039751284063071,-0.005294003423842342,943.9365691004723,0.5890629094098887,0.004829871751695636
case_000,3.66,5.171445182241341,14.972317553899735,2.0,0.4833851426495555,0.34540028827981073,340.60612190918425,388.82029030380784,True,446.94435462394745,-1.872612211804847,-0.005512555748479309,787.5504765331317,1.1110506108421954,0.0046956844616087845,555.116285138099,-1.4039751148671413,-0.005294002457854108,943.9365754419068,0.5890629431235888,0.004829872130662993
case_000,3.665,5.171444917959098,14.972317357395667,2.0,0.48338511503763454,0.3454002776576249,340.60610498889406,388.8202702653854,True,446.9443474101641,-1.8726121745177768,-0.005512556145938763,787.5504523990581,1.1110506205698814,0.004695683481047153,555.1163114235956,-1.4039751015295,-0.0052940015062448165,943.9365816889809,0.5890629763354613,0.0048298725039891965
case_000,3.67,5.171444657610693,14.972317163816403,2.0,0.4833850878367137,0.3454002671935425,340.6060883204667,388.8202505252352,True,446.9443403037541,-1.8726121377856948,-0.005512556537483282,787.5504286242208,1.1110506301527499,0.0046956825150798465,555.1163373178634,-1.4039750883903852,-0.0052940005688001945,943.9365878430987,0.5890630090529763,0.0048298728717582895
case_000,3.6750000000000003,5.171444401137586,14.9723169731184,2.0,0.4833850610406766,0.3454002568852105,340.6060719001544,388.82023107892405,True,446.944333303124,-1.8726121016003456,-0.005512556923200684,787.5504052032784,1.1110506395929598,0.0046956815634899285,555.116362826729,-1.4039750754468472,-0.005293999645309244,943.936593905653,0.5890630412834966,0.004829873234053372
case_000,3.68,5.171444148482067,14.972316785258778,2.0,0.4833850346434972,0.34540024673031056,340.60605572426357,388.82021192207435,True,446.9443264066981,-1.8726120659535912,-0.005512557303177734,787.5503821309617,1.111050648892635,0.004695680626063403,555.1163879559267,-1.403975062695975,-0.005293998735564298,943.9365998780011,0.589063073034269,0.004829873590955824
case_000,3.685,5.171443899587331,14.97231660019529,2.0,0.48338500863923967,0.34540023672655895,340.6060397891508,388.820193050376,True,446.94431961293265,-1.8726120308374221,-0.0055125576774995855,787.5503594020835,1.1110506580538684,0.004695679702589606,555.116412711115,-1.4039750501349062,-0.005293997839360465,943.936605761491,0.5890631043124371,0.004829873942546192
case_000,3.69,5.171443654397375,14.972316417886317,2.0,0.4833849830220558,0.345400226871706,340.6060240912359,388.82017445958513,True,446.9443129202964,-1.8726119962439398,-0.005512558046250449,787.5503370115323,1.1110506670787232,0.00469567879286098,555.1164370978591,-1.4039750377608156,-0.005293996956496183,943.9366115574443,0.5890631351250363,0.0048298742889035795
case_000,3.6950000000000003,5.171443412857058,14.97231623829086,2.0,0.483384957786184,0.34540021716353536,340.6060086269854,388.8201561455203,True,446.9443063272877,-1.872611962165367,-0.005512558409513091,787.5503149542731,1.111050675969232,0.004695677896673023,555.1164611216465,-1.4039750255709225,-0.005293996086772723,943.9366172671668,0.5890631654789994,0.00482987463010609
case_000,3.7,5.1714431749120315,14.972316061368533,2.0,0.48338493292594903,0.34540020759986384,340.6059933929223,388.8201381040591,True,446.94429983242276,-1.8726119285940428,-0.005512558767369169,787.5502932253451,1.111050684727396,0.004695677013824284,555.1164847878784,-1.4039750135624869,-0.005293995229994464,943.9366228919375,0.5890631953811518,0.004829874966230385
case_000,3.705,5.1714429405088,14.972315887079544,2.0,0.4833849084357594,0.3454001981785407,340.6059783856161,388.82012033114734,True,446.9442934342464,-1.8726118955224185,-0.005512559119898897,787.5502718198625,1.1110506933551871,0.0046956761441163675,555.1165081018798,-1.403975001732809,-0.005293994385968559,943.9366284330272,0.5890632248382227,0.0048298752973523484
case_000,3.71,5.171442709594614,14.972315715384703,2.0,0.48338488431010684,0.345400188897447,340.6059636016932,388.8201028227852,True,446.9442871313167,-1.8726118629430575,-0.005512559467181599,787.5502507330099,1.1110507018545477,0.004695675287353707,555.1165310688925,-1.4039749900792293,-0.005293993554505161,943.9366338916777,0.5890632538568373,0.00482987562354642
case_000,3.715,5.171442482117535,14.972315546245394,2.0,0.48338486054356483,0.3454001797544957,340.6059490378277,388.8200855750308,True,446.94428092221597,-1.872611830848632,-0.005512559809295325,787.5502299600437,1.111050710227391,0.004695674443343678,555.1165536940834,-1.403974978599127,-0.005293992735417141,943.9366392691143,0.5890632824435235,0.004829875944885986
case_000,3.72,5.1714422580263895,14.97231537962358,2.0,0.4833848371307877,0.3454001707476306,340.6059346907415,388.8200685840077,True,446.94427480554873,-1.8726117992319262,-0.005512560146316903,787.5502094962902,1.1110507184756013,0.004695673611896489,555.116575982538,-1.4039749672899207,-0.005293991928520314,943.9366445665457,0.5890633106047111,0.004829876261443378
case_000,3.725,5.1714420372707774,14.972315215481796,2.0,0.483384814066509,0.34540016187482614,340.60592055720576,388.82005184588877,True,446.9442687799411,-1.8726117680858316,-0.005512560478321993,787.5501893371469,1.111050726601036,0.004695672792825234,555.1165979392706,-1.4039749561490664,-0.0052939911336331025,943.9366497851594,0.5890633383467347,0.00482987657328976
case_000,3.73,5.171441819801035,14.972315053783124,2.0,0.48338479134554074,0.34540015313408684,340.60590663404474,388.82003535691547,True,446.9442628440352,-1.8726117374033413,-0.005512560805385314,787.55016947808,1.1110507346055252,0.004695671985945782,555.1166195692155,-1.4039749451740577,-0.0052939903505767605,943.9366549261309,0.5890633656758362,0.0048298768804954095
case_000,3.735,5.171441605568239,14.9723148944912,2.0,0.48338476896277205,0.34540014452344703,340.60589291812414,388.82001911337363,True,446.94425699649685,-1.8726117071775559,-0.005512561127580307,787.550149914621,1.1110507424908693,0.004695671191076667,555.1166408772381,-1.4039749343624266,-0.005293989579175096,943.9366599906117,0.5890633925981609,0.0048298771831293275
case_000,3.74,5.171441394524204,14.972314737570205,2.0,0.48338474691316813,0.34540013604097025,340.6058794063571,388.82000311161084,True,446.9442512360115,-1.8726116774016788,-0.005512561444979358,787.5501306423686,1.1110507502588443,0.004695670408039143,555.1166618681285,-1.4039749237117407,-0.005293988819254636,943.9366649797394,0.5890634191197662,0.004829877481259626
case_000,3.745,5.171441186621459,14.972314582984845,2.0,0.4833847251917688,0.34540012768474887,340.60586609570703,388.8199873480253,True,446.94424556128035,-1.872611648069011,-0.005512561757653911,787.5501116569874,1.1110507579111972,0.004695669636657129,555.1166825466078,-1.4039749132196047,-0.0052939880706444065,943.936669894633,0.589063445246617,0.004829877774953306
case_000,3.75,5.171440981813231,14.97231443070036,2.0,0.4833847037936881,0.34540011945290366,340.6058529831776,388.819971819073,True,446.9442399710285,-1.872611619172956,-0.005512562065674187,787.5500929542061,1.1110507654496515,0.004695668876757153,555.1167029173232,-1.4039749028836561,-0.005293987333176098,943.9366747363962,0.5890634709845898,0.004829878064276427
case_000,3.755,5.171440780053449,14.9723142806825,2.0,0.4833846827141124,0.34540011134358334,340.60584006581786,388.8199565212608,True,446.9442344639969,-1.8726115907070142,-0.005512562369109464,787.5500745298148,1.1110507728759011,0.00469566812816824,555.1167229848535,-1.4039748927015698,-0.005293986606683898,943.9366795061143,0.5890634963394741,0.004829878349293992
case_000,3.7600000000000002,5.1714405812967374,14.972314132897534,2.0,0.4833846619482999,0.34540010335496424,340.60582734072494,388.8199414511456,True,446.94422903894616,-1.872611562664784,-0.005512562668027965,787.5500563796711,1.111050780191621,0.004695667390722136,555.1167427537131,-1.4039748826710556,-0.005293985891004327,943.9366842048587,0.5890635213169724,0.004829878630070117
case_000,3.765,5.171440385498389,14.972313987312221,2.0,0.4833846414915793,0.3454000954852497,340.60581480503197,388.8199266053383,True,446.9442236946578,-1.8726115350399586,-0.005512562962496803,787.5500384996898,1.111050787398454,0.004695666664252918,555.116762228346,-1.403974872789856,-0.0052939851859764575,943.9366888336843,0.5890635459227035,0.004829878906667917
case_000,3.77,5.171440192614355,14.972313843893822,2.0,0.48338462133934895,0.3454000877326699,340.60580245592644,388.8199119804999,True,446.9442184299244,-1.8726115078263212,-0.00551256325258237,787.5500208858508,1.1110507944980241,0.004695665948597272,555.1167814131285,-1.4039748630557471,-0.0052939844914418055,943.9366933936284,0.5890635701622008,0.00482987917914951
case_000,3.775,5.171440002601256,14.972313702610087,2.0,0.48338460148707574,0.3454000800954814,340.60579029062353,388.8198975733425,True,446.9442132435645,-1.8726114810177539,-0.0055125635383497795,787.550003534188,1.1110508014919265,0.004695665243594105,555.1168003123745,-1.4039748534665386,-0.0052939838072441625,943.936697885717,0.5890635940409167,0.004829879447576235
case_000,3.7800000000000002,5.171439815416347,14.972313563429243,2.0,0.4833845819302939,0.34540007257196664,340.60577830639124,388.8198833806217,True,446.9442081344084,-1.8726114546082244,-0.00551256381986337,787.5499864407997,1.1110508083817356,0.0046956645490849325,555.1168189303323,-1.4039748440200719,-0.005293983133229707,943.936702310954,0.5890636175642205,0.004829879712008267
case_000,3.785,5.171439631017531,14.972313426319989,2.0,0.4833845626646041,0.34540006516043364,340.6057665005322,388.81986939914714,True,446.94420310130744,-1.8726114285917936,-0.005512564097186423,787.5499696018396,1.111050815169001,0.004695663864913491,555.1168372711883,-1.4039748347142222,-0.0052939824692468385,943.9367066703354,0.589063640737404,0.004829879972505113
case_000,3.79,5.17143944936332,14.97231329125149,2.0,0.48338454368567296,0.3454000578592157,340.60575487039114,388.8198556257744,True,446.94419814312675,-1.8726114029626078,-0.00551256437038139,787.5499530135179,1.1110508218552482,0.004695663190925847,555.1168553390622,-1.4039748255468938,-0.005293981815146398,943.9367109648366,0.5890636635656773,0.004829880229125227
case_000,3.795,5.171439270412881,14.972313158193371,2.0,0.4833845249892311,0.34540005066667073,340.6057434133519,388.8198420574047,True,446.94419325875265,-1.8726113777149034,-0.0055125646395096095,787.5499366721045,1.1110508284419829,0.004695662526970457,555.1168731380216,-1.403974816516025,-0.005293981170781115,943.9367151954262,0.5890636860541764,0.004829880481926396
case_000,3.8000000000000003,5.171439094125951,14.972313027115714,2.0,0.48338450657107307,0.3454000435811813,340.6057321268396,388.8198286909882,True,446.94418844708446,-1.8726113528430008,-0.0055125649046317005,787.549920573924,1.1110508349306873,0.004695661872897994,555.116890672063,-1.4039748076195828,-0.005293980536006271,943.9367193630512,0.5890637082079576,0.004829880730965352
case_000,3.805,5.171438920462883,14.972312897989035,2.0,0.4833844884270561,0.34540003660115387,340.6057210083135,388.81981552351544,True,446.9441837070392,-1.8726113283413057,-0.005512565165807282,787.5499047153527,1.1110508413228175,0.004695661228561243,555.1169079451307,-1.403974798855565,-0.005293979910679092,943.9367234686462,0.5890637300320029,0.0048298809762979955
case_000,3.81,5.1714387493846194,14.9723127707843,2.0,0.4833844705530991,0.34540002972501865,340.60571005527544,388.8198025520246,True,446.94417903754817,-1.8726113042043047,-0.005512565423095195,787.5498890928236,1.1110508476198127,0.004695660593815265,555.1169249611079,-1.4039747902219997,-0.005293979294658968,943.9367275131325,0.5890637515312199,0.004829881217979448
case_000,3.815,5.171438580852685,14.9723126454729,2.0,0.4833844529451814,0.34540002295122935,340.6056992652597,388.8197897736037,True,446.9441744375627,-1.8726112804265702,-0.005512565676553227,787.5498737028224,1.1110508538230883,0.004695659968517285,555.1169417238184,-1.4039747817169437,-0.005293978687807455,943.9367314974221,0.5890637727104449,0.004829881456064111
case_000,3.8200000000000003,5.171438414829172,14.972312522026655,2.0,0.4833844355993428,0.34540001627826267,340.60568863584047,388.8197771853753,True,446.94416990604634,-1.8726112570027535,-0.005512565926238444,787.5498585418868,1.1110508599340394,0.004695659352526638,555.1169582370298,-1.4039747733384822,-0.0052939780899881606,943.9367354224051,0.5890637935744386,0.004829881690605331
case_000,3.825,5.171438251276755,14.972312400417806,2.0,0.4833844185116819,0.34540000970461776,340.60567816462793,388.81976478450815,True,446.94416544197946,-1.8726112339275867,-0.005512566172207023,787.5498436066074,1.1110508659540401,0.004695658745704767,555.1169745044593,-1.4039747650847316,-0.005293977501066527,943.9367392889675,0.5890638141278954,0.004829881921655954
case_000,3.83,5.171438090158644,14.972312280619,2.0,0.48338440167835534,0.34540000322881637,340.6056678492689,388.81975256821363,True,446.9441610443571,-1.8726112111958773,-0.005512566414514308,787.549828893626,1.1110508718844456,0.004695658147915227,555.1169905297608,-1.403974756953834,-0.0052939769209102705,943.9367430979744,0.5890638343754347,0.004829882149267772
case_000,3.835,5.171437931438621,14.9723121626033,2.0,0.48338438509557724,0.3453999968494022,340.60565768744044,388.819740533743,True,446.9441567121915,-1.8726111888025145,-0.005512566653214757,787.5498143996319,1.111050877726588,0.004695657559023514,555.117006316541,-1.403974748943961,-0.005293976349388829,943.9367468502841,0.5890638543216118,0.004829882373492023
case_000,3.84,5.171437775080962,14.972312046344166,2.0,0.48338436875961766,0.3453999905649406,340.60564767685827,388.8197286783966,True,446.944152444504,-1.87261116674246,-0.005512566888362214,787.5498001213623,1.1110508834817776,0.0046956569788970115,555.1170218683416,-1.4039747410533063,-0.005293975786373972,943.9367505467382,0.5890638739709105,0.004829882594378998
case_000,3.845,5.17143762105053,14.972311931815451,2.0,0.4833843526668029,0.34539998437401814,340.6056378152717,388.8197169995002,True,446.9441482403375,-1.8726111450107532,-0.005512567120009471,787.5497860556092,1.1110508891513127,0.00469565640740538,555.1170371886674,-1.4039747332800996,-0.005293975231738857,943.9367541881676,0.5890638933277506,0.004829882811978381
case_000,3.85,5.17143746931268,14.972311818991399,2.0,0.48338433681351356,0.34539997827524266,340.6056281004643,388.81970549443065,True,446.9441440987446,-1.872611123602504,-0.005512567348208708,787.5497721992089,1.1110508947364661,0.004695655844420055,555.1170522809592,-1.4039747256225892,-0.005293974685358915,943.9367577753899,0.589063912396483,0.004829883026339021
case_000,3.855,5.171437319833286,14.97231170784664,2.0,0.4833843211961842,0.3453999722672426,340.6056185302514,388.8196941606035,True,446.9441400187927,-1.8726111025128984,-0.005512567573011273,787.5497585490441,1.1110509002384936,0.00469565528981436,555.1170671486104,-1.4039747180790527,-0.005293974147111302,943.9367613092139,0.5890639311813977,0.004829883237509158
case_000,3.86,5.1714371725787345,14.972311598356177,2.0,0.4833843058113027,0.3453999663486668,340.60560910247904,388.8196829954659,True,446.94413599956516,-1.8726110817371928,-0.005512567794467738,787.5497451020442,1.1110509056586304,0.0046956547434635065,555.1170817949645,-1.4039747106477936,-0.005293973616875003,943.9367647904304,0.5890639496867165,0.004829883445536143
case_000,3.865,5.1714370275159105,14.972311490495388,2.0,0.4833842906554091,0.34539996051818433,340.60559981502917,388.81967199651,True,446.9441320401564,-1.8726110612707143,-0.00551256801262795,787.5497318551855,1.1110509109980975,0.004695654205244648,555.1170962233155,-1.4039747033271393,-0.0052939730945307795,943.9367682198255,0.5890639679166028,0.004829883650466826
case_000,3.87,5.1714368846121985,14.972311384240017,2.0,0.4833842757250952,0.3453999547744839,340.60559066581294,388.81966116126216,True,446.9441281396767,-1.8726110411088606,-0.0055125682275409815,787.5497188054896,1.1110509162580933,0.004695653675036715,555.1171104369067,-1.4039746961154442,-0.005293972579961226,943.9367715981689,0.5890639858751542,0.004829883852347228
case_000,3.875,5.171436743835466,14.972311279566165,2.0,0.483384261017003,0.34539994911627386,340.6055816527723,388.819650487284,True,446.94412429724974,-1.8726110212470972,-0.005512568439255128,787.549705950022,1.1110509214398017,0.004695653152720469,555.1171244389373,-1.4039746890110867,-0.005293972073050546,943.9367749262212,0.5890640035664104,0.004829884051222755
case_000,3.88,5.17143660515406,14.9723111764503,2.0,0.48338424652782536,0.3453999435422817,340.6055727738807,388.81963997217633,True,446.94412051201164,-1.8726110016809574,-0.005512568647818017,787.5496932858923,1.1110509265443875,0.004695652638178449,555.1171382325543,-1.4039746820124681,-0.00529397157368483,943.9367782047307,0.5890640209943492,0.004829884247138094
case_000,3.8850000000000002,5.1714364685367755,14.972311074869227,2.0,0.4833842322543036,0.3453999380512539,340.6055640271425,388.81962961357726,True,446.94411678310695,-1.8726109824060386,-0.0055125688532767225,787.5496808102495,1.1110509315729966,0.004695652131294803,555.1171518208569,-1.403974675118012,-0.0052939710817518915,943.9367814344341,0.5890640381628888,0.0048298844401372665
case_000,3.89,5.171436333952919,14.972310974800102,2.0,0.4833842181932283,0.3453999326419556,340.60555541059165,388.81961940915266,True,446.9441131097022,-1.8726109634180095,-0.005512569055677263,787.5496685202938,1.111050936526762,0.004695651631955733,555.1171652069063,-1.4039746683261718,-0.005293970597140929,943.936784616059,0.5890640550758901,0.004829884630263681
case_000,3.895,5.171436201372196,14.972310876220423,2.0,0.48338420434143714,0.34539992731317043,340.6055469222892,388.81960935661266,True,446.9441094909651,-1.872610944712594,-0.005512569255065436,787.5496564132543,1.111050941406793,0.004695651140048662,555.1171783937065,-1.4039746616354165,-0.0052939701197431965,943.9367877503191,0.5890640717371559,0.004829884817560026
case_000,3.9,5.17143607076482,14.97231077910802,2.0,0.48338419069581556,0.34539992206369985,340.6055385603263,388.81959945369385,True,446.94410592608835,-1.8726109262855917,-0.005512569451485816,787.5496444864146,1.111050946214191,0.004695650655463179,555.1171913842282,-1.4039746550442445,-0.005293969649451169,943.9367908379221,0.5890640881504337,0.00482988500206849
case_000,3.9050000000000002,5.1714359421014215,14.972310683441055,2.0,0.4833841772532949,0.34539991689236343,340.60553032282274,388.81958969817083,True,446.9441024142689,-1.8726109081328575,-0.005512569644982646,787.5496327370917,1.111050950950036,0.00469565017809026,555.1172041813929,-1.4039746485511724,-0.005293969186159098,943.9367938795638,0.5890641043194141,0.004829885183830596
case_000,3.91,5.171435815353048,14.97231058919801,2.0,0.48338416401085244,0.3453999117979982,340.6055222079291,388.8195800878502,True,446.9440989547131,-1.8726108902503051,-0.005512569835599612,787.5496211626422,1.1110509556153911,0.004695649707822491,555.1172167880748,-1.4039746421547388,-0.0052939687297629545,943.936796875925,0.5890641202477327,0.0048298853628870875
case_000,3.915,5.171435690491206,14.972310496357697,2.0,0.4833841509655103,0.34539990677945853,340.6055142138173,388.81957062056915,True,446.94409554664514,-1.8726108726339148,-0.005512570023379515,787.5496097604624,1.1110509602113048,0.004695649244554068,555.117229207112,-1.403974635853507,-0.0052939682801599885,943.9367998276812,0.5890641359389698,0.004829885539278267
case_000,3.92,5.171435567487831,14.972310404899229,2.0,0.483384138114335,0.34539990183561575,340.60550633868985,388.8195612942013,True,446.94409218930133,-1.872610855279728,-0.005512570208364487,787.5495985279912,1.111050964738812,0.004695648788180906,555.1172414412974,-1.4039746296460593,-0.005293967837249114,943.9368027354988,0.5890641513966568,0.00482988571304388
case_000,3.9250000000000003,5.171435446315252,14.972310314802048,2.0,0.4833841254544369,0.3453998969653581,340.6054985807793,388.81955210664796,True,446.9440888819234,-1.8726108381838387,-0.005512570390596272,787.5495874627027,1.1110509691989312,0.004695648338600367,555.1172534933822,-1.4039746235310007,-0.005293967400930744,943.9368056000302,0.5890641666242679,0.004829885884222951
case_000,3.93,5.171435326946231,14.972310226045888,2.0,0.483384112982969,0.34539989216759026,340.60549093833697,388.8195430558418,True,446.944085623771,-1.8726108213424049,-0.005512570570115727,787.549576562108,1.1110509735926635,0.004695647895711308,555.1172653660797,-1.4039746175069565,-0.005293966971106678,943.9368084219215,0.589064181625228,0.004829886052854004
case_000,3.935,5.171435209353915,14.972310138610787,2.0,0.4833841006971272,0.34539988744123334,340.6054834096483,388.81953413975157,True,446.9440824141093,-1.8726108047516377,-0.005512570746963319,787.5495658237576,1.1110509779209985,0.004695647459414198,555.1172770620559,-1.403974611572571,-0.005293966547680384,943.9368112018075,0.5890641964029102,0.004829886218974955
case_000,3.94,5.171435093511863,14.972310052477084,2.0,0.4833840885941485,0.34539988278522443,340.60547599301606,388.8195253563687,True,446.9440792522174,-1.872610788407806,-0.005512570921178794,787.5495552452335,1.1110509821849064,0.004695647029610783,555.1172885839428,-1.4039746057265101,-0.005293966130556604,943.9368139403115,0.5890642109606367,0.004829886382623105
case_000,3.9450000000000003,5.171434979394017,14.97230996762541,2.0,0.4833840766713114,0.3453998781985165,340.605468686776,388.819516703722,True,446.9440761373827,-1.8726107723072356,-0.005512571092801399,787.5495448241587,1.111050986385348,0.004695646606204473,555.11729993433,-1.4039745999674587,-0.00529396571964158,943.936816638052,0.5890642253016826,0.004829886543835316
case_000,3.95,5.171434866974743,14.972309884036685,2.0,0.48338406492593516,0.34539987368007796,340.6054614892838,388.81950817986103,True,446.9440730689096,-1.8726107564463064,-0.005512571261869548,787.5495345581934,1.1110509905232688,0.004695646189100178,555.1173111157775,-1.4039745942941253,-0.0052939653148426635,943.9368192956385,0.589064239429273,0.004829886702647945
case_000,3.955,5.171434756228735,14.972309801692104,2.0,0.4833840533553785,0.34539986922889276,340.60545439892144,388.81949978287264,True,446.944070046104,-1.872610740821451,-0.005512571428421431,787.5495244450254,1.111050994599598,0.004695645778203972,555.1173221307923,-1.4039745887052306,-0.005293964916069094,943.936821913665,0.589064253346584,0.004829886859096577
case_000,3.96,5.171434647131101,14.972309720573156,2.0,0.4833840419570395,0.34539986484395985,340.6054474140932,388.8194915108652,True,446.94406706828875,-1.8726107254291562,-0.0055125715924944085,787.5495144823819,1.1110509986152521,0.004695645373423485,555.1173329818571,-1.4039745831995205,-0.005293964523230998,943.9368244927223,0.5890642670567454,0.004829887013216461
case_000,3.9650000000000003,5.171434539657298,14.972309640661592,2.0,0.48338403072835506,0.3453998605242931,340.6054405332295,388.8194833619817,True,446.9440641347926,-1.872610710265959,-0.00551257175412545,787.5495046680221,1.1110510025711333,0.004695644974667679,555.1173436714082,-1.403974577775755,-0.00529396413624017,943.9368270333899,0.5890642805628399,0.004829887165042235
case_000,3.97,5.171434433783162,14.972309561939447,2.0,0.48338401966680034,0.34539985626892117,340.6054337547829,388.81947533439154,True,446.94406124495686,-1.8726106953284527,-0.005512571913350861,787.5494949997397,1.1110510064681332,0.004695644581846903,555.1173542018515,-1.4039745724327162,-0.005293963755009512,943.9368295362431,0.589064293867907,0.00482988731460815
case_000,3.975,5.171434329484897,14.972309484389017,2.0,0.48338400876988785,0.345399852076887,340.6054270772289,388.8194674262819,True,446.9440583981335,-1.8726106806132765,-0.00551257207020639,787.5494854753624,1.1110510103071272,0.004695644194872894,555.1173645755601,-1.4039745671692039,-0.005293963379453148,943.936832001842,0.5890643069749373,0.0048298874619477905
case_000,3.98,5.171434226739029,14.972309407992858,2.0,0.48338399803516713,0.3453998479472478,340.60542049906667,388.81945963588134,True,446.94405559368033,-1.8726106661171213,-0.005512572224727397,787.549476092747,1.111051014088979,0.0046956438136585565,555.1173747948592,-1.4039745619840316,-0.005293963009486868,943.9368344307405,0.5890643198868776,0.004829887607094241
case_000,3.985,5.171434125522465,14.972309332733792,2.0,0.4833839874602244,0.3453998438790751,340.6054140188144,388.8194519614342,True,446.9440528309691,-1.872610651836729,-0.005512572376948521,787.5494668497835,1.1110510178145387,0.00469564343811818,555.117384862054,-1.403974556876036,-0.005293962645027239,943.9368368234882,0.5890643326066328,0.004829887750080253
case_000,3.99,5.17143402581244,14.972309258594892,2.0,0.4833839770426815,0.3453998398714538,340.6054076350181,388.8194444012165,True,446.94405010937703,-1.8726106377688867,-0.005512572526904069,787.5494577443951,1.1110510214846452,0.004695643068167388,555.1173947794059,-1.4039745518440687,-0.005293962285992382,943.9368391806224,0.5890643451370636,0.004829887890937967
case_000,3.995,5.171433927586518,14.97230918555949,2.0,0.4833839667801959,0.3453998359234827,340.6054013462398,388.81943695352913,True,446.9440474282916,-1.8726106239104319,-0.0055125726746277914,787.5494487745314,1.1110510251001218,0.004695642703722858,555.1174045491429,-1.4039745468869957,-0.0052939619323016385,943.936841502672,0.5890643574809872,0.004829888029699025
case_000,4.0,5.171433830822625,14.972309113611159,2.0,0.48338395667045986,0.34539983203427405,340.6053951510668,388.8194296166953,True,446.94404478711135,-1.8726106102582476,-0.005512572820152828,787.5494399381781,1.1110510286617832,0.004695642344702766,555.1174141734655,-1.403974542003705,-0.005293961583875351,943.9368437901608,0.5890643696411793,0.00482988816639468
