axle,motion_ratio_wheel_per_spring,installed_length_m,sprung_corner_load_n,spring_force_n,baseline_rate_n_per_m,baseline_free_length_vehicle_m,baseline_compression_m,configured_static_length_m,geometric_static_length_m,fourpost_free_length_at_baseline_rate_m,baseline_free_length_delta_m,low_rate_n_per_m,low_free_length_m,high_rate_n_per_m,high_free_length_m
front,1.0019028607858513,0.17942999973347373,529.6855389709656,530.693456811906,26269.02525,0.1997,0.020202251578097897,0.17949774842190208,0.17942999973347373,0.19963225131157164,-6.774868842834847e-05,19701.768937499997,0.20643408385936596,32836.2815625,0.1956595496843804
rear,1.2546893558880008,0.24700000272927813,580.4807461114342,728.3230134439415,43781.70875,0.2634,0.016635326355185748,0.24676467364481428,0.24700000272927813,0.26363532908446385,0.00023532908446383116,32836.2815625,0.26894510878506195,54727.135937499996,0.26007293472896287
