case,time_s,ay_mps2,speed_mps,steer_deg,roll_deg,yaw_rate_radps,front_right_minus_left_n,rear_right_minus_left_n,tire_domain_valid,Fz_FL,camber_FL_deg,jounce_FL_m,Fz_FR,camber_FR_deg,jounce_FR_m,Fz_RL,camber_RL_deg,jounce_RL_m,Fz_RR,camber_RR_deg,jounce_RR_m
case_000,0.0,0.0,15.0,0.0,0.0,0.0,0.0,0.0,True,620.0333548387097,-1.5000000000000002,-0.0,620.0333548387097,1.5000000000000002,-0.0,752.8976451612901,-1.0,-0.0,752.8976451612901,1.0,-0.0
case_000,0.005,0.0,15.0,0.0,0.0,0.0,0.0,0.0,True,620.0333548387097,-1.5000000000000002,-0.0,620.0333548387097,1.5000000000000002,-0.0,752.8976451612901,-1.0,-0.0,752.8976451612901,1.0,-0.0
case_000,0.01,0.0,15.0,0.0,0.0,0.0,0.0,0.0,True,620.0333548387097,-1.5000000000000002,-0.0,620.0333548387097,1.5000000000000002,-0.0,752.8976451612901,-1.0,-0.0,752.8976451612901,1.0,-0.0
case_000,0.015,0.0,15.0,0.0,0.0,0.0,0.0,0.0,True,620.0333548387097,-1.5000000000000002,-0.0,620.0333548387097,1.5000000000000002,-0.0,752.8976451612901,-1.0,-0.0,752.8976451612901,1.0,-0.0
case_000,0.02,0.0,15.0,0.0,0.0,0.0,0.0,0.0,True,620.0333548387097,-1.5000000000000002,-0.0,620.0333548387097,1.5000000000000002,-0.0,752.8976451612901,-1.0,-0.0,752.8976451612901,1.0,-0.0
case_000,0.025,0.0,15.0,0.0,0.0,0.0,0.0,0.0,True,620.0333548387097,-1.5000000000000002,-0.0,620.0333548387097,1.5000000000000002,-0.0,752.8976451612901,-1.0,-0.0,752.8976451612901,1.0,-0.0
case_000,0.03,0.0,15.0,0.0,0.0,0.0,0.0,0.0,True,620.0333548387097,-1.5000000000000002,-0.0,620.0333548387097,1.5000000000000002,-0.0,752.8976451612901,-1.0,-0.0,752.8976451612901,1.0,-0.0
case_000,0.035,0.0,15.0,0.0,0.0,0.0,0.0,0.0,True,620.0333548387097,-1.5000000000000002,-0.0,620.0333548387097,1.5000000000000002,-0.0,752.8976451612901,-1.0,-0.0,752.8976451612901,1.0,-0.0
case_000,0.04,0.0,15.0,0.0,0.0,0.0,0.0,0.0,True,620.0333548387097,-1.5000000000000002,-0.0,620.0333548387097,1.5000000000000002,-0.0,752.8976451612901,-1.0,-0.0,752.8976451612901,1.0,-0.0
case_000,0.045,0.0,15.0,0.0,0.0,0.0,0.0,0.0,True,620.0333548387097,-1.5000000000000002,-0.0,620.0333548387097,1.5000000000000002,-0.0,752.8976451612901,-1.0,-0.0,752.8976451612901,1.0,-0.0
case_000,0.05,0.0,15.0,0.0,0.0,0.0,0.0,0.0,True,620.0333548387097,-1.5000000000000002,-0.0,620.0333548387097,1.5000000000000002,-0.0,752.8976451612901,-1.0,-0.0,752.8976451612901,1.0,-0.0
case_000,0.055,0.0,15.0,0.0,0.0,0.0,0.0,0.0,True,620.0333548387097,-1.5000000000000002,-0.0,620.0333548387097,1.5000000000000002,-0.0,752.8976451612901,-1.0,-0.0,752.8976451612901,1.0,-0.0
case_000,0.06,0.0,15.0,0.0,0.0,0.0,0.0,0.0,True,620.0333548387097,-1.5000000000000002,-0.0,620.0333548387097,1.5000000000000002,-0.0,752.8976451612901,-1.0,-0.0,752.8976451612901,1.0,-0.0
case_000,0.065,0.0,15.0,0.0,0.0,0.0,0.0,0.0,True,620.0333548387097,-1.5000000000000002,-0.0,620.0333548387097,1.5000000000000002,-0.0,752.8976451612901,-1.0,-0.0,752.8976451612901,1.0,-0.0
case_000,0.07,0.0,15.0,0.0,0.0,0.0,0.0,0.0,True,620.0333548387097,-1.5000000000000002,-0.0,620.0333548387097,1.5000000000000002,-0.0,752.8976451612901,-1.0,-0.0,752.8976451612901,1.0,-0.0
case_000,0.075,0.0,15.0,0.0,0.0,0.0,0.0,0.0,True,620.0333548387097,-1.5000000000000002,-0.0,620.0333548387097,1.5000000000000002,-0.0,752.8976451612901,-1.0,-0.0,752.8976451612901,1.0,-0.0
case_000,0.08,0.0,15.0,0.0,0.0,0.0,0.0,0.0,True,620.0333548387097,-1.5000000000000002,-0.0,620.0333548387097,1.5000000000000002,-0.0,752.8976451612901,-1.0,-0.0,752.8976451612901,1.0,-0.0
case_000,0.085,0.0,15.0,0.0,0.0,0.0,0.0,0.0,True,620.0333548387097,-1.5000000000000002,-0.0,620.0333548387097,1.5000000000000002,-0.0,752.8976451612901,-1.0,-0.0,752.8976451612901,1.0,-0.0
case_000,0.09,0.0,15.0,0.0,0.0,0.0,0.0,0.0,True,620.0333548387097,-1.5000000000000002,-0.0,620.0333548387097,1.5000000000000002,-0.0,752.8976451612901,-1.0,-0.0,752.8976451612901,1.0,-0.0
case_000,0.095,0.0,15.0,0.0,0.0,0.0,0.0,0.0,True,620.0333548387097,-1.5000000000000002,-0.0,620.0333548387097,1.5000000000000002,-0.0,752.8976451612901,-1.0,-0.0,752.8976451612901,1.0,-0.0
case_000,0.1,0.0,15.0,0.0,0.0,0.0,0.0,0.0,True,620.0333548387097,-1.5000000000000002,-0.0,620.0333548387097,1.5000000000000002,-0.0,752.8976451612901,-1.0,-0.0,752.8976451612901,1.0,-0.0
case_000,0.105,0.0,15.0,0.0,0.0,0.0,0.0,0.0,True,620.0333548387097,-1.5000000000000002,-0.0,620.0333548387097,1.5000000000000002,-0.0,752.8976451612901,-1.0,-0.0,752.8976451612901,1.0,-0.0
case_000,0.11,0.0,15.0,0.0,0.0,0.0,0.0,0.0,True,620.0333548387097,-1.5000000000000002,-0.0,620.0333548387097,1.5000000000000002,-0.0,752.8976451612901,-1.0,-0.0,752.8976451612901,1.0,-0.0
case_000,0.115,0.0,15.0,0.0,0.0,0.0,0.0,0.0,True,620.0333548387097,-1.5000000000000002,-0.0,620.0333548387097,1.5000000000000002,-0.0,752.8976451612901,-1.0,-0.0,752.8976451612901,1.0,-0.0
case_000,0.12,0.0,15.0,0.0,0.0,0.0,0.0,0.0,True,620.0333548387097,-1.5000000000000002,-0.0,620.0333548387097,1.5000000000000002,-0.0,752.8976451612901,-1.0,-0.0,752.8976451612901,1.0,-0.0
case_000,0.125,0.0,15.0,0.0,0.0,0.0,0.0,0.0,True,620.0333548387097,-1.5000000000000002,-0.0,620.0333548387097,1.5000000000000002,-0.0,752.8976451612901,-1.0,-0.0,752.8976451612901,1.0,-0.0
case_000,0.13,0.0,15.0,0.0,0.0,0.0,0.0,0.0,True,620.0333548387097,-1.5000000000000002,-0.0,620.0333548387097,1.5000000000000002,-0.0,752.8976451612901,-1.0,-0.0,752.8976451612901,1.0,-0.0
case_000,0.135,0.0,15.0,0.0,0.0,0.0,0.0,0.0,True,620.0333548387097,-1.5000000000000002,-0.0,620.0333548387097,1.5000000000000002,-0.0,752.8976451612901,-1.0,-0.0,752.8976451612901,1.0,-0.0
case_000,0.14,0.0,15.0,0.0,0.0,0.0,0.0,0.0,True,620.0333548387097,-1.5000000000000002,-0.0,620.0333548387097,1.5000000000000002,-0.0,752.8976451612901,-1.0,-0.0,752.8976451612901,1.0,-0.0
case_000,0.145,0.0,15.0,0.0,0.0,0.0,0.0,0.0,True,620.0333548387097,-1.5000000000000002,-0.0,620.0333548387097,1.5000000000000002,-0.0,752.8976451612901,-1.0,-0.0,752.8976451612901,1.0,-0.0
case_000,0.15,0.0,15.0,0.0,0.0,0.0,0.0,0.0,True,620.0333548387097,-1.5000000000000002,-0.0,620.0333548387097,1.5000000000000002,-0.0,752.8976451612901,-1.0,-0.0,752.8976451612901,1.0,-0.0
case_000,0.155,0.0,15.0,0.0,0.0,0.0,0.0,0.0,True,620.0333548387097,-1.5000000000000002,-0.0,620.0333548387097,1.5000000000000002,-0.0,752.8976451612901,-1.0,-0.0,752.8976451612901,1.0,-0.0
case_000,0.16,0.0,15.0,0.0,0.0,0.0,0.0,0.0,True,620.0333548387097,-1.5000000000000002,-0.0,620.0333548387097,1.5000000000000002,-0.0,752.8976451612901,-1.0,-0.0,752.8976451612901,1.0,-0.0
case_000,0.165,0.0,15.0,0.0,0.0,0.0,0.0,0.0,True,620.0333548387097,-1.5000000000000002,-0.0,620.0333548387097,1.5000000000000002,-0.0,752.8976451612901,-1.0,-0.0,752.8976451612901,1.0,-0.0
case_000,0.17,0.0,15.0,0.0,0.0,0.0,0.0,0.0,True,620.0333548387097,-1.5000000000000002,-0.0,620.0333548387097,1.5000000000000002,-0.0,752.8976451612901,-1.0,-0.0,752.8976451612901,1.0,-0.0
case_000,0.17500000000000002,0.0,15.0,0.0,0.0,0.0,0.0,0.0,True,620.0333548387097,-1.5000000000000002,-0.0,620.0333548387097,1.5000000000000002,-0.0,752.8976451612901,-1.0,-0.0,752.8976451612901,1.0,-0.0
case_000,0.18,0.0,15.0,0.0,0.0,0.0,0.0,0.0,True,620.0333548387097,-1.5000000000000002,-0.0,620.0333548387097,1.5000000000000002,-0.0,752.8976451612901,-1.0,-0.0,752.8976451612901,1.0,-0.0
case_000,0.185,0.0,15.0,0.0,0.0,0.0,0.0,0.0,True,620.0333548387097,-1.5000000000000002,-0.0,620.0333548387097,1.5000000000000002,-0.0,752.8976451612901,-1.0,-0.0,752.8976451612901,1.0,-0.0
case_000,0.19,0.0,15.0,0.0,0.0,0.0,0.0,0.0,True,620.0333548387097,-1.5000000000000002,-0.0,620.0333548387097,1.5000000000000002,-0.0,752.8976451612901,-1.0,-0.0,752.8976451612901,1.0,-0.0
case_000,0.195,0.0,15.0,0.0,0.0,0.0,0.0,0.0,True,620.0333548387097,-1.5000000000000002,-0.0,620.0333548387097,1.5000000000000002,-0.0,752.8976451612901,-1.0,-0.0,752.8976451612901,1.0,-0.0
case_000,0.2,0.0,15.0,0.0,0.0,0.0,0.0,0.0,True,620.0333548387097,-1.5000000000000002,-0.0,620.0333548387097,1.5000000000000002,-0.0,752.8976451612901,-1.0,-0.0,752.8976451612901,1.0,-0.0
case_000,0.20500000000000002,0.0,15.0,0.0,0.0,0.0,0.0,0.0,True,620.0333548387097,-1.5000000000000002,-0.0,620.0333548387097,1.5000000000000002,-0.0,752.8976451612901,-1.0,-0.0,752.8976451612901,1.0,-0.0
case_000,0.21,0.0,15.0,0.0,0.0,0.0,0.0,0.0,True,620.0333548387097,-1.5000000000000002,-0.0,620.0333548387097,1.5000000000000002,-0.0,752.8976451612901,-1.0,-0.0,752.8976451612901,1.0,-0.0
case_000,0.215,0.0,15.0,0.0,0.0,0.0,0.0,0.0,True,620.0333548387097,-1.5000000000000002,-0.0,620.0333548387097,1.5000000000000002,-0.0,752.8976451612901,-1.0,-0.0,752.8976451612901,1.0,-0.0
case_000,0.22,0.0,15.0,0.0,0.0,0.0,0.0,0.0,True,620.0333548387097,-1.5000000000000002,-0.0,620.0333548387097,1.5000000000000002,-0.0,752.8976451612901,-1.0,-0.0,752.8976451612901,1.0,-0.0
case_000,0.225,0.0,15.0,0.0,0.0,0.0,0.0,0.0,True,620.0333548387097,-1.5000000000000002,-0.0,620.0333548387097,1.5000000000000002,-0.0,752.8976451612901,-1.0,-0.0,752.8976451612901,1.0,-0.0
case_000,0.23,0.0,15.0,0.0,0.0,0.0,0.0,0.0,True,620.0333548387097,-1.5000000000000002,-0.0,620.0333548387097,1.5000000000000002,-0.0,752.8976451612901,-1.0,-0.0,752.8976451612901,1.0,-0.0
case_000,0.23500000000000001,0.0,15.0,0.0,0.0,0.0,0.0,0.0,True,620.0333548387097,-1.5000000000000002,-0.0,620.0333548387097,1.5000000000000002,-0.0,752.8976451612901,-1.0,-0.0,752.8976451612901,1.0,-0.0
case_000,0.24,0.0,15.0,0.0,0.0,0.0,0.0,0.0,True,620.0333548387097,-1.5000000000000002,-0.0,620.0333548387097,1.5000000000000002,-0.0,752.8976451612901,-1.0,-0.0,752.8976451612901,1.0,-0.0
case_000,0.245,0.0,15.0,0.0,0.0,0.0,0.0,0.0,True,620.0333548387097,-1.5000000000000002,-0.0,620.0333548387097,1.5000000000000002,-0.0,752.8976451612901,-1.0,-0.0,752.8976451612901,1.0,-0.0
case_000,0.25,0.0,15.0,0.0,0.0,0.0,0.0,0.0,True,620.0333548387097,-1.5000000000000002,-0.0,620.0333548387097,1.5000000000000002,-0.0,752.8976451612901,-1.0,-0.0,752.8976451612901,1.0,-0.0
case_000,0.255,0.0,15.0,0.0,0.0,0.0,0.0,0.0,True,620.0333548387097,-1.5000000000000002,-0.0,620.0333548387097,1.5000000000000002,-0.0,752.8976451612901,-1.0,-0.0,752.8976451612901,1.0,-0.0
case_000,0.26,0.0,15.0,0.0,0.0,0.0,0.0,0.0,True,620.0333548387097,-1.5000000000000002,-0.0,620.0333548387097,1.5000000000000002,-0.0,752.8976451612901,-1.0,-0.0,752.8976451612901,1.0,-0.0
case_000,0.265,0.0,15.0,0.0,0.0,0.0,0.0,0.0,True,620.0333548387097,-1.5000000000000002,-0.0,620.0333548387097,1.5000000000000002,-0.0,752.8976451612901,-1.0,-0.0,752.8976451612901,1.0,-0.0
case_000,0.27,0.0,15.0,0.0,0.0,0.0,0.0,0.0,True,620.0333548387097,-1.5000000000000002,-0.0,620.0333548387097,1.5000000000000002,-0.0,752.8976451612901,-1.0,-0.0,752.8976451612901,1.0,-0.0
case_000,0.275,0.0,15.0,0.0,0.0,0.0,0.0,0.0,True,620.0333548387097,-1.5000000000000002,-0.0,620.0333548387097,1.5000000000000002,-0.0,752.8976451612901,-1.0,-0.0,752.8976451612901,1.0,-0.0
case_000,0.28,0.0,15.0,0.0,0.0,0.0,0.0,0.0,True,620.0333548387097,-1.5000000000000002,-0.0,620.0333548387097,1.5000000000000002,-0.0,752.8976451612901,-1.0,-0.0,752.8976451612901,1.0,-0.0
case_000,0.28500000000000003,0.0,15.0,0.0,0.0,0.0,0.0,0.0,True,620.0333548387097,-1.5000000000000002,-0.0,620.0333548387097,1.5000000000000002,-0.0,752.8976451612901,-1.0,-0.0,752.8976451612901,1.0,-0.0
case_000,0.29,0.0,15.0,0.0,0.0,0.0,0.0,0.0,True,620.0333548387097,-1.5000000000000002,-0.0,620.0333548387097,1.5000000000000002,-0.0,752.8976451612901,-1.0,-0.0,752.8976451612901,1.0,-0.0
case_000,0.295,0.0,15.0,0.0,0.0,0.0,0.0,0.0,True,620.0333548387097,-1.5000000000000002,-0.0,620.0333548387097,1.5000000000000002,-0.0,752.8976451612901,-1.0,-0.0,752.8976451612901,1.0,-0.0
case_000,0.3,0.0,15.0,0.0,0.0,0.0,0.0,0.0,True,620.0333548387097,-1.5000000000000002,-0.0,620.0333548387097,1.5000000000000002,-0.0,752.8976451612901,-1.0,-0.0,752.8976451612901,1.0,-0.0
case_000,0.305,0.0,15.0,0.0,0.0,0.0,0.0,0.0,True,620.0333548387097,-1.5000000000000002,-0.0,620.0333548387097,1.5000000000000002,-0.0,752.8976451612901,-1.0,-0.0,752.8976451612901,1.0,-0.0
case_000,0.31,0.0,15.0,0.0,0.0,0.0,0.0,0.0,True,620.0333548387097,-1.5000000000000002,-0.0,620.0333548387097,1.5000000000000002,-0.0,752.8976451612901,-1.0,-0.0,752.8976451612901,1.0,-0.0
case_000,0.315,0.0,15.0,0.0,0.0,0.0,0.0,0.0,True,620.0333548387097,-1.5000000000000002,-0.0,620.0333548387097,1.5000000000000002,-0.0,752.8976451612901,-1.0,-0.0,752.8976451612901,1.0,-0.0
case_000,0.32,0.0,15.0,0.0,0.0,0.0,0.0,0.0,True,620.0333548387097,-1.5000000000000002,-0.0,620.0333548387097,1.5000000000000002,-0.0,752.8976451612901,-1.0,-0.0,752.8976451612901,1.0,-0.0
case_000,0.325,0.0,15.0,0.0,0.0,0.0,0.0,0.0,True,620.0333548387097,-1.5000000000000002,-0.0,620.0333548387097,1.5000000000000002,-0.0,752.8976451612901,-1.0,-0.0,752.8976451612901,1.0,-0.0
case_000,0.33,0.0,15.0,0.0,0.0,0.0,0.0,0.0,True,620.0333548387097,-1.5000000000000002,-0.0,620.0333548387097,1.5000000000000002,-0.0,752.8976451612901,-1.0,-0.0,752.8976451612901,1.0,-0.0
case_000,0.335,0.0,15.0,0.0,0.0,0.0,0.0,0.0,True,620.0333548387097,-1.5000000000000002,-0.0,620.0333548387097,1.5000000000000002,-0.0,752.8976451612901,-1.0,-0.0,752.8976451612901,1.0,-0.0
case_000,0.34,0.0,15.0,0.0,0.0,0.0,0.0,0.0,True,620.0333548387097,-1.5000000000000002,-0.0,620.0333548387097,1.5000000000000002,-0.0,752.8976451612901,-1.0,-0.0,752.8976451612901,1.0,-0.0
case_000,0.34500000000000003,0.0,15.0,0.0,0.0,0.0,0.0,0.0,True,620.0333548387097,-1.5000000000000002,-0.0,620.0333548387097,1.5000000000000002,-0.0,752.8976451612901,-1.0,-0.0,752.8976451612901,1.0,-0.0
case_000,0.35000000000000003,0.0,15.0,0.0,0.0,0.0,0.0,0.0,True,620.0333548387097,-1.5000000000000002,-0.0,620.0333548387097,1.5000000000000002,-0.0,752.8976451612901,-1.0,-0.0,752.8976451612901,1.0,-0.0
case_000,0.355,0.0,15.0,0.0,0.0,0.0,0.0,0.0,True,620.0333548387097,-1.5000000000000002,-0.0,620.0333548387097,1.5000000000000002,-0.0,752.8976451612901,-1.0,-0.0,752.8976451612901,1.0,-0.0
case_000,0.36,0.0,15.0,0.0,0.0,0.0,0.0,0.0,True,620.0333548387097,-1.5000000000000002,-0.0,620.0333548387097,1.5000000000000002,-0.0,752.8976451612901,-1.0,-0.0,752.8976451612901,1.0,-0.0
case_000,0.365,0.0,15.0,0.0,0.0,0.0,0.0,0.0,True,620.0333548387097,-1.5000000000000002,-0.0,620.0333548387097,1.5000000000000002,-0.0,752.8976451612901,-1.0,-0.0,752.8976451612901,1.0,-0.0
case_000,0.37,0.0,15.0,0.0,0.0,0.0,0.0,0.0,True,620.0333548387097,-1.5000000000000002,-0.0,620.0333548387097,1.5000000000000002,-0.0,752.8976451612901,-1.0,-0.0,752.8976451612901,1.0,-0.0
case_000,0.375,0.0,15.0,0.0,0.0,0.0,0.0,0.0,True,620.0333548387097,-1.5000000000000002,-0.0,620.0333548387097,1.5000000000000002,-0.0,752.8976451612901,-1.0,-0.0,752.8976451612901,1.0,-0.0
case_000,0.38,0.0,15.0,0.0,0.0,0.0,0.0,0.0,True,620.0333548387097,-1.5000000000000002,-0.0,620.0333548387097,1.5000000000000002,-0.0,752.8976451612901,-1.0,-0.0,752.8976451612901,1.0,-0.0
case_000,0.385,0.0,15.0,0.0,0.0,0.0,0.0,0.0,True,620.0333548387097,-1.5000000000000002,-0.0,620.0333548387097,1.5000000000000002,-0.0,752.8976451612901,-1.0,-0.0,752.8976451612901,1.0,-0.0
case_000,0.39,0.0,15.0,0.0,0.0,0.0,0.0,0.0,True,620.0333548387097,-1.5000000000000002,-0.0,620.0333548387097,1.5000000000000002,-0.0,752.8976451612901,-1.0,-0.0,752.8976451612901,1.0,-0.0
case_000,0.395,0.0,15.0,0.0,0.0,0.0,0.0,0.0,True,620.0333548387097,-1.5000000000000002,-0.0,620.0333548387097,1.5000000000000002,-0.0,752.8976451612901,-1.0,-0.0,752.8976451612901,1.0,-0.0
case_000,0.4,0.0,15.0,0.0,0.0,0.0,0.0,0.0,True,620.0333548387097,-1.5000000000000002,-0.0,620.0333548387097,1.5000000000000002,-0.0,752.8976451612901,-1.0,-0.0,752.8976451612901,1.0,-0.0
case_000,0.405,0.0,15.0,0.0,0.0,0.0,0.0,0.0,True,620.0333548387097,-1.5000000000000002,-0.0,620.0333548387097,1.5000000000000002,-0.0,752.8976451612901,-1.0,-0.0,752.8976451612901,1.0,-0.0
case_000,0.41000000000000003,0.0,15.0,0.0,0.0,0.0,0.0,0.0,True,620.0333548387097,-1.5000000000000002,-0.0,620.0333548387097,1.5000000000000002,-0.0,752.8976451612901,-1.0,-0.0,752.8976451612901,1.0,-0.0
case_000,0.41500000000000004,0.0,15.0,0.0,0.0,0.0,0.0,0.0,True,620.0333548387097,-1.5000000000000002,-0.0,620.0333548387097,1.5000000000000002,-0.0,752.8976451612901,-1.0,-0.0,752.8976451612901,1.0,-0.0
case_000,0.42,0.0,15.0,0.0,0.0,0.0,0.0,0.0,True,620.0333548387097,-1.5000000000000002,-0.0,620.0333548387097,1.5000000000000002,-0.0,752.8976451612901,-1.0,-0.0,752.8976451612901,1.0,-0.0
case_000,0.425,0.0,15.0,0.0,0.0,0.0,0.0,0.0,True,620.0333548387097,-1.5000000000000002,-0.0,620.0333548387097,1.5000000000000002,-0.0,752.8976451612901,-1.0,-0.0,752.8976451612901,1.0,-0.0
case_000,0.43,0.0,15.0,0.0,0.0,0.0,0.0,0.0,True,620.0333548387097,-1.5000000000000002,-0.0,620.0333548387097,1.5000000000000002,-0.0,752.8976451612901,-1.0,-0.0,752.8976451612901,1.0,-0.0
case_000,0.435,0.0,15.0,0.0,0.0,0.0,0.0,0.0,True,620.0333548387097,-1.5000000000000002,-0.0,620.0333548387097,1.5000000000000002,-0.0,752.8976451612901,-1.0,-0.0,752.8976451612901,1.0,-0.0
case_000,0.44,0.0,15.0,0.0,0.0,0.0,0.0,0.0,True,620.0333548387097,-1.5000000000000002,-0.0,620.0333548387097,1.5000000000000002,-0.0,752.8976451612901,-1.0,-0.0,752.8976451612901,1.0,-0.0
case_000,0.445,0.0,15.0,0.0,0.0,0.0,0.0,0.0,True,620.0333548387097,-1.5000000000000002,-0.0,620.0333548387097,1.5000000000000002,-0.0,752.8976451612901,-1.0,-0.0,752.8976451612901,1.0,-0.0
case_000,0.45,0.0,15.0,0.0,0.0,0.0,0.0,0.0,True,620.0333548387097,-1.5000000000000002,-0.0,620.0333548387097,1.5000000000000002,-0.0,752.8976451612901,-1.0,-0.0,752.8976451612901,1.0,-0.0
case_000,0.455,0.0,15.0,0.0,0.0,0.0,0.0,0.0,True,620.0333548387097,-1.5000000000000002,-0.0,620.0333548387097,1.5000000000000002,-0.0,752.8976451612901,-1.0,-0.0,752.8976451612901,1.0,-0.0
case_000,0.46,0.0,15.0,0.0,0.0,0.0,0.0,0.0,True,620.0333548387097,-1.5000000000000002,-0.0,620.0333548387097,1.5000000000000002,-0.0,752.8976451612901,-1.0,-0.0,752.8976451612901,1.0,-0.0
case_000,0.465,0.0,15.0,0.0,0.0,0.0,0.0,0.0,True,620.0333548387097,-1.5000000000000002,-0.0,620.0333548387097,1.5000000000000002,-0.0,752.8976451612901,-1.0,-0.0,752.8976451612901,1.0,-0.0
case_000,0.47000000000000003,0.0,15.0,0.0,0.0,0.0,0.0,0.0,True,620.0333548387097,-1.5000000000000002,-0.0,620.0333548387097,1.5000000000000002,-0.0,752.8976451612901,-1.0,-0.0,752.8976451612901,1.0,-0.0
case_000,0.47500000000000003,0.0,15.0,0.0,0.0,0.0,0.0,0.0,True,620.0333548387097,-1.5000000000000002,-0.0,620.0333548387097,1.5000000000000002,-0.0,752.8976451612901,-1.0,-0.0,752.8976451612901,1.0,-0.0
case_000,0.48,0.0,15.0,0.0,0.0,0.0,0.0,0.0,True,620.0333548387097,-1.5000000000000002,-0.0,620.0333548387097,1.5000000000000002,-0.0,752.8976451612901,-1.0,-0.0,752.8976451612901,1.0,-0.0
case_000,0.485,0.0,15.0,0.0,0.0,0.0,0.0,0.0,True,620.0333548387097,-1.5000000000000002,-0.0,620.0333548387097,1.5000000000000002,-0.0,752.8976451612901,-1.0,-0.0,752.8976451612901,1.0,-0.0
case_000,0.49,0.0,15.0,0.0,0.0,0.0,0.0,0.0,True,620.0333548387097,-1.5000000000000002,-0.0,620.0333548387097,1.5000000000000002,-0.0,752.8976451612901,-1.0,-0.0,752.8976451612901,1.0,-0.0
case_000,0.495,0.0,15.0,0.0,0.0,0.0,0.0,0.0,True,620.0333548387097,-1.5000000000000002,-0.0,620.0333548387097,1.5000000000000002,-0.0,752.8976451612901,-1.0,-0.0,752.8976451612901,1.0,-0.0
case_000,0.5,0.0,15.0,0.0,0.0,0.0,0.0,0.0,True,620.0333548387097,-1.5000000000000002,-0.0,620.0333548387097,1.5000000000000002,-0.0,752.8976451612901,-1.0,-0.0,752.8976451612901,1.0,-0.0
case_000,0.505,0.0,15.0,0.0,0.0,0.0,0.0,0.0,True,620.0333548387097,-1.5000000000000002,-0.0,620.0333548387097,1.5000000000000002,-0.0,752.8976451612901,-1.0,-0.0,752.8976451612901,1.0,-0.0
case_000,0.51,0.0,15.0,0.0,0.0,0.0,0.0,0.0,True,620.0333548387097,-1.5000000000000002,-0.0,620.0333548387097,1.5000000000000002,-0.0,752.8976451612901,-1.0,-0.0,752.8976451612901,1.0,-0.0
case_000,0.515,0.0,15.0,0.0,0.0,0.0,0.0,0.0,True,620.0333548387097,-1.5000000000000002,-0.0,620.0333548387097,1.5000000000000002,-0.0,752.8976451612901,-1.0,-0.0,752.8976451612901,1.0,-0.0
case_000,0.52,0.0,15.0,0.0,0.0,0.0,0.0,0.0,True,620.0333548387097,-1.5000000000000002,-0.0,620.0333548387097,1.5000000000000002,-0.0,752.8976451612901,-1.0,-0.0,752.8976451612901,1.0,-0.0
case_000,0.525,0.0,15.0,0.0,0.0,0.0,0.0,0.0,True,620.0333548387097,-1.5000000000000002,-0.0,620.0333548387097,1.5000000000000002,-0.0,752.8976451612901,-1.0,-0.0,752.8976451612901,1.0,-0.0
case_000,0.53,0.0,15.0,0.0,0.0,0.0,0.0,0.0,True,620.0333548387097,-1.5000000000000002,-0.0,620.0333548387097,1.5000000000000002,-0.0,752.8976451612901,-1.0,-0.0,752.8976451612901,1.0,-0.0
case_000,0.535,0.0,15.0,0.0,0.0,0.0,0.0,0.0,True,620.0333548387097,-1.5000000000000002,-0.0,620.0333548387097,1.5000000000000002,-0.0,752.8976451612901,-1.0,-0.0,752.8976451612901,1.0,-0.0
case_000,0.54,0.0,15.0,0.0,0.0,0.0,0.0,0.0,True,620.0333548387097,-1.5000000000000002,-0.0,620.0333548387097,1.5000000000000002,-0.0,752.8976451612901,-1.0,-0.0,752.8976451612901,1.0,-0.0
case_000,0.545,0.0,15.0,0.0,0.0,0.0,0.0,0.0,True,620.0333548387097,-1.5000000000000002,-0.0,620.0333548387097,1.5000000000000002,-0.0,752.8976451612901,-1.0,-0.0,752.8976451612901,1.0,-0.0
case_000,0.55,0.0,15.0,0.0,0.0,0.0,0.0,0.0,True,620.0333548387097,-1.5000000000000002,-0.0,620.0333548387097,1.5000000000000002,-0.0,752.8976451612901,-1.0,-0.0,752.8976451612901,1.0,-0.0
case_000,0.555,0.0,15.0,0.0,0.0,0.0,0.0,0.0,True,620.0333548387097,-1.5000000000000002,-0.0,620.0333548387097,1.5000000000000002,-0.0,752.8976451612901,-1.0,-0.0,752.8976451612901,1.0,-0.0
case_000,0.56,0.0,15.0,0.0,0.0,0.0,0.0,0.0,True,620.0333548387097,-1.5000000000000002,-0.0,620.0333548387097,1.5000000000000002,-0.0,752.8976451612901,-1.0,-0.0,752.8976451612901,1.0,-0.0
case_000,0.5650000000000001,0.0,15.0,0.0,0.0,0.0,0.0,0.0,True,620.0333548387097,-1.5000000000000002,-0.0,620.0333548387097,1.5000000000000002,-0.0,752.8976451612901,-1.0,-0.0,752.8976451612901,1.0,-0.0
case_000,0.5700000000000001,0.0,15.0,0.0,0.0,0.0,0.0,0.0,True,620.0333548387097,-1.5000000000000002,-0.0,620.0333548387097,1.5000000000000002,-0.0,752.8976451612901,-1.0,-0.0,752.8976451612901,1.0,-0.0
case_000,0.5750000000000001,0.0,15.0,0.0,0.0,0.0,0.0,0.0,True,620.0333548387097,-1.5000000000000002,-0.0,620.0333548387097,1.5000000000000002,-0.0,752.8976451612901,-1.0,-0.0,752.8976451612901,1.0,-0.0
case_000,0.58,0.0,15.0,0.0,0.0,0.0,0.0,0.0,True,620.0333548387097,-1.5000000000000002,-0.0,620.0333548387097,1.5000000000000002,-0.0,752.8976451612901,-1.0,-0.0,752.8976451612901,1.0,-0.0
case_000,0.585,0.0,15.0,0.0,0.0,0.0,0.0,0.0,True,620.0333548387097,-1.5000000000000002,-0.0,620.0333548387097,1.5000000000000002,-0.0,752.8976451612901,-1.0,-0.0,752.8976451612901,1.0,-0.0
case_000,0.59,0.0,15.0,0.0,0.0,0.0,0.0,0.0,True,620.0333548387097,-1.5000000000000002,-0.0,620.0333548387097,1.5000000000000002,-0.0,752.8976451612901,-1.0,-0.0,752.8976451612901,1.0,-0.0
case_000,0.595,0.0,15.0,0.0,0.0,0.0,0.0,0.0,True,620.0333548387097,-1.5000000000000002,-0.0,620.0333548387097,1.5000000000000002,-0.0,752.8976451612901,-1.0,-0.0,752.8976451612901,1.0,-0.0
case_000,0.6,0.0,15.0,0.0,0.0,0.0,0.0,0.0,True,620.0333548387097,-1.5000000000000002,-0.0,620.0333548387097,1.5000000000000002,-0.0,752.8976451612901,-1.0,-0.0,752.8976451612901,1.0,-0.0
case_000,0.605,0.0,15.0,0.0,0.0,0.0,0.0,0.0,True,620.0333548387097,-1.5000000000000002,-0.0,620.0333548387097,1.5000000000000002,-0.0,752.8976451612901,-1.0,-0.0,752.8976451612901,1.0,-0.0
case_000,0.61,0.0,15.0,0.0,0.0,0.0,0.0,0.0,True,620.0333548387097,-1.5000000000000002,-0.0,620.0333548387097,1.5000000000000002,-0.0,752.8976451612901,-1.0,-0.0,752.8976451612901,1.0,-0.0
case_000,0.615,0.0,15.0,0.0,0.0,0.0,0.0,0.0,True,620.0333548387097,-1.5000000000000002,-0.0,620.0333548387097,1.5000000000000002,-0.0,752.8976451612901,-1.0,-0.0,752.8976451612901,1.0,-0.0
case_000,0.62,0.0,15.0,0.0,0.0,0.0,0.0,0.0,True,620.0333548387097,-1.5000000000000002,-0.0,620.0333548387097,1.5000000000000002,-0.0,752.8976451612901,-1.0,-0.0,752.8976451612901,1.0,-0.0
case_000,0.625,0.0,15.0,0.0,0.0,0.0,0.0,0.0,True,620.0333548387097,-1.5000000000000002,-0.0,620.0333548387097,1.5000000000000002,-0.0,752.8976451612901,-1.0,-0.0,752.8976451612901,1.0,-0.0
case_000,0.63,0.0,15.0,0.0,0.0,0.0,0.0,0.0,True,620.0333548387097,-1.5000000000000002,-0.0,620.0333548387097,1.5000000000000002,-0.0,752.8976451612901,-1.0,-0.0,752.8976451612901,1.0,-0.0
case_000,0.635,0.0,15.0,0.0,0.0,0.0,0.0,0.0,True,620.0333548387097,-1.5000000000000002,-0.0,620.0333548387097,1.5000000000000002,-0.0,752.8976451612901,-1.0,-0.0,752.8976451612901,1.0,-0.0
case_000,0.64,0.0,15.0,0.0,0.0,0.0,0.0,0.0,True,620.0333548387097,-1.5000000000000002,-0.0,620.0333548387097,1.5000000000000002,-0.0,752.8976451612901,-1.0,-0.0,752.8976451612901,1.0,-0.0
case_000,0.645,0.0,15.0,0.0,0.0,0.0,0.0,0.0,True,620.0333548387097,-1.5000000000000002,-0.0,620.0333548387097,1.5000000000000002,-0.0,752.8976451612901,-1.0,-0.0,752.8976451612901,1.0,-0.0
case_000,0.65,0.0,15.0,0.0,0.0,0.0,0.0,0.0,True,620.0333548387097,-1.5000000000000002,-0.0,620.0333548387097,1.5000000000000002,-0.0,752.8976451612901,-1.0,-0.0,752.8976451612901,1.0,-0.0
case_000,0.655,0.0,15.0,0.0,0.0,0.0,0.0,0.0,True,620.0333548387097,-1.5000000000000002,-0.0,620.0333548387097,1.5000000000000002,-0.0,752.8976451612901,-1.0,-0.0,752.8976451612901,1.0,-0.0
case_000,0.66,0.0,15.0,0.0,0.0,0.0,0.0,0.0,True,620.0333548387097,-1.5000000000000002,-0.0,620.0333548387097,1.5000000000000002,-0.0,752.8976451612901,-1.0,-0.0,752.8976451612901,1.0,-0.0
case_000,0.665,0.0,15.0,0.0,0.0,0.0,0.0,0.0,True,620.0333548387097,-1.5000000000000002,-0.0,620.0333548387097,1.5000000000000002,-0.0,752.8976451612901,-1.0,-0.0,752.8976451612901,1.0,-0.0
case_000,0.67,0.0,15.0,0.0,0.0,0.0,0.0,0.0,True,620.0333548387097,-1.5000000000000002,-0.0,620.0333548387097,1.5000000000000002,-0.0,752.8976451612901,-1.0,-0.0,752.8976451612901,1.0,-0.0
case_000,0.675,0.0,15.0,0.0,0.0,0.0,0.0,0.0,True,620.0333548387097,-1.5000000000000002,-0.0,620.0333548387097,1.5000000000000002,-0.0,752.8976451612901,-1.0,-0.0,752.8976451612901,1.0,-0.0
case_000,0.68,0.0,15.0,0.0,0.0,0.0,0.0,0.0,True,620.0333548387097,-1.5000000000000002,-0.0,620.0333548387097,1.5000000000000002,-0.0,752.8976451612901,-1.0,-0.0,752.8976451612901,1.0,-0.0
case_000,0.685,0.0,15.0,0.0,0.0,0.0,0.0,0.0,True,620.0333548387097,-1.5000000000000002,-0.0,620.0333548387097,1.5000000000000002,-0.0,752.8976451612901,-1.0,-0.0,752.8976451612901,1.0,-0.0
case_000,0.6900000000000001,0.0,15.0,0.0,0.0,0.0,0.0,0.0,True,620.0333548387097,-1.5000000000000002,-0.0,620.0333548387097,1.5000000000000002,-0.0,752.8976451612901,-1.0,-0.0,752.8976451612901,1.0,-0.0
case_000,0.6950000000000001,0.0,15.0,0.0,0.0,0.0,0.0,0.0,True,620.0333548387097,-1.5000000000000002,-0.0,620.0333548387097,1.5000000000000002,-0.0,752.8976451612901,-1.0,-0.0,752.8976451612901,1.0,-0.0
case_000,0.7000000000000001,0.0,15.0,0.0,0.0,0.0,0.0,0.0,True,620.0333548387097,-1.5000000000000002,-0.0,620.0333548387097,1.5000000000000002,-0.0,752.8976451612901,-1.0,-0.0,752.8976451612901,1.0,-0.0
case_000,0.705,0.0,15.0,0.0,0.0,0.0,0.0,0.0,True,620.0333548387097,-1.5000000000000002,-0.0,620.0333548387097,1.5000000000000002,-0.0,752.8976451612901,-1.0,-0.0,752.8976451612901,1.0,-0.0
case_000,0.71,0.0,15.0,0.0,0.0,0.0,0.0,0.0,True,620.0333548387097,-1.5000000000000002,-0.0,620.0333548387097,1.5000000000000002,-0.0,752.8976451612901,-1.0,-0.0,752.8976451612901,1.0,-0.0
case_000,0.715,0.0,15.0,0.0,0.0,0.0,0.0,0.0,True,620.0333548387097,-1.5000000000000002,-0.0,620.0333548387097,1.5000000000000002,-0.0,752.8976451612901,-1.0,-0.0,752.8976451612901,1.0,-0.0
case_000,0.72,0.0,15.0,0.0,0.0,0.0,0.0,0.0,True,620.0333548387097,-1.5000000000000002,-0.0,620.0333548387097,1.5000000000000002,-0.0,752.8976451612901,-1.0,-0.0,752.8976451612901,1.0,-0.0
case_000,0.725,0.0,15.0,0.0,0.0,0.0,0.0,0.0,True,620.0333548387097,-1.5000000000000002,-0.0,620.0333548387097,1.5000000000000002,-0.0,752.8976451612901,-1.0,-0.0,752.8976451612901,1.0,-0.0
case_000,0.73,0.0,15.0,0.0,0.0,0.0,0.0,0.0,True,620.0333548387097,-1.5000000000000002,-0.0,620.0333548387097,1.5000000000000002,-0.0,752.8976451612901,-1.0,-0.0,752.8976451612901,1.0,-0.0
case_000,0.735,0.0,15.0,0.0,0.0,0.0,0.0,0.0,True,620.0333548387097,-1.5000000000000002,-0.0,620.0333548387097,1.5000000000000002,-0.0,752.8976451612901,-1.0,-0.0,752.8976451612901,1.0,-0.0
case_000,0.74,0.0,15.0,0.0,0.0,0.0,0.0,0.0,True,620.0333548387097,-1.5000000000000002,-0.0,620.0333548387097,1.5000000000000002,-0.0,752.8976451612901,-1.0,-0.0,752.8976451612901,1.0,-0.0
case_000,0.745,0.0,15.0,0.0,0.0,0.0,0.0,0.0,True,620.0333548387097,-1.5000000000000002,-0.0,620.0333548387097,1.5000000000000002,-0.0,752.8976451612901,-1.0,-0.0,752.8976451612901,1.0,-0.0
case_000,0.75,0.0,15.0,0.0,0.0,0.0,0.0,0.0,True,620.0333548387097,-1.5000000000000002,-0.0,620.0333548387097,1.5000000000000002,-0.0,752.8976451612901,-1.0,-0.0,752.8976451612901,1.0,-0.0
case_000,0.755,0.0,15.0,0.0,0.0,0.0,0.0,0.0,True,620.0333548387097,-1.5000000000000002,-0.0,620.0333548387097,1.5000000000000002,-0.0,752.8976451612901,-1.0,-0.0,752.8976451612901,1.0,-0.0
case_000,0.76,0.0,15.0,0.0,0.0,0.0,0.0,0.0,True,620.0333548387097,-1.5000000000000002,-0.0,620.0333548387097,1.5000000000000002,-0.0,752.8976451612901,-1.0,-0.0,752.8976451612901,1.0,-0.0
case_000,0.765,0.0,15.0,0.0,0.0,0.0,0.0,0.0,True,620.0333548387097,-1.5000000000000002,-0.0,620.0333548387097,1.5000000000000002,-0.0,752.8976451612901,-1.0,-0.0,752.8976451612901,1.0,-0.0
case_000,0.77,0.0,15.0,0.0,0.0,0.0,0.0,0.0,True,620.0333548387097,-1.5000000000000002,-0.0,620.0333548387097,1.5000000000000002,-0.0,752.8976451612901,-1.0,-0.0,752.8976451612901,1.0,-0.0
case_000,0.775,0.0,15.0,0.0,0.0,0.0,0.0,0.0,True,620.0333548387097,-1.5000000000000002,-0.0,620.0333548387097,1.5000000000000002,-0.0,752.8976451612901,-1.0,-0.0,752.8976451612901,1.0,-0.0
case_000,0.78,0.0,15.0,0.0,0.0,0.0,0.0,0.0,True,620.0333548387097,-1.5000000000000002,-0.0,620.0333548387097,1.5000000000000002,-0.0,752.8976451612901,-1.0,-0.0,752.8976451612901,1.0,-0.0
case_000,0.785,0.0,15.0,0.0,0.0,0.0,0.0,0.0,True,620.0333548387097,-1.5000000000000002,-0.0,620.0333548387097,1.5000000000000002,-0.0,752.8976451612901,-1.0,-0.0,752.8976451612901,1.0,-0.0
case_000,0.79,0.0,15.0,0.0,0.0,0.0,0.0,0.0,True,620.0333548387097,-1.5000000000000002,-0.0,620.0333548387097,1.5000000000000002,-0.0,752.8976451612901,-1.0,-0.0,752.8976451612901,1.0,-0.0
case_000,0.795,0.0,15.0,0.0,0.0,0.0,0.0,0.0,True,620.0333548387097,-1.5000000000000002,-0.0,620.0333548387097,1.5000000000000002,-0.0,752.8976451612901,-1.0,-0.0,752.8976451612901,1.0,-0.0
case_000,0.8,0.0,15.0,0.0,0.0,0.0,0.0,0.0,True,620.0333548387097,-1.5000000000000002,-0.0,620.0333548387097,1.5000000000000002,-0.0,752.8976451612901,-1.0,-0.0,752.8976451612901,1.0,-0.0
case_000,0.805,0.0,15.0,0.0,0.0,0.0,0.0,0.0,True,620.0333548387097,-1.5000000000000002,-0.0,620.0333548387097,1.5000000000000002,-0.0,752.8976451612901,-1.0,-0.0,752.8976451612901,1.0,-0.0
case_000,0.81,0.0,15.0,0.0,0.0,0.0,0.0,0.0,True,620.0333548387097,-1.5000000000000002,-0.0,620.0333548387097,1.5000000000000002,-0.0,752.8976451612901,-1.0,-0.0,752.8976451612901,1.0,-0.0
case_000,0.8150000000000001,0.0,15.0,0.0,0.0,0.0,0.0,0.0,True,620.0333548387097,-1.5000000000000002,-0.0,620.0333548387097,1.5000000000000002,-0.0,752.8976451612901,-1.0,-0.0,752.8976451612901,1.0,-0.0
case_000,0.8200000000000001,0.0,15.0,0.0,0.0,0.0,0.0,0.0,True,620.0333548387097,-1.5000000000000002,-0.0,620.0333548387097,1.5000000000000002,-0.0,752.8976451612901,-1.0,-0.0,752.8976451612901,1.0,-0.0
case_000,0.8250000000000001,0.0,15.0,0.0,0.0,0.0,0.0,0.0,True,620.0333548387097,-1.5000000000000002,-0.0,620.0333548387097,1.5000000000000002,-0.0,752.8976451612901,-1.0,-0.0,752.8976451612901,1.0,-0.0
case_000,0.8300000000000001,0.0,15.0,0.0,0.0,0.0,0.0,0.0,True,620.0333548387097,-1.5000000000000002,-0.0,620.0333548387097,1.5000000000000002,-0.0,752.8976451612901,-1.0,-0.0,752.8976451612901,1.0,-0.0
case_000,0.835,0.0,15.0,0.0,0.0,0.0,0.0,0.0,True,620.0333548387097,-1.5000000000000002,-0.0,620.0333548387097,1.5000000000000002,-0.0,752.8976451612901,-1.0,-0.0,752.8976451612901,1.0,-0.0
case_000,0.84,0.0,15.0,0.0,0.0,0.0,0.0,0.0,True,620.0333548387097,-1.5000000000000002,-0.0,620.0333548387097,1.5000000000000002,-0.0,752.8976451612901,-1.0,-0.0,752.8976451612901,1.0,-0.0
case_000,0.845,0.0,15.0,0.0,0.0,0.0,0.0,0.0,True,620.0333548387097,-1.5000000000000002,-0.0,620.0333548387097,1.5000000000000002,-0.0,752.8976451612901,-1.0,-0.0,752.8976451612901,1.0,-0.0
case_000,0.85,0.0,15.0,0.0,0.0,0.0,0.0,0.0,True,620.0333548387097,-1.5000000000000002,-0.0,620.0333548387097,1.5000000000000002,-0.0,752.8976451612901,-1.0,-0.0,752.8976451612901,1.0,-0.0
case_000,0.855,0.0,15.0,0.0,0.0,0.0,0.0,0.0,True,620.0333548387097,-1.5000000000000002,-0.0,620.0333548387097,1.5000000000000002,-0.0,752.8976451612901,-1.0,-0.0,752.8976451612901,1.0,-0.0
case_000,0.86,0.0,15.0,0.0,0.0,0.0,0.0,0.0,True,620.0333548387097,-1.5000000000000002,-0.0,620.0333548387097,1.5000000000000002,-0.0,752.8976451612901,-1.0,-0.0,752.8976451612901,1.0,-0.0
case_000,0.865,0.0,15.0,0.0,0.0,0.0,0.0,0.0,True,620.0333548387097,-1.5000000000000002,-0.0,620.0333548387097,1.5000000000000002,-0.0,752.8976451612901,-1.0,-0.0,752.8976451612901,1.0,-0.0
case_000,0.87,0.0,15.0,0.0,0.0,0.0,0.0,0.0,True,620.0333548387097,-1.5000000000000002,-0.0,620.0333548387097,1.5000000000000002,-0.0,752.8976451612901,-1.0,-0.0,752.8976451612901,1.0,-0.0
case_000,0.875,0.0,15.0,0.0,0.0,0.0,0.0,0.0,True,620.0333548387097,-1.5000000000000002,-0.0,620.0333548387097,1.5000000000000002,-0.0,752.8976451612901,-1.0,-0.0,752.8976451612901,1.0,-0.0
case_000,0.88,0.0,15.0,0.0,0.0,0.0,0.0,0.0,True,620.0333548387097,-1.5000000000000002,-0.0,620.0333548387097,1.5000000000000002,-0.0,752.8976451612901,-1.0,-0.0,752.8976451612901,1.0,-0.0
case_000,0.885,0.0,15.0,0.0,0.0,0.0,0.0,0.0,True,620.0333548387097,-1.5000000000000002,-0.0,620.0333548387097,1.5000000000000002,-0.0,752.8976451612901,-1.0,-0.0,752.8976451612901,1.0,-0.0
case_000,0.89,0.0,15.0,0.0,0.0,0.0,0.0,0.0,True,620.0333548387097,-1.5000000000000002,-0.0,620.0333548387097,1.5000000000000002,-0.0,752.8976451612901,-1.0,-0.0,752.8976451612901,1.0,-0.0
case_000,0.895,0.0,15.0,0.0,0.0,0.0,0.0,0.0,True,620.0333548387097,-1.5000000000000002,-0.0,620.0333548387097,1.5000000000000002,-0.0,752.8976451612901,-1.0,-0.0,752.8976451612901,1.0,-0.0
case_000,0.9,0.0,15.0,0.0,0.0,0.0,0.0,0.0,True,620.0333548387097,-1.5000000000000002,-0.0,620.0333548387097,1.5000000000000002,-0.0,752.8976451612901,-1.0,-0.0,752.8976451612901,1.0,-0.0
case_000,0.905,0.0,15.0,0.0,0.0,0.0,0.0,0.0,True,620.0333548387097,-1.5000000000000002,-0.0,620.0333548387097,1.5000000000000002,-0.0,752.8976451612901,-1.0,-0.0,752.8976451612901,1.0,-0.0
case_000,0.91,0.0,15.0,0.0,0.0,0.0,0.0,0.0,True,620.0333548387097,-1.5000000000000002,-0.0,620.0333548387097,1.5000000000000002,-0.0,752.8976451612901,-1.0,-0.0,752.8976451612901,1.0,-0.0
case_000,0.915,0.0,15.0,0.0,0.0,0.0,0.0,0.0,True,620.0333548387097,-1.5000000000000002,-0.0,620.0333548387097,1.5000000000000002,-0.0,752.8976451612901,-1.0,-0.0,752.8976451612901,1.0,-0.0
case_000,0.92,0.0,15.0,0.0,0.0,0.0,0.0,0.0,True,620.0333548387097,-1.5000000000000002,-0.0,620.0333548387097,1.5000000000000002,-0.0,752.8976451612901,-1.0,-0.0,752.8976451612901,1.0,-0.0
case_000,0.925,0.0,15.0,0.0,0.0,0.0,0.0,0.0,True,620.0333548387097,-1.5000000000000002,-0.0,620.0333548387097,1.5000000000000002,-0.0,752.8976451612901,-1.0,-0.0,752.8976451612901,1.0,-0.0
case_000,0.93,0.0,15.0,0.0,0.0,0.0,0.0,0.0,True,620.0333548387097,-1.5000000000000002,-0.0,620.0333548387097,1.5000000000000002,-0.0,752.8976451612901,-1.0,-0.0,752.8976451612901,1.0,-0.0
case_000,0.935,0.0,15.0,0.0,0.0,0.0,0.0,0.0,True,620.0333548387097,-1.5000000000000002,-0.0,620.0333548387097,1.5000000000000002,-0.0,752.8976451612901,-1.0,-0.0,752.8976451612901,1.0,-0.0
case_000,0.9400000000000001,0.0,15.0,0.0,0.0,0.0,0.0,0.0,True,620.0333548387097,-1.5000000000000002,-0.0,620.0333548387097,1.5000000000000002,-0.0,752.8976451612901,-1.0,-0.0,752.8976451612901,1.0,-0.0
case_000,0.9450000000000001,0.0,15.0,0.0,0.0,0.0,0.0,0.0,True,620.0333548387097,-1.5000000000000002,-0.0,620.0333548387097,1.5000000000000002,-0.0,752.8976451612901,-1.0,-0.0,752.8976451612901,1.0,-0.0
case_000,0.9500000000000001,0.0,15.0,0.0,0.0,0.0,0.0,0.0,True,620.0333548387097,-1.5000000000000002,-0.0,620.0333548387097,1.5000000000000002,-0.0,752.8976451612901,-1.0,-0.0,752.8976451612901,1.0,-0.0
case_000,0.9550000000000001,0.0,15.0,0.0,0.0,0.0,0.0,0.0,True,620.0333548387097,-1.5000000000000002,-0.0,620.0333548387097,1.5000000000000002,-0.0,752.8976451612901,-1.0,-0.0,752.8976451612901,1.0,-0.0
case_000,0.96,0.0,15.0,0.0,0.0,0.0,0.0,0.0,True,620.0333548387097,-1.5000000000000002,-0.0,620.0333548387097,1.5000000000000002,-0.0,752.8976451612901,-1.0,-0.0,752.8976451612901,1.0,-0.0
case_000,0.965,0.0,15.0,0.0,0.0,0.0,0.0,0.0,True,620.0333548387097,-1.5000000000000002,-0.0,620.0333548387097,1.5000000000000002,-0.0,752.8976451612901,-1.0,-0.0,752.8976451612901,1.0,-0.0
case_000,0.97,0.0,15.0,0.0,0.0,0.0,0.0,0.0,True,620.0333548387097,-1.5000000000000002,-0.0,620.0333548387097,1.5000000000000002,-0.0,752.8976451612901,-1.0,-0.0,752.8976451612901,1.0,-0.0
case_000,0.975,0.0,15.0,0.0,0.0,0.0,0.0,0.0,True,620.0333548387097,-1.5000000000000002,-0.0,620.0333548387097,1.5000000000000002,-0.0,752.8976451612901,-1.0,-0.0,752.8976451612901,1.0,-0.0
case_000,0.98,0.0,15.0,0.0,0.0,0.0,0.0,0.0,True,620.0333548387097,-1.5000000000000002,-0.0,620.0333548387097,1.5000000000000002,-0.0,752.8976451612901,-1.0,-0.0,752.8976451612901,1.0,-0.0
case_000,0.985,0.0,15.0,0.0,0.0,0.0,0.0,0.0,True,620.0333548387097,-1.5000000000000002,-0.0,620.0333548387097,1.5000000000000002,-0.0,752.8976451612901,-1.0,-0.0,752.8976451612901,1.0,-0.0
case_000,0.99,0.0,15.0,0.0,0.0,0.0,0.0,0.0,True,620.0333548387097,-1.5000000000000002,-0.0,620.0333548387097,1.5000000000000002,-0.0,752.8976451612901,-1.0,-0.0,752.8976451612901,1.0,-0.0
case_000,0.995,0.0,15.0,0.0,0.0,0.0,0.0,0.0,True,620.0333548387097,-1.5000000000000002,-0.0,620.0333548387097,1.5000000000000002,-0.0,752.8976451612901,-1.0,-0.0,752.8976451612901,1.0,-0.0
case_000,1.0,5.324487406540335e-08,14.999999999999998,0.0,-6.704324908577837e-12,-4.237777634700624e-09,-4.4689359128824435e-06,-5.107792162561964e-06,True,620.0333570731802,-1.4999999999947111,7.077671781985373e-14,620.0333526042443,1.5000000000052889,-7.077671781985373e-14,752.8976477151839,-0.9999999999943492,7.022160630754115e-14,752.8976426073917,1.0000000000056508,-7.022160630754115e-14
case_000,1.0050000000000001,0.17281742254244462,14.999999670605087,0.0666666666666682,0.0001248446193583959,0.001584846078231227,3.3741971160716275,1.8534614954140807,True,618.3481587471267,-1.500098487264358,-1.3178651738221525e-06,621.7223558631983,1.4999015287104904,1.3186639162277025e-06,751.9705921244532,-1.0001052285589416,-1.3077373611225518e-06,753.8240536198673,0.9998947604141267,1.307002232331378e-06
case_000,1.01,0.31955985150179733,14.99999762972516,0.13333333333333347,0.0008755483921350948,0.0057633271821208015,9.157218104143794,6.568598532409851,True,615.4645781445228,-1.5006907480124985,-9.239944589622962e-06,624.6217962486666,1.4993094592972238,9.250310075648027e-06,749.611237948745,-1.0007379413601776,-9.173802130502118e-06,756.1798364811549,0.9992619062155561,9.163640512732663e-06
case_000,1.0150000000000001,0.4523367143683913,14.999992716690612,0.20000000000000168,0.0026062847218541207,0.011847509820011398,16.493644379990656,13.220758734683614,True,611.8113279574161,-1.5020562923763305,-2.7499105674788638e-05,628.3049723374068,1.4979445590376317,2.7541676371589663e-05,746.2813891211022,-1.0021965533674155,-2.731542362927053e-05,759.5021478557858,0.9978027724169587,2.727047592082643e-05
case_000,1.02,0.5787886858070346,14.99998411106581,0.26666666666666694,0.005480692846211609,0.019333262113326696,24.847439415489134,21.21313101752071,True,607.6559725729293,-1.5043243055582474,-5.781740535165669e-05,632.5034119884184,1.4956778767024173,5.792651837466245e-05,742.2794314418071,-1.0046188465804564,-5.7456417717205444e-05,763.4925624593278,0.9953792713236309,5.733094465598665e-05
case_000,1.025,0.7036212388696557,14.999971162137234,0.33333333333333215,0.009549151076622539,0.027850788964630252,33.88546795052207,30.160811856751025,True,603.1642007762212,-1.5075345639419737,-0.0001007239067431498,637.0496687267432,1.4924697516454057,0.00010093968606272874,737.7979464453173,-1.008047123319563,-0.0001001351838048059,767.9587583020683,0.9919487754394626,9.986176773818523e-05
case_000,1.03,0.8296306169934874,14.99995329316335,0.40000000000000036,0.014797081738051665,0.037128530673623816,43.40188196411316,39.81467541185032,True,598.4380357837595,-1.5116755301304117,-0.00015606518126121127,641.8399177478726,1.4883317012167177,0.0001564267484441273,732.9615910275361,-1.012468927828712,-0.00015521026062531584,772.7762664393864,0.9875234046292157,0.00015469909114851355
case_000,1.035,0.9583840110977125,14.999929948180537,0.4666666666666656,0.02117464328270241,0.04696683673225089,53.269495800982554,50.01177610451191,True,593.5402773873541,-1.5167077795693145,-0.0002233186154313449,646.8097731883366,1.4833030029055436,0.00022385773868371928,727.8518087791522,-1.0178420722617503,-0.0002221714014037368,777.8635848836641,0.9821449959228474,0.000221309280363291
case_000,1.04,1.090667533452856,14.999900563634368,0.5333333333333339,0.02861459631092626,0.05721875354827376,63.40885733294999,60.64330675076678,True,588.5099841809451,-1.522578103649057,-0.00030178060196472956,651.9188415138951,1.4774366096516995,0.0003025162658177316,722.5228191475782,-1.0241096917070882,-0.00030032697360465876,783.166125898345,0.9758700392671131,0.0002989757051878872
case_000,1.045,1.2267793938276887,14.999864554673234,0.5999999999999991,0.03704275043642816,0.06777598966848304,73.7688426777928,71.63410456144197,True,583.3721535877306,-1.5292277612526886,-0.00039067635620304575,657.1409962655234,1.4707909180705212,0.00039161031982259953,717.0118628048682,-1.0312090451145643,-0.00038891368815519023,788.6459673663102,0.9687608666949523,0.0003869078087296862
case_000,1.05,1.366720492936409,14.999821310090196,0.6666666666666673,0.046383834388131914,0.07855864994459988,84.3146876950999,82.92969809732426,True,578.1436736716133,-1.5365971189904613,-0.0004892214612555734,662.4583613667132,1.4634251457592045,0.0004903346937728537,711.3456918811634,-1.039076459144005,-0.00048715834966522875,794.2753899784876,0.9608807001119032,0.00048430229994983476
case_000,1.055,1.510317331056135,14.999770192260698,0.7333333333333325,0.056564599742883234,0.08950771725958197,95.0207719439544,94.48824239134603,True,572.8369011059152,-1.5446281075728578,-0.000596654286387166,667.8576730498696,1.4553968891061226,0.0005979041113262085,705.5446231054833,-1.047649941445411,-0.0005943105532624782,800.0328654968293,0.9522910321734294,0.0005903754609987155
case_000,1.06,1.6573004229191817,14.999710539820098,0.8000000000000007,0.06751529832074246,0.10057954470424685,105.8664033410364,106.27559582536412,True,567.4617452297936,-1.5532653935865137,-0.0007122513154558252,673.32814857083,1.4467609623816124,0.0007135690984796939,699.6250224921797,-1.0568704244663378,-0.0007096582571198273,805.9006183175438,0.9430503794368585,0.0007043785170310346
case_000,1.065,1.8073537542647171,14.999641671710968,0.866666666666666,0.07917024213474794,0.11174181018850739,116.8334593660851,118.26238431668219,True,562.026830910086,-1.5624568261369676,-0.0008353328558497464,678.8602902761711,1.4375689592426872,0.0008366220998663465,693.6007964014658,-1.0666822372594456,-0.0008325336586034182,811.863180718148,0.933213810181951,0.0008256034875612772
case_000,1.07,1.96014536681178,14.999562891737883,0.9333333333333342,0.0914678731445639,0.12297054738658711,127.90515918956078,130.42231230222148,True,556.5401022625875,-1.5721534957061116,-0.0009652636223950184,684.4452614521483,1.4278691999819553,0.0009663983679720767,687.4842580190966,-1.0770331652717509,-0.0009623138585658775,817.9065703213181,0.9228328866071058,0.0009533839831204483
case_000,1.075,2.115345823517754,14.99947349312532,0.9999999999999994,0.10435059786906453,0.13424796318659876,139.06549888134953,142.7312347044567,True,551.009099985247,-1.5823096067313616,-0.0011014508732604122,690.0745988665965,1.4177068636599925,0.0011022743346119634,681.2866116496039,-1.0878743129093342,-0.0010984189978721637,824.0178463540606,0.9119558062125849,0.0010870936049764968
case_000,1.08,2.272638942949231,14.999372762791225,1.0666666666666678,0.1177645300689993,0.14556083073854847,150.2990590220354,155.16668164403643,True,545.4410564743386,-1.592882277159775,-0.0012433415956127902,695.740115496374,1.4071241924456377,0.0012436649913044606,675.0182087223396,-1.0991598893819183,-0.0012403093799389642,830.1848903663761,0.9006276214438279,0.0012261434335327226
case_000,1.085,2.4317276445123666,14.999259985176359,1.1333333333333329,0.1316592186632537,0.15689930613699585,161.5910062855677,167.7076420732185,True,539.8428968654629,-1.6038313260426762,-0.0013904195458708801,701.4339031510306,1.3961607074960496,0.00139002110326103,668.6886724079212,-1.110846982678453,-0.0013874824001137154,836.3963144811397,0.8888904723604492,0.0013699794006782895
case_000,1.09,2.5923367522446177,14.999134445560436,1.200000000000001,0.14598739756850423,0.16825605569024335,172.92718209299653,180.3344857759363,True,534.2211985688394,-1.6151190782684455,-0.0015422025242682325,707.148380661836,1.3848534075868442,0.0015408266520998692,662.3069511645017,-1.1228953524226453,-0.0015394696779503225,842.641436940438,0.876783801226483,0.0015180799184478233
case_000,1.095,2.754213938049096,14.998995432846835,1.2666666666666664,0.16070477153934895,0.17962561159439597,184.2942168649148,193.02895098772728,True,528.5821393136282,-1.6267101976364529,-0.0016982400276194798,712.876356178543,1.3732369394790913,0.0016955966606660433,655.8813376695596,-1.1352672533214228,-0.0016958345499875072,848.9102886572869,0.8643445370030021,0.0016699539012047793
case_000,1.1,2.9171295546373615,14.998842241829571,1.3333333333333346,0.17576983951892763,0.19100389555654843,195.6796367104056,205.7741552242477,True,522.9314497156015,-1.6385715495241013,-0.0018581112934711874,718.6110864260071,1.3613437388814753,0.0018538754186515627,649.419474428975,-1.1479272903480149,-0.0018561699475854732,855.1936296532227,0.85160724833894,0.0018251391884040458
case_000,1.105,3.080875827798102,14.99867417497402,1.4,0.19114375085180105,0.20238786605364775,207.0719466888545,218.5546060458962,True,517.274377860935,-1.6506720895112428,-0.002021423685363344,724.3463245497895,1.3492041456908583,0.0020152350611161163,642.9283577836488,-1.160842301630888,-0.002020096618523093,861.482963829545,0.8386042688673796,0.0019832013118697422
case_000,1.11,3.245265701880462,14.998490543753146,1.4666666666666681,0.20679018757324208,0.21377525668728295,218.4606846183259,231.35619991511805,True,511.61566858100616,-1.6629827726140363,-0.0021878113476937466,730.0763531993321,1.3368464988530888,0.002179274428097011,636.4143463217547,-1.17398126323825,-0.0021872616273174716,867.7705462368727,0.8253658004367064,0.0021437325304916044
case_000,1.115,3.410131515314804,14.99829066958459,1.5333333333333332,0.22267526536685453,0.22516438173632372,229.83644545712684,244.16620462530602,True,505.9595571548955,-1.6754764772761626,-0.0023569340528246108,735.7960026120223,1.324297216661526,0.002345618126213589,629.8831760352679,-1.1873152095381316,-0.002357337061727416,874.0493806605739,0.8119200004453473,0.0023063510497154383
case_000,1.12,3.575323610740399,14.998073884415117,1.6000000000000014,0.2387674464610531,0.2365539913120359,241.19087926136592,256.9732248029409,True,500.3097757581038,-1.6881279387909385,-0.002528476170738536,741.5006550194697,1.3115808677648613,0.00251391571983256,623.3399825479397,-1.2008171634020877,-0.0025300188789392775,880.3132073508806,0.7982930588928296,0.002470700351379196
case_000,1.125,3.740708944290673,14.9978395309985,1.6666666666666667,0.25503745919479226,0.2479431632066457,252.51666672882044,269.76715187360253,True,494.6695705209473,-1.7009136879687372,-0.0027021457074994926,747.1862372497677,1.298720236993874,0.002683840994248343,616.7893298032034,-1.2144620717635493,-0.002705025839392694,886.5564816768059,0.7845092695418111,0.0026364485755638323
case_000,1.1300000000000001,3.9061697287646027,14.997586962910507,1.733333333333335,0.2714582200471511,0.259331221908634,263.8074769391145,282.53910112026347,True,489.0417268083629,-1.713811991702905,-0.002877673370045908,752.8492037474774,1.285736389276426,0.0028550912445329257,610.2352439809079,-1.2282267429499838,-0.0028820984866096966,892.7743451011713,0.7705910986998025,0.0028032879080139295
case_000,1.135,4.071602129703913,14.997315544341854,1.8,0.28800475516727153,0.2707176777703167,275.0579116870841,295.281338772441,True,483.428600474024,-1.7268027930656764,-0.0030548116280096904,758.4865121611081,1.2726487339297656,0.0030273865567744807,603.6812512603606,-1.2420897832647275,-0.003060998143735394,898.9625900328016,0.7565592540923802,0.0029709339403481416
case_000,1.1400000000000001,4.236915023994942,14.99702464970678,1.8666666666666685,0.3046541194916999,0.28210218115663666,286.2634403665521,307.98720202531945,True,477.83215308976446,-1.7398676493951044,-0.0032333337542798657,764.0955934563166,1.2594750907923256,0.003200469059586264,597.1304180703436,-1.256031531188547,-0.003241505907923825,905.117620095663,0.7424327554228618,0.003139124981860808
case_000,1.145,4.402028829580654,14.996713663102758,1.9333333333333333,0.3213853127304391,0.2934844877299791,297.4203283887938,320.6510142559638,True,472.2539896610948,-1.7529896677760717,-0.0034130328385936215,769.6743180498886,1.2462317587170983,0.0033741021364233625,590.585392791673,-1.2700339885862788,-0.0034234216356325287,911.2364070476368,0.7282290072153842,0.003307621314797504
case_000,1.1500000000000001,4.566873912648973,14.99638197709401,2.0,0.338179192714094,0.30486447300019404,308.5256049238994,333.2680464427374,True,466.6953757862132,-1.766153438273567,-0.003593720781164933,775.2209807101126,1.2329335859959694,0.003548069602097581,584.0484233349589,-1.2840807493314328,-0.003606562924125478,917.3164697776963,0.713963873524195,0.0034762043981183544
case_000,1.155,4.570742917909751,14.996049725470646,2.0,0.3549026824807177,0.3147721404484839,316.4380299298465,344.12378815189777,True,462.5605669585708,-1.7792663937546975,-0.0037740053833532072,778.9985968884173,1.2196726163030822,0.003720953288313955,578.3830280252361,-1.2980597466715236,-0.003789529092865729,922.5068161771338,0.6997496344080285,0.0036434877715975644
case_000,1.16,4.598692296971367,14.99573264531075,2.0,0.3710759228991141,0.32224275564166005,322.05625709505716,352.28868114482225,True,459.57243718000655,-1.7919389145096776,-0.00394882426829235,781.6286942750637,1.206838293420534,0.003887681865171355,574.0585333549387,-1.311567840759664,-0.003967205522840134,926.347214499761,0.6859921189256086,0.0038045360971238895
case_000,1.165,4.639916792821392,14.995425354261405,2.0,0.3863582796550474,0.32788774091824585,326.1920102501495,358.6268113868289,True,457.32714917831316,-1.8039026156233553,-0.004114570365654435,783.5191594284627,1.194699415325078,0.0040446689214830855,570.6422654713851,-1.3243192133719148,-0.0041359378079393605,929.269076858214,0.6729797670131593,0.003955869749552365
case_000,1.17,4.687445001972273,14.995124281262662,2.0,0.4005898898327875,0.332163541657464,329.360911737074,363.7030532003448,True,455.5670271073597,-1.815031796057091,-0.004269537061212858,784.9279388444337,1.1833824294828672,0.004190245168043394,567.8528914589938,-1.3361801790247385,-0.004293980785927576,931.5559446593386,0.6608483989681856,0.004095885887714923
case_000,1.175,4.736882346951119,14.994827112314614,2.0,0.41371963369347237,0.3354108750969765,331.88675247365603,367.8851081941625,True,454.12974661506036,-1.8252865606052908,-0.004413162070622201,786.0164990887164,1.1729281334690362,0.004323893440830895,565.5085811203918,-1.347108592921107,-0.004440736127249489,933.3936893145543,0.6496420515626145,0.004224112313860995
case_000,1.18,4.785543770251521,14.994532402394995,2.0,0.42575935847200036,0.33788424295749336,333.9706296477679,371.4120067861511,True,452.91435554290484,-1.8346766915776906,-0.0045455460218540855,786.8849851906728,1.1633277255981318,0.004445763399584024,563.4922413996142,-1.3571153331237913,-0.004576268443265363,934.9042481857653,0.6393516316786882,0.0043407326358468334
case_000,1.185,4.831864512560204,14.99423930313996,2.0,0.4367552931355544,0.339773949205261,335.7362841376338,374.4396180446108,True,451.85883419082666,-1.8432391007454159,-0.0046671512781871205,787.5951183284604,1.1545453266206385,0.0045563690333224605,561.728447673044,-1.3662402392779005,-0.004701003688647565,936.1680657176548,0.6299390452774435,0.004446289182271024
case_000,1.19,4.875004063502175,14.99394737149738,2.0,0.44677058184699653,0.34122248108238734,337.25950631441486,377.0706084951121,True,450.925447895206,-1.8510240591941518,-0.004778617589255296,788.1849542096209,1.1465317465905076,0.004656404147741933,560.1682802178382,-1.37453740268834,-0.004815545387110487,937.2388887129503,0.6213519333526576,0.004541500963630485
case_000,1.195,4.914582359432878,14.993656435371799,2.0,0.45587491430561206,0.34233668433210473,338.58697102185886,379.37397348459046,True,450.09130523927536,-1.8580870260141404,-0.004880652492375959,788.6782762611342,1.1392326603784635,0.0047466329769411675,558.7794564766768,-1.3820664263413291,-0.0049205659860288575,938.1534299612673,0.6135324136138113,0.004627155140566608
case_000,1.2,4.950505607903813,14.993366499523804,2.0,0.4641386154264308,0.3431968124355572,339.7481216689604,381.39763260315203,True,449.3423589041961,-1.8644839921900476,-0.0049739688124975645,789.0904805731565,1.1325932675147694,0.00482782787017122,557.53998229137,-1.3888874372347104,-0.005016745346376861,938.9376148945221,0.6064220567308771,0.004704044752137648
case_000,1.205,4.9828524182160265,14.993077679976093,2.0,0.4716294838497302,0.3438632532063102,340.76252579907265,383.1764458717979,True,448.6696615099659,-1.8702689892912827,-0.005059251286520461,789.4321873090386,1.126560783264074,0.004900735904534159,556.4341238323804,-1.3950584127414387,-0.0051047382191347634,939.6105697041783,0.5999645425104466,0.0047729350281920935
case_000,1.21,5.01180008121548,14.992790158535726,2.0,0.4784112779910896,0.34438153763884816,341.6443236495076,384.73724384589786,True,448.0670768650203,-1.8754928942116298,-0.005137140707787258,789.7114005145279,1.121085628702302,0.004966062770380808,555.4498909191145,-1.4006338948533774,-0.005185159032378817,940.1871347650124,0.594106926450918,0.0048345468963829075
case_000,1.215,5.0375775762245985,14.99250415160632,2.0,0.48454316055953794,0.34478606777578125,342.40482438198717,386.1019175905071,True,447.52992462779423,-1.8802029868681607,-0.0052082283075627345,789.9347490097814,1.1161218631720922,0.005024466660560334,554.5775008657623,-1.4056645127508747,-0.005258576687858785,940.6794184562694,0.5888000987906874,0.004889550553254962
case_000,1.22,5.0604360342495545,14.992219889021296,2.0,0.4900796672286016,0.3451029003995894,343.05395605411286,387.2892782637971,True,447.054207097613,-1.8844429189662082,-0.005273055764344503,790.1081631517259,1.1116272019373097,0.005076557600736942,553.8084631167324,-1.41019694825024,-0.005325514775907314,941.0977413805294,0.5839988027897651,0.00493856459442138
case_000,1.225,5.080630684286865,14.991937599995282,2.0,0.49507094155618775,0.34535182250893814,343.60101204541604,388.3161366169038,True,446.6361972224387,-1.8882528911162988,-0.005332118089716897,790.2372092678547,1.1075628228735028,0.005122899525629665,553.1350565411115,-1.4142741270731611,-0.005386454485475756,941.4511931580153,0.5796614299756325,0.004982158025611694
case_000,1.23,5.098410151689173,14.9916575040366,2.0,0.4995630816332217,0.3455479041163276,344.05498697675154,389.19790646368153,True,446.2722406676748,-1.8916699170977307,-0.005385867731230731,790.3272276444263,1.1038930845173784,0.00516401349755119,552.5500456810944,-1.4179355057555452,-0.005441838586789816,941.7479521447759,0.5757497226684543,0.00502085354092785
case_000,1.235,5.114010462197678,14.991379805338783,2.0,0.5035985136797121,0.345702660755732,344.42468162144866,389.94892218779626,True,445.95868132450306,-1.8947281089758867,-0.005434718972235797,790.3833629459517,1.1005852227632928,0.005200381196930115,552.046539967592,-1.4212173826933159,-0.005492075601369439,941.9954621553883,0.5722284552118831,0.00505513117796863
case_000,1.24,5.127652010054329,14.991104689594504,2.0,0.5072163482854902,0.3458249242770432,344.718687967935,390.58259129383214,True,445.6918536676636,-1.8974589486125706,-0.005479052139725049,790.4105416355986,1.0976090615137948,0.005232448238193743,551.6179349017398,-1.424153195876961,-0.00553754370244236,942.2005261955719,0.5690651311493472,0.0050854318789647635
case_000,1.245,5.139538348814585,14.99083232247594,2.0,0.5104526993248095,0.3459214959214835,344.94532154921984,391.1114579012243,True,445.4681073658259,-1.8998915302001975,-0.00551921739240796,790.4134289150458,1.0949367533302254,0.005260627117073036,551.2578970323481,-1.4267737903408502,-0.005578594145962845,942.3693549335724,0.5662297130398553,0.0051121607394728485
case_000,1.25,5.149856071771617,14.990562849246247,2.0,0.5133409599463927,0.34599763723056354,345.11253935552816,391.5472230826291,True,445.28384399895936,-1.9020527696805525,-0.0055555380176621205,790.3963833544875,1.0925425547124008,0.005285299742467442,550.9603697309763,-1.42910765045779,-0.005615554183643012,942.5075928136054,0.563694389482154,0.005135689875989613
case_000,1.2550000000000001,5.158775323359932,14.990296395127933,2.0,0.5159120371345743,0.34605743916782256,345.2278636245361,391.90074845020456,True,445.1355548629101,-1.903967582431499,-0.005588313244115295,790.3634184874462,1.0904026349859315,0.005306819577717503,550.7195865695745,-1.4311810981998911,-0.005648729482969905,942.6203350197791,0.5614333779470159,0.005156360918847802
case_000,1.26,5.166450650533229,14.99003306616076,2.0,0.5181945499059125,0.3461041001082108,345.2983212515955,392.18205778976164,True,445.01985420111686,-1.9056590333445076,-0.0056178206177081025,790.3181754527124,1.0884949148993837,0.005325513450392727,550.5300849532218,-1.4330184615022876,-0.005678406116062518,942.7121427429835,0.5594227590166108,0.005174487174615994
case_000,1.2650000000000001,5.173022016389145,14.989772950361267,2.0,0.520214997393215,0.34614013549485373,345.33040213915905,392.4003440955214,True,444.93350551640566,-1.9071484642943106,-0.005644318004281168,790.2639076555647,1.086798930049016,0.005341683099587713,550.3867163906292,-1.4346422178812366,-0.005704852190731247,942.7870604861506,0.5576403366427629,0.005190355515584999
case_000,1.27,5.178615869737775,14.989516119052114,2.0,0.5219979030150179,0.3461675362126694,345.33003625584644,392.56398496288966,True,444.8734404829684,-1.9084556039114935,-0.005668045283358514,790.2034767388149,1.0852957142512931,0.005355606526952106,550.284651977263,-1.436073118426193,-0.005728319195635323,942.8486369401527,0.5560655190948348,0.005204228054259519
case_000,1.2750000000000001,5.1833462092705185,14.98926262826938,2.0,0.5235659402558352,0.34618788844110615,345.30258736465896,392.68056678804396,True,444.83677096910674,-1.9095986640004645,-0.005689225792437025,790.1393583337657,1.0839676984821296,0.005367539208831484,550.2193829083374,-1.4373302967311552,-0.005749043123540409,942.8999496963813,0.5546792158477513,0.005216343654577127
case_000,1.28,5.187315608807368,14.98901252018442,2.0,0.5249400446634028,0.34620246454761017,345.2528606154854,392.7569168934009,True,444.8207951395214,-1.9105944261908394,-0.005708067572748665,790.0736557550068,1.0827986217017123,0.005377715215832357,550.1867164895547,-1.4384313665670472,-0.005767245426306911,942.9436333829556,0.5534637464466015,0.005226919322699086
case_000,1.285,5.19061618694588,14.988765824497412,2.0,0.5261395157140226,0.34621229219101046,345.1851210378863,392.7991420873137,True,444.82299875315067,-1.911458321635113,-0.005724764458385823,790.008119791037,1.081773450618601,0.005386348275028874,550.1827684053225,-1.4393925113015975,-0.005783133844584842,942.9819104926362,0.5524027581991457,0.005236151510867704
case_000,1.29,5.193330514336516,14.988522559774173,2.0,0.5271821113158577,0.3462182070137542,345.1031201396356,392.8126719794933,True,444.841052746987,-1.9122045058545718,-0.005739497042109687,789.9441728866226,1.080878306128284,0.005393632799987447,550.2039520856462,-1.4402285673385053,-0.005796903145420584,943.0166240651395,0.551481150298495,0.005244217359138492
case_000,1.295,5.195532457393449,14.988282734708447,2.0,0.5280841369620801,0.3462208929609838,345.0101281449543,392.80230542376546,True,444.8728080841624,-1.912845930227048,-0.005752433543641078,789.8829362291167,1.0801003947504197,0.005399744905302373,550.2469659785104,-1.4409531032156493,-0.005808735792583841,943.0492714022758,0.5506850026240276,0.005251275892318719
case_000,1.3,5.197287960202908,14.988046349299154,2.0,0.5288605309253918,0.3462209132592305,344.9089697923736,392.7722586307742,True,444.91628869670916,-1.9133944111144687,-0.005763730599975148,789.8252584890828,1.0794279438729584,0.005404843415488192,550.3087794422134,-1.4415784954849107,-0.005818802567545744,943.0810380729877,0.5500015079972566,0.005257469183326979
case_000,1.305,5.1986557677872165,14.987813395937518,2.0,0.5295249463976949,0.34621873433347083,344.8020619987441,392.726213715076,True,444.969683199595,-1.9138606972406333,-0.005773533992234403,789.7717451983391,1.0788501399938946,0.005409070872804733,550.3866178568949,-1.4421160020898482,-0.005827263153610596,943.1128315719709,0.5494189070853072,0.005262923489403437
case_000,1.31,5.199688094391679,14.987583860402681,2.0,0.5300898311091728,0.346214744375385,344.69145205239045,392.66736667272573,True,445.0313359084097,-1.9142545356380631,-0.005781979319671948,789.7227879608001,1.078357069443031,0.0054125545446869205,550.4779474365499,-1.442575833650096,-0.005834266691560008,943.1453141092757,0.5489264254602192,0.00526775036400251
case_000,1.315,5.200431240496586,14.987357722767042,2.0,0.5305665046916652,0.3462092678508059,344.57885531142927,392.5984740047786,True,445.0997375663079,-1.9145847362725894,-0.005789192628477824,789.6785928777372,1.0779396612809087,0.005415407428723373,550.5804601130645,-1.4429672228379062,-0.005839952312107599,943.1789341178431,0.5485142125529877,0.005272047744620867
case_000,1.32,5.200926162061576,14.9871349582143,2.0,0.5309652338635241,0.3462025769153144,344.46569164864655,392.521897397942,True,445.1735160785236,-1.914859235310029,-0.005795291000875724,789.6392077271702,1.0775896322237026,0.005417729251328385,550.6920587672781,-1.4432984918772227,-0.005844449648283678,943.2139561652201,0.5481732824026317,0.005275901015059203
case_000,1.325,5.201208995227263,14.986915537774456,2.0,0.5312953053899878,0.34619490046736084,344.3531201036233,392.4396460419355,True,445.2514274652331,-1.9150851568974003,-0.005800383108441998,789.6045475688564,1.077299433544974,0.005419607455206421,550.8108430006744,-1.4435771180948456,-0.005847879329382022,943.2504890426098,0.5478954562073655,0.005279384039525492
case_000,1.33,5.20131153940456,14.98669942898067,2.0,0.531565096699553,0.3461864313883817,344.2420713801637,392.35341630358846,True,445.33234717375194,-1.9152688732791674,-0.005804569732508369,789.5744185539156,1.0770621999688987,0.0054211181702261135,550.9350955746974,-1.4438097973940203,-0.005850353457145074,943.2885118782858,0.5476733067497225,0.005282560165401462
case_000,1.335,5.2012617014138005,14.986486596453327,2.0,0.5317821440002499,0.3461773323843007,344.1332779677772,392.2646285922948,True,445.41526183690735,-1.9154160630469534,-0.005807944253794606,789.5485398046845,1.0768717006047615,0.005422327162260987,551.0632695918263,-1.444002505492681,-0.005851976064299436,943.3278981841211,0.5475001048010354,0.005285483191292961
case_000,1.34,5.201083903107089,14.98627700241689,2.0,0.531953207729879,0.3461677407413958,344.0273017757881,392.1744613429403,True,445.4992615232399,-1.9155317673204464,-0.005810593112971774,789.526563299028,1.0767222919869495,0.0054232907547956954,551.1939764515565,-1.444160556762885,-0.005852843555275655,943.3684377944968,0.547369767621587,0.005288198297055735
case_000,1.345,5.200799454721874,14.98607060715504,2.0,0.5320843351829483,0.34615777223340016,343.924559252389,392.08388211405213,True,445.58353249454734,-1.9156204436715145,-0.005812596243586821,789.5080917469363,1.076608873284733,0.0054240567185439015,551.3259745837385,-1.4442886605179621,-0.005853045128861034,943.4098566977906,0.5472768096680819,0.0052907429327562205
case_000,1.35,5.200426896065898,14.985867369409618,2.0,0.5321809201779039,0.3461475243595903,343.8253440239591,391.9936758536784,True,445.66735046449395,-1.915686017627292,-0.005814027478647399,789.492694488453,1.0765268437365862,0.005424665124901806,551.4581589394387,-1.4443909746140706,-0.005852663182578266,943.4518347931171,0.5472162956050997,0.005293147663916864
case_000,1.355,5.199982307517739,14.985667246728552,2.0,0.5322477596564037,0.3461370790507449,343.729847135694,391.9044704265375,True,445.7500743373618,-1.915731931617559,-0.00581495493210471,789.4799214730558,1.0764720623484798,0.005425149159713205,551.5895512041151,-1.4444711562592103,-0.0058517736987026,943.4940216306526,0.5471837956961133,0.005295436970868872
case_000,1.36,5.199479592734612,14.985470195767842,2.0,0.5322891071382444,0.34612650494769065,343.6381750069143,391.816759525444,True,445.8311403964594,-1.915761191263901,-0.0058154413564677765,789.4693154033737,1.0764408098770482,0.005425535894499345,551.7192906879255,-1.4445324099522097,-0.005850446611992022,943.5360502133695,0.5471753436253393,0.00529763000053729
case_000,1.365,5.198930734884066,14.985276172552286,2.0,0.5323087229884661,0.3461158593329851,343.5503652361181,391.7309231104573,True,445.91005690632136,-1.9157764089409466,-0.0058155444777974186,789.4604221424395,1.0764297530990967,0.005425847012988982,551.8466258424505,-1.444577532504514,-0.005848746159374807,943.5775489529078,0.547187396776582,0.005299741269504277
case_000,1.37,5.1983460281519935,14.985085132699378,2.0,0.532309921485299,0.3461051897781325,343.4664004041237,391.6472455322546,True,445.9863990904151,-1.915779844571754,-0.005815317309353751,789.4527994945388,1.0764359113496198,0.005426099491435243,551.9709063506948,-1.4446089551272576,-0.005846731212008516,943.6181518829494,0.5472167989706503,0.005301781317699594
case_000,1.375,5.1977342862216815,14.984897031610469,2.0,0.5322956147077235,0.34609453555505354,343.3862200305726,391.5659315035032,True,446.0598044458798,-1.9157734436492588,-0.005814808445192721,789.4460244764524,1.0764566252925163,0.0054263062318198885,552.0915757374211,-1.4446287825939441,-0.005844455590272357,943.6575072409242,0.5472607456400365,0.005303757312550006
case_000,1.3800000000000001,5.197103029364115,14.984711824632981,2.0,0.5322683532887099,0.3460839288502155,343.3097308411923,391.4871200847582,True,446.12996835821036,-1.915758872502896,-0.005814062335018022,789.4396991994026,1.0764895278721318,0.005426476647612755,552.2081644487952,-1.444638829514503,-0.005841968362379546,943.6952845335534,0.5473167513989778,0.005305673603865857
case_000,1.385,5.196458651725009,14.984529467197097,2.0,0.5322303641042365,0.34607339581201996,343.2368155015576,391.4108968506272,True,446.196639981141,-1.915737550853622,-0.005813119541597023,789.4334554826986,1.0765325173796414,0.0054266172022575665,552.3202833534879,-1.4446406537790561,-0.005839314127394579,943.731180204115,0.5473826199490347,0.005307532230147183
case_000,1.3900000000000001,5.195806570338909,14.98434991493013,2.0,0.5321835849887772,0.34606295745610605,343.16733996885836,391.3373043986444,True,446.25961835019103,-1.915710681721644,-0.0058120169820287115,789.4269583190494,1.0765837325567569,0.00542673190101145,552.4276176213788,-1.444635587249283,-0.005836533283508305,943.7649220200232,0.5474564162452136,0.00530933337735795
case_000,1.395,5.195151357342475,14.984173123751411,2.0,0.532129696585072,0.3460526304486834,343.10115960699574,391.26635135781964,True,446.318748701675,-1.9156792787689265,-0.005810788154125501,789.4199083086708,1.0766415296497627,0.005426822737153558,552.5299209404976,-1.4446247637917988,-0.0058336622824647355,943.7962722983173,0.5475364408352763,0.005311075791531006
case_000,1.4000000000000001,5.19449685679878,14.983999049950253,2.0,0.5320701514497853,0.34604242778450706,343.03812420279235,391.1980200470532,True,446.3739189726763,-1.9156441911733109,-0.005809463349123634,789.4120431754686,1.076704461319796,0.0054268900939154485,552.6270100375266,-1.444609144761487,-0.00583073387104921,943.8250300845798,0.5476212062751752,0.005312757146840819
case_000,1.405,5.193846287481293,14.983827650249362,2.0,0.532006200547287,0.3460323593733825,342.97808201277593,391.132272925852,True,446.4250564610598,-1.9156061261429183,-0.0058080698518814255,789.4031384738357,1.0767712573102148,0.00542693310376785,552.7187594718888,-1.4445895420535053,-0.00582777732054085,943.8510323977408,0.5477094155163991,0.005314374371012176
case_000,1.41,5.19320233290025,14.983658881855705,2.0,0.5319389172715464,0.34602243254694587,342.92088296103975,391.0690579712084,True,446.4721246280677,-1.9155656691885892,-0.005806632129659095,789.3930075891075,1.0768408067686313,0.005426949966924277,552.8050966779978,-1.444566638850764,-0.005824818645007057,943.8741546492062,0.5477999421560382,0.005315923930116984
case_000,1.415,5.19256721978672,14.983492702500726,2.0,0.5318692191412516,0.34601265249575824,342.8663810996877,391.00831310574677,True,446.51512002932543,-1.9155233022787976,-0.005805172010499293,789.3815011290131,1.0769121421197545,0.005426938231109235,552.8859972345813,-1.444541008199465,-0.005821880809275648,943.894310340328,0.5478918124375112,0.005317402074964173
case_000,1.42,5.191942786180168,14.9833290704715,2.0,0.5317978873160745,0.3460030226453761,342.81443643414383,390.9499697931643,True,446.55406936308856,-1.9154794200058713,-0.005803708852147982,789.3685057972324,1.0769844243850357,0.005426895034772894,552.9614803439606,-1.4445131295488909,-0.005818983927367016,943.9114501371249,0.5479841888887714,0.005318805051397535
case_000,1.425,5.191330540195267,14.983167944634303,2.0,0.5317255840827693,0.3459935449789293,342.7649162067347,390.89395590797585,True,446.5890266272679,-1.915434343894827,-0.005802259702372636,789.3539428340026,1.077056929846389,0.005426817316037447,553.0316045078139,-1.4444834033933387,-0.005816145452105126,943.9255604157897,0.5480763554852207,0.0053201292768966235
case_000,1.43,5.190731710472882,14.983009284451803,2.0,0.531652868458812,0.34598422031280257,342.7176957231022,390.8401979777195,True,446.62007037916044,-1.9153883349868561,-0.005800839451450324,789.3377661022627,1.0771290379533887,0.005426701989719174,553.0964633890544,-1.4444521641541164,-0.0058133803565608155,943.9366613667739,0.5481677042262408,0.005321371485921322
case_000,1.435,5.190147289250357,14.982853049995,2.0,0.5315802100588065,0.3459750485312226,342.67265879776716,390.78862288706125,True,446.6473010939075,-1.9153416048286984,-0.0057994609775131045,789.3199598916747,1.0772002203765656,0.005426546094808249,553.1561818524035,-1.444419691438177,-0.005810701307903177,943.9448047394648,0.5482577230170869,0.005322528846465113
case_000,1.44,5.189578068916187,14.982699201950854,2.0,0.5315080013651773,0.3459660287848782,342.6296978870669,390.73915912491816,True,446.6708386194346,-1.915294324997137,-0.00579813528535672,789.3005365065015,1.077270031113105,0.005426346914787106,553.2109121784333,-1.4443862198072899,-0.00580811883416793,943.9500713033515,0.5483459847514537,0.005323599050272243
case_000,1.445,5.18902467284668,14.98254770162639,2.0,0.5314365685399302,0.3459571596581155,342.588713970202,390.69173764772074,True,446.69081972715696,-1.9152466352847228,-0.005796871639235812,789.2795336973589,1.0773380975556586,0.005426102073153138,553.2608304479841,-1.4443519471880626,-0.005805641484373458,943.9525680957048,0.5484321374944399,0.005324580379152788
case_000,1.45,5.188487581254987,14.982398510950015,2.0,0.5313661809087314,0.34594843930873775,342.54961623207043,390.6462924243391,True,446.70739575878156,-1.915198650668774,-0.005795677690097645,789.257011990852,1.077404112439605,0.005425809606465826,553.3061330952537,-1.444317042048553,-0.005803275982352085,943.9524255195928,0.5485158956703863,0.005325471749776989
case_000,1.455,5.1879671527195805,14.982251592470583,2.0,0.5312970592423939,0.34593986558398937,342.5123215949227,390.6027607210275,True,446.72073037057976,-1.9151504671810622,-0.0057945595976300335,789.2330519655025,1.0774678265891304,0.005425468017183466,553.347033629264,-1.4442816494621293,-0.005801027374591705,943.9497943502915,0.5485970321653544,0.005326272739272941
case_000,1.46,5.18746364199682,14.982106909354751,2.0,0.531229382954233,0.345931436115905,342.4767541398105,390.56108317803944,True,446.73099737707093,-1.9151021667902348,-0.00579352214743617,789.2077515168814,1.0775290423876198,0.005425076308479104,553.3837595241338,-1.4442458961734594,-0.005798899172327399,943.9448427021732,0.5486753712594159,0.0053269835938695165
case_000,1.465,5.18697721466349,14.981964425382976,2.0,0.5311632963248325,0.3459231483988438,342.442844453131,390.5212037233032,True,446.7383786964883,-1.9150538214032988,-0.005792568863589642,789.1812231496193,1.0775876079029898,0.005424634003137363,553.4165492792089,-1.4442098947753998,-0.005796893488066168,943.9377530025121,0.548750782309502,0.005327605222737453
case_000,1.47,5.1865079590793295,14.981824104944554,2.0,0.5310989138586267,0.34591499985171337,342.41052892841924,390.4830693626817,True,446.7430624006829,-1.9150054960865226,-0.005791702116766384,789.1535913291021,1.0776434116038733,0.005424141148540451,553.4456496504677,-1.4441737470992317,-0.005795011166676911,943.9287190131494,0.5488231741092123,0.005328139179081981
case_000,1.475,5.186055896106384,14.981685913031901,2.0,0.5310363248695151,0.34590698786709867,342.3797490488369,390.4466298810918,True,446.74524087211154,-1.9149572515997826,-0.005790923228105371,789.1249899209485,1.0776963776075654,0.005423598309644728,553.4713130545679,-1.4441375469140427,-0.0057932519111394964,943.9179429356597,0.5488924898575208,0.00532858763043087
case_000,1.48,5.185620986972243,14.98154981523434,2.0,0.5309755973855308,0.3458991098492541,342.35045067148934,390.4118374837054,True,446.7451090704607,-1.9149091463320886,-0.005790232568908038,789.0955597419501,1.0777464614056511,0.00542300655173783,553.4937951468098,-1.444101382024416,-0.005791614403009793,943.9056326305152,0.5489587026737616,0.0053289533199447625
case_000,1.485,5.185203139618299,14.981415777731556,2.0,0.5309167814554959,0.3458913632426849,342.3225833309406,390.37864640207397,True,446.74286291125645,-1.9148612377196348,-0.005789629656249851,789.065446242197,1.077793646018056,0.005422367414656237,553.5133525740382,-1.4440653358489883,-0.005790096417626345,943.8919989761122,0.5490218116016532,0.0053292395204623255
case_000,1.49,5.184802213830244,14.981283767286818,2.0,0.5308599119336611,0.3458837455528363,342.29609957571734,390.347012485837,True,446.73869775839034,-1.914813583221352,-0.0057891132445515026,789.0347973341077,1.077837938530737,0.005421682880018486,553.5302409029017,-1.4440294885557368,-0.005788694934067307,943.8772533887387,0.5490818380500764,0.0053294499828616115
case_000,1.495,5.184418025408875,14.981153751240088,2.0,0.5308050108115983,0.34587625436022057,342.27095434862866,390.3168927970959,True,446.73280703212794,-1.9147662409207034,-0.0057886814131307696,789.0037613807566,1.0778793669766746,0.0054209553329175875,553.5447127234471,-1.4439939178234478,-0.00578740623984525,943.861605520543,0.5491388226233237,0.005329588880202629
case_000,1.5,5.184050349602218,14.981025697501062,2.0,0.530752089160156,0.34586888732914556,342.2471044189037,390.28824522113166,True,446.7253809336041,-1.9147192698163986,-0.005788331649740519,788.9724853525078,1.0779179775238164,0.005420187519391773,553.5570159272904,-1.4439586992924773,-0.005786226030320196,943.8452611484221,0.5491928222979989,0.005329660748984555
case_000,1.5050000000000001,5.183698923986556,14.980899574542198,2.0,0.5307011487381024,0.3458616422120554,342.22450787186756,390.261028104249,True,446.7166052862242,-1.914672729858687,-0.005788060930086492,788.9411131580918,1.0779538319374817,0.005419382500878089,553.5673921588841,-1.4439239067617988,-0.005785149502806064,943.8284202631331,0.5492439079081269,0.005329670428729061
case_000,1.51,5.183363450953896,14.98077535139175,2.0,0.5306521833182177,0.3458545168503634,342.2031236596526,390.23519992692104,True,446.70666049389234,-1.9146266817823572,-0.005787865793306757,788.9097841535449,1.0779870052882552,0.005418543606736381,553.5760754376947,-1.4438896121834925,-0.005784171445344044,943.8112753646158,0.5492921619040507,0.005329623000979722
case_000,1.5150000000000001,5.183043599935364,14.980652997626805,2.0,0.5306051797760708,0.34584750917253204,342.1829112147624,390.21071901805067,True,446.695720615214,-1.9145811867819322,-0.005787742413396968,788.8786318299764,1.0780175838796122,0.005417674385816307,553.5832909482294,-1.443855885500205,-0.005783286320124037,943.7940099662801,0.549337676354362,0.005329523728682506
case_000,1.52,5.182739009466261,14.980532483366325,2.0,0.530560118981523,0.3458406171900529,342.1638301267141,390.18754331425214,True,446.68395255237346,-1.9145363060695715,-0.0057876866665586,788.8477826790876,1.0780456633726145,0.005416778557935709,553.5892539942132,-1.4438227943658355,-0.005782488341538661,943.7767973084653,0.5493805511636536,0.0053293779968027755
case_000,1.5250000000000001,5.182449289175671,14.980413779264195,2.0,0.5305169765281726,0.3458338389918785,342.14583988067795,390.1656301662383,True,446.6715153525786,-1.914492100351124,-0.005787694194458681,788.8173552332565,1.0780713470875432,0.005415859966024783,553.5941691122762,-1.4437904037846534,-0.0057817715488722166,943.7597992785145,0.5494208924818899,0.005329191254913046
case_000,1.53,5.182174021765109,14.980296856502237,2.0,0.5304757233314671,0.34582717273778063,342.12889965601045,390.1449361929898,True,446.6585596195235,-1.9144486292513005,-0.0057877604633888025,788.7874592755339,1.0780947444649787,0.005414922529598076,553.5982293399943,-1.4437587756994126,-0.005781129873633606,943.7431655329841,0.5494588112841964,0.005328968962386382
case_000,1.5350000000000001,5.18191276502303,14.980181686783176,2.0,0.5304363261220819,0.34582061665102776,342.1129681816303,390.1254171831001,True,446.6452270316538,-1.914405950714583,-0.005787880819324409,788.7581952132841,1.0781159696708824,0.005413970200113638,553.6016156322455,-1.4437279685545945,-0.0057805572015653395,943.7270328153456,0.5494944221023405,0.005328716536720346
case_000,1.54,5.181665053907808,14.980068242323552,2.0,0.530398747857376,0.34581416901071327,342.0980036445996,390.1070280416625,True,446.6316499634783,-1.914364120404494,-0.005788050538895473,788.7296536080779,1.078135140332292,0.005413006918691843,553.6044964193762,-1.4436980368569228,-0.005780047429373103,943.7115244610387,0.5495278418915843,0.00532843930542426
case_000,1.545,5.181430402719029,14.979956495846524,2.0,0.5303629480702817,0.34580782814400607,342.0839636476271,390.0897227802691,True,446.6179512057304,-1.914323191120187,-0.0057882648762899724,788.7019148533575,1.0781523763919283,0.005412036576579238,553.6070273000109,-1.4436690307515005,-0.005779594516242381,943.69675008028,0.5495591890186518,0.005328142461809737
case_000,1.55,5.181208307366311,14.979846420574578,2.0,0.5303288831718654,0.3458015924185449,342.0708052109361,390.0734545469602,True,446.6042437796707,-1.91428321224592,-0.005788519106127599,788.6750489906068,1.078167799071568,0.005411062978664338,553.6093508608882,-1.4436409956285507,-0.005779192530226629,943.6828054078484,0.5495885823583933,0.005327831024938945
case_000,1.555,5.180998247735945,14.979737990222093,2.0,0.5302965067209753,0.34579546023515206,342.0584848136185,390.0581756925176,True,446.5906308404403,-1.9142442292458561,-0.005788808562354419,788.6491156540588,1.078181529935335,0.0054100898102772965,553.6115966156628,-1.4436139717725955,-0.005778835689611794,943.6697723081804,0.5496161404883774,0.005327509803907282
case_000,1.56,5.180799690148637,14.979631178987766,2.0,0.5302657696718823,0.3457894300210044,342.0469584694899,390.04383786910387,True,446.5772056640554,-1.9142062832138949,-0.005789128673223065,788.6241641335453,1.0781936900452527,0.005409120607439144,553.6138810543155,-1.4435879940631415,-0.005778518399379817,943.6577189234193,0.5496419809720918,0.005327183366566179
case_000,1.565,5.180612089895372,14.979525961546878,2.0,0.5302366206085841,0.34578350022336574,342.0361818324318,390.03039215703427,True,446.5640517122762,-1.9141694104856228,-0.005789474992440535,788.600233544708,1.0782043992023465,0.005408158730662249,553.6163077944432,-1.4435630917333775,-0.005778235282915933,943.6466999514774,0.5496662197226403,0.005326856012723147
case_000,1.57,5.180434893834618,14.97942231304338,2.0,0.5302090059724752,0.3457776693039547,342.02611032621195,390.01778921529024,True,446.55124276944804,-1.9141336423173163,-0.005789843226576552,788.57735309566,1.0782137752674494,0.005407207342349285,553.6189678256601,-1.4435392881912104,-0.005777981209117655,943.6367570409503,0.5496889704399536,0.005326531751800534
case_000,1.575,5.1802675430302765,14.979320209081814,2.0,0.5301828702883687,0.3457719357339978,342.01669929397485,390.00597945141715,True,446.53884314515324,-1.91409900463486,-0.005790229258842983,788.5555424391281,1.0782219335565806,0.005406269387787377,553.6219398381005,-1.443516600904938,-0.005777751315084345,943.6279192895176,0.5497103441154293,0.005326214284879671
case_000,1.58,5.180109475407749,14.979219625719079,2.0,0.5301581563923735,0.3457662979899952,342.0079041626834,389.99491320645893,True,446.52690793641034,-1.9140655178536887,-0.005790629169368011,788.5348120990938,1.0782289863062782,0.005405347579685971,553.6252906260155,-1.4434950413541807,-0.005777541024580557,943.6202038324744,0.5497304485986958,0.005325906991010154
case_000,1.585,5.179960128404543,14.979120539455975,2.0,0.5301348056638532,0.34576075455020927,341.9996806180908,389.9845409506851,True,446.51548334319443,-1.9140331967694353,-0.005791039252097452,788.5151639612852,1.0782350422048619,0.005404444386173546,553.629075557568,-1.44347461504522,-0.005777346062477262,943.613616508253,0.5497493882218955,0.005325612917626232
case_000,1.59,5.179818941590597,14.979022927228636,2.0,0.530112758262633,0.3457553038918704,341.99198478611964,389.9748134861087,True,446.50460703083985,-1.9140020505174855,-0.00579145602847525,788.4965918169595,1.0782402059858551,0.005403562022127162,553.6333391018732,-1.443455321588586,-0.005777162465393115,943.6081525879819,0.5497672634773849,0.005325334774873736
case_000,1.595,5.179685359234646,14.978926766399782,2.0,0.5300919533717211,0.3457499444890811,341.9847734167147,389.96568215193906,True,446.49430853319416,-1.9139720825987658,-0.0057918762580557726,788.4790819499088,1.078244578080211,0.005402702443684959,553.6381154046966,-1.4434371548357803,-0.005776986588761024,943.6037975566356,0.549784170745259,0.005325074933626495
case_000,1.6,5.179558832792947,14.978832034749844,2.0,0.5300723294450913,0.3457446748113892,341.97800406673605,389.9570990294485,True,446.48460969024086,-1.913943290967961,-0.005792296946218967,788.4626137569769,1.0782482543241534,0.005401867345764366,553.6434289042585,-1.4434201030710685,-0.005776815110560829,943.600527933707,0.5498002020674214,0.005324835426943286
case_000,1.605,5.179438823298376,14.978738710467956,2.0,0.5300538244595011,0.34573949332299403,341.9716352786368,389.94901714297896,True,446.47552511421696,-1.9139156681797886,-0.005792715349160704,788.4471603928538,1.0782513257196307,0.005401058162388839,553.6492949790172,-1.4434041492536893,-0.005776645031959793,943.5983121219962,0.5498154449652627,0.005324617954700905
case_000,1.61,5.179324803629505,14.978646772142852,2.0,0.530036376168872,0.34573439848253956,341.9656267521765,389.94139065415925,True,446.4670626783393,-1.9138892015882991,-0.005793128976340822,788.4326894305158,1.078253878244553,0.005400276069612409,553.65572061955,-1.4433892713052632,-0.005776473675110805,943.5971112737093,0.5498299822982262,0.005324423891123808
case_000,1.615,5.179216260641168,14.978556198753692,2.0,0.5300199223594411,0.3457293887434471,341.95993950664183,389.9341750467072,True,446.45922402252063,-1.9138638735937774,-0.0057935355905741615,788.4191635291625,1.078255992710001,0.005399521990816225,553.6627051170755,-1.4433754424368554,-0.005776298678358327,943.5968801637827,0.5498438921607137,0.005324254294921449
case_000,1.62,5.179112697140161,14.978466969660818,2.0,0.530004401103677,0.3457244625547332,341.95453603153624,389.92732729955776,True,446.4520050706511,-1.9138396619315092,-0.005793933205955726,788.4065411021874,1.0782577446617077,0.005398796604145939,553.6702407615043,-1.4433626315098802,-0.005776117989105656,943.597568061062,0.5498572478149317,0.005324109921738929
case_000,1.625,5.179013633692475,14.978379064596488,2.0,0.5299897510108246,0.3457196183622584,341.9493804239329,389.92080604639114,True,446.4453965543996,-1.9138165399965557,-0.005794320083809368,788.3947769783325,1.0782592043231505,0.005398100351853619,553.6783135424415,-1.4433508034249833,-0.00577592985459241,943.5991195888327,0.5498701176573965,0.0053239912386270904
case_000,1.6300000000000001,5.1789186102501885,14.978292463655604,2.0,0.5299759114719016,0.3457148546103503,341.94443851112237,389.9145717199059,True,446.43938453864143,-1.9137944771985276,-0.00579469472685562,788.3838230497638,1.078260436577544,0.005397433451303835,553.6869038469214,-1.443339919532974,-0.005775732810832324,943.6014755668273,0.5498825652168234,0.005323898440234898
case_000,1.635,5.178827187589483,14.978207147286463,2.0,0.529962822896991,0.34571016974374363,341.93967795744317,389.9085866796552,True,446.4339509441157,-1.9137734393404986,-0.0057950558717874134,788.3736289015588,1.078261500986127,0.0053967959074089356,553.6959871482123,-1.4433299380619995,-0.005775525669954262,943.6045738278675,0.5498946491812747,0.005323831466438778
case_000,1.6400000000000001,5.1787389485530815,14.978123096281553,2.0,0.5299504269427515,0.34570556220978094,341.93506835453866,389.9028153224174,True,446.42907406311076,-1.9137533890161897,-0.005795402480445522,788.3641424176494,1.0782624518400437,0.005396187526258034,553.705534680524,-1.4433208145553358,-0.005775307506183658,943.6083500029414,0.5499064234523953,0.005323790021125596
case_000,1.645,5.178653499093277,14.978040291768435,2.0,0.5299386667281971,0.3457010304608195,341.9305812945524,389.8972241744849,True,446.4247290644325,-1.9137342860198592,-0.0057957337297785405,788.3553103589849,1.078263338243197,0.005395607929713775,553.7155140949137,-1.4433125023143616,-0.005775077640696014,943.6127382693986,0.5499179372246141,0.005323773591858372
case_000,1.6500000000000001,5.178570469113825,14.977958715200721,2.0,0.52992748703696,0.3456965729567907,341.92619042606185,389.8917819654906,True,446.42088848420593,-1.9137160877634922,-0.005796049000770465,788.3470789102678,1.0782642042233894,0.005395056570756285,553.7258900922441,-1.4433049528416266,-0.005774835625563468,943.6176720577347,0.5499292350872257,0.0053237814701654895
case_000,1.655,5.178489513111331,14.977878348349172,2.0,0.5299168345044417,0.3456921881678605,341.9218714927607,389.88645968369485,True,446.4175226994579,-1.9136987496962188,-0.005796347866511842,788.3393941922186,1.0782650888690946,0.00539453274936369,553.7366250295156,-1.4432981162792107,-0.005774581227007414,943.6230847132105,0.5499403571472427,0.005323812772208003
case_000,1.6600000000000001,5.1784103106190225,14.977799173292969,2.0,0.5299066577884767,0.3456878745771445,341.9176023552108,389.8812306128357,True,446.4146003818068,-1.9136822257212445,-0.005796630079583864,788.3322027370176,1.0782660264892598,0.005394035628732752,553.7476794964718,-1.4432919418380108,-0.0057743144081569,943.6289101093075,0.5499513391709694,0.005323866459595095
case_000,1.665,5.1783325664573505,14.977721172411126,2.0,0.5298969077223562,0.34568363068343133,341.91336299605126,389.8760703509423,True,446.4120889289106,-1.9136664686059144,-0.00579689555891888,788.3254519249618,1.0782670467934394,0.005393564251648997,553.7590128597659,-1.4432863782139258,-0.005774035311504666,943.6350832107082,0.5499622127422055,0.005323941360132922
case_000,1.67,5.1782560107980915,14.977644328374144,2.0,0.5298875374493051,0.34567945500387337,341.9091355094059,389.87095681167284,True,446.40995487171995,-1.9136514303809335,-0.005797144376291141,788.3190903811259,1.078268175089755,0.005393117556836691,553.7705837725418,-1.443281373987382,-0.005773744241237222,943.6415405842147,0.5499730054350697,0.005324036188311065
case_000,1.675,5.178180399049918,14.977568624135822,2.0,0.5298785025377359,0.3456753460766084,341.9049040751959,389.8658702088911,True,446.4081642559289,-1.9136370627252153,-0.005797376742583293,788.3130683311248,1.0782694324980642,0.005392694395125575,553.7823506477423,-1.443276878003057,-0.00577344164560345,943.6482208566334,0.5499837409994178,0.005324149565347491
case_000,1.68,5.178105511574965,14.97749404292536,2.0,0.5298697610768539,0.3456713024632763,341.9006549193553,389.8607930254059,True,446.40668299634234,-1.9136233173331887,-0.0057975929939651505,788.3073379156976,1.0782708361758768,0.0053922935452911935,553.7942720938552,-1.4432728397270973,-0.005773128099473834,943.655065119261,0.5499944395568857,0.005324280038631557
case_000,1.685,5.178031153246946,14.977420568239655,2.0,0.5298612737524099,0.3456673227514035,341.89637626097317,389.855709966894,True,446.40547720320967,-1.9136101462618715,-0.005797793578111388,788.3018534641828,1.0782723995545818,0.005391913729437092,553.8063073122619,-1.4432692095795507,-0.005772804287228428,943.6620172791559,0.5500051178056145,0.0053244261004228854
case_000,1.69,5.177957152862573,14.977348183835907,2.0,0.5298530039026301,0.3456634055566262,341.8920582474747,389.8506079021014,True,446.40451347990216,-1.9135975022554028,-0.00579797904057433,788.2965717273769,1.0782741325836183,0.00539155362780297,553.8184164557778,-1.4432659392401945,-0.005772470986097011,943.6690243578792,0.550015789231788,0.005324586205682158
case_000,1.695,5.177883362418787,14.977276873724453,2.0,0.5298449175545605,0.345659549524734,341.8876928790628,389.845475790583,True,446.40375919159715,-1.913585339045173,-0.005798150011417702,788.29145207066,1.0782760419803543,0.005391211892898651,553.8305609483073,-1.4432629819263285,-0.005772129050062469,943.6760367388903,0.5500264643261542,0.005324758788929018
case_000,1.7,5.1778096562687335,14.977206622161916,2.0,0.529836983441258,0.3456557533335127,341.88327392362845,389.8403045992295,True,446.40318270489314,-1.9135736116240567,-0.005798307192207752,788.2864566285216,1.0782781314834677,0.005390887162875724,553.8427037658805,-1.4432602926415037,-0.005771779394425025,943.68300836511,0.5500371508037715,0.005324942280037881
case_000,1.705,5.177735930170224,14.977137413644618,2.0,0.5298291730004462,0.34565201569437465,341.8787968234264,389.8350872089212,True,446.40275359857986,-1.913562276493674,-0.005798451343445754,788.2815504220063,1.0782804021078118,0.0053905780740666764,553.8548096797095,-1.4432578283945643,-0.0057714229811097195,943.6898968886308,0.5500478538253211,0.005325135118902535
case_000,1.71,5.177662100240321,14.9770692329023,2.0,0.5298214603554158,0.3456483353537637,341.8742585947843,389.82981831262066,True,446.40244284596287,-1.9135512918839481,-0.005798583272518032,788.2767014407472,1.0782828523988042,0.005390283272631691,553.8668454621358,-1.4432555483887217,-0.005771060804788342,943.6966637747564,0.5500585762183737,0.005325335768913808
case_000,1.715,5.177588101829965,14.97700206489213,2.0,0.5298138222790892,0.34564471109433004,341.8696577221181,389.82449430630743,True,446.40222296942005,-1.9135406179445889,-0.005798703822226692,788.2718806915382,1.0782854786845313,0.005390001425269075,553.8787800566133,-1.4432534141807016,-0.005770693879873667,943.7032743629208,0.5500693186971256,0.00532554272921304
case_000,1.72,5.177513888332457,14.976935894792996,2.0,0.5298062381423019,0.34564114173586896,341.8649940474973,389.81911317405127,True,446.40206816801054,-1.913530216908439,-0.00579881385995662,788.2670622155078,1.0782882753238765,0.005389731228955974,553.8905847131169,-1.4432513898103512,-0.005770323228431351,943.7096978871682,0.5500800800791878,0.005325754545696781
case_000,1.725,5.1774394299395805,14.976870708000122,2.0,0.5297986898474506,0.34563762613602483,341.86026865698886,389.8136743685876,True,446.4019544191981,-1.9135200532269714,-0.005798914267521327,788.262223076187,1.078291234949166,0.005389471419701197,553.9022330905725,-1.4432494419013442,-0.005769949869042557,943.7159074591601,0.5500908574981607,0.005325969820764942
case_000,1.73,5.177364712358283,14.976806490119941,2.0,0.5297911617487496,0.34563416319076085,341.8554837649725,389.8081786886298,True,446.4018595557666,-1.9135100936783904,-0.005799005931726331,788.2573433207391,1.0782943487018661,0.005389220780298243,553.9137013280088,-1.4432475397338727,-0.005769574806641864,943.7218800166386,0.5501016466107495,0.005326187221812273
case_000,1.735,5.177289735501168,14.976743226965267,2.0,0.5297836405604016,0.3456307518345998,341.8506425975055,389.80262815421725,True,446.4017633193221,-1.9135003074491486,-0.005799089735672447,788.2524059168276,1.0782976064601286,0.0053889781470822795,553.9249680863712,-1.4432456552904596,-0.005769199023340887,943.7275962405885,0.550112441797398,0.005326405488482011
case_000,1.74,5.177214512162911,14.976680904550754,2.0,0.529776115254035,0.345627391040644,341.8457492758547,389.7970258812228,True,446.4016473917235,-1.913490666189864,-0.005799166550818802,788.2473966675782,1.078300997057057,0.005388742415701808,553.9360145629951,-1.4432437632762143,-0.005768823470240547,943.7330404442179,0.5501232363554459,0.005326623438705491
case_000,1.745,5.177139066694187,14.97661950908862,2.0,0.5297685769467945,0.3456240798203816,341.8408087011234,389.7913759561583,True,446.40149540594126,-1.9134811440467698,-0.0057992372298149575,788.2423041070647,1.07830450848869,0.005388512545922819,553.9468244807936,-1.4432418411149883,-0.005768449060226721,943.7382004369518,0.5501340226839482,0.005326839973562814
case_000,1.75,5.177063433684248,14.976559026984612,2.0,0.5297610187814797,0.3456208172232922,341.83582644094975,389.78568331231475,True,446.4012929379195,-1.9134717176700768,-0.00579930260010314,788.2371193788692,1.0783081281109381,0.005388287565495697,553.9573840543686,-1.4432398689230799,-0.0057680766617324575,943.7430673666834,0.5501447924594465,0.005327054081010252
case_000,1.7550000000000001,5.176987656662175,14.976499444834268,2.0,0.5297534358001299,0.3456176023362627,341.83080861906075,389.7799536081843,True,446.40102748102464,-1.9134623662006913,-0.005799363458286744,788.2318361000854,1.0783118428247305,0.0053880665731169675,553.9676819351962,-1.4432378294621937,-0.005767707093446317,943.7476355433805,0.550155536802049,0.005327264838524359
case_000,1.76,5.176911786826279,14.976440749419371,2.0,0.5297458248124273,0.34561443428282873,341.8257618084684,389.7741931090644,True,446.4006884047386,-1.9134530712368778,-0.005799420565252678,788.226450213207,1.0783156392488706,0.00538784874052789,553.9777091381115,-1.443235708073482,-0.005767341119936653,943.751902247176,0.5501662464313201,0.005327471414721785
case_000,1.7650000000000001,5.176835881810045,14.976382927704668,2.0,0.52973818426027,0.34561131222225533,341.8206929289742,389.7684085726087,True,446.40026689921746,-1.9134438167825367,-0.005799474642031455,788.2209598281917,1.0783195038801685,0.005387633313794715,553.9874589512847,-1.4432334925945223,-0.005766979448157794,943.7558675238934,0.5501769118115751,0.005327673070016914
case_000,1.77,5.17676000449237,14.976325966834773,2.0,0.5297305140798167,0.3456082353484732,341.815609149542,389.76260713902343,True,446.39975590740056,-1.9134345891788307,-0.0057995263663713215,788.2153650569426,1.0783234232405763,0.005387419613821054,553.9969268318812,-1.4432311732611556,-0.00576662272479711,943.7595339709046,0.5501875232862886,0.00532786915638539
case_000,1.7750000000000001,5.176684221858679,14.976269854131308,2.0,0.5297228155622529,0.34560520288888646,341.81051779607225,389.75679622654104,True,446.3991500462584,-1.9134253770209046,-0.005799576370000614,788.2096678423306,1.0783273840111636,0.005387207036145258,554.006110289524,-1.443228742596095,-0.0057662715344191096,943.7629065160651,0.5501980712014254,0.005328059116304074
case_000,1.78,5.176608603918863,14.976214577090193,2.0,0.5297150912144657,0.3456022141030692,341.80542626497447,389.75098343267314,True,446.398445518808,-1.9134161710615192,-0.005799625236546535,788.2038717837825,1.0783313731529025,0.005386995050079668,554.0150087596213,-1.4432261952861958,-0.005765926398358878,943.7659921922944,0.5502085460175994,0.0053282424809398266
case_000,1.7850000000000001,5.176533222686934,14.976160123379142,2.0,0.5297073446207459,0.3455992682813657,341.80034194286065,389.7451764416778,True,446.3976400184465,-1.9134069641033535,-0.005799673500075875,788.1979819613072,1.078335378014307,0.0053867831972489455,554.0236234686046,-1.4432235280503067,-0.005765587774312131,943.7687999102824,0.5502189384110711,0.005328418867662887
case_000,1.79,5.176458151226374,14.976106480835309,2.0,0.5296995803065542,0.3455963647434136,341.79527213265715,389.7393829386099,True,446.39673262708345,-1.9133977508817512,-0.005799721644221156,788.1920047597406,1.0783393864261188,0.005386571089587622,554.0319572929244,-1.4432207394995042,-0.0057652560565708555,943.7713402315343,0.5502292393636561,0.00532858797695851
case_000,1.795,5.176383462764581,14.976053637463071,2.0,0.5296918036053097,0.3455935028366038,341.7902239862424,389.73361053015765,True,446.39572370856683,-1.913388527939659,-0.005799770101850676,788.1859476948092,1.0783433867832868,0.005386358406856084,554.040014613708,-1.4432178299915217,-0.005764931576846988,943.7736251438656,0.5502394402417226,0.005328749588812631
case_000,1.8,5.17630922987849,14.976001581431953,2.0,0.5296840205290686,0.34559068193449516,341.78520444380325,389.72786667254275,True,446.3946147986881,-1.9133792934963878,-0.0057998192552440875,788.1798192424914,1.078347368114583,0.005386144893735012,554.0478011686914,-1.4432148014810473,-0.00576461460563138,943.7756678412342,0.5502495328645142,0.005328903558645404
case_000,1.805,5.176235523753242,14.975950301074688,2.0,0.5296762376438763,0.3455879014351978,341.7802201798628,389.7221586064959,True,446.3934084931444,-1.9133700473118673,-0.0057998694367275005,788.1736286730072,1.078351320140279,0.005385930356557211,554.055323903123,-1.4432116573675517,-0.005764305354028665,943.777482509619,0.5502595095621119,0.005329049812865305
case_000,1.81,5.176162413514566,14.975899784885343,2.0,0.5296684619504782,0.3455851607597407,341.7752775560192,389.7164932994002,True,446.392108334612,-1.9133607905479018,-0.005799920929726865,788.1673858906312,1.078355233318383,0.005385714659735696,554.062590821068,-1.4432084023421532,-0.005764003976013676,943.7790841204683,0.5502693632233988,0.005329188344114499
case_000,1.815,5.176089965635,14.97585002151757,2.0,0.5296607007709911,0.3455824593504376,341.7703825802626,389.7108773945572,True,446.390718700062,-1.9133515256278943,-0.005799973970195327,788.1611012803246,1.0783590988799532,0.005385497721942634,554.0696108384708,-1.4432050422349478,-0.005763710571054126,943.780488233028,0.5502790873344551,0.005329319206272776
case_000,1.82,5.176018243413551,14.975800999782942,2.0,0.5296529616420365,0.3455797966692635,341.76554087277606,389.7053171674854,True,446.3892446893586,-1.9133422560964035,-0.005800028748370378,788.1547855621346,1.0783629088541198,0.005385279512095886,554.0763936392424,-1.4432015838641428,-0.005763425187043925,943.7817108067278,0.5502886760078487,0.005329442509286297
case_000,1.825,5.175947306527495,14.975752708649324,2.0,0.5296452522147567,0.3455771721962549,341.7607576379917,389.69981848907435,True,446.3876920160618,-1.913332986479802,-0.005800085410818223,788.1484496540535,1.0783666560834204,0.0053850600452029496,554.0829495354596,-1.4431980348881959,-0.0057631478234951294,943.782768024534,0.5502981240033272,0.005329558413881164
case_000,1.83,5.175877210654717,14.975705137239336,2.0,0.5296375801620385,0.3455745854279441,341.75603764269283,389.6943867954542,True,446.3860669012737,-1.9133237221492008,-0.005800144062722945,788.1421045439665,1.0783703342301265,0.00538483937811246,554.0892893326404,-1.4431944036620326,-0.005762878434938168,943.7836761280946,0.5503074267404544,0.0053296671262208495
case_000,1.835,5.175808007164479,14.975658274828842,2.0,0.5296299530931899,0.34557203587583873,341.7513851999084,389.68902706425956,True,446.38437597128956,-1.913314469186691,-0.005800204770378625,788.1357611711979,1.0783739377742756,0.005384617605220521,554.0954242010034,-1.4431906990983605,-0.0057626169344794365,943.784451265263,0.5503165803037556,0.005329768892561038
case_000,1.84,5.175739742873827,14.975612110845487,2.0,0.5296223784762312,0.3455695230649536,341.7468041582774,389.6837437970762,True,446.3826261596748,-1.9133052342558605,-0.005800267563845829,788.1294303179523,1.0783774620040851,0.005384394854173358,554.1013655533818,-1.4431869305348939,-0.005762363197472364,943.785109350458,0.550325581440957,0.005329863993951578
case_000,1.845,5.175672459866798,14.97556663486726,2.0,0.529614863567885,0.34556704653240533,341.7422978965421,389.6785410076898,True,446.3808246143622,-1.9132960244774242,-0.005800332439732991,788.1231225109043,1.0783809029994835,0.005384171281606842,554.1071249304416,-1.443183107608255,-0.005762117065256811,943.7856659381314,0.5503344275549062,0.005329952741030597
case_000,1.85,5.17560619537301,14.975521836621072,2.0,0.5296074153512792,0.34556460582607434,341.73786932287794,389.67342221583067,True,446.3789786102071,-1.9132868473106868,-0.0058003993640674545,788.1168479330851,1.0783842576094984,0.0053839470689604485,554.1127138936924,-1.443179240135165,-0.005761878348926164,943.7861361095231,0.5503431166897937,0.005330035468952721
case_000,1.855,5.17554098170196,14.975477705981342,2.0,0.5296000404813033,0.3455622005033419,341.73352087863174,389.6683904460308,True,446.3770954673732,-1.9132777104414658,-0.00580046827522257,788.1106163460049,1.0783875234241762,0.00538372241839602,554.1181439266458,-1.4431753380014363,-0.005761646833085443,943.7865343726766,0.5503516475122594,0.005330112532486719
case_000,1.86,5.17547684622943,14.975434232968615,2.0,0.5295927452375042,0.34555983012990493,341.7292545461289,389.663448231193,True,446.37518247588946,-1.9132686216770023,-0.0058005390868669515,788.1044370220184,1.0783906987417995,0.005383497548853866,554.1234263444452,-1.4431714110591711,-0.005761422279563999,943.7868745756382,0.5503600192880084,0.005330184301316154
case_000,1.865,5.17541381143169,14.975391407748141,2.0,0.5295855354843438,0.34555749427867394,341.7250718601421,389.6585976204934,True,446.3732468265301,-1.9132595888482473,-0.005800611690908897,788.0983186866722,1.0783937825320415,0.005383272692269014,554.1285722120916,-1.4431674690324572,-0.005761204431053213,943.787169832585,0.550368231854506,0.00533025115556951
case_000,1.87,5.175351894963632,14.975349220628472,2.0,0.529578416638592,0.3455551925287562,341.72097392263464,389.6538401911778,True,446.3712955482045,-1.9132506197198618,-0.005800685960407004,788.0922694708391,1.0783967743957665,0.005383048089971865,554.1335922713768,-1.4431635214317593,-0.0057609930146398924,943.7874324625545,0.5503762855903335,0.005330313481603677
case_000,1.875,5.175291109776511,14.975307662060041,2.0,0.5295713936435825,0.3455529244645252,341.7169614204079,389.64917706386393,True,446.36933545189305,-1.9132417219081304,-0.005800761752423389,788.086296872301,1.0783996745221174,0.005382823989291685,554.1384968765095,-1.4431595774771102,-0.005760787745210605,943.7876739403735,0.5503841813817845,0.005330371668060552
case_000,1.8800000000000001,5.1752314642710955,14.975266722633735,2.0,0.529564470950022,0.3455506896747782,341.7130346452291,389.6446089209368,True,446.3673730811528,-1.913232902806941,-0.00580083891079658,788.0804077263818,1.0784024836435095,0.005382600640378099,554.143295938341,-1.443155646030112,-0.005760588328705407,943.7879048592778,0.5503919205872239,0.005330426102211627
case_000,1.885,5.1751729624819305,14.975226393079437,2.0,0.529557652503001,0.34554848775198177,341.7091935160889,389.6401360275813,True,446.3654146690988,-1.9132241695218495,-0.0058009172688159305,788.0746081851877,1.0784052029891111,0.005382378293252554,554.1479988770213,-1.4431517355346748,-0.005760394465202878,943.7881349046027,0.5503995049997147,0.005330477166600567
case_000,1.8900000000000001,5.175115604288755,14.975186664264548,2.0,0.5295509417348371,0.3455463182916034,341.70543760320953,389.63575825511805,True,446.36346610178924,-1.9132155288122237,-0.005800996651778412,788.0689037049988,1.078407834237397,0.005382157195100379,554.152614582897,-1.443147853966371,-0.0057602058518191335,943.788372838015,0.5504069368084464,0.005330525235994532
case_000,1.895,5.175059385650681,14.975147527192513,2.0,0.5295443415633474,0.34554418089152933,341.70176615343905,389.63147510619024,True,446.36153288780747,-1.9132069870413513,-0.005801076879415001,788.0632990412465,1.0784103794682598,0.005381937587807806,554.1571513853099,-1.4431440087901686,-0.005760022185410663,943.7886264915002,0.5504142185593732,0.005330570674645041
case_000,1.9000000000000001,5.175004298859376,14.97510897300128,2.0,0.5295378543951388,0.345542075151565,341.6981781167067,389.6272857414608,True,446.3596201338428,-1.9131985501343374,-0.005801157768173748,788.0577982505495,1.0784128411151757,0.005381719705748578,554.161617028999,-1.4431402069262893,-0.005759843165069667,943.7889027704598,0.5504213531155312,0.0053306138338616305
case_000,1.905,5.174950332807336,14.975070992961772,2.0,0.5295314821334823,0.34554000067301643,341.6946721731858,389.6231890074305,True,446.3577325260388,-1.9131902235435914,-0.005801239133349012,788.0524046992246,1.0784152219178804,0.00538150377382085,554.1660186577121,-1.443136454723863,-0.0057596684944053456,943.7892076651426,0.5504283436174129,0.005330655049895328
case_000,1.9100000000000001,5.174897473267535,14.975033578476319,2.0,0.5295252261903393,0.34553795705834905,341.69124676088813,389.61918346506616,True,446.35587431679164,-1.913182012221585,-0.005801320791050224,788.0471210776798,1.0784175248759298,0.005381290005732398,554.1703628046017,-1.4431327579420097,-0.005759497883607023,943.7895462696679,0.5504351934437821,0.00533069464212782
case_000,1.915,5.174845703180985,14.974996721077074,2.0,0.5295190875020959,0.3455359439109191,341.6879001033809,389.61526741885064,True,446.35404931670485,-1.913173920600595,-0.005801402560004165,788.0419494200858,1.0784197532035216,0.005381078602530676,554.1746553889718,-1.4431291217379343,-0.005759331051286676,943.7899228078224,0.5504419061732321,0.005330732911557834
case_000,1.92,5.174795002948983,14.974960412424384,2.0,0.529513066548569,0.3455339608347755,341.6846302373687,389.6114389460258,True,446.3522608913775,-1.9131659525790499,-0.005801484263186496,788.0368911287462,1.078421910285907,0.005380869751372586,554.1789017188968,-1.4431255506615999,-0.005759167726101022,943.7903406649226,0.5504484855468275,0.005330770139577445
case_000,1.925,5.17474535072679,14.974924644305176,2.0,0.5295071633748467,0.34553200743452667,341.68143503990103,389.60769592569727,True,446.3505119626324,-1.9131581115140788,-0.005801565729282365,788.0319470025335,1.0784239996376495,0.005380663624525273,554.1831064992068,-1.4431220486565015,-0.0057590076481562336,943.7908024249041,0.5504549354320515,0.005330806587024839
case_000,1.93,5.174696722716137,14.974889408631293,2.0,0.5295013776155377,0.34553008331526736,341.6783122549647,389.6040360675514,True,446.3488050138693,-1.913150400219863,-0.005801646793974269,788.027117268834,1.0784260248629896,0.0053804603785899685,554.1872738443766,-1.4431186190660605,-0.005758850570197982,943.791309911928,0.5504612597883252,0.005330842493502019
case_000,1.935,5.174649093453645,14.974854697437816,2.0,0.5294957085210146,0.34552818808256136,341.6752595192914,389.60045693995073,True,446.34714209910754,-1.913142820971315,-0.005801727301060933,788.0224016183989,1.0784279896185047,0.0053802601539376105,554.1914072957616,-1.4431152646451277,-0.00575869625859432,943.7918642357123,0.5504674626342623,0.0053308780769414366
case_000,1.94,5.174602436093169,14.974820502881382,2.0,0.5294901549852519,0.34552632134247535,341.6722743871877,389.59695599720055,True,446.3455248553971,-1.9131353755126703,-0.005801807103408052,788.0177992425848,1.078429897578243,0.00538006307434602,554.1955098427335,-1.4431119875761027,-0.005758544494116669,943.792465839934,0.5504735480168611,0.005330913533408033
case_000,1.945,5.174556722679538,14.974786817238472,2.0,0.5294847155748716,0.34552448270165753,341.66935435422664,389.5935306058112,True,446.343954518168,-1.913128065070481,-0.0058018860637371605,788.0133088723946,1.0784317524014404,0.005379869246824209,554.199583947144,-1.443108789489138,-0.005758395072529732,943.7931145529552,0.5504795199827417,0.005330949037117949
case_000,1.95,5.174511924412094,14.974753632903704,2.0,0.5294793885590358,0.34552267176745777,341.6664968796888,389.5901780695501,True,446.34243193916257,-1.9131208903705714,-0.005801964055257347,788.0089288188514,1.0784335577029223,0.0053796787616119945,554.2036315706818,-1.4431056714859238,-0.005758247804998118,943.7938096402319,0.5504853825515357,0.005330984740657463
case_000,1.955,5.174468011896365,14.974720942388096,2.0,0.5294741719398388,0.3455208881480827,341.66369940763167,389.58689565319946,True,446.34095760658676,-1.9131138516584845,-0.005802040962145927,788.0046570142184,1.0784353170262664,0.005379491692341087,554.2076542046227,-1.4431026341665685,-0.005758102518320818,943.7945498578222,0.5504911396915293,0.005331020775385331
case_000,1.96,5.174424955382195,14.97468873831734,2.0,0.5294690634828809,0.34551913145278157,341.66095938651125,389.58368060486873,True,446.3395316670656,-1.9131069487229115,-0.00580211667988767,788.0004910535769,1.0784370338197176,0.005379308096341684,554.2116529014601,-1.4430996776590397,-0.0057579590550065896,943.7953335063288,0.550496795297565,0.005331057251997728
case_000,1.965,5.174382724987666,14.97465701343006,2.0,0.529464060747724,0.34551740129205877,341.6582742872669,389.5805301767681,True,446.33815394913296,-1.9131001809217292,-0.0058021911154775285,787.9964282363999,1.078438711414907,0.005379128015082613,554.2156283080715,-1.4430968016507488,-0.005757817273198684,943.7961584848396,0.5505023531712766,0.0053310942612411205
case_000,1.97,5.174341290907356,14.974625760576076,2.0,0.5294591611179559,0.34551569727790576,341.6556416198521,389.5774416443952,True,446.33682398783503,-1.913093547210098,-0.005802264187498907,787.9924656076871,1.0784403530083133,0.005378951474728222,554.2195806998759,-1.4430940054217583,-0.005757677046465459,943.7970223442711,0.5505078170036166,0.005331131874751538
case_000,1.975,5.174300623604587,14.974594972714677,2.0,0.5294543618306176,0.34551401902405116,341.65305894815333,389.5744123240544,True,446.33554105018345,-1.9130870461702905,-0.005802335826084526,787.9885999983368,1.0784419616454382,0.0053787784867987964,554.223510015677,-1.443091287879216,-0.005757538263466311,943.7979223397314,0.5505131903596802,0.00533117014600476
case_000,1.98,5.174260693986914,14.97456464291286,2.0,0.5294496600047681,0.3455123661462226,341.65052390330123,389.5714395886989,True,446.3343041611137,-1.9130806760427606,-0.005802405972771096,787.984828064415,1.0784435402076136,0.005378609048919181,554.2274158927556,-1.4430886475925808,-0.005757400827507864,943.7988554814546,0.5505184766657741,0.005331209111358537
case_000,1.985,5.174221473564709,14.974534764343634,2.0,0.5294450526689908,0.3455107382624163,341.64803419536634,389.5685208820604,True,446.3331121297067,-1.9130744347581066,-0.005802474580256067,787.981146325073,1.078445091401374,0.005378443145642731,554.2312977019033,-1.4430860828292582,-0.005757264656001848,943.7998185839637,0.55052367919868,0.005331248791170529
case_000,1.99,5.174182934592589,14.974505330284286,2.0,0.5294405367876712,0.345509134993172,341.64558762347605,389.56565373109356,True,446.3319635753582,-1.9130683199695544,-0.005802541612068279,787.9775511988342,1.0784466177502638,0.005378280749335829,554.2351545820528,-1.4430835915902829,-0.00575712967983838,943.8008083131464,0.5505288010770338,0.0053312891909755855
case_000,1.995,5.174145050193692,14.974476334114682,2.0,0.5294361092858964,0.3455075559618478,341.64318208435594,389.5628357567332,True,446.3308569536941,-1.9130623290855893,-0.005802607042161179,787.97403903805,1.0784481215889765,0.005378121821110249,554.2389854742058,-1.44308117164569,-0.005756995842687407,943.801821230939,0.5505338452547294,0.005331330302705717
case_000,2.0,5.174107794467158,14.974447769315566,2.0,0.529431767072855,0.3455060007948931,341.64081557936834,389.56006468300416,True,446.3297905819943,-1.9130564593024673,-0.005802670854438863,787.9706061613626,1.0784496050596994,0.005377966311791438,554.2427891544426,-1.4430788205693177,-0.005756863100238929,943.8028538374467,0.5505388145162619,0.005331372105939924
case_000,2.005,5.174071142578952,14.9744196294669,2.0,0.5294275070636397,0.34550446912211574,341.63848622008277,389.5573383445237,True,446.3287626639167,-1.9130507076362562,-0.005802733042225394,787.9672488839994,1.0784510701105015,0.0053778141629096665,554.2465642657273,-1.4430765357727144,-0.005756731419395811,943.803902610251,0.5505437114738828,0.005331414569167858
case_000,2.0100000000000002,5.174035070836616,14.974391908246195,2.0,0.5294233261993733,0.34550296057694146,341.6361922324381,389.55465469247383,True,446.3277713133702,-1.9130450709541929,-0.005802793607685652,787.9639635458083,1.0784525184956377,0.005377665307703894,554.2503093483349,-1.4430743145379323,-0.005756600777429399,943.8049640408087,0.5505485385664679,0.005331457651056082
case_000,2.015,5.173999556748454,14.974364599426883,2.0,0.5294192214656054,0.345501474796662,341.6339319595915,389.5520117990661,True,446.326814577349,-1.913039546005086,-0.005802852561208494,787.9607465369405,1.0784539517776017,0.0053775196721274066,554.2540228687338,-1.4430721540489875,-0.005756471161108556,943.8060346678,0.5505532980599559,0.005331501301703845
case_000,2.02,5.17396457906786,14.97433769687669,2.0,0.5294151899089442,0.34550001142267145,341.6317038635055,389.5494078606298,True,446.3258904576249,-1.9130341294485647,-0.0058029099207596024,787.9575943211304,1.0784553713307738,0.005377377175845965,554.2577032467535,-1.4430700514217878,-0.005756342565813144,943.8071111073833,0.5505579920492463,0.005331545463878318
case_000,2.025,5.173930117823485,14.974311194556067,2.0,0.5294112286519085,0.3454985701006872,341.6295065253782,389.54684119935257,True,446.3249969311591,-1.9130288178829962,-0.005802965711213803,787.9545034565373,1.0784567783464982,0.005377237733219353,554.2613488809338,-1.4430680037323864,-0.005756214994640907,943.8081900802864,0.5505626224614036,0.005331590074218462
case_000,2.0300000000000002,5.1738961543361865,14.974285086516602,2.0,0.5294073349060004,0.3454971504809555,341.6273386449862,389.5443102637985,True,446.3241319691729,-1.9130236078719058,-0.005803019963673439,787.9514706141591,1.0784581738394408,0.005377101254258998,554.2649581719763,-1.443066008043417,-0.005756088457516295,943.8092684357748,0.5505671910600636,0.005331635064400153
case_000,2.035,5.173862671223491,14.974259366899496,2.0,0.5294035059830209,0.3454957522184394,341.62519903903257,389.54181362828024,True,446.3232935547773,-1.913018495968779,-0.0058030727147814765,787.9484925938099,1.0784595586550372,0.00537696764555351,554.2685295442017,-1.4430640614286168,-0.005755962970310224,943.8103431724819,0.5505716994508753,0.005331680362253399
case_000,2.04,5.17382965239264,14.974234029934044,2.0,0.5293997393046561,0.3454943749729888,341.623086638623,389.53934999117826,True,446.32247969912623,-1.9130134787401387,-0.005803124006035443,787.9455663377493,1.0784609334779214,0.0053768368111576925,554.2720614650029,-1.4430621609953556,-0.005755838553977044,943.8114114561812,0.5505761490878709,0.0053317258928261
case_000,2.045,5.173797083023082,14.974209069936157,2.0,0.5293960324103868,0.34549301840949037,341.6210004859181,389.5369181723132,True,446.321688456051,-1.9130085527868053,-0.005803173883109081,787.9426889419691,1.078462298841129,0.005376708653437645,554.2755524622489,-1.4430603039051202,-0.005755715233716263,943.8124706345621,0.5505805412806142,0.005331771579387912
case_000,2.05,5.173764949539454,14.974184481306901,2.0,0.5293923829637747,0.34549168219799953,341.61893973007795,389.5345171094673,True,446.320917935172,-1.9130037147633097,-0.0058032223951869355,787.93985766525,1.0784636551359574,0.00537658307386879,554.2790011396487,-1.4430584873919232,-0.005755593038164475,943.813518249116,0.5505848772020125,0.00533181734437016
case_000,2.055,5.173733239576021,14.97416025853108,2.0,0.529388788757198,0.34549036601385125,341.6169036226121,389.53214585414366,True,446.32016631346244,-1.9129989613953913,-0.005803269594317817,787.9370699360745,1.0784650026223337,0.005376459973782832,554.2824061900998,-1.4430567087786295,-0.0057554719986224745,943.8145520442434,0.5505891578966595,0.005331863110237589
case_000,2.06,5.173701941933594,14.974136396175838,2.0,0.5293852477151122,0.3454890695377517,341.61489151217455,389.52980356669525,True,446.3194318453075,-1.9129942894955982,-0.005803315534790743,787.9343233574821,1.0784663414395492,0.005376339255060147,554.2857664070497,-1.4430549654912168,-0.005755352148322124,943.8155699737449,0.5505933842895995,0.005331908800290275
case_000,2.065,5.173671046529897,14.974112888889294,2.0,0.529381757895923,0.3454877924558503,341.612902838955,389.5274895108573,True,446.31871287105804,-1.9129896959769697,-0.005803360272538416,787.931615710013,1.0784676716172306,0.005376220820766275,554.2890806939321,-1.443053255070993,-0.005755233521736569,943.8165702047894,0.5505975571953847,0.005331954339392042
case_000,2.07,5.173640544344314,14.974089731399204,2.0,0.5293783174925607,0.34548653445979177,341.6109371287043,389.5252030478557,True,446.3180078241249,-1.9129851778648301,-0.005803403864571288,787.9289449528292,1.0784689930864297,0.005376104575729901,554.2923480717259,-1.4430515751848192,-0.005755116153936979,943.8175511195816,0.5506016773273339,0.005331999654626218
case_000,2.075,5.173610427358053,14.974066918511664,2.0,0.529374924831855,0.3454852952467499,341.60899398649195,389.52294363011174,True,446.3173152366755,-1.912980732306739,-0.005803446368444709,787.9263092231674,1.0784703056907174,0.005375990427062327,554.295567684736,-1.4430499236334078,-0.005755000079997796,943.8185113148478,0.5506057453068796,0.005332044675876946
case_000,2.08,5.173580688490588,14.974044445109838,2.0,0.529371578372809,0.3454840745194427,341.607073090285,389.5207107946852,True,446.3166337439801,-1.9129763565806495,-0.0058034878417618785,787.9237068342651,1.0784716091971847,0.005375878284618274,554.298738804679,-1.4430482983577662,-0.00575488533445212,943.8194495993642,0.5506097616729253,0.005332089336338053
case_000,2.085,5.173551321533196,14.974022306152701,2.0,0.5293682767038735,0.34548287198613026,341.60517418440423,389.51850415649653,True,446.3159620874612,-1.9129720481013124,-0.005803528341714881,787.9211362718654,1.0784729033072353,0.005375768061397057,554.3018608331515,-1.4430466974438574,-0.005754771950798987,943.820364989648,0.5506137268911043,0.005332133572948428
case_000,2.09,5.173522321080558,14.974000496673847,2.0,0.5293650185393273,0.34548168736059576,341.6032970729485,389.51632340142226,True,446.3152991165405,-1.9129678044250478,-0.0058035679246643546,787.918596189489,1.0784741876671144,0.005375659673886812,554.30493330263,-1.4430451191256115,-0.00575465996106167,943.8212567040523,0.550617641362881,0.00533217732675767
case_000,2.095,5.173493682461082,14.973979011780276,2.0,0.5293618027148651,0.345480520362111,341.60144161322194,389.5141682793669,True,446.3146437893587,-1.9129636232529308,-0.005803606645758741,787.9160854025806,1.0784754618780759,0.005375553042351766,554.3079558760529,-1.4430435617863422,-0.0057545493953988225,943.8221241554198,0.5506215054344217,0.005332220543223187
case_000,2.1,5.173465401666795,14.97395784665126,2.0,0.5293586281824968,0.34547937071538765,341.599607709251,389.512038597314,True,446.3139951724355,-1.9129595024325003,-0.005803644558594168,787.9136028816865,1.0784767255061285,0.005375448091064772,554.3109283451671,-1.443042023958729,-0.005754440281765805,943.8229669424811,0.5506253194051625,0.005332263172441398
case_000,2.105,5.173437475283343,14.973936996537198,2.0,0.5293554940048589,0.34547823815051365,341.59779530543057,389.5099342124878,True,446.31335243936684,-1.9129554399580906,-0.0058036817149145215,787.9111477447974,1.078477978091301,0.00537534474848711,554.3138506276878,-1.4430405043234336,-0.0057543326456275246,943.8237848401756,0.5506290835360258,0.005332305169316265
case_000,2.11,5.173409900420865,14.973916456758529,2.0,0.5293523993490364,0.34547712240287903,341.59600438034954,389.5078550256252,True,446.3127148686457,-1.9129514339698828,-0.005803718164351379,787.9087192489952,1.0784792191563817,0.005375242947398051,554.3167227634472,-1.4430390017065087,-0.005754226509719462,943.8245777890724,0.5506327980572362,0.005332346493668427
case_000,2.115,5.173382674646291,14.973896222704635,2.0,0.5293493434799901,0.3454760232130895,341.59423494083774,389.5058009744582,True,446.3120818407093,-1.9129474827517985,-0.005803753954202684,787.906316781547,1.0784804482151003,0.005375142624977403,554.3195449096232,-1.4430375150756949,-0.005754121893856268,943.8253458840815,0.5506364631757046,0.005332387110289327
case_000,2.12,5.173355795917408,14.973876289832805,2.0,0.5293463257536819,0.3454749403268698,341.5924870162773,389.5037720274071,True,446.3114528342613,-1.9129435847283232,-0.005803789129250614,787.9039398505386,1.078481664779693,0.005375043722842532,554.3223173351598,-1.443036043535732,-0.005754018814786044,943.8260893625669,0.5506400790819239,0.005332426988942651
case_000,2.125,5.173329262519443,14.973856653667212,2.0,0.5293433456099833,0.3454738734949596,341.59076065319334,389.5017681775654,True,446.31082742201977,-1.9129397384604008,-0.005803823731615032,787.9015880752131,1.0784828683678636,0.005374946187044927,554.3250404145232,-1.4430345863228156,-0.005753917286087151,943.8268085920886,0.5506436459563873,0.005332466104319367
case_000,2.13,5.173303073004244,14.97383730979789,2.0,0.5293404025654506,0.3454728224730001,341.5890559101797,389.49978943696885,True,446.31020526591533,-1.9129359426404766,-0.005803857800643408,787.899261176095,1.0784840585091018,0.0053748499680279505,554.3277146208806,-1.4430331427983056,-0.005753817318105925,943.8275040578494,0.5506471639754702,0.005332504435948293
case_000,2.1350000000000002,5.1732772261326465,14.97381825387977,2.0,0.5293374962060431,0.34547178702141573,341.58737285315345,389.49783583121643,True,446.3095861118741,-1.9129321960868346,-0.005803891372833547,787.8969589650276,1.0784852347503582,0.0053747550205502925,554.3303405188256,-1.4430317124418157,-0.005753718917932138,943.828176350042,0.5506506333167975,0.005332541968068372
case_000,2.14,5.173251720820142,14.973799481631717,2.0,0.529334626179855,0.3454707669052895,341.5857115509646,389.4959073944383,True,446.30896978423976,-1.9129284977373073,-0.005803924481788347,787.8946813352044,1.0784863966610727,0.00537466130357761,554.3329187567471,-1.4430302948437788,-0.005753622089409771,943.8288261511854,0.5506540541640652,0.005332578689465628
case_000,2.145,5.173226556086184,14.973780988835593,2.0,0.5293317921899287,0.3454697618942353,341.5840720713863,389.494004164642,True,446.3083561799238,-1.9129248466424826,-0.005803957158200146,787.8924282513101,1.0784875438375656,0.005374568780146749,554.3354500589523,-1.4430288896976247,-0.005753526833179701,943.8294542235943,0.5506574267113298,0.005332614593279994
case_000,2.15,5.173201731007255,14.97376277133533,2.0,0.5293289939872045,0.34546877176226604,341.5824544774478,389.49212617944545,True,446.3077452623706,-1.912921241958508,-0.0058039894298621,787.8901997398184,1.0784886759067847,0.005374477417204704,554.3379352176264,-1.443027496791645,-0.005753433146751807,943.8300613970719,0.550660751166762,0.005332649676785595
case_000,2.1550000000000002,5.173177244673818,14.973744825036038,2.0,0.5293262313636669,0.3454677962876609,341.58085882420414,389.49027347220044,True,446.3071370553763,-1.912917682939571,-0.005804021321705433,787.8879958795804,1.078489792529461,0.005374387185427765,554.3403750847297,-1.4430261160006694,-0.005753341024603009,943.8306485569301,0.5506640277558758,0.005332683941148941
case_000,2.16,5.1731530961513,14.973727145903126,2.0,0.5293235041457278,0.3454668352528307,341.57928515581847,389.4884460685263,True,446.306531636878,-1.9129141689301872,-0.005804052855858555,787.8858167926965,1.0784908934026423,0.005374298059021565,554.3427705639101,-1.4430247472776334,-0.005753250458298442,943.8312166324364,0.5506672567242505,0.0053327173911694725
case_000,2.165,5.173129284445003,14.973709729961424,2.0,0.5293208121878946,0.3454658884441833,341.577733503075,389.48664398323456,True,446.30592913272017,-1.9129106993573333,-0.00580408405172772,787.8836626357952,1.0784919782616718,0.00537421001550753,554.3451226024846,-1.4430233906451133,-0.005753161436633403,943.8317665857192,0.5506704383397432,0.00533275003500483
case_000,2.17,5.173105808469153,14.973692573294349,2.0,0.5293181553667544,0.3454649556519905,341.5762038812244,389.48486721765835,True,446.3053297105032,-1.9129072737225568,-0.005804114926095005,787.8815335917276,1.078493046881614,0.005374123035497336,554.3474321836085,-1.4430220461869436,-0.005753073945791443,943.8322994012668,0.5506735728942452,0.005332781883886917
case_000,2.1750000000000003,5.173082667019874,14.973675672043061,2.0,0.5293155335753055,0.34546403667025527,341.57469628820263,389.4831157573492,True,446.30473357354674,-1.912903891594105,-0.00580414549323216,787.8794298617494,1.0784940990781766,0.0053740371024595945,554.3497003186509,-1.4430207140399507,-0.0057529879695173425,943.8328160760001,0.5506766607049691,0.005332812951829857
case_000,2.18,5.173059858752036,14.973659022405647,2.0,0.5293129467176614,0.3454631312965821,341.5732107031977,389.48138957018875,True,446.3041409549985,-1.9129005525991503,-0.0058041757650285075,787.8773516581962,1.0784951347081349,0.005373952202480103,554.3519280398323,-1.4430193943858858,-0.005752903489301853,943.833317610021,0.5506797021153208,0.00533284325533484
case_000,2.185,5.173037382159932,14.973642620636321,2.0,0.5293103947041451,0.34546223933204995,341.57174708554294,389.47968860483047,True,446.30355211215874,-1.9128972564161812,-0.005804205751129665,787.8752991977017,1.078496153669321,0.005373868324019593,554.3541163931992,-1.4430180874436223,-0.0057528204845749276,943.8338049980297,0.550682697495354,0.0053328728130937475
case_000,2.19,5.1730152355617145,14.973626463044623,2.0,0.5293078774467875,0.3454613605810883,341.57030537391586,389.4780127895152,True,446.30296732105387,-1.912894002767621,-0.005804235459085039,787.8732726949697,1.0784971559001981,0.0053737854576708655,554.3562664319704,-1.4430167934616658,-0.005752738932904955,943.8342792214856,0.5506856472418785,0.005332901645695942
case_000,2.195,5.172993417087175,14.97361054599465,2.0,0.5293053948552393,0.3454604948513575,341.56888548585664,389.47636203120305,True,446.3023868712594,-1.912890791412695,-0.005804264894503086,787.871272357116,1.0784981413790602,0.005373703595917545,554.3583792102529,-1.4430155127110031,-0.005752658810202815,943.834741241456,0.5506885517781969,0.00533292977533828
case_000,2.2,5.172971924669051,14.973594865904271,2.0,0.5293029468331001,0.34545964195363366,341.56748731753845,389.4747362150347,True,446.30181106104766,-1.9128876221406412,-0.005804294061210635,787.8692983785861,1.0784991101228996,0.005373622732896988,554.360455777216,-1.4430142454783632,-0.005752580090926551,943.8351919922507,0.550691411553555,0.005332957225543833
case_000,2.205,5.17295075603734,14.973579419244391,2.0,0.529300533274666,0.3454588017016978,341.56611074381806,389.47313520407454,True,446.3012401928278,-1.9128844947642376,-0.005804322961416364,787.8673509366458,1.0785000621859642,0.005373542864168357,554.3624971716887,-1.4430129920598873,-0.0057525027482864255,943.8356323757632,0.5506942270422955,0.005332984020888554
case_000,2.21,5.172929908716649,14.973564202538187,2.0,0.5292981540620906,0.34545797391222993,341.5647556185026,389.47155883933067,True,446.3006745689485,-1.9128814091137385,-0.005804351595874668,787.8654301874511,1.0785009976580702,0.005373463986488691,554.3645044172316,-1.4430117527552557,-0.005752426754447315,943.8360632565623,0.5506969987427718,0.005333010186739484
case_000,2.215,5.172909380026224,14.973549212360377,2.0,0.5292958090629516,0.34545715840470914,341.56342177483486,389.47000694002713,True,446.30011448782955,-1.9128783650311985,-0.005804379964050088,787.8635362626644,1.0785019166626697,0.005373386097596966,554.366478517679,-1.443010527862279,-0.005752352080727108,943.8364854577061,0.5506997271760381,0.00533303574900551
case_000,2.22,5.172889167082525,14.973534445336501,2.0,0.5292934981282161,0.3454563550013182,341.5621090261768,389.46847930408944,True,446.2995602404718,-1.9128753623652421,-0.005804408064279065,787.8616692666486,1.078502819354751,0.005373309196009479,554.3684204531712,-1.4430093176719727,-0.005752278697789104,943.8368997572607,0.550702412884358,0.005333060733901995
case_000,2.225,5.172869266804021,14.973519898142193,2.0,0.5292912210905858,0.34545556352685425,341.56081716685964,389.46697570885624,True,446.2990121073046,-1.9128724009662506,-0.005804435893929594,787.8598292741642,1.0785037059185727,0.00537323328082534,554.3703311766448,-1.443008122464118,-0.005752206575828089,943.837306885501,0.5507050564295537,0.005333085167730511
case_000,2.23,5.1728496759180445,14.973505567502478,2.0,0.5292889777632105,0.34545478380864464,341.5595459731759,389.4654959119498,True,446.2984703554132,-1.9128694806820143,-0.005804463449555819,787.8580163285891,1.0785045765652765,0.005373158351544616,554.3722116108123,-1.4430069425033094,-0.0057521356847476945,943.8377075227621,0.5507076583912234,0.005333109076674281
case_000,2.235,5.172830390969491,14.97349145019107,2.0,0.5292867679387504,0.3454540156764688,341.5582952045013,389.46403965230445,True,446.29793523612295,-1.9128666013538353,-0.005804490727047307,787.8562304406242,1.078505431530426,0.005373084407899242,554.3740626456129,-1.4430057780355,-0.00575206599432837,943.8381022979173,0.5507102193648625,0.005333132486610381
case_000,2.24,5.172811408331013,14.973477543029675,2.0,0.529284591388767,0.34545325896248513,341.5570646045216,389.46260665134935,True,446.29740698293216,-1.912863762813077,-0.0058045177217719846,787.8544715874538,1.0785062710714732,0.0053730114496971515,554.3758851360981,-1.4430046292850174,-0.005751997474385706,943.8384917874474,0.5507127399599131,0.0053331554229389955
case_000,2.245,5.172792724214594,14.973463842887318,2.0,0.5292824478634217,0.3454525135011639,341.5558539025449,389.46119661429,True,446.29688580978467,-1.912860964878157,-0.0058045444287121994,787.8527397123296,1.0785070954652003,0.005372939476679994,554.3776799007653,-1.443003496452053,-0.0057519300949177565,943.8388765150553,0.5507152207977595,0.005333177910429865
case_000,2.25,5.17277433468429,14.973450346679659,2.0,0.5292803370914597,0.3454517791292247,341.5546628148803,389.45980923146294,True,446.2963719096922,-1.9128582073519946,-0.005804570842592116,787.8510347245725,1.0785079050051731,0.00537286848839541,554.379447720326,-1.4430023797106113,-0.005751863826240433,943.8392569517889,0.5507176625097012,0.005333199973086011
case_000,2.255,5.172756235669765,14.973437051368325,2.0,0.5292782587804551,0.34545105568557993,341.5534910462582,389.45844417980095,True,446.2958654536549,-1.912855490019866,-0.00580459695799751,787.8493564999131,1.078508699999194,0.005372798484082342,554.3811893368418,-1.4430012792068916,-0.005751798639112127,943.8396335166427,0.5507200657349274,0.005333221634024943
case_000,2.2600000000000002,5.172738422980675,14.973423953960248,2.0,0.5292762126172953,0.3454503430112824,341.55233829127957,389.45710112430083,True,446.29536658990713,-1.912852812647686,-0.0058046227694858454,787.8477048811867,1.0785094807668154,0.0053727294625710575,554.3829054532779,-1.4430001950580997,-0.005751734504844952,943.8400065775787,0.5507224311185027,0.00533324291537679
case_000,2.265,5.172720892321382,14.973411051507009,2.0,0.5292741982688768,0.3454496409494783,341.551204235887,389.455779719569,True,446.29487544342874,-1.912850174980673,-0.005804648271687973,787.8460796793157,1.0785102476369157,0.00537266142219639,554.3845967333597,-1.4429991273516327,-0.0057516713954055,943.8403764529287,0.5507247593093895,0.005333263838198876
case_000,2.27,5.172703639306142,14.973398341104204,2.0,0.5292722153829926,0.3454489493453642,341.55008855882653,389.454479611348,True,446.29439211574294,-1.9128475767423925,-0.005804673459399667,787.8444806745695,1.078511000945356,0.005372594360724903,554.3862638017997,-1.4429980761446624,-0.005751609283501824,943.8407434131477,0.5507270509585305,0.005333284422406825
case_000,2.275,5.172686659474324,14.973385819890781,2.0,0.5292702635893829,0.3454482680461488,341.5489909330854,389.45320043805805,True,446.2939166849508,-1.9128450176341552,-0.005804698327664171,787.8429076180362,1.0785117410327276,0.005372528275294219,554.3879072447977,-1.4429970414640485,-0.005751548142659324,943.8411076828557,0.5507293067169874,0.0053333046867208855
case_000,2.2800000000000002,5.172669948305667,14.973373485048436,2.0,0.5292683425009281,0.34544759690101806,341.5479110273206,389.4519418323134,True,446.29344920600073,-1.9128424973347382,-0.005804722871844914,787.8413602333213,1.0785124682422285,0.005372463162365948,554.3895276108149,-1.4429960233065693,-0.00575148794728475,943.8414694431283,0.5507315272341681,0.005333324648626847
case_000,2.285,5.172653501235349,14.973361333800955,2.0,0.5292664517149603,0.3454469357611047,341.54684850722873,389.45070342241706,True,446.29298971116003,-1.9128400155004135,-0.005804747087689077,787.8398382183888,1.0785131829176462,0.005372399017689544,554.391125411601,-1.4429950216394558,-0.005751428672718217,943.8418288340181,0.5507337131561417,0.005333344324351508
case_000,2.29,5.1726373136687975,14.973349363413625,2.0,0.5292645908146696,0.3454462844794601,341.5458030368731,389.449484833807,True,446.29253821068716,-1.912837571765259,-0.005804770971381268,787.8383412475603,1.0785138854014873,0.005372335836278386,554.3927011234338,-1.4429940364011777,-0.005751370295274338,943.8421859572408,0.5507358651240595,0.0053333637288509594
case_000,2.295,5.172621380995934,14.973337571192605,2.0,0.5292627593705849,0.3454456429110302,341.5447742799496,389.4482856904539,True,446.29209469364037,-1.9128351657417106,-0.0058047945195893735,787.83686897359,1.0785145760332262,0.005372273612395173,554.3942551885222,-1.4429930675024605,-0.005751312792273422,943.842540878976,0.5507379837726722,0.005333382875810477
case_000,2.3000000000000003,5.172605698605125,14.973325954484324,2.0,0.5292609569421092,0.34544501091263413,341.54376190098793,389.44710561619183,True,446.2916591288709,-1.912832797021358,-0.005804817729500034,787.8354210298588,1.0785152551477313,0.005372212339548932,554.3957880166178,-1.4429921148275242,-0.0057512561420609565,943.8428936328096,0.5507400697289814,0.005333401777657065
case_000,2.305,5.172590261896301,14.973314510674886,2.0,0.5292591830790884,0.34544438834294455,341.5427655664773,389.4459442359873,True,446.2912314661062,-1.9128304651759254,-0.005804840598847172,787.8339970325835,1.0785159230738102,0.00537215201049962,554.3972999867103,-1.4429911782354807,-0.005751200324019212,943.8432442226976,0.5507421236109937,0.005333420445580883
case_000,2.31,5.1725750662934455,14.973303237189478,2.0,0.5292574373233964,0.34544377506247137,341.54178494591065,389.4448011771227,True,446.29081163715296,-1.9128281697584348,-0.005804863125931814,787.8325965830636,1.0785165801329184,0.005372092617271618,554.3987914488584,-1.4429902575618918,-0.005751145318568962,943.8435926259812,0.5507441460266048,0.005333438889566611
case_000,2.315,5.172560107256318,14.973292131491794,2.0,0.5292557192105201,0.34544317093354604,341.5408197127554,389.443676070303,True,446.2903995571757,-1.912825910304512,-0.005804885309634855,787.8312192699311,1.0785172266380196,0.005372034151174709,554.4002627260883,-1.4429893526204454,-0.005751091107163486,943.8439387963913,0.5507461375726053,0.005333457118432694
case_000,2.32,5.172545380291375,14.973281191083442,2.0,0.5292540282711273,0.3454425758203089,341.5398695453261,389.44256855066806,True,446.28999512605986,-1.9128236863338266,-0.005804907149421945,787.829864671386,1.0785178628926002,0.0053719766028319516,554.4017141163713,-1.4429884632047367,-0.005751037672274306,943.8442826670394,0.5507480988338144,0.005333475139878308
case_000,2.325,5.17253088096175,14.973270413503391,2.0,0.529252364032605,0.3454419895886966,341.5389341275887,389.44147825872835,True,446.2895982297911,-1.9128214973516173,-0.005804928645343155,787.8285323573798,1.078518489189825,0.005371919962213034,554.4031458946135,-1.4429875890901096,-0.005750984997370923,943.8446241533419,0.5507500303823342,0.005333492960536035
case_000,2.33,5.1725166048963604,14.973259796327406,2.0,0.5292507260205542,0.3454414121064317,341.5380131498462,389.4404048411908,True,446.2892087418904,-1.9128193428503033,-0.005804949798025649,787.8272218917366,1.0785191058118313,0.0053718642186724175,554.4045583146718,-1.4429867300355554,-0.005750933066894004,943.8449631558626,0.5507519327769211,0.0053335105860297105
case_000,2.335,5.172502547798153,14.973249337167488,2.0,0.5292491137602318,0.3454408432430126,341.537106309377,389.43934795171765,True,446.2888265248537,-1.9128172223111468,-0.005804970608661308,787.8259328342307,1.0785197130291861,0.005371809360993018,554.4059516113681,-1.4429858857856377,-0.005750881866223079,943.8452995630857,0.5507538065624885,0.00533352802103737
case_000,2.34,5.172488705451334,14.973239033671325,2.0,0.5292475267779256,0.3454402828697041,341.5362133109386,389.4383072515594,True,446.2884514315974,-1.912815135205953,-0.005804991078989297,787.824664742536,1.0785203111004489,0.005371755377431786,554.4073260024807,-1.442985056072423,-0.005750831381639565,943.8456332540401,0.5507556522697116,0.005333545269356532
case_000,2.345,5.1724750737277105,14.973228883521768,2.0,0.5292459646022599,0.3454397308595286,341.53533386723797,389.43728241012957,True,446.28808330687565,-1.9128130809987753,-0.0058050112112747465,787.8234171741136,1.0785209002718885,0.005371702255769495,554.4086816906932,-1.4429842406173998,-0.005750781600285859,943.8459641008228,0.5507574704147506,0.005333562333972863
case_000,2.35,5.172461648592076,14.97321888443628,2.0,0.5292444267654185,0.34543918708725785,341.53446769926353,389.43627310545446,True,446.28772198868745,-1.9128110591476233,-0.0058050310082832235,787.822189687951,1.0785214807772947,0.00537164998336126,554.4100188654913,-1.442983439133363,-0.005750732510121204,943.8462919709458,0.55075926149907,0.005333579217129514
case_000,2.355,5.172448426106782,14.973209034166423,2.0,0.5292429128042847,0.3454386514294037,341.5336145365851,389.4352790245691,True,446.2873673096408,-1.9128090691061534,-0.005805050473252027,787.8209818462259,1.0785220528379311,0.0053715985471899375,554.4113377050035,-1.4429826513262647,-0.005750684099874337,943.8466167295726,0.5507610260093687,0.005333595920398726
case_000,2.36,5.172435402435278,14.973199330497334,2.0,0.5292414222614894,0.3454381237642103,341.5327741175454,389.4342998638009,True,446.28701909826304,-1.9128071103253157,-0.005805069609859159,787.8197932158084,1.078522616662567,0.00537154793391903,554.4126383777508,-1.4429818768969944,-0.0057506363589946985,943.8469382415517,0.5507627644175941,0.005333612444752278
case_000,2.365,5.172422573844921,14.973189771247222,2.0,0.5292399546863659,0.34543760397164475,341.53194618938863,389.43333532899146,True,446.2866771802631,-1.912805182254952,-0.005805088422189741,787.8186233696517,1.078523172447622,0.005371498129946417,554.4139210443107,-1.4429811155430876,-0.005750589277602136,943.8472563733021,0.5507644771810402,0.0053336287906320945
case_000,2.37,5.172409936708966,14.973180354266857,2.0,0.5292385096358105,0.3454370919333881,341.5311305083212,389.4323851356197,True,446.28634137973575,-1.9128032843453544,-0.005805106914700542,787.817471888057,1.0785237203773987,0.0053714491214580384,554.4151858589114,-1.4429803669603685,-0.005750542846434781,943.8475709945311,0.5507661647425381,0.005333644958019967
case_000,2.375,5.17239748750765,14.973171077439078,2.0,0.5292370866750455,0.3454365875328256,341.53032683950494,389.43144900888024,True,446.28601152027113,-1.9128014160487103,-0.005805125092184338,787.8163383597761,1.0785242606243737,0.005371400894479628,554.4164329708759,-1.4429796308444744,-0.005750497056798309,943.8478819797562,0.5507678275306984,0.005333660946504781
case_000,2.38,5.172385222828721,14.973161938678317,2.0,0.529235685378285,0.34543609065503644,341.52953495699415,389.4305266836607,True,446.2856874260196,-1.9127995768205106,-0.005805142959732168,787.8152223830137,1.078524793349593,0.005371353434928616,554.417662526013,-1.4429789068923085,-0.005750451900513431,943.8481892096737,0.5507694659602369,0.00533367675534846
case_000,2.3850000000000002,5.172373139367181,14.973152935930091,2.0,0.5292343053293054,0.34543560118678324,341.52875464361085,389.42961790448646,True,446.28536892266146,-1.9127977661208486,-0.005805160522696029,787.8141235662723,1.0785253187030988,0.0053713067286633165,554.418874667859,-1.4429781948033693,-0.005750407369865318,943.8484925723454,0.5507710804323451,0.005333692383548916
case_000,2.39,5.172361233924415,14.973144067170567,2.0,0.5292329461219218,0.34543511901649987,341.52798569078186,389.42872242538283,True,446.2850558382979,-1.912795983415626,-0.00580517778665135,787.8130415290798,1.0785258368244266,0.005371260761530716,554.4200695388245,-1.4429774942809805,-0.00575036345755342,943.8487919642073,0.5507726713351144,0.005333707829899892
case_000,2.395,5.172349503406723,14.973135330406057,2.0,0.5292316073603718,0.3454346440342798,341.5272278983205,389.4278400097047,True,446.2847480042481,-1.9127942281776598,-0.005805194757360299,787.8119759025686,1.0785263478431313,0.0053712155194111655,554.4212472812184,-1.4429768050334026,-0.005750320156642896,943.8490872909231,0.5507742390440038,0.00533372309304786
case_000,2.4,5.172337944823412,14.973126723672591,2.0,0.529230288659611,0.3454341761318626,341.5264810741677,389.42697042989516,True,446.2844452557896,-1.9127924998877028,-0.005805211440734703,787.8109263299573,1.0785268518793674,0.005371170988261509,554.4224080381731,-1.442976126774838,-0.005750277460517261,943.8493784680683,0.5507757839223423,0.005333738171545088
case_000,2.4050000000000002,5.172326555284294,14.973118245035451,2.0,0.5292289896455236,0.34543371520262006,341.5257450341158,389.4261134672405,True,446.28414743277784,-1.9127907980353394,-0.005805227842801297,787.8098924668936,1.0785273490444827,0.005371127154154665,554.4235519544278,-1.442975459226309,-0.005750235362833922,943.8496654216683,0.5507773063218602,0.005333753063899271
case_000,2.41,5.172315331996861,14.973109892588727,2.0,0.5292277099550513,0.34543326114154166,341.5250196014814,389.4252689115385,True,446.28385438020484,-1.9127891221197852,-0.005805243969667417,787.8088739816862,1.0785278394416338,0.005371084003316318,554.4246791770311,-1.4429748021164375,-0.00575019385748099,943.8499480885696,0.5507788065832392,0.0053337677686186025
case_000,2.415,5.172304272263075,14.973101664454887,2.0,0.5292264492362473,0.3454328138452189,341.5243046067728,389.4244365607789,True,446.28356594866995,-1.912787471650592,-0.005805259827488252,787.8078705554427,1.078528323166427,0.005371041522159059,554.4257898559172,-1.4429741551820963,-0.005750152938537034,943.850226416696,0.5507802850366849,0.00533378228425363
case_000,2.42,5.172293373475852,14.973093558784345,2.0,0.5292252071482569,0.34543237321182907,341.5235998873235,389.4236162207857,True,446.2832819947665,-1.9127858461482292,-0.005805275422435974,787.80688188209,1.0785288003075504,0.005370999697312695,554.4268841443834,-1.442973518168964,-0.005750112600233281,943.8505003651691,0.5507817420025081,0.005333796609434782
case_000,2.4250000000000003,5.1722826331152705,14.973085573755036,2.0,0.5292239833612348,0.34543193914111814,341.5229052869206,389.42280770481784,True,446.2830023813906,-1.9127842451445833,-0.005805290760670656,787.8059076683112,1.0785292709474112,0.005370958515651614,554.4279621994674,-1.4429728908319608,-0.0057500728369185294,943.8507699042852,0.5507831777916998,0.005333810742905176
case_000,2.43,5.172272048744581,14.973077707571997,2.0,0.5292227775561992,0.34543151153438284,341.52222065541594,389.4220108331832,True,446.28272697797365,-1.9127826681833422,-0.005805305848313236,787.8049476333896,1.0785297351627705,0.005370917964318711,554.4290241822184,-1.4429722729355907,-0.00575003364302723,943.8510350154016,0.5507845927065188,0.00533382468354987
case_000,2.435,5.1722616180061225,14.973069958466978,2.0,0.5292215894248331,0.3454310902944522,341.52154584834074,389.42122543282994,True,446.2824556606511,-1.9127811148202936,-0.005805320691420202,787.8040015089919,1.0785301930253672,0.005370878030746651,554.4300702579008,-1.4429716642541819,-0.00574999501304968,943.8512956907307,0.5507859870410711,0.005333838430421511
case_000,2.44,5.172251338617051,14.973062324698008,2.0,0.5292204186692351,0.34543067532566835,341.52088072650355,389.4204513369298,True,446.28218831235773,-1.9127795846235365,-0.005805335295960723,787.8030690388613,1.078530644602524,0.00537083870267524,554.4311005960913,-1.442971064572031,-0.005749956941505874,943.851551933021,0.5507873610818758,0.005333851982761206
case_000,2.445,5.172241208365016,14.973054804549022,2.0,0.5292192650016269,0.3454302665338668,341.52022515560526,389.4196883844495,True,446.2819248228507,-1.9127780771735885,-0.005805349667796278,787.802149978456,1.0785310899577287,0.0053707999681658625,554.43211537071,-1.4429704736834705,-0.005749919422921856,943.8518037551595,0.5507887151084127,0.0053338653400157865
case_000,2.45,5.1722312251038565,14.973047396329472,2.0,0.5292181281440232,0.34542986382635593,341.51957900584495,389.41893641975287,True,446.28166508869475,-1.9127765920634292,-0.005805363812661779,787.8012440945397,1.078531529151203,0.005370761815613245,554.4331147599689,-1.4429698913928402,-0.005749882451809352,943.8520511797218,0.550790049393666,0.005333878501851852
case_000,2.455,5.172221386749305,14.97304009837393,2.0,0.5292170078278697,0.3454294671118959,341.5189421515398,389.4181952921657,True,446.28140901318125,-1.9127751288984636,-0.005805377736149364,787.8003511647211,1.0785319622404395,0.0053707242337540095,554.4340989462787,-1.4429693175143983,-0.005749846022647387,943.8522942384444,0.5507913642046377,0.0053338914681658744
case_000,2.46,5.172211691274651,14.973032909041727,2.0,0.5292159037936525,0.3454290763006779,341.5183144707545,389.417464855587,True,446.28115650618906,-1.9127736872964014,-0.005805391443694741,787.7994709769436,1.0785323892807,0.005370687211672109,554.4350681160608,-1.442968751872153,-0.005749810129867916,943.8525329716479,0.5507926598028384,0.00533390423909097
case_000,2.465,5.172202136706631,14.97302582671657,2.0,0.5292148157904886,0.34542869130430187,341.51769584494707,389.416744968088,True,446.28090748402497,-1.9127722668870972,-0.005805404940564807,787.798603328972,1.078532810325501,0.0053706507388026625,554.4360224595415,-1.4429681942996413,-0.005749774767842886,943.8527674276295,0.550793936444757,0.005333916815000894
case_000,2.47,5.172192721121284,14.973018849806186,2.0,0.5292137435756973,0.3454283120357552,341.5170861586167,389.41603549152956,True,446.2806618691996,-1.9127708673123014,-0.005805418231848436,787.7977480278163,1.0785332254270463,0.00537061480493195,554.4369621704764,-1.4429676446396447,-0.005749739930874853,943.8529976620059,0.5507951943822994,0.005333929196510656
case_000,2.475,5.172183442640073,14.973011976741958,2.0,0.5292126869143622,0.3454279384093897,341.51648529898347,389.4153362911968,True,446.28041959019396,-1.912769488225393,-0.005805431322448262,787.7969048891774,1.0785336346366412,0.0053705794001964735,554.4378874458564,-1.4429671027438675,-0.0057497056131891044,943.8532237370532,0.5507964338632043,0.005333941384475072
case_000,2.48,5.172174299426036,14.97300520597858,2.0,0.5292116455788838,0.3454275703408996,341.5158931556749,389.4146472354528,True,446.2801805811729,-1.9127681292910348,-0.005805444217075406,787.7960737368478,1.0785340380050574,0.0053705445150787345,554.4387984855608,-1.44296656847256,-0.005749671808928936,943.8534457210136,0.5507976551314231,0.005333953379984269
case_000,2.485,5.172165289680231,14.972998535993701,2.0,0.5292106193485319,0.34542720774729907,341.5153096204381,389.4139681954016,True,446.2799447816957,-1.9127667901848118,-0.0058054569202452555,787.7952544021338,1.0785344355828739,0.005370510140402074,554.4396954920013,-1.4429660416941226,-0.005749638512152377,943.8536636874029,0.5507988584274731,0.005333965184357359
case_000,2.49,5.172156411638274,14.97299196528759,2.0,0.5292096080089965,0.34542685054689953,341.51473458686735,389.413299044587,True,446.27971213639137,-1.9127654705928245,-0.005805469436275523,787.7944467232587,1.0785348274207756,0.0053704762673230655,554.4405786697301,-1.442965522284664,-0.005749605716831474,943.8538777143172,0.5508000439887595,0.005333976799134055
case_000,2.495,5.172147663567138,14.972985492382797,2.0,0.5292086113519453,0.3454264986592868,341.51416795015575,389.41263965869666,True,446.27948259462323,-1.9127641702112528,-0.005805481769285914,787.793650544779,1.0785352135698087,0.005370442887322524,554.4414482250463,-1.4429650101275513,-0.005749573416852949,943.854087883743,0.550801212049867,0.005333988226064512
case_000,2.5,5.172139043762154,14.972979115823824,2.0,0.5292076291745886,0.34542615200529897,341.5136096068667,389.411989915297,True,446.279256110147,-1.912762888745907,-0.005805493923199012,787.7928657170137,1.078535594081619,0.005370409992195457,554.4423043655822,-1.4429645051129345,-0.005749541606020814,943.8542942808792,0.5508023628428194,0.005333999467097672
case_000,2.505,5.172130550544243,14.972972834176796,2.0,0.5292066612792555,0.34542581050700355,341.5130594547247,389.41134969358814,True,446.27903264075894,-1.9127616259117577,-0.005805505901742725,787.7920920954837,1.0785359690086385,0.005370377574039575,554.4431472998981,-1.4429640071372676,-0.005749510278060088,943.8544969934862,0.5508034965973148,0.00533401052436866
case_000,2.5100000000000002,5.172122182257329,14.97296664602915,2.0,0.5292057074729833,0.34542547408767543,341.5125173924345,389.41071887418434,True,446.27881214793405,-1.9127603814324434,-0.0058055177084542775,787.7913295403686,1.0785363384042486,0.005370345625242801,554.4439772370554,-1.4429635161028112,-0.005749479426622517,943.8546961112397,0.5508046135409217,0.005334021400184519
case_000,2.515,5.172113937266036,14.972960549989304,2.0,0.5292047675671241,0.34542514267177477,341.51198331951326,389.4100973389129,True,446.27859459647556,-1.912759155039791,-0.005805529346684879,787.7905779159888,1.0785367023229036,0.005370314138470167,554.4447943862144,-1.4429630319171471,-0.005749449045292787,943.8548917251273,0.550805713899255,0.005334032097009778
case_000,2.52,5.172105813953623,14.972954544686365,2.0,0.5292038413769683,0.34542481618492515,341.51145713614244,389.40948497062993,True,446.2783799541654,-1.9127579464733233,-0.005805540819605548,787.7898370903079,1.0785370608202332,0.005370283106649942,554.4455989562391,-1.442962554492694,-0.005749419127595745,943.855083926869,0.5508067978961246,0.0053340426174510736
case_000,2.525,5.1720978107200315,14.972948628769808,2.0,0.5292029287213884,0.34542449455389207,341.5109387430558,389.40888165307774,True,446.2781681914071,-1.9127567554797587,-0.005805552130214275,787.7891069344629,1.0785374139531048,0.005370252522959251,554.446391155288,-1.442962083746216,-0.005749389667005278,943.8552728083657,0.5508078657536498,0.0053340529642412204
case_000,2.5300000000000002,5.172089925980343,14.972942800909182,2.0,0.529202029422504,0.3454241777065618,341.5104280414231,389.4082872707411,True,446.2779592809036,-1.9127555818125448,-0.005805563281343018,787.7883873223267,1.0785377617796725,0.005370222380809642,554.4471711904608,-1.442961619598364,-0.005749360656952529,943.8554584612019,0.5508089176923633,0.005334063140223666
case_000,2.535,5.172082158163253,14.972937059793814,2.0,0.5292011433053689,0.34542386557192056,341.5099249327775,389.4077017087426,True,446.27775319731813,-1.9127544252313666,-0.005805574275666359,787.7876781300956,1.0785381043593838,0.005370192673832208,554.4479392674183,-1.4429611619732154,-0.005749332090836057,943.8556409761609,0.5508099539312756,0.00533407314833606
case_000,2.54,5.172074505709918,14.972931404132517,2.0,0.5292002701976809,0.34542355808003405,341.5094293189349,389.4071248527405,True,446.2775499169713,-1.9127532855016978,-0.005805585115709777,787.7869792359062,1.0785384417529782,0.005370163395862715,554.4486955900599,-1.4429607107978375,-0.005749303962031105,943.8558204428003,0.5508109746879314,0.0053340829915945465
case_000,2.545,5.172066967072903,14.972925832653294,2.0,0.5291994099295153,0.3454232551620274,341.50894110195856,389.4065565888585,True,446.27734941753687,-1.9127521623943464,-0.005805595803859032,787.7862905194954,1.0785387740224568,0.005370134540927163,554.4494403601958,-1.4429602660018714,-0.005749276263900094,943.8559969490543,0.5508119801784368,0.005334092673077939
case_000,2.5500000000000003,5.172059540715363,14.972920344103075,2.0,0.5291985623330823,0.34542295675006573,341.5084601841085,389.40599680363255,True,446.27715167776756,-1.912751055685033,-0.005805606342369207,787.7856118618761,1.0785391012310326,0.005370106103226968,554.4501737772574,-1.442959827517131,-0.005749248989802613,943.85617058089,0.5508129706174788,0.005334102195912627
case_000,2.555,5.1720522251103915,14.972914937247412,2.0,0.5291977272425074,0.345422662777335,341.50798646784125,389.40544538397046,True,446.27695667722577,-1.9127499651539746,-0.005805616733374486,787.784943145067,1.0785394234430719,0.0053700780771253065,554.4508960380226,-1.442959395277237,-0.0057492221331058024,943.8563414219931,0.5508139462183158,0.0053341115632576375
case_000,2.56,5.172045018740545,14.972909610870216,2.0,0.5291969044936364,0.34542237317802327,341.5075198557809,389.40490221711843,True,446.2767643960439,-1.912748890585505,-0.005805626978897582,787.7842842518248,1.0785397407240038,0.005370050457132736,554.4516073363752,-1.442958969217264,-0.005749195687194342,943.8565095534937,0.5508149071927625,0.005334120778290263
case_000,2.565,5.172037920097536,14.9729043637735,2.0,0.5291960939238631,0.345422087887303,341.5070602507462,389.4043671906701,True,446.2765748147014,-1.912747831767713,-0.005805637080859183,787.7836350654476,1.0785400531402438,0.0053700232378948165,554.4523078630849,-1.4429585492734238,-0.005749169645480334,943.856675053755,0.550815853751163,0.00533412984419307
case_000,2.57,5.172030927682047,14.97289919477709,2.0,0.529195295371979,0.3454218068413126,341.5066075557524,389.40384019254964,True,446.27638791381713,-1.9127467884920952,-0.005805647041087658,787.7829954695695,1.0785403607590753,0.00536999641417879,554.4529978056136,-1.4429581353827696,-0.00574914400141302,943.8568379981632,0.5508167861023433,0.005334138764140517
case_000,2.575,5.172024040003663,14.972894102718369,2.0,0.5291945086780454,0.3454215299771398,341.50616167404826,389.40332111104067,True,446.2762036739605,-1.9127457605532459,-0.005805656861328445,787.7823653480087,1.078540663648544,0.005369969980861755,554.4536773479462,-1.4429577274829286,-0.005749118748488047,943.8569984589868,0.5508177044535627,0.00533414754128736
case_000,2.58,5.172017255580973,14.972889086452021,2.0,0.5291937336832866,0.34542125723280515,341.5057225091441,389.4028098348093,True,446.2760220754974,-1.9127447477485715,-0.005805666543252763,787.7817445846415,1.0785409618773396,0.0053699439329195076,554.4543466704475,-1.4429573255118604,-0.005749093880256406,943.8571565052569,0.550818609010455,0.005334156178757432
case_000,2.585,5.17201057294178,14.972884144849775,2.0,0.5291929702300028,0.3454209885472453,341.5052899648561,389.40230625293077,True,446.27584309844536,-1.9127437498780293,-0.005805676088466383,787.7811330633015,1.0785412555146727,0.0053699182654159405,554.4550059497647,-1.4429569294076532,-0.005749069390332151,943.8573122026954,0.550819499976966,0.005334164679633824
case_000,2.59,5.1720039906233,14.97287927680015,2.0,0.5291922181615017,0.34542072386029765,341.5048639453661,389.40181025494644,True,446.2756667223355,-1.9127427667438783,-0.005805685498518565,787.7805306677016,1.078541544630143,0.005369892973493051,554.4556553587101,-1.4429565391083297,-0.005749045272401054,943.8574656136566,0.5508203775552792,0.005334173046949275
case_000,2.595,5.171997507172588,14.972874481208216,2.0,0.5291914773220487,0.34542046311268504,341.50444435525503,389.40132173090217,True,446.2754929261275,-1.9127417981504846,-0.005805694774909276,787.7799372813826,1.078541829293612,0.005369868052361948,554.4562950662163,-1.442956154551694,-0.0057490215202271044,943.8576167971185,0.5508212419457464,0.005334181283678241
case_000,2.6,5.171991121146878,14.972869756995326,2.0,0.5291907475568315,0.3454202062460009,341.50403109957955,389.4008405714027,True,446.27532168810654,-1.9127408439041225,-0.005805703919097405,787.7793527876861,1.0785421095750702,0.005369843497294524,554.4569252372762,-1.4429557756751947,-0.00574899812765961,943.8577658086789,0.5508220933468044,0.005334189392729061
case_000,2.605,5.171984831114175,14.972865103098911,2.0,0.5291900287119421,0.34541995320269525,341.5036240839249,389.40036666767844,True,446.27515298582983,-1.9127399038128228,-0.0058057129325072565,787.7787770697547,1.0785423855445175,0.005369819303616352,554.4575460329395,-1.4429554024158238,-0.005748975088638586,943.8579127006179,0.5508229319549133,0.005334197376938521
case_000,2.61,5.171978635653653,14.972860518472206,2.0,0.5291893206343713,0.34541970392606036,341.5032232144684,389.39989991164316,True,446.27498679606066,-1.9127389776862225,-0.005805721816535714,787.778210010529,1.078542657271822,0.005369795466699356,554.4581576102942,-1.4429550347100244,-0.00574895239720058,943.8580575219373,0.5508237579644669,0.005334205239065581
case_000,2.615,5.171972533356287,14.972856002084038,2.0,0.5291886231720164,0.34541945836021787,341.502828398043,389.39944019595384,True,446.274823094746,-1.91273806533546,-0.005805730572557788,787.777651492789,1.078542924826607,0.005369771981956428,554.4587601224981,-1.442954672493633,-0.005748930047482892,943.858200318452,0.5508245715677247,0.0053342129817873785
case_000,2.62,5.171966522825397,14.972851552918591,2.0,0.5291879361736985,0.3454192164501055,341.5024395422055,389.39898741408956,True,446.2746618569903,-1.9127371665730757,-0.005805739201932392,787.7771013991958,1.0785431882781304,0.005369748844836153,554.4593537188036,-1.442954315701836,-0.005748908033727906,943.8583411328932,0.5508253729547391,0.005334220607695506
case_000,2.625,5.171960602677259,14.97284716997517,2.0,0.5291872594891919,0.34541897814146416,341.50205655529714,389.3985414603976,True,446.2745030570501,-1.912736281212938,-0.005805747706007336,787.7765596123472,1.078543447695168,0.005369726050818369,554.4599385446268,-1.442953964269154,-0.0057488863502858645,943.8584800050244,0.5508261623132874,0.005334228119293349
case_000,2.63,5.171954771541655,14.972842852267991,2.0,0.5291865929692594,0.3454187433808264,341.5016793465037,389.3981022301788,True,446.27434666834154,-1.9127354090701882,-0.00580575608612377,787.7760260148452,1.0785437031459046,0.005369703595410336,554.4605147415946,-1.4429536181294276,-0.005748864991618197,943.8586169717734,0.5508269398288042,0.00533423551899409
case_000,2.6350000000000002,5.171949028062509,14.972838598825943,2.0,0.5291859364656963,0.3454185121155038,341.50130782592015,389.3976696197408,True,446.27419266346254,-1.9127345499612085,-0.005805764343619957,787.7755004893827,1.0785439546978393,0.005369681474144072,554.461082447639,-1.4429532772158402,-0.005748843952299076,943.8587520673798,0.5508277056843238,0.005334242809119705
case_000,2.64,5.171943370898431,14.972834408692382,2.0,0.5291852898313808,0.3454182842935759,341.5009419046053,389.39724352646454,True,446.2740410142165,-1.912733703703591,-0.005805772479834936,787.7749829188218,1.0785442024176821,0.005369659682573635,554.4616417970859,-1.4429529414609423,-0.00574882322701703,943.8588853235505,0.5508284600604239,0.005334249991900575
case_000,2.645,5.171937798723273,14.972830280924912,2.0,0.5291846529203258,0.3454180598638789,341.5005814946419,389.39682384885134,True,446.27389169165474,-1.9127328701161381,-0.005805780496111246,787.7744731862966,1.0785444463712777,0.0053696382162736755,554.4621929207584,-1.4429526107966912,-0.005748802810575715,943.8590167696098,0.5508292031351717,0.005334257069475434
case_000,2.65,5.171932310226662,14.972826214595175,2.0,0.5291840255877389,0.34541783877599475,341.5002265091828,389.39641048660155,True,446.2737446661196,-1.912732049018867,-0.005805788393797473,787.7739711753024,1.0785446866235167,0.00536961707083794,554.4627359460839,-1.4429522851545071,-0.005748782697894361,943.8591464326854,0.550829935084089,0.005334264043892811
case_000,2.6550000000000002,5.171926904114535,14.972822208788642,2.0,0.529183407690081,0.34541762098024037,341.49987686249847,389.3960033406486,True,446.2735999073086,-1.9127312402330312,-0.0058057961742498665,787.7734767698071,1.0785449232382753,0.005369596241878993,554.4632709972227,-1.4429519644653364,-0.005748762884007219,943.8592743378713,0.5508306560801081,0.005334270917112305
case_000,2.66,5.1719215791095206,14.972818262604399,2.0,0.529182799085128,0.3454174064276574,341.49953247002,389.3956023132097,True,446.27345738432075,-1.9127304435811425,-0.005805803838834278,787.7729898543407,1.0785451562783392,0.005369575725027442,554.4637981951767,-1.4429516486597183,-0.005748743364063391,943.8594005083863,0.5508313662935355,0.005334277691006084
case_000,2.665,5.171916333951467,14.972814375154957,2.0,0.5291821996320324,0.34541719507000224,341.4991932483853,389.39520730784284,True,446.2733170657361,-1.9127296588870208,-0.005805811388926663,787.7725103141214,1.0785453858053713,0.005369555515933044,554.4643176579336,-1.442951337667873,-0.005748724133325056,943.8595249657765,0.5508320658920413,0.005334284367362274
case_000,2.67,5.171911167397704,14.972810545566048,2.0,0.5291816091913851,0.3454169868597358,341.4988591154681,389.3948182294739,True,446.2731789196622,-1.9127288859758198,-0.005805818825914633,787.7720380351303,1.0785456118798369,0.005369535610264264,554.4648295005832,-1.442951031419777,-0.005748705187166525,943.8596477300571,0.5508327550406239,0.005334290947886899
case_000,2.6750000000000003,5.171906078223523,14.97280677297642,2.0,0.5291810276252755,0.34541678175001433,341.4985299904035,389.39443498443677,True,446.2730429138381,-1.9127281246741015,-0.005805826151196514,787.7715729042416,1.0785458345609953,0.0053695160037103284,554.465333835469,-1.442950729845262,-0.005748686521071633,943.8597688199058,0.5508334339016135,0.00533429743420788
case_000,2.68,5.171901065222324,14.972803056537652,2.0,0.5291804547973487,0.3454165796946796,341.4982057936237,389.39405748050274,True,446.2729090156769,-1.9127273748098752,-0.0058058333661824,787.7711148093006,1.0785460539068503,0.005369496691981723,554.4658307722988,-1.4429504328740947,-0.00574866813063224,943.8598882528015,0.5508341026346513,0.00533430382787764
case_000,2.685,5.171896127205969,14.97279939541396,2.0,0.5291798905728625,0.34541638064824953,341.4978864468692,389.39368562690515,True,446.27277719235724,-1.9127266362126638,-0.005805840472293211,787.7706636392264,1.0785462699741333,0.005369477670812028,554.466320418303,-1.4429501404360867,-0.0057486500115448425,943.8600060452081,0.5508347613967022,0.005334310130377717
case_000,2.69,5.1718912630049285,14.972795788782006,2.0,0.529179334818739,0.3454161845659096,341.49757187321495,389.39331933436654,True,446.27264741089505,-1.9127259087135684,-0.005805847470960135,787.77021928411,1.0785464828182973,0.005369458935959914,554.4668028783472,-1.4429498524611744,-0.005748632159608413,943.8601222127137,0.5508354103420561,0.005334316343122203
case_000,2.695,5.171886471468413,14.972792235830722,2.0,0.5291787874036132,0.3454159914035033,341.4972619970661,389.3929585151002,True,446.2725196382124,-1.9127251921453263,-0.0058058543636239635,787.7697816352785,1.0785466924934919,0.005369440483210308,554.4672782550709,-1.4429495688795215,-0.005748614570721067,943.8602367701711,0.5508360496223363,0.005334322467461683
case_000,2.7,5.171881751464519,14.97278873576111,2.0,0.5291782481978788,0.3454158011175236,341.49695674418507,389.392603082837,True,446.2723938412161,-1.9127244863423805,-0.005805861151733704,787.7693505854012,1.0785468990525815,0.005369422308377392,554.4677466490133,-1.4429492896216112,-0.00574859724087684,943.8603497318503,0.5508366793865247,0.005334328504687846
case_000,2.705,5.17187710188021,14.972785287786078,2.0,0.5291777170737274,0.34541561366510437,341.4966560416746,389.39225295281994,True,446.27226998686234,-1.912723791140936,-0.005805867836745582,787.768926028537,1.078547102547131,0.005369404407305822,554.4682081587293,-1.4429490146183321,-0.005748580166162587,943.8604611115493,0.5508372997809752,0.005334334456037093
case_000,2.71,5.171872521621412,14.972781891130248,2.0,0.5291771939051848,0.34541542900401145,341.4963598179891,389.3919080418118,True,446.272148042233,-1.9127231063790326,-0.00580587442012126,787.7685078602221,1.0785473030274335,0.005369386775873675,554.4686628809205,-1.4429487438010737,-0.005748563342754087,943.8605709227323,0.5508379109494528,0.005334340322695419
case_000,2.715,5.1718680096128935,14.972778545029795,2.0,0.5291766785681422,0.3454152470926345,341.49606800292656,389.3915682680872,True,446.27202797459256,-1.9127224318965934,-0.005805880903326566,787.7680959775191,1.0785475005425174,0.0053693694099942735,554.4691109105363,-1.4429484771018037,-0.005748546766912888,943.8606791786235,0.5508385130331526,0.005334346105801968
case_000,2.72,5.1718635647982,14.972775248732267,2.0,0.5291761709403812,0.3454150678899785,341.4957805276169,389.39123355143283,True,446.2719097514494,-1.9127217675354862,-0.005805887287829881,787.7676902790663,1.0785476951401665,0.005369352305618302,554.469552340881,-1.4429482144531471,-0.005748530434982746,943.8607858923139,0.5508391061707434,0.005334351806453419
case_000,2.725,5.171859186139577,14.972772001496416,2.0,0.5291756709015958,0.3454148913556554,341.495497324509,389.39090381313144,True,446.2717933406262,-1.9127211131395816,-0.005805893575099863,787.7672906651352,1.0785478868669514,0.005369335458736413,554.4699872637275,-1.4429479557884695,-0.005748514343385636,943.8608910768589,0.5508396904984084,0.005334357425708203
case_000,2.73,5.171854872617751,14.97276880259203,2.0,0.5291751783334078,0.3454147174498763,341.4952183273645,389.3905789759515,True,446.271678710295,-1.9127204685547936,-0.005805899766604394,787.7668970376595,1.078548075768253,0.005369318865381056,554.4704157693976,-1.4429477010419336,-0.005748498488618692,943.8609947453491,0.5508402661498808,0.005334362964590056
case_000,2.735,5.171850623231778,14.972765651299767,2.0,0.529174693119377,0.34541454613344275,341.4949434712219,389.39025896411897,True,446.27156582904576,-1.9127198336291331,-0.005805905863808081,787.7665093002677,1.0785482618882989,0.005369302521628538,554.4708379468647,-1.4429474501485775,-0.005748482867250215,943.8610969109836,0.5508408332564955,0.0053343684240919065
case_000,2.74,5.171846436998758,14.972762546910998,2.0,0.5291742151450086,0.34541437736773917,341.49467269239057,389.3899437033127,True,446.2714546659137,-1.9127192082127384,-0.005805911868171032,787.7661273583043,1.0785484452701906,0.005369286423600905,554.4712538838203,-1.442947203044356,-0.00574846747591673,943.861197587133,0.550841391947232,0.0053343738051794265
case_000,2.745,5.171842312953635,14.972759488727641,2.0,0.5291737442977524,0.3454142111147248,341.494405928426,389.38963312063436,True,446.27134519043,-1.9127185921579175,-0.005805917781146697,787.765751118856,1.0785486259559514,0.005369270567468054,554.4716636667627,-1.4429469596662061,-0.005748452311319152,943.861296787397,0.5508419423487709,0.00533437910879464
case_000,2.75,5.171838250148899,14.97275647606201,2.0,0.5291732804670011,0.34541404733692566,341.49414311809215,389.3893271445752,True,446.27123737266237,-1.9127179853191834,-0.005805923604179919,787.7653804907545,1.0785488039865612,0.005369254949449231,554.4720673810635,-1.4429467199520891,-0.005748437370219628,943.8613945256387,0.5508424845855394,0.005334384335858866
case_000,2.755,5.171834247654243,14.97275350823665,2.0,0.5291728235440809,0.3454138859974267,341.4938842013484,389.38902570499704,True,446.27113118323285,-1.9127173875532635,-0.005805929338705718,787.7650153845813,1.0785489794019962,0.005369239565814532,554.4724651110265,-1.4429464838410253,-0.005748422649438478,943.8614908160235,0.5508430187797676,0.005334389487275826
case_000,2.7600000000000002,5.17183030455625,14.972750584584194,2.0,0.5291723734222401,0.3454137270598641,341.49362911931553,389.38872873310163,True,446.2710265933471,-1.9127167987191265,-0.00580593498614751,787.7646557126626,1.0785491522412687,0.0053692244128862865,554.4728569399412,-1.4429462512731304,-0.005748408145851258,943.8615856730428,0.5508435450515378,0.005334394563934308
case_000,2.765,5.171826419958094,14.972747704447212,2.0,0.5291719299966329,0.34541357048841775,341.4933778142383,389.3884361613915,True,446.27092357483417,-1.9127162186780053,-0.0058059405479148896,787.7643013890724,1.0785493225424783,0.005369209487040616,554.4732429501477,-1.442946022189647,-0.00574839385638537,943.8616791115392,0.5508440635188475,0.005334399566711001
case_000,2.77,5.1718225929790895,14.97274486717805,2.0,0.5291714931642987,0.34541341624780314,341.4931302294719,389.38814792364974,True,446.27082210013526,-1.9127156472933882,-0.005805946025403186,787.7639523296072,1.0785494903428459,0.005369194784708098,554.4736232230567,-1.442945796532955,-0.00574837977801812,943.8617711467065,0.5508445742976531,0.005334404496472378
case_000,2.775,5.1718188227543775,14.972742072138702,2.0,0.5291710628241402,0.3454132643032641,341.4928863094355,389.38786395490035,True,446.27072214233925,-1.912715084431034,-0.00580595141999124,787.7636084517748,1.0785496556787617,0.005369180302374932,554.4739978392053,-1.4429455742465973,-0.005748365907773556,943.8618617941056,0.5508450775019345,0.005334409354077196
case_000,2.7800000000000002,5.171815108434538,14.972739318700654,2.0,0.5291706388768955,0.345413114620565,341.49264599958144,389.3875841913631,True,446.27062367518374,-1.912714529958966,-0.005805956733040463,787.7632696747652,1.0785498185858238,0.005369166036583439,554.4743668782877,-1.4429453552752856,-0.005748352242720078,943.8619510696508,0.5508455732437412,0.0053344141403779965
case_000,2.785,5.171811449185178,14.972736606244744,2.0,0.5291702212251105,0.3454129671659835,341.49240924637354,389.3873085704396,True,446.27052667305816,-1.9127139837474643,-0.005805961965893669,787.7629359194317,1.0785499790988833,0.005369151983932896,554.4747304191718,-1.4429451395649007,-0.005748338779968609,943.8620389896114,0.55084606163325,0.005334418856222989
case_000,2.79,5.1718078441865565,14.972733934161031,2.0,0.5291698097731058,0.345412821906303,341.4921759972438,389.3870370306653,True,446.27043111101085,-1.9127134456690578,-0.005805967119873856,787.7626071082547,1.0785501372520838,0.0053691381410797545,554.4750885399305,-1.4429449270624999,-0.00574832551667015,943.8621255705958,0.550846542778819,0.005334423502457386
case_000,2.795,5.1718042926331815,14.972731301848642,2.0,0.5291694044269437,0.3454126788088052,341.49194620056596,389.38676951167406,True,446.270336964741,-1.9127129155985008,-0.005805972196283482,787.7622831653069,1.0785502930788993,0.00536912450473781,554.4754413178554,-1.4429447177163042,-0.005748312450014059,943.8622108295294,0.5508470167870353,0.005334428079924458
case_000,2.8000000000000003,5.171800793733408,14.972728708715652,2.0,0.5291690050943922,0.34541253784126286,341.49171980562664,389.3865059541671,True,446.2702442105956,-1.9127123934127575,-0.005805977196403522,787.7619640162222,1.078550446612176,0.0053691110716784785,554.4757888294714,-1.4429445114756938,-0.0057482995772262235,943.8622947836385,0.5508474837627666,0.005334432589466642
case_000,2.805,5.171797346709069,14.972726154178941,2.0,0.5291686116848877,0.3454123989719324,341.49149676258105,389.38624629987794,True,446.27015282556727,-1.9127118789909827,-0.005805982121492637,787.7616495881483,1.0785505978841647,0.005369097838730408,554.4761311505434,-1.4429443082911895,-0.005748286895567667,943.8623774504214,0.550847943809212,0.005334437031926265
case_000,2.81,5.171793950795068,14.972723637664071,2.0,0.5291682241094965,0.345412262169547,341.49127702244266,389.3859904915398,True,446.2700627872699,-1.912711372214479,-0.005805986972787003,787.7613398097126,1.0785507469265572,0.0053690848027795335,554.4764683560843,-1.4429441081144387,-0.005748274402332998,943.8624588476241,0.5508483970279482,0.005334441408146207
case_000,2.815,5.171790605239008,14.972721158605149,2.0,0.5291678422808755,0.34541212740330945,341.4910605370362,389.3857384728492,True,446.26997407393947,-1.9127108729666806,-0.005805991751499373,787.7610346109757,1.0785508937705213,0.005369071960768523,554.4768005203576,-1.4429439108981934,-0.005748262094849188,943.8625389932068,0.5508488435189751,0.005334445718970238
case_000,2.82,5.171787309300824,14.972718716444698,2.0,0.5291674661132316,0.34541199464288475,341.49084725898086,389.3854901884357,True,446.26988666441076,-1.9127103811331114,-0.005805996458819018,787.7607339233916,1.0785510384467323,0.0053690593096964445,554.4771277168751,-1.4429437165962857,-0.005748249970474573,943.8626179053108,0.5508492833807584,0.0053344499652432376
case_000,2.825,5.171784062252417,14.97271631063354,2.0,0.5291670955222813,0.3454118638583935,341.49063714165476,389.3852455838319,True,446.2698005381024,-1.9127098966013494,-0.005806001095911395,787.7604376797572,1.0785511809853956,0.005369046846617931,554.477450018398,-1.4429435251636034,-0.005748238026597741,943.8626956022299,0.5508497167102765,0.005334454147811474
case_000,2.83,5.1717808633772675,14.972713940630674,2.0,0.5291667304252098,0.3454117350204049,341.4904301391719,389.38500460544276,True,446.26971567499226,-1.912709419260985,-0.005806005663918257,787.7601458141642,1.078551321416278,0.00536903456864235,554.477767496923,-1.4429433365560556,-0.00574822626063709,943.8627721023657,0.5508501436030527,0.005334458267522213
case_000,2.835,5.17177771197019,14.972711605903143,2.0,0.5291663707406307,0.3454116080999298,341.4902262063609,389.384767200513,True,446.26963205561304,-1.9127089490035902,-0.005806010163956987,787.7598582619739,1.07855145976874,0.005369022472933693,554.4780802236928,-1.4429431507305528,-0.005748214670039498,943.8628474242058,0.5508505641532017,0.005334462325223999
case_000,2.84,5.171774607336893,14.972709305925921,2.0,0.5291660163885447,0.3454114830684143,341.4900252987325,389.3845333171056,True,446.2695496610093,-1.9127084857226604,-0.005806014597121545,787.7595749597418,1.0785515960717422,0.0053690105567085755,554.4783882691709,-1.4429429676449634,-0.005748203252280426,943.8629215862765,0.5508509784534595,0.005334466321765985
case_000,2.845,5.171771548793731,14.972707040181795,2.0,0.5291656672903005,0.3454113598977326,341.4898273724646,389.3843029040721,True,446.2694684727324,-1.9127080293135823,-0.005806018964481963,787.759295845197,1.0785517303538816,0.00536899881723607,554.478691703039,-1.4429427872580873,-0.005748192004863206,943.8629946071111,0.5508513865952208,0.005334470257997659
case_000,2.85,5.171768535667406,14.972704808161248,2.0,0.5291653233685547,0.3454112385601807,341.4896323843772,389.38407591102737,True,446.2693884728098,-1.9127075796735848,-0.005806023267084848,787.759020857187,1.0785518626433999,0.005368987251836266,554.4789905941951,-1.4429426095296203,-0.005748180925318425,943.8630665052225,0.5508517886685719,0.005334474134768619
case_000,2.855,5.17176556729464,14.972702609362345,2.0,0.5291649845472343,0.3454111190284701,341.48944029191233,389.38385228832885,True,446.2693096437246,-1.9127071367016955,-0.005806027505953659,787.758749935637,1.0785519929682046,0.00536897585787921,554.4792850107298,-1.4429424344201212,-0.005748170011204146,943.8631372990586,0.5508521847623183,0.00533447795292763
case_000,2.86,5.1717626430219505,14.972700443290616,2.0,0.5291646507514978,0.34541100127572105,341.4892510531141,389.3836319870459,True,446.26923196839243,-1.9127067002986902,-0.005806031682089097,787.7584830215065,1.078552121355884,0.00536896463278369,554.4795750199269,-1.4429422618909717,-0.005748159260105357,943.8632070069727,0.5508525749640135,0.005334481713322181
case_000,2.865,5.171759762205368,14.97269830945896,2.0,0.5291643219077004,0.3454108852754563,341.48906462661716,389.38341495895713,True,446.26915543013877,-1.9127062703670525,-0.005806035796469433,787.7582200567559,1.078552247833719,0.005368953574016233,554.4798606882474,-1.4429420919043483,-0.005748148669633968,943.8632756472045,0.5508529593599896,0.0053344854167981515
case_000,2.87,5.17175692421019,14.972696207387507,2.0,0.5291639979433574,0.34541077100159506,341.48888097162666,389.38320115650754,True,446.26908001266935,-1.9127058468109226,-0.005806039850051403,787.757960984296,1.0785523724286925,0.0053689426790894945,554.4801420813218,-1.4429419244231843,-0.005748138237428868,943.8633432378293,0.5508533380353764,0.005334489064198478
case_000,2.875,5.171754128410773,14.972694136603543,2.0,0.5291636787871112,0.3454106584284468,341.48870004790047,389.3829905328116,True,446.2690057000592,-1.9127054295360573,-0.005806043843770203,787.7577057479597,1.078552495167502,0.005368931945561317,554.4804192639396,-1.442941759411135,-0.005748127961155758,943.8634097967512,0.5508537110741306,0.005334492656363099
case_000,2.88,5.171751374190294,14.972692096641381,2.0,0.5291633643686984,0.3454105475307051,341.488521815738,389.3827830416237,True,446.26893247672075,-1.9127050184497785,-0.005806047778540546,787.7574542924588,1.078552616076563,0.005368921371033175,554.4806923000377,-1.4429415968325463,-0.005748117838507427,943.8634753416615,0.5508540785590499,0.00533449619412768
case_000,2.8850000000000002,5.1717486609406,14.972690087042265,2.0,0.5291630546189187,0.34541043828344153,341.4883462359715,389.38257863732747,True,446.26886032739316,-1.9127046134609391,-0.005806051655256772,787.7572065633647,1.0785527351820239,0.005368910953149397,554.4809612527024,-1.4429414366524247,-0.0057481078672034225,943.8635398900299,0.550854440571803,0.00533449967832339
case_000,2.89,5.171745988061931,14.972688107354267,2.0,0.5291627494696052,0.34541033066210036,341.4881732699495,389.38237727491855,True,446.26878923710257,-1.9127042144798632,-0.005806055474794347,787.7569625070521,1.0785528525097554,0.0053689006895950575,554.4812261841431,-1.4429412788363958,-0.005748098044990879,943.8636034590617,0.5508547971929343,0.005334503109775457
case_000,2.895,5.171743354962864,14.97268615713218,2.0,0.5291624488535968,0.3454102246424923,341.4880028795264,389.38217890999977,True,446.2687191911676,-1.9127038214183234,-0.0058060592380094755,787.756722070694,1.078552968085371,0.0053688905780955865,554.4814871557081,-1.442941123350689,-0.0057480883696438,943.8636660657079,0.5508551485018981,0.005334506489303392
case_000,2.9,5.171740761060056,14.972684235937432,2.0,0.5291621527047111,0.34541012020078904,341.48783502705874,389.3819834987571,True,446.26865017516263,-1.9127034341894866,-0.005806062945740487,787.7564852022214,1.0785530819342197,0.005368880616415106,554.481744227865,-1.4429409701620974,-0.005748078838963777,943.8637277266221,0.5508554945770602,0.005334509817719435
case_000,2.9050000000000002,5.171738205778134,14.972682343337969,2.0,0.5291618609577194,0.3454100173135175,341.48766967538944,389.3817909979622,True,446.26858217490343,-1.9127030527078785,-0.005806066598808446,787.7562518502929,1.0785531940813873,0.005368870802355041,554.4819974601972,-1.4429408192379536,-0.005748069450780102,943.8637884581594,0.5508558354957206,0.0053345130958283304
case_000,2.91,5.171735688549557,14.972680478908167,2.0,0.5291615735483233,0.34540991595755455,341.48750678784603,389.38160136494776,True,446.26851517643405,-1.9127026768893454,-0.005806070198017654,787.7560219642801,1.0785533045517013,0.005368861133753289,554.4822469114082,-1.442940670546105,-0.005748060202949712,943.863848276356,0.5508561713341226,0.005334516324426386
case_000,2.915,5.171733208814493,14.972678642228743,2.0,0.5291612904131325,0.34540981611012156,341.4873463282295,389.38141455761536,True,446.26844916601294,-1.9127023066510196,-0.005806073744156315,787.7557954942424,1.0785534133697272,0.0053688516084829385,554.4824926393159,-1.4429405240548887,-0.005748051093357409,943.8639071969312,0.5508565021674718,0.005334519504301305
case_000,2.92,5.171730766020705,14.972676832886648,2.0,0.5291610114896442,0.34540971774877893,341.48718826081364,389.3812305344163,True,446.2683841300939,-1.9127019419112823,-0.005806077237997365,787.7555723909076,1.078553520559772,0.00536884222445122,554.4827347008511,-1.4429403797331084,-0.005748042119916141,943.8639652352674,0.5508568280699422,0.005334522636231187
case_000,2.9250000000000003,5.171728359623389,14.972675050474983,2.0,0.5291607367162234,0.3454096208514213,341.48703255033143,389.3810492543439,True,446.2683200553112,-1.912701582589727,-0.005806080680299253,787.7553526056427,1.0785536261458732,0.005368832979598004,554.4829731520573,-1.4429402375500104,-0.005748033280567111,943.8640224064012,0.5508571491146872,0.005334525720983918
case_000,2.93,5.171725989085167,14.972673294592907,2.0,0.5291604660320856,0.34540952539627195,341.48687916198304,389.3808706769328,True,446.2682569284745,-1.912701228607135,-0.005806084071806272,787.7551360904575,1.0785537301518093,0.005368823871895523,554.4832080481048,-1.4429400974752733,-0.005748024573279498,943.8640787250375,0.5508574653738588,0.005334528759317281
case_000,2.935,5.1717236538759135,14.972671564845541,2.0,0.52916019937728,0.34540943136187807,341.4867280614155,389.38069476225405,True,446.268194736555,-1.9127008798854428,-0.005806087413249339,787.7549227979705,1.0785538326010866,0.005368814899346708,554.483439443276,-1.4429399594789778,-0.005748015996051181,943.86413420553,0.550857776918607,0.005334531751977956
case_000,2.94,5.171721353472704,14.972669860843883,2.0,0.5291599366926737,0.3454093387271057,341.4865792147323,389.3805214709017,True,446.2681334666722,-1.9127005363477072,-0.005806090705346767,787.7547126814045,1.0785539335169423,0.005368806059984577,554.483667390982,-1.442939823531597,-0.005748007546908407,943.8641888618837,0.5508580838190936,0.005334534699701188
case_000,2.945,5.171719087359754,14.972668182204723,2.0,0.5291596779199382,0.34540924747113505,341.48643258848307,389.38035076399456,True,446.26807310609473,-1.912700197918094,-0.005806093948804436,787.7545056945778,1.0785540329223435,0.005368797351871457,554.4838919437725,-1.4429396896039854,-0.005747999223905675,943.8642427077671,0.5508583861445068,0.005334537603210898
case_000,2.95,5.17171685502827,14.97266652855056,2.0,0.5291594230015357,0.3454091575734553,341.48628814966264,389.38018260317335,True,446.2680136422151,-1.9126998645218294,-0.005806097144317124,787.7543017918778,1.0785541308399718,0.005368788773097544,554.4841131533245,-1.4429395576673538,-0.005747991025126409,943.8642957564979,0.5508586839630578,0.00533454046321874
case_000,2.955,5.1717146559764835,14.972664899509502,2.0,0.5291591718807068,0.3454090690138606,341.4861458657069,389.3800169505871,True,446.26795506256764,-1.9126995360852026,-0.005806100292568006,787.7541009282745,1.0785542272922408,0.005368780321781008,554.4843310704739,-1.4429394276932699,-0.005747982948682118,943.864348021061,0.5508589773420018,0.005334543280424375
case_000,2.96,5.171712489709514,14.972663294715199,2.0,0.5291589245014602,0.34540898177244495,341.4860057044924,389.3798537689023,True,446.2678973548042,-1.9126992125355267,-0.005806103394229933,787.7539030592966,1.0785543223012775,0.0053687719960666125,554.4845457452113,-1.4429392996536425,-0.00574797499271279,943.8643995141136,0.5508592663476425,0.005334546055515255
case_000,2.965,5.171710355739306,14.97266171380675,2.0,0.5291586808085612,0.3454088958295977,341.48586763433167,389.3796930212857,True,446.267840506694,-1.9126988938011202,-0.005806106449965764,787.7537081410256,1.0785544158889213,0.005368763794125098,554.4847572266909,-1.4429391735207104,-0.0057479671553868905,943.8644502479766,0.5508595510453325,0.005334548789166005
case_000,2.97,5.17170825358461,14.972660156428628,2.0,0.529158440747523,0.34540881116599953,341.4857316239717,389.37953467141904,True,446.2677845061255,-1.9126985798112954,-0.005806109460428532,787.7535161300972,1.0785545080767287,0.005368755714152795,554.4849655632457,-1.4429390492670364,-0.005747959434901084,943.8645002346648,0.5508598314994957,0.0053345514820390405
case_000,2.975,5.171706182770887,14.972658622230604,2.0,0.5291582042645977,0.3454087277626176,341.48559764258897,389.37937868347785,True,446.26772934109687,-1.9126982704963318,-0.005806112426262167,787.7533269836858,1.0785545988859615,0.005368747754370684,554.4851708024016,-1.4429389268655037,-0.005747951829480014,943.8645494858795,0.5508601077736247,0.005334554134784009
case_000,2.98,5.171704142830272,14.972657110867651,2.0,0.5291579713067673,0.34540864560070156,341.4854656597944,389.3792250221313,True,446.26767499971993,-1.9126979657874674,-0.005806115348101604,787.7531406595143,1.0785546883375952,0.0053687399130242786,554.4853729908883,-1.4429388062893054,-0.005747944337376187,943.8645980130196,0.5508603799302922,0.0053345567480379
case_000,2.985,5.171702133301511,14.972655621999886,2.0,0.5291577418217377,0.34540856466177916,341.48533564562354,389.3790736525541,True,446.2676214702127,-1.9126976656168768,-0.005806118226573398,787.7529571158362,1.0785547764523082,0.0053687321883826855,554.4855721746471,-1.4429386875119437,-0.005747936956869926,943.8646458272012,0.5508606480311616,0.005334559322425325
case_000,2.99,5.171700153729895,14.972654155292483,2.0,0.5291575157579296,0.3454084849276522,341.48520757053706,389.37892454040866,True,446.26756874090216,-1.9126973699176604,-0.005806121062295888,787.7527763114392,1.078554863250483,0.005368724578738326,554.4857683988486,-1.4429385705072226,-0.0057479296862690266,943.8646929392572,0.550860912136992,0.0053345618585582955
case_000,2.995,5.171698203667248,14.9726527104156,2.0,0.5291572930644729,0.34540840638039266,341.48508140541753,389.3787776518393,True,446.26751680022653,-1.9126970786238306,-0.005806123855879419,787.7525982056441,1.0785549487522084,0.005368717082406604,554.4859617079138,-1.4429384552492488,-0.0057479225239082665,943.8647393597531,0.5508611723076489,0.0053345643570364976
case_000,3.0,5.171696282671808,14.972651287044304,2.0,0.5291570736911999,0.3454083290023383,341.48495712156904,389.37863295348984,True,446.2674656367289,-1.9126967916703002,-0.005806126607926787,787.7524227582979,1.078555032977275,0.0053687096977252935,554.4861521455132,-1.442938341712427,-0.005747915468149567,943.864785099003,0.5508614286021152,0.0053345668184475725
case_000,3.005,5.171694390308207,14.972649884858503,2.0,0.5291568575886394,0.3454082527760892,341.4848346907134,389.37849041247375,True,446.267415239061,-1.912696508992867,-0.005806129319033404,787.7522499297744,1.0785551159451743,0.005368702423054317,554.4863397545944,-1.4429382298714601,-0.005747908517381328,943.8648301670681,0.5508616810784924,0.005334569243366893
case_000,3.0100000000000002,5.171692526147457,14.972648503542864,2.0,0.5291566447080104,0.34540817768450327,341.48471408498415,389.37834999638505,True,446.26736559599135,-1.9126962305282136,-0.005806131989787244,787.7520796809755,1.0785551976751047,0.005368695256775524,554.4865245773976,-1.4429381197013493,-0.005747901670018041,943.8648745737827,0.5508619297940186,0.005334571632358287
case_000,3.015,5.171690689766825,14.97264714278675,2.0,0.5291564350012169,0.3454081037106931,341.48459527692916,389.3782116733005,True,446.26731669639884,-1.9126959562138859,-0.005806134620769288,787.751911973328,1.0785552781859684,0.005368688197292304,554.4867066554609,-1.4429380111773917,-0.00574789492450023,943.8649183287614,0.5508621748050754,0.005334573985974089
case_000,3.02,5.171688880749766,14.97264580228415,2.0,0.5291562284208413,0.34540803083802163,341.484478239501,389.3780754117598,True,446.2672685292683,-1.9126956859882844,-0.005806137212553908,787.7517467687693,1.0785553574963629,0.005368681243028861,554.4868860296384,-1.4429379042751764,-0.005747888279294011,943.8649614413982,0.5508624161671898,0.005334576304754979
case_000,3.025,5.171687098685957,14.972644481733605,2.0,0.5291560249201399,0.3454079590500989,341.48436294606057,389.37794118077954,True,446.26722108370967,-1.9126954197906663,-0.0058061397657083735,787.7515840297702,1.0785554356246008,0.005368674392430883,554.4870627401219,-1.4429377989705936,-0.005747881732890481,943.8650039209015,0.550862653935058,0.005334578589231087
case_000,3.0300000000000002,5.17168534317114,14.97264318083815,2.0,0.5291558244530367,0.34540788833077846,341.4842493703662,389.37780894982984,True,446.2671743489487,-1.9126951575611266,-0.005806142280793347,787.7514237193149,1.0785555125886992,0.0053686676439645975,554.4872368264504,-1.4429376952398305,-0.0057478752838054925,943.8650457762802,0.5508628881625415,0.005334580839921443
case_000,3.035,5.1716836138070965,14.972641899305232,2.0,0.529155626974118,0.3454078186641532,341.48413748658123,389.37767868884487,True,446.2671283143222,-1.9126948992405899,-0.005806144758363274,787.7512658009034,1.078555588406382,0.005368660996116714,554.4874083275239,-1.4429375930593695,-0.00574786893057927,943.8650870163688,0.5508631189026845,0.005334583057334752
case_000,3.04,5.17168191020162,14.972640636846661,2.0,0.5291554324386267,0.3454077500345526,341.4840272692512,389.37755036821466,True,446.2670829693034,-1.912694644770814,-0.00580614719896555,787.7511102385546,1.0785556630950877,0.005368654447394483,554.4875772816262,-1.4429374924059954,-0.005747862671775683,943.8651276498408,0.550863346207726,0.005334585241969836
case_000,3.045,5.1716802319683906,14.972639393178527,2.0,0.5291552408024571,0.34540768242653874,341.48391869332124,389.37742395877683,True,446.2670383034791,-1.9126943940943677,-0.005806149603141519,787.7509569968004,1.0785557366719685,0.005368647996325249,554.4877437264305,-1.4429373932567913,-0.005747856505982141,943.8651676852073,0.5508635701291048,0.005334587394315526
case_000,3.0500000000000003,5.1716785787269295,14.972638168021156,2.0,0.5291550520221483,0.34540761582490304,341.483811734116,389.37729943181216,True,446.26699430656583,-1.9126941471546348,-0.005806151971426032,787.7508060406818,1.0785558091538923,0.00536864164145634,554.4879076990164,-1.4429372955891395,-0.005747850431809087,943.8652071308286,0.5508637907174707,0.005334589514851107
case_000,3.055,5.1716769501025315,14.972636961099031,2.0,0.5291548660548792,0.34540755021466296,341.4837063673447,389.3771767590514,True,446.26695096840655,-1.9126939038957993,-0.0058061543043476105,787.7506573357513,1.0785558805574516,0.005368635381355014,554.4880692358803,-1.4429371993807243,-0.005747844447889561,943.8652459949317,0.5508640080227003,0.005334591604046923
case_000,3.06,5.171675345726224,14.97263577214074,2.0,0.5291546828584617,0.3454074855810587,341.4836025690898,389.37705591265103,True,446.2669082789777,-1.9126936642628454,-0.005806156602428336,787.7505108480675,1.0785559508989606,0.005368629214608234,554.4882283729621,-1.4429371046095336,-0.005747838552878415,943.8652842856131,0.5508642220939044,0.005334593662364495
case_000,3.065,5.1716737652346545,14.972634600878907,2.0,0.529154502391335,0.34540742190954987,341.48350031580344,389.3769368651956,True,446.266866228386,-1.9126934282015433,-0.005806158866184019,787.7503665441894,1.078556020194461,0.005368623139822448,554.4883851456455,-1.4429370112538584,-0.005747832745452264,943.865322010841,0.5508644329794363,0.005334595690256683
case_000,3.0700000000000003,5.1716722082700155,14.97263344705014,2.0,0.5291543246125594,0.3454073591858122,341.4833995843122,389.3768195897038,True,446.2668248068687,-1.9126931956584472,-0.005806161096124252,787.750224391181,1.078556088459732,0.0053686171556237006,554.4885395887692,-1.4429369192922892,-0.005747827024309038,943.865359178473,0.5508646407269087,0.005334597688168297
case_000,3.075,5.171670674480015,14.972632310394964,2.0,0.5291541494818094,0.3454072973957346,341.4833003517955,389.3767040596051,True,446.26678400480284,-1.9126929665808872,-0.005806163292752131,787.7500843565983,1.078556155710284,0.005368611260657186,554.488691736651,-1.4429368287037239,-0.005747821388167207,943.8653957962562,0.5508648453831997,0.005334599656536265
case_000,3.08,5.171669163517765,14.972631190657767,2.0,0.529153976959367,0.3454072365254158,341.4832025957912,389.3765902487428,True,446.2667438127007,-1.9126927409169618,-0.005806165456564483,787.749946408492,1.078556221961373,0.005368605453587305,554.4888416230915,-1.4429367394673618,-0.005747815835765613,943.8654318718343,0.5508650469944683,0.005334601595789912
case_000,3.085,5.171667675041723,14.972630087586747,2.0,0.5291538070061153,0.3454071765611613,341.48310629419194,389.37647813136914,True,446.2667042212103,-1.9126925186155286,-0.005806167588051858,787.7498105154023,1.078556287228,0.0053685997330975566,554.4889892813874,-1.4429366515627062,-0.005747810365862915,943.8654674127565,0.5508652456061637,0.005334603506351399
case_000,3.09,5.171666208715582,14.972629000933843,2.0,0.5291536395835312,0.34540711748948066,341.48301142523474,389.376367682137,True,446.2666652211161,-1.9126922996262001,-0.005806169687698481,787.7496766463508,1.0785563515249148,0.0053685940978902,554.4891347443391,-1.4429365649695611,-0.005747804977237314,943.8655024264762,0.5508654412630337,0.005334605388635727
case_000,3.095,5.171664764208254,14.972627930454687,2.0,0.5291534746536783,0.34540705929708404,341.482917967491,389.3762588760926,True,446.2666268033494,-1.9126920838993375,-0.00580617175598197,787.7495447708404,1.0785564148666276,0.00536858854668637,554.4892780442701,-1.4429364796680348,-0.005747799668685827,943.8655369203627,0.5508656340091416,0.005334607243051348
case_000,3.1,5.171663341193731,14.972626875908555,2.0,0.5291533121791999,0.34540700197087937,341.48282589987457,389.3761516886709,True,446.2665889589706,-1.9126918713860364,-0.005806173793373948,787.7494148588452,1.078556477267403,0.0053685830782256305,554.4894192130282,-1.4429363956385342,-0.005747794439024179,943.8655709016991,0.5508658238878728,0.0053346090700001625
case_000,3.105,5.171661939351036,14.972625837058295,2.0,0.5291531521233108,0.3454069454979697,341.4827352016258,389.3760460956926,True,446.266551679186,-1.9126916620381256,-0.005806175800339375,787.7492868808118,1.0785565387412772,0.0053685776912661964,554.4895582819972,-1.442936312861766,-0.005747789287086302,943.8656043776898,0.5508660109419482,0.005334610869877909
case_000,3.11,5.171660558364139,14.972624813670297,2.0,0.5291529944497908,0.3454068898656502,341.4826458523124,389.375942073351,True,446.2665149553358,-1.9126914558081556,-0.0058061777773370515,787.7491608076482,1.0785565993020547,0.005368572384584491,554.4896952821074,-1.4429362313187333,-0.00574778421172395,943.8656373554584,0.5508661952134326,0.005334612643074221
case_000,3.115,5.171659197921891,14.97262380551442,2.0,0.5291528391229758,0.34540683506140507,341.48255783181077,389.37583959821086,True,446.26647877890565,-1.9126912526493935,-0.0058061797248191716,787.7490366107164,1.0785566589633133,0.005368567156974979,554.4898302438481,-1.4429361509907364,-0.005747779211806137,943.865669842059,0.5508663767437514,0.00533461438997318
case_000,3.12,5.171657857717922,14.97262281236395,2.0,0.5291526861077511,0.34540678107290507,341.4824711203222,389.37573864720093,True,446.2664431415128,-1.9126910525158103,-0.005806181643231767,787.748914261835,1.0785567177384148,0.005368562007250277,554.489963197269,-1.4429360718593685,-0.005747774286219032,943.86570184447,0.5508665555736955,0.005334616110953205
case_000,3.125,5.17165653745058,14.97262183399555,2.0,0.529152535369543,0.3454067278880047,341.4823856983449,389.37563919760726,True,446.2664080349179,-1.9126908553620798,-0.005806183533014264,787.7487937332628,1.0785567756405041,0.005368556934240654,554.4900941719907,-1.4429359939065127,-0.005747769433865513,943.8657333695979,0.5508667317434344,0.005334617806387332
case_000,3.13,5.171655236822829,14.9726208701892,2.0,0.5291523868743107,0.3454066754947393,341.4823015466898,389.3755412270672,True,446.2663734510102,-1.9126906611435572,-0.005806185394600039,787.7486749977,1.0785568326825186,0.005368551936794086,554.4902231972112,-1.4429359171143394,-0.005747764653664833,943.8657644242784,0.5508669052925265,0.005334619476643376
case_000,3.1350000000000002,5.171653955542204,14.972619920728166,2.0,0.5291522405885383,0.3454066238813226,341.4822186464542,389.37544471356773,True,446.2663393818221,-1.912690469816286,-0.0058061872284158045,787.7485580282763,1.0785568888771886,0.005368547013775926,554.490350301715,-1.4429358414653044,-0.005747759944552233,943.8657950152827,0.5508670762599304,0.005334621122084271
case_000,3.14,5.171652693320726,14.972618985398931,2.0,0.5291520964792272,0.3454065730361439,341.48213697903424,389.3753496354241,True,446.2663058195157,-1.9126902813369784,-0.005806189034882114,787.74844279855,1.078556944237047,0.005368542164068901,554.4904755138829,-1.4429357669421463,-0.005747755305478552,943.8658251493069,0.550867244684014,0.005334622743067896
case_000,3.145,5.171651449874803,14.97261806399116,2.0,0.5291519545138877,0.3454065229477656,341.48205652610704,389.3752559712983,True,446.2662727563869,-1.9126900956630084,-0.005806190814413137,787.748329282494,1.078556998774429,0.005368537386572669,554.4905988616891,-1.4429356935278792,-0.005747750735410173,943.8658548329875,0.5508674106025675,0.005334624339947636
case_000,3.15,5.17165022492516,14.972617156297643,2.0,0.5291518146605307,0.34540647360492066,341.4819772696287,389.37516370016726,True,446.26624018486007,-1.9126899127524044,-0.005806192567416879,787.7482174544888,1.0785570525014743,0.005368532680203597,554.4907203727138,-1.4429356212057924,-0.005747746233328577,943.865884072881,0.5508675740528056,0.005334625913071878
case_000,3.1550000000000002,5.171649018196803,14.972616262114265,2.0,0.5291516768876596,0.3454064249965098,341.4818991918396,389.37507280134037,True,446.26620809749204,-1.912689732563842,-0.0058061942942949085,787.7481072893316,1.0785571054301482,0.005368528043895149,554.4908400741508,-1.4429355499594467,-0.0057477417982298995,943.8659128754912,0.5508677350713912,0.005334627462785013
case_000,3.16,5.171647829418889,14.972615381239935,2.0,0.5291515411642629,0.3454063771115994,341.48182227524137,389.37498325443414,True,446.26617648696265,-1.9126895550566259,-0.005806195995442798,787.747998762204,1.078557157572222,0.005368523476596776,554.4909579928074,-1.442935479772669,-0.005747737429124988,943.8659412472415,0.5508678936944299,0.00533462898942666
case_000,3.165,5.1716466583246925,14.972614513476566,2.0,0.529151407459805,0.3454063299394185,341.4817465026047,389.3748950393772,True,446.2661453460789,-1.912689380190692,-0.005806197671249846,787.7478918486836,1.078557208939292,0.005368518977274306,554.4910741551128,-1.4429354106295462,-0.005747733125038901,943.8659691944899,0.5508680499574882,0.005334630493332215
case_000,3.17,5.171645504651516,14.972613658629017,2.0,0.5291512757442196,0.34540628346935703,341.48167185696326,389.37480813640286,True,446.26611466776745,-1.9126892079265894,-0.005806199322099359,787.7477865247307,1.078557259542782,0.005368514544909608,554.4911885871222,-1.4429353425144262,-0.005747728885010794,943.8659967235251,0.5508682038955998,0.00533463197483286
case_000,3.1750000000000003,5.171644368140639,14.972612816505046,2.0,0.5291511459879001,0.3454062376909629,341.481598321604,389.37472252604266,True,446.26608444507883,-1.912689038225475,-0.0058062009483684784,787.7476827666828,1.078557309393945,0.005368510178500319,554.4913013145258,-1.4429352754119091,-0.005747724708093482,943.8660238405685,0.5508683555432787,0.00533463343425572
case_000,3.18,5.171643248537213,14.972611986915277,2.0,0.5291510181616932,0.34540619259393973,341.48152588006127,389.3746381891232,True,446.266054671179,-1.9126888710491015,-0.005806202550428463,787.7475805512403,1.0785573585038628,0.005368505877059393,554.4914123626423,-1.4429352093068426,-0.0057477205933536,943.8660505517655,0.5508685049345207,0.005334634871923649
case_000,3.185,5.171642145590236,14.972611169673154,2.0,0.5291508922368904,0.34540614816814486,341.48145451612555,389.3745551067557,True,446.2660253393497,-1.9126887063598124,-0.005806204128644632,787.7474798554753,1.0785574068834594,0.005368501639615442,554.4915217564361,-1.4429351441843206,-0.005747716539870995,943.8660768631918,0.5508686521028175,0.005334636288155503
case_000,3.19,5.17164105905246,14.972610364594892,2.0,0.5291507681852201,0.3454061044035866,341.4813842138186,389.3744732603358,True,446.26599644298585,-1.9126885441205264,-0.005806205683376475,787.7473806568045,1.0785574545434935,0.005368497465211786,554.4916295205154,-1.4429350800296763,-0.00574771254673867,943.8661027808512,0.5508687970811634,0.005334637683266197
case_000,3.1950000000000003,5.171639988680343,14.972609571499445,2.0,0.5291506459788407,0.3454060612904222,341.4813149574081,389.37439263153817,True,446.26596797559336,-1.9126883842947315,-0.00580620721497771,787.7472829330014,1.0785575014945712,0.005368493352906845,554.491735679136,-1.4429350168284782,-0.005747708613062619,943.8661283106742,0.5508689399020652,0.005334639057566648
case_000,3.2,5.171638934233968,14.972608790208461,2.0,0.5291505255903327,0.34540601881895555,341.48124673139137,389.37431320230996,True,446.2659399307863,-1.912688226846477,-0.005806208723796336,787.7471866621777,1.078557547747142,0.005368489301773527,554.4918402562073,-1.4429349545665253,-0.005747704737961601,943.8661534585173,0.550869080597547,0.005334640411363889
case_000,3.205,5.1716378954769935,14.972608020546243,2.0,0.5291504069926914,0.34540597697963515,341.48117952049887,389.3742349548661,True,446.26591230228354,-1.912688071740361,-0.0058062102101748,787.7470918227824,1.078557593311507,0.005368485310899174,554.4919432752943,-1.4429348932298431,-0.005747700920566978,943.8661782301604,0.5508692191991593,0.005334641744960955
case_000,3.21,5.171636872176595,14.972607262339709,2.0,0.5291502901593197,0.34540593576305184,341.48111330968436,389.3741578716832,True,446.26588508390637,-1.9126879189415218,-0.005806211674450057,787.7469983935907,1.078557638197818,0.0053684813793851704,554.4920447596259,-1.4429348328046776,-0.005747697160022436,943.8662026313091,0.5508693557379881,0.005334643058657107
case_000,3.215,5.171635864103405,14.972606515418349,2.0,0.529150175064021,0.3454058951599366,341.4810480841224,389.374081935504,True,446.26585826958006,-1.9126877684156323,-0.005806213116953507,787.7469063537025,1.0785576824160803,0.005368477506346836,554.4921447320902,-1.4429347732774933,-0.0057476934554840375,943.8662266675942,0.5508694902446616,0.005334644352747775
case_000,3.22,5.1716348710314355,14.972605779614197,2.0,0.5291500616809923,0.3454058551611584,341.4809838292099,389.3740071293129,True,446.26583185332174,-1.9126876201288818,-0.005806214538011445,787.7468156825316,1.0785577259761574,0.005368473690913089,554.4922432152482,-1.4429347146349654,-0.005747689806119838,943.8662503445611,0.5508696227493524,0.0053346456275242815
case_000,3.225,5.171633892738065,14.972605054761782,2.0,0.5291499499848176,0.34540581575772245,341.4809205305528,389.3739334363611,True,446.2658058292525,-1.9126874740479805,-0.005806215937944614,787.7467263598053,1.0785577688877725,0.0053684699322263385,554.4923402313298,-1.4429346568639778,-0.005747686211109826,943.8662736676908,0.5508697532817953,0.005334646883274563
case_000,3.23,5.1716329290039385,14.972604340698103,2.0,0.529149839950461,0.34540577694076763,341.48085817397214,389.37386084013656,True,446.26578019157876,-1.9126873301401393,-0.005806217317068929,787.7466383655509,1.0785578111605088,0.005368466229442037,554.4924358022407,-1.442934599951618,-0.005747682669645815,943.8662966423773,0.5508698818712839,0.005334648120282448
case_000,3.235,5.171631979612944,14.972603637262576,2.0,0.5291497315532602,0.3454057387015652,341.48079674549587,389.3737893243672,True,446.2657549346026,-1.9126871883730652,-0.00580621867569503,787.7465516800985,1.0785578528038162,0.005368462581728739,554.4925299495678,-1.4429345438851733,-0.0057476791809311645,943.866319273935,0.5508700085466811,0.005334649338827935
case_000,3.24,5.17163104435217,14.972602944297012,2.0,0.5291496247689204,0.34540570103151613,341.4807362313562,389.37371887302845,True,446.26573005271575,-1.9126870487149565,-0.005806220014128616,787.746466284072,1.0785578938270093,0.00536845898826771,554.49262269458,-1.4429344886521254,-0.005747675744180725,943.8663415676084,0.5508701333364279,0.005334650539187524
case_000,3.245,5.171630123011811,14.972602261645575,2.0,0.5291495195735078,0.34540566392214944,341.48067661798416,389.37364947032154,True,446.26570554039506,-1.9126869111344862,-0.005806221332670558,787.7463821583792,1.0785579342392704,0.005368455448252596,554.4927140582321,-1.4429344342401473,-0.005747672358620726,943.8663635285536,0.5508702562685457,0.00533465172163361
case_000,3.25,5.171629215385162,14.972601589154747,2.0,0.5291494159434438,0.34540562736512054,341.48061789201284,389.3735811006867,True,446.26568139220245,-1.9126867756008024,-0.0058062226316168974,787.7462992842153,1.0785579740496534,0.005368451960889475,554.492804061169,-1.4429343806371007,-0.005747669023488555,943.8663851618556,0.5508703773706448,0.005334652886435087
case_000,3.255,5.171628321268549,14.972600926673302,2.0,0.5291493138554992,0.34540559135220883,341.4805600402683,389.37351374878756,True,446.2656576027804,-1.9126866420835125,-0.005806223911259123,787.7462176430487,1.078558013267081,0.005368448525396308,554.4928927237297,-1.4429343278310283,-0.005747665738032703,943.8664064725173,0.5508704966699302,0.005334654033856967
case_000,3.2600000000000002,5.171627440461293,14.972600274052255,2.0,0.5291492132867885,0.3454055558753163,341.48050304976886,389.3734473995113,True,446.2656341668549,-1.9126865105526816,-0.005806225171884005,787.7461372166238,1.0785580519003521,0.005368445141003042,554.4929800659515,-1.442934275810153,-0.0057476625015125404,943.8664274654628,0.5508706141932075,0.00533465516416054
case_000,3.265,5.17162657276566,14.972599631144842,2.0,0.5291491142147636,0.34540552092646526,341.48044690772207,389.37338203796844,True,446.26561107922936,-1.9126863809788215,-0.005806226413773874,787.7460579869514,1.078558089958139,0.005368441806951174,554.4930661075722,-1.4429342245628756,-0.005747659313198261,943.8664481455406,0.5508707299668888,0.005334656277603433
case_000,3.27,5.17162571798682,14.972598997806491,2.0,0.5291490166172097,0.34540548649779707,341.480391601522,389.3733176494841,True,446.2655883347867,-1.9126862533328859,-0.005806227637206562,787.7459799363087,1.0785581274489933,0.005368438522493746,554.4931508680352,-1.4429341740777677,-0.005747656172370719,943.8664685175193,0.550870844016996,0.0053346573744395
case_000,3.275,5.171624875932783,14.972598373894769,2.0,0.5291489204722383,0.34540545258156974,341.480337118748,389.3732542195992,True,446.2655659284766,-1.9126861275862532,-0.005806228842455907,787.7459030472246,1.078558164381339,0.005368435286894735,554.4932343664901,-1.4429341243435685,-0.005747653078321369,943.8664885860893,0.5508709563691699,0.0053346584549188725
case_000,3.2800000000000002,5.171624046414406,14.972597759269371,2.0,0.529148825758284,0.3454054191701567,341.48028344715857,389.373191734069,True,446.265543855334,-1.9126860037107376,-0.005806230029791082,787.7458273024926,1.078558200763486,0.005368432099429499,554.4933166218012,-1.4429340753491862,-0.005747650030351992,943.8665083558702,0.5508710670486759,0.005334659519288187
case_000,3.285,5.171623229245304,14.97259715379208,2.0,0.529148732454098,0.345405386256045,341.4802305746907,389.3731301788524,True,446.2655221104591,-1.9126858816785663,-0.005806231199477374,787.7457526851498,1.0785582366036222,0.005368428959383997,554.493397652549,-1.4429340270836906,-0.005747647027774694,943.8665278314014,0.5508711760804058,0.005334660567790306
case_000,3.29,5.171622424241823,14.972596557326733,2.0,0.5291486405387434,0.3454053538318332,341.4801784894612,389.37306954011376,True,446.26550068902304,-1.9126857614623771,-0.0058062323517760195,787.7456791784842,1.07855827190982,0.00536842586605496,554.4934774770313,-1.4429339795363105,-0.005747644069911795,943.8665470171451,0.5508712834888829,0.00533466160066437
case_000,3.295,5.171621631223027,14.972595969739196,2.0,0.5291485499915911,0.3454053218902302,341.48012717975774,389.37300980422447,True,446.26547958626776,-1.9126856430352144,-0.005806233486944201,787.7456067660255,1.0785583066900342,0.005368422818749552,554.4935561132726,-1.4429339326964319,-0.005747641156095551,943.866565917497,0.5508713892982744,0.005334662618146191
case_000,3.3000000000000003,5.17162085001061,14.97259539089733,2.0,0.5291484607923148,0.34540529042405327,341.4800766340383,389.3729509577487,True,446.2654587975017,-1.912685526370521,-0.005806234605235272,787.74553543154,1.0785583409521045,0.005368419816785097,554.4936335790238,-1.4429338865535961,-0.005747638285668155,943.8665845367725,0.5508714935323854,0.00533466362046775
case_000,3.305,5.171620080428912,14.972594820670965,2.0,0.5291483729208861,0.3454052594262267,341.4800268409305,389.37289298745054,True,446.2654383181037,-1.9126854114421314,-0.005806235706898644,787.7454651590342,1.0785583747037586,0.0053684168594892445,554.4937098917682,-1.4429338410974957,-0.00574763545798157,943.8666028792187,0.5508715962146736,0.005334664607857642
case_000,3.31,5.171619322304834,14.972594258931865,2.0,0.5291482863575708,0.34540522888978,341.4799777892325,389.3728358802937,True,446.2654181435104,-1.9126852982242635,-0.0058062367921802305,787.7453959327429,1.0785584079526112,0.005368413946199413,554.4937850687181,-1.4429337963179691,-0.005747632672397585,943.8666209490118,0.5508716973682489,0.005334665580540909
case_000,3.315,5.171618575467843,14.97259370555371,2.0,0.5291482010829239,0.34540519880784626,341.47992946790197,389.3727796234234,True,446.2653982692289,-1.912685186691517,-0.005806237861322117,787.7453277371309,1.0785584407061661,0.005368411076262847,554.493859126834,-1.4429337522050059,-0.005747629928287257,943.8666387502574,0.5508717970158804,0.005334666538739152
case_000,3.3200000000000003,5.17161783974989,14.972593160412048,2.0,0.5291481170777859,0.34540516917366093,341.47988186606136,389.37272420418105,True,446.2653786908268,-1.9126850768188643,-0.0058062389145628335,787.7452605568882,1.0785584729718165,0.005368408249036394,554.4939320828083,-1.4429337087487342,-0.00574762722503136,943.8666562869894,0.5508718951799972,0.005334667482670363
case_000,3.325,5.171617114985453,14.97259262338429,2.0,0.5291480343232783,0.34540513998056,341.47983497299253,389.3726696100913,True,446.2653594039373,-1.912684968581649,-0.005806239952137304,787.7451943769298,1.0785585047568518,0.005368405463886505,554.4940039530916,-1.442933665939431,-0.005747624562019604,943.8666735631829,0.5508719918827021,0.005334668412549481
case_000,3.33,5.171616401011391,14.97259209434967,2.0,0.5291479528007997,0.3454051112219786,341.47978877813506,389.3726158288629,True,446.26534040424923,-1.912684861955572,-0.005806240974277177,787.7451291823843,1.078558536068447,0.005368402720188681,554.4940747538743,-1.4429336237675054,-0.005747621938651193,943.8666905827372,0.5508720871457651,0.005334669328587727
case_000,3.335,5.171615697667025,14.972591573189215,2.0,0.5291478724920221,0.34540508289144956,341.4797432710867,389.372562848382,True,446.2653216875176,-1.9126847569166963,-0.0058062419812104915,787.7450649586043,1.0785585669136803,0.005368400017327912,554.4941445011106,-1.4429335822235119,-0.005747619354334044,943.8667073494926,0.550872180990635,0.00533467023099321
case_000,3.34,5.17161500479401,14.972591059785724,2.0,0.5291477933788868,0.3454050549826019,341.47969844159144,389.37251065672456,True,446.2653032495543,-1.9126846534414335,-0.005806242973162068,787.7450016911457,1.0785585972995166,0.005368397354697851,554.4942132105015,-1.4429335412981337,-0.005747616808485345,943.866723867226,0.5508722734384442,0.005334671119970769
case_000,3.345,5.171614322236352,14.972590554023745,2.0,0.5291477154436003,0.34540502748915936,341.4796542795554,389.37245924213244,True,446.2652850862251,-1.912684551506538,-0.005806243950353618,787.7449393657805,1.0785586272328198,0.005368394731701198,554.4942808975152,-1.4429335009821902,-0.00574761430053089,943.8667401396476,0.5508723645100067,0.005334671995721851
case_000,3.35,5.171613649840394,14.972590055789537,2.0,0.5291476386686311,0.34540500040493927,341.47961077502737,389.3724085930212,True,446.2652671934642,-1.912684451089116,-0.0058062449130032445,787.7448779684916,1.0785586567203582,0.00536839214774959,554.4943475773904,-1.4429334612666356,-0.005747611829904964,943.8667561704116,0.5508724542258318,0.005334672858444911
case_000,3.355,5.171612987454726,14.97258956497106,2.0,0.5291475630367058,0.3454049737238507,341.47956791820445,389.372358697987,True,446.26524956725393,-1.9126843521665986,-0.00580624586132622,787.7448174854584,1.078558685768791,0.005368389602262935,554.4944132651257,-1.4429334221425498,-0.005747609396050679,943.8667719631127,0.5508725426061214,0.005334673708335236
case_000,3.36,5.171612334930199,14.972589081457935,2.0,0.5291474885308057,0.3454049474398934,341.47952569942896,389.3723095457856,True,446.26523220364066,-1.91268425471676,-0.005806246795534431,787.7447579030696,1.0785587143846829,0.005368387094669913,554.494477975499,-1.4429333836011442,-0.005747606998419363,943.8667875212846,0.550872629670777,0.00533467454558495
case_000,3.365,5.171611692119856,14.972588605141432,2.0,0.529147415134163,0.34540492154715646,341.47948410919275,389.3722611253472,True,446.26521509871577,-1.9126841587176875,-0.005806247715837098,787.7446992079085,1.0785587425744965,0.005368384624407363,554.4945417230564,-1.4429333456337532,-0.005747604636470893,943.8668028484036,0.5508727154394016,0.005334675370383124
case_000,3.37,5.171611058878955,14.972588135914432,2.0,0.5291473428302571,0.34540489603981683,341.4794431381203,389.3722134257612,True,446.2651982486364,-1.9126840641478013,-0.005806248622440058,787.7446413867567,1.0785587703446011,0.005368382190920451,554.4946045221342,-1.4429333082318407,-0.005747602309672972,943.8668179478954,0.5508727999313099,0.005334676182915998
case_000,3.375,5.171610435064883,14.972587673671418,2.0,0.5291472716028118,0.3454048709121381,341.47940277698115,389.3721664362786,True,446.26518164960976,-1.9126839709858354,-0.005806249515546313,787.7445844265909,1.0785587977012685,0.005368379793662503,554.4946663868456,-1.4429332713869905,-0.005747600017501575,943.8668328231241,0.5508728831655239,0.0053346769833666485
case_000,3.38,5.171609820537152,14.97258721830844,2.0,0.5291472014357919,0.3454048461584693,341.4793630166814,389.372120146318,True,446.26516529789535,-1.9126838792108358,-0.0058062503953560385,787.7445283145768,1.0785588246506745,0.005368377432094729,554.4947273310898,-1.4429332350909085,-0.005747597759440615,943.8668474774079,0.5508729651607855,0.005334677771915486
case_000,3.3850000000000002,5.171609215157382,14.972586769723092,2.0,0.5291471323133987,0.34540482177324344,341.47932384826163,389.3720745454483,True,446.2651491898114,-1.9126837888021602,-0.005806251262066298,787.744473038073,1.0785588511989057,0.005368375105686385,554.4947873685617,-1.4429331993354226,-0.005747595534981664,943.86686191401,0.5508730459355549,0.0053346785487399795
case_000,3.39,5.1716086187892465,14.972586327814497,2.0,0.5291470642200683,0.34540479775097643,341.47928526289775,389.37202962339836,True,446.2651333217252,-1.9126836997394676,-0.005806252115871491,787.744418584623,1.0785588773519537,0.005368372813914446,554.494846512746,-1.4429331641124787,-0.005747593343624069,943.8668761361444,0.5508731255080175,0.0053346793140148785
case_000,3.395,5.171608031298436,14.972585892483279,2.0,0.5291469971404674,0.3454047740862657,341.4792472518966,389.3719853700443,True,446.26511769005367,-1.9126836120027166,-0.005806252956963298,787.7443649419503,1.0785589031157177,0.00536837055626338,554.4949047769253,-1.4429331294141403,-0.0057475911848747785,943.8668901469696,0.5508732038960837,0.00533468006791199
case_000,3.4,5.171607452552678,14.972585463631539,2.0,0.5291469310594902,0.3454047507737891,341.4792098066963,389.37194177542267,True,446.2651022912729,-1.9126835255721657,-0.0058062537855303464,787.7443120979692,1.0785589284960142,0.005368368332225593,554.4949621741841,-1.4429330952325858,-0.00574758905824807,943.8669039496068,0.5508732811174015,0.005334680810600789
case_000,3.4050000000000002,5.171606882421637,14.972585041162837,2.0,0.5291468659622555,0.3454047278083037,341.4791729188624,389.37189882971415,True,446.2650871219021,-1.9126834404283606,-0.005806254601758876,787.7442600407645,1.0785589534985647,0.005368366141300596,554.4950187174057,-1.442933061560107,-0.005747586963265772,943.8669175471199,0.5508733571893497,0.00533468154224781
case_000,3.41,5.171606320776952,14.972584624982169,2.0,0.5291468018341029,0.34540470518464467,341.4791365800887,389.37185652324365,True,446.2650721785144,-1.9126833565521346,-0.005806255405832295,787.7442087586031,1.0785589781290064,0.00536836398299545,554.495074419288,-1.4429330283891126,-0.005747584899456648,943.8669309425317,0.5508734321290503,0.005334682263017143
case_000,3.415,5.1716057674921805,14.97258421499594,2.0,0.5291467386605909,0.34540468289772386,341.47910078218854,389.3718148464858,True,446.26505745773613,-1.9126832739246102,-0.005806256197931237,787.7441582399247,1.078559002392893,0.005368361856824433,554.495129292334,-1.442932995712121,-0.005747582866356737,943.8669441388198,0.5508735059533691,0.0053346829730703815
case_000,3.42,5.171605222442763,14.972583811111956,2.0,0.5291466764274924,0.34540466094252903,341.4790655171028,389.3717737900555,True,446.2650429562389,-1.9126831925271846,-0.005806256978233892,787.7441084733417,1.0785590262956923,0.005368359762308983,554.4951833488632,-1.4429329635217603,-0.005747580863508961,943.8669571389187,0.5508735786789196,0.00533468367256662
case_000,3.4250000000000003,5.171604685505998,14.972583413239388,2.0,0.5291466151207926,0.34540463931412235,341.4790307768914,389.37173334470776,True,446.2650286707454,-1.912683112341532,-0.005806257746915788,787.7440594476368,1.0785590498427884,0.005368357698977588,554.4952366010056,-1.442932931810766,-0.00574757889046329,943.8669699457133,0.5508736503220628,0.005334684361662345
case_000,3.43,5.171604156561018,14.972583021288761,2.0,0.529146554726686,0.34540461800763966,341.4789965537326,389.37169350133956,True,446.26501459802273,-1.9126830333495952,-0.005806258504150064,787.7440111517553,1.0785590730394823,0.005368355666365565,554.4952890607125,-1.4429329005719822,-0.0057475769467764115,943.866982562052,0.5508737208989194,0.005334685040511822
case_000,3.435,5.171603635488784,14.972582635171937,2.0,0.5291464952315724,0.345404597018289,341.47896283992435,389.3716542509783,True,446.2650007348919,-1.912682955533592,-0.005806259250107082,787.7439635748162,1.0785590958910003,0.005368353664015391,554.4953407397633,-1.4429328697983634,-0.005747575032011454,943.8669949907415,0.550873790425368,0.005334685709266984
case_000,3.44,5.171603122172015,14.972582254802084,2.0,0.5291464366220555,0.34540457634134997,341.47892962787785,389.37161558479363,True,446.26498707821656,-1.912682878875999,-0.005806259984954931,787.7439167060944,1.0785591184024839,0.0053683516914760365,554.4953916497526,-1.4429328394829612,-0.005747573145738427,943.8670072345462,0.5508738589170484,0.005334686368077379
case_000,3.4450000000000003,5.171602616495194,14.972581880093664,2.0,0.5291463788849383,0.34540455597217223,341.4788969101183,389.37157749408004,True,446.26497362490915,-1.9126828033595562,-0.005806260708859146,787.7438705350274,1.0785591405789974,0.005368349748303247,554.4954418021093,-1.442932809618937,-0.005747571287533559,943.8670192961894,0.5508739263893666,0.005334687017090278
case_000,3.45,5.171602118344545,14.97258151096241,2.0,0.529146322007222,0.34540453590617487,341.4788646792868,389.37153997026917,True,446.26496037192743,-1.9126827289672572,-0.005806261421982872,787.7438250512142,1.0785591624255313,0.005368347834059484,554.4954912080908,-1.44293278019955,-0.005747569456979518,943.86703117836,0.5508739928574995,0.005334687656450898
case_000,3.455,5.171601627607985,14.972581147325313,2.0,0.5291462659761014,0.3454045161388448,341.47883292812776,389.37150300491544,True,446.2649473162769,-1.9126826556823542,-0.005806262124486816,787.7437802444047,1.0785591839469981,0.00536834594831348,554.4955398787888,-1.4429327512181642,-0.005747567653665131,943.8670428837042,0.5508740583363957,0.005334688286302125
case_000,3.46,5.171601144175107,14.972580789100599,2.0,0.5291462107789631,0.3454044966657366,341.47880164950215,389.3714665897048,True,446.26493445500483,-1.912682583488343,-0.005806262816529406,787.743736104507,1.078559205148238,0.0053683440906405755,554.4955878251261,-1.4429327226682382,-0.0057475658771855564,943.8670544148309,0.5508741228407802,0.005334688906784735
case_000,3.465,5.171600667937157,14.972580436207707,2.0,0.5291461564033823,0.3454044774824705,341.4787708363737,389.3714307164429,True,446.2649217852036,-1.9126825123689692,-0.005806263498266739,787.7436926215773,1.0785592260340164,0.005368342260622272,554.4956350578698,-1.4429326945433323,-0.00574756412714178,943.8670657743127,0.5508741863851585,0.00533468951803745
case_000,3.47,5.171600198787028,14.972580088567282,2.0,0.5291461028371202,0.3454044585847324,341.478740481811,389.3713953770607,True,446.2649093040154,-1.9126824423082223,-0.00580626416985236,787.7436497858264,1.0785592466090286,0.00536834045784651,554.4956815876275,-1.4429326668371039,-0.005747562403140727,943.8670769646882,0.550874248983821,0.005334690120196994
case_000,3.475,5.171599736619168,14.972579746101143,2.0,0.5291460500681214,0.3454044399682722,341.47871057898936,389.37136056361305,True,446.26489700861356,-1.912682373290324,-0.005806264831438035,787.7436075876029,1.0785592668778945,0.005368338681907003,554.4957274248405,-1.4429326395433009,-0.00574756070479554,943.8670879884536,0.5508743106508395,0.005334690713397872
case_000,3.48,5.171599281329658,14.972579408732278,2.0,0.5291459980845108,0.34540442162890295,341.47868112118266,389.37132626826815,True,446.26488489622733,-1.9126823052997406,-0.005806265483172757,787.74356601741,1.0785592868451708,0.005368336932403905,554.4957725798076,-1.4429326126557707,-0.005747559031724692,943.8670988480758,0.5508743714000813,0.005334691297772809
case_000,3.485,5.171598832816102,14.97257907638482,2.0,0.5291459468745912,0.3454044035625003,341.4786521017674,389.37129248331644,True,446.2648729641199,-1.9126822383211655,-0.00580626612520363,787.7435250658873,1.0785593065153405,0.005368335208943087,554.4958170626693,-1.4429325861684505,-0.005747557383552537,943.8671095459857,0.5508744312452033,0.005334691873452535
case_000,3.49,5.171598390977643,14.972578748984027,2.0,0.5291458964268401,0.3454043857650012,341.47862351422475,389.37125920115955,True,446.26486120959635,-1.9126821723395195,-0.005806266757675538,787.7434847238211,1.078559325892824,0.005368333511136525,554.4958608834179,-1.44293256007537,-0.005747555759908984,943.8671200845774,0.5508744901996594,0.00533469244056578
case_000,3.495,5.171597955714932,14.972578426456273,2.0,0.5291458467299079,0.34540436823240306,341.47859535212245,389.37122641431483,True,446.26484963000684,-1.9126821073399511,-0.005806267380731089,787.7434449821293,1.0785593449819713,0.0053683318386017476,554.4959040518976,-1.4429325343706476,-0.0057475541604294356,943.8671304662124,0.5508745482767027,0.005334692999239443
case_000,3.5,5.171597526930101,14.972578108729033,2.0,0.529145797772615,0.34540435096076283,341.478567609131,389.37119411541494,True,446.2648382227387,-1.9126820433078324,-0.005806267994510839,787.7434058318697,1.0785593637870676,0.005368330190962112,554.4959465778047,-1.4429325090484908,-0.005747552584754789,943.8671406932197,0.5508746054893894,0.00533469354959859
case_000,3.505,5.171597104526762,14.972577795730851,2.0,0.5291457495439486,0.3454043339461962,341.4785402790176,389.37116229719504,True,446.2648269852216,-1.9126819802287534,-0.005806268599153175,787.7433672642392,1.0785593823123385,0.005368328567846803,554.4959884707008,-1.4429324841031976,-0.005747551032530995,943.8671507678959,0.5508746618505808,0.005334694091766512
case_000,3.5100000000000002,5.171596688409934,14.97257748739134,2.0,0.5291457020330612,0.3454043171848767,341.4785133556361,389.3711309525047,True,446.26481591492086,-1.9126819180885166,-0.005806269194794544,787.743329270557,1.07855940056194,0.005368326968890169,554.4960297399954,-1.442932459529147,-0.00574754950340961,943.8671606925001,0.5508747173729439,0.0053346946258645
case_000,3.515,5.171596278486068,14.972577183641164,2.0,0.5291456552292674,0.34540430067303485,341.4784868329371,389.37110007429817,True,446.2648050093414,-1.9126818568731396,-0.005806269781569284,787.7432918422785,1.0785594185399694,0.005368325393732276,554.4960703949648,-1.4429324353208053,-0.0057475479970471866,943.867170469263,0.5508747720689599,0.0053346951520122365
case_000,3.52,5.171595874663034,14.97257688441201,2.0,0.5291456091220416,0.34540428440695736,341.47846070496024,389.3710696556361,True,446.26479426602936,-1.91268179656885,-0.005806270359609622,787.7432549709896,1.0785594362504647,0.00536832384201863,554.4961104447517,-1.4429324114727244,-0.005747546513105217,943.8671801003878,0.5508748259509252,0.005334695670327794
case_000,3.525,5.171595476850049,14.97257658963659,2.0,0.5291455637010155,0.345404268382986,341.47843496583386,389.37103968968097,True,446.2647836825641,-1.91268173716208,-0.0058062709290459535,787.7432186483979,1.0785594536974006,0.005368322313399898,554.4961498983565,-1.4429323879795353,-0.005747545051250469,943.8671895880375,0.5508748790309489,0.005334696180927245
case_000,3.5300000000000002,5.171595084957691,14.972576299248615,2.0,0.5291455189559761,0.3454042525975172,341.4784096097733,389.3710101696988,True,446.26477325656504,-1.912681678639466,-0.005806271490006565,787.7431828663383,1.078559470884694,0.005368320807532079,554.496188764651,-1.4429323648359507,-0.005747543611154482,943.8671989343499,0.5508749313209628,0.005334696683925166
case_000,3.535,5.171594698897868,14.972576013182781,2.0,0.5291454748768628,0.34540423704700096,341.4783846310803,389.37098108905457,True,446.26476298568457,-1.9126816209878412,-0.005806272042617966,787.7431476167649,1.0785594878162021,0.005368319324076221,554.4962270523755,-1.4429323420367643,-0.005747542192493682,943.8672081414301,0.5508749828327204,0.005334697179434411
case_000,3.54,5.1715943185838045,14.97257573137476,2.0,0.5291454314537656,0.3454042217279402,341.47836002414107,389.37095244121656,True,446.26475286761405,-1.9126815641942416,-0.005806272587004613,787.7431128917551,1.078559504495727,0.005368317862698535,554.4962647701377,-1.4429323195768466,-0.0057475407949493795,943.8672172113543,0.5508750335778004,0.005334697667566224
case_000,3.545,5.171593943930026,14.972575453761173,2.0,0.5291453886769221,0.3454042066368898,341.478335783428,389.37092421973864,True,446.2647429000776,-1.9126815082458906,-0.005806273123289185,787.7430786835056,1.078559520927014,0.005368316423070285,554.4963019264255,-1.442932297451147,-0.005747539418207381,943.8672261461642,0.5508750835676082,0.005334698148430128
case_000,3.5500000000000003,5.171593574852319,14.972575180279595,2.0,0.5291453465367157,0.345404191770456,341.4783119034927,389.37089641828686,True,446.26473308083484,-1.9126814531302074,-0.005806273651592475,787.7430449843275,1.0785595371137517,0.005368315004867563,554.4963385295945,-1.442932275654691,-0.005747538061958324,943.8672349478813,0.5508751328133826,0.005334698622134315
case_000,3.555,5.171593211267718,14.972574910868525,2.0,0.5291453050236739,0.34540417712529553,341.47828837897015,389.3708690306089,True,446.26472340767674,-1.9126813988347953,-0.005806274172033554,787.7430117866469,1.0785595530595742,0.005368313607771291,554.4963745878766,-1.442932254182576,-0.005747536725897451,943.8672436184855,0.5508751813261907,0.005334699088785033
case_000,3.56,5.171592853094514,14.972574645467374,2.0,0.5291452641284644,0.34540416269811486,341.478265204571,389.3708420505516,True,446.2647138784341,-1.912681345347448,-0.00580627468472944,787.7429790830051,1.0785595687680638,0.005368312231467276,554.4964101093882,-1.442932233029978,-0.00574753540972428,943.8672521599398,0.5508752291169405,0.005334699548487365
case_000,3.565,5.171592500252191,14.97257438401646,2.0,0.5291452238418951,0.3454041484856696,341.4782423750913,389.3708154720516,True,446.2647044909628,-1.9126812926561372,-0.0058062751897957066,787.7429468660541,1.0785595842427473,0.005368310875645987,554.4964451021173,-1.4429322121921406,-0.005747534113143049,943.8672605741689,0.5508752761963728,0.005334700001344561
case_000,3.5700000000000003,5.171592152661441,14.972574126456987,2.0,0.5291451841549104,0.34540413448476354,341.4782198853948,389.3707892891325,True,446.26469524315684,-1.9126812407490161,-0.00580627568734593,787.7429151285517,1.0785595994870985,0.005368309540002392,554.4964795739392,-1.4429321916643822,-0.005747532835862212,943.8672688630717,0.5508753225750704,0.005334700447458429
case_000,3.575,5.171591810244143,14.972573872731038,2.0,0.52914514505859,0.3454041206922482,341.4781977304341,389.37076349591484,True,446.2646861329383,-1.9126811896144147,-0.005806276177492131,787.7428838633724,1.078559614504545,0.00536830822423634,554.4965135326117,-1.4429321714420906,-0.0057475315775945,943.8672770285266,0.550875368263463,0.005334700886929555
case_000,3.58,5.171591472923326,14.972573622781548,2.0,0.5291451065441463,0.3454041071050218,341.4781759052252,389.3707380865984,True,446.2646771582642,-1.9126811392408383,-0.0058062766603445,787.7428530634894,1.0785596292984598,0.0053683069280519025,554.4965469857754,-1.442932151520722,-0.0057475303380570275,943.8672850723738,0.5508754132718185,0.005334701319856694
case_000,3.585,5.171591140623153,14.972573376552317,2.0,0.5291450686029222,0.34540409372002867,341.4781544048629,389.37071305547386,True,446.2646683171169,-1.9126810896169597,-0.005806277136011784,787.7428227219798,1.0785596438721627,0.0053683056511575344,554.496579940957,-1.4429321318958002,-0.005747529116971073,943.8672929964308,0.5508754576102569,0.0053347017463373225
case_000,3.59,5.171590813268944,14.972573133987966,2.0,0.5291450312263901,0.34540408053425903,341.4781332245169,389.3706883969144,True,446.2646596075148,-1.9126810407316268,-0.00580627760460084,787.7427928320317,1.0785596582289336,0.005368304393266354,554.4966124055754,-1.4429321125629182,-0.005747527914061912,943.8673008024898,0.5508755012887471,0.005334702166467531
case_000,3.595,5.171590490787107,14.972572895033949,2.0,0.5291449944061491,0.34540406754474745,341.4781123594242,389.37066410537534,True,446.2646510275027,-1.9126809925738484,-0.005806278066217085,787.7427633869269,1.0785596723719955,0.005368303154095477,554.4966443869359,-1.4429320935177326,-0.005747526729059038,943.8673084923113,0.5508755443171077,0.005334702580341855
case_000,3.6,5.1715901731051455,14.972572659636528,2.0,0.529144958133923,0.3454040547485729,341.47809180489685,389.3706401753998,True,446.26464257515454,-1.9126809451328002,-0.005806278520964325,787.7427343800514,1.078559686304529,0.005368301933366404,554.4966758922358,-1.442932074755966,-0.005747525561695888,943.8673160676356,0.5508755867050149,0.005334702988053608
case_000,3.605,5.171589860151637,14.972572427742767,2.0,0.529144922401559,0.34540404214285764,341.4780715563123,389.3706166016069,True,446.2646342485728,-1.9126808983978172,-0.005806278968944811,787.7427058048851,1.0785597000296632,0.0053683007308046315,554.4967069285659,-1.4429320562734047,-0.005747524411709837,943.8673235301728,0.5508756284619983,0.005334703389694606
case_000,3.61,5.171589551856231,14.972572199300522,2.0,0.5291448872010254,0.34540402972476697,341.47805160912054,389.37059337869437,True,446.26462604589045,-1.912680852358396,-0.005806279410259185,787.742677655011,1.0785597135504865,0.005368299546139987,554.4967375029114,-1.4429320380658976,-0.005747523278842204,943.8673308816058,0.5508756695974467,0.005334703785355277
case_000,3.615,5.171589248149622,14.972571974258413,2.0,0.52914485252441,0.3454040174915083,341.4780319588353,389.3705705014456,True,446.2646179652683,-1.912680807004188,-0.00580627984500659,787.7426499241036,1.0785597268700378,0.0053682983791061845,554.4967676221537,-1.4429320201293558,-0.005747522162838081,943.8673381235993,0.5508757101206117,0.005334704175124938
case_000,3.62,5.171588948963513,14.972571752565837,2.0,0.5291448183639178,0.3454040054403305,341.47801260103967,389.37054796471773,True,446.26461000489104,-1.912680762324997,-0.005806280273284781,787.7426226059307,1.0785597399913103,0.005368297229440877,554.4967972930689,-1.4429320024597496,-0.005747521063446448,943.8673452577866,0.5508757500406042,0.005334704559091352
case_000,3.625,5.1715886542306455,14.97257153417294,2.0,0.5291447847118705,0.34540399356852364,341.47799353137975,389.3705257634414,True,446.2646021629748,-1.9126807183107837,-0.005806280695189903,787.7425956943546,1.0785597529172566,0.005368296096885716,554.4968265223366,-1.4429319850531122,-0.005747519980419891,943.867352285778,0.5508757893664014,0.0053347049373410615
case_000,3.63,5.171588363884744,14.972571319030608,2.0,0.5291447515607032,0.34540398187341786,341.47797474556836,389.3705038926246,True,446.26459443775667,-1.9126806749516514,-0.00580628111081688,787.742569183325,1.0785597656507815,0.0053682949811860725,554.4968553165351,-1.4429319679055344,-0.005747518913514715,943.8673592091596,0.5508758281068474,0.005334705309959331
case_000,3.6350000000000002,5.171588077860533,14.972571107090458,2.0,0.5291447189029633,0.3454039703523832,341.47795623938504,389.37048234735084,True,446.2645868275054,-1.912680632237856,-0.005806281520258971,787.7425430668904,1.078559778194753,0.005368293882091424,554.4968836821431,-1.4429319510131622,-0.005747517862490892,943.867366029494,0.5508758662706537,0.005334705677030149
case_000,3.64,5.171587796093681,14.972570898304829,2.0,0.5291446867313093,0.3454039590028287,341.47793800866197,389.37046112277574,True,446.2645793305116,-1.9126805901597945,-0.005806281923608214,787.7425173391736,1.0785597905519873,0.005368292799354468,554.496911625543,-1.4429319343722031,-0.0057475168271119426,943.8673727483188,0.5508759038664032,0.005334706038636228
case_000,3.645,5.1715875185208535,14.972570692626773,2.0,0.5291446550385085,0.34540394782220224,341.47792004930466,389.37044021412146,True,446.26457194509544,-1.9126805487080127,-0.005806282320955092,787.7424919944001,1.07855980272527,0.005368291732732178,554.4969391530285,-1.4429319179789217,-0.005747515807144721,943.86737936715,0.5508759409025512,0.005334706394859112
case_000,3.65,5.171587245079611,14.972570490010032,2.0,0.5291446238174357,0.34540393680798936,341.47790235727024,389.3704196166941,True,446.26456466959763,-1.9126805078731892,-0.005806282712388922,787.7424670268679,1.0785598147173356,0.005368290681984633,554.4969662707874,-1.4429319018296316,-0.00574751480235991,943.8673858874815,0.5508759773874281,0.0053347067457791275
case_000,3.6550000000000002,5.171586975708458,14.972570290409044,2.0,0.5291445930610715,0.3454039259577132,341.4778849285826,389.37039932585674,True,446.2645575023828,-1.9126804676461457,-0.005806283097997689,787.7424424309654,1.0785598265308831,0.00536828964687569,554.4969929849229,-1.4429318859207063,-0.005747513812531357,943.8673923107797,0.5508760133292385,0.005334707091475266
case_000,3.66,5.17158671034683,14.972570093778922,2.0,0.5291445627625011,0.34540391526893366,341.4778677593203,389.37037933704914,True,446.2645504418453,-1.9126804280178407,-0.00580628347786788,787.7424182011656,1.0785598381685715,0.0053682886271728125,554.4970193014454,-1.4429318702485712,-0.005747512837436353,943.8673986384946,0.5508760487360665,0.0053347074320255206
case_000,3.665,5.171586448935042,14.972569900075445,2.0,0.5291445329149115,0.34540390473924715,341.47785084562514,389.3703596457724,True,446.26454348639624,-1.9126803889793635,-0.005806283852084926,787.7423943320214,1.0785598496330198,0.005368287622646795,554.497045226278,-1.4429318548097059,-0.0057475118768554045,943.8674048720504,0.5508760836158763,0.005334707767506608
case_000,3.67,5.171586191414304,14.972569709255056,2.0,0.5291445035115917,0.34540389436628566,341.4778341836877,389.37034024759737,True,446.26453663447717,-1.91268035052194,-0.00580628422073276,787.7423708181649,1.0785598609268066,0.005368286633071817,554.4970707652525,-1.4429318396006408,-0.005747510930572408,943.8674110128499,0.5508761179765123,0.005334708097994079
case_000,3.6750000000000003,5.171585937726696,14.972569521274842,2.0,0.5291444745459299,0.34540388414771656,341.4778177697623,389.3703211381643,True,446.26452988454673,-1.9126803126369234,-0.005806284583894261,787.742347654309,1.0785598720524732,0.005368285658225447,554.4970959241124,-1.4429318246179577,-0.005747509998374478,943.8674170622767,0.5508761518257026,0.005334708423562429
case_000,3.68,5.1715856878151625,14.972569336092528,2.0,0.5291444460114128,0.34540387408124174,341.477801600157,389.37030231317226,True,446.26452323509034,-1.912680275315799,-0.005806284941650919,787.7423248352474,1.0785598830125247,0.005368284697888637,554.4971207085197,-1.4429318098582908,-0.0057475090800517825,943.8674230216919,0.550876185171062,0.005334708744284988
case_000,3.685,5.171585441623491,14.972569153666473,2.0,0.5291444179016237,0.3454038641645975,341.47778567123754,389.3702837683893,True,446.264516684611,-1.912680238550172,-0.005806285294083224,787.7423023558486,1.078559893809427,0.005368283751845504,554.4971451240481,-1.4429317953183216,-0.005747508175397764,943.8674288924374,0.5508762180200902,0.005334709060234033
case_000,3.69,5.171585199096312,14.97256897395565,2.0,0.5291443902102412,0.3454038543955538,341.47776997941435,389.3702654996396,True,446.2645102316411,-1.91268020233178,-0.00580628564127017,787.7422802110555,1.0785599044456087,0.00536828281988333,554.4971691761912,-1.4429317809947824,-0.005747507284208808,943.8674346758307,0.5508762503801752,0.005334709371480617
case_000,3.6950000000000003,5.171584960179075,14.972568796919647,2.0,0.5291443629310378,0.3454038447719137,341.4777545211638,389.37024750282126,True,446.26450387472755,-1.9126801666524773,-0.0058062859832898606,787.7422583958913,1.0785599149234666,0.005368281901792726,554.4971928703554,-1.442931766884453,-0.005747506406284519,943.8674403731767,0.5508762822585976,0.005334709678094962
case_000,3.7,5.171584724818032,14.972568622518653,2.0,0.5291443360578788,0.34540383529151303,341.4777392930068,389.37022977387824,True,446.26449761244027,-1.9126801315042412,-0.005806286320219178,787.742236905447,1.078559925245355,0.005368280997367192,554.497216211873,-1.4429317529841617,-0.005747505541427278,943.8674459857513,0.550876313662525,0.005334709980145957
case_000,3.705,5.1715844929602595,14.972568450713448,2.0,0.52914430958472,0.34540382595221975,341.47772429151655,389.37021230882783,True,446.26449144337516,-1.9126800968791704,-0.005806286652133674,787.7422157348917,1.0785599354136,0.0053682801064035,554.4972392059921,-1.4429317392907823,-0.005747504689442573,943.8674515148199,0.5508763445990232,0.005334710277701715
case_000,3.71,5.1715842645535925,14.972568281465392,2.0,0.5291442835056078,0.3454038167519336,341.47770951331995,389.37019510373887,True,446.26448536614305,-1.912680062769478,-0.005806286979108011,787.742194879463,1.0785599454304893,0.0053682792287013115,554.4972618578838,-1.4429317258012366,-0.005747503850138724,943.8674569616227,0.55087637507505,0.0053347105708291265
case_000,3.715,5.171584039546673,14.97256811473643,2.0,0.5291442578146766,0.3454038076885856,341.4776949550888,389.3701781547428,True,446.26447937938093,-1.912680029167497,-0.005806287301215518,787.7421743344697,1.0785599552982765,0.005368278364063284,554.4972841726448,-1.4429317125124925,-0.005747503023326828,943.8674623273876,0.5508764050974626,0.005334710859594305
case_000,3.72,5.1715838178888625,14.972567950489065,2.0,0.529144232506148,0.34540379876013755,341.47768061355225,389.3701614580244,True,446.2644734817368,-1.9126799960656653,-0.005806287618528805,787.742154095289,1.0785599650191815,0.005368277512294961,554.4973061552879,-1.4429316994215593,-0.005747502208821087,943.8674676133123,0.5508764346730093,0.0053347111440619766
case_000,3.725,5.171583599530323,14.97256778868636,2.0,0.5291442075743297,0.34540378996458154,341.477666485484,389.3701450098314,True,446.26446767188776,-1.9126799634565426,-0.005806287931119036,787.7421341573718,1.0785599745953944,0.005368276673204941,554.49732781076,-1.4429316865254929,-0.005747501406438149,943.8674728205914,0.5508764638083469,0.005334711424296368
case_000,3.73,5.171583384421926,14.97256762929193,2.0,0.5291441830136139,0.3454037812999397,341.477652567705,389.370128806461,True,446.2644619485263,-1.9126799313327953,-0.00580628823905649,787.7421145162313,1.0785599840290687,0.005368275846604487,554.4973491439283,-1.4429316738213942,-0.005747500615997603,943.8674779503893,0.5508764925100259,0.005334711700360373
case_000,3.735,5.1715831725153025,14.972567472269931,2.0,0.5291441588184762,0.3454037727642634,341.4776388570817,389.3701128442689,True,446.26445631036603,-1.912679899687199,-0.005806288542410332,787.7420951674477,1.0785599933223269,0.00536827503230769,554.4973701595935,-1.4429316613064052,-0.005747499837321535,943.8674830038624,0.5508765207845041,0.0053347119723162195
case_000,3.74,5.171582963762771,14.972567317585051,2.0,0.5291441349834745,0.3454037643556331,341.4776253505334,389.3700971196645,True,446.26445075613657,-1.912679868512636,-0.005806288841248841,787.74207610667,1.0785600024772606,0.005368274230131476,554.4973908624759,-1.4429316489777104,-0.005747499070234974,943.8674879821403,0.5508765486381396,0.005334712240224915
case_000,3.745,5.171582758117382,14.972567165202504,2.0,0.5291441115032476,0.34540375607215773,341.4776120450236,389.3700816291106,True,446.26444528458916,-1.9126798378020953,-0.005806289135639131,787.7420573296127,1.0785600114959313,0.005368273439895543,554.4974112572334,-1.4429316368325367,-0.00574749831456528,943.8674928863439,0.550876576077198,0.005334712504146799
case_000,3.75,5.171582555532877,14.972567015088021,2.0,0.5291440883725138,0.3454037479119746,341.4775989375539,389.37006636912145,True,446.2644398944924,-1.9126798075486695,-0.005806289425647426,787.7420388320463,1.0785600203803647,0.00536827266142198,554.4974313484493,-1.4429316248681514,-0.00574749757014259,943.8674977175707,0.5508766031078492,0.005334712764141103
case_000,3.755,5.171582355963693,14.972566867207846,2.0,0.5291440655860705,0.34540373987324857,341.4775860251779,389.37005133626633,True,446.2644345846339,-1.9126797777455555,-0.005806289711338897,787.7420206098118,1.078560029132562,0.005368271894535814,554.4974511406424,-1.442931613081863,-0.005747496836799426,943.8675024769087,0.5508766297361749,0.005334713020266391
case_000,3.7600000000000002,5.171582159364948,14.97256672152872,2.0,0.529144043138792,0.3454037319541718,341.4775733049916,389.3700365271651,True,446.2644293538203,-1.91267974838605,-0.005806289992777713,787.7420026588119,1.0785600377544926,0.005368271139064629,554.4974706382624,-1.4429316014710205,-0.005747496114370865,943.8675071654275,0.5508766559681645,0.005334713272580283
case_000,3.765,5.171581965692397,14.972566578017886,2.0,0.5291440210256293,0.3454037241529634,341.47756077413635,389.3700219384832,True,446.2644242008688,-1.9126797194635459,-0.005806290270027381,787.7419849750052,1.078560046248095,0.0053682703948383925,554.4974898456888,-1.4429315900330093,-0.005747495402694591,943.867511784172,0.5508766818097143,0.005334713521139234
case_000,3.77,5.1715817749025135,14.972566436643072,2.0,0.5291439992416084,0.345403716467869,341.4775484297904,389.37000756693953,True,446.26441912462593,-1.9126796909715436,-0.005806290543150017,787.7419675544163,1.0785600546152818,0.005368269661689851,554.497508767247,-1.4429315787652595,-0.005747494701610345,943.8675163341866,0.5508767072666398,0.005334713765999366
case_000,3.775,5.171581586952355,14.972566297372481,2.0,0.5291439777818291,0.3454037088971603,341.4775362691759,389.36999340930515,True,446.2644141239468,-1.9126796629036316,-0.005806290812207127,787.7419503931227,1.0785600628579326,0.0053682689394539684,554.4975274071838,-1.442931567665232,-0.0057474940109606965,943.867520816489,0.5508767323446653,0.00533471400721558
case_000,3.7800000000000002,5.1715814017996715,14.972566160174797,2.0,0.5291439566414644,0.3454037014391349,341.4775242895597,389.36997946239194,True,446.2644091977063,-1.9126796352534974,-0.005806291077259218,787.741933487266,1.0785600709779035,0.005368268227968376,554.4975457696954,-1.4429315567304333,-0.005747493330590159,943.8675252320874,0.5508767570494315,0.005334714244842165
case_000,3.785,5.171581219402801,14.972566025019168,2.0,0.5291439358157594,0.34540369409211547,341.47751248825057,389.3699657230652,True,446.26440434479366,-1.9126796080149198,-0.005806291338365965,787.7419168330442,1.0785600789770216,0.0053682675270730895,554.4975638589053,-1.4429315459583987,-0.00574749266034591,943.8675295819705,0.5508767813864931,0.005334714478932412
case_000,3.79,5.171581039720732,14.972565891875197,2.0,0.5291439153000296,0.3454036868544497,341.4775008625882,389.3699521882347,True,446.26439956411986,-1.912679581181774,-0.005806291595585988,787.7419004267081,1.078560086857083,0.005368266836610347,554.497581678884,-1.4429315353467074,-0.005747492000077126,943.8675338671187,0.550876805361325,0.005334714709539057
case_000,3.795,5.171580862713038,14.972565760712941,2.0,0.5291438950896604,0.3454036797245101,341.47748940995945,389.3699388548549,True,446.2643948546054,-1.9126795547480229,-0.005806291848977296,787.7418842645649,1.0785600946198604,0.0053682661564247725,554.4975992336318,-1.442931524892969,-0.005747491349635536,943.8675380884868,0.550876828979316,0.005334714936713669
case_000,3.8000000000000003,5.1715806883399305,14.97256563150291,2.0,0.5291438751801061,0.34540367270069317,341.47747812779323,389.3699257199272,True,446.26439021519343,-1.9126795287077238,-0.0058062920985967326,787.7418683429867,1.0785601022671036,0.005368265486363655,554.4976165271031,-1.4429315145948352,-0.005747490708874647,943.8675422470303,0.5508768522457809,0.005334715160507542
case_000,3.805,5.171580516562172,14.972565504216043,2.0,0.5291438555668886,0.34540366578141934,341.4774670135476,389.369912780498,True,446.264385644837,-1.912679503055016,-0.005806292344500585,787.7418526583846,1.0785601098005286,0.0053682648262760035,554.4976335631801,-1.4429315044499853,-0.005747490077650574,943.8675463436781,0.5508768751659501,0.0053347153809708
case_000,3.81,5.171580347341145,14.972565378823717,2.0,0.5291438362455964,0.34540365896513264,341.4774560647232,389.3699000336594,True,446.2643811425099,-1.9126794777841312,-0.0058062925867440884,787.7418372072331,1.0785601172218302,0.0053682641760134375,554.497650345694,-1.4429314944561373,-0.005747489455821375,943.8675503793534,0.5508768977449785,0.0053347155981530725
case_000,3.815,5.171580180638792,14.972565255297729,2.0,0.5291438172118836,0.34540365225030006,341.4774452788602,389.3698874765388,True,446.264376707198,-1.912679452889386,-0.005806292825381754,787.7418219860582,1.078560124532679,0.00536826353542974,554.4976668784216,-1.442931484611045,-0.005747488843247106,943.8675543549604,0.5508769199879442,0.005334715812103097
case_000,3.8200000000000003,5.1715800164176144,14.97256513361031,2.0,0.5291437984614696,0.3454036456354116,341.4774346535308,389.3698751063183,True,446.26437233790347,-1.9126794283651802,-0.00580629306046726,787.7418069914343,1.0785601317347178,0.0053682629043807495,554.4976831650745,-1.442931474912491,-0.0057474882397902105,943.8675582713928,0.5508769418998486,0.005334716022868946
case_000,3.825,5.1715798546406795,14.972565013734084,2.0,0.5291437799901371,0.3454036391189797,341.47742418634533,389.36986292021356,True,446.2643680336417,-1.9126794042059976,-0.005806293292053566,787.741792219987,1.0785601388295643,0.0053682622827244675,554.4976992093167,-1.4429314653582932,-0.005747487645314964,943.8675621295303,0.5508769634856188,0.005334716230497971
case_000,3.83,5.171579695271623,14.972564895642101,2.0,0.5291437617937317,0.34540363269953894,341.4774138749509,389.3698509154832,True,446.26436379344625,-1.9126793804064048,-0.005806293520192685,787.7417776683972,1.0785601458188165,0.005368261670321173,554.4977150147586,-1.442931455946305,-0.005747487059687584,943.8675659302418,0.5508769847501108,0.0053347164350369125
case_000,3.835,5.171579538274572,14.972564779307799,2.0,0.5291437438681607,0.34540362637564553,341.47740371702884,389.36983908942943,True,446.2643596163594,-1.9126793569610459,-0.005806293744936075,787.7417633333882,1.0785601527040432,0.0053682610670329756,554.4977305849462,-1.4429314466744037,-0.005747486482776676,943.8675696743757,0.5508770056981032,0.005334716636531511
case_000,3.84,5.171579383614257,14.97256466470502,2.0,0.5291437262093929,0.34540362014587744,341.4773937102968,389.36982743939234,True,446.2643555014443,-1.9126793338646506,-0.005806293966334197,787.7417492117411,1.0785601594867962,0.005368260472724373,554.4977459233876,-1.4429314375405073,-0.005747485914452288,943.8675733627799,0.5508770263343098,0.005334716835027287
case_000,3.845,5.171579231255874,14.972564551807995,2.0,0.5291437088134565,0.3454036140088336,341.4773838525001,389.36981596274984,True,446.26435144777395,-1.912679311112023,-0.0058062941844369,787.7417353002741,1.0785601661685968,0.005368259887261473,554.4977610335284,-1.44293142854256,-0.0057474853545867455,943.8675769962782,0.5508770466633686,0.0053347170305686475
case_000,3.85,5.171579081165176,14.972564440591327,2.0,0.5291436916764398,0.34540360796313413,341.4773741414242,389.36980465692477,True,446.26434745443885,-1.912679288698049,-0.005806294399293144,787.741721595863,1.0785601727509504,0.0053682593105127685,554.4977759187666,-1.4429314196785383,-0.005747484803054148,943.8675805756914,0.5508770666898529,0.00533471722319967
case_000,3.855,5.171578933308398,14.97256433103001,2.0,0.5291436747944884,0.34540360200741915,341.47736457488674,389.3697935193742,True,446.2643435205354,-1.912679266617682,-0.005806294610951501,787.7417080954222,1.078560179235333,0.005368258742348364,554.4977905824483,-1.4429314109464468,-0.00574748425973054,943.8675841018224,0.5508770864182656,0.005334717412963597
case_000,3.86,5.171578787652312,14.97256422309941,2.0,0.5291436581638058,0.34540359614034943,341.4773551507361,389.36978254758935,True,446.2643396451849,-1.9126792448659609,-0.005806294819459323,787.741694795921,1.0785601856232079,0.005368258182640695,554.4978050278744,-1.4429314023443236,-0.005747483724493629,943.8675875754637,0.5508771058530425,0.0053347175999030605
case_000,3.865,5.171578644164144,14.97256411677525,2.0,0.529143641780652,0.34540359036060553,341.4773458668519,389.3697717391083,True,446.26433582751054,-1.9126792234379897,-0.005806295024863739,787.7416816943625,1.0785601919160064,0.00536825763126364,554.4978192582885,-1.442931393870231,-0.005747483197223235,943.8675909973967,0.5508771249985535,0.0053347177840600835
case_000,3.87,5.171578502811632,14.972564012033619,2.0,0.5291436256413427,0.3454035846668877,341.4773367211454,389.369761091497,True,446.26433206665644,-1.9126792023289525,-0.005806295227210823,787.7416687878018,1.0785601981151447,0.005368257088093242,554.4978332768927,-1.442931385522265,-0.00574748267780073,943.8675943683897,0.5508771438591042,0.005334717965476021
case_000,3.875,5.171578363562995,14.972563908850965,2.0,0.5291436097422484,0.3454035790579156,341.4773277115637,389.3697506023641,True,446.2643283617756,-1.9126791815340995,-0.005806295426546149,787.7416560733393,1.0785602042220184,0.005368256553007433,554.4978470868397,-1.4429313772985473,-0.005747482166109319,943.8675976892038,0.5508771624389363,0.00533471814419173
case_000,3.88,5.171578226386916,14.972563807204082,2.0,0.5291435940797937,0.3454035735324276,341.47731883607923,389.36974026935195,True,446.2643247120335,-1.9126791610487535,-0.005806295622914626,787.7416435481127,1.0785602102379972,0.005368256025885754,554.4978606912323,-1.4429313691972272,-0.005747481662034037,943.8676009605842,0.5508771807422271,0.005334718320247345
case_000,3.8850000000000002,5.171578091252541,14.972563707070115,2.0,0.5291435786504565,0.34540356808918143,341.47731009269535,389.3697300901314,True,446.26432111660995,-1.912679140868309,-0.005806295816360385,787.7416312093053,1.078560216164435,0.005368255506609632,554.497874093132,-1.4429313612164836,-0.005747481165461477,943.8676041832634,0.5508771987730912,0.005334718493682333
case_000,3.89,5.171577958129518,14.972563608426546,2.0,0.5291435634507673,0.3454035627269528,341.4773014794458,389.3697200624197,True,446.26431757470186,-1.9126791209882317,-0.0058062960069267255,787.7416190541477,1.0785602220026673,0.005368254995062494,554.4978872955564,-1.4429313533545243,-0.005747480676279837,943.8676073579761,0.5508772165355872,0.005334718664535998
case_000,3.895,5.1715778269878685,14.972563511251188,2.0,0.529143548477308,0.3454035574445359,341.47729299439675,389.3697101839567,True,446.26431408550366,-1.9126791014040425,-0.00580629619465689,787.7416070799004,1.0785602277540016,0.005368254491129043,554.497900301468,-1.4429313456095765,-0.005747480194379373,943.8676104854247,0.5508772340337038,0.0053347188328463635
case_000,3.9,5.171577697798123,14.97256341552219,2.0,0.5291435337267113,0.34540355224074276,341.47728463563755,389.3697004525236,True,446.2643106482356,-1.912679082111341,-0.005806296379592901,787.7415952838732,1.078560233419733,0.005368253994696037,554.4979131137944,-1.4429313379799011,-0.005747479719651616,943.867613566318,0.5508772512713788,0.005334718998651455
case_000,3.9050000000000002,5.171577570531242,14.972563321218024,2.0,0.5291435191956604,0.34540354711440313,341.4772764012918,389.36969086593547,True,446.2643072621253,-1.9126790631057906,-0.005806296561776336,787.7415836634171,1.0785602390011388,0.005368253505651954,554.4979257354186,-1.4429313304637832,-0.005747479251989762,943.867616601354,0.5508772682524901,0.005334719161988688
case_000,3.91,5.171577445158584,14.972563228317485,2.0,0.529143504880888,0.34540354206436436,341.4772682895011,389.3696814220323,True,446.26430392641043,-1.9126790443831159,-0.005806296741248218,787.7415722159116,1.0785602444994675,0.005368253023886549,554.4979381691752,-1.4429313230595302,-0.005747478791288785,943.8676195912075,0.550877284980852,0.005334719322894532
case_000,3.915,5.17157732165198,14.972563136799678,2.0,0.5291434907791748,0.3454035370894905,341.4772602984492,389.36967211868955,True,446.26430064034105,-1.9126790259391064,-0.005806296918048903,787.7415609387903,1.0785602499159603,0.005368252549291741,554.4979504178667,-1.4429313157654804,-0.005747478337444878,943.8676225365563,0.5508773014602294,0.005334719481405348
case_000,3.92,5.171577199983632,14.972563046644025,2.0,0.5291434768873499,0.34540353218866293,341.4772524263364,389.36966295381933,True,446.26429740317604,-1.912679007769612,-0.005806297092218249,787.7415498295125,1.0785602552518323,0.005368252081760616,554.4979624842405,-1.4429313085799902,-0.005747477890356234,943.8676254380598,0.5508773176943258,0.005334719637556662
case_000,3.9250000000000003,5.171577080126203,14.972562957830249,2.0,0.5291434632022897,0.34540352736077956,341.4772446713916,389.36965392536024,True,446.2642942141916,-1.9126789898705516,-0.005806297263795279,787.7415388855832,1.0785602605082842,0.005368251621188147,554.4979743710147,-1.442931301501446,-0.005747477449922156,943.867628296375,0.5508773336867938,0.005334719791383724
case_000,3.93,5.171576962052738,14.972562870338379,2.0,0.5291434497209166,0.3454035226047547,341.4772370318716,389.3696450312798,True,446.26429107266927,-1.9126789722378983,-0.00580629743281863,787.7415281045409,1.0785602656864992,0.00536825116747075,554.4979860808629,-1.4429312945282555,-0.005747477016043612,943.8676311121427,0.5508773494412286,0.005334719942921062
case_000,3.935,5.171576845736674,14.97256278414874,2.0,0.5291434364401995,0.34540351791951873,341.47722950605777,389.36963626957777,True,446.26428797790123,-1.9126789548676857,-0.005806297599326382,787.741517483959,1.0785602707876385,0.005368250720506285,554.4979976164174,-1.442931287658851,-0.005747476588623068,943.8676338859951,0.550877364961172,0.005334720092202705
case_000,3.94,5.17157673115187,14.972562699241951,2.0,0.5291434233571517,0.3454035133040181,341.4772220922592,389.36962763828717,True,446.2642849291937,-1.912678937756009,-0.005806297763355894,787.7415070214529,1.0785602758128514,0.0053682502801943865,554.4980089802732,-1.4429312808916883,-0.00574747616756438,943.8676366185604,0.5508773802501162,0.005334720239262347
case_000,3.9450000000000003,5.171576618272549,14.972562615598916,2.0,0.5291434104688313,0.34540350875721476,341.47721478880794,389.36961913546475,True,446.2642819258608,-1.9126789208990198,-0.005806297924944082,787.7414967146688,1.0785602807632673,0.0053682498464359685,554.4980201749851,-1.4429312742252445,-0.0057474757527729015,943.8676393104498,0.5508773953114974,0.005334720384132963
case_000,3.95,5.171576507073335,14.972562533200824,2.0,0.5291433977723404,0.3454035042780863,341.47720759406184,389.3696107591978,True,446.2642789672268,-1.912678904292928,-0.005806298084127304,787.7414865612886,1.0785602856399996,0.005368249419133497,554.4980312030732,-1.4429312676580224,-0.005747475344155262,943.867641962271,0.5508774101487034,0.005334720526847192
case_000,3.955,5.171576397529225,14.972562452029148,2.0,0.529143385264824,0.34540349986562535,341.4772005064042,389.36960250760717,True,446.26427605262893,-1.9126788879340002,-0.0058062982409412545,787.7414765590331,1.0785602904441463,0.005368248998190994,554.4980420670166,-1.4429312611885452,-0.00574747494161959,943.8676445746238,0.5508774247650721,0.005334720667437232
case_000,3.96,5.17157628961557,14.972562372065633,2.0,0.5291433729434694,0.3454034955188397,341.4771935242401,389.36959437883274,True,446.2642731814069,-1.912678871818555,-0.005806298395421405,787.741466705647,1.0785602951767848,0.005368248583513591,554.4980527692567,-1.4429312548153563,-0.005747474545075459,943.8676471480894,0.5508774391638875,0.005334720805934501
case_000,3.9650000000000003,5.171576183308118,14.972562293292299,2.0,0.5291433608055061,0.3454034912367519,341.47718664600006,389.36958637104794,True,446.2642703529202,-1.9126788559429722,-0.005806298547602284,787.7414569989203,1.0785602998389814,0.00536824817500825,554.498063312204,-1.442931248537026,-0.005747474154433552,943.8676496832519,0.5508774533483896,0.005334720942370308
case_000,3.97,5.171576078582953,14.972562215691426,2.0,0.5291433488482045,0.34540348701839885,341.47717987013607,389.36957848245106,True,446.26426756652984,-1.9126788403036787,-0.005806298697518253,787.7414474366659,1.0785603044317829,0.005368247772582935,554.498073698227,-1.4429312423521405,-0.005747473769606104,943.8676521806781,0.5508774673217665,0.0053347210767752395
case_000,3.975,5.171575975416537,14.972562139245564,2.0,0.5291433370688757,0.345403482862832,341.4771731951239,389.36957071127085,True,446.2642648216123,-1.912678824897161,-0.005806298845202895,787.7414380167362,1.078560308956224,0.005368247376147273,554.4980839296633,-1.4429312362593096,-0.005747473390506519,943.8676546409341,0.5508774810871631,0.00533472120917966
case_000,3.98,5.171575873785659,14.972562063937527,2.0,0.5291433254648714,0.3454034787691168,341.4771666194655,389.36956305575654,True,446.26426211754824,-1.9126788097199512,-0.005806298990689518,787.7414287370137,1.0785603134133208,0.005368246985612113,554.4980940088126,-1.4429312302571629,-0.005747473017049587,943.8676570645691,0.5508774946476722,0.005334721339613213
case_000,3.985,5.171575773667473,14.972561989750375,2.0,0.5291433140335818,0.3454034747363327,341.4771601416804,389.36955551418816,True,446.264259453731,-1.91267879476864,-0.005806299134010762,787.7414195954113,1.078560317804077,0.005368246600889637,554.4981039379446,-1.442931224344353,-0.0057474726491512085,943.8676594521328,0.5508775080063456,0.0053347214681053745
case_000,3.99,5.171575675039457,14.972561916667427,2.0,0.5291433027724366,0.3454034707635728,341.4771537603127,389.36954808487076,True,446.26425682956005,-1.9126787800398626,-0.005806299275198934,787.7414105898728,1.0785603221294786,0.0053682462218933025,554.4981137192885,-1.442931218519548,-0.005747472286728783,943.8676618041593,0.5508775211661862,0.005334721594684955
case_000,3.995,5.171575577879431,14.972561844672247,2.0,0.5291432916789032,0.34540346684994366,341.47714747392337,389.36954076613426,True,446.26425424444784,-1.912678765530308,-0.005806299414285676,787.7414017183712,1.0785603263904973,0.005368245848537845,554.4981233550452,-1.4429312127814384,-0.005747471929700765,943.8676641211795,0.5508775341301541,0.005334721719380486
case_000,4.0,5.171575482165554,14.972561773748644,2.0,0.5291432807504872,0.34540346299456515,341.47714128110454,389.3695335563275,True,446.26425169781123,-1.912678751236714,-0.005806299551302352,787.7413929789158,1.0785603305880958,0.005368245480739442,554.4981328473845,-1.4429312071287361,-0.0057474715779867735,943.867666403712,0.5508775469011634,0.005334721842219947
