soc,vehicle_speed_mps,motor_speed_rpm,maximum_motor_torque_nm,maximum_wheel_force_n
0.05,0.0,0.0,219.99999998719431,3471.8581905069577
0.05,0.35044998613496414,54.16666666666667,219.99999998719431,3471.8581905069577
0.05,0.7008999722699283,108.33333333333334,219.99999998719431,3471.8581905069577
0.05,1.0513499584048924,162.5,219.99999998719431,3471.8581905069577
0.05,1.4017999445398566,216.66666666666669,219.99999998719431,3471.8581905069577
0.05,1.7522499306748207,270.83333333333337,219.99999998719431,3471.8581905069577
0.05,2.102699916809785,325.0,219.99999998719431,3471.8581905069577
0.05,2.453149902944749,379.16666666666674,219.99999998719431,3471.8581905069577
0.05,2.803599889079713,433.33333333333337,219.99999998719431,3471.8581905069577
0.05,3.1540498752146773,487.50000000000006,219.99999998719431,3471.8581905069577
0.05,3.5044998613496414,541.6666666666667,219.99999998719431,3471.8581905069577
0.05,3.8549498474846056,595.8333333333334,219.99999998719431,3471.8581905069577
0.05,4.20539983361957,650.0,219.99999998719431,3471.8581905069577
0.05,4.555849819754534,704.1666666666667,219.99999998719431,3471.8581905069577
0.05,4.906299805889498,758.3333333333335,219.99999998719431,3471.8581905069577
0.05,5.256749792024462,812.5000000000002,219.99999998719431,3471.8581905069577
0.05,5.607199778159426,866.6666666666667,219.99999998719431,3471.8581905069577
0.05,5.95764976429439,920.8333333333334,219.99999998719431,3471.8581905069577
0.05,6.308099750429355,975.0000000000001,219.99999998719431,3471.8581905069577
0.05,6.658549736564319,1029.1666666666667,219.99999998719431,3471.8581905069577
0.05,7.008999722699283,1083.3333333333335,219.99999998719431,3471.8581905069577
0.05,7.359449708834247,1137.5,219.99999998719431,3471.8581905069577
0.05,7.709899694969211,1191.6666666666667,219.99999998719431,3471.8581905069577
0.05,8.060349681104174,1245.8333333333335,219.99999998719431,3471.8581905069577
0.05,8.41079966723914,1300.0,219.99999998719431,3471.8581905069577
0.05,8.761249653374104,1354.166666666667,213.0234705330804,3361.7603681070113
0.05,9.111699639509068,1408.3333333333335,206.0610664926935,3251.885461313179
0.05,9.462149625644031,1462.4999999999998,199.49120108154602,3148.205274769777
0.05,9.812599611778996,1516.666666666667,193.28384672175162,3050.245938057569
0.05,10.163049597913961,1570.8333333333337,187.41169659537263,2957.576517542378
0.05,10.513499584048924,1625.0000000000005,181.84989756904542,2869.804801612234
0.05,10.863949570183888,1679.1666666666667,176.5758086531423,2786.573488879479
0.05,11.214399556318853,1733.3333333333335,171.56878316425718,2707.556750449139
0.05,11.564849542453818,1787.5000000000005,166.80997269577347,2632.457136344425
0.05,11.91529952858878,1841.6666666666667,162.28215106530115,2561.002797190675
0.05,12.265749514723744,1895.8333333333335,157.96955631813034,2492.9449908444312
0.05,12.61619950085871,1950.0000000000002,153.85774908354506,2428.055847089833
0.05,12.966649486993674,2004.166666666667,149.9334855552297,2366.1263631203674
0.05,13.317099473128637,2058.3333333333335,146.18460371275432,2306.964607980374
0.05,13.6675494592636,2112.5000000000005,142.5999212730676,2250.3941121198404
0.05,14.017999445398566,2166.666666666667,139.1691442579031,2196.2524244807714
0.05,14.36844943153353,2220.833333333334,135.88278483250178,2144.3898158958013
0.05,14.718899417668494,2275.0,132.73208769853227,2094.668117482094
0.05,15.069349403803457,2329.166666666667,129.70896386308596,2046.9596754383579
0.05,15.419799389938422,2383.3333333333335,126.80593114346266,2001.1464121405372
0.05,15.770249376073387,2437.5000000000005,124.01606053696014,1957.1189797941547
0.05,16.12069936220835,2491.666666666667,121.33292807149701,1914.7760005806297
0.05,16.471149348343314,2545.8333333333335,118.7505712278653,1874.0233789492827
0.05,16.82159933447828,2600.0,116.2634496903047,1834.7736822153345
0.05,17.172049320613244,2654.166666666667,113.86640987475403,1796.9455807740828
0.05,17.52249930674821,2708.333333333334,111.5546528249979,1760.463341464423
0.05,17.87294929288317,2762.5,109.3237051309552,1725.2563686253068
0.05,18.223399279018135,2816.666666666667,107.16939265141264,1691.2587894096403
0.05,18.5738492651531,2870.833333333334,105.08781649055891,1658.409074665801
0.05,18.924299251288062,2924.9999999999995,103.07533139479347,1626.6496980139227
0.05,19.274749237423027,2979.166666666667,101.12852591671981,1595.9268228104354
0.05,19.625199223557992,3033.333333333334,99.24420443596318,1566.190018415463
0.05,19.975649209692957,3087.500000000001,97.41937080631033,1537.3920021255014
0.05,20.326099195827922,3141.6666666666674,95.6512133218348,1509.488401921229
0.05,20.676549181962883,3195.8333333333335,93.93709110445343,1482.4375416471753
0.05,21.02699916809785,3250.000000000001,92.27452157996595,1456.200243368925
0.05,21.377449154232814,3304.1666666666674,90.66116902977228,1430.739646705783
0.05,21.727899140367775,3358.3333333333335,89.09483414143324,1406.0210439263592
0.05,22.07834912650274,3412.500000000001,87.57344431476668,1382.0117269673876
0.05,22.428799112637705,3466.666666666667,86.09504491556436,1358.6808494071154
0.05,22.77924909877267,3520.833333333334,84.65779107995331,1335.999297128505
0.05,23.129699084907635,3575.000000000001,83.25994032551534,1313.9395717140312
0.05,23.480149071042597,3629.166666666667,81.89984555938281,1292.4756801052233
0.05,23.83059905717756,3683.3333333333335,80.57594888028689,1271.5830367917158
0.05,24.181049043312527,3737.5,79.28677559830248,1251.238369435803
0.05,24.531499029447488,3791.666666666667,78.03092370857485,1231.4195527554923
0.05,24.881949015582453,3845.8333333333335,76.80593984667212,1212.0878697807952
0.05,25.23239900171742,3900.0000000000005,75.6097352260258,1193.210357008273
0.05,25.582848987852383,3954.1666666666674,74.44134732009843,1174.7718246395484
0.05,25.93329897398735,4008.333333333334,73.29985050833784,1156.7576652960063
0.05,26.28374896012231,4062.5000000000005,72.18435488524847,1139.1538352245384
0.05,26.634198946257275,4116.666666666667,71.0940050566569,1121.9468353012028
0.05,26.98464893239224,4170.833333333334,70.02797882072628,1105.1236902160827
0.05,27.3350989185272,4225.000000000001,68.9854859514162,1088.6719292748553
0.05,27.685548904662166,4279.166666666667,67.9657669691369,1072.579566998274
0.05,28.03599889079713,4333.333333333334,66.96809186018072,1056.8350829132921
0.05,28.386448876932096,4387.500000000002,65.99175891140476,1041.427403162988
0.05,28.73689886306706,4441.666666666668,65.03609351930209,1026.3458817123112
0.05,29.087348849202023,4495.833333333334,64.10044703749008,1011.5802821600972
0.05,29.437798835336988,4550.0,63.18419570103288,997.1207607636105
0.05,29.788248821471953,4604.166666666668,62.286739537958056,982.9578492610032
0.05,30.138698807606914,4658.333333333334,61.40750137041323,969.0824391083918
0.05,30.48914879374188,4712.5,60.54592580301687,955.4857655148471
0.05,30.839598779876845,4766.666666666667,59.70147828804329,942.1593926899155
0.05,31.19004876601181,4820.833333333334,58.873644241830334,929.0951998994962
0.05,31.540498752146775,4875.000000000001,58.06192818679847,916.2853679258943
0.05,31.890948738281736,4929.166666666668,57.26585290627554,903.7223657299645
0.05,32.2413987244167,4983.333333333334,56.48495868896134,891.3989385278753
0.05,32.591848710551666,5037.500000000001,55.71880257339217,879.3080958678722
0.05,32.94229869668663,5091.666666666667,54.96695761801675,867.4431001112205
0.05,33.292748682821596,5145.833333333334,54.22901227371767,855.797456529855
0.05,33.64319866895656,5200.0,53.50456970511004,844.3649025956793
0.05,33.99364865509152,5254.166666666667,52.79324715025723,833.1393978761254
0.05,34.34409864122649,5308.333333333334,52.094675408443436,822.1151159506068
0.05,34.69454862736145,5362.5,51.40849822550081,811.2864347102567
0.05,35.04499861349642,5416.666666666668,50.734371772838955,800.6479281364035
0.05,35.39544859963138,5470.833333333334,50.071964148619756,790.1943584285239
0.05,35.74589858576634,5525.0,49.420954906680414,779.9206685700948
0.05,36.09634857190131,5579.166666666667,48.78103457645324,769.8219747523653
0.05,36.44679855803627,5633.333333333334,48.15190423198786,759.8935595730212
0.05,36.79724854417123,5687.5,47.53327506253801,750.1308652595394
0.05,37.1476985303062,5741.666666666668,46.924867967454894,740.5294872761311
0.05,37.49814851644116,5795.833333333334,46.32641320947276,731.0851688521809
0.05,37.848598502576124,5849.999999999999,45.737650004783035,721.7937945131348
0.05,38.19904848871109,5904.166666666667,45.15832621738991,712.6513852570738
0.05,38.549498474846054,5958.333333333334,44.588197954460256,703.65409216886
0.05,38.89994846098102,6012.500000000002,44.02702933257228,694.7981927312661
0.05,39.250398447115984,6066.666666666668,43.47459210879136,686.080085002919
0.05,39.600848433250945,6120.833333333334,42.93066542141975,677.4962835270263
0.05,39.951298419385914,6175.000000000002,42.39503547741998,669.0434143985508
0.05,40.301748405520875,6229.166666666667,41.867495322535405,660.7182116364421
0.05,40.652198391655844,6283.333333333335,41.34784455748451,652.5175127048502
0.05,41.002648377790806,6337.500000000002,40.83588910133639,644.4382547789139
0.05,41.35309836392577,6391.666666666667,40.3314409561345,636.4774710302448
0.05,41.703548350060736,6445.833333333335,39.8343179726952,628.6322869309564
0.05,42.0539983361957,6500.000000000002,0.0,0.0
0.08958333333333333,0.0,0.0,219.99999998719431,3471.8581905069577
0.08958333333333333,0.35044998613496414,54.16666666666667,219.99999998719431,3471.8581905069577
0.08958333333333333,0.7008999722699283,108.33333333333334,219.99999998719431,3471.8581905069577
0.08958333333333333,1.0513499584048924,162.5,219.99999998719431,3471.8581905069577
0.08958333333333333,1.4017999445398566,216.66666666666669,219.99999998719431,3471.8581905069577
0.08958333333333333,1.7522499306748207,270.83333333333337,219.99999998719431,3471.8581905069577
0.08958333333333333,2.102699916809785,325.0,219.99999998719431,3471.8581905069577
0.08958333333333333,2.453149902944749,379.16666666666674,219.99999998719431,3471.8581905069577
0.08958333333333333,2.803599889079713,433.33333333333337,219.99999998719431,3471.8581905069577
0.08958333333333333,3.1540498752146773,487.50000000000006,219.99999998719431,3471.8581905069577
0.08958333333333333,3.5044998613496414,541.6666666666667,219.99999998719431,3471.8581905069577
0.08958333333333333,3.8549498474846056,595.8333333333334,219.99999998719431,3471.8581905069577
0.08958333333333333,4.20539983361957,650.0,219.99999998719431,3471.8581905069577
0.08958333333333333,4.555849819754534,704.1666666666667,219.99999998719431,3471.8581905069577
0.08958333333333333,4.906299805889498,758.3333333333335,219.99999998719431,3471.8581905069577
0.08958333333333333,5.256749792024462,812.5000000000002,219.99999998719431,3471.8581905069577
0.08958333333333333,5.607199778159426,866.6666666666667,219.99999998719431,3471.8581905069577
0.08958333333333333,5.95764976429439,920.8333333333334,219.99999998719431,3471.8581905069577
0.08958333333333333,6.308099750429355,975.0000000000001,219.99999998719431,3471.8581905069577
0.08958333333333333,6.658549736564319,1029.1666666666667,219.99999998719431,3471.8581905069577
0.08958333333333333,7.008999722699283,1083.3333333333335,219.99999998719431,3471.8581905069577
0.08958333333333333,7.359449708834247,1137.5,219.99999998719431,3471.8581905069577
0.08958333333333333,7.709899694969211,1191.6666666666667,219.99999998719431,3471.8581905069577
0.08958333333333333,8.060349681104174,1245.8333333333335,219.99999998719431,3471.8581905069577
0.08958333333333333,8.41079966723914,1300.0,219.99999998719431,3471.8581905069577
0.08958333333333333,8.761249653374104,1354.166666666667,212.91841052589007,3360.1023978957396
0.08958333333333333,9.111699639509068,1408.3333333333335,205.96214028075337,3250.3242895895423
0.08958333333333333,9.462149625644031,1462.4999999999998,199.39793485449627,3146.7334242502347
0.08958333333333333,9.812599611778996,1516.666666666667,193.19580985000357,3048.856612901829
0.08958333333333333,10.163049597913961,1570.8333333333337,187.32849736581556,2956.2635360578406
0.08958333333333333,10.513499584048924,1625.0000000000005,181.7711793561466,2868.562535829458
0.08958333333333333,10.863949570183888,1679.1666666666667,176.50124646141194,2785.3968099882236
0.08958333333333333,11.214399556318853,1733.3333333333335,171.49808050366119,2706.4409794887065
0.08958333333333333,11.564849542453818,1787.5000000000005,166.74285877728835,2631.397999946229
0.08958333333333333,11.91529952858878,1841.6666666666667,162.21837831661105,2559.996388373022
0.08958333333333333,12.265749514723744,1895.8333333333335,157.90889810421504,2491.9877330407235
0.08958333333333333,12.61619950085871,1950.0000000000002,153.79999768338166,2427.14446221855
0.08958333333333333,12.966649486993674,2004.166666666667,149.87845034338534,2365.2578428884613
0.08958333333333333,13.317099473128637,2058.3333333333335,146.13210957148112,2306.1361888242664
0.08958333333333333,13.6675494592636,2112.5000000000005,142.54980710684322,2249.6032517631284
0.08958333333333333,14.017999445398566,2166.666666666667,139.1212616872508,2195.4967813211747
0.08958333333333333,14.36844943153353,2220.833333333334,135.83699705428444,2143.667231019264
0.08958333333333333,14.718899417668494,2275.0,132.68826839746907,2093.9765974852426
0.08958333333333333,15.069349403803457,2329.166666666667,129.6669962897431,2046.29737787811
0.08958333333333333,15.419799389938422,2383.3333333333335,126.76570724346675,2000.511631792069
0.08958333333333333,15.770249376073387,2437.5000000000005,123.97748022107407,1956.5101371318403
0.08958333333333333,16.12069936220835,2491.666666666667,121.29589848569594,1914.191630258984
0.08958333333333333,16.471149348343314,2545.8333333333335,118.71500616427511,1873.4621205068795
0.08958333333333333,16.82159933447828,2600.0,116.22926901094615,1834.2342709808117
0.08958333333333333,17.172049320613244,2654.166666666667,113.83353899931535,1796.426839782594
0.08958333333333333,17.52249930674821,2708.333333333334,111.52302226983011,1759.9641741824412
0.08958333333333333,17.87294929288317,2762.5,109.29325013770722,1724.7757530900521
0.08958333333333333,18.223399279018135,2816.666666666667,107.14005271322094,1690.795770751796
0.08958333333333333,18.5738492651531,2870.833333333334,105.05953513435088,1657.9627616740045
0.08958333333333333,18.924299251288062,2924.9999999999995,103.04805574589409,1626.219256263749
0.08958333333333333,19.274749237423027,2979.166666666667,101.10220650676638,1595.5114716330652
0.08958333333333333,19.625199223557992,3033.333333333334,99.21879490837455,1565.7890262496421
0.08958333333333333,19.975649209692957,3087.500000000001,97.39482766017318,1537.0046824757646
0.08958333333333333,20.326099195827922,3141.6666666666674,95.62749575823545,1509.114110932838
0.08958333333333333,20.676549181962883,3195.8333333333335,93.91416075755842,1482.0756738622517
0.08958333333333333,21.02699916809785,3250.000000000001,92.25234240177087,1455.850229907653
0.08958333333333333,21.377449154232814,3304.1666666666674,90.63970708521083,1430.400952032991
0.08958333333333333,21.727899140367775,3358.3333333333335,89.07405745470896,1405.6931634264524
0.08958333333333333,22.07834912650274,3412.500000000001,87.55332276690751,1381.6941853276396
0.08958333333333333,22.428799112637705,3466.666666666667,86.07555007794872,1358.3731979905135
0.08958333333333333,22.77924909877267,3520.833333333334,84.63889612467028,1335.7011125591305
0.08958333333333333,23.129699084907635,3575.000000000001,83.24161988450214,1313.6504536540808
0.08958333333333333,23.480149071042597,3629.166666666667,81.88207568600774,1292.1952506487455
0.08958333333333333,23.83059905717756,3683.3333333333335,80.5587068956811,1271.3109380395442
0.08958333333333333,24.181049043312527,3737.5,79.27004001452588,1250.974262283025
0.08958333333333333,24.531499029447488,3791.666666666667,78.01467938930728,1231.1631983332124
0.08958333333333333,24.881949015582453,3845.8333333333335,76.79130211588927,1211.856869210287
0.08958333333333333,25.23239900171742,3900.0000000000005,75.59865346760489,1193.035473854904
0.08958333333333333,25.582848987852383,3954.1666666666674,74.43554264376871,1174.6802200347315
0.08958333333333333,25.93329897398735,4008.333333333334,73.3003748243209,1156.7659396175532
0.08958333333333333,26.28374896012231,4062.5000000000005,72.19081435468979,1139.2557732331181
0.08958333333333333,26.634198946257275,4116.666666666667,71.10594273428433,1122.135225864152
0.08958333333333333,26.98464893239224,4170.833333333334,70.04496935289353,1105.3918207536708
0.08958333333333333,27.3350989185272,4225.000000000001,69.00713314302266,1089.0135473634223
0.08958333333333333,27.685548904662166,4279.166666666667,67.99170156824403,1072.988845408878
0.08958333333333333,28.03599889079713,4333.333333333334,66.9979695987422,1057.3065886921308
0.08958333333333333,28.386448876932096,4387.500000000002,66.02525872527622,1041.9560695410644
0.08958333333333333,28.73689886306706,4441.666666666668,65.07291592191905,1026.9269824401626
0.08958333333333333,29.087348849202023,4495.833333333334,64.14031267282553,1012.2094086717663
0.08958333333333333,29.437798835336988,4550.0,63.22684396058321,997.7938003510619
0.08958333333333333,29.788248821471953,4604.166666666668,62.331927369814366,983.67096627987
0.08958333333333333,30.138698807606914,4658.333333333334,61.455002126749605,969.8320567899887
0.08958333333333333,30.48914879374188,4712.5,60.5955281900242,956.2685493948928
0.08958333333333333,30.839598779876845,4766.666666666667,59.75298540550284,942.9722354518781
0.08958333333333333,31.19004876601181,4820.833333333334,58.926872661104426,929.9352068242018
0.08958333333333333,31.540498752146775,4875.000000000001,58.11670711846091,917.1498437557602
0.08958333333333333,31.890948738281736,4929.166666666668,57.32202339335345,904.608801937408
0.08958333333333333,32.2413987244167,4983.333333333334,56.54237286420539,892.3050015941656
0.08958333333333333,32.591848710551666,5037.500000000001,55.77732296776958,880.2316163703392
0.08958333333333333,32.94229869668663,5091.666666666667,55.02645650762133,868.3820624167284
0.08958333333333333,33.292748682821596,5145.833333333334,54.28937102667987,856.749988488277
0.08958333333333333,33.64319866895656,5200.0,53.565678192535415,845.3292662438139
0.08958333333333333,33.99364865509152,5254.166666666667,52.85500327241607,834.1139819604144
0.08958333333333333,34.34409864122649,5308.333333333334,52.156984467292204,823.0984260247861
0.08958333333333333,34.69454862736145,5362.5,51.47127250209451,812.2770864664279
0.08958333333333333,35.04499861349642,5416.666666666668,50.7975300362486,801.6446396551752
0.08958333333333333,35.39544859963138,5470.833333333334,50.13543126337794,791.1959439840415
0.08958333333333333,35.74589858576634,5525.0,49.48466135649815,780.9260311137343
0.08958333333333333,36.09634857190131,5579.166666666667,48.844916143569705,770.8301008524955
0.08958333333333333,36.44679855803627,5633.333333333334,48.21590158538423,760.9035129165342
0.08958333333333333,36.79724854417123,5687.5,47.59733346270847,751.1417819927918
0.08958333333333333,37.1476985303062,5741.666666666668,46.9889369610952,741.5405711867702
0.08958333333333333,37.49814851644116,5795.833333333334,46.39044626708338,732.0956856500969
0.08958333333333333,37.848598502576124,5849.999999999999,45.80160431643314,722.8030686073782
0.08958333333333333,38.19904848871109,5904.166666666667,45.222162392785435,713.658795022576
0.08958333333333333,38.549498474846054,5958.333333333334,44.65187979448382,704.6590663410656
0.08958333333333333,38.89994846098102,6012.500000000002,44.09052361111414,695.8002069631694
0.08958333333333333,39.250398447115984,6066.666666666668,43.537868352958796,687.0786583965099
0.08958333333333333,39.600848433250945,6120.833333333334,42.99369571273242,678.4909754959202
0.08958333333333333,39.951298419385914,6175.000000000002,42.457794284048504,670.0338220205161
0.08958333333333333,40.301748405520875,6229.166666666667,41.92995933883382,661.703967121034
0.08958333333333333,40.652198391655844,6283.333333333335,41.40999250656184,653.498280277759
0.08958333333333333,41.002648377790806,6337.500000000002,40.89770163307061,645.4137290725043
0.08958333333333333,41.35309836392577,6391.666666666667,40.392900484806944,637.4473745212381
0.08958333333333333,41.703548350060736,6445.833333333335,39.89540856421854,629.5963681607544
0.08958333333333333,42.0539983361957,6500.000000000002,0.0,0.0
0.12916666666666665,0.0,0.0,219.99999998719431,3471.8581905069577
0.12916666666666665,0.35044998613496414,54.16666666666667,219.99999998719431,3471.8581905069577
0.12916666666666665,0.7008999722699283,108.33333333333334,219.99999998719431,3471.8581905069577
0.12916666666666665,1.0513499584048924,162.5,219.99999998719431,3471.8581905069577
0.12916666666666665,1.4017999445398566,216.66666666666669,219.99999998719431,3471.8581905069577
0.12916666666666665,1.7522499306748207,270.83333333333337,219.99999998719431,3471.8581905069577
0.12916666666666665,2.102699916809785,325.0,219.99999998719431,3471.8581905069577
0.12916666666666665,2.453149902944749,379.16666666666674,219.99999998719431,3471.8581905069577
0.12916666666666665,2.803599889079713,433.33333333333337,219.99999998719431,3471.8581905069577
0.12916666666666665,3.1540498752146773,487.50000000000006,219.99999998719431,3471.8581905069577
0.12916666666666665,3.5044998613496414,541.6666666666667,219.99999998719431,3471.8581905069577
0.12916666666666665,3.8549498474846056,595.8333333333334,219.99999998719431,3471.8581905069577
0.12916666666666665,4.20539983361957,650.0,219.99999998719431,3471.8581905069577
0.12916666666666665,4.555849819754534,704.1666666666667,219.99999998719431,3471.8581905069577
0.12916666666666665,4.906299805889498,758.3333333333335,219.99999998719431,3471.8581905069577
0.12916666666666665,5.256749792024462,812.5000000000002,219.99999998719431,3471.8581905069577
0.12916666666666665,5.607199778159426,866.6666666666667,219.99999998719431,3471.8581905069577
0.12916666666666665,5.95764976429439,920.8333333333334,219.99999998719431,3471.8581905069577
0.12916666666666665,6.308099750429355,975.0000000000001,219.99999998719431,3471.8581905069577
0.12916666666666665,6.658549736564319,1029.1666666666667,219.99999998719431,3471.8581905069577
0.12916666666666665,7.008999722699283,1083.3333333333335,219.99999998719431,3471.8581905069577
0.12916666666666665,7.359449708834247,1137.5,219.99999998719431,3471.8581905069577
0.12916666666666665,7.709899694969211,1191.6666666666667,219.99999998719431,3471.8581905069577
0.12916666666666665,8.060349681104174,1245.8333333333335,219.99999998719431,3471.8581905069577
0.12916666666666665,8.41079966723914,1300.0,219.99999998719431,3471.8581905069577
0.12916666666666665,8.761249653374104,1354.166666666667,212.85501977079548,3359.1020173853285
0.12916666666666665,9.111699639509068,1408.3333333333335,205.90244957478717,3249.3823001967326
0.12916666666666665,9.462149625644031,1462.4999999999998,199.3416584515944,3145.8453165667875
0.12916666666666665,9.812599611778996,1516.666666666667,193.14268801244907,3048.0182879617423
0.12916666666666665,10.163049597913961,1570.8333333333337,187.27829385432415,2955.471265727959
0.12916666666666665,10.513499584048924,1625.0000000000005,181.7236790736206,2867.8129256251445
0.12916666666666665,10.863949570183888,1679.1666666666667,176.4562533912249,2784.6867665370687
0.12916666666666665,11.214399556318853,1733.3333333333335,171.45541581441648,2705.7676806213967
0.12916666666666665,11.564849542453818,1787.5000000000005,166.70235915808007,2630.758868425007
0.12916666666666665,11.91529952858878,1841.6666666666667,162.17989442753606,2559.389067438952
0.12916666666666665,12.265749514723744,1895.8333333333335,157.87229323177598,2491.4100651943722
0.12916666666666665,12.61619950085871,1950.0000000000002,153.76514653675258,2426.5944702236425
0.12916666666666665,12.966649486993674,2004.166666666667,149.8452379659284,2364.7337125943395
0.12916666666666665,13.317099473128637,2058.3333333333335,146.10043030348606,2305.6362527967017
0.12916666666666665,13.6675494592636,2112.5000000000005,142.5195637915749,2249.125976754817
0.12916666666666665,14.017999445398566,2166.666666666667,139.09236482577398,2195.0407549338834
0.12916666666666665,14.36844943153353,2220.833333333334,135.809364101151,2143.2311505889465
0.12916666666666665,14.718899417668494,2275.0,132.6618231588509,2093.5592605838706
0.12916666666666665,15.069349403803457,2329.166666666667,129.64166834717616,2045.8976732196788
0.12916666666666665,15.419799389938422,2383.3333333333335,126.74143140320666,2000.1285305427812
0.12916666666666665,15.770249376073387,2437.5000000000005,123.95419610431418,1956.1426864432663
0.12916666666666665,16.12069936220835,2491.666666666667,121.2735500803683,1913.8389461949566
0.12916666666666665,16.471149348343314,2545.8333333333335,118.69354145368561,1873.123382182919
0.12916666666666665,16.82159933447828,2600.0,116.20863965363242,1833.9087155119082
0.12916666666666665,17.172049320613244,2654.166666666667,113.81369999609888,1796.1137570289004
0.12916666666666665,17.52249930674821,2708.333333333334,111.50393172050826,1759.662902909586
0.12916666666666665,17.87294929288317,2762.5,109.27486894652247,1724.4856763210985
0.12916666666666665,18.223399279018135,2816.666666666667,107.12234440958127,1690.516312938001
0.12916666666666665,18.5738492651531,2870.833333333334,105.04246560391039,1657.6933844509529
0.12916666666666665,18.924299251288062,2924.9999999999995,103.03159312810749,1625.959456834645
0.12916666666666665,19.274749237423027,2979.166666666667,101.08632092596963,1595.2607785248679
0.12916666666666665,19.625199223557992,3033.333333333334,99.20345839695074,1565.5469981005342
0.12916666666666665,19.975649209692957,3087.500000000001,97.38001400488429,1536.7709056100873
0.12916666666666665,20.326099195827922,3141.6666666666674,95.6131802953314,1508.8881961276688
0.12916666666666665,20.676549181962883,3195.8333333333335,93.90032038558275,1481.857256549496
0.12916666666666665,21.02699916809785,3250.000000000001,92.23895533825271,1455.638966334357
0.12916666666666665,21.377449154232814,3304.1666666666674,90.6267528666649,1430.1965192613413
0.12916666666666665,21.727899140367775,3358.3333333333335,89.06151678296737,1405.495256908711
0.12916666666666665,22.07834912650274,3412.500000000001,87.54117747070268,1381.5025182998788
0.12916666666666665,22.428799112637705,3466.666666666667,86.0637829976622,1358.1874996538158
0.12916666666666665,22.77924909877267,3520.833333333334,84.62749107391573,1335.521127473323
0.12916666666666665,23.129699084907635,3575.000000000001,83.23056156048551,1313.4759403231144
0.12916666666666665,23.480149071042597,3629.166666666667,81.87134964391589,1292.0259811165163
0.12916666666666665,23.83059905717756,3683.3333333333335,80.54829942062497,1271.146695869007
0.12916666666666665,24.181049043312527,3737.5,79.2599381855689,1250.8148435666367
0.12916666666666665,24.531499029447488,3791.666666666667,78.00487091299146,1231.0084090657786
0.12916666666666665,24.881949015582453,3845.8333333333335,76.78177536465228,1211.7065258952277
0.12916666666666665,25.23239900171742,3900.0000000000005,75.5893974029459,1192.8894022917223
0.12916666666666665,25.582848987852383,3954.1666666666674,74.42654677783139,1174.5382547127451
0.12916666666666665,25.93329897398735,4008.333333333334,73.29209315706976,1156.635245189014
0.12916666666666665,26.28374896012231,4062.5000000000005,72.18496242538095,1139.1634229208346
0.12916666666666665,26.634198946257275,4116.666666666667,71.10370453097858,1122.099904389245
0.12916666666666665,26.98464893239224,4170.833333333334,70.0461653911043,1105.4106956403
0.12916666666666665,27.3350989185272,4225.000000000001,69.01150972931646,1089.0826150314745
0.12916666666666665,27.685548904662166,4279.166666666667,67.99902179744095,1073.1043672165833
0.12916666666666665,28.03599889079713,4333.333333333334,67.0080121117644,1057.4650713334556
0.12916666666666665,28.386448876932096,4387.500000000002,66.0378165950533,1042.1542474639891
0.12916666666666665,28.73689886306706,4441.666666666668,65.08779559051618,1027.161801073317
0.12916666666666665,29.087348849202023,4495.833333333334,64.15733308065683,1012.4780106823948
0.12916666666666665,29.437798835336988,4550.0,63.245835688430816,998.0935121050776
0.12916666666666665,29.788248821471953,4604.166666666668,62.35273188329302,983.999285918618
0.12916666666666665,30.138698807606914,4658.333333333334,61.47747108479962,970.1866433174552
0.12916666666666665,30.48914879374188,4712.5,60.61952281743288,956.6472127753559
0.12916666666666665,30.839598779876845,4766.666666666667,59.778375916648656,943.372927515914
0.12916666666666665,31.19004876601181,4820.833333333334,58.95353769650683,930.3560123767809
0.12916666666666665,31.540498752146775,4875.000000000001,58.1445332581643,917.5889728968741
0.12916666666666665,31.890948738281736,4929.166666666668,57.35090468311682,905.0645825847862
0.12916666666666665,32.2413987244167,4983.333333333334,56.57221036730334,892.7758724101699
0.12916666666666665,32.591848710551666,5037.500000000001,55.808024355210364,880.7161202951229
0.12916666666666665,32.94229869668663,5091.666666666667,55.057935648364946,868.8788402013975
0.12916666666666665,33.292748682821596,5145.833333333334,54.32154765469022,857.2577734405821
0.12916666666666665,33.64319866895656,5200.0,53.59847753541544,845.846878367577
0.12916666666666665,33.99364865509152,5254.166666666667,52.88835568004288,834.6403220949554
0.12916666666666665,34.34409864122649,5308.333333333334,52.190825168509036,823.6324720052362
0.12916666666666665,34.69454862736145,5362.5,51.505541233345866,812.8178872631563
0.12916666666666665,35.04499861349642,5416.666666666668,50.83217082528744,802.1913119604346
0.12916666666666665,35.39544859963138,5470.833333333334,50.17039208432707,791.747666768433
0.12916666666666665,35.74589858576634,5525.0,49.51989396828553,781.4820430765257
0.12916666666666665,36.09634857190131,5579.166666666667,48.88037576094956,771.3896952299485
0.12916666666666665,36.44679855803627,5633.333333333334,48.25154669708013,761.4660346119895
0.12916666666666665,36.79724854417123,5687.5,47.63312562186067,751.7066242696815
0.12916666666666665,37.1476985303062,5741.666666666668,47.02484056158399,742.1071721387381
0.12916666666666665,37.49814851644116,5795.833333333334,46.42642836598075,732.6635253990777
0.12916666666666665,37.848598502576124,5849.999999999999,45.8376344528924,723.3716664454622
0.12916666666666665,38.19904848871109,5904.166666666667,45.25821241523856,714.2277066849812
0.12916666666666665,38.549498474846054,5958.333333333334,44.68792371882911,705.2278817681723
0.12916666666666665,38.89994846098102,6012.500000000002,44.12653746236453,696.3685478015448
0.12916666666666665,39.250398447115984,6066.666666666668,43.57383001395968,687.6461756114983
0.12916666666666665,39.600848433250945,6120.833333333334,43.02958483587635,679.0573479783959
0.12916666666666665,39.951298419385914,6175.000000000002,42.49359213989097,670.5987541978637
0.12916666666666665,40.301748405520875,6229.166666666667,41.965648693420654,662.2671870212313
0.12916666666666665,40.652198391655844,6283.333333333335,41.44555753695232,654.0595381962316
0.12916666666666665,41.002648377790806,6337.500000000002,40.93312783559507,645.9727961243238
0.12916666666666665,41.35309836392577,6391.666666666667,40.428174565644824,638.0040409143143
0.12916666666666665,41.703548350060736,6445.833333333335,39.93051836665261,630.1504420478224
0.12916666666666665,42.0539983361957,6500.000000000002,0.0,0.0
0.16875,0.0,0.0,219.99999998719431,3471.8581905069577
0.16875,0.35044998613496414,54.16666666666667,219.99999998719431,3471.8581905069577
0.16875,0.7008999722699283,108.33333333333334,219.99999998719431,3471.8581905069577
0.16875,1.0513499584048924,162.5,219.99999998719431,3471.8581905069577
0.16875,1.4017999445398566,216.66666666666669,219.99999998719431,3471.8581905069577
0.16875,1.7522499306748207,270.83333333333337,219.99999998719431,3471.8581905069577
0.16875,2.102699916809785,325.0,219.99999998719431,3471.8581905069577
0.16875,2.453149902944749,379.16666666666674,219.99999998719431,3471.8581905069577
0.16875,2.803599889079713,433.33333333333337,219.99999998719431,3471.8581905069577
0.16875,3.1540498752146773,487.50000000000006,219.99999998719431,3471.8581905069577
0.16875,3.5044998613496414,541.6666666666667,219.99999998719431,3471.8581905069577
0.16875,3.8549498474846056,595.8333333333334,219.99999998719431,3471.8581905069577
0.16875,4.20539983361957,650.0,219.99999998719431,3471.8581905069577
0.16875,4.555849819754534,704.1666666666667,219.99999998719431,3471.8581905069577
0.16875,4.906299805889498,758.3333333333335,219.99999998719431,3471.8581905069577
0.16875,5.256749792024462,812.5000000000002,219.99999998719431,3471.8581905069577
0.16875,5.607199778159426,866.6666666666667,219.99999998719431,3471.8581905069577
0.16875,5.95764976429439,920.8333333333334,219.99999998719431,3471.8581905069577
0.16875,6.308099750429355,975.0000000000001,219.99999998719431,3471.8581905069577
0.16875,6.658549736564319,1029.1666666666667,219.99999998719431,3471.8581905069577
0.16875,7.008999722699283,1083.3333333333335,219.99999998719431,3471.8581905069577
0.16875,7.359449708834247,1137.5,219.99999998719431,3471.8581905069577
0.16875,7.709899694969211,1191.6666666666667,219.99999998719431,3471.8581905069577
0.16875,8.060349681104174,1245.8333333333335,219.99999998719431,3471.8581905069577
0.16875,8.41079966723914,1300.0,219.99999998719431,3471.8581905069577
0.16875,8.761249653374104,1354.166666666667,212.80648900195956,3358.3361448976725
0.16875,9.111699639509068,1408.3333333333335,205.85675101378,3248.661123272477
0.16875,9.462149625644031,1462.4999999999998,199.29857341572642,3145.165384136446
0.16875,9.812599611778996,1516.666666666667,193.10201770626009,3047.376462799647
0.16875,10.163049597913961,1570.8333333333337,187.23985744873062,2954.8646941389534
0.16875,10.513499584048924,1625.0000000000005,181.68731195153669,2867.2390097584193
0.16875,10.863949570183888,1679.1666666666667,176.42180550843477,2784.143138518808
0.16875,11.214399556318853,1733.3333333333335,171.42275031656027,2705.252180729189
0.16875,11.564849542453818,1787.5000000000005,166.67135103605688,2630.269523868531
0.16875,11.91529952858878,1841.6666666666667,162.150429377798,2558.9240743740766
0.16875,12.265749514723744,1895.8333333333335,157.84426663187332,2490.967772556055
0.16875,12.61619950085871,1950.0000000000002,153.73846247210167,2426.173364367189
0.16875,12.966649486993674,2004.166666666667,149.81980843585916,2364.3324047659
0.16875,13.317099473128637,2058.3333333333335,146.0761744529009,2305.2534670079435
0.16875,13.6675494592636,2112.5000000000005,142.4964072322473,2248.7605390722256
0.16875,14.017999445398566,2166.666666666667,139.07023904728703,2194.6915841826753
0.16875,14.36844943153353,2220.833333333334,135.78820593305863,2142.8972498653475
0.16875,14.718899417668494,2275.0,132.6415742840618,2093.2397095757383
0.16875,15.069349403803457,2329.166666666667,129.6222748409491,2045.5916209313104
0.16875,15.419799389938422,2383.3333333333335,126.72284337459132,1999.8351896364295
0.16875,15.770249376073387,2437.5000000000005,123.93636733759195,1955.8613275806536
0.16875,16.12069936220835,2491.666666666667,121.25643770210445,1913.5688927829663
0.16875,16.471149348343314,2545.8333333333335,118.67710563819855,1872.8640057255566
0.16875,16.82159933447828,2600.0,116.19284339249134,1833.6594319727026
0.16875,17.172049320613244,2654.166666666667,113.79850885481574,1795.8740229912182
0.16875,17.52249930674821,2708.333333333334,111.48931360803545,1759.4322119390338
0.16875,17.87294929288317,2762.5,109.2607939359732,1724.2635561362813
0.16875,18.223399279018135,2816.666666666667,107.10878457175568,1690.3023227833667
0.16875,18.5738492651531,2870.833333333334,105.02939485362731,1657.4871126717298
0.16875,18.924299251288062,2924.9999999999995,103.01898703211918,1625.7605178455092
0.16875,19.274749237423027,2979.166666666667,101.07415665173903,1595.0688120015882
0.16875,19.625199223557992,3033.333333333334,99.19171453337185,1565.3616661507301
0.16875,19.975649209692957,3087.500000000001,97.36867044703104,1536.5918909544298
0.16875,20.326099195827922,3141.6666666666674,95.60221820604056,1508.7152014936157
0.16875,20.676549181962883,3195.8333333333335,93.88972204178572,1481.6900022462246
0.16875,21.02699916809785,3250.000000000001,92.22870407975279,1455.4771894444116
0.16875,21.377449154232814,3304.1666666666674,90.61683301930316,1430.0399724280985
0.16875,21.727899140367775,3358.3333333333335,89.05191359459423,1405.3437073259377
0.16875,22.07834912650274,3412.500000000001,87.53187699592672,1381.3557458929317
0.16875,22.428799112637705,3466.666666666667,86.05477212346159,1358.0452974838213
0.16875,22.77924909877267,3520.833333333334,84.618757404387,1335.3832999183762
0.16875,23.129699084907635,3575.000000000001,83.22209339123219,1313.342302674103
0.16875,23.480149071042597,3629.166666666667,81.86313587240875,1291.8963581624994
0.16875,23.83059905717756,3683.3333333333335,80.5403296102304,1271.0209229076581
0.16875,24.181049043312527,3737.5,79.25220238626935,1250.6927635750014
0.16875,24.531499029447488,3791.666666666667,77.99735975102521,1230.8898741148955
0.16875,24.881949015582453,3845.8333333333335,76.7744799144566,1211.5913951292425
0.16875,25.23239900171742,3900.0000000000005,75.58230921276845,1192.7775423320636
0.16875,25.582848987852383,3954.1666666666674,74.41965784411877,1174.4295392539477
0.16875,25.93329897398735,4008.333333333334,73.28539584763348,1156.5295537861866
0.16875,26.28374896012231,4062.5000000000005,72.17844949220307,1139.0606411917477
0.16875,26.634198946257275,4116.666666666667,71.09779784455895,1122.006689945491
0.16875,26.98464893239224,4170.833333333334,70.04244445590302,1105.3519749159564
0.16875,27.3350989185272,4225.000000000001,69.0104084147606,1089.0652349952868
0.16875,27.685548904662166,4279.166666666667,68.00035212887451,1073.1253614078742
0.16875,28.03599889079713,4333.333333333334,67.01159826712683,1057.5216650737657
0.16875,28.386448876932096,4387.500000000002,66.04349398287013,1042.2438433066877
0.16875,28.73689886306706,4441.666666666668,65.09541009436361,1027.2819668803668
0.16875,29.087348849202023,4495.833333333334,64.16674023959786,1012.626466690671
0.16875,29.437798835336988,4550.0,63.25690012075938,998.2681218323753
0.16875,29.788248821471953,4604.166666666668,62.36532665905543,984.1980462613038
0.16875,30.138698807606914,4658.333333333334,61.49147718795575,970.4076760627394
0.16875,30.48914879374188,4712.5,60.634828659240156,956.8887569219208
0.16875,30.839598779876845,4766.666666666667,59.79487688746303,943.6333322008072
0.16875,31.19004876601181,4820.833333333334,58.971135756000876,930.6337304085763
0.16875,31.540498752146775,4875.000000000001,58.16313655115664,917.8825546930088
0.16875,31.890948738281736,4929.166666666668,57.370427193818614,905.3726707151645
0.16875,32.2413987244167,4983.333333333334,56.5925715607591,893.0971959386787
0.16875,32.591848710551666,5037.500000000001,55.829148908378556,881.0494905357687
0.16875,32.94229869668663,5091.666666666667,55.0797531043645,869.2231452619087
0.16875,33.292748682821596,5145.833333333334,54.343992192298174,857.6119745848131
0.16875,33.64319866895656,5200.0,53.6214876617305,846.2100051653779
0.16875,33.99364865509152,5254.166666666667,52.91187401278876,835.0114689866627
0.16875,34.34409864122649,5308.333333333334,52.21479817992076,824.0107942598986
0.16875,34.69454862736145,5362.5,51.5299190452788,813.202597745115
0.16875,35.04499861349642,5416.666666666668,50.856906943977876,802.5816769435335
0.16875,35.39544859963138,5470.833333333334,50.19544325762821,792.143003683035
0.16875,35.74589858576634,5525.0,49.54521992445132,781.8817163872153
0.16875,36.09634857190131,5579.166666666667,48.905939056619246,771.7931140365499
0.16875,36.44679855803627,5633.333333333334,48.27731257178887,761.8726503535727
0.16875,36.79724854417123,5687.5,47.65906177464821,752.1159271991855
0.16875,37.1476985303062,5741.666666666668,47.05091699816187,742.51868891109
0.16875,37.49814851644116,5795.833333333334,46.45261730060949,733.0768175226991
0.16875,37.848598502576124,5849.999999999999,45.86391010876385,723.7863271320691
0.16875,38.19904848871109,5904.166666666667,45.28455091573211,714.643359133479
0.16875,38.549498474846054,5958.333333333334,44.71430298371067,705.6441775265539
0.16875,38.89994846098102,6012.500000000002,44.1529370284167,696.785163936224
0.16875,39.250398447115984,6066.666666666668,43.60023099995347,688.0628141545225
0.16875,39.600848433250945,6120.833333333334,43.05596977396527,679.4737332666475
0.16875,39.951298419385914,6175.000000000002,42.519944903695105,671.0146317381419
0.16875,40.301748405520875,6229.166666666667,41.99195442923717,662.6823224046732
0.16875,40.652198391655844,6283.333333333335,41.47180255405371,654.4737153670898
0.16875,41.002648377790806,6337.500000000002,40.95929951209111,646.385815894357
0.16875,41.35309836392577,6391.666666666667,40.454261301467206,638.4157202208315
0.16875,41.703548350060736,6445.833333333335,39.95650949574372,630.5606125679165
0.16875,42.0539983361957,6500.000000000002,0.0,0.0
0.20833333333333331,0.0,0.0,219.99999998719431,3471.8581905069577
0.20833333333333331,0.35044998613496414,54.16666666666667,219.99999998719431,3471.8581905069577
0.20833333333333331,0.7008999722699283,108.33333333333334,219.99999998719431,3471.8581905069577
0.20833333333333331,1.0513499584048924,162.5,219.99999998719431,3471.8581905069577
0.20833333333333331,1.4017999445398566,216.66666666666669,219.99999998719431,3471.8581905069577
0.20833333333333331,1.7522499306748207,270.83333333333337,219.99999998719431,3471.8581905069577
0.20833333333333331,2.102699916809785,325.0,219.99999998719431,3471.8581905069577
0.20833333333333331,2.453149902944749,379.16666666666674,219.99999998719431,3471.8581905069577
0.20833333333333331,2.803599889079713,433.33333333333337,219.99999998719431,3471.8581905069577
0.20833333333333331,3.1540498752146773,487.50000000000006,219.99999998719431,3471.8581905069577
0.20833333333333331,3.5044998613496414,541.6666666666667,219.99999998719431,3471.8581905069577
0.20833333333333331,3.8549498474846056,595.8333333333334,219.99999998719431,3471.8581905069577
0.20833333333333331,4.20539983361957,650.0,219.99999998719431,3471.8581905069577
0.20833333333333331,4.555849819754534,704.1666666666667,219.99999998719431,3471.8581905069577
0.20833333333333331,4.906299805889498,758.3333333333335,219.99999998719431,3471.8581905069577
0.20833333333333331,5.256749792024462,812.5000000000002,219.99999998719431,3471.8581905069577
0.20833333333333331,5.607199778159426,866.6666666666667,219.99999998719431,3471.8581905069577
0.20833333333333331,5.95764976429439,920.8333333333334,219.99999998719431,3471.8581905069577
0.20833333333333331,6.308099750429355,975.0000000000001,219.99999998719431,3471.8581905069577
0.20833333333333331,6.658549736564319,1029.1666666666667,219.99999998719431,3471.8581905069577
0.20833333333333331,7.008999722699283,1083.3333333333335,219.99999998719431,3471.8581905069577
0.20833333333333331,7.359449708834247,1137.5,219.99999998719431,3471.8581905069577
0.20833333333333331,7.709899694969211,1191.6666666666667,219.99999998719431,3471.8581905069577
0.20833333333333331,8.060349681104174,1245.8333333333335,219.99999998719431,3471.8581905069577
0.20833333333333331,8.41079966723914,1300.0,219.99999998719431,3471.8581905069577
0.20833333333333331,8.761249653374104,1354.166666666667,212.76038930285722,3357.608637543501
0.20833333333333331,9.111699639509068,1408.3333333333335,205.813341276953,3247.9760666799343
0.20833333333333331,9.462149625644031,1462.4999999999998,199.25764593295753,3144.519500426099
0.20833333333333331,9.812599611778996,1516.666666666667,193.06338370894082,3046.766772981317
0.20833333333333331,10.163049597913961,1570.8333333333337,187.20334521261975,2954.288488202578
0.20833333333333331,10.513499584048924,1625.0000000000005,181.65276511921547,2866.6938202004308
0.20833333333333331,10.863949570183888,1679.1666666666667,176.38908162945881,2783.6267173040146
0.20833333333333331,11.214399556318853,1733.3333333333335,171.3917193748057,2704.7624760505705
0.20833333333333331,11.564849542453818,1787.5000000000005,166.64189432282,2629.8046623634273
0.20833333333333331,11.91529952858878,1841.6666666666667,162.1224383392837,2558.4823429362023
0.20833333333333331,12.265749514723744,1895.8333333333335,157.81764189596288,2490.547602976754
0.20833333333333331,12.61619950085871,1950.0000000000002,153.71311295195483,2425.7733191892235
0.20833333333333331,12.966649486993674,2004.166666666667,149.7956505487673,2363.951164956036
0.20833333333333331,13.317099473128637,2058.3333333333335,146.05313140316866,2304.889820639981
0.20833333333333331,13.6675494592636,2112.5000000000005,142.47440838371404,2248.413371424651
0.20833333333333331,14.017999445398566,2166.666666666667,139.04921932145953,2194.3598682404904
0.20833333333333331,14.36844943153353,2220.833333333334,135.7681053353008,2142.5800388427847
0.20833333333333331,14.718899417668494,2275.0,132.62233741697855,2092.9361292368903
0.20833333333333331,15.069349403803457,2329.166666666667,129.60385049460456,2045.300863123289
0.20833333333333331,15.419799389938422,2383.3333333333335,126.70518418075517,1999.556506832969
0.20833333333333331,15.770249376073387,2437.5000000000005,123.91942937276326,1955.5940266173607
0.20833333333333331,16.12069936220835,2491.666666666667,121.24018023139797,1913.312330815546
0.20833333333333331,16.471149348343314,2545.8333333333335,118.66149087203667,1872.6175863901242
0.20833333333333331,16.82159933447828,2600.0,116.17783616646193,1833.4226003335664
0.20833333333333331,17.172049320613244,2654.166666666667,113.7840764503926,1795.6462627116362
0.20833333333333331,17.52249930674821,2708.333333333334,111.47542554768734,1759.2130420477947
0.20833333333333331,17.87294929288317,2762.5,109.24742180388421,1724.0525281984612
0.20833333333333331,18.223399279018135,2816.666666666667,107.09590184735134,1690.0990182731766
0.20833333333333331,18.5738492651531,2870.833333333334,105.01697671948932,1657.2911399411832
0.20833333333333331,18.924299251288062,2924.9999999999995,103.00701033556834,1625.571511518156
0.20833333333333331,19.274749237423027,2979.166666666667,101.0625996615272,1594.8864291328296
0.20833333333333331,19.625199223557992,3033.333333333334,99.18055691407062,1565.1855858236402
0.20833333333333331,19.975649209692957,3087.500000000001,97.35789311816916,1536.4218120567796
0.20833333333333331,20.326099195827922,3141.6666666666674,95.59180327807553,1508.550841707429
0.20833333333333331,20.676549181962883,3195.8333333333335,93.87965266243555,1481.5310956227145
0.20833333333333331,21.02699916809785,3250.000000000001,92.21896444680169,1455.3234866060675
0.20833333333333331,21.377449154232814,3304.1666666666674,90.60740822693333,1429.8912381436216
0.20833333333333331,21.727899140367775,3358.3333333333335,89.04278960777447,1405.1997201060644
0.20833333333333331,22.07834912650274,3412.500000000001,87.52304061199538,1381.2162973841669
0.20833333333333331,22.428799112637705,3466.666666666667,86.0462108568754,1357.910190649639
0.20833333333333331,22.77924909877267,3520.833333333334,84.61045948672108,1335.2523490392207
0.20833333333333331,23.129699084907635,3575.000000000001,83.21404769434594,1313.2153321348553
0.20833333333333331,23.480149071042597,3629.166666666667,81.85533188283443,1291.7732020483004
0.20833333333333331,23.83059905717756,3683.3333333333335,80.53275736514479,1270.9014239934647
0.20833333333333331,24.181049043312527,3737.5,79.24485248629935,1250.5767735276754
0.20833333333333331,24.531499029447488,3791.666666666667,77.99022324499674,1230.7772516744046
0.20833333333333331,24.881949015582453,3845.8333333333335,76.76754835061729,1211.4820069170155
0.20833333333333331,25.23239900171742,3900.0000000000005,75.57557457475923,1192.6712618405463
0.20833333333333331,25.582848987852383,3954.1666666666674,74.41311248694547,1174.3262458361603
0.20833333333333331,25.93329897398735,4008.333333333334,73.27903254888952,1156.4291334640768
0.20833333333333331,26.28374896012231,4062.5000000000005,72.1722613752354,1138.9629854436598
0.20833333333333331,26.634198946257275,4116.666666666667,71.09177835285664,1121.9116953019882
0.20833333333333331,26.98464893239224,4170.833333333334,70.03661252907477,1105.2599402662913
0.20833333333333331,27.3350989185272,4225.000000000001,69.00583958951756,1088.9931335710053
0.20833333333333331,27.685548904662166,4279.166666666667,67.99816281767562,1073.090811507793
0.20833333333333331,28.03599889079713,4333.333333333334,67.01168747153133,1057.5230728239585
0.20833333333333331,28.386448876932096,4387.500000000002,66.04570074821822,1042.2786686537274
0.20833333333333331,28.73689886306706,4441.666666666668,65.09958351845853,1027.3478284104906
0.20833333333333331,29.087348849202023,4495.833333333334,64.17273876839317,1012.7211305148992
0.20833333333333331,29.437798835336988,4550.0,63.26459090807475,998.3894914820747
0.20833333333333331,29.788248821471953,4604.166666666668,62.37458497751504,984.3441533921049
0.20833333333333331,30.138698807606914,4658.333333333334,61.502185891149566,970.576671966809
0.20833333333333331,30.48914879374188,4712.5,60.6468777207192,957.078905252768
0.20833333333333331,30.839598779876845,4766.666666666667,59.8081629909575,943.8430025064431
0.20833333333333331,31.19004876601181,4820.833333333334,58.98556188563816,930.8613916646736
0.20833333333333331,31.540498752146775,4875.000000000001,58.17861162009649,918.1267694423295
0.20833333333333331,31.890948738281736,4929.166666666668,57.386865724110976,905.6320900153406
0.20833333333333331,32.2413987244167,4983.333333333334,56.609893376007676,893.3705545120821
0.20833333333333331,32.591848710551666,5037.500000000001,55.84727881359868,881.3356017172925
0.20833333333333331,32.94229869668663,5091.666666666667,55.09862068109214,869.5208977655483
0.20833333333333331,33.292748682821596,5145.833333333334,54.3635314272251,857.9203266430915
0.20833333333333331,33.64319866895656,5200.0,53.64163683145307,846.5279827105473
0.20833333333333331,33.99364865509152,5254.166666666667,52.932575350860134,835.3381603963979
0.20833333333333331,34.34409864122649,5308.333333333334,52.23599771037698,824.3453477301424
0.20833333333333331,34.69454862736145,5362.5,51.55156632652506,813.5442172483033
0.20833333333333331,35.04499861349642,5416.666666666668,50.87895492063241,802.9296198905181
0.20833333333333331,35.39544859963138,5470.833333333334,50.21784800979355,792.4965769662897
0.20833333333333331,35.74589858576634,5525.0,49.56794052449969,782.2402741207414
0.20833333333333331,36.09634857190131,5579.166666666667,48.92893737499597,772.1560544912261
0.20833333333333331,36.44679855803627,5633.333333333334,48.300553108218594,762.2394132933911
0.20833333333333331,36.79724854417123,5687.5,47.68251148526042,752.4859911530891
0.20833333333333331,37.1476985303062,5741.666666666668,47.07454516678357,742.8915691418206
0.20833333333333331,37.49814851644116,5795.833333333334,46.4763954041803,733.4520639028894
0.20833333333333331,37.848598502576124,5849.999999999999,45.88781163007191,724.1635211889954
0.20833333333333331,38.19904848871109,5904.166666666667,45.30855125813115,715.022112703197
0.20833333333333331,38.549498474846054,5958.333333333334,44.73837933187484,706.0241305564454
0.20833333333333331,38.89994846098102,6012.500000000002,44.17706822683121,697.1659825674378
0.20833333333333331,39.250398447115984,6066.666666666668,43.624397459552114,688.4441892486044
0.20833333333333331,39.600848433250945,6120.833333333334,43.080153337856544,679.8553782865405
0.20833333333333331,39.951298419385914,6175.000000000002,42.54412881923409,671.3962823074485
0.20833333333333331,40.301748405520875,6229.166666666667,42.016123155339976,663.0637332668506
0.20833333333333331,40.652198391655844,6283.333333333335,41.49594176329704,654.8546604185838
0.20833333333333331,41.002648377790806,6337.500000000002,40.98339598396572,646.7660865000165
0.20833333333333331,41.35309836392577,6391.666666666667,40.47830282015455,638.7951236007032
0.20833333333333331,41.703548350060736,6445.833333333335,39.98048482703764,630.9389714330428
0.20833333333333331,42.0539983361957,6500.000000000002,0.0,0.0
0.24791666666666667,0.0,0.0,219.99999998719431,3471.8581905069577
0.24791666666666667,0.35044998613496414,54.16666666666667,219.99999998719431,3471.8581905069577
0.24791666666666667,0.7008999722699283,108.33333333333334,219.99999998719431,3471.8581905069577
0.24791666666666667,1.0513499584048924,162.5,219.99999998719431,3471.8581905069577
0.24791666666666667,1.4017999445398566,216.66666666666669,219.99999998719431,3471.8581905069577
0.24791666666666667,1.7522499306748207,270.83333333333337,219.99999998719431,3471.8581905069577
0.24791666666666667,2.102699916809785,325.0,219.99999998719431,3471.8581905069577
0.24791666666666667,2.453149902944749,379.16666666666674,219.99999998719431,3471.8581905069577
0.24791666666666667,2.803599889079713,433.33333333333337,219.99999998719431,3471.8581905069577
0.24791666666666667,3.1540498752146773,487.50000000000006,219.99999998719431,3471.8581905069577
0.24791666666666667,3.5044998613496414,541.6666666666667,219.99999998719431,3471.8581905069577
0.24791666666666667,3.8549498474846056,595.8333333333334,219.99999998719431,3471.8581905069577
0.24791666666666667,4.20539983361957,650.0,219.99999998719431,3471.8581905069577
0.24791666666666667,4.555849819754534,704.1666666666667,219.99999998719431,3471.8581905069577
0.24791666666666667,4.906299805889498,758.3333333333335,219.99999998719431,3471.8581905069577
0.24791666666666667,5.256749792024462,812.5000000000002,219.99999998719431,3471.8581905069577
0.24791666666666667,5.607199778159426,866.6666666666667,219.99999998719431,3471.8581905069577
0.24791666666666667,5.95764976429439,920.8333333333334,219.99999998719431,3471.8581905069577
0.24791666666666667,6.308099750429355,975.0000000000001,219.99999998719431,3471.8581905069577
0.24791666666666667,6.658549736564319,1029.1666666666667,219.99999998719431,3471.8581905069577
0.24791666666666667,7.008999722699283,1083.3333333333335,219.99999998719431,3471.8581905069577
0.24791666666666667,7.359449708834247,1137.5,219.99999998719431,3471.8581905069577
0.24791666666666667,7.709899694969211,1191.6666666666667,219.99999998719431,3471.8581905069577
0.24791666666666667,8.060349681104174,1245.8333333333335,219.99999998719431,3471.8581905069577
0.24791666666666667,8.41079966723914,1300.0,219.99999998719431,3471.8581905069577
0.24791666666666667,8.761249653374104,1354.166666666667,212.72316763177514,3357.021235890691
0.24791666666666667,9.111699639509068,1408.3333333333335,205.77829124522395,3247.4229360447384
0.24791666666666667,9.462149625644031,1462.4999999999998,199.22459988854825,3143.997995062676
0.24791666666666667,9.812599611778996,1516.666666666667,193.03218926419504,3046.274488033611
0.24791666666666667,10.163049597913961,1570.8333333333337,187.17386373318732,2953.8232358578425
0.24791666666666667,10.513499584048924,1625.0000000000005,181.62487040506676,2866.2536088740912
0.24791666666666667,10.863949570183888,1679.1666666666667,176.36265864712186,2783.2097316328804
0.24791666666666667,11.214399556318853,1733.3333333333335,171.36666319449432,2704.3670601194713
0.24791666666666667,11.564849542453818,1787.5000000000005,166.6181091067847,2629.4293037402
0.24791666666666667,11.91529952858878,1841.6666666666667,162.0998364710249,2558.125658929658
0.24791666666666667,12.265749514723744,1895.8333333333335,157.7961431350559,2490.2083272988225
0.24791666666666667,12.61619950085871,1950.0000000000002,153.69264378095977,2425.450291648423
0.24791666666666667,12.966649486993674,2004.166666666667,149.7761434817221,2363.643320544683
0.24791666666666667,13.317099473128637,2058.3333333333335,146.0345244477503,2304.5961810464655
0.24791666666666667,13.6675494592636,2112.5000000000005,142.45664450339973,2248.1330365457056
0.24791666666666667,14.017999445398566,2166.666666666667,139.03224600013345,2194.092009310175
0.24791666666666667,14.36844943153353,2220.833333333334,135.75187412905507,2142.323891359379
0.24791666666666667,14.718899417668494,2275.0,132.60680359555408,2092.69098730441
0.24791666666666667,15.069349403803457,2329.166666666667,129.58897272124887,2045.0660743992685
0.24791666666666667,15.419799389938422,2383.3333333333335,126.69092419208027,1999.33146747624
0.24791666666666667,15.770249376073387,2437.5000000000005,123.90575172263198,1955.3781772462792
0.24791666666666667,16.12069936220835,2491.666666666667,121.22705204761587,1913.105152668305
0.24791666666666667,16.471149348343314,2545.8333333333335,118.64888162584975,1872.4185976871572
0.24791666666666667,16.82159933447828,2600.0,116.16571746766567,1833.2313530441274
0.24791666666666667,17.172049320613244,2654.166666666667,113.7724218936637,1795.4623401287345
0.24791666666666667,17.52249930674821,2708.333333333334,111.46421052049845,1759.036055756864
0.24791666666666667,17.87294929288317,2762.5,109.23662337125279,1723.8821162585605
0.24791666666666667,18.223399279018135,2816.666666666667,107.08549857256003,1689.9348423877475
0.24791666666666667,18.5738492651531,2870.833333333334,105.00694860005751,1657.1328844476068
0.24791666666666667,18.924299251288062,2924.9999999999995,102.99733864958398,1625.418880962689
0.24791666666666667,19.274749237423027,2979.166666666667,101.05326689081267,1594.7391470580694
0.24791666666666667,19.625199223557992,3033.333333333334,99.17154661612585,1565.043392747639
0.24791666666666667,19.975649209692957,3087.500000000001,97.3491899005603,1536.2844650688667
0.24791666666666667,20.326099195827922,3141.6666666666674,95.58339267037809,1508.4181124473237
0.24791666666666667,20.676549181962883,3195.8333333333335,93.87152109062299,1481.4027698763475
0.24791666666666667,21.02699916809785,3250.000000000001,92.2110991308,1455.1993626888718
0.24791666666666667,21.377449154232814,3304.1666666666674,90.59979715500958,1429.7711264963555
0.24791666666666667,21.727899140367775,3358.3333333333335,89.03542144689709,1405.083441880189
0.24791666666666667,22.07834912650274,3412.500000000001,87.51590468222275,1381.1036840376692
0.24791666666666667,22.428799112637705,3466.666666666667,86.0392970929388,1357.8010833407666
0.24791666666666667,22.77924909877267,3520.833333333334,84.60375837399624,1335.1465976160364
0.24791666666666667,23.129699084907635,3575.000000000001,83.20755024324171,1313.1127947310601
0.24791666666666667,23.480149071042597,3629.166666666667,81.84902961598709,1291.6737448811461
0.24791666666666667,23.83059905717756,3683.3333333333335,80.5266422405839,1270.8049201512194
0.24791666666666667,24.181049043312527,3737.5,79.2389168846421,1250.4831027675364
0.24791666666666667,24.531499029447488,3791.666666666667,77.98445998225361,1230.6863006245865
0.24791666666666667,24.881949015582453,3845.8333333333335,76.7619505757466,1211.3936674600402
0.24791666666666667,25.23239900171742,3900.0000000000005,75.57013580808416,1192.5854317195092
0.24791666666666667,25.582848987852383,3954.1666666666674,74.40782659454271,1174.2428282505525
0.24791666666666667,25.93329897398735,4008.333333333334,73.27389366575517,1156.3480358572538
0.24791666666666667,26.28374896012231,4062.5000000000005,72.16726394370198,1138.8841201091063
0.24791666666666667,26.634198946257275,4116.666666666667,71.08691709698178,1121.8349789791416
0.24791666666666667,26.98464893239224,4170.833333333334,70.03188241622411,1105.1852935342752
0.24791666666666667,27.3350989185272,4225.000000000001,69.00123584317043,1088.9204810507179
0.24791666666666667,27.685548904662166,4279.166666666667,67.99409721745178,1073.0266515648962
0.24791666666666667,28.03599889079713,4333.333333333334,67.00938882539049,1057.4867974901783
0.24791666666666667,28.386448876932096,4387.500000000002,66.0452036827337,1042.2708243770285
0.24791666666666667,28.73689886306706,4441.666666666668,65.10076319100335,1027.3664450277045
0.24791666666666667,29.087348849202023,4495.833333333334,64.17547799414024,1012.7643587119271
0.24791666666666667,29.437798835336988,4550.0,63.26877958374098,998.4555936998929
0.24791666666666667,29.788248821471953,4604.166666666668,62.38011962035671,984.4314965515706
0.24791666666666667,30.138698807606914,4658.333333333334,61.50896919076331,970.6837203955545
0.24791666666666667,30.48914879374188,4712.5,60.654818180482835,957.2042150267151
0.24791666666666667,30.839598779876845,4766.666666666667,59.81717453105375,943.9852151850524
0.24791666666666667,31.19004876601181,4820.833333333334,58.9955635741353,931.0192300470815
0.24791666666666667,31.540498752146775,4875.000000000001,58.189527314389125,918.2990319088622
0.24791666666666667,31.890948738281736,4929.166666666668,57.3986238532234,905.8176470920059
0.24791666666666667,32.2413987244167,4983.333333333334,56.622426697285846,893.5683450308838
0.24791666666666667,32.591848710551666,5037.500000000001,55.860524143790826,881.5446285723664
0.24791666666666667,32.94229869668663,5091.666666666667,55.11251870426349,869.7402248818307
0.24791666666666667,33.292748682821596,5145.833333333334,54.37802650267258,858.1490759449882
0.24791666666666667,33.64319866895656,5200.0,53.65667675039731,846.7653302822481
0.24791666666666667,33.99364865509152,5254.166666666667,52.94811122119427,835.5833346630769
0.24791666666666667,34.34409864122649,5308.333333333334,52.25198371335864,824.5976256182722
0.24791666666666667,34.69454862736145,5362.5,51.56795962713659,813.8029227710344
0.24791666666666667,35.04499861349642,5416.666666666668,50.89571541757779,803.1941202023371
0.24791666666666667,35.39544859963138,5470.833333333334,50.23493826282138,792.7662812160895
0.24791666666666667,35.74589858576634,5525.0,49.58532554992962,782.5146302249897
0.24791666666666667,36.09634857190131,5579.166666666667,48.94658454231032,772.4345475020586
0.24791666666666667,36.44679855803627,5633.333333333334,48.31843196391047,762.5215626187289
0.24791666666666667,36.79724854417123,5687.5,47.70059366989993,752.7713492478463
0.24791666666666667,37.1476985303062,5741.666666666668,47.092804263970415,743.1797191241982
0.24791666666666667,37.49814851644116,5795.833333333334,46.494806808446896,733.7426174697323
0.24791666666666667,37.848598502576124,5849.999999999999,45.906352479811886,724.4561175573248
0.24791666666666667,38.19904848871109,5904.166666666667,45.32720028988726,715.3164163107025
0.24791666666666667,38.549498474846054,5958.333333333334,44.75711676438583,706.3198292316097
0.24791666666666667,38.89994846098102,6012.500000000002,44.19587574200989,697.4627872293469
0.24791666666666667,39.250398447115984,6066.666666666668,43.643258025256344,688.7418311100663
0.24791666666666667,39.600848433250945,6120.833333333334,43.0990511736296,680.1536083134284
0.24791666666666667,39.951298419385914,6175.000000000002,42.563049285414756,671.6948694687276
0.24791666666666667,40.301748405520875,6229.166666666667,42.03505271338275,663.3624639083837
0.24791666666666667,40.652198391655844,6283.333333333335,41.514867871986226,655.1533366252692
0.24791666666666667,41.002648377790806,6337.500000000002,41.00230703269167,647.0645250428079
0.24791666666666667,41.35309836392577,6391.666666666667,40.497188108151136,639.0931556089523
0.24791666666666667,41.703548350060736,6445.833333333335,39.99933444725645,631.2364405618993
0.24791666666666667,42.0539983361957,6500.000000000002,0.0,0.0
0.2875,0.0,0.0,219.99999998719431,3471.8581905069577
0.2875,0.35044998613496414,54.16666666666667,219.99999998719431,3471.8581905069577
0.2875,0.7008999722699283,108.33333333333334,219.99999998719431,3471.8581905069577
0.2875,1.0513499584048924,162.5,219.99999998719431,3471.8581905069577
0.2875,1.4017999445398566,216.66666666666669,219.99999998719431,3471.8581905069577
0.2875,1.7522499306748207,270.83333333333337,219.99999998719431,3471.8581905069577
0.2875,2.102699916809785,325.0,219.99999998719431,3471.8581905069577
0.2875,2.453149902944749,379.16666666666674,219.99999998719431,3471.8581905069577
0.2875,2.803599889079713,433.33333333333337,219.99999998719431,3471.8581905069577
0.2875,3.1540498752146773,487.50000000000006,219.99999998719431,3471.8581905069577
0.2875,3.5044998613496414,541.6666666666667,219.99999998719431,3471.8581905069577
0.2875,3.8549498474846056,595.8333333333334,219.99999998719431,3471.8581905069577
0.2875,4.20539983361957,650.0,219.99999998719431,3471.8581905069577
0.2875,4.555849819754534,704.1666666666667,219.99999998719431,3471.8581905069577
0.2875,4.906299805889498,758.3333333333335,219.99999998719431,3471.8581905069577
0.2875,5.256749792024462,812.5000000000002,219.99999998719431,3471.8581905069577
0.2875,5.607199778159426,866.6666666666667,219.99999998719431,3471.8581905069577
0.2875,5.95764976429439,920.8333333333334,219.99999998719431,3471.8581905069577
0.2875,6.308099750429355,975.0000000000001,219.99999998719431,3471.8581905069577
0.2875,6.658549736564319,1029.1666666666667,219.99999998719431,3471.8581905069577
0.2875,7.008999722699283,1083.3333333333335,219.99999998719431,3471.8581905069577
0.2875,7.359449708834247,1137.5,219.99999998719431,3471.8581905069577
0.2875,7.709899694969211,1191.6666666666667,219.99999998719431,3471.8581905069577
0.2875,8.060349681104174,1245.8333333333335,219.99999998719431,3471.8581905069577
0.2875,8.41079966723914,1300.0,219.99999998719431,3471.8581905069577
0.2875,8.761249653374104,1354.166666666667,212.6859896152746,3356.4345231584102
0.2875,9.111699639509068,1408.3333333333335,205.7432821020484,3246.870450678903
0.2875,9.462149625644031,1462.4999999999998,199.1915921587497,3143.477094348778
0.2875,9.812599611778996,1516.666666666667,193.00103077781387,3045.7827705510995
0.2875,10.163049597913961,1570.8333333333337,187.14441604795866,2953.3585168253035
0.2875,10.513499584048924,1625.0000000000005,181.5970074874349,2865.8138993341045
0.2875,10.863949570183888,1679.1666666666667,176.33626563008875,2782.7932188494074
0.2875,11.214399556318853,1733.3333333333335,171.34163528913632,2703.972090400319
0.2875,11.564849542453818,1787.5000000000005,166.5943506034091,2629.054366674093
0.2875,11.91529952858878,1841.6666666666667,162.07725984277204,2557.7693732400294
0.2875,12.265749514723744,1895.8333333333335,157.77466826955788,2489.869428718487
0.2875,12.61619950085871,1950.0000000000002,153.6721972504165,2425.1276214005215
0.2875,12.966649486993674,2004.166666666667,149.75665788981132,2363.3358150361546
0.2875,13.317099473128637,2058.3333333333335,146.01593789178878,2304.3028633803196
0.2875,13.6675494592636,2112.5000000000005,142.4389000236988,2247.853007831208
0.2875,14.017999445398566,2166.666666666667,139.01529111899436,2193.8244413876505
0.2875,14.36844943153353,2220.833333333334,135.73566047940403,2142.0680209396414
0.2875,14.718899417668494,2275.0,132.59128651116043,2092.4461095019196
0.2875,15.069349403803457,2329.166666666667,129.57411091658287,2044.8315376799121
0.2875,15.419799389938422,2383.3333333333335,126.67667945497669,1999.1066688072058
0.2875,15.770249376073387,2437.5000000000005,123.89208864537068,1955.1625578521887
0.2875,16.12069936220835,2491.666666666667,121.21393780922517,1912.8981945957066
0.2875,16.471149348343314,2545.8333333333335,118.63628572318703,1872.219819560662
0.2875,16.82159933447828,2600.0,116.15361154894345,1833.0403074392557
0.2875,17.172049320613244,2654.166666666667,113.76077959197573,1795.2786109447616
0.2875,17.52249930674821,2708.333333333334,111.45300724892877,1758.8592549834004
0.2875,17.87294929288317,2762.5,109.22583622043021,1723.711882358843
0.2875,18.223399279018135,2816.666666666667,107.07510614418425,1689.7708376714847
0.2875,18.5738492651531,2870.833333333334,104.99693090445362,1656.9747934542686
0.2875,18.924299251288062,2924.9999999999995,102.9876769776456,1625.2664084406201
0.2875,19.274749237423027,2979.166666666667,101.04394374997355,1594.5920169540445
0.2875,19.625199223557992,3033.333333333334,99.162545602303,1564.9013461859772
0.2875,19.975649209692957,3087.500000000001,97.34049563412555,1536.1472593409862
0.2875,20.326099195827922,3141.6666666666674,95.5749906937126,1508.2855193950318
0.2875,20.676549181962883,3195.8333333333335,93.86339784250595,1481.2745754876642
0.2875,21.02699916809785,3250.000000000001,92.20324184396304,1455.075365481319
0.2875,21.377449154232814,3304.1666666666674,90.59219381771982,1429.6511369106909
0.2875,21.727899140367775,3358.3333333333335,89.0280607517343,1404.9672814720516
0.2875,22.07834912650274,3412.500000000001,87.50877597485669,1380.991184669224
0.2875,22.428799112637705,3466.666666666667,86.03239029529504,1357.6920859681709
0.2875,22.77924909877267,3520.833333333334,84.59706399706192,1335.040952491531
0.2875,23.129699084907635,3575.000000000001,83.20105932303704,1313.010360392525
0.2875,23.480149071042597,3629.166666666667,81.84273367514834,1291.5743875458313
0.2875,23.83059905717756,3683.3333333333335,80.52053323714063,1270.7085129073942
0.2875,24.181049043312527,3737.5,79.23298722482286,1250.389525776575
0.2875,24.531499029447488,3791.666666666667,77.97870245645754,1230.5954401105262
0.2875,24.881949015582453,3845.8333333333335,76.75635838415474,1211.3054161137575
0.2875,25.23239900171742,3900.0000000000005,75.56470245821401,1192.4996870820107
0.2875,25.582848987852383,3954.1666666666674,74.4025459268596,1174.1594931171524
0.2875,25.93329897398735,4008.333333333334,73.26875986647792,1156.267018479662
0.2875,26.28374896012231,4062.5000000000005,72.16227145516314,1138.8053327808082
0.2875,26.634198946257275,4116.666666666667,71.08206064323895,1121.7583384395741
0.2875,26.98464893239224,4170.833333333334,70.02715697744861,1105.1107205646506
0.2875,27.3350989185272,4225.000000000001,68.99663663003594,1088.8479000698458
0.2875,27.685548904662166,4279.166666666667,67.98961968393996,1072.9559908312726
0.2875,28.03599889079713,4333.333333333334,67.00526759726927,1057.4217596737763
0.2875,28.386448876932096,4387.500000000002,66.04266454582103,1042.2307538166306
0.2875,28.73689886306706,4441.666666666668,65.09997693472542,1027.354036980893
0.2875,29.087348849202023,4495.833333333334,64.17632511584088,1012.7777272865403
0.2875,29.437798835336988,4550.0,63.271147726336494,998.4929657692884
0.2875,29.788248821471953,4604.166666666668,62.38390309852548,984.4912042773417
0.2875,30.138698807606914,4658.333333333334,61.51406855555251,970.7641943565127
0.2875,30.48914879374188,4712.5,60.66113979672082,957.3039775499622
0.2875,30.839598779876845,4766.666666666667,59.82463019317947,944.1028742833176
0.2875,31.19004876601181,4820.833333333334,59.00407022447325,931.1534749727693
0.2875,31.540498752146775,4875.000000000001,58.19900676142424,918.4486287080997
0.2875,31.890948738281736,4929.166666666668,57.409002451458946,905.981433552425
0.2875,32.2413987244167,4983.333333333334,56.63363512954675,893.7452272461112
0.2875,32.591848710551666,5037.500000000001,55.87249719072133,881.7335773044276
0.2875,32.94229869668663,5091.666666666667,55.125195026630536,869.94027212564
0.2875,33.292748682821596,5145.833333333334,54.391348449280486,858.3593118970193
0.2875,33.64319866895656,5200.0,53.6705901788082,846.9849005112898
0.2875,33.99364865509152,5254.166666666667,52.9625652928371,835.8114368768144
0.2875,34.34409864122649,5308.333333333334,52.26693075266667,824.8335074403104
0.2875,34.69454862736145,5362.5,51.58335491665639,814.0458785074784
0.2875,35.04499861349642,5416.666666666668,50.91151710988926,803.4434894517856
0.2875,35.39544859963138,5470.833333333334,50.251107147860736,793.0214451977191
0.2875,35.74589858576634,5525.0,49.6018249743388,782.775010505794
0.2875,36.09634857190131,5579.166666666667,48.963380242171525,772.6996033572033
0.2875,36.44679855803627,5633.333333333334,48.335491936139235,762.7907890019823
0.2875,36.79724854417123,5687.5,47.717888049762365,753.0442748586581
0.2875,37.1476985303062,5741.666666666668,47.11030519637384,743.4559043765158
0.2875,37.49814851644116,5795.833333333334,46.512488313352605,734.0216523680548
0.2875,37.848598502576124,5849.999999999999,45.924190371006766,724.7376204148244
0.2875,38.19904848871109,5904.166666666667,45.3451720391122,715.6000316050114
0.2875,38.549498474846054,5958.333333333334,44.77520144104646,706.6052266533849
0.2875,38.89994846098102,6012.500000000002,44.21405385243137,697.7496591455215
0.2875,39.250398447115984,6066.666666666668,43.66151147272596,689.0298919332757
0.2875,39.600848433250945,6120.833333333334,43.11736316390427,680.4425930108073
0.2875,39.951298419385914,6175.000000000002,42.58140420288744,671.98453160767
0.2875,40.301748405520875,6229.166666666667,42.05343609115109,663.6525751841925
0.2875,40.652198391655844,6283.333333333335,41.53326629739509,655.4436853705051
0.2875,41.002648377790806,6337.500000000002,41.0207080786635,647.3549151436029
0.2875,41.35309836392577,6391.666666666667,40.515580267426195,639.383405467243
0.2875,41.703548350060736,6445.833333333335,40.017707069395854,631.5263821012607
0.2875,42.0539983361957,6500.000000000002,0.0,0.0
0.32708333333333334,0.0,0.0,219.99999998719431,3471.8581905069577
0.32708333333333334,0.35044998613496414,54.16666666666667,219.99999998719431,3471.8581905069577
0.32708333333333334,0.7008999722699283,108.33333333333334,219.99999998719431,3471.8581905069577
0.32708333333333334,1.0513499584048924,162.5,219.99999998719431,3471.8581905069577
0.32708333333333334,1.4017999445398566,216.66666666666669,219.99999998719431,3471.8581905069577
0.32708333333333334,1.7522499306748207,270.83333333333337,219.99999998719431,3471.8581905069577
0.32708333333333334,2.102699916809785,325.0,219.99999998719431,3471.8581905069577
0.32708333333333334,2.453149902944749,379.16666666666674,219.99999998719431,3471.8581905069577
0.32708333333333334,2.803599889079713,433.33333333333337,219.99999998719431,3471.8581905069577
0.32708333333333334,3.1540498752146773,487.50000000000006,219.99999998719431,3471.8581905069577
0.32708333333333334,3.5044998613496414,541.6666666666667,219.99999998719431,3471.8581905069577
0.32708333333333334,3.8549498474846056,595.8333333333334,219.99999998719431,3471.8581905069577
0.32708333333333334,4.20539983361957,650.0,219.99999998719431,3471.8581905069577
0.32708333333333334,4.555849819754534,704.1666666666667,219.99999998719431,3471.8581905069577
0.32708333333333334,4.906299805889498,758.3333333333335,219.99999998719431,3471.8581905069577
0.32708333333333334,5.256749792024462,812.5000000000002,219.99999998719431,3471.8581905069577
0.32708333333333334,5.607199778159426,866.6666666666667,219.99999998719431,3471.8581905069577
0.32708333333333334,5.95764976429439,920.8333333333334,219.99999998719431,3471.8581905069577
0.32708333333333334,6.308099750429355,975.0000000000001,219.99999998719431,3471.8581905069577
0.32708333333333334,6.658549736564319,1029.1666666666667,219.99999998719431,3471.8581905069577
0.32708333333333334,7.008999722699283,1083.3333333333335,219.99999998719431,3471.8581905069577
0.32708333333333334,7.359449708834247,1137.5,219.99999998719431,3471.8581905069577
0.32708333333333334,7.709899694969211,1191.6666666666667,219.99999998719431,3471.8581905069577
0.32708333333333334,8.060349681104174,1245.8333333333335,219.99999998719431,3471.8581905069577
0.32708333333333334,8.41079966723914,1300.0,219.99999998719431,3471.8581905069577
0.32708333333333334,8.761249653374104,1354.166666666667,212.65647320193239,3355.9687195155816
0.32708333333333334,9.111699639509068,1408.3333333333335,205.71548741310835,3246.431817867746
0.32708333333333334,9.462149625644031,1462.4999999999998,199.16538629680872,3143.063535092303
0.32708333333333334,9.812599611778996,1516.666666666667,192.97629293403588,3045.392378344094
0.32708333333333334,10.163049597913961,1570.8333333333337,187.12103633675724,2952.989557544254
0.32708333333333334,10.513499584048924,1625.0000000000005,181.5748858707957,2865.4647942617376
0.32708333333333334,10.863949570183888,1679.1666666666667,176.31531091872603,2782.4625289117776
0.32708333333333334,11.214399556318853,1733.3333333333335,171.3217642973177,2703.658502828942
0.32708333333333334,11.564849542453818,1787.5000000000005,166.57548735500313,2628.7566824764494
0.32708333333333334,11.91529952858878,1841.6666666666667,162.0593348669354,2557.4864960846808
0.32708333333333334,12.265749514723744,1895.8333333333335,157.75761797325686,2489.6003550327296
0.32708333333333334,12.61619950085871,1950.0000000000002,153.65596334217116,2424.871431276391
0.32708333333333334,12.966649486993674,2004.166666666667,149.74118686746806,2363.091664146877
0.32708333333333334,13.317099473128637,2058.3333333333335,146.00118060712703,2304.0699761092947
0.32708333333333334,13.6675494592636,2112.5000000000005,142.4248112598434,2247.630670603079
0.32708333333333334,14.017999445398566,2166.666666666667,139.00182924466208,2193.6119972119104
0.32708333333333334,14.36844943153353,2220.833333333334,135.72278707753867,2141.864863550057
0.32708333333333334,14.718899417668494,2275.0,132.5789661228191,2092.251679314758
0.32708333333333334,15.069349403803457,2329.166666666667,129.56231075921096,2044.645317347988
0.32708333333333334,15.419799389938422,2383.3333333333335,126.66536920471117,1998.9281797843723
0.32708333333333334,15.770249376073387,2437.5000000000005,123.88124020653777,1954.991356755741
0.32708333333333334,16.12069936220835,2491.666666666667,121.20352509664372,1912.7338697708726
0.32708333333333334,16.471149348343314,2545.8333333333335,118.62628453411162,1872.061989059715
0.32708333333333334,16.82159933447828,2600.0,116.14399938378483,1832.8886161922721
0.32708333333333334,17.172049320613244,2654.166666666667,113.7515355006326,1795.1327283345552
0.32708333333333334,17.52249930674821,2708.333333333334,111.44411174114794,1758.7188734309032
0.32708333333333334,17.87294929288317,2762.5,109.21727107372135,1723.5767142917712
0.32708333333333334,18.223399279018135,2816.666666666667,107.0668543910142,1689.6406153222522
0.32708333333333334,18.5738492651531,2870.833333333334,104.98897667857818,1656.8492664349214
0.32708333333333334,18.924299251288062,2924.9999999999995,102.98000542446971,1625.1453423282146
0.32708333333333334,19.274749237423027,2979.166666666667,101.03654097532853,1594.4751924822936
0.32708333333333334,19.625199223557992,3033.333333333334,99.15539858280681,1564.7885578306273
0.32708333333333334,19.975649209692957,3087.500000000001,97.33359215315431,1536.0383143093752
0.32708333333333334,20.326099195827922,3141.6666666666674,95.5683192901779,1508.180236817734
0.32708333333333334,20.676549181962883,3195.8333333333335,93.85694774682634,1481.1727854080455
0.32708333333333334,21.02699916809785,3250.000000000001,92.19700291403569,1454.976907845094
0.32708333333333334,21.377449154232814,3304.1666666666674,90.58615652611479,1429.5558613638336
0.32708333333333334,21.727899140367775,3358.3333333333335,89.02221610886045,1404.8750461482637
0.32708333333333334,22.07834912650274,3412.500000000001,87.50311551615596,1380.9018559878452
0.32708333333333334,22.428799112637705,3466.666666666667,86.02690604282543,1357.605538027914
0.32708333333333334,22.77924909877267,3520.833333333334,84.59174840827473,1334.9570662621254
0.32708333333333334,23.129699084907635,3575.000000000001,83.19590527797118,1312.9290235126282
0.32708333333333334,23.480149071042597,3629.166666666667,81.8377344252076,1291.4954935146761
0.32708333333333334,23.83059905717756,3683.3333333333335,80.51568241789937,1270.6319612868742
0.32708333333333334,24.181049043312527,3737.5,79.22827881760895,1250.3152215849802
0.32708333333333334,24.531499029447488,3791.666666666667,77.97413072432391,1230.5232928120995
0.32708333333333334,24.881949015582453,3845.8333333333335,76.75191791029647,1211.23534022496
0.32708333333333334,25.23239900171742,3900.0000000000005,75.56038810755126,1192.431601565256
0.32708333333333334,25.582848987852383,3954.1666666666674,74.39835282042623,1174.0933209766285
0.32708333333333334,25.93329897398735,4008.333333333334,73.26468335581012,1156.2026863571552
0.32708333333333334,26.28374896012231,4062.5000000000005,72.15830714791082,1138.7427713598786
0.32708333333333334,26.634198946257275,4116.666666666667,71.07820435194299,1121.697481637203
0.32708333333333334,26.98464893239224,4170.833333333334,70.02340471954085,1105.0515055312383
0.32708333333333334,27.3350989185272,4225.000000000001,68.9929846022278,1088.7902667850353
0.32708333333333334,27.685548904662166,4279.166666666667,67.9860642622225,1072.899882103949
0.32708333333333334,28.03599889079713,4333.333333333334,67.00180534971878,1057.3671213441562
0.32708333333333334,28.386448876932096,4387.500000000002,66.03940843138844,1042.1793685095272
0.32708333333333334,28.73689886306706,4441.666666666668,65.09794814279303,1027.3220202632217
0.32708333333333334,29.087348849202023,4495.833333333334,64.1756462608464,1012.7670141580273
0.32708333333333334,29.437798835336988,4550.0,63.27172800316475,998.5021232186477
0.32708333333333334,29.788248821471953,4604.166666666668,62.38565702922642,984.5188833622053
0.32708333333333334,30.138698807606914,4658.333333333334,61.516915656393394,970.8091249491227
0.32708333333333334,30.48914879374188,4712.5,60.66500419401564,957.3649622745085
0.32708333333333334,30.839598779876845,4766.666666666667,59.82944041839801,944.1787852825182
0.32708333333333334,31.19004876601181,4820.833333333334,59.009758855681866,931.2432482493855
0.32708333333333334,31.540498752146775,4875.000000000001,58.205510231200606,918.5512610936048
0.32708333333333334,31.890948738281736,4929.166666666668,57.41626085480675,906.0959796756729
0.32708333333333334,32.2413987244167,4983.333333333334,56.641591967782006,893.8707954915623
0.32708333333333334,32.591848710551666,5037.500000000001,55.881099256221205,881.8693279933492
0.32708333333333334,32.94229869668663,5091.666666666667,55.134392185136676,870.0854140805984
0.32708333333333334,33.292748682821596,5145.833333333334,54.40109352464788,858.51310062308
0.32708333333333334,33.64319866895656,5200.0,53.68083878653124,847.1466355688652
0.32708333333333334,33.99364865509152,5254.166666666667,52.973275686381385,835.9804594565982
0.32708333333333334,34.34409864122649,5308.333333333334,52.278063708217815,825.0091985444789
0.32708333333333334,34.69454862736145,5362.5,51.59487364348024,814.227657535069
0.32708333333333334,35.04499861349642,5416.666666666668,50.923387042799476,803.6308109235923
0.32708333333333334,35.39544859963138,5470.833333333334,50.26329593182141,793.213798513304
0.32708333333333334,35.74589858576634,5525.0,49.6143022805976,782.9719170418514
0.32708333333333334,36.09634857190131,5579.166666666667,48.976117687772756,772.9006151973821
0.32708333333333334,36.44679855803627,5633.333333333334,48.34846297238013,762.9954871765956
0.32708333333333334,36.79724854417123,5687.5,47.73106785596113,753.2522676682179
0.32708333333333334,37.1476985303062,5741.666666666668,47.12367060265696,743.6668261732259
0.32708333333333334,37.49814851644116,5795.833333333334,46.52601769137419,734.2351618312341
0.32708333333333334,37.848598502576124,5849.999999999999,45.93786354150908,724.9533990921037
0.32708333333333334,38.19904848871109,5904.166666666667,45.358970207074194,715.8177828889008
0.32708333333333334,38.549498474846054,5958.333333333334,44.78910708750922,706.8246740741523
0.32708333333333334,38.89994846098102,6012.500000000002,44.22805067705044,697.9705454646016
0.32708333333333334,39.250398447115984,6066.666666666668,43.6755842934434,689.2519775599767
0.32708333333333334,39.600848433250945,6120.833333333334,43.13149787736347,680.6656553776102
0.32708333333333334,39.951298419385914,6175.000000000002,42.59558771309823,672.2083640444805
0.32708333333333334,40.301748405520875,6229.166666666667,42.06765621912707,663.8769854923122
0.32708333333333334,40.652198391655844,6283.333333333335,41.547511738563344,655.6684951505064
0.32708333333333334,41.002648377790806,6337.500000000002,41.0349683620945,647.5799591519291
0.32708333333333334,41.35309836392577,6391.666666666667,40.52984568444073,639.6085304895421
0.32708333333333334,41.703548350060736,6445.833333333335,40.03196861586461,631.7514460418047
0.32708333333333334,42.0539983361957,6500.000000000002,0.0,0.0
0.36666666666666664,0.0,0.0,219.99999998719431,3471.8581905069577
0.36666666666666664,0.35044998613496414,54.16666666666667,219.99999998719431,3471.8581905069577
0.36666666666666664,0.7008999722699283,108.33333333333334,219.99999998719431,3471.8581905069577
0.36666666666666664,1.0513499584048924,162.5,219.99999998719431,3471.8581905069577
0.36666666666666664,1.4017999445398566,216.66666666666669,219.99999998719431,3471.8581905069577
0.36666666666666664,1.7522499306748207,270.83333333333337,219.99999998719431,3471.8581905069577
0.36666666666666664,2.102699916809785,325.0,219.99999998719431,3471.8581905069577
0.36666666666666664,2.453149902944749,379.16666666666674,219.99999998719431,3471.8581905069577
0.36666666666666664,2.803599889079713,433.33333333333337,219.99999998719431,3471.8581905069577
0.36666666666666664,3.1540498752146773,487.50000000000006,219.99999998719431,3471.8581905069577
0.36666666666666664,3.5044998613496414,541.6666666666667,219.99999998719431,3471.8581905069577
0.36666666666666664,3.8549498474846056,595.8333333333334,219.99999998719431,3471.8581905069577
0.36666666666666664,4.20539983361957,650.0,219.99999998719431,3471.8581905069577
0.36666666666666664,4.555849819754534,704.1666666666667,219.99999998719431,3471.8581905069577
0.36666666666666664,4.906299805889498,758.3333333333335,219.99999998719431,3471.8581905069577
0.36666666666666664,5.256749792024462,812.5000000000002,219.99999998719431,3471.8581905069577
0.36666666666666664,5.607199778159426,866.6666666666667,219.99999998719431,3471.8581905069577
0.36666666666666664,5.95764976429439,920.8333333333334,219.99999998719431,3471.8581905069577
0.36666666666666664,6.308099750429355,975.0000000000001,219.99999998719431,3471.8581905069577
0.36666666666666664,6.658549736564319,1029.1666666666667,219.99999998719431,3471.8581905069577
0.36666666666666664,7.008999722699283,1083.3333333333335,219.99999998719431,3471.8581905069577
0.36666666666666664,7.359449708834247,1137.5,219.99999998719431,3471.8581905069577
0.36666666666666664,7.709899694969211,1191.6666666666667,219.99999998719431,3471.8581905069577
0.36666666666666664,8.060349681104174,1245.8333333333335,219.99999998719431,3471.8581905069577
0.36666666666666664,8.41079966723914,1300.0,219.99359916779213,3471.7571780648273
0.36666666666666664,8.761249653374104,1354.166666666667,212.63049702276476,3355.5587849228245
0.36666666666666664,9.111699639509068,1408.3333333333335,205.69102632580325,3246.0457932026825
0.36666666666666664,9.462149625644031,1462.4999999999998,199.14232337265275,3142.6995750826095
0.36666666666666664,9.812599611778996,1516.666666666667,192.95452184742317,3045.048805046926
0.36666666666666664,10.163049597913961,1570.8333333333337,187.10046041756868,2952.6648453916805
0.36666666666666664,10.513499584048924,1625.0000000000005,181.55541706713848,2865.157553691553
0.36666666666666664,10.863949570183888,1679.1666666666667,176.2968690029811,2782.171493837999
0.36666666666666664,11.214399556318853,1733.3333333333335,171.30427607218735,2703.382518112306
0.36666666666666664,11.564849542453818,1787.5000000000005,166.55888596200384,2628.494693011623
0.36666666666666664,11.91529952858878,1841.6666666666667,162.04355917172506,2557.237537099999
0.36666666666666664,12.265749514723744,1895.8333333333335,157.74261202779599,2489.363543602468
0.36666666666666664,12.61619950085871,1950.0000000000002,153.64167582127266,2424.6459574288615
0.36666666666666664,12.966649486993674,2004.166666666667,149.72757073584944,2362.876785610123
0.36666666666666664,13.317099473128637,2058.3333333333335,145.98819259437732,2303.8650100254486
0.36666666666666664,13.6675494592636,2112.5000000000005,142.4124115658924,2247.434988880324
0.36666666666666664,14.017999445398566,2166.666666666667,138.98998123244382,2193.425021674349
0.36666666666666664,14.36844943153353,2220.833333333334,135.7114569528494,2141.6860608854927
0.36666666666666664,14.718899417668494,2275.0,132.5681226910092,2092.0805572350096
0.36666666666666664,15.069349403803457,2329.166666666667,129.55192516907118,2044.481420547115
0.36666666666666664,15.419799389938422,2383.3333333333335,126.65541475638747,1998.7710869073424
0.36666666666666664,15.770249376073387,2437.5000000000005,123.87169217225164,1954.840677569189
0.36666666666666664,16.12069936220835,2491.666666666667,121.1943605414126,1912.5892423338576
0.36666666666666664,16.471149348343314,2545.8333333333335,118.61748214927502,1871.9230770965664
0.36666666666666664,16.82159933447828,2600.0,116.13553937175311,1832.755107273791
0.36666666666666664,17.172049320613244,2654.166666666667,113.74339942121878,1795.0043314529503
0.36666666666666664,17.52249930674821,2708.333333333334,111.43628243473358,1758.5953177872566
0.36666666666666664,17.87294929288317,2762.5,109.20973253319971,1723.457747275153
0.36666666666666664,18.223399279018135,2816.666666666667,107.05959165934473,1689.5260008930088
0.36666666666666664,18.5738492651531,2870.833333333334,104.9819757847581,1656.7387841142327
0.36666666666666664,18.924299251288062,2924.9999999999995,102.9732533195056,1625.0387861876502
0.36666666666666664,19.274749237423027,2979.166666666667,101.03002541698515,1594.372369325014
0.36666666666666664,19.625199223557992,3033.333333333334,99.14910812280141,1564.6892869892952
0.36666666666666664,19.975649209692957,3087.500000000001,97.32751602190547,1535.9424258273566
0.36666666666666664,20.326099195827922,3141.6666666666674,95.56244742241688,1508.087571853276
0.36666666666666664,20.676549181962883,3195.8333333333335,93.8512706279289,1481.0831938092106
0.36666666666666664,21.02699916809785,3250.000000000001,92.19151165685616,1454.8902493622938
0.36666666666666664,21.377449154232814,3304.1666666666674,90.58084273012355,1429.4720034268519
0.36666666666666664,21.727899140367775,3358.3333333333335,89.0170718729496,1404.7938640683453
0.36666666666666664,22.07834912650274,3412.500000000001,87.4981333874166,1380.823232149341
0.36666666666666664,22.428799112637705,3466.666666666667,86.02207899093628,1357.5293614841032
0.36666666666666664,22.77924909877267,3520.833333333334,84.58706979989074,1334.8832323310387
0.36666666666666664,23.129699084907635,3575.000000000001,83.1913688511122,1312.8574333728698
0.36666666666666664,23.480149071042597,3629.166666666667,81.8333342380356,1291.426053397068
0.36666666666666664,23.83059905717756,3683.3333333333335,80.51141287432984,1270.5645828786355
0.36666666666666664,24.181049043312527,3737.5,79.22413459047675,1250.2498208171935
0.36666666666666664,24.531499029447488,3791.666666666667,77.97010680660605,1230.4597906680654
0.36666666666666664,24.881949015582453,3845.8333333333335,76.74800951266661,1211.173661123488
0.36666666666666664,25.23239900171742,3900.0000000000005,75.55659070960246,1192.3716741690198
0.36666666666666664,25.582848987852383,3954.1666666666674,74.39466214505956,1174.0350777879876
0.36666666666666664,25.93329897398735,4008.333333333334,73.26109530520625,1156.146062707711
0.36666666666666664,26.28374896012231,4062.5000000000005,72.15481785475276,1138.6877062188307
0.36666666666666664,26.634198946257275,4116.666666666667,71.07481012819335,1121.6439168029929
0.36666666666666664,26.98464893239224,4170.833333333334,70.02010204363614,1104.999385429461
0.36666666666666664,27.3350989185272,4225.000000000001,68.98977014468983,1088.7395388726175
0.36666666666666664,27.685548904662166,4279.166666666667,67.98293484724127,1072.8504962628822
0.36666666666666664,28.03599889079713,4333.333333333334,66.99875792954117,1057.3190294773192
0.36666666666666664,28.386448876932096,4387.500000000002,66.03644011192955,1042.132524944864
0.36666666666666664,28.73689886306706,4441.666666666668,65.09521890548058,1027.2789496954142
0.36666666666666664,29.087348849202023,4495.833333333334,64.17405494954437,1012.7419013981275
0.36666666666666664,29.437798835336988,4550.0,63.27128212200478,998.4950866906598
0.36666666666666664,29.788248821471953,4604.166666666668,62.386280256323516,984.5287186172131
0.36666666666666664,30.138698807606914,4658.333333333334,61.51853608782403,970.834697258827
0.36666666666666664,30.48914879374188,4712.5,60.667554036481306,957.4052017810969
0.36666666666666664,30.839598779876845,4766.666666666667,59.83285570750013,944.2326825527131
0.36666666666666664,31.19004876601181,4820.833333333334,59.01397925103083,931.3098510410234
0.36666666666666664,31.540498752146775,4875.000000000001,58.21047878591344,918.62967071804
0.36666666666666664,31.890948738281736,4929.166666666668,57.421923810616136,906.1853477643567
0.36666666666666664,32.2413987244167,4983.333333333334,56.64789862697944,893.9703219751561
0.36666666666666664,32.591848710551666,5037.500000000001,55.88800175115466,881.9782574641266
0.36666666666666664,32.94229869668663,5091.666666666667,55.14184541418217,870.2030347820022
0.36666666666666664,33.292748682821596,5145.833333333334,54.409054960124195,858.6387414183903
0.36666666666666664,33.64319866895656,5200.0,53.68926835944876,847.2796641224011
0.36666666666666664,33.99364865509152,5254.166666666667,52.98213569680229,836.1202808190964
0.36666666666666664,34.34409864122649,5308.333333333334,52.28731868439354,825.1552529301175
0.36666666666666664,34.69454862736145,5362.5,51.60449020098895,814.3794180984919
0.36666666666666664,35.04499861349642,5416.666666666668,50.93333389490207,803.7877839233383
0.36666666666666664,35.39544859963138,5470.833333333334,50.273543648311126,793.3755195061716
0.36666666666666664,35.74589858576634,5525.0,49.62482328060387,783.1379507693343
0.36666666666666664,36.09634857190131,5579.166666666667,48.98688613264726,773.0705538952855
0.36666666666666664,36.44679855803627,5633.333333333334,48.35945466198306,763.1689489383122
0.36666666666666664,36.79724854417123,5687.5,47.74226014200444,753.4288950771826
0.36666666666666664,37.1476985303062,5741.666666666668,47.13504229413139,743.8462848104427
0.36666666666666664,37.49814851644116,5795.833333333334,46.537549023855526,734.4171397908937
0.36666666666666664,37.848598502576124,5849.999999999999,45.94953604184802,725.13760484623
0.36666666666666664,38.19904848871109,5904.166666666667,45.37076664601017,716.003944539542
0.36666666666666664,38.549498474846054,5958.333333333334,44.801011376599334,707.012537726798
0.36666666666666664,38.89994846098102,6012.500000000002,44.240047839022466,698.1598747603192
0.36666666666666664,39.250398447115984,6066.666666666668,43.687660399788754,689.4425526905538
0.36666666666666664,39.600848433250945,6120.833333333334,43.1436399436491,680.857271433455
0.36666666666666664,39.951298419385914,6175.000000000002,42.60778365467927,672.4008303157146
0.36666666666666664,40.301748405520875,6229.166666666667,42.07989481984989,664.0701249748682
0.36666666666666664,40.652198391655844,6283.333333333335,41.55978257693988,655.8621433810721
0.36666666666666664,41.002648377790806,6337.500000000002,41.04726175150735,647.7739632643136
0.36666666666666664,41.35309836392577,6391.666666666667,40.54215262666526,639.8027484812004
0.36666666666666664,41.703548350060736,6445.833333333335,40.04428078862255,631.9457465774187
0.36666666666666664,42.0539983361957,6500.000000000002,0.0,0.0
0.40624999999999994,0.0,0.0,219.99999998719431,3471.8581905069577
0.40624999999999994,0.35044998613496414,54.16666666666667,219.99999998719431,3471.8581905069577
0.40624999999999994,0.7008999722699283,108.33333333333334,219.99999998719431,3471.8581905069577
0.40624999999999994,1.0513499584048924,162.5,219.99999998719431,3471.8581905069577
0.40624999999999994,1.4017999445398566,216.66666666666669,219.99999998719431,3471.8581905069577
0.40624999999999994,1.7522499306748207,270.83333333333337,219.99999998719431,3471.8581905069577
0.40624999999999994,2.102699916809785,325.0,219.99999998719431,3471.8581905069577
0.40624999999999994,2.453149902944749,379.16666666666674,219.99999998719431,3471.8581905069577
0.40624999999999994,2.803599889079713,433.33333333333337,219.99999998719431,3471.8581905069577
0.40624999999999994,3.1540498752146773,487.50000000000006,219.99999998719431,3471.8581905069577
0.40624999999999994,3.5044998613496414,541.6666666666667,219.99999998719431,3471.8581905069577
0.40624999999999994,3.8549498474846056,595.8333333333334,219.99999998719431,3471.8581905069577
0.40624999999999994,4.20539983361957,650.0,219.99999998719431,3471.8581905069577
0.40624999999999994,4.555849819754534,704.1666666666667,219.99999998719431,3471.8581905069577
0.40624999999999994,4.906299805889498,758.3333333333335,219.99999998719431,3471.8581905069577
0.40624999999999994,5.256749792024462,812.5000000000002,219.99999998719431,3471.8581905069577
0.40624999999999994,5.607199778159426,866.6666666666667,219.99999998719431,3471.8581905069577
0.40624999999999994,5.95764976429439,920.8333333333334,219.99999998719431,3471.8581905069577
0.40624999999999994,6.308099750429355,975.0000000000001,219.99999998719431,3471.8581905069577
0.40624999999999994,6.658549736564319,1029.1666666666667,219.99999998719431,3471.8581905069577
0.40624999999999994,7.008999722699283,1083.3333333333335,219.99999998719431,3471.8581905069577
0.40624999999999994,7.359449708834247,1137.5,219.99999998719431,3471.8581905069577
0.40624999999999994,7.709899694969211,1191.6666666666667,219.99999998719431,3471.8581905069577
0.40624999999999994,8.060349681104174,1245.8333333333335,219.99999998719431,3471.8581905069577
0.40624999999999994,8.41079966723914,1300.0,219.96537819039077,3471.3118179214607
0.40624999999999994,8.761249653374104,1354.166666666667,212.60395552380942,3355.139928920362
0.40624999999999994,9.111699639509068,1408.3333333333335,205.66603277809918,3245.651365687631
0.40624999999999994,9.462149625644031,1462.4999999999998,199.11875829915516,3142.3276905669854
0.40624999999999994,9.812599611778996,1516.666666666667,192.93227665591985,3044.6977498181777
0.40624999999999994,10.163049597913961,1570.8333333333337,187.07943631219678,2952.333060335144
0.40624999999999994,10.513499584048924,1625.0000000000005,181.53552410076372,2864.8436193358907
0.40624999999999994,10.863949570183888,1679.1666666666667,176.27802521921694,2781.874116815247
0.40624999999999994,11.214399556318853,1733.3333333333335,171.28640668583103,2703.100518224196
0.40624999999999994,11.564849542453818,1787.5000000000005,166.54192266752943,2628.226992316794
0.40624999999999994,11.91529952858878,1841.6666666666667,162.02743952861056,2556.983150213733
0.40624999999999994,12.265749514723744,1895.8333333333335,157.7272788330447,2489.1215677943446
0.40624999999999994,12.61619950085871,1950.0000000000002,153.6270766868256,2424.4155659538287
0.40624999999999994,12.966649486993674,2004.166666666667,149.71365756355226,2362.657219422856
0.40624999999999994,13.317099473128637,2058.3333333333335,145.9749211918097,2303.6555717176916
0.40624999999999994,13.6675494592636,2112.5000000000005,142.39974130061455,2247.2350372244905
0.40624999999999994,14.017999445398566,2166.666666666667,138.97787463502027,2193.2339653587737
0.40624999999999994,14.36844943153353,2220.833333333334,135.699879511958,2141.5033552810096
0.40624999999999994,14.718899417668494,2275.0,132.55704252049327,2091.905699140645
0.40624999999999994,15.069349403803457,2329.166666666667,129.54131281585433,2044.3139451587574
0.40624999999999994,15.419799389938422,2383.3333333333335,126.6452429315541,1998.6105635738777
0.40624999999999994,15.770249376073387,2437.5000000000005,123.86193561018445,1954.6867075695247
0.40624999999999994,16.12069936220835,2491.666666666667,121.18499580770731,1912.4414558455912
0.40624999999999994,16.471149348343314,2545.8333333333335,118.60848747426644,1871.7811305688333
0.40624999999999994,16.82159933447828,2600.0,116.12689452245831,1832.618681406375
0.40624999999999994,17.172049320613244,2654.166666666667,113.73508557328023,1794.8731291753968
0.40624999999999994,17.52249930674821,2708.333333333334,111.42828203155659,1758.4690620358974
0.40624999999999994,17.87294929288317,2762.5,109.20202922192402,1723.3361799826619
0.40624999999999994,18.223399279018135,2816.666666666667,107.05217017559335,1689.4088811696022
0.40624999999999994,18.5738492651531,2870.833333333334,104.9748218501918,1656.6258866309608
0.40624999999999994,18.924299251288062,2924.9999999999995,102.96635359060019,1624.9299003680414
0.40624999999999994,19.274749237423027,2979.166666666667,101.02336739539169,1594.2672979304539
0.40624999999999994,19.625199223557992,3033.333333333334,99.14268010412343,1564.5878453106716
0.40624999999999994,19.975649209692957,3087.500000000001,97.32130703167059,1535.844440674616
0.40624999999999994,20.326099195827922,3141.6666666666674,95.55644712643698,1507.9928801408007
0.40624999999999994,20.676549181962883,3195.8333333333335,93.8454693579115,1480.9916429599994
0.40624999999999994,21.02699916809785,3250.000000000001,92.18590029515326,1454.8016954891605
0.40624999999999994,21.377449154232814,3304.1666666666674,90.57541268412024,1429.3863109282497
0.40624999999999994,21.727899140367775,3358.3333333333335,89.01181510067545,1404.7109060325422
0.40624999999999994,22.07834912650274,3412.500000000001,87.49304225668311,1380.7428881314454
0.40624999999999994,22.428799112637705,3466.666666666667,86.01714633055963,1357.4515183144183
0.40624999999999994,22.77924909877267,3520.833333333334,84.58228882285766,1334.80778290253
0.40624999999999994,23.129699084907635,3575.000000000001,83.18673314177431,1312.7842764390766
0.40624999999999994,23.480149071042597,3629.166666666667,81.8288377521094,1291.355093572103
0.40624999999999994,23.83059905717756,3683.3333333333335,80.50704987486824,1270.4957296267412
0.40624999999999994,24.181049043312527,3737.5,79.21989966067486,1250.182988654831
0.40624999999999994,24.531499029447488,3791.666666666667,77.96599479857832,1230.3948983555595
0.40624999999999994,24.881949015582453,3845.8333333333335,76.74401556025259,1211.110631867116
0.40624999999999994,25.23239900171742,3900.0000000000005,75.55271018994972,1192.3104350147444
0.40624999999999994,25.582848987852383,3954.1666666666674,74.390890665818,1173.97555941937
0.40624999999999994,25.93329897398735,4008.333333333334,73.25742870452814,1156.0881994459094
0.40624999999999994,26.28374896012231,4062.5000000000005,72.15125215006992,1138.6314352142454
0.40624999999999994,26.634198946257275,4116.666666666667,71.07134156743996,1121.5891788436215
0.40624999999999994,26.98464893239224,4170.833333333334,70.01672704122029,1104.9461239304558
0.40624999999999994,27.3350989185272,4225.000000000001,68.98648528149351,1088.6876998762834
0.40624999999999994,27.685548904662166,4279.166666666667,67.97973688342609,1072.800028640767
0.40624999999999994,28.03599889079713,4333.333333333334,66.99564375332557,1057.269884121858
0.40624999999999994,28.386448876932096,4387.500000000002,66.03340679081157,1042.084655577734
0.40624999999999994,28.73689886306706,4441.666666666668,65.09226359659806,1027.232311452915
0.40624999999999994,29.087348849202023,4495.833333333334,64.17148648761213,1012.7013680545048
0.40624999999999994,29.437798835336988,4550.0,63.26989777619019,998.4732400890456
0.40624999999999994,29.788248821471953,4604.166666666668,62.386022951686755,984.5246580480739
0.40624999999999994,30.138698807606914,4658.333333333334,61.51933135930449,970.8472475761145
0.40624999999999994,30.48914879374188,4712.5,60.66933165770024,957.4332547301375
0.40624999999999994,30.839598779876845,4766.666666666667,59.83554937061854,944.2751917179887
0.40624999999999994,31.19004876601181,4820.833333333334,59.01752637466416,931.3658288148407
0.40624999999999994,31.540498752146775,4875.000000000001,58.2148202334065,918.6981838545778
0.40624999999999994,31.890948738281736,4929.166666666668,57.4270037363749,906.265514954601
0.40624999999999994,32.2413987244167,4983.333333333334,56.65366428438574,894.0613108155691
0.40624999999999994,32.591848710551666,5037.500000000001,55.89440332609229,882.0792818294931
0.40624999999999994,32.94229869668663,5091.666666666667,55.14883587136865,870.3133524003642
0.40624999999999994,33.292748682821596,5145.833333333334,54.41658991505392,858.7576518501603
0.40624999999999994,33.64319866895656,5200.0,53.69730595033616,847.4065067394737
0.40624999999999994,33.99364865509152,5254.166666666667,52.99063646933064,836.2544329860505
0.40624999999999994,34.34409864122649,5308.333333333334,52.29624547646381,825.2961281854174
0.40624999999999994,34.69454862736145,5362.5,51.61380804027431,814.5264645377764
0.40624999999999994,35.04499861349642,5416.666666666668,50.943009867612915,803.9404821283804
0.40624999999999994,35.39544859963138,5470.833333333334,50.28354685261181,793.5333818097383
0.40624999999999994,35.74589858576634,5525.0,49.635124670519005,783.3005187918458
0.40624999999999994,36.09634857190131,5579.166666666667,48.997458471804535,773.2373978148224
0.40624999999999994,36.44679855803627,5633.333333333334,48.37027241730766,763.3396658129884
0.40624999999999994,36.79724854417123,5687.5,47.75329938247601,753.6031072474117
0.40624999999999994,37.1476985303062,5741.666666666668,47.14628064233318,744.0236391343265
0.40624999999999994,37.49814851644116,5795.833333333334,46.54896552654348,734.5973056016503
0.40624999999999994,37.848598502576124,5849.999999999999,45.96111112898552,725.3202733057142
0.40624999999999994,38.19904848871109,5904.166666666667,45.38248202163889,716.1888269160594
0.40624999999999994,38.549498474846054,5958.333333333334,44.81284998407685,707.1993648465134
0.40624999999999994,38.89994846098102,6012.500000000002,44.251993770507994,698.3483955788358
0.40624999999999994,39.250398447115984,6066.666666666668,43.69969880977007,689.6325329282662
0.40624999999999994,39.600848433250945,6120.833333333334,43.15575701133775,681.0484929821015
0.40624999999999994,39.951298419385914,6175.000000000002,42.619966525731826,672.5930903186702
0.40624999999999994,40.301748405520875,6229.166666666667,42.092131506363614,664.2632342489583
0.40624999999999994,40.652198391655844,6283.333333333335,41.572061949514364,656.0559262912969
0.40624999999999994,41.002648377790806,6337.500000000002,41.059573466391285,647.9682565741382
0.40624999999999994,41.35309836392577,6391.666666666667,40.554487077557376,639.9974005919172
0.40624999999999994,41.703548350060736,6445.833333333335,40.0566290391119,632.140616461975
0.40624999999999994,42.0539983361957,6500.000000000002,0.0,0.0
0.4458333333333333,0.0,0.0,219.99999998719431,3471.8581905069577
0.4458333333333333,0.35044998613496414,54.16666666666667,219.99999998719431,3471.8581905069577
0.4458333333333333,0.7008999722699283,108.33333333333334,219.99999998719431,3471.8581905069577
0.4458333333333333,1.0513499584048924,162.5,219.99999998719431,3471.8581905069577
0.4458333333333333,1.4017999445398566,216.66666666666669,219.99999998719431,3471.8581905069577
0.4458333333333333,1.7522499306748207,270.83333333333337,219.99999998719431,3471.8581905069577
0.4458333333333333,2.102699916809785,325.0,219.99999998719431,3471.8581905069577
0.4458333333333333,2.453149902944749,379.16666666666674,219.99999998719431,3471.8581905069577
0.4458333333333333,2.803599889079713,433.33333333333337,219.99999998719431,3471.8581905069577
0.4458333333333333,3.1540498752146773,487.50000000000006,219.99999998719431,3471.8581905069577
0.4458333333333333,3.5044998613496414,541.6666666666667,219.99999998719431,3471.8581905069577
0.4458333333333333,3.8549498474846056,595.8333333333334,219.99999998719431,3471.8581905069577
0.4458333333333333,4.20539983361957,650.0,219.99999998719431,3471.8581905069577
0.4458333333333333,4.555849819754534,704.1666666666667,219.99999998719431,3471.8581905069577
0.4458333333333333,4.906299805889498,758.3333333333335,219.99999998719431,3471.8581905069577
0.4458333333333333,5.256749792024462,812.5000000000002,219.99999998719431,3471.8581905069577
0.4458333333333333,5.607199778159426,866.6666666666667,219.99999998719431,3471.8581905069577
0.4458333333333333,5.95764976429439,920.8333333333334,219.99999998719431,3471.8581905069577
0.4458333333333333,6.308099750429355,975.0000000000001,219.99999998719431,3471.8581905069577
0.4458333333333333,6.658549736564319,1029.1666666666667,219.99999998719431,3471.8581905069577
0.4458333333333333,7.008999722699283,1083.3333333333335,219.99999998719431,3471.8581905069577
0.4458333333333333,7.359449708834247,1137.5,219.99999998719431,3471.8581905069577
0.4458333333333333,7.709899694969211,1191.6666666666667,219.99999998719431,3471.8581905069577
0.4458333333333333,8.060349681104174,1245.8333333333335,219.99999998719431,3471.8581905069577
0.4458333333333333,8.41079966723914,1300.0,219.93386298883706,3470.8144710548877
0.4458333333333333,8.761249653374104,1354.166666666667,212.57431567646563,3354.672177344126
0.4458333333333333,9.111699639509068,1408.3333333333335,205.6381214421708,3245.2108920501014
0.4458333333333333,9.462149625644031,1462.4999999999998,199.09244205220602,3141.9123893055353
0.4458333333333333,9.812599611778996,1516.666666666667,192.90743426652625,3044.305707758664
0.4458333333333333,10.163049597913961,1570.8333333333337,187.055957459379,2951.9625364830363
0.4458333333333333,10.513499584048924,1625.0000000000005,181.51330836233683,2864.4930289112544
0.4458333333333333,10.863949570183888,1679.1666666666667,176.25698107294738,2781.542015489826
0.4458333333333333,11.214399556318853,1733.3333333333335,171.2664506258443,2702.7855881772907
0.4458333333333333,11.564849542453818,1787.5000000000005,166.5229784231633,2627.9280299078423
0.4458333333333333,11.91529952858878,1841.6666666666667,162.0094373601023,2556.6990548674335
0.4458333333333333,12.265749514723744,1895.8333333333335,157.71015490405262,2488.8513320983075
0.4458333333333333,12.61619950085871,1950.0000000000002,153.6107724881731,2424.15826656458
0.4458333333333333,12.966649486993674,2004.166666666667,149.69811937538907,2362.4120085781146
0.4458333333333333,13.317099473128637,2058.3333333333335,145.96009968663566,2303.4216709716134
0.4458333333333333,13.6675494592636,2112.5000000000005,142.38559106946923,2247.0117299703893
0.4458333333333333,14.017999445398566,2166.666666666667,138.9643538929522,2193.0205921810757
0.4458333333333333,14.36844943153353,2220.833333333334,135.68694968824275,2141.2993074884175
0.4458333333333333,14.718899417668494,2275.0,132.54466801532544,2091.71041492645
0.4458333333333333,15.069349403803457,2329.166666666667,129.52946071862243,2044.1269051548866
0.4458333333333333,15.419799389938422,2383.3333333333335,126.63388280314393,1998.4312874153852
0.4458333333333333,15.770249376073387,2437.5000000000005,123.8510392268654,1954.5147498528186
0.4458333333333333,16.12069936220835,2491.666666666667,121.17453699465841,1912.276403501278
0.4458333333333333,16.471149348343314,2545.8333333333335,118.5984419262968,1871.6226000324762
0.4458333333333333,16.82159933447828,2600.0,116.11723965033889,1832.4663161934288
0.4458333333333333,17.172049320613244,2654.166666666667,113.7258003372699,1794.7265972540554
0.4458333333333333,17.52249930674821,2708.333333333334,111.41934685176238,1758.3280544124702
0.4458333333333333,17.87294929288317,2762.5,109.19342582463287,1723.2004082765109
0.4458333333333333,18.223399279018135,2816.666666666667,107.04388151643798,1689.2780764006086
0.4458333333333333,18.5738492651531,2870.833333333334,104.9668319860939,1656.4997971986381
0.4458333333333333,18.924299251288062,2924.9999999999995,102.95864761574194,1624.8082910410913
0.4458333333333333,19.274749237423027,2979.166666666667,101.01593136438169,1594.149948634234
0.4458333333333333,19.625199223557992,3033.333333333334,99.1355009295512,1564.4745495104844
0.4458333333333333,19.975649209692957,3087.500000000001,97.31437244568951,1535.7350047694451
0.4458333333333333,20.326099195827922,3141.6666666666674,95.54974561673589,1507.8871224528652
0.4458333333333333,20.676549181962883,3195.8333333333335,93.83899011649191,1480.8893929263986
0.4458333333333333,21.02699916809785,3250.000000000001,92.17963314149529,1454.7027924493432
0.4458333333333333,21.377449154232814,3304.1666666666674,90.56934805237688,1429.2906039219233
0.4458333333333333,21.727899140367775,3358.3333333333335,89.0059439628385,1404.618252587142
0.4458333333333333,22.07834912650274,3412.500000000001,87.48735610977747,1380.6531540600456
0.4458333333333333,22.428799112637705,3466.666666666667,86.01163715822622,1357.3645771094648
0.4458333333333333,22.77924909877267,3520.833333333334,84.57694905693643,1334.723515129575
0.4458333333333333,23.129699084907635,3575.000000000001,83.1815556238871,1312.702569130512
0.4458333333333333,23.480149071042597,3629.166666666667,81.82381572085433,1291.2758400250716
0.4458333333333333,23.83059905717756,3683.3333333333335,80.50217692740262,1270.4188287968711
0.4458333333333333,24.181049043312527,3737.5,79.21516973990947,1250.1083449541459
0.4458333333333333,24.531499029447488,3791.666666666667,77.96140216756612,1230.3224212483021
0.4458333333333333,24.881949015582453,3845.8333333333335,76.73955477657728,1211.0402354655698
0.4458333333333333,25.23239900171742,3900.0000000000005,75.5483760801144,1192.2420376750572
0.4458333333333333,25.582848987852383,3954.1666666666674,74.38667833805084,1173.909083943641
0.4458333333333333,25.93329897398735,4008.333333333334,73.25333349755965,1156.0235722738357
0.4458333333333333,26.28374896012231,4062.5000000000005,72.14726965874434,1138.5685868272992
0.4458333333333333,26.634198946257275,4116.666666666667,71.06746756588109,1121.528042552517
0.4458333333333333,26.98464893239224,4170.833333333334,70.01295752124861,1104.886636481416
0.4458333333333333,27.3350989185272,4225.000000000001,68.98281645262614,1088.6298014510403
0.4458333333333333,27.685548904662166,4279.166666666667,67.97616509604268,1072.7436616440282
0.4458333333333333,28.03599889079713,4333.333333333334,66.99216554989107,1057.2149939896624
0.4458333333333333,28.386448876932096,4387.500000000002,66.03001886745915,1042.0311901711862
0.4458333333333333,28.73689886306706,4441.666666666668,65.0889628031291,1027.1802210581832
0.4458333333333333,29.087348849202023,4495.833333333334,64.16826982749626,1012.6506053828231
0.4458333333333333,29.437798835336988,4550.0,63.26724511687644,998.431378011929
0.4458333333333333,29.788248821471953,4604.166666666668,62.38466279581189,984.5031931920976
0.4458333333333333,30.138698807606914,4658.333333333334,61.519186462974176,970.8449609419728
0.4458333333333333,30.48914879374188,4712.5,60.670322484802455,957.4488911446392
0.4458333333333333,30.839598779876845,4766.666666666667,59.837600828614086,944.3075661327375
0.4458333333333333,31.19004876601181,4820.833333333334,59.02056746883318,931.4138208498382
0.4458333333333333,31.540498752146775,4875.000000000001,58.21878390037455,918.7607351710698
0.4458333333333333,31.890948738281736,4929.166666666668,57.43182654958218,906.3416246070373
0.4458333333333333,32.2413987244167,4983.333333333334,56.65928627480753,894.1500324223599
0.4458333333333333,32.591848710551666,5037.500000000001,55.90076780295931,882.1797207437675
0.4458333333333333,32.94229869668663,5091.666666666667,55.15588925569318,870.4246630828158
0.4458333333333333,33.292748682821596,5145.833333333334,54.424281573155895,858.8790352418943
0.4458333333333333,33.64319866895656,5200.0,53.70558807859197,847.5372084432075
0.4458333333333333,33.99364865509152,5254.166666666667,52.99946394050494,836.3937408410493
0.4458333333333333,34.34409864122649,5308.333333333334,52.30557572445832,825.443370448695
0.4458333333333333,34.69454862736145,5362.5,51.623600957682356,814.6810082673858
0.4458333333333333,35.04499861349642,5416.666666666668,50.9532276627298,804.1017309268692
0.4458333333333333,35.39544859963138,5470.833333333334,50.29415396724747,793.7007745271364
0.4458333333333333,35.74589858576634,5525.0,49.64608768510994,783.4735280282204
0.4458333333333333,36.09634857190131,5579.166666666667,49.00874597789969,773.415527907955
0.4458333333333333,36.44679855803627,5633.333333333334,48.38185492798293,763.5224514246107
0.4458333333333333,36.79724854417123,5687.5,47.76514925913306,753.7901122080057
0.4458333333333333,37.1476985303062,5741.666666666668,47.158371976934376,744.2144545846526
0.4458333333333333,37.49814851644116,5795.833333333334,46.561274041241816,734.7915484087906
0.4458333333333333,37.848598502576124,5849.999999999999,45.973614127529196,725.5175852961789
0.4458333333333333,38.19904848871109,5904.166666666667,45.39515828463554,716.3888732229342
0.4458333333333333,38.549498474846054,5958.333333333334,44.82567966901868,707.4018323317387
0.4458333333333333,38.89994846098102,6012.500000000002,44.264958362154395,698.5529920501848
0.4458333333333333,39.250398447115984,6066.666666666668,43.71278103866158,689.8389858534015
0.4458333333333333,39.600848433250945,6120.833333333334,43.16894075339452,681.2565479041197
0.4458333333333333,39.951298419385914,6175.000000000002,42.63323676206491,672.8025102218777
0.4458333333333333,40.301748405520875,6229.166666666667,42.10547426270388,664.4737986029883
0.4458333333333333,40.652198391655844,6283.333333333335,41.58546421631349,656.2674297902089
0.4458333333333333,41.002648377790806,6337.500000000002,41.07302312233733,648.1805079294041
0.4458333333333333,41.35309836392577,6391.666666666667,40.56797285946501,640.2102220572541
0.4458333333333333,41.703548350060736,6445.833333333335,40.07014051307787,632.3538433781445
0.4458333333333333,42.0539983361957,6500.000000000002,0.0,0.0
0.48541666666666666,0.0,0.0,219.99999998719431,3471.8581905069577
0.48541666666666666,0.35044998613496414,54.16666666666667,219.99999998719431,3471.8581905069577
0.48541666666666666,0.7008999722699283,108.33333333333334,219.99999998719431,3471.8581905069577
0.48541666666666666,1.0513499584048924,162.5,219.99999998719431,3471.8581905069577
0.48541666666666666,1.4017999445398566,216.66666666666669,219.99999998719431,3471.8581905069577
0.48541666666666666,1.7522499306748207,270.83333333333337,219.99999998719431,3471.8581905069577
0.48541666666666666,2.102699916809785,325.0,219.99999998719431,3471.8581905069577
0.48541666666666666,2.453149902944749,379.16666666666674,219.99999998719431,3471.8581905069577
0.48541666666666666,2.803599889079713,433.33333333333337,219.99999998719431,3471.8581905069577
0.48541666666666666,3.1540498752146773,487.50000000000006,219.99999998719431,3471.8581905069577
0.48541666666666666,3.5044998613496414,541.6666666666667,219.99999998719431,3471.8581905069577
0.48541666666666666,3.8549498474846056,595.8333333333334,219.99999998719431,3471.8581905069577
0.48541666666666666,4.20539983361957,650.0,219.99999998719431,3471.8581905069577
0.48541666666666666,4.555849819754534,704.1666666666667,219.99999998719431,3471.8581905069577
0.48541666666666666,4.906299805889498,758.3333333333335,219.99999998719431,3471.8581905069577
0.48541666666666666,5.256749792024462,812.5000000000002,219.99999998719431,3471.8581905069577
0.48541666666666666,5.607199778159426,866.6666666666667,219.99999998719431,3471.8581905069577
0.48541666666666666,5.95764976429439,920.8333333333334,219.99999998719431,3471.8581905069577
0.48541666666666666,6.308099750429355,975.0000000000001,219.99999998719431,3471.8581905069577
0.48541666666666666,6.658549736564319,1029.1666666666667,219.99999998719431,3471.8581905069577
0.48541666666666666,7.008999722699283,1083.3333333333335,219.99999998719431,3471.8581905069577
0.48541666666666666,7.359449708834247,1137.5,219.99999998719431,3471.8581905069577
0.48541666666666666,7.709899694969211,1191.6666666666667,219.99999998719431,3471.8581905069577
0.48541666666666666,8.060349681104174,1245.8333333333335,219.99999998719431,3471.8581905069577
0.48541666666666666,8.41079966723914,1300.0,219.90237453836016,3470.3175463517014
0.48541666666666666,8.761249653374104,1354.166666666667,212.54470082581975,3354.2048202451188
0.48541666666666666,9.111699639509068,1408.3333333333335,205.610233489424,3244.7707874266193
0.48541666666666666,9.462149625644031,1462.4999999999998,199.0661477285903,3141.497434020015
0.48541666666666666,9.812599611778996,1516.666666666667,192.88261241745204,3043.913989849497
0.48541666666666666,10.163049597913961,1570.8333333333337,187.0324979047291,2951.592317178665
0.48541666666666666,10.513499584048924,1625.0000000000005,181.49111078237183,2864.142725048457
0.48541666666666666,10.863949570183888,1679.1666666666667,176.23595400946215,2781.210183750791
0.48541666666666666,11.214399556318853,1733.3333333333335,171.2465106754098,2702.470912358026
0.48541666666666666,11.564849542453818,1787.5000000000005,166.5040493919514,2627.6293075803187
0.48541666666666666,11.91529952858878,1841.6666666666667,161.99144957237877,2556.4151864667942
0.48541666666666666,12.265749514723744,1895.8333333333335,157.69304458750412,2488.581311222605
0.48541666666666666,12.61619950085871,1950.0000000000002,153.5944811720401,2423.9011704766085
0.48541666666666666,12.966649486993674,2004.166666666667,149.68259340384975,2362.1669905260346
0.48541666666666666,13.317099473128637,2058.3333333333335,145.9452897706069,2303.1879531158493
0.48541666666666666,13.6675494592636,2112.5000000000005,142.37145186401904,2246.7885967146967
0.48541666666666666,14.017999445398566,2166.666666666667,138.9508436259348,2192.807384311971
0.48541666666666666,14.36844943153353,2220.833333333334,135.67402982735075,2141.095416920869
0.48541666666666666,14.718899417668494,2275.0,132.53230301197618,2091.515280662103
0.48541666666666666,15.069349403803457,2329.166666666667,129.5176176878158,2043.9400082298462
0.48541666666666666,15.419799389938422,2383.3333333333335,126.62253131857142,1998.2521476667953
0.48541666666666666,15.770249376073387,2437.5000000000005,123.84015110321343,1954.3429224833521
0.48541666666666666,16.12069936220835,2491.666666666667,121.16408606991172,1912.1114756436314
0.48541666666666666,16.471149348343314,2545.8333333333335,118.58840393368155,1871.4641887284781
0.48541666666666666,16.82159933447828,2600.0,116.10759200062603,1832.314064958535
0.48541666666666666,17.172049320613244,2654.166666666667,113.71652204194106,1794.5801748648132
0.48541666666666666,17.52249930674821,2708.333333333334,111.4104183181189,1758.1871516731014
0.48541666666666666,17.87294929288317,2762.5,109.18482881737873,1723.0647374126431
0.48541666666666666,18.223399279018135,2816.666666666667,107.03559897840023,1689.147368230035
0.48541666666666666,18.5738492651531,2870.833333333334,104.95884801261127,1656.3738007271381
0.48541666666666666,18.924299251288062,2924.9999999999995,102.95094730099663,1624.6867710373663
0.48541666666666666,19.274749237423027,2979.166666666667,101.00850077578798,1594.03268522573
0.48541666666666666,19.625199223557992,3033.333333333334,99.1283269925043,1564.361336364594
0.48541666666666666,19.975649209692957,3087.500000000001,97.30744290514849,1535.6256484872395
0.48541666666666666,20.326099195827922,3141.6666666666674,95.54304898600094,1507.781441760741
0.48541666666666666,20.676549181962883,3195.8333333333335,93.83251557475887,1480.787217059367
0.48541666666666666,21.02699916809785,3250.000000000001,92.17337052104995,1454.603960948941
0.48541666666666666,21.377449154232814,3304.1666666666674,90.56328778737225,1429.1949658278586
0.48541666666666666,21.727899140367775,3358.3333333333335,89.00007703807205,1404.525665628939
0.48541666666666666,22.07834912650274,3412.500000000001,87.48167403507978,1380.5634842528668
0.48541666666666666,22.428799112637705,3466.666666666667,86.00613191723824,1357.277697945756
0.48541666666666666,22.77924909877267,3520.833333333334,84.57161309430376,1334.6393073769773
0.48541666666666666,23.129699084907635,3575.000000000001,83.17638178123161,1312.620919821417
0.48541666666666666,23.480149071042597,3629.166666666667,81.8187972495798,1291.1966426587112
0.48541666666666666,23.83059905717756,3683.3333333333335,80.49730742466636,1270.341982328873
0.48541666666666666,24.181049043312527,3737.5,79.21044316142797,1250.0337539986233
0.48541666666666666,24.531499029447488,3791.666666666667,77.95681276358664,1230.2499950674082
0.48541666666666666,24.881949015582453,3845.8333333333335,76.7350971174892,1210.9698883736773
0.48541666666666666,25.23239900171742,3900.0000000000005,75.5440450180322,1192.173688432491
0.48541666666666666,25.582848987852383,3954.1666666666674,74.38246895559132,1173.8426549483233
0.48541666666666666,25.93329897398735,4008.333333333334,73.2492411590647,1155.9589903696408
0.48541666666666666,26.28374896012231,4062.5000000000005,72.1432899334468,1138.5057820915215
0.48541666666666666,26.634198946257275,4116.666666666667,71.06359625351615,1121.466948700049
0.48541666666666666,26.98464893239224,4170.833333333334,70.00919062644243,1104.827190460569
0.48541666666666666,27.3350989185272,4225.000000000001,68.97915014647879,1088.5719428372795
0.48541666666666666,27.685548904662166,4279.166666666667,67.97259576735087,1072.6873334483282
0.48541666666666666,28.03599889079713,4333.333333333334,66.98868974111974,1057.160141648062
0.48541666666666666,28.386448876932096,4387.500000000002,66.02663327474147,1041.9777615447895
0.48541666666666666,28.73689886306706,4441.666666666668,65.08566428907216,1027.1281666352477
0.48541666666666666,29.087348849202023,4495.833333333334,64.16505538276397,1012.599877672494
0.48541666666666666,29.437798835336988,4550.0,63.26411186018959,998.3819315442389
0.48541666666666666,29.788248821471953,4604.166666666668,62.38217001548037,984.4638541929538
0.48541666666666666,30.138698807606914,4658.333333333334,61.5179478074424,970.8254135040023
0.48541666666666666,30.48914879374188,4712.5,60.67025893018581,957.4478881782014
0.48541666666666666,30.839598779876845,4766.666666666667,59.83863625791855,944.3239064223358
0.48541666666666666,31.19004876601181,4820.833333333334,59.02262992691249,931.4463688588182
0.48541666666666666,31.540498752146775,4875.000000000001,58.22180529939942,918.8084163935783
0.48541666666666666,31.890948738281736,4929.166666666668,57.435742476955056,906.4034225366905
0.48541666666666666,32.2413987244167,4983.333333333334,56.664035762660205,894.2249849146461
0.48541666666666666,32.591848710551666,5037.500000000001,55.90629316167906,882.2669173888937
0.48541666666666666,32.94229869668663,5091.666666666667,55.16213586903177,870.5232419722875
0.48541666666666666,33.292748682821596,5145.833333333334,54.4311977957841,858.9881813518056
0.48541666666666666,33.64319866895656,5200.0,53.713125069625676,847.6561510070878
0.48541666666666666,33.99364865509152,5254.166666666667,53.00757553544827,836.5217513289753
0.48541666666666666,34.34409864122649,5308.333333333334,52.31421831995249,825.5797607484923
0.48541666666666666,34.69454862736145,5362.5,51.632733383448794,814.8251286637415
0.48541666666666666,35.04499861349642,5416.666666666668,50.962811115520616,804.2529690589922
0.48541666666666666,35.39544859963138,5470.833333333334,50.30415185497026,793.8585529288645
0.48541666666666666,35.74589858576634,5525.0,49.65646558426667,783.6373034563551
0.48541666666666666,36.09634857190131,5579.166666666667,49.01947146828394,773.584788733591
0.48541666666666666,36.44679855803627,5633.333333333334,48.392897552335455,763.6967169964528
0.48541666666666666,36.79724854417123,5687.5,47.77648041200725,753.968931098535
0.48541666666666666,37.1476985303062,5741.666666666668,47.16996481080788,744.3974031084583
0.48541666666666666,37.49814851644116,5795.833333333334,46.573103388907754,734.978229397812
0.48541666666666666,37.848598502576124,5849.999999999999,45.98565641629829,725.7076267457147
0.48541666666666666,38.19904848871109,5904.166666666667,45.40739143112636,716.5819266313083
0.48541666666666666,38.549498474846054,5958.333333333334,44.83808305970406,707.5975723933004
0.48541666666666666,38.89994846098102,6012.500000000002,44.27751267429507,698.7511138294316
0.48541666666666666,39.250398447115984,6066.666666666668,43.72546825101243,690.0392049539358
0.48541666666666666,39.600848433250945,6120.833333333334,43.181744043830854,681.4585988530715
0.48541666666666666,39.951298419385914,6175.000000000002,42.646140443184265,673.0061454536255
0.48541666666666666,40.301748405520875,6229.166666666667,42.118463698098374,664.6787871378385
0.48541666666666666,40.652198391655844,6283.333333333335,41.5985257733592,656.473556489357
0.48541666666666666,41.002648377790806,6337.500000000002,41.08614411612555,648.3875726101037
0.48541666666666666,41.35309836392577,6391.666666666667,40.58114146675892,640.4180381349523
0.48541666666666666,41.703548350060736,6445.833333333335,40.083345743348744,632.5622374093997
0.48541666666666666,42.0539983361957,6500.000000000002,0.0,0.0
0.525,0.0,0.0,219.99999998719431,3471.8581905069577
0.525,0.35044998613496414,54.16666666666667,219.99999998719431,3471.8581905069577
0.525,0.7008999722699283,108.33333333333334,219.99999998719431,3471.8581905069577
0.525,1.0513499584048924,162.5,219.99999998719431,3471.8581905069577
0.525,1.4017999445398566,216.66666666666669,219.99999998719431,3471.8581905069577
0.525,1.7522499306748207,270.83333333333337,219.99999998719431,3471.8581905069577
0.525,2.102699916809785,325.0,219.99999998719431,3471.8581905069577
0.525,2.453149902944749,379.16666666666674,219.99999998719431,3471.8581905069577
0.525,2.803599889079713,433.33333333333337,219.99999998719431,3471.8581905069577
0.525,3.1540498752146773,487.50000000000006,219.99999998719431,3471.8581905069577
0.525,3.5044998613496414,541.6666666666667,219.99999998719431,3471.8581905069577
0.525,3.8549498474846056,595.8333333333334,219.99999998719431,3471.8581905069577
0.525,4.20539983361957,650.0,219.99999998719431,3471.8581905069577
0.525,4.555849819754534,704.1666666666667,219.99999998719431,3471.8581905069577
0.525,4.906299805889498,758.3333333333335,219.99999998719431,3471.8581905069577
0.525,5.256749792024462,812.5000000000002,219.99999998719431,3471.8581905069577
0.525,5.607199778159426,866.6666666666667,219.99999998719431,3471.8581905069577
0.525,5.95764976429439,920.8333333333334,219.99999998719431,3471.8581905069577
0.525,6.308099750429355,975.0000000000001,219.99999998719431,3471.8581905069577
0.525,6.658549736564319,1029.1666666666667,219.99999998719431,3471.8581905069577
0.525,7.008999722699283,1083.3333333333335,219.99999998719431,3471.8581905069577
0.525,7.359449708834247,1137.5,219.99999998719431,3471.8581905069577
0.525,7.709899694969211,1191.6666666666667,219.99999998719431,3471.8581905069577
0.525,8.060349681104174,1245.8333333333335,219.99999998719431,3471.8581905069577
0.525,8.41079966723914,1300.0,219.8709122883156,3469.821035122086
0.525,8.761249653374104,1354.166666666667,212.51511047245003,3353.73784974188
0.525,9.111699639509068,1408.3333333333335,205.58236843324266,3244.331044137811
0.525,9.462149625644031,1462.4999999999998,199.0398748544976,3141.0828172331417
0.525,9.812599611778996,1516.666666666667,192.85781069891527,3043.522589623835
0.525,10.163049597913961,1570.8333333333337,187.00905726407655,2951.2223963593697
0.525,10.513499584048924,1625.0000000000005,181.46893097669818,2863.792701684837
0.525,10.863949570183888,1679.1666666666667,176.21494369581342,2780.878616343833
0.525,11.214399556318853,1733.3333333333335,171.22658650157973,2702.1564855120937
0.525,11.564849542453818,1787.5000000000005,166.48513525375165,2627.3308202820053
0.525,11.91529952858878,1841.6666666666667,161.97347585810348,2556.1315401616844
0.525,12.265749514723744,1895.8333333333335,157.67594757606275,2488.3115003171074
0.525,12.61619950085871,1950.0000000000002,153.57820245670155,2423.6442732439614
0.525,12.966649486993674,2004.166666666667,149.6670793928206,2361.9221612248425
0.525,13.317099473128637,2058.3333333333335,145.93049120041542,2302.9544143107123
0.525,13.6675494592636,2112.5000000000005,142.35732342815027,2246.565633415638
0.525,14.017999445398566,2166.666666666667,138.93734359066002,2192.594337911773
0.525,14.36844943153353,2220.833333333334,135.66111972439103,2140.891680344944
0.525,14.718899417668494,2275.0,132.51994729274884,2091.320292912096
0.525,15.069349403803457,2329.166666666667,129.50578351854347,2043.7532511502172
0.525,15.419799389938422,2383.3333333333335,126.61118828575127,1998.0731412967766
0.525,15.770249376073387,2437.5000000000005,123.82927104714327,1954.1712224297953
0.525,16.12069936220835,2491.666666666667,121.15364287979901,1911.9466698475865
0.525,16.471149348343314,2545.8333333333335,118.57837331714109,1871.3058938275972
0.525,16.82159933447828,2600.0,116.0979514324572,1832.1619254787165
0.525,17.172049320613244,2654.166666666667,113.70725050801411,1794.4338591784283
0.525,17.52249930674821,2708.333333333334,111.40149627695791,1758.046351392726
0.525,17.87294929288317,2762.5,109.1762380336877,1722.9291647639054
0.525,18.223399279018135,2816.666666666667,107.02732242061757,1689.016754434905
0.525,18.5738492651531,2870.833333333334,104.9508697760757,1656.2478947913953
0.525,18.924299251288062,2924.9999999999995,102.94325251830742,1624.5653383359788
0.525,19.274749237423027,2979.166666666667,101.00107548874803,1593.9155054819664
0.525,19.625199223557992,3033.333333333334,99.12115816492587,1564.2482038521127
0.525,19.975649209692957,3087.500000000001,97.30051829479635,1535.5163700092007
0.525,20.326099195827922,3141.6666666666674,95.53635709336959,1507.6758358414522
0.525,20.676549181962883,3195.8333333333335,93.82604559184983,1480.6851131359285
0.525,21.02699916809785,3250.000000000001,92.16711230576038,1454.5051989670671
0.525,21.377449154232814,3304.1666666666674,90.55723177385516,1429.0993948272571
0.525,21.727899140367775,3358.3333333333335,88.99421421112493,1404.4331433391342
0.525,22.07834912650274,3412.500000000001,87.47599593014456,1380.4738770931983
0.525,22.428799112637705,3466.666666666667,86.00063051795587,1357.1908794086703
0.525,22.77924909877267,3520.833333333334,84.56628083251417,1334.5551580280262
0.525,23.129699084907635,3575.000000000001,83.17121152416803,1312.53932709717
0.525,23.480149071042597,3629.166666666667,81.81378224864602,1291.1175000584005
0.525,23.83059905717756,3683.3333333333335,80.49244128982536,1270.2651890102147
0.525,24.181049043312527,3737.5,79.20571983559057,1249.9592143736415
0.525,24.531499029447488,3791.666666666667,77.95222652261145,1230.1776188024342
0.525,24.881949015582453,3845.8333333333335,76.73064251895994,1210.899589580995
0.525,25.23239900171742,3900.0000000000005,75.53971691406332,1192.105385872425
0.525,25.582848987852383,3954.1666666666674,74.37826245441101,1173.776271422973
0.525,25.93329897398735,4008.333333333334,73.24515159940347,1155.8944523187033
0.525,26.28374896012231,4062.5000000000005,72.13931291014887,1138.4430199964693
0.525,26.634198946257275,4116.666666666667,71.05972756631672,1121.4058962757733
0.525,26.98464893239224,4170.833333333334,70.00542627996765,1104.767784655382
0.525,27.3350989185272,4225.000000000001,68.97548633744009,1088.5141236308243
0.525,27.685548904662166,4279.166666666667,67.9690288589336,1072.6310434474008
0.525,28.03599889079713,4333.333333333334,66.98521628859453,1057.1053264907907
0.525,28.386448876932096,4387.500000000002,66.0232499614358,1041.924368890189
0.525,28.73689886306706,4441.666666666668,65.08236799039878,1027.0761471736648
0.525,29.087348849202023,4495.833333333334,64.16184308938682,1012.549183913074
0.525,29.437798835336988,4550.0,63.26098071644083,998.3325184211915
0.525,29.788248821471953,4604.166666666668,62.379117268137634,984.415678257199
0.525,30.138698807606914,4658.333333333334,61.51561306207441,970.7885684820521
0.525,30.48914879374188,4712.5,60.669138074154034,957.4301997545898
0.525,30.839598779876845,4766.666666666667,59.83865221380256,944.3241582249112
0.525,31.19004876601181,4820.833333333334,59.02370979194529,931.4634103963592
0.525,31.540498752146775,4875.000000000001,58.223880076548085,918.8411588119307
0.525,31.890948738281736,4929.166666666668,57.438746818806976,906.4508345769917
0.525,32.2413987244167,4983.333333333334,56.66790776653215,894.2860896799066
0.525,32.591848710551666,5037.500000000001,55.9109741775319,882.3407893126642
0.525,32.94229869668663,5091.666666666667,55.1675703714136,870.609004797773
0.525,33.292748682821596,5145.833333333334,54.43733316613361,859.0850046963556
0.525,33.64319866895656,5200.0,53.71991146821529,847.7632483413096
0.525,33.99364865509152,5254.166666666667,53.01496582455002,836.6383787642008
0.525,34.34409864122649,5308.333333333334,52.322167897364125,825.7052144096253
0.525,34.69454862736145,5362.5,51.641200105659664,814.9587434767245
0.525,35.04499861349642,5416.666666666668,50.97175514890549,804.3941164024707
0.525,35.39544859963138,5470.833333333334,50.313535640150675,794.0066400717667
0.525,35.74589858576634,5525.0,49.66625366491007,783.791770856142
0.525,36.09634857190131,5579.166666666667,49.02963047084748,773.7451097165895
0.525,36.44679855803627,5633.333333333334,48.40339604478319,763.8623955282472
0.525,36.79724854417123,5687.5,47.78728885408508,754.1395009992474
0.525,37.1476985303062,5741.666666666668,47.18105542263437,744.5724259789573
0.525,37.49814851644116,5795.833333333334,46.58445012084198,735.1572941441921
0.525,37.848598502576124,5849.999999999999,45.99723479060116,725.8903470805261
0.525,38.19904848871109,5904.166666666667,45.4191785426455,716.7679410843652
0.525,38.549498474846054,5958.333333333334,44.850057449282446,707.7865423139207
0.525,38.89994846098102,6012.500000000002,44.28965425373603,698.9427222022964
0.525,39.250398447115984,6066.666666666668,43.73775825411671,690.2331556263969
0.525,39.600848433250945,6120.833333333334,43.19416492329718,681.6546149081214
0.525,39.951298419385914,6175.000000000002,42.65867580551726,673.203968182668
0.525,40.301748405520875,6229.166666666667,42.13109825241141,664.878175232737
0.525,40.652198391655844,6283.333333333335,41.611245260445145,656.6742849230884
0.525,41.002648377790806,6337.500000000002,41.098935251434405,648.5894317368786
0.525,41.35309836392577,6391.666666666667,40.5939918750081,640.6208326582881
0.525,41.703548350060736,6445.833333333335,40.09624388518807,632.7657852248079
0.525,42.0539983361957,6500.000000000002,0.0,0.0
0.5645833333333333,0.0,0.0,219.99999998719431,3471.8581905069577
0.5645833333333333,0.35044998613496414,54.16666666666667,219.99999998719431,3471.8581905069577
0.5645833333333333,0.7008999722699283,108.33333333333334,219.99999998719431,3471.8581905069577
0.5645833333333333,1.0513499584048924,162.5,219.99999998719431,3471.8581905069577
0.5645833333333333,1.4017999445398566,216.66666666666669,219.99999998719431,3471.8581905069577
0.5645833333333333,1.7522499306748207,270.83333333333337,219.99999998719431,3471.8581905069577
0.5645833333333333,2.102699916809785,325.0,219.99999998719431,3471.8581905069577
0.5645833333333333,2.453149902944749,379.16666666666674,219.99999998719431,3471.8581905069577
0.5645833333333333,2.803599889079713,433.33333333333337,219.99999998719431,3471.8581905069577
0.5645833333333333,3.1540498752146773,487.50000000000006,219.99999998719431,3471.8581905069577
0.5645833333333333,3.5044998613496414,541.6666666666667,219.99999998719431,3471.8581905069577
0.5645833333333333,3.8549498474846056,595.8333333333334,219.99999998719431,3471.8581905069577
0.5645833333333333,4.20539983361957,650.0,219.99999998719431,3471.8581905069577
0.5645833333333333,4.555849819754534,704.1666666666667,219.99999998719431,3471.8581905069577
0.5645833333333333,4.906299805889498,758.3333333333335,219.99999998719431,3471.8581905069577
0.5645833333333333,5.256749792024462,812.5000000000002,219.99999998719431,3471.8581905069577
0.5645833333333333,5.607199778159426,866.6666666666667,219.99999998719431,3471.8581905069577
0.5645833333333333,5.95764976429439,920.8333333333334,219.99999998719431,3471.8581905069577
0.5645833333333333,6.308099750429355,975.0000000000001,219.99999998719431,3471.8581905069577
0.5645833333333333,6.658549736564319,1029.1666666666667,219.99999998719431,3471.8581905069577
0.5645833333333333,7.008999722699283,1083.3333333333335,219.99999998719431,3471.8581905069577
0.5645833333333333,7.359449708834247,1137.5,219.99999998719431,3471.8581905069577
0.5645833333333333,7.709899694969211,1191.6666666666667,219.99999998719431,3471.8581905069577
0.5645833333333333,8.060349681104174,1245.8333333333335,219.99999998719431,3471.8581905069577
0.5645833333333333,8.41079966723914,1300.0,219.83947572647594,3469.3249292824917
0.5645833333333333,8.761249653374104,1354.166666666667,212.4855440913234,3353.27125754877
0.5645833333333333,9.111699639509068,1408.3333333333335,205.55452582542785,3243.891655110572
0.5645833333333333,9.462149625644031,1462.4999999999998,199.01362299453467,3140.668532073898
0.5645833333333333,9.812599611778996,1516.666666666667,192.83302868832834,3043.1315004127514
0.5645833333333333,10.163049597913961,1570.8333333333337,186.9856351148337,2950.8527673562207
0.5645833333333333,10.513499584048924,1625.0000000000005,181.4467685611453,2863.442952757732
0.5645833333333333,10.863949570183888,1679.1666666666667,176.19394974783063,2780.547307206291
0.5645833333333333,11.214399556318853,1733.3333333333335,171.20667777140625,2701.8423023851874
0.5645833333333333,11.564849542453818,1787.5000000000005,166.4662356756162,2627.0325627585935
0.5645833333333333,11.91529952858878,1841.6666666666667,161.95551589713432,2555.8481108998867
0.5645833333333333,12.265749514723744,1895.8333333333335,157.65886357519776,2488.041894733775
0.5645833333333333,12.61619950085871,1950.0000000000002,153.56193606043234,2423.387570420686
0.5645833333333333,12.966649486993674,2004.166666666667,149.65157706057653,2361.677516228585
0.5645833333333333,13.317099473128637,2058.3333333333335,145.9157037199475,2302.721050514428
0.5645833333333333,13.6675494592636,2112.5000000000005,142.34320553136058,2246.342836435616
0.5645833333333333,14.017999445398566,2166.666666666667,138.92385358223692,2192.3814497470617
0.5645833333333333,14.36844943153353,2220.833333333334,135.64821914886124,2140.688094123044
0.5645833333333333,14.718899417668494,2275.0,132.50760065275244,2091.1254484430087
0.5645833333333333,15.069349403803457,2329.166666666667,129.49395799310878,2043.5666304804906
0.5645833333333333,15.419799389938422,2383.3333333333335,126.59985352540389,1997.8942654760865
0.5645833333333333,15.770249376073387,2437.5000000000005,123.818398892181,1953.9996470649933
0.5645833333333333,16.12069936220835,2491.666666666667,121.14320721942931,1911.7819828797228
0.5645833333333333,16.471149348343314,2545.8333333333335,118.56834992300719,1871.1477129047676
0.5645833333333333,16.82159933447828,2600.0,116.08831776655279,1832.009894924731
0.5645833333333333,17.172049320613244,2654.166666666667,113.69798559462652,1794.287647971924
0.5645833333333333,17.52249930674821,2708.333333333334,111.39258058741689,1757.9056513483679
0.5645833333333333,17.87294929288317,2762.5,109.16765333269723,1722.7936881073208
0.5645833333333333,18.223399279018135,2816.666666666667,107.01905170222744,1688.8862327922423
0.5645833333333333,18.5738492651531,2870.833333333334,104.94289716123603,1656.1220775726113
0.5645833333333333,18.924299251288062,2924.9999999999995,102.93556311400607,1624.4439905118634
0.5645833333333333,19.274749237423027,2979.166666666667,100.99365540081635,1593.7984077862327
0.5645833333333333,19.625199223557992,3033.333333333334,99.11399433156475,1564.1351501542415
0.5645833333333333,19.975649209692957,3087.500000000001,97.29359849938191,1535.4071675165294
0.5645833333333333,20.326099195827922,3141.6666666666674,95.52966982359067,1507.5703028762005
0.5645833333333333,20.676549181962883,3195.8333333333335,93.819580078125,1480.583079741462
0.5645833333333333,21.02699916809785,3250.000000000001,92.16085839318112,1454.4065048870111
0.5645833333333333,21.377449154232814,3304.1666666666674,90.55117990938015,1429.0038893034089
0.5645833333333333,21.727899140367775,3358.3333333333335,88.9883554179687,1404.3406847072838
0.5645833333333333,22.07834912650274,3412.500000000001,87.47032170533203,1380.3843311664193
0.5645833333333333,22.428799112637705,3466.666666666667,85.99513287073933,1357.1041200835866
0.5645833333333333,22.77924909877267,3520.833333333334,84.56095219473355,1334.47106587019
0.5645833333333333,23.129699084907635,3575.000000000001,83.16604477586225,1312.4577897452393
0.5645833333333333,23.480149071042597,3629.166666666667,81.80877062841319,1291.0384108095182
0.5645833333333333,23.83059905717756,3683.3333333333335,80.48757843323983,1270.1884474262752
0.5645833333333333,24.181049043312527,3737.5,79.20099968556315,1249.8847248666684
0.5645833333333333,24.531499029447488,3791.666666666667,77.94764335500076,1230.105291038759
0.5645833333333333,24.881949015582453,3845.8333333333335,76.72619090415537,1210.82933787499
0.5645833333333333,25.23239900171742,3900.0000000000005,75.53539169137366,1192.037128782326
0.5645833333333333,25.582848987852383,3954.1666666666674,74.37405874487013,1173.7099319529689
0.5645833333333333,25.93329897398735,4008.333333333334,73.24106476735324,1155.8299573126687
0.5645833333333333,26.28374896012231,4062.5000000000005,72.13533853762783,1138.380299733787
0.5645833333333333,26.634198946257275,4116.666666666667,71.05586144025438,1121.3448842692467
0.5645833333333333,26.98464893239224,4170.833333333334,70.00166441779584,1104.7084180554114
0.5645833333333333,27.3350989185272,4225.000000000001,68.97182493587025,1088.4563424170528
0.5645833333333333,27.685548904662166,4279.166666666667,67.96546429395676,1072.5747904287136
0.5645833333333333,28.03599889079713,4333.333333333334,66.98174510267563,1057.0505471032272
0.5645833333333333,28.386448876932096,4387.500000000002,66.01986887631938,1041.8710113990303
0.5645833333333333,28.73689886306706,4441.666666666668,65.07907384308055,1027.0241616629912
0.5645833333333333,29.087348849202023,4495.833333333334,64.15863289614208,1012.4985232962081
0.5645833333333333,29.437798835336988,4550.0,63.257851608796045,998.2831374302546
0.5645833333333333,29.788248821471953,4604.166666666668,62.376066505676135,984.3675336451997
0.5645833333333333,30.138698807606914,4658.333333333334,61.51264334679581,970.7417028897154
0.5645833333333333,30.48914879374188,4712.5,60.66695732995868,957.3957850518785
0.5645833333333333,30.839598779876845,4766.666666666667,59.83764553326182,944.3082716245439
0.5645833333333333,31.19004876601181,4820.833333333334,59.02380338869989,931.4648874629914
0.5645833333333333,31.540498752146775,4875.000000000001,58.22500408277847,918.8588969493733
0.5645833333333333,31.890948738281736,4929.166666666668,57.44083501631394,906.483788784348
0.5645833333333333,32.2413987244167,4983.333333333334,56.67089740745723,894.3332697223294
0.5645833333333333,32.591848710551666,5037.500000000001,55.914805753855035,882.4012560837588
0.5645833333333333,32.94229869668663,5091.666666666667,55.172187422867864,870.6818672882656
0.5645833333333333,33.292748682821596,5145.833333333334,54.44268219056539,859.1694185794728
0.5645833333333333,33.64319866895656,5200.0,53.72594174230471,847.858413143535
0.5645833333333333,33.99364865509152,5254.166666666667,53.02162925014272,836.7435354402107
0.5645833333333333,34.34409864122649,5308.333333333334,52.329418937442824,825.8196443318453
0.5645833333333333,34.69454862736145,5362.5,51.6489956562873,815.0817664144411
0.5645833333333333,35.04499861349642,5416.666666666668,50.98005444403873,804.5250890196771
0.5645833333333333,35.39544859963138,5470.833333333334,50.322300119597585,794.1449538433806
0.5645833333333333,35.74589858576634,5525.0,49.67544694951086,783.9368516763273
0.5645833333333333,36.09634857190131,5579.166666666667,49.039218216987166,773.8964156027964
0.5645833333333333,36.44679855803627,5633.333333333334,48.413345890571705,764.0194157718706
0.5645833333333333,36.79724854417123,5687.5,47.79757029538858,754.3017542092558
0.5645833333333333,37.1476985303062,5741.666666666668,47.19163977898398,744.7394595438927
0.5645833333333333,37.49814851644116,5795.833333333334,46.59531043158326,735.3286825932864
0.5645833333333333,37.848598502576124,5849.999999999999,46.00834573941529,726.0656908925575
0.5645833333333333,38.19904848871109,5904.166666666667,45.43051636218509,716.9468651826985
0.5645833333333333,38.549498474846054,5958.333333333334,44.86159984170989,707.9686948125097
0.5645833333333333,38.89994846098102,6012.500000000002,44.30138036069513,699.1277739318012
0.5645833333333333,39.250398447115984,6066.666666666668,43.74964852579455,690.4207980678262
0.5645833333333333,39.600848433250945,6120.833333333334,43.20620109462517,681.844559817257
0.5645833333333333,39.951298419385914,6175.000000000002,42.670840784121374,673.3959458217884
0.5645833333333333,40.301748405520875,6229.166666666667,42.14337608888751,665.0719339015267
0.5645833333333333,40.652198391655844,6283.333333333335,41.62362105409924,656.8695894711088
0.5645833333333333,41.002648377790806,6337.500000000002,41.11139508180236,648.7860624828688
0.5645833333333333,41.35309836392577,6391.666666666667,40.60652280097797,640.8185853763138
0.5645833333333333,41.703548350060736,6445.833333333335,40.108833826537754,632.964469274787
0.5645833333333333,42.0539983361957,6500.000000000002,0.0,0.0
0.6041666666666667,0.0,0.0,219.99999998719431,3471.8581905069577
0.6041666666666667,0.35044998613496414,54.16666666666667,219.99999998719431,3471.8581905069577
0.6041666666666667,0.7008999722699283,108.33333333333334,219.99999998719431,3471.8581905069577
0.6041666666666667,1.0513499584048924,162.5,219.99999998719431,3471.8581905069577
0.6041666666666667,1.4017999445398566,216.66666666666669,219.99999998719431,3471.8581905069577
0.6041666666666667,1.7522499306748207,270.83333333333337,219.99999998719431,3471.8581905069577
0.6041666666666667,2.102699916809785,325.0,219.99999998719431,3471.8581905069577
0.6041666666666667,2.453149902944749,379.16666666666674,219.99999998719431,3471.8581905069577
0.6041666666666667,2.803599889079713,433.33333333333337,219.99999998719431,3471.8581905069577
0.6041666666666667,3.1540498752146773,487.50000000000006,219.99999998719431,3471.8581905069577
0.6041666666666667,3.5044998613496414,541.6666666666667,219.99999998719431,3471.8581905069577
0.6041666666666667,3.8549498474846056,595.8333333333334,219.99999998719431,3471.8581905069577
0.6041666666666667,4.20539983361957,650.0,219.99999998719431,3471.8581905069577
0.6041666666666667,4.555849819754534,704.1666666666667,219.99999998719431,3471.8581905069577
0.6041666666666667,4.906299805889498,758.3333333333335,219.99999998719431,3471.8581905069577
0.6041666666666667,5.256749792024462,812.5000000000002,219.99999998719431,3471.8581905069577
0.6041666666666667,5.607199778159426,866.6666666666667,219.99999998719431,3471.8581905069577
0.6041666666666667,5.95764976429439,920.8333333333334,219.99999998719431,3471.8581905069577
0.6041666666666667,6.308099750429355,975.0000000000001,219.99999998719431,3471.8581905069577
0.6041666666666667,6.658549736564319,1029.1666666666667,219.99999998719431,3471.8581905069577
0.6041666666666667,7.008999722699283,1083.3333333333335,219.99999998719431,3471.8581905069577
0.6041666666666667,7.359449708834247,1137.5,219.99999998719431,3471.8581905069577
0.6041666666666667,7.709899694969211,1191.6666666666667,219.99999998719431,3471.8581905069577
0.6041666666666667,8.060349681104174,1245.8333333333335,219.99999998719431,3471.8581905069577
0.6041666666666667,8.41079966723914,1300.0,219.8084774776362,3468.8357405364372
0.6041666666666667,8.761249653374104,1354.166666666667,212.45638979715295,3352.8111685714516
0.6041666666666667,9.111699639509068,1408.3333333333335,205.5270711146295,3243.4583875534872
0.6041666666666667,9.462149625644031,1462.4999999999998,198.98773672408424,3140.260016346215
0.6041666666666667,9.812599611778996,1516.666666666667,192.8085916757118,3042.745855674528
0.6041666666666667,10.163049597913961,1570.8333333333337,186.96253892150708,2950.4882823199696
0.6041666666666667,10.513499584048924,1625.0000000000005,181.42491445527412,2863.0980693192346
0.6041666666666667,10.863949570183888,1679.1666666666667,176.1732477566693,2780.22060549003
0.6041666666666667,11.214399556318853,1733.3333333333335,171.18704581051134,2701.532487002312
0.6041666666666667,11.564849542453818,1787.5000000000005,166.44759876769967,2626.738450479505
0.6041666666666667,11.91529952858878,1841.6666666666667,161.93780548055656,2555.5686197414484
0.6041666666666667,12.265749514723744,1895.8333333333335,157.64201686368324,2487.7760338548737
0.6041666666666667,12.61619950085871,1950.0000000000002,153.54589554364793,2423.1344322407713
0.6041666666666667,12.966649486993674,2004.166666666667,149.63628991506994,2361.4362671315866
0.6041666666666667,13.317099473128637,2058.3333333333335,145.9011214505881,2302.4909251902714
0.6041666666666667,13.6675494592636,2112.5000000000005,142.3292834975291,2246.123130402938
0.6041666666666667,14.017999445398566,2166.666666666667,138.9105506776832,2192.1715143009933
0.6041666666666667,14.36844943153353,2220.833333333334,135.6354974687565,2140.487331080902
0.6041666666666667,14.718899417668494,2275.0,132.4954251863528,2090.9333052941665
0.6041666666666667,15.069349403803457,2329.166666666667,129.48229638044722,2043.382596546691
0.6041666666666667,15.419799389938422,2383.3333333333335,126.58867581398226,1997.717868071757
0.6041666666666667,15.770249376073387,2437.5000000000005,123.80767734488472,1953.8304484659132
0.6041666666666667,16.12069936220835,2491.666666666667,121.13291610963643,1911.619577089605
0.6041666666666667,16.471149348343314,2545.8333333333335,118.55846534250304,1870.9917226239265
0.6041666666666667,16.82159933447828,2600.0,116.07881747186184,1831.8599691250179
0.6041666666666667,17.172049320613244,2654.166666666667,113.68884893017821,1794.1434606841938
0.6041666666666667,17.52249930674821,2708.333333333334,111.38378829346038,1757.7668986311492
0.6041666666666667,17.87294929288317,2762.5,109.15918743005022,1722.6600862280177
0.6041666666666667,18.223399279018135,2816.666666666667,107.01089541544206,1688.7575170145988
0.6041666666666667,18.5738492651531,2870.833333333334,104.93503481615335,1655.998000540004
0.6041666666666667,18.924299251288062,2924.9999999999995,102.92798007372767,1624.3243212368589
0.6041666666666667,19.274749237423027,2979.166666666667,100.9863379120361,1593.6829292255186
0.6041666666666667,19.625199223557992,3033.333333333334,99.10692955018021,1564.0236596128073
0.6041666666666667,19.975649209692957,3087.500000000001,97.28677434963174,1535.2994744246896
0.6041666666666667,20.326099195827922,3141.6666666666674,95.52307499805465,1507.4662287895935
0.6041666666666667,20.676549181962883,3195.8333333333335,93.8132039224729,1480.4824565222527
0.6041666666666667,21.02699916809785,3250.000000000001,92.15469089336693,1454.3091745018016
0.6041666666666667,21.377449154232814,3304.1666666666674,90.54521166603081,1428.9097034190606
0.6041666666666667,21.727899140367775,3358.3333333333335,88.98257754393853,1404.2495030742084
0.6041666666666667,22.07834912650274,3412.500000000001,87.46472585131414,1380.296022022756
0.6041666666666667,22.428799112637705,3466.666666666667,85.98971113562584,1357.0185587405795
0.6041666666666667,22.77924909877267,3520.833333333334,84.55569715122692,1334.3881351163673
0.6041666666666667,23.129699084907635,3575.000000000001,83.16094936802983,1312.377378229703
0.6041666666666667,23.480149071042597,3629.166666666667,81.80382821010426,1290.96041364821
0.6041666666666667,23.83059905717756,3683.3333333333335,80.48278269125149,1270.1127649894445
0.6041666666666667,24.181049043312527,3737.5,79.19634467805736,1249.8112633851376
0.6041666666666667,24.531499029447488,3791.666666666667,77.94312343467027,1230.0339613913918
0.6041666666666667,24.881949015582453,3845.8333333333335,76.72180071822368,1210.7600555886913
0.6041666666666667,25.23239900171742,3900.0000000000005,75.53112615598366,1191.9698136278646
0.6041666666666667,25.582848987852383,3954.1666666666674,74.3699130450841,1173.6445079449763
0.6041666666666667,25.93329897398735,4008.333333333334,73.23703431873582,1155.766352103375
0.6041666666666667,26.28374896012231,4062.5000000000005,72.1314189734403,1138.3184444109302
0.6041666666666667,26.634198946257275,4116.666666666667,71.05204864987172,1121.28471396234
0.6041666666666667,26.98464893239224,4170.833333333334,69.99795444426127,1104.6498703190327
0.6041666666666667,27.3350989185272,4225.000000000001,68.96821402711794,1088.3993580391998
0.6041666666666667,27.685548904662166,4279.166666666667,67.96194887720048,1072.5193130266273
0.6041666666666667,28.03599889079713,4333.333333333334,66.97832178440876,1056.9965231233898
0.6041666666666667,28.386448876932096,4387.500000000002,66.01653440389782,1041.818389510901
0.6041666666666667,28.73689886306706,4441.666666666668,65.07582511752844,1026.9728929610937
0.6041666666666667,29.087348849202023,4495.833333333334,64.1554669465404,1012.4485608959537
0.6041666666666667,29.437798835336988,4550.0,63.254765630699694,998.2344370742082
0.6041666666666667,29.788248821471953,4604.166666666668,62.373057797085494,984.3200526926366
0.6041666666666667,30.138698807606914,4658.333333333334,61.50970932096243,970.6954005187092
0.6041666666666667,30.48914879374188,4712.5,60.664113712264225,957.350909427407
0.6041666666666667,30.839598779876845,4766.666666666667,59.835646834690124,944.2767298154215
0.6041666666666667,31.19004876601181,4820.833333333334,59.022925584577024,931.4510346837467
0.6041666666666667,31.540498752146775,4875.000000000001,58.22517743334174,918.8616326247048
0.6041666666666667,31.890948738281736,4929.166666666668,57.441993405809626,906.5020695300691
0.6041666666666667,32.2413987244167,4983.333333333334,56.67297811363824,894.3661057077702
0.6041666666666667,32.591848710551666,5037.500000000001,55.91774924308993,882.4477077983472
0.6041666666666667,32.94229869668663,5091.666666666667,55.175937209278345,870.7410433185504
0.6041666666666667,33.292748682821596,5145.833333333334,54.447184631135315,859.2404723757039
0.6041666666666667,33.64319866895656,5200.0,53.73114593443461,847.9405414029541
0.6041666666666667,33.99364865509152,5254.166666666667,53.027486903592944,836.835976086163
0.6041666666666667,34.34409864122649,5308.333333333334,52.33588424627669,825.9216744928922
0.6041666666666667,34.69454862736145,5362.5,51.65602518361993,815.1927006055621
0.6041666666666667,35.04499861349642,5416.666666666668,50.98760705213765,804.6442780391747
0.6041666666666667,35.39544859963138,5470.833333333334,50.3303368829963,794.2717834017104
0.6041666666666667,35.74589858576634,5525.0,49.68393104221943,784.0707406161499
0.6041666666666667,36.09634857190131,5579.166666666667,49.04811483686714,774.0368147055233
0.6041666666666667,36.44679855803627,5633.333333333334,48.42262219373079,764.1658067223359
0.6041666666666667,36.79724854417123,5687.5,47.80719530946221,754.4536482271975
0.6041666666666667,37.1476985303062,5741.666666666668,47.20158430850318,744.8963958905472
0.6041666666666667,37.49814851644116,5795.833333333334,46.60554699154852,735.490227523105
0.6041666666666667,37.848598502576124,5849.999999999999,46.01884848016399,726.2314364675269
0.6041666666666667,38.19904848871109,5904.166666666667,45.441261021052966,717.1164285095022
0.6041666666666667,38.549498474846054,5958.333333333334,44.872563615915595,708.1417160364969
0.6041666666666667,38.89994846098102,6012.500000000002,44.312541877658816,699.303915768579
0.6041666666666667,39.250398447115984,6066.666666666668,43.76098774661469,690.5997442800111
0.6041666666666667,39.600848433250945,6120.833333333334,43.21769925560794,682.0260142917396
0.6041666666666667,39.951298419385914,6175.000000000002,42.68248032971292,673.5796315113251
0.6041666666666667,40.301748405520875,6229.166666666667,42.155140607522064,665.2575918123501
0.6041666666666667,40.652198391655844,6283.333333333335,41.635495194873634,657.0569773479508
0.6041666666666667,41.002648377790806,6337.500000000002,41.12336453996534,648.9749545799665
0.6041666666666667,41.35309836392577,6391.666666666667,40.6185741961996,641.0087705363578
0.6041666666666667,41.703548350060736,6445.833333333335,40.120954693222075,633.1557507760438
0.6041666666666667,42.0539983361957,6500.000000000002,0.0,0.0
0.64375,0.0,0.0,219.99999998719431,3471.8581905069577
0.64375,0.35044998613496414,54.16666666666667,219.99999998719431,3471.8581905069577
0.64375,0.7008999722699283,108.33333333333334,219.99999998719431,3471.8581905069577
0.64375,1.0513499584048924,162.5,219.99999998719431,3471.8581905069577
0.64375,1.4017999445398566,216.66666666666669,219.99999998719431,3471.8581905069577
0.64375,1.7522499306748207,270.83333333333337,219.99999998719431,3471.8581905069577
0.64375,2.102699916809785,325.0,219.99999998719431,3471.8581905069577
0.64375,2.453149902944749,379.16666666666674,219.99999998719431,3471.8581905069577
0.64375,2.803599889079713,433.33333333333337,219.99999998719431,3471.8581905069577
0.64375,3.1540498752146773,487.50000000000006,219.99999998719431,3471.8581905069577
0.64375,3.5044998613496414,541.6666666666667,219.99999998719431,3471.8581905069577
0.64375,3.8549498474846056,595.8333333333334,219.99999998719431,3471.8581905069577
0.64375,4.20539983361957,650.0,219.99999998719431,3471.8581905069577
0.64375,4.555849819754534,704.1666666666667,219.99999998719431,3471.8581905069577
0.64375,4.906299805889498,758.3333333333335,219.99999998719431,3471.8581905069577
0.64375,5.256749792024462,812.5000000000002,219.99999998719431,3471.8581905069577
0.64375,5.607199778159426,866.6666666666667,219.99999998719431,3471.8581905069577
0.64375,5.95764976429439,920.8333333333334,219.99999998719431,3471.8581905069577
0.64375,6.308099750429355,975.0000000000001,219.99999998719431,3471.8581905069577
0.64375,6.658549736564319,1029.1666666666667,219.99999998719431,3471.8581905069577
0.64375,7.008999722699283,1083.3333333333335,219.99999998719431,3471.8581905069577
0.64375,7.359449708834247,1137.5,219.99999998719431,3471.8581905069577
0.64375,7.709899694969211,1191.6666666666667,219.99999998719431,3471.8581905069577
0.64375,8.060349681104174,1245.8333333333335,219.99999998719431,3471.8581905069577
0.64375,8.41079966723914,1300.0,219.78101248387247,3468.4023107020903
0.64375,8.761249653374104,1354.166666666667,212.43055843748152,3352.4035194003045
0.64375,9.111699639509068,1408.3333333333335,205.50274551147595,3243.074500987339
0.64375,9.462149625644031,1462.4999999999998,198.96480069146492,3139.898058833888
0.64375,9.812599611778996,1516.666666666667,192.78693961794488,3042.4041607922377
0.64375,10.163049597913961,1570.8333333333337,186.94207478314638,2950.1653342000445
0.64375,10.513499584048924,1625.0000000000005,181.40555077348836,2862.7924876955517
0.64375,10.863949570183888,1679.1666666666667,176.15490481606685,2779.931132360155
0.64375,11.214399556318853,1733.3333333333335,171.16965087479912,2701.257974502178
0.64375,11.564849542453818,1787.5000000000005,166.4310854265932,2626.477850576885
0.64375,11.91529952858878,1841.6666666666667,161.92211299668998,2555.320973929427
0.64375,12.265749514723744,1895.8333333333335,157.62708963477053,2487.5404646641236
0.64375,12.61619950085871,1950.0000000000002,153.53168257744983,2422.910134953912
0.64375,12.966649486993674,2004.166666666667,149.62274444522336,2361.222503720524
0.64375,13.317099473128637,2058.3333333333335,145.88820050121285,2302.2870174451796
0.64375,13.6675494592636,2112.5000000000005,142.31694752466865,2245.9284542737746
0.64375,14.017999445398566,2166.666666666667,138.89876326196827,2191.98549504737
0.64375,14.36844943153353,2220.833333333334,135.6242250208743,2140.309438624042
0.64375,14.718899417668494,2275.0,132.48463669093326,2090.7630501751314
0.64375,15.069349403803457,2329.166666666667,129.47196317836642,2043.2195264908705
0.64375,15.419799389938422,2383.3333333333335,126.57877137186006,1997.5615643512735
0.64375,15.770249376073387,2437.5000000000005,123.79817707580514,1953.6805230703771
0.64375,16.12069936220835,2491.666666666667,121.12379720667377,1911.475670098963
0.64375,16.471149348343314,2545.8333333333335,118.54970662505366,1870.853499783396
0.64375,16.82159933447828,2600.0,116.07039927039295,1831.727120026287
0.64375,17.172049320613244,2654.166666666667,113.68075291975401,1794.0156961382695
0.64375,17.52249930674821,2708.333333333334,111.37599739129655,1757.643949051647
0.64375,17.87294929288317,2762.5,109.15168573148549,1722.5417006207165
0.64375,18.223399279018135,2816.666666666667,107.00366806588136,1688.6434609565556
0.64375,18.5738492651531,2870.833333333334,104.92806792142801,1655.888054764932
0.64375,18.924299251288062,2924.9999999999995,102.92126063606702,1624.2182806246813
0.64375,19.274749237423027,2979.166666666667,100.9798537788447,1593.5806019940176
0.64375,19.625199223557992,3033.333333333334,99.10066933720373,1563.9248661050892
0.64375,19.975649209692957,3087.500000000001,97.28072735131718,1535.2040456945642
0.64375,20.326099195827922,3141.6666666666674,95.51723118755035,1507.3740066015741
0.64375,20.676549181962883,3195.8333333333335,93.8075538747944,1480.393292139023
0.64375,21.02699916809785,3250.000000000001,92.14922574697994,1454.222928077951
0.64375,21.377449154232814,3304.1666666666674,90.53992305882275,1428.8262429906392
0.64375,21.727899140367775,3358.3333333333335,88.97745762602426,1404.168704760816
0.64375,22.07834912650274,3412.500000000001,87.45976720820181,1380.2177688150089
0.64375,22.428799112637705,3466.666666666667,85.9849067882169,1356.9427405001127
0.64375,22.77924909877267,3520.833333333334,84.55104049178772,1334.3146475653884
0.64375,23.129699084907635,3575.000000000001,83.15643416019157,1312.3061229509938
0.64375,23.480149071042597,3629.166666666667,81.79944856325164,1290.8912976809481
0.64375,23.83059905717756,3683.3333333333335,80.47853303491138,1270.0457004250256
0.64375,24.181049043312527,3737.5,79.192219710676,1249.746166558822
0.64375,24.531499029447488,3791.666666666667,77.93911816203035,1229.9707534885697
0.64375,24.881949015582453,3845.8333333333335,76.7179104022216,1210.6986618365268
0.64375,25.23239900171742,3900.0000000000005,75.52734630182385,1191.9101630932082
0.64375,25.582848987852383,3954.1666666666674,74.36623936286196,1173.5865329280991
0.64375,25.93329897398735,4008.333333333334,73.23346276185475,1155.7099887442337
0.64375,26.28374896012231,4062.5000000000005,72.127945687389,1138.2636318808127
0.64375,26.634198946257275,4116.666666666667,71.04866995941848,1121.2313942617766
0.64375,26.98464893239224,4170.833333333334,69.99466685345396,1104.5979882777963
0.64375,27.3350989185272,4225.000000000001,68.96501423208974,1088.3488615183944
0.64375,27.685548904662166,4279.166666666667,67.95883370214142,1072.4701519082441
0.64375,28.03599889079713,4333.333333333334,66.97528820717707,1056.9486497144853
0.64375,28.386448876932096,4387.500000000002,66.01357955601998,1041.7717585435964
0.64375,28.73689886306706,4441.666666666668,65.07294625858776,1026.927461188398
0.64375,29.087348849202023,4495.833333333334,64.1526614385657,1012.4042866875852
0.64375,29.437798835336988,4550.0,63.25203097658232,998.1912810228621
0.64375,29.788248821471953,4604.166666666668,62.37039161496796,984.2779772098061
0.64375,30.138698807606914,4658.333333333334,61.50710930582136,970.6543692284205
0.64375,30.48914879374188,4712.5,60.66157769993879,957.3108881766624
0.64375,30.839598779876845,4766.666666666667,59.83321657171473,944.2383774135276
0.64375,31.19004876601181,4820.833333333334,59.02133885771036,931.4259942716175
0.64375,31.540498752146775,4875.000000000001,58.22455079993233,918.851743614091
0.64375,31.890948738281736,4929.166666666668,57.44226763956249,906.5063972605284
0.64375,32.2413987244167,4983.333333333334,56.674096984788775,894.3837628076265
0.64375,32.591848710551666,5037.500000000001,55.91965937754139,882.4778519617139
0.64375,32.94229869668663,5091.666666666667,55.17858788371086,870.7828740719115
0.64375,33.292748682821596,5145.833333333334,54.450527670560405,859.2932294612033
0.64375,33.64319866895656,5200.0,53.73513554572128,848.0035021512421
0.64375,33.99364865509152,5254.166666666667,53.03207961143926,836.9084544059529
0.64375,34.34409864122649,5308.333333333334,52.34103875234723,826.0030186479835
0.64375,34.69454862736145,5362.5,51.66170230251737,815.282292204397
0.64375,35.04499861349642,5416.666666666668,50.99376960919781,804.7415304219251
0.64375,35.39544859963138,5470.833333333334,50.33694963502206,794.3761403893641
0.64375,35.74589858576634,5525.0,49.69096061103714,784.1816754619541
0.64375,36.09634857190131,5579.166666666667,49.055529644193925,774.1538290671142
0.64375,36.44679855803627,5633.333333333334,48.430392379712785,764.2884293761765
0.64375,36.79724854417123,5687.5,47.81529267932925,754.5814342267254
0.64375,37.1476985303062,5741.666666666668,47.20998225773113,745.0289253851481
0.64375,37.49814851644116,5795.833333333334,46.614220446410926,735.6271048199494
0.64375,37.848598502576124,5849.999999999999,46.02777384103575,726.3722891368344
0.64375,38.19904848871109,5904.166666666667,45.45041604994567,717.2609056097173
0.64375,38.549498474846054,5958.333333333334,44.88192744480206,708.28948824566
0.64375,38.89994846098102,6012.500000000002,44.32209490178753,699.4546737007033
0.64375,39.250398447115984,6066.666666666668,43.770711568031615,690.7531975937899
0.64375,39.600848433250945,6120.833333333334,43.227576640438144,682.1818910164011
0.64375,39.951298419385914,6175.000000000002,42.69249512266812,673.7376766974606
0.64375,40.301748405520875,6229.166666666667,42.16527769438464,665.4175669398671
0.64375,40.652198391655844,6283.333333333335,41.64574043368947,657.2186592402168
0.64375,41.002648377790806,6337.500000000002,41.133704716928335,649.1381347076135
0.64375,41.35309836392577,6391.666666666667,40.628996972622076,641.1732541804138
0.64375,41.703548350060736,6445.833333333335,40.13144855473329,633.321356226225
0.64375,42.0539983361957,6500.000000000002,0.0,0.0
0.6833333333333333,0.0,0.0,219.99999998719431,3471.8581905069577
0.6833333333333333,0.35044998613496414,54.16666666666667,219.99999998719431,3471.8581905069577
0.6833333333333333,0.7008999722699283,108.33333333333334,219.99999998719431,3471.8581905069577
0.6833333333333333,1.0513499584048924,162.5,219.99999998719431,3471.8581905069577
0.6833333333333333,1.4017999445398566,216.66666666666669,219.99999998719431,3471.8581905069577
0.6833333333333333,1.7522499306748207,270.83333333333337,219.99999998719431,3471.8581905069577
0.6833333333333333,2.102699916809785,325.0,219.99999998719431,3471.8581905069577
0.6833333333333333,2.453149902944749,379.16666666666674,219.99999998719431,3471.8581905069577
0.6833333333333333,2.803599889079713,433.33333333333337,219.99999998719431,3471.8581905069577
0.6833333333333333,3.1540498752146773,487.50000000000006,219.99999998719431,3471.8581905069577
0.6833333333333333,3.5044998613496414,541.6666666666667,219.99999998719431,3471.8581905069577
0.6833333333333333,3.8549498474846056,595.8333333333334,219.99999998719431,3471.8581905069577
0.6833333333333333,4.20539983361957,650.0,219.99999998719431,3471.8581905069577
0.6833333333333333,4.555849819754534,704.1666666666667,219.99999998719431,3471.8581905069577
0.6833333333333333,4.906299805889498,758.3333333333335,219.99999998719431,3471.8581905069577
0.6833333333333333,5.256749792024462,812.5000000000002,219.99999998719431,3471.8581905069577
0.6833333333333333,5.607199778159426,866.6666666666667,219.99999998719431,3471.8581905069577
0.6833333333333333,5.95764976429439,920.8333333333334,219.99999998719431,3471.8581905069577
0.6833333333333333,6.308099750429355,975.0000000000001,219.99999998719431,3471.8581905069577
0.6833333333333333,6.658549736564319,1029.1666666666667,219.99999998719431,3471.8581905069577
0.6833333333333333,7.008999722699283,1083.3333333333335,219.99999998719431,3471.8581905069577
0.6833333333333333,7.359449708834247,1137.5,219.99999998719431,3471.8581905069577
0.6833333333333333,7.709899694969211,1191.6666666666667,219.99999998719431,3471.8581905069577
0.6833333333333333,8.060349681104174,1245.8333333333335,219.99999998719431,3471.8581905069577
0.6833333333333333,8.41079966723914,1300.0,219.75356607115828,3467.9691740985118
0.6833333333333333,8.761249653374104,1354.166666666667,212.4047444295138,3351.9961440594057
0.6833333333333333,9.111699639509068,1408.3333333333335,205.4784361203201,3242.6908702655414
0.6833333333333333,9.462149625644031,1462.4999999999998,198.94187985919416,3139.5363412009015
0.6833333333333333,9.812599611778996,1516.666666666667,192.76530180010013,3042.0626906326315
0.6833333333333333,10.163049597913961,1570.8333333333337,186.92162400111556,2949.8425968586807
0.6833333333333333,10.513499584048924,1625.0000000000005,181.38619965407997,2862.4871043209273
0.6833333333333333,10.863949570183888,1679.1666666666667,176.13657369511202,2779.641845758192
0.6833333333333333,11.214399556318853,1733.3333333333335,171.15226709283888,2700.983638021341
0.6833333333333333,11.564849542453818,1787.5000000000005,166.41458259895444,2626.217416589123
0.6833333333333333,11.91529952858878,1841.6666666666667,161.90643043722957,2555.073484736182
0.6833333333333333,12.265749514723744,1895.8333333333335,157.61217177961953,2487.3050434023335
0.6833333333333333,12.61619950085871,1950.0000000000002,153.5174784983974,2422.6859779166407
0.6833333333333333,12.966649486993674,2004.166666666667,149.60920740151778,2361.0088732838544
0.6833333333333333,13.317099473128637,2058.3333333333335,145.87528754258528,2302.083235803464
0.6833333333333333,13.6675494592636,2112.5000000000005,142.30461914557964,2245.7338979832366
0.6833333333333333,14.017999445398566,2166.666666666667,138.88698305585422,2191.799589569709
0.6833333333333333,14.36844943153353,2220.833333333334,135.61295943683945,2140.1316544867486
0.6833333333333333,14.718899417668494,2275.0,132.47385473921895,2090.5928983234444
0.6833333333333333,15.069349403803457,2329.166666666667,129.4616362126544,2043.0565548522688
0.6833333333333333,15.419799389938422,2383.3333333333335,126.56887287157588,1997.405354399967
0.6833333333333333,15.770249376073387,2437.5000000000005,123.7886824796442,1953.5306872001554
0.6833333333333333,16.12069936220835,2491.666666666667,121.11468372051604,1911.33184859186
0.6833333333333333,16.471149348343314,2545.8333333333335,118.54095310671255,1870.7153589908953
0.6833333333333333,16.82159933447828,2600.0,116.06198603753,1831.5943493379891
0.6833333333333333,17.172049320613244,2654.166666666667,113.6726616602391,1793.88800656727
0.6833333333333333,17.52249930674821,2708.333333333334,111.3682110607624,1757.5210716178262
0.6833333333333333,17.87294929288317,2762.5,109.14418841246516,1722.4233841277664
0.6833333333333333,18.223399279018135,2816.666666666667,106.99644490377977,1688.5294709815319
0.6833333333333333,18.5738492651531,2870.833333333334,104.92110504768789,1655.7781724457247
0.6833333333333333,18.924299251288062,2924.9999999999995,102.91454507852904,1624.112301245393
0.6833333333333333,19.274749237423027,2979.166666666667,100.97337338491343,1593.4783337724298
0.6833333333333333,19.625199223557992,3033.333333333334,99.09441269701347,1563.8261289801308
0.6833333333333333,19.975649209692957,3087.500000000001,97.27468381053768,1535.1086715283998
0.6833333333333333,20.326099195827922,3141.6666666666674,95.51139070652425,1507.281836956628
0.6833333333333333,20.676549181962883,3195.8333333333335,93.80190702853724,1480.3041782779794
0.6833333333333333,21.02699916809785,3250.000000000001,92.14376367395744,1454.1367301553992
0.6833333333333333,21.377449154232814,3304.1666666666674,90.53463743533939,1428.7428296488952
0.6833333333333333,21.727899140367775,3358.3333333333335,88.97234057658352,1404.0879517153014
0.6833333333333333,22.07834912650274,3412.500000000001,87.45481134392321,1380.1395594605192
0.6833333333333333,22.428799112637705,3466.666666666667,85.98010511719622,1356.8669644961933
0.6833333333333333,22.77924909877267,3520.833333333334,84.54638641909696,1334.2412008363358
0.6833333333333333,23.129699084907635,3575.000000000001,83.15192146226764,1312.2349072816787
0.6833333333333333,23.480149071042597,3629.166666666667,81.79507133667357,1290.8222199084585
0.6833333333333333,23.83059905717756,3683.3333333333335,80.47428570920601,1269.9786726407583
0.6833333333333333,24.181049043312527,3737.5,79.18809702270664,1249.6811057043033
0.6833333333333333,24.531499029447488,3791.666666666667,77.93511510477401,1229.9075805471
0.6833333333333333,24.881949015582453,3845.8333333333335,76.714022224769,1210.6373018331822
0.6833333333333333,25.23239900171742,3900.0000000000005,75.5235685093794,1191.8505450948394
0.6833333333333333,25.582848987852383,3954.1666666666674,74.36256769113243,1173.5285896391547
0.6833333333333333,25.93329897398735,4008.333333333334,73.22989315143786,1155.6536561025812
0.6833333333333333,26.28374896012231,4062.5000000000005,72.12447428377345,1138.2088490577403
0.6833333333333333,26.634198946257275,4116.666666666667,71.04529310017824,1121.1781034599035
0.6833333333333333,26.98464893239224,4170.833333333334,69.99138105544262,1104.5461345289839
0.6833333333333333,27.3350989185272,4225.000000000001,68.96181616582908,1088.2983922795693
0.6833333333333333,27.685548904662166,4279.166666666667,67.95572021743283,1072.421017465575
0.6833333333333333,28.03599889079713,4333.333333333334,66.97225626907311,1056.9008021729398
0.6833333333333333,28.386448876932096,4387.500000000002,66.01062629604712,1041.7251526352961
0.6833333333333333,28.73689886306706,4441.666666666668,65.07006893632933,1026.8820536663513
0.6833333333333333,29.087348849202023,4495.833333333334,64.14985744166188,1012.3600363256885
0.6833333333333333,29.437798835336988,4550.0,63.249297795118764,998.1481482117215
0.6833333333333333,29.788248821471953,4604.166666666668,62.367726841475815,984.2359239567375
0.6833333333333333,30.138698807606914,4658.333333333334,61.5045106865,970.6133599658051
0.6833333333333333,30.48914879374188,4712.5,60.65904303221032,957.2708881452361
0.6833333333333333,30.839598779876845,4766.666666666667,59.83074376825243,944.1993536728248
0.6833333333333333,31.19004876601181,4820.833333333334,59.019057563273236,931.3899927680858
0.6833333333333333,31.540498752146775,4875.000000000001,58.22318846709095,918.8302444030281
0.6833333333333333,31.890948738281736,4929.166666666668,57.44183161878027,906.4995163408735
0.6833333333333333,32.2413987244167,4983.333333333334,56.674530521268025,894.3906045220649
0.6833333333333333,32.591848710551666,5037.500000000001,55.920908546540886,882.4975653145432
0.6833333333333333,32.94229869668663,5091.666666666667,55.18060144968331,870.8146505060658
0.6833333333333333,33.292748682821596,5145.833333333334,54.453256882261485,859.3362996248331
0.6833333333333333,33.64319866895656,5200.0,53.738534084986895,848.0571350893593
0.6833333333333333,33.99364865509152,5254.166666666667,53.03610340110026,836.9719545290994
0.6833333333333333,34.34409864122649,5308.333333333334,52.34564590500668,826.0757249238768
0.6833333333333333,34.69454862736145,5362.5,51.66685301810503,815.3635765412199
0.6833333333333333,35.04499861349642,5416.666666666668,50.999426087003556,804.8307962801088
0.6833333333333333,35.39544859963138,5470.833333333334,50.343076008360185,794.4728217505154
0.6833333333333333,35.74589858576634,5525.0,49.69752285347315,784.2852353490036
0.6833333333333333,36.09634857190131,5579.166666666667,49.06249551100379,774.2637586204742
0.6833333333333333,36.44679855803627,5633.333333333334,48.43773135159063,764.4042469653832
0.6833333333333333,36.79724854417123,5687.5,47.82297589665724,754.7026844131398
0.6833333333333333,37.1476985303062,5741.666666666668,47.21798246995395,745.1551781230265
0.6833333333333333,37.49814851644116,5795.833333333334,46.6225119043156,735.7579537564917
0.6833333333333333,37.848598502576124,5849.999999999999,46.03633227649235,726.5073512924691
0.6833333333333333,38.19904848871109,5904.166666666667,45.459218609881646,717.3998203361397
0.6833333333333333,38.549498474846054,5958.333333333334,44.890952639745635,708.4319164137854
0.6833333333333333,38.89994846098102,6012.500000000002,44.3313224994114,699.6002960206623
0.6833333333333333,39.250398447115984,6066.666666666668,43.78012259369957,690.9017146235549
0.6833333333333333,39.600848433250945,6120.833333333334,43.23715326512121,682.3330213929703
0.6833333333333333,39.951298419385914,6175.000000000002,42.70222066739525,673.891157207097
0.6833333333333333,40.301748405520875,6229.166666666667,42.17513649065765,665.5731503152806
0.6833333333333333,40.652198391655844,6283.333333333335,41.65571784348601,657.3761144762358
0.6833333333333333,41.002648377790806,6337.500000000002,41.14378703221821,649.2972454754339
0.6833333333333333,41.35309836392577,6391.666666666667,40.639171383841955,641.3338183300926
0.6833333333333333,41.703548350060736,6445.833333333335,40.141703088507654,633.4831848038451
0.6833333333333333,42.0539983361957,6500.000000000002,0.0,0.0
0.7229166666666667,0.0,0.0,219.99999998719431,3471.8581905069577
0.7229166666666667,0.35044998613496414,54.16666666666667,219.99999998719431,3471.8581905069577
0.7229166666666667,0.7008999722699283,108.33333333333334,219.99999998719431,3471.8581905069577
0.7229166666666667,1.0513499584048924,162.5,219.99999998719431,3471.8581905069577
0.7229166666666667,1.4017999445398566,216.66666666666669,219.99999998719431,3471.8581905069577
0.7229166666666667,1.7522499306748207,270.83333333333337,219.99999998719431,3471.8581905069577
0.7229166666666667,2.102699916809785,325.0,219.99999998719431,3471.8581905069577
0.7229166666666667,2.453149902944749,379.16666666666674,219.99999998719431,3471.8581905069577
0.7229166666666667,2.803599889079713,433.33333333333337,219.99999998719431,3471.8581905069577
0.7229166666666667,3.1540498752146773,487.50000000000006,219.99999998719431,3471.8581905069577
0.7229166666666667,3.5044998613496414,541.6666666666667,219.99999998719431,3471.8581905069577
0.7229166666666667,3.8549498474846056,595.8333333333334,219.99999998719431,3471.8581905069577
0.7229166666666667,4.20539983361957,650.0,219.99999998719431,3471.8581905069577
0.7229166666666667,4.555849819754534,704.1666666666667,219.99999998719431,3471.8581905069577
0.7229166666666667,4.906299805889498,758.3333333333335,219.99999998719431,3471.8581905069577
0.7229166666666667,5.256749792024462,812.5000000000002,219.99999998719431,3471.8581905069577
0.7229166666666667,5.607199778159426,866.6666666666667,219.99999998719431,3471.8581905069577
0.7229166666666667,5.95764976429439,920.8333333333334,219.99999998719431,3471.8581905069577
0.7229166666666667,6.308099750429355,975.0000000000001,219.99999998719431,3471.8581905069577
0.7229166666666667,6.658549736564319,1029.1666666666667,219.99999998719431,3471.8581905069577
0.7229166666666667,7.008999722699283,1083.3333333333335,219.99999998719431,3471.8581905069577
0.7229166666666667,7.359449708834247,1137.5,219.99999998719431,3471.8581905069577
0.7229166666666667,7.709899694969211,1191.6666666666667,219.99999998719431,3471.8581905069577
0.7229166666666667,8.060349681104174,1245.8333333333335,219.99999998719431,3471.8581905069577
0.7229166666666667,8.41079966723914,1300.0,219.7238702501636,3467.500539192374
0.7229166666666667,8.761249653374104,1354.166666666667,212.37681466620415,3351.5553796161735
0.7229166666666667,9.111699639509068,1408.3333333333335,205.45213416451588,3242.275794535129
0.7229166666666667,9.462149625644031,1462.4999999999998,198.91708012553863,3139.1449722989955
0.7229166666666667,9.812599611778996,1516.666666666667,192.741890164325,3041.693227544342
0.7229166666666667,10.163049597913961,1570.8333333333337,186.89949662191793,2949.4934008463797
0.7229166666666667,10.513499584048924,1625.0000000000005,181.36526197427884,2862.1566831613277
0.7229166666666667,10.863949570183888,1679.1666666666667,176.116739558056,2779.328839798221
0.7229166666666667,11.214399556318853,1733.3333333333335,171.1334578844253,2700.6868066381985
0.7229166666666667,11.564849542453818,1787.5000000000005,166.39672651770525,2625.935626671219
0.7229166666666667,11.91529952858878,1841.6666666666667,161.88946181559004,2554.805699972435
0.7229166666666667,12.265749514723744,1895.8333333333335,157.59603052050807,2487.0503153902673
0.7229166666666667,12.61619950085871,1950.0000000000002,153.50210948614404,2422.4434368663
0.7229166666666667,12.966649486993674,2004.166666666667,149.59456007927656,2360.7777213488766
0.7229166666666667,13.317099473128637,2058.3333333333335,145.8613154385239,2301.862739603796
0.7229166666666667,13.6675494592636,2112.5000000000005,142.2912795143202,2245.5233829466497
0.7229166666666667,14.017999445398566,2166.666666666667,138.8742365327198,2191.598434475404
0.7229166666666667,14.36844943153353,2220.833333333334,135.60076970490627,2139.9392862110453
0.7229166666666667,14.718899417668494,2275.0,132.46218827320263,2090.408787798011
0.7229166666666667,15.069349403803457,2329.166666666667,129.4504620099906,2042.880212820255
0.7229166666666667,15.419799389938422,2383.3333333333335,126.55816226033494,1997.2363283846746
0.7229166666666667,15.770249376073387,2437.5000000000005,123.77840888802893,1953.3685578674397
0.7229166666666667,16.12069936220835,2491.666666666667,121.10482249758206,1911.176226920889
0.7229166666666667,16.471149348343314,2545.8333333333335,118.53148134308867,1870.5658834449046
0.7229166666666667,16.82159933447828,2600.0,116.05288246297278,1831.4506842475744
0.7229166666666667,17.172049320613244,2654.166666666667,113.6639064643532,1793.7498393011438
0.7229166666666667,17.52249930674821,2708.333333333334,111.3597857777495,1757.38811076402
0.7229166666666667,17.87294929288317,2762.5,109.13607583148405,1722.295358079007
0.7229166666666667,18.223399279018135,2816.666666666667,106.98862897930667,1688.4061265206233
0.7229166666666667,18.5738492651531,2870.833333333334,104.9135707586538,1655.6592725225698
0.7229166666666667,18.924299251288062,2924.9999999999995,102.90727836429141,1623.99762396655
0.7229166666666667,19.274749237423027,2979.166666666667,100.96636111964472,1593.367671996936
0.7229166666666667,19.625199223557992,3033.333333333334,99.08764256164432,1563.7192882986142
0.7229166666666667,19.975649209692957,3087.500000000001,97.26814422872849,1535.005469252636
0.7229166666666667,20.326099195827922,3141.6666666666674,95.50507084466517,1507.1821021195387
0.7229166666666667,20.676549181962883,3195.8333333333335,93.795796680497,1480.207749814836
0.7229166666666667,21.02699916809785,3250.000000000001,92.13785326108336,1454.0434569038207
0.7229166666666667,21.377449154232814,3304.1666666666674,90.52891792962328,1428.6525691363163
0.7229166666666667,21.727899140367775,3358.3333333333335,88.96680350066163,1404.0005701589741
0.7229166666666667,22.07834912650274,3412.500000000001,87.4494486686308,1380.0549301508008
0.7229166666666667,22.428799112637705,3466.666666666667,85.97490928717889,1356.784968200724
0.7229166666666667,22.77924909877267,3520.833333333334,84.54135028878227,1334.161724789597
0.7229166666666667,23.129699084907635,3575.000000000001,83.14703829586506,1312.15784518499
0.7229166666666667,23.480149071042597,3629.166666666667,81.79033476975746,1290.7474713237152
0.7229166666666667,23.83059905717756,3683.3333333333335,80.46968971029855,1269.9061423841615
0.7229166666666667,24.181049043312527,3737.5,79.18363586766645,1249.6107034421839
0.7229166666666667,24.531499029447488,3791.666666666667,77.93078338960186,1229.839220998008
0.7229166666666667,24.881949015582453,3845.8333333333335,76.70981481438503,1210.570903959531
0.7229166666666667,25.23239900171742,3900.0000000000005,75.51948055042885,1191.7860323049952
0.7229166666666667,25.582848987852383,3954.1666666666674,74.35859456076287,1173.4658889790805
0.7229166666666667,25.93329897398735,4008.333333333334,73.2260304572992,1155.592698255838
0.7229166666666667,26.28374896012231,4062.5000000000005,72.12071786401793,1138.149568345486
0.7229166666666667,26.634198946257275,4116.666666666667,71.0416389722377,1121.1204370325386
0.7229166666666667,26.98464893239224,4170.833333333334,69.98782546725124,1104.4900231745064
0.7229166666666667,27.3350989185272,4225.000000000001,68.95835550618358,1088.2437790089534
0.7229166666666667,27.685548904662166,4279.166666666667,67.9523510672152,1072.367848321126
0.7229166666666667,28.03599889079713,4333.333333333334,66.96897537563927,1056.8490258241166
0.7229166666666667,28.386448876932096,4387.500000000002,66.00743053480983,1041.674719772445
0.7229166666666667,28.73689886306706,4441.666666666668,65.06695533636957,1026.8329174048838
0.7229166666666667,29.087348849202023,4495.833333333334,64.14682318572886,1012.3121522060806
0.7229166666666667,29.437798835336988,4550.0,63.24634016840719,998.1014733911595
0.7229166666666667,29.788248821471953,4604.166666666668,62.364843257237226,984.190417613295
0.7229166666666667,30.138698807606914,4658.333333333334,61.501698673237115,970.5689830963544
0.7229166666666667,30.48914879374188,4712.5,60.656300220871344,957.2276033633597
0.7229166666666667,30.839598779876845,4766.666666666667,59.82806789223105,944.157125208815
0.7229166666666667,31.19004876601181,4820.833333333334,59.01644645840861,931.3487864689447
0.7229166666666667,31.540498752146775,4875.000000000001,58.22090415051207,918.794195206553
0.7229166666666667,31.890948738281736,4929.166666666668,57.44055609568022,906.4793870894084
0.7229166666666667,32.2413987244167,4983.333333333334,56.67422417085618,894.3857699530348
0.7229166666666667,32.591848710551666,5037.500000000001,55.92151242424734,882.5070952134583
0.7229166666666667,32.94229869668663,5091.666666666667,55.18205949221738,870.8376601284036
0.7229166666666667,33.292748682821596,5145.833333333334,54.455515779554844,859.371947675151
0.7229166666666667,33.64319866895656,5200.0,53.74154306249693,848.104620285786
0.7229166666666667,33.99364865509152,5254.166666666667,53.03981416858733,837.0305147949803
0.7229166666666667,34.34409864122649,5308.333333333334,52.350012502865866,826.1446349627083
0.7229166666666667,34.69454862736145,5362.5,51.671831702115014,815.4421460178518
0.7229166666666667,35.04499861349642,5416.666666666668,51.00497525900741,804.9183687268053
0.7229166666666667,35.39544859963138,5470.833333333334,50.34915614510856,794.5687734440177
0.7229166666666667,35.74589858576634,5525.0,49.70409642321904,784.3889739942966
0.7229166666666667,36.09634857190131,5579.166666666667,49.06952691522261,774.374722431062
0.7229166666666667,36.44679855803627,5633.333333333334,48.44518682615545,764.5219031037174
0.7229166666666667,36.79724854417123,5687.5,47.830823466194005,754.8265282702914
0.7229166666666667,37.1476985303062,5741.666666666668,47.226191880341396,745.2847322534561
0.7229166666666667,37.49814851644116,5795.833333333334,46.63105457023147,735.8927670502666
0.7229166666666667,37.848598502576124,5849.999999999999,46.045181207823994,726.6469978139364
0.7229166666666667,38.19904848871109,5904.166666666667,45.46834836486015,717.5438985843273
0.7229166666666667,38.549498474846054,5958.333333333334,44.90033921080371,708.5800475211064
0.7229166666666667,38.89994846098102,6012.500000000002,44.34094334174509,699.7521242036521
0.7229166666666667,39.250398447115984,6066.666666666668,43.78995647077615,691.0569047448035
0.7229166666666667,39.600848433250945,6120.833333333334,43.247180236150605,682.4912587634085
0.7229166666666667,39.951298419385914,6175.000000000002,42.712422008379896,674.0521463400686
0.7229166666666667,40.301748405520875,6229.166666666667,42.18549467419873,665.7366146078623
0.7229166666666667,40.652198391655844,6283.333333333335,41.666216420735694,657.5417943463045
0.7229166666666667,41.002648377790806,6337.500000000002,41.1544106068817,649.4648979513886
0.7229166666666667,41.35309836392577,6391.666666666667,40.64990554414727,641.5032159772583
0.7229166666666667,41.703548350060736,6445.833333333335,40.15253436341965,633.6541150334772
0.7229166666666667,42.0539983361957,6500.000000000002,0.0,0.0
0.7625,0.0,0.0,219.99999998719431,3471.8581905069577
0.7625,0.35044998613496414,54.16666666666667,219.99999998719431,3471.8581905069577
0.7625,0.7008999722699283,108.33333333333334,219.99999998719431,3471.8581905069577
0.7625,1.0513499584048924,162.5,219.99999998719431,3471.8581905069577
0.7625,1.4017999445398566,216.66666666666669,219.99999998719431,3471.8581905069577
0.7625,1.7522499306748207,270.83333333333337,219.99999998719431,3471.8581905069577
0.7625,2.102699916809785,325.0,219.99999998719431,3471.8581905069577
0.7625,2.453149902944749,379.16666666666674,219.99999998719431,3471.8581905069577
0.7625,2.803599889079713,433.33333333333337,219.99999998719431,3471.8581905069577
0.7625,3.1540498752146773,487.50000000000006,219.99999998719431,3471.8581905069577
0.7625,3.5044998613496414,541.6666666666667,219.99999998719431,3471.8581905069577
0.7625,3.8549498474846056,595.8333333333334,219.99999998719431,3471.8581905069577
0.7625,4.20539983361957,650.0,219.99999998719431,3471.8581905069577
0.7625,4.555849819754534,704.1666666666667,219.99999998719431,3471.8581905069577
0.7625,4.906299805889498,758.3333333333335,219.99999998719431,3471.8581905069577
0.7625,5.256749792024462,812.5000000000002,219.99999998719431,3471.8581905069577
0.7625,5.607199778159426,866.6666666666667,219.99999998719431,3471.8581905069577
0.7625,5.95764976429439,920.8333333333334,219.99999998719431,3471.8581905069577
0.7625,6.308099750429355,975.0000000000001,219.99999998719431,3471.8581905069577
0.7625,6.658549736564319,1029.1666666666667,219.99999998719431,3471.8581905069577
0.7625,7.008999722699283,1083.3333333333335,219.99999998719431,3471.8581905069577
0.7625,7.359449708834247,1137.5,219.99999998719431,3471.8581905069577
0.7625,7.709899694969211,1191.6666666666667,219.99999998719431,3471.8581905069577
0.7625,8.060349681104174,1245.8333333333335,219.99999998719431,3471.8581905069577
0.7625,8.41079966723914,1300.0,219.69254747964442,3467.0062291133618
0.7625,8.761249653374104,1354.166666666667,212.34735454665497,3351.090464355464
0.7625,9.111699639509068,1408.3333333333335,205.4243909032084,3241.837973312368
0.7625,9.462149625644031,1462.4999999999998,198.89092128607444,3138.73215511239
0.7625,9.812599611778996,1516.666666666667,192.71719536045566,3041.3035145576064
0.7625,10.163049597913961,1570.8333333333337,186.87615633942187,2949.125063796573
0.7625,10.513499584048924,1625.0000000000005,181.34317650808953,2861.808148585486
0.7625,10.863949570183888,1679.1666666666667,176.09581803902984,2778.9986736746164
0.7625,11.214399556318853,1733.3333333333335,171.11361738294363,2700.3737002401217
0.7625,11.564849542453818,1787.5000000000005,166.37789132655598,2625.638385250014
0.7625,11.91529952858878,1841.6666666666667,161.87156266882084,2554.5232304300835
0.7625,12.265749514723744,1895.8333333333335,157.57900401717052,2486.7816171853965
0.7625,12.61619950085871,1950.0000000000002,153.48589752684347,2422.1875931222767
0.7625,12.966649486993674,2004.166666666667,149.5791093283333,2360.5338903660813
0.7625,13.317099473128637,2058.3333333333335,145.84657688857988,2301.6301479886033
0.7625,13.6675494592636,2112.5000000000005,142.27720808936283,2245.301319346681
0.7625,14.017999445398566,2166.666666666667,138.86079069110565,2191.3862433147715
0.7625,14.36844943153353,2220.833333333334,135.58791115763597,2139.7363632444044
0.7625,14.718899417668494,2275.0,132.4498816637788,2090.214575058338
0.7625,15.069349403803457,2329.166666666667,129.43867465830408,2042.6941945770752
0.7625,15.419799389938422,2383.3333333333335,126.54686389374547,1997.0580269001962
0.7625,15.770249376073387,2437.5000000000005,123.76757148769684,1953.1975309714896
0.7625,16.12069936220835,2491.666666666667,121.0944200551603,1911.0120641712278
0.7625,16.471149348343314,2545.8333333333335,118.52148971986026,1870.4082039042494
0.7625,16.82159933447828,2600.0,116.04327919776551,1831.2991334522678
0.7625,17.172049320613244,2654.166666666667,113.65467067109421,1793.604087644444
0.7625,17.52249930674821,2708.333333333334,111.35089799179696,1757.2478510710355
0.7625,17.87294929288317,2762.5,109.12751790718175,1722.160303989987
0.7625,18.223399279018135,2816.666666666667,106.98038397473283,1688.2760106721591
0.7625,18.5738492651531,2870.833333333334,104.9056228203699,1655.533844728796
0.7625,18.924299251288062,2924.9999999999995,102.89961268892512,1623.8766506128782
0.7625,19.274749237423027,2979.166666666667,100.95896383863874,1593.2509342212563
0.7625,19.625199223557992,3033.333333333334,99.08050067722797,1563.6065809808508
0.7625,19.975649209692957,3087.500000000001,97.26124554988928,1534.8966000043042
0.7625,20.326099195827922,3141.6666666666674,95.49840392312035,1507.0768902733014
0.7625,20.676549181962883,3195.8333333333335,93.7893507850822,1480.1060260203258
0.7625,21.02699916809785,3250.000000000001,92.13161827530712,1453.9450615109286
0.7625,21.377449154232814,3304.1666666666674,90.52288432605565,1428.5573517910175
0.7625,21.727899140367775,3358.3333333333335,88.96096231532283,1403.9083893991472
0.7625,22.07834912650274,3412.500000000001,87.44379144976847,1379.9656525978744
0.7625,22.428799112637705,3466.666666666667,85.96942806965671,1356.6984681554995
0.7625,22.77924909877267,3520.833333333334,84.53603754285723,1334.0778834238924
0.7625,23.129699084907635,3575.000000000001,83.14188691438176,1312.0765503395526
0.7625,23.480149071042597,3629.166666666667,81.78533801692538,1290.6686166998652
0.7625,23.83059905717756,3683.3333333333335,80.46484123449773,1269.8296277458817
0.7625,24.181049043312527,3737.5,79.17892965022475,1249.5364338077643
0.7625,24.531499029447488,3791.666666666667,77.9262137063779,1229.7671060337802
0.7625,24.881949015582453,3845.8333333333335,76.70537627418526,1210.500858586134
0.7625,25.23239900171742,3900.0000000000005,75.51516801817343,1191.717975484842
0.7625,25.582848987852383,3954.1666666666674,74.35440314467996,1173.3997435142712
0.7625,25.93329897398735,4008.333333333334,73.22195554734208,1155.528391394424
0.7625,26.28374896012231,4062.5000000000005,72.11675505503081,1138.0870305689398
0.7625,26.634198946257275,4116.666666666667,71.03778408956714,1121.0596024599295
0.7625,26.98464893239224,4170.833333333334,69.9840745027177,1104.4308285520574
0.7625,27.3350989185272,4225.000000000001,68.95470469491556,1088.1861649225734
0.7625,27.685548904662166,4279.166666666667,67.94879678520374,1072.3117575797007
0.7625,28.03599889079713,4333.333333333334,66.96551419096068,1056.7944042678623
0.7625,28.386448876932096,4387.500000000002,66.00405916920863,1041.6215156666433
0.7625,28.73689886306706,4441.666666666668,65.06367065245286,1026.781081237792
0.7625,29.087348849202023,4495.833333333334,64.14362218696624,1012.261636688933
0.7625,29.437798835336988,4550.0,63.243219999130815,998.0522334581659
0.7625,29.788248821471953,4604.166666666668,62.3618012026418,984.1424104216419
0.7625,30.138698807606914,4658.333333333334,61.49873212096281,970.5221674199378
0.7625,30.48914879374188,4712.5,60.65340667380951,957.1819397948742
0.7625,30.839598779876845,4766.666666666667,59.82524495571852,944.1125759576655
0.7625,31.19004876601181,4820.833333333334,59.01369185303338,931.305315563335
0.7625,31.540498752146775,4875.000000000001,58.21821567369625,918.7517678872188
0.7625,31.890948738281736,4929.166666666668,57.43830703315325,906.4438942432462
0.7625,32.2413987244167,4983.333333333334,56.67302249814384,894.3668061473581
0.7625,32.591848710551666,5037.500000000001,55.92130169388838,882.503769641082
0.7625,32.94229869668663,5091.666666666667,55.182779965689406,870.8490300453357
0.7625,33.292748682821596,5145.833333333334,54.457110561197624,859.3971152011005
0.7625,33.64319866895656,5200.0,53.743957984261215,848.1427305853645
0.7625,33.99364865509152,5254.166666666667,53.04299762356095,837.0807534505481
0.7625,34.34409864122649,5308.333333333334,52.3539153044112,826.2062257513987
0.7625,34.69454862736145,5362.5,51.676407045451924,815.5143503053042
0.7625,35.04499861349642,5416.666666666668,51.01017855335127,805.0004828181069
0.7625,35.39544859963138,5470.833333333334,50.35494495354597,794.6601276348716
0.7625,35.74589858576634,5525.0,49.710430397906386,784.4889315483784
0.7625,36.09634857190131,5579.166666666667,49.07636769885322,774.4826780250565
0.7625,36.44679855803627,5633.333333333334,48.452498012105764,764.6372821983782
0.7625,36.79724854417123,5687.5,47.83857052421185,754.948785937715
0.7625,37.1476985303062,5741.666666666668,47.234342085739584,745.4133520596728
0.7625,37.49814851644116,5795.833333333334,46.63957696017407,736.0272603653876
0.7625,37.848598502576124,5849.999999999999,46.05404649250877,726.7869024105082
0.7625,38.19904848871109,5904.166666666667,45.47752888947048,717.688778036888
0.7625,38.549498474846054,5958.333333333334,44.909808884486836,708.7294900853798
0.7625,38.89994846098102,6012.500000000002,44.35067755832608,699.9057415653197
0.7625,39.250398447115984,6066.666666666668,43.799932078455974,691.2143315413058
0.7625,39.600848433250945,6120.833333333334,43.2573754747632,682.6521515937876
0.7625,39.951298419385914,6175.000000000002,42.722816404753615,674.2161821136484
0.7625,40.301748405520875,6229.166666666667,42.19606899739138,665.9034898378061
0.7625,40.652198391655844,6283.333333333335,41.676952672107305,657.7112249929503
0.7625,41.002648377790806,6337.500000000002,41.16529188008356,649.6366172127123
0.7625,41.35309836392577,6391.666666666667,40.66091603122912,641.6769743852528
0.7625,41.703548350060736,6445.833333333335,40.163659264444334,633.8296790277651
0.7625,42.0539983361957,6500.000000000002,0.0,0.0
0.8020833333333334,0.0,0.0,219.99999998719431,3471.8581905069577
0.8020833333333334,0.35044998613496414,54.16666666666667,219.99999998719431,3471.8581905069577
0.8020833333333334,0.7008999722699283,108.33333333333334,219.99999998719431,3471.8581905069577
0.8020833333333334,1.0513499584048924,162.5,219.99999998719431,3471.8581905069577
0.8020833333333334,1.4017999445398566,216.66666666666669,219.99999998719431,3471.8581905069577
0.8020833333333334,1.7522499306748207,270.83333333333337,219.99999998719431,3471.8581905069577
0.8020833333333334,2.102699916809785,325.0,219.99999998719431,3471.8581905069577
0.8020833333333334,2.453149902944749,379.16666666666674,219.99999998719431,3471.8581905069577
0.8020833333333334,2.803599889079713,433.33333333333337,219.99999998719431,3471.8581905069577
0.8020833333333334,3.1540498752146773,487.50000000000006,219.99999998719431,3471.8581905069577
0.8020833333333334,3.5044998613496414,541.6666666666667,219.99999998719431,3471.8581905069577
0.8020833333333334,3.8549498474846056,595.8333333333334,219.99999998719431,3471.8581905069577
0.8020833333333334,4.20539983361957,650.0,219.99999998719431,3471.8581905069577
0.8020833333333334,4.555849819754534,704.1666666666667,219.99999998719431,3471.8581905069577
0.8020833333333334,4.906299805889498,758.3333333333335,219.99999998719431,3471.8581905069577
0.8020833333333334,5.256749792024462,812.5000000000002,219.99999998719431,3471.8581905069577
0.8020833333333334,5.607199778159426,866.6666666666667,219.99999998719431,3471.8581905069577
0.8020833333333334,5.95764976429439,920.8333333333334,219.99999998719431,3471.8581905069577
0.8020833333333334,6.308099750429355,975.0000000000001,219.99999998719431,3471.8581905069577
0.8020833333333334,6.658549736564319,1029.1666666666667,219.99999998719431,3471.8581905069577
0.8020833333333334,7.008999722699283,1083.3333333333335,219.99999998719431,3471.8581905069577
0.8020833333333334,7.359449708834247,1137.5,219.99999998719431,3471.8581905069577
0.8020833333333334,7.709899694969211,1191.6666666666667,219.99999998719431,3471.8581905069577
0.8020833333333334,8.060349681104174,1245.8333333333335,219.99999998719431,3471.8581905069577
0.8020833333333334,8.41079966723914,1300.0,219.66104189516045,3466.5090340154356
0.8020833333333334,8.761249653374104,1354.166666666667,212.317722318694,3350.6228330220306
0.8020833333333334,9.111699639509068,1408.3333333333335,205.39648540667258,3241.3975918273063
0.8020833333333334,9.462149625644031,1462.4999999999998,198.86460932902992,3138.316921550669
0.8020833333333334,9.812599611778996,1516.666666666667,192.69235587795265,3040.911518372239
0.8020833333333334,10.163049597913961,1570.8333333333337,186.85267920256592,2948.7545670243567
0.8020833333333334,10.513499584048924,1625.0000000000005,181.3209614227526,2861.4575684673755
0.8020833333333334,10.863949570183888,1679.1666666666667,176.07477362384088,2778.6665681053328
0.8020833333333334,11.214399556318853,1733.3333333333335,171.09366026008502,2700.0587534198503
0.8020833333333334,11.564849542453818,1787.5000000000005,166.35894531500526,2625.3393949528154
0.8020833333333334,11.91529952858878,1841.6666666666667,161.85355814406648,2554.2390978994554
0.8020833333333334,12.265749514723744,1895.8333333333335,157.56187720689923,2486.5113360193914
0.8020833333333334,12.61619950085871,1950.0000000000002,153.46958998590708,2421.930240987866
0.8020833333333334,12.966649486993674,2004.166666666667,149.56356742652133,2360.2886209156036
0.8020833333333334,13.317099473128637,2058.3333333333335,145.83175132400356,2301.3961831803936
0.8020833333333334,13.6675494592636,2112.5000000000005,142.26305352989584,2245.077943786584
0.8020833333333334,14.017999445398566,2166.666666666667,138.8472653774079,2191.172797991392
0.8020833333333334,14.36844943153353,2220.833333333334,135.57497655740008,2139.532240072711
0.8020833333333334,14.718899417668494,2275.0,132.4375022284221,2090.019213039977
0.8020833333333334,15.069349403803457,2329.166666666667,129.42681749002077,2042.5070745460612
0.8020833333333334,15.419799389938422,2383.3333333333335,126.5354985918384,1996.878669097851
0.8020833333333334,15.770249376073387,2437.5000000000005,123.75666984124109,1953.0254901963096
0.8020833333333334,16.12069936220835,2491.666666666667,121.08395591494627,1910.8469277579968
0.8020833333333334,16.471149348343314,2545.8333333333335,118.51143880630843,1870.2495886927086
0.8020833333333334,16.82159933447828,2600.0,116.03361892164685,1831.146682957872
0.8020833333333334,17.172049320613244,2654.166666666667,113.64538003108464,1793.4574704416525
0.8020833333333334,17.52249930674821,2708.333333333334,111.34195739519782,1757.1067579640694
0.8020833333333334,17.87294929288317,2762.5,109.11890910589136,1722.024447002386
0.8020833333333334,18.223399279018135,2816.666666666667,106.97208991157822,1688.1451206217155
0.8020833333333334,18.5738492651531,2870.833333333334,104.89762759068981,1655.4076706212895
0.8020833333333334,18.924299251288062,2924.9999999999995,102.89190138690174,1623.7549572170105
0.8020833333333334,19.274749237423027,2979.166666666667,100.95152250607498,1593.1335012602958
0.8020833333333334,19.625199223557992,3033.333333333334,99.07331623951904,1563.49320212219
0.8020833333333334,19.975649209692957,3087.500000000001,97.25430576479994,1534.7870820511034
0.8020833333333334,20.326099195827922,3141.6666666666674,95.49169727833942,1506.9710515477793
0.8020833333333334,20.676549181962883,3195.8333333333335,93.78286644699983,1480.0036955554046
0.8020833333333334,21.02699916809785,3250.000000000001,92.12534608901478,1453.8460790502347
0.8020833333333334,21.377449154232814,3304.1666666666674,90.51681471290067,1428.4615661721698
0.8020833333333334,21.727899140367775,3358.3333333333335,88.95508626010269,1403.8156583516695
0.8020833333333334,22.07834912650274,3412.500000000001,87.43810044950806,1379.8758419348405
0.8020833333333334,22.428799112637705,3466.666666666667,85.96391410799697,1356.6114513693558
0.8020833333333334,22.77924909877267,3520.833333333334,84.53069305163808,1333.9935410801907
0.8020833333333334,23.129699084907635,3575.000000000001,83.13670474803075,1311.9947696727736
0.8020833333333334,23.480149071042597,3629.166666666667,81.78031140123494,1290.5892908050635
0.8020833333333334,23.83059905717756,3683.3333333333335,80.45996376662515,1269.7526555786847
0.8020833333333334,24.181049043312527,3737.5,79.17419527308084,1249.4617197801965
0.8020833333333334,24.531499029447488,3791.666666666667,77.92161669582129,1229.6945598121724
0.8020833333333334,24.881949015582453,3845.8333333333335,76.70091117499396,1210.4303940806813
0.8020833333333334,25.23239900171742,3900.0000000000005,75.51082965685055,1191.6495110516917
0.8020833333333334,25.582848987852383,3954.1666666666674,74.35018664225936,1173.3332021576114
0.8020833333333334,25.93329897398735,4008.333333333334,73.21785622974858,1155.4636993518636
0.8020833333333334,26.28374896012231,4062.5000000000005,72.11276850430295,1138.0241181198617
0.8020833333333334,26.634198946257275,4116.666666666667,71.03390609263442,1120.9984031171366
0.8020833333333334,26.98464893239224,4170.833333333334,69.98030107701197,1104.3712794659507
0.8020833333333334,27.3350989185272,4225.000000000001,68.9510319987312,1088.1282054665294
0.8020833333333334,27.685548904662166,4279.166666666667,67.94522120733745,1072.2553307646933
0.8020833333333334,28.03599889079713,4333.333333333334,66.96203226107173,1056.7394553278423
0.8020833333333334,28.386448876932096,4387.500000000002,66.00066758343019,1041.5679924627143
0.8020833333333334,28.73689886306706,4441.666666666668,65.0603662605863,1026.728934056123
0.8020833333333334,29.087348849202023,4495.833333333334,64.1404019924812,1012.2108182407578
0.8020833333333334,29.437798835336988,4550.0,63.24008112074807,998.0026982735169
0.8020833333333334,29.788248821471953,4604.166666666668,62.35874089994468,984.094115253528
0.8020833333333334,30.138698807606914,4658.333333333334,61.49574775598012,970.4750706380776
0.8020833333333334,30.48914879374188,4712.5,60.650495749432594,957.1360019919626
0.8020833333333334,30.839598779876845,4766.666666666667,59.8224050772842,944.0677593431074
0.8020833333333334,31.19004876601181,4820.833333333334,59.01092070271261,931.2615835590674
0.8020833333333334,31.540498752146775,4875.000000000001,58.215511061716825,918.7090859360667
0.8020833333333334,31.890948738281736,4929.166666666668,57.43566684657708,906.4022290005668
0.8020833333333334,32.2413987244167,4983.333333333334,56.67089984053746,894.3333081191907
0.8020833333333334,32.591848710551666,5037.500000000001,55.920206205919385,882.4864815552731
0.8020833333333334,32.94229869668663,5091.666666666667,55.18265196005814,870.8470099662476
0.8020833333333334,33.292748682821596,5145.833333333334,54.45789224584587,859.4094511022304
0.8020833333333334,33.64319866895656,5200.0,53.74559426913038,848.1685530809341
0.8020833333333334,33.99364865509152,5254.166666666667,53.04543595411815,837.1192331683511
0.8020833333333334,34.34409864122649,5308.333333333334,52.357105610426515,826.2565725244449
0.8020833333333334,34.69454862736145,5362.5,51.68030154891312,815.5758101404884
0.8020833333333334,35.04499861349642,5416.666666666668,51.014731714250814,805.0723370406648
0.8020833333333334,35.39544859963138,5470.833333333334,50.360113385375165,794.7416915547775
0.8020833333333334,35.74589858576634,5525.0,49.71617277015389,784.5795529216584
0.8020833333333334,36.09634857190131,5579.166666666667,49.08264468781212,774.5817362774654
0.8020833333333334,36.44679855803627,5633.333333333334,48.45927221145365,764.7441870142485
0.8020833333333334,36.79724854417123,5687.5,47.84580640832341,755.0629766809865
0.8020833333333334,37.1476985303062,5741.666666666668,47.24200592671261,745.5342964644659
0.8020833333333334,37.49814851644116,5795.833333333334,46.647636772516904,736.154453663106
0.8020833333333334,37.848598502576124,5849.999999999999,46.06247201573443,726.9198670551538
0.8020833333333334,38.19904848871109,5904.166666666667,45.486291478098245,717.8270619691568
0.8020833333333334,38.549498474846054,5958.333333333334,44.91888148401803,708.8726663535315
0.8020833333333334,38.89994846098102,6012.500000000002,44.36003462498426,700.0534070585841
0.8020833333333334,39.250398447115984,6066.666666666668,43.809549536593764,691.3661063177126
0.8020833333333334,39.600848433250945,6120.833333333334,43.26723063111123,682.807677526913
0.8020833333333334,39.951298419385914,6175.000000000002,42.732887922239755,674.3751224794536
0.8020833333333334,40.301748405520875,6229.166666666667,42.20633684796865,666.0655285702045
0.8020833333333334,40.652198391655844,6283.333333333335,41.68739799289037,657.8760644134741
0.8020833333333334,41.002648377790806,6337.500000000002,41.17589700964379,649.8039786032906
0.8020833333333334,41.35309836392577,6391.666666666667,40.67166440416631,641.8465963244289
0.8020833333333334,41.703548350060736,6445.833333333335,40.17453535315962,634.0013164718061
0.8020833333333334,42.0539983361957,6500.000000000002,0.0,0.0
0.8416666666666667,0.0,0.0,219.99999998719431,3471.8581905069577
0.8416666666666667,0.35044998613496414,54.16666666666667,219.99999998719431,3471.8581905069577
0.8416666666666667,0.7008999722699283,108.33333333333334,219.99999998719431,3471.8581905069577
0.8416666666666667,1.0513499584048924,162.5,219.99999998719431,3471.8581905069577
0.8416666666666667,1.4017999445398566,216.66666666666669,219.99999998719431,3471.8581905069577
0.8416666666666667,1.7522499306748207,270.83333333333337,219.99999998719431,3471.8581905069577
0.8416666666666667,2.102699916809785,325.0,219.99999998719431,3471.8581905069577
0.8416666666666667,2.453149902944749,379.16666666666674,219.99999998719431,3471.8581905069577
0.8416666666666667,2.803599889079713,433.33333333333337,219.99999998719431,3471.8581905069577
0.8416666666666667,3.1540498752146773,487.50000000000006,219.99999998719431,3471.8581905069577
0.8416666666666667,3.5044998613496414,541.6666666666667,219.99999998719431,3471.8581905069577
0.8416666666666667,3.8549498474846056,595.8333333333334,219.99999998719431,3471.8581905069577
0.8416666666666667,4.20539983361957,650.0,219.99999998719431,3471.8581905069577
0.8416666666666667,4.555849819754534,704.1666666666667,219.99999998719431,3471.8581905069577
0.8416666666666667,4.906299805889498,758.3333333333335,219.99999998719431,3471.8581905069577
0.8416666666666667,5.256749792024462,812.5000000000002,219.99999998719431,3471.8581905069577
0.8416666666666667,5.607199778159426,866.6666666666667,219.99999998719431,3471.8581905069577
0.8416666666666667,5.95764976429439,920.8333333333334,219.99999998719431,3471.8581905069577
0.8416666666666667,6.308099750429355,975.0000000000001,219.99999998719431,3471.8581905069577
0.8416666666666667,6.658549736564319,1029.1666666666667,219.99999998719431,3471.8581905069577
0.8416666666666667,7.008999722699283,1083.3333333333335,219.99999998719431,3471.8581905069577
0.8416666666666667,7.359449708834247,1137.5,219.99999998719431,3471.8581905069577
0.8416666666666667,7.709899694969211,1191.6666666666667,219.99999998719431,3471.8581905069577
0.8416666666666667,8.060349681104174,1245.8333333333335,219.99999998719431,3471.8581905069577
0.8416666666666667,8.41079966723914,1300.0,219.6258568658959,3465.9537729606977
0.8416666666666667,8.761249653374104,1354.166666666667,212.28462922619656,3350.100585184562
0.8416666666666667,9.111699639509068,1408.3333333333335,205.36532054306008,3240.9057737045996
0.8416666666666667,9.462149625644031,1462.4999999999998,198.8352239690721,3137.853186084049
0.8416666666666667,9.812599611778996,1516.666666666667,192.66461483202875,3040.47373211083
0.8416666666666667,10.163049597913961,1570.8333333333337,186.82645948487334,2948.3407891078605
0.8416666666666667,10.513499584048924,1625.0000000000005,181.29615107318386,2861.0660320339007
0.8416666666666667,10.863949570183888,1679.1666666666667,176.05127058108337,2778.295662507586
0.8416666666666667,11.214399556318853,1733.3333333333335,171.07137142680585,2699.7070094726614
0.8416666666666667,11.564849542453818,1787.5000000000005,166.337785635842,2625.005470382744
0.8416666666666667,11.91529952858878,1841.6666666666667,161.8334498500917,2553.9217654215577
0.8416666666666667,12.265749514723744,1895.8333333333335,157.5427490985021,2486.209472020249
0.8416666666666667,12.61619950085871,1950.0000000000002,153.4513768053148,2421.642815623238
0.8416666666666667,12.966649486993674,2004.166666666667,149.54620926873758,2360.0146888143445
0.8416666666666667,13.317099473128637,2058.3333333333335,145.81519316299818,2301.134875967168
0.8416666666666667,13.6675494592636,2112.5000000000005,142.24724471918307,2244.828462200409
0.8416666666666667,14.017999445398566,2166.666666666667,138.8321592914872,2190.9344062271493
0.8416666666666667,14.36844943153353,2220.833333333334,135.56053018197417,2139.304259314309
0.8416666666666667,14.718899417668494,2275.0,132.42367584025487,2089.8010164081297
0.8416666666666667,15.069349403803457,2329.166666666667,129.41357438801788,2042.2980828544291
0.8416666666666667,15.419799389938422,2383.3333333333335,126.52280478971079,1996.6783460029053
0.8416666666666667,15.770249376073387,2437.5000000000005,123.74449384980835,1952.8333387618288
0.8416666666666667,16.12069936220835,2491.666666666667,121.07226853724569,1910.662487221644
0.8416666666666667,16.471149348343314,2545.8333333333335,118.50021291989833,1870.072431030523
0.8416666666666667,16.82159933447828,2600.0,116.02282931213267,1830.976410257116
0.8416666666666667,17.172049320613244,2654.166666666667,113.63500322564505,1793.2937122736578
0.8416666666666667,17.52249930674821,2708.333333333334,111.33197154733352,1756.949169565438
0.8416666666666667,17.87294929288317,2762.5,109.10929381614551,1721.8727064457487
0.8416666666666667,18.223399279018135,2816.666666666667,106.96282615070231,1687.9989276031984
0.8416666666666667,18.5738492651531,2870.833333333334,104.88869754597545,1655.266744035449
0.8416666666666667,18.924299251288062,2924.9999999999995,102.88328844937496,1623.619034954745
0.8416666666666667,19.274749237423027,2979.166666666667,100.94321109121665,1593.0023373796037
0.8416666666666667,19.625199223557992,3033.333333333334,99.06529174884781,1563.366566241903
0.8416666666666667,19.975649209692957,3087.500000000001,97.2465545090381,1534.6647581383531
0.8416666666666667,20.326099195827922,3141.6666666666674,95.48420638777316,1506.8528365033785
0.8416666666666667,20.676549181962883,3195.8333333333335,93.77562387147918,1479.8893992138446
0.8416666666666667,21.02699916809785,3250.000000000001,92.11834043147974,1453.7355215525329
0.8416666666666667,21.377449154232814,3304.1666666666674,90.51003531902097,1428.3545793804913
0.8416666666666667,21.727899140367775,3358.3333333333335,88.94852303899825,1403.7120830200838
0.8416666666666667,22.07834912650274,3412.500000000001,87.43174392497167,1379.7755285176763
0.8416666666666667,22.428799112637705,3466.666666666667,85.95775530324318,1356.5142582024034
0.8416666666666667,22.77924909877267,3520.833333333334,84.52472354052588,1333.8993351890572
0.8416666666666667,23.129699084907635,3575.000000000001,83.13091651420109,1311.9034245499045
0.8416666666666667,23.480149071042597,3629.166666666667,81.77469690213911,1290.5006874201883
0.8416666666666667,23.83059905717756,3683.3333333333335,80.4545158566907,1269.666681166284
0.8416666666666667,24.181049043312527,3737.5,79.16890719090588,1249.3782676374133
0.8416666666666667,24.531499029447488,3791.666666666667,77.91648201295175,1229.6135284904572
0.8416666666666667,24.881949015582453,3845.8333333333335,76.69592382153496,1210.3516877899692
0.8416666666666667,25.23239900171742,3900.0000000000005,75.50598388304934,1191.5730390541369
0.8416666666666667,25.582848987852383,3954.1666666666674,74.34547695447691,1173.2588777571423
0.8416666666666667,25.93329897398735,4008.333333333334,73.2132774416823,1155.3914407025388
0.8416666666666667,26.28374896012231,4062.5000000000005,72.10831566015258,1137.953847013337
0.8416666666666667,26.634198946257275,4116.666666666667,71.02957450551912,1120.930045588932
0.8416666666666667,26.98464893239224,4170.833333333334,69.97608625213616,1104.3047645829165
0.8416666666666667,27.3350989185272,4225.000000000001,68.94692971021868,1088.0634665393802
0.8416666666666667,27.685548904662166,4279.166666666667,67.94122738298029,1072.1923035292086
0.8416666666666667,28.03599889079713,4333.333333333334,66.95814302074723,1056.678078551132
0.8416666666666667,28.386448876932096,4387.500000000002,65.99687926471233,1041.508208347398
0.8416666666666667,28.73689886306706,4441.666666666668,65.05667532910593,1026.6706868257072
0.8416666666666667,29.087348849202023,4495.833333333334,64.13680509314872,1012.1540549479913
0.8416666666666667,29.437798835336988,4550.0,63.23657505214214,997.9473683962138
0.8416666666666667,29.788248821471953,4604.166666666668,62.3553225887008,984.0401702903896
0.8416666666666667,30.138698807606914,4658.333333333334,61.49241426959634,970.4224643107815
0.8416666666666667,30.48914879374188,4712.5,60.647244283463806,957.0846900430737
0.8416666666666667,30.839598779876845,4766.666666666667,59.81923295534216,944.0176995360782
0.8416666666666667,31.19004876601181,4820.833333333334,59.00782536366023,931.2127354761492
0.8416666666666667,31.540498752146775,4875.000000000001,58.21249004686251,918.6614107762204
0.8416666666666667,31.890948738281736,4929.166666666668,57.432717786869034,906.3556893773746
0.8416666666666667,32.2413987244167,4983.333333333334,56.66802048217505,894.287868465034
0.8416666666666667,32.591848710551666,5037.500000000001,55.917930046562105,882.450561089328
0.8416666666666667,32.94229869668663,5091.666666666667,55.18149109906517,870.828690217399
0.8416666666666667,33.292748682821596,5145.833333333334,54.45778265479021,859.4077216267566
0.8416666666666667,33.64319866895656,5200.0,53.7464737764094,848.1824327379817
0.8416666666666667,33.99364865509152,5254.166666666667,53.04724523099139,837.1477856807676
0.8416666666666667,34.34409864122649,5308.333333333334,52.35978803015314,826.2989042558031
0.8416666666666667,34.69454862736145,5362.5,51.68380305869505,815.6310680741984
0.8416666666666667,35.04499861349642,5416.666666666668,51.01900072409356,805.1397070260682
0.8416666666666667,35.39544859963138,5470.833333333334,50.36510066300166,794.8203966487636
0.8416666666666667,35.74589858576634,5525.0,49.72183134775345,784.668851917053
0.8416666666666667,36.09634857190131,5579.166666666667,49.0889298056334,774.6809228128626
0.8416666666666667,36.44679855803627,5633.333333333334,48.46614123287925,764.8525882337877
0.8416666666666667,36.79724854417123,5687.5,47.853218763225705,755.179952340441
0.8416666666666667,37.1476985303062,5741.666666666668,47.24992303347304,745.6592377006156
0.8416666666666667,37.49814851644116,5795.833333333334,46.65602201125745,736.2867825712989
0.8416666666666667,37.848598502576124,5849.999999999999,46.071290632096634,727.0590351708258
0.8416666666666667,38.19904848871109,5904.166666666667,45.49551053813154,717.972549555917
0.8416666666666667,38.549498474846054,5958.333333333334,44.928469819550784,709.0239815410528
0.8416666666666667,38.89994846098102,6012.500000000002,44.36996278145567,700.2100850193291
0.8416666666666667,39.250398447115984,6066.666666666668,43.819789700492215,691.5277081218265
0.8416666666666667,39.600848433250945,6120.833333333334,43.27775654936293,682.9737888700807
0.8416666666666667,39.951298419385914,6175.000000000002,42.7436748921038,674.5453535234327
0.8416666666666667,40.301748405520875,6229.166666666667,42.21736158565896,666.2395118695252
0.8416666666666667,40.652198391655844,6283.333333333335,41.698638617554366,658.053454662603
0.8416666666666667,41.002648377790806,6337.500000000002,41.187332973647614,649.9844515364512
0.8416666666666667,41.35309836392577,6391.666666666667,40.68327641555045,642.0298474918592
0.8416666666666667,41.703548350060736,6445.833333333335,40.18630532273856,634.1870604049292
0.8416666666666667,42.0539983361957,6500.000000000002,0.0,0.0
0.88125,0.0,0.0,219.99999998719431,3471.8581905069577
0.88125,0.35044998613496414,54.16666666666667,219.99999998719431,3471.8581905069577
0.88125,0.7008999722699283,108.33333333333334,219.99999998719431,3471.8581905069577
0.88125,1.0513499584048924,162.5,219.99999998719431,3471.8581905069577
0.88125,1.4017999445398566,216.66666666666669,219.99999998719431,3471.8581905069577
0.88125,1.7522499306748207,270.83333333333337,219.99999998719431,3471.8581905069577
0.88125,2.102699916809785,325.0,219.99999998719431,3471.8581905069577
0.88125,2.453149902944749,379.16666666666674,219.99999998719431,3471.8581905069577
0.88125,2.803599889079713,433.33333333333337,219.99999998719431,3471.8581905069577
0.88125,3.1540498752146773,487.50000000000006,219.99999998719431,3471.8581905069577
0.88125,3.5044998613496414,541.6666666666667,219.99999998719431,3471.8581905069577
0.88125,3.8549498474846056,595.8333333333334,219.99999998719431,3471.8581905069577
0.88125,4.20539983361957,650.0,219.99999998719431,3471.8581905069577
0.88125,4.555849819754534,704.1666666666667,219.99999998719431,3471.8581905069577
0.88125,4.906299805889498,758.3333333333335,219.99999998719431,3471.8581905069577
0.88125,5.256749792024462,812.5000000000002,219.99999998719431,3471.8581905069577
0.88125,5.607199778159426,866.6666666666667,219.99999998719431,3471.8581905069577
0.88125,5.95764976429439,920.8333333333334,219.99999998719431,3471.8581905069577
0.88125,6.308099750429355,975.0000000000001,219.99999998719431,3471.8581905069577
0.88125,6.658549736564319,1029.1666666666667,219.99999998719431,3471.8581905069577
0.88125,7.008999722699283,1083.3333333333335,219.99999998719431,3471.8581905069577
0.88125,7.359449708834247,1137.5,219.99999998719431,3471.8581905069577
0.88125,7.709899694969211,1191.6666666666667,219.99999998719431,3471.8581905069577
0.88125,8.060349681104174,1245.8333333333335,219.99999998719431,3471.8581905069577
0.88125,8.41079966723914,1300.0,219.5906998810824,3465.3989544803094
0.88125,8.761249653374104,1354.166666666667,212.25156232132576,3349.578750618575
0.88125,9.111699639509068,1408.3333333333335,205.3341801383067,3240.414341571395
0.88125,9.462149625644031,1462.4999999999998,198.8058614928741,3137.389811750015
0.88125,9.812599611778996,1516.666666666667,192.6368952228222,3040.0362841459805
0.88125,10.163049597913961,1570.8333333333337,186.80025988491252,2947.9273286727816
0.88125,10.513499584048924,1625.0000000000005,181.2713596248068,2860.674793883412
0.88125,10.863949570183888,1679.1666666666667,176.02778532542288,2777.925037611105
0.88125,11.214399556318853,1733.3333333333335,171.0490993305575,2699.355529655461
0.88125,11.564849542453818,1787.5000000000005,166.31664174608886,2624.671794988094
0.88125,11.91529952858878,1841.6666666666667,161.81335646193475,2553.6046681749585
0.88125,12.265749514723744,1895.8333333333335,157.52363507635891,2485.9078303187252
0.88125,12.61619950085871,1950.0000000000002,153.43317694263533,2421.3556004309044
0.88125,12.966649486993674,2004.166666666667,149.52886372455396,2359.7409557704977
0.88125,13.317099473128637,2058.3333333333335,145.79864696250297,2300.87375750483
0.88125,13.6675494592636,2112.5000000000005,142.23144726711325,2244.57915986695
0.88125,14.017999445398566,2166.666666666667,138.8170639879536,2190.6961846216295
0.88125,14.36844943153353,2220.833333333334,135.54609406390227,2139.076440428991
0.88125,14.718899417668494,2275.0,132.40985922282562,2089.5829739699952
0.88125,15.069349403803457,2329.166666666667,129.4003405829426,2042.0892378792248
0.88125,15.419799389938422,2383.3333333333335,126.51011984911747,1996.4781627533712
0.88125,15.770249376073387,2437.5000000000005,123.73232633573934,1952.641321110097
0.88125,16.12069936220835,2491.666666666667,121.06058925273828,1910.4781744053773
0.88125,16.471149348343314,2545.8333333333335,118.48899476812221,1869.8953954299386
0.88125,16.82159933447828,2600.0,116.01204710430466,1830.8062543636538
0.88125,17.172049320613244,2654.166666666667,113.62463351455517,1793.1300660628276
0.88125,17.52249930674821,2708.333333333334,111.3219924736768,1756.791688071753
0.88125,17.87294929288317,2762.5,109.09968503168784,1721.7210685501939
0.88125,18.223399279018135,2816.666666666667,106.9535686133895,1687.8528327998108
0.88125,18.5738492651531,2870.833333333334,104.87977350712754,1655.125912229229
0.88125,18.924299251288062,2924.9999999999995,102.87468127440661,1623.4832036324146
0.88125,19.274749237423027,2979.166666666667,100.93490520841442,1592.871260801249
0.88125,19.625199223557992,3033.333333333334,99.0572725853417,1563.2400144305332
0.88125,19.975649209692957,3087.500000000001,97.23880837555043,1534.542515061101
0.88125,20.326099195827922,3141.6666666666674,95.47672044020146,1506.7346994652332
0.88125,20.676549181962883,3195.8333333333335,93.76838603406213,1479.7751776451198
0.88125,21.02699916809785,3250.000000000001,92.11133937118575,1453.6250366046906
0.88125,21.377449154232814,3304.1666666666674,90.50326034310274,1428.2476623094296
0.88125,21.727899140367775,3358.3333333333335,88.94196408218704,1403.6085749840495
0.88125,22.07834912650274,3412.500000000001,87.4253915110603,1379.6752799709993
0.88125,22.428799112637705,3466.666666666667,85.95160049386322,1356.41712808714
0.88125,22.77924909877267,3520.833333333334,84.51875785831362,1333.8051897224577
0.88125,23.129699084907635,3575.000000000001,83.1251319940202,1311.812138032771
0.88125,23.480149071042597,3629.166666666667,81.76908600144088,1290.4121408222497
0.88125,23.83059905717756,3683.3333333333335,80.44907142990269,1269.5807617220219
0.88125,24.181049043312527,3737.5,79.1636224638205,1249.2948684418811
0.88125,24.531499029447488,3791.666666666667,77.91135059553199,1229.5325487013722
0.88125,24.881949015582453,3845.8333333333335,76.69093964388594,1210.2730316172663
0.88125,25.23239900171742,3900.0000000000005,75.50114115700126,1191.4966151537033
0.88125,25.582848987852383,3954.1666666666674,74.34077023761347,1173.1846002412622
0.88125,25.93329897398735,4008.333333333334,73.20870152208954,1155.319227321093
0.88125,26.28374896012231,4062.5000000000005,72.10386560764164,1137.8836199621587
0.88125,26.634198946257275,4116.666666666667,71.02524562040344,1120.8617307014524
0.88125,26.98464893239224,4170.833333333334,69.97187407803722,1104.2382915322526
0.88125,27.3350989185272,4225.000000000001,68.94282997003756,1087.998767827891
0.88125,27.685548904662166,4279.166666666667,67.9372360301204,1072.1293152968512
0.88125,28.03599889079713,4333.333333333334,66.95425620069727,1056.6167399691944
0.88125,28.386448876932096,4387.500000000002,65.99309327662922,1041.448461012233
0.88125,28.73689886306706,4441.666666666668,65.05298667703755,1026.6124755670878
0.88125,29.087348849202023,4495.833333333334,64.13321040919982,1012.0973266165777
0.88125,29.437798835336988,4550.0,63.23307113489136,997.8920724698197
0.88125,29.788248821471953,4604.166666666668,62.351906364783645,983.9862582677166
0.88125,30.138698807606914,4658.333333333334,61.48908283212222,970.3698903176843
0.88125,30.48914879374188,4712.5,60.64399481518194,957.033409620029
0.88125,30.839598779876845,4766.666666666667,59.816062779864296,943.9676704465381
0.88125,31.19004876601181,4820.833333333334,59.004731907043606,931.1639171002762
0.88125,31.540498752146775,4875.000000000001,58.20947086322121,918.6137645150643
0.88125,31.890948738281736,4929.166666666668,57.42977050715126,906.309177844518
0.88125,32.2413987244167,4983.333333333334,56.665142852580175,894.2424560928577
0.88125,32.591848710551666,5037.500000000001,55.91511991573498,882.4062139269229
0.88125,32.94229869668663,5091.666666666667,55.17925272928551,870.7933661153384
0.88125,33.292748682821596,5145.833333333334,54.4566298101563,859.3895283854616
0.88125,33.64319866895656,5200.0,53.74634523293935,848.1804041711664
0.88125,33.99364865509152,5254.166666666667,53.048081083688885,837.1609764172857
0.88125,34.34409864122649,5308.333333333334,52.36153106321581,826.3264113631453
0.88125,34.69454862736145,5362.5,51.68639857904054,815.6720284313378
0.88125,35.04499861349642,5416.666666666668,51.02239650163936,805.1932963810056
0.88125,35.39544859963138,5470.833333333334,50.369246762256466,794.8858269608421
0.88125,35.74589858576634,5525.0,49.726680097548254,784.7453708792792
0.88125,36.09634857190131,5579.166666666667,49.09443565215953,774.7678115326743
0.88125,36.44679855803627,5633.333333333334,48.47226076836748,764.9491616856428
0.88125,36.79724854417123,5687.5,47.85991053512517,755.2855563544385
0.88125,37.1476985303062,5741.666666666668,47.25714762672462,745.7732502608657
0.88125,37.49814851644116,5795.833333333334,46.66374188888153,736.40861130021
0.88125,37.848598502576124,5849.999999999999,46.07947011276232,727.1881169751207
0.88125,38.19904848871109,5904.166666666667,45.50411577475495,718.1083502888896
0.88125,38.549498474846054,5958.333333333334,44.93746870945965,709.1659945848589
0.88125,38.89994846098102,6012.500000000002,44.379324914991216,700.3578304738651
0.88125,39.250398447115984,6066.666666666668,43.82948631190557,691.6807320298153
0.88125,39.600848433250945,6120.833333333334,43.28776049240547,683.1316628318609
0.88125,39.951298419385914,6175.000000000002,42.753960516231544,674.7076727433167
0.88125,40.301748405520875,6229.166666666667,42.227904717202314,666.4058948586367
0.88125,40.652198391655844,6283.333333333335,41.709416508791534,658.2235424351957
0.88125,41.002648377790806,6337.500000000002,41.19832422142723,650.1579063256775
0.88125,41.35309836392577,6391.666666666667,40.69446089414599,642.2063516901353
0.88125,41.703548350060736,6445.833333333335,40.19766414090967,634.3663158863118
0.88125,42.0539983361957,6500.000000000002,0.0,0.0
0.9208333333333334,0.0,0.0,219.99999998719431,3471.8581905069577
0.9208333333333334,0.35044998613496414,54.16666666666667,219.99999998719431,3471.8581905069577
0.9208333333333334,0.7008999722699283,108.33333333333334,219.99999998719431,3471.8581905069577
0.9208333333333334,1.0513499584048924,162.5,219.99999998719431,3471.8581905069577
0.9208333333333334,1.4017999445398566,216.66666666666669,219.99999998719431,3471.8581905069577
0.9208333333333334,1.7522499306748207,270.83333333333337,219.99999998719431,3471.8581905069577
0.9208333333333334,2.102699916809785,325.0,219.99999998719431,3471.8581905069577
0.9208333333333334,2.453149902944749,379.16666666666674,219.99999998719431,3471.8581905069577
0.9208333333333334,2.803599889079713,433.33333333333337,219.99999998719431,3471.8581905069577
0.9208333333333334,3.1540498752146773,487.50000000000006,219.99999998719431,3471.8581905069577
0.9208333333333334,3.5044998613496414,541.6666666666667,219.99999998719431,3471.8581905069577
0.9208333333333334,3.8549498474846056,595.8333333333334,219.99999998719431,3471.8581905069577
0.9208333333333334,4.20539983361957,650.0,219.99999998719431,3471.8581905069577
0.9208333333333334,4.555849819754534,704.1666666666667,219.99999998719431,3471.8581905069577
0.9208333333333334,4.906299805889498,758.3333333333335,219.99999998719431,3471.8581905069577
0.9208333333333334,5.256749792024462,812.5000000000002,219.99999998719431,3471.8581905069577
0.9208333333333334,5.607199778159426,866.6666666666667,219.99999998719431,3471.8581905069577
0.9208333333333334,5.95764976429439,920.8333333333334,219.99999998719431,3471.8581905069577
0.9208333333333334,6.308099750429355,975.0000000000001,219.99999998719431,3471.8581905069577
0.9208333333333334,6.658549736564319,1029.1666666666667,219.99999998719431,3471.8581905069577
0.9208333333333334,7.008999722699283,1083.3333333333335,219.99999998719431,3471.8581905069577
0.9208333333333334,7.359449708834247,1137.5,219.99999998719431,3471.8581905069577
0.9208333333333334,7.709899694969211,1191.6666666666667,219.99999998719431,3471.8581905069577
0.9208333333333334,8.060349681104174,1245.8333333333335,219.99999998719431,3471.8581905069577
0.9208333333333334,8.41079966723914,1300.0,219.5370920933783,3464.552960676553
0.9208333333333334,8.761249653374104,1354.166666666667,212.20114110037684,3348.783044577952
0.9208333333333334,9.111699639509068,1408.3333333333335,205.2866961446125,3239.6649884239646
0.9208333333333334,9.462149625644031,1462.4999999999998,198.7610882066656,3136.683236747978
0.9208333333333334,9.812599611778996,1516.666666666667,192.5946267414838,3039.3692379044187
0.9208333333333334,10.163049597913961,1570.8333333333337,186.76030892529525,2947.29685564381
0.9208333333333334,10.513499584048924,1625.0000000000005,181.2335556279868,2860.0782024470436
0.9208333333333334,10.863949570183888,1679.1666666666667,175.99197285599075,2777.359874814162
0.9208333333333334,11.214399556318853,1733.3333333333335,171.01513657835312,2698.819557567189
0.9208333333333334,11.564849542453818,1787.5000000000005,166.28439918160439,2624.1629694808453
0.9208333333333334,11.91529952858878,1841.6666666666667,161.78271563258022,2553.121119927846
0.9208333333333334,12.265749514723744,1895.8333333333335,157.49448753078468,2485.4478478421756
0.9208333333333334,12.61619950085871,1950.0000000000002,153.40542327030562,2420.917614909994
0.9208333333333334,12.966649486993674,2004.166666666667,149.50241269776598,2359.3235275250136
0.9208333333333334,13.317099473128637,2058.3333333333335,145.7734147424344,2300.4755634597627
0.9208333333333334,13.6675494592636,2112.5000000000005,142.2073567379266,2244.198983043881
0.9208333333333334,14.017999445398566,2166.666666666667,138.79404409090057,2190.332903630117
0.9208333333333334,14.36844943153353,2220.833333333334,135.52407928509638,2138.7290213830183
0.9208333333333334,14.718899417668494,2275.0,132.38878905540332,2089.2504620002464
0.9208333333333334,15.069349403803457,2329.166666666667,129.38015911728144,2041.7707506662423
0.9208333333333334,15.419799389938422,2383.3333333333335,126.49077532463707,1996.1728834544501
0.9208333333333334,15.770249376073387,2437.5000000000005,123.7137707695365,1952.3484924987122
0.9208333333333334,16.12069936220835,2491.666666666667,121.04277818347327,1910.1970948294093
0.9208333333333334,16.471149348343314,2545.8333333333335,118.47188685904257,1869.6254125469202
0.9208333333333334,16.82159933447828,2600.0,115.99560395115986,1830.546762109441
0.9208333333333334,17.172049320613244,2654.166666666667,113.6088193510659,1792.8805000035572
0.9208333333333334,17.52249930674821,2708.333333333334,111.30677403067239,1756.551523180868
0.9208333333333334,17.87294929288317,2762.5,109.08503120415844,1721.4898139541338
0.9208333333333334,18.223399279018135,2816.666666666667,106.93945043487474,1687.6300313738363
0.9208333333333334,18.5738492651531,2870.833333333334,104.86616386799142,1654.9111361514686
0.9208333333333334,18.924299251288062,2924.9999999999995,102.86155480658635,1623.2760525650654
0.9208333333333334,19.274749237423027,2979.166666666667,100.92223820858635,1592.6713606780454
0.9208333333333334,19.625199223557992,3033.333333333334,99.0450427972246,1563.0470140212376
0.9208333333333334,19.975649209692957,3087.500000000001,97.22699493868276,1534.3560851631491
0.9208333333333334,20.326099195827922,3141.6666666666674,95.46530378749594,1506.5545312870233
0.9208333333333334,20.676549181962883,3195.8333333333335,93.75734773813747,1479.6009803809493
0.9208333333333334,21.02699916809785,3250.000000000001,92.10066214436665,1453.4565374347544
0.9208333333333334,21.377449154232814,3304.1666666666674,90.49292788375169,1428.0846039747564
0.9208333333333334,21.727899140367775,3358.3333333333335,88.93196106189862,1403.4507155844124
0.9208333333333334,22.07834912650274,3412.500000000001,87.41570344660431,1379.5223909440285
0.9208333333333334,22.428799112637705,3466.666666666667,85.94221374718472,1356.2689942083223
0.9208333333333334,22.77924909877267,3520.833333333334,84.50965955969878,1333.6616078926058
0.9208333333333334,23.129699084907635,3575.000000000001,83.11630996526219,1311.6729160654886
0.9208333333333334,23.480149071042597,3629.166666666667,81.76052873022854,1290.277097039756
0.9208333333333334,23.83059905717756,3683.3333333333335,80.44076801859774,1269.449724146795
0.9208333333333334,24.181049043312527,3737.5,79.15556261665188,1249.167674594571
0.9208333333333334,24.531499029447488,3791.666666666667,77.90352454176173,1229.4090443882667
0.9208333333333334,24.881949015582453,3845.8333333333335,76.68333811219782,1210.1530705261146
0.9208333333333334,25.23239900171742,3900.0000000000005,75.49375537550077,1191.3800588537156
0.9208333333333334,25.582848987852383,3954.1666666666674,74.33359185699373,1173.0713169705773
0.9208333333333334,25.93329897398735,4008.333333333334,73.2017226156313,1155.209091986778
0.9208333333333334,26.28374896012231,4062.5000000000005,72.09707865840755,1137.7765139381213
0.9208333333333334,26.634198946257275,4116.666666666667,71.018643444404,1120.7575406159062
0.9208333333333334,26.98464893239224,4170.833333333334,69.96544987545349,1104.1369100760746
0.9208333333333334,27.3350989185272,4225.000000000001,68.93657724838704,1087.9000925420885
0.9208333333333334,27.685548904662166,4279.166666666667,67.93114861706272,1072.0332487746487
0.9208333333333334,28.03599889079713,4333.333333333334,66.94832820561714,1056.5231892497698
0.9208333333333334,28.386448876932096,4387.500000000002,65.98731906502508,1041.3573371765387
0.9208333333333334,28.73689886306706,4441.666666666668,65.04736089613289,1026.5236941420287
0.9208333333333334,29.087348849202023,4495.833333333334,64.12772793672048,1012.0108067666561
0.9208333333333334,29.437798835336988,4550.0,63.22772707906552,997.8077369971354
0.9208333333333334,29.788248821471953,4604.166666666668,62.3466960771475,983.9040338140551
0.9208333333333334,30.138698807606914,4658.333333333334,61.4840018178802,970.2897059498968
0.9208333333333334,30.48914879374188,4712.5,60.63903882284649,956.9551982446521
0.9208333333333334,30.839598779876845,4766.666666666667,59.811227711616084,943.8913673951738
0.9208333333333334,31.19004876601181,4820.833333333334,59.00001385714859,931.0894607358573
0.9208333333333334,31.540498752146775,4875.000000000001,58.20486606680788,918.5410954235
0.9208333333333334,31.890948738281736,4929.166666666668,57.42527539143339,906.2382396430485
0.9208333333333334,32.2413987244167,4983.333333333334,56.66075397282839,894.1731944196109
0.9208333333333334,32.591848710551666,5037.500000000001,55.91083395527676,882.3385764409142
0.9208333333333334,32.94229869668663,5091.666666666667,55.17506651231088,870.7273026985589
0.9208333333333334,33.292748682821596,5145.833333333334,54.45302088628523,859.3325753313644
0.9208333333333334,33.64319866895656,5200.0,53.74419277650304,848.1464358824911
0.9208333333333334,33.99364865509152,5254.166666666667,53.04746586014517,837.1512674677432
0.9208333333333334,34.34409864122649,5308.333333333334,52.36236473894678,826.339567744577
0.9208333333333334,34.69454862736145,5362.5,51.68859670055099,815.7067173684752
0.9208333333333334,35.04499861349642,5416.666666666668,51.025878233257444,805.2482421920786
0.9208333333333334,35.39544859963138,5470.833333333334,50.37393478709926,794.9598094946998
0.9208333333333334,35.74589858576634,5525.0,49.732500401188574,784.8372221013976
0.9208333333333334,36.09634857190131,5579.166666666667,49.10131746307293,774.8764145853405
0.9208333333333334,36.44679855803627,5633.333333333334,48.4801363964999,765.0734483403634
0.9208333333333334,36.79724854417123,5687.5,47.86871533933356,755.4245064981137
0.9208333333333334,37.1476985303062,5741.666666666668,47.266819875715356,745.925889701234
0.9208333333333334,37.49814851644116,5795.833333333334,46.67422272378322,736.5740111752049
0.9208333333333334,37.848598502576124,5849.999999999999,46.090703464303814,727.3653924458409
0.9208333333333334,38.19904848871109,5904.166666666667,45.516048260894635,718.2966589240696
0.9208333333333334,38.549498474846054,5958.333333333334,44.950049618642254,709.3645360966416
0.9208333333333334,38.89994846098102,6012.500000000002,44.392506121377494,700.565845380027
0.9208333333333334,39.250398447115984,6066.666666666668,43.84322216030297,691.8974998378375
0.9208333333333334,39.600848433250945,6120.833333333334,43.30200775585419,683.3565013695866
0.9208333333333334,39.951298419385914,6175.000000000002,42.76867833312707,674.9399371666716
0.9208333333333334,40.301748405520875,6229.166666666667,42.24305448689256,666.6449760040294
0.9208333333333334,40.652198391655844,6283.333333333335,41.724961813613035,658.4688655891574
0.9208333333333334,41.002648377790806,6337.500000000002,41.21423074119734,650.408929875448
0.9208333333333334,41.35309836392577,6391.666666666667,40.71069630271144,642.4625654910782
0.9208333333333334,41.703548350060736,6445.833333333335,40.214198071198894,634.6272407103992
0.9208333333333334,42.0539983361957,6500.000000000002,0.0,0.0
0.9604166666666667,0.0,0.0,219.99999998719431,3471.8581905069577
0.9604166666666667,0.35044998613496414,54.16666666666667,219.99999998719431,3471.8581905069577
0.9604166666666667,0.7008999722699283,108.33333333333334,219.99999998719431,3471.8581905069577
0.9604166666666667,1.0513499584048924,162.5,219.99999998719431,3471.8581905069577
0.9604166666666667,1.4017999445398566,216.66666666666669,219.99999998719431,3471.8581905069577
0.9604166666666667,1.7522499306748207,270.83333333333337,219.99999998719431,3471.8581905069577
0.9604166666666667,2.102699916809785,325.0,219.99999998719431,3471.8581905069577
0.9604166666666667,2.453149902944749,379.16666666666674,219.99999998719431,3471.8581905069577
0.9604166666666667,2.803599889079713,433.33333333333337,219.99999998719431,3471.8581905069577
0.9604166666666667,3.1540498752146773,487.50000000000006,219.99999998719431,3471.8581905069577
0.9604166666666667,3.5044998613496414,541.6666666666667,219.99999998719431,3471.8581905069577
0.9604166666666667,3.8549498474846056,595.8333333333334,219.99999998719431,3471.8581905069577
0.9604166666666667,4.20539983361957,650.0,219.99999998719431,3471.8581905069577
0.9604166666666667,4.555849819754534,704.1666666666667,219.99999998719431,3471.8581905069577
0.9604166666666667,4.906299805889498,758.3333333333335,219.99999998719431,3471.8581905069577
0.9604166666666667,5.256749792024462,812.5000000000002,219.99999998719431,3471.8581905069577
0.9604166666666667,5.607199778159426,866.6666666666667,219.99999998719431,3471.8581905069577
0.9604166666666667,5.95764976429439,920.8333333333334,219.99999998719431,3471.8581905069577
0.9604166666666667,6.308099750429355,975.0000000000001,219.99999998719431,3471.8581905069577
0.9604166666666667,6.658549736564319,1029.1666666666667,219.99999998719431,3471.8581905069577
0.9604166666666667,7.008999722699283,1083.3333333333335,219.99999998719431,3471.8581905069577
0.9604166666666667,7.359449708834247,1137.5,219.99999998719431,3471.8581905069577
0.9604166666666667,7.709899694969211,1191.6666666666667,219.99999998719431,3471.8581905069577
0.9604166666666667,8.060349681104174,1245.8333333333335,219.99999998719431,3471.8581905069577
0.9604166666666667,8.41079966723914,1300.0,219.46694140904583,3463.445900549356
0.9604166666666667,8.761249653374104,1354.166666666667,212.13515958865173,3347.741778887415
0.9604166666666667,9.111699639509068,1408.3333333333335,205.22455761907622,3238.6843695655934
0.9604166666666667,9.462149625644031,1462.4999999999998,198.70249635656364,3135.758588590318
0.9604166666666667,9.812599611778996,1516.666666666667,192.53931221202947,3038.496309712822
0.9604166666666667,10.163049597913961,1570.8333333333337,186.7080266668927,2946.4717802480664
0.9604166666666667,10.513499584048924,1625.0000000000005,181.18408253998496,2859.2974590570484
0.9604166666666667,10.863949570183888,1679.1666666666667,175.94510559691116,2776.620254462746
0.9604166666666667,11.214399556318853,1733.3333333333335,170.97068960662,2698.1181321905356
0.9604166666666667,11.564849542453818,1787.5000000000005,166.24220302677713,2623.497064636511
0.9604166666666667,11.91529952858878,1841.6666666666667,161.7426153330598,2552.488290139938
0.9604166666666667,12.265749514723744,1895.8333333333335,157.45634119957685,2484.8458539674057
0.9604166666666667,12.61619950085871,1950.0000000000002,153.36910085286945,2420.3444045350757
0.9604166666666667,12.966649486993674,2004.166666666667,149.46779483230785,2358.7772169807604
0.9604166666666667,13.317099473128637,2058.3333333333335,145.74039173545316,2299.9544216539916
0.9604166666666667,13.6675494592636,2112.5000000000005,142.1758276806213,2243.7014175172862
0.9604166666666667,14.017999445398566,2166.666666666667,138.76391605241224,2189.857447824682
0.9604166666666667,14.36844943153353,2220.833333333334,135.49526651855558,2138.2743221125115
0.9604166666666667,14.718899417668494,2275.0,132.36121242167428,2088.815270356227
0.9604166666666667,15.069349403803457,2329.166666666667,129.35374543187208,2041.3539117115365
0.9604166666666667,15.419799389938422,2383.3333333333335,126.465456871083,1995.7733285437785
0.9604166666666667,15.770249376073387,2437.5000000000005,123.68948478717357,1951.9652311951388
0.9604166666666667,16.12069936220835,2491.666666666667,121.01946645765565,1909.8292084375023
0.9604166666666667,16.471149348343314,2545.8333333333335,118.44949532416649,1869.2720478480016
0.9604166666666667,16.82159933447828,2600.0,115.97408235771582,1830.2071261072783
0.9604166666666667,17.172049320613244,2654.166666666667,113.58812091988511,1792.553854467967
0.9604166666666667,17.52249930674821,2708.333333333334,111.28685517120175,1756.2371802017647
0.9604166666666667,17.87294929288317,2762.5,109.06585128395818,1721.1871323039318
0.9604166666666667,18.223399279018135,2816.666666666667,106.92097148508765,1687.338411859409
0.9604166666666667,18.5738492651531,2870.833333333334,104.8483504424803,1654.6300193911713
0.9604166666666667,18.924299251288062,2924.9999999999995,102.8443737514317,1623.004915351139
0.9604166666666667,19.274749237423027,2979.166666666667,100.9056584443897,1592.4097125411085
0.9604166666666667,19.625199223557992,3033.333333333334,99.0290352422744,1562.7943960177508
0.9604166666666667,19.975649209692957,3087.500000000001,97.21153227845207,1534.1120662378214
0.9604166666666667,20.326099195827922,3141.6666666666674,95.45036039780825,1506.3187070602773
0.9604166666666667,20.676549181962883,3195.8333333333335,93.74289954430424,1479.3729709259455
0.9604166666666667,21.02699916809785,3250.000000000001,92.0866864931304,1453.2359852565041
0.9604166666666667,21.377449154232814,3304.1666666666674,90.47940345364623,1427.8711725955002
0.9604166666666667,21.727899140367775,3358.3333333333335,88.91886778641492,1403.2440883310883
0.9604166666666667,22.07834912650274,3412.500000000001,87.40302239893936,1379.322269129472
0.9604166666666667,22.428799112637705,3466.666666666667,85.92992707621306,1356.0750961208244
0.9604166666666667,22.77924909877267,3520.833333333334,84.49775038752705,1333.4736671792014
0.9604166666666667,23.129699084907635,3575.000000000001,83.10476237442344,1311.4906815298682
0.9604166666666667,23.480149071042597,3629.166666666667,81.74932766123675,1290.1003310255564
0.9604166666666667,23.83059905717756,3683.3333333333335,80.42989921872504,1269.2782017292438
0.9604166666666667,24.181049043312527,3737.5,79.14501260151155,1249.0011829742207
0.9604166666666667,24.531499029447488,3791.666666666667,77.89328051847406,1229.2473816784618
0.9604166666666667,24.881949015582453,3845.8333333333335,76.67338795377873,1209.9960453488136
0.9604166666666667,25.23239900171742,3900.0000000000005,75.48408759525046,1191.2274899353156
0.9604166666666667,25.582848987852383,3954.1666666666674,74.32419551885687,1172.9230317272902
0.9604166666666667,25.93329897398735,4008.333333333334,73.19258737261407,1155.0649271308987
0.9604166666666667,26.28374896012231,4062.5000000000005,72.08819463732652,1137.6363136592277
0.9604166666666667,26.634198946257275,4116.666666666667,71.01000129710883,1120.621157389215
0.9604166666666667,26.98464893239224,4170.833333333334,69.95704066357575,1104.0042028436424
0.9604166666666667,27.3350989185272,4225.000000000001,68.92839249456301,1087.7709275211662
0.9604166666666667,27.685548904662166,4279.166666666667,67.92318021529354,1071.9074980430617
0.9604166666666667,28.03599889079713,4333.333333333334,66.9405684468802,1056.4007311500936
0.9604166666666667,28.386448876932096,4387.500000000002,65.97976061166264,1041.238055911923
0.9604166666666667,28.73689886306706,4441.666666666668,65.03999671782367,1026.4074787657528
0.9604166666666667,29.087348849202023,4495.833333333334,64.12055133609101,1011.8975515863068
0.9604166666666667,29.437798835336988,4550.0,63.22073166607879,997.6973411704294
0.9604166666666667,29.788248821471953,4604.166666666668,62.339875717880204,983.7964005404838
0.9604166666666667,30.138698807606914,4658.333333333334,61.47735069855116,970.18474348117
0.9604166666666667,30.48914879374188,4712.5,60.632551334565505,956.8528180659
0.9604166666666667,30.839598779876845,4766.666666666667,59.80489850160666,943.7914850333012
0.9604166666666667,31.19004876601181,4820.833333333334,58.99383780313656,930.9919953553666
0.9604166666666667,31.540498752146775,4875.000000000001,58.19883826421574,918.4459696244022
0.9604166666666667,31.890948738281736,4929.166666666668,57.41939114057459,906.1453792587745
0.9604166666666667,32.2413987244167,4983.333333333334,56.65500876610167,894.0825283149225
0.9604166666666667,32.591848710551666,5037.500000000001,55.905223477166146,882.2500365119043
0.9604166666666667,32.94229869668663,5091.666666666667,55.1695866137743,870.640823468475
0.9604166666666667,33.292748682821596,5145.833333333334,54.44766758475453,859.2480939506066
0.9604166666666667,33.64319866895656,5200.0,53.739052932942286,848.0653231190123
0.9604166666666667,33.99364865509152,5254.166666666667,53.04334556683898,837.0862444038197
0.9604166666666667,34.34409864122649,5308.333333333334,52.36008345731534,826.3035664431342
0.9604166666666667,34.69454862736145,5362.5,51.68821570579894,815.7007048241546
0.9604166666666667,35.04499861349642,5416.666666666668,51.02729009410817,805.2705230132547
0.9604166666666667,35.39544859963138,5470.833333333334,50.37703650635953,795.0087582647864
0.9604166666666667,35.74589858576634,5525.0,49.73719326324769,784.911280972206
0.9604166666666667,36.09634857190131,5579.166666666667,49.107506825859915,774.9740899939188
0.9604166666666667,36.44679855803627,5633.333333333334,48.48773152257375,765.1933083434043
0.9604166666666667,36.79724854417123,5687.5,47.877629307728384,755.5651793807649
0.9604166666666667,37.1476985303062,5741.666666666668,47.276969449926675,746.0860618937695
0.9604166666666667,37.49814851644116,5795.833333333334,46.68552824970729,736.7524256423857
0.9604166666666667,37.848598502576124,5849.999999999999,46.1030888200298,727.5608478945779
0.9604166666666667,38.19904848871109,5904.166666666667,45.52944077377836,718.5080084947492
0.9604166666666667,38.549498474846054,5958.333333333334,44.96437996301373,709.5906857488316
0.9604166666666667,38.89994846098102,6012.500000000002,44.40770825524685,700.8057528936206
0.9604166666666667,39.250398447115984,6066.666666666668,43.85923327625326,692.1501740380849
0.9604166666666667,39.600848433250945,6120.833333333334,43.31876818906443,683.6210006755902
0.9604166666666667,39.951298419385914,6175.000000000002,42.78613147342942,675.2153682035458
0.9604166666666667,40.301748405520875,6229.166666666667,42.26114669465314,666.9304922754003
0.9604166666666667,40.652198391655844,6283.333333333335,41.74364235020792,658.7636663799927
0.9604166666666667,41.002648377790806,6337.500000000002,41.23345162633011,650.7122580003612
0.9604166666666667,41.35309836392577,6391.666666666667,40.730412274827984,642.7737066696264
0.9604166666666667,41.703548350060736,6445.833333333335,40.234366442636826,634.9455212811721
0.9604166666666667,42.0539983361957,6500.000000000002,0.0,0.0
1.0,0.0,0.0,219.99999998719431,3471.8581905069577
1.0,0.35044998613496414,54.16666666666667,219.99999998719431,3471.8581905069577
1.0,0.7008999722699283,108.33333333333334,219.99999998719431,3471.8581905069577
1.0,1.0513499584048924,162.5,219.99999998719431,3471.8581905069577
1.0,1.4017999445398566,216.66666666666669,219.99999998719431,3471.8581905069577
1.0,1.7522499306748207,270.83333333333337,219.99999998719431,3471.8581905069577
1.0,2.102699916809785,325.0,219.99999998719431,3471.8581905069577
1.0,2.453149902944749,379.16666666666674,219.99999998719431,3471.8581905069577
1.0,2.803599889079713,433.33333333333337,219.99999998719431,3471.8581905069577
1.0,3.1540498752146773,487.50000000000006,219.99999998719431,3471.8581905069577
1.0,3.5044998613496414,541.6666666666667,219.99999998719431,3471.8581905069577
1.0,3.8549498474846056,595.8333333333334,219.99999998719431,3471.8581905069577
1.0,4.20539983361957,650.0,219.99999998719431,3471.8581905069577
1.0,4.555849819754534,704.1666666666667,219.99999998719431,3471.8581905069577
1.0,4.906299805889498,758.3333333333335,219.99999998719431,3471.8581905069577
1.0,5.256749792024462,812.5000000000002,219.99999998719431,3471.8581905069577
1.0,5.607199778159426,866.6666666666667,219.99999998719431,3471.8581905069577
1.0,5.95764976429439,920.8333333333334,219.99999998719431,3471.8581905069577
1.0,6.308099750429355,975.0000000000001,219.99999998719431,3471.8581905069577
1.0,6.658549736564319,1029.1666666666667,219.99999998719431,3471.8581905069577
1.0,7.008999722699283,1083.3333333333335,219.99999998719431,3471.8581905069577
1.0,7.359449708834247,1137.5,219.99999998719431,3471.8581905069577
1.0,7.709899694969211,1191.6666666666667,219.99999998719431,3471.8581905069577
1.0,8.060349681104174,1245.8333333333335,219.99999998719431,3471.8581905069577
1.0,8.41079966723914,1300.0,219.39689379767515,3462.3404670344607
1.0,8.761249653374104,1354.166666666667,212.0692742348183,3346.7020306812583
1.0,9.111699639509068,1408.3333333333335,205.16250888700597,3237.7051677534964
1.0,9.462149625644031,1462.4999999999998,198.64398846053518,3134.8352653264656
1.0,9.812599611778996,1516.666666666667,192.48407628387213,3037.624621941938
1.0,10.163049597913961,1570.8333333333337,186.6558181180153,2945.647868075134
1.0,10.513499584048924,1625.0000000000005,181.13467865390703,2858.5178077546284
1.0,10.863949570183888,1679.1666666666667,175.89830337790772,2775.881660520062
1.0,11.214399556318853,1733.3333333333335,170.92630385886878,2697.4176730001677
1.0,11.564849542453818,1787.5000000000005,166.2000645743683,2622.832070404059
1.0,11.91529952858878,1841.6666666666667,161.70256947050802,2551.856319431281
1.0,12.265749514723744,1895.8333333333335,157.4182462960016,2484.2446716810327
1.0,12.61619950085871,1950.0000000000002,153.33282705862075,2419.771961491119
1.0,12.966649486993674,2004.166666666667,149.43322299048305,2358.2316327434546
1.0,13.317099473128637,2058.3333333333335,145.70741235744208,2299.433968364572
1.0,13.6675494592636,2112.5000000000005,142.1443400240969,2243.2045053436027
1.0,14.017999445398566,2166.666666666667,138.73382730176672,2189.3826120275144
1.0,14.36844943153353,2220.833333333334,135.4664911190048,2137.8202125369594
1.0,14.718899417668494,2275.0,132.33367132372223,2088.3806395084725
1.0,15.069349403803457,2329.166666666667,129.32736560469493,2040.9376070794706
1.0,15.419799389938422,2383.3333333333335,126.44017067505047,1995.3742826946534
1.0,15.770249376073387,2437.5000000000005,123.66522958967835,1951.582455712907
1.0,16.12069936220835,2491.666666666667,120.99618410808034,1909.4617856371751
1.0,16.471149348343314,2545.8333333333335,118.42713188496418,1868.9191265317884
1.0,16.82159933447828,2600.0,115.95258761779405,1829.8679138852121
1.0,17.172049320613244,2654.166666666667,113.56744818971492,1792.2276145244866
1.0,17.52249930674821,2708.333333333334,111.26696092425846,1755.9232256372277
1.0,17.87294929288317,2762.5,109.04669493902475,1720.8848226991083
1.0,18.223399279018135,2816.666666666667,106.90251517575234,1687.0471496378816
1.0,18.5738492651531,2870.833333333334,104.83055873541161,1654.3492453733845
1.0,18.924299251288062,2924.9999999999995,102.82721354393288,1622.734107137689
1.0,19.274749237423027,2979.166666666667,100.8890987210907,1592.1483806730564
1.0,19.625199223557992,3033.333333333334,99.01304694707505,1562.5420819557357
1.0,19.975649209692957,3087.500000000001,97.19608816085383,1533.8683399369952
1.0,20.326099195827922,3141.6666666666674,95.43543484644033,1506.0831643431518
1.0,20.676549181962883,3195.8333333333335,93.72846853570081,1479.1452326740366
1.0,21.02699916809785,3250.000000000001,92.07272739964537,1453.0156943790003
1.0,21.377449154232814,3304.1666666666674,90.46589500503615,1427.6579934229972
1.0,21.727899140367775,3358.3333333333335,88.90578991617076,1403.0377041905235
1.0,22.07834912650274,3412.500000000001,87.39035621867515,1379.1223819399481
1.0,22.428799112637705,3466.666666666667,85.91765474760905,1355.8814243727202
1.0,22.77924909877267,3520.833333333334,84.48585508391261,1333.285945327907
1.0,23.129699084907635,3575.000000000001,83.09322819113731,1311.3086585811632
1.0,23.480149071042597,3629.166666666667,81.73813955159858,1289.9237695251666
1.0,23.83059905717756,3683.3333333333335,80.41904295561835,1269.1068771565735
1.0,24.181049043312527,3737.5,79.13447470054962,1248.8348825298228
1.0,24.531499029447488,3791.666666666667,77.88304822519422,1229.0859040819462
1.0,24.881949015582453,3845.8333333333335,76.66344916680828,1209.839199626318
1.0,25.23239900171742,3900.0000000000005,75.4744308150839,1191.0750946111468
1.0,25.582848987852383,3954.1666666666674,74.31480987346731,1172.7749152281046
1.0,25.93329897398735,4008.333333333334,73.18346248939633,1154.9209257648133
1.0,26.28374896012231,4062.5000000000005,72.07932066870853,1137.4962720199983
1.0,26.634198946257275,4116.666666666667,71.00136889494024,1120.4849279520583
1.0,26.98464893239224,4170.833333333334,69.94864091509953,1103.8716449547921
1.0,27.3350989185272,4225.000000000001,68.92021690960974,1087.641907195785
1.0,27.685548904662166,4279.166666666667,67.9152207262814,1071.7818879652405
1.0,28.03599889079713,4333.333333333334,66.93281735759228,1056.2784098644975
1.0,28.386448876932096,4387.500000000002,65.97221055882983,1041.1189072175237
1.0,28.73689886306706,4441.666666666668,65.03264070954174,1026.2913923220958
1.0,29.087348849202023,4495.833333333334,64.11338268779218,1011.7844219030676
1.0,29.437798835336988,4550.0,63.21374397492036,997.587067203236
1.0,29.788248821471953,4604.166666666668,62.33306290116161,983.6888862971825
1.0,30.138698807606914,4658.333333333334,61.47070689126849,970.0798964051161
1.0,30.48914879374188,4712.5,60.62607096624561,956.7505502484896
1.0,30.839598779876845,4766.666666666667,59.79857623227872,943.6917122035283
1.0,31.19004876601181,4820.833333333334,58.98766851052642,930.894636677733
1.0,31.540498752146775,4875.000000000001,58.19281704374589,918.350947698919
1.0,31.890948738281736,4929.166666666668,57.41351330536418,906.0526201209611
1.0,32.2413987244167,4983.333333333334,56.649269808549434,893.9919608295413
1.0,32.591848710551666,5037.500000000001,55.8996190817561,882.1615925750483
1.0,32.94229869668663,5091.666666666667,55.16411265707575,870.5544380075684
1.0,33.292748682821596,5145.833333333334,54.442320071393624,859.1637039139613
1.0,33.64319866895656,5200.0,53.73382805963047,847.9828684862712
1.0,33.99364865509152,5254.166666666667,53.03823964553885,837.0056669734244
1.0,34.34409864122649,5308.333333333334,52.35517339897342,826.2260799600831
1.0,34.69454862736145,5362.5,51.6842626419384,815.6383208371429
1.0,35.04499861349642,5416.666666666668,51.025081017189635,805.2356611869205
1.0,35.39544859963138,5470.833333333334,50.37663691891623,795.0024523059775
1.0,35.74589858576634,5525.0,49.73850301463755,784.9319503862546
1.0,36.09634857190131,5579.166666666667,49.11042970782307,775.0202165015747
1.0,36.44679855803627,5633.333333333334,48.492175105367366,765.26343329485
1.0,36.79724854417123,5687.5,47.88350478406457,755.6579012927747
1.0,37.1476985303062,5741.666666666668,47.28419151028031,746.2000344819176
1.0,37.49814851644116,5795.833333333334,46.69401501101888,736.8863566958958
1.0,37.848598502576124,5849.999999999999,46.11276172236325,727.7134976454612
1.0,38.19904848871109,5904.166666666667,45.5402244933931,718.6781882459799
1.0,38.549498474846054,5958.333333333334,44.97620241036215,709.7772578427445
1.0,38.89994846098102,6012.500000000002,44.42050046989053,701.0076290535659
1.0,39.250398447115984,6066.666666666668,43.87292940599823,692.366315039158
1.0,39.600848433250945,6120.833333333334,43.333305413716836,683.8504151414066
1.0,39.951298419385914,6175.000000000002,42.80144996538059,675.4571119842274
1.0,40.301748405520875,6229.166666666667,42.277189559048914,667.1836675033771
1.0,40.652198391655844,6283.333333333335,41.76035552381908,659.0274198740593
1.0,41.002648377790806,6337.500000000002,41.25078386774998,650.9857811109836
1.0,41.35309836392577,6391.666666666667,40.74831504725043,643.0562334290413
1.0,41.703548350060736,6445.833333333335,40.252793822945314,635.2363269687055
1.0,42.0539983361957,6500.000000000002,0.0,0.0
