time_s,ay_mps2,ax_mps2,speed_mps,roll_deg,pitch_deg,yaw_rate_radps,Fz_FL,jounce_FL_mm,geometric_FL_n,Fz_FR,jounce_FR_mm,geometric_FR_n,Fz_RL,jounce_RL_mm,geometric_RL_n,Fz_RR,jounce_RR_mm,geometric_RR_n
0.0,0.0,0.0,20.0,0.0,0.0,0.0,598.5082183333004,-0.0,-0.0,598.5082183333004,-0.0,0.0,731.5100446295896,-0.0,0.0,731.5100446295896,-0.0,0.0
0.0025,3.195619212824517e-19,6.980958403876304e-20,20.0,-4.80852374099148e-21,4.0786553359046753e-19,-4.339791717831522e-22,598.5082183333004,-0.0,3.494650225583604e-17,598.5082183333004,-0.0,3.797847151638584e-17,731.5100446295896,-0.0,-1.8977602240729995e-18,731.5100446295896,-0.0,-1.0815183744997644e-18
0.005,6.259829017885994e-19,2.792383362087121e-19,20.0,-1.9234849905816882e-20,1.6314621346753805e-18,-9.09000109575215e-22,598.5082183333004,-0.0,6.996484072744447e-17,598.5082183333004,-0.0,7.588510685888942e-17,731.5100446295896,-0.0,-3.776900660427329e-18,731.5100446295896,-0.0,-2.1816565384295803e-18
0.0075,9.198175589213952e-19,6.2828625658945455e-19,20.0,-4.328009849929626e-20,3.670789803719848e-18,-1.4244487436066796e-21,598.5082183333004,-0.0,1.0505225073159063e-16,598.5082183333004,-0.0,1.137226707101186e-16,731.5100446295896,-0.0,-5.638104576832407e-18,731.5100446295896,-0.0,-3.2997312239944214e-18
0.01,1.201596044043762e-18,1.1169533452593606e-18,20.0,-7.694537211694747e-20,6.525848541181754e-18,-1.9796736963282655e-21,598.5082183333004,-0.0,1.4020609453508224e-16,598.5082183333004,-0.0,1.5149380080260077e-16,731.5100446295896,-0.0,-7.482026127963804e-18,731.5100446295896,-0.0,-4.435088276491552e-18
0.0125,1.4718251832928764e-18,1.7452396022954968e-18,20.0,-1.2023175500103927e-19,1.0196638347511357e-17,-2.5739921449536866e-21,598.5082183333004,-0.0,1.754238551160192e-16,598.5082183333004,-0.0,1.892010141575393e-16,731.5100446295896,-0.0,-9.30929164701536e-18,731.5100446295896,-0.0,-5.5871013626986695e-18
0.015,1.7309895611835753e-18,2.5131450277735666e-18,20.0,-1.731403122503797e-19,1.4683159223150966e-17,-3.2066951401568518e-21,598.5082183333004,-0.0,2.1070313025725748e-16,598.5082183333004,-0.0,2.268467129913542e-16,731.5100446295896,-0.0,-1.1120500876530648e-17,731.5100446295896,-0.0,-6.755170740042621e-18
0.0175,1.9795525501900474e-18,3.42066962176787e-18,20.0,-2.356720891693656e-19,1.998541116853468e-17,-3.877052425103453e-21,598.5082183333004,-0.0,2.4604162695249686e-16,598.5082183333004,-0.0,2.6443319030960084e-16,731.5100446295896,-0.0,-1.29162281416205e-17,731.5100446295896,-0.0,-7.938722083382144e-18
0.02,2.2179572892228122e-18,4.467813384351258e-18,20.0,-3.0782811074311673e-19,2.610339418408813e-17,-4.5843167950803466e-21,598.5082183333004,-0.0,2.814371561070801e-16,598.5082183333004,-0.0,3.0196263520617363e-16,731.5100446295896,-0.0,-1.46970234684652e-17,731.5100446295896,-0.0,-9.137205366505789e-18
0.0225,2.4466276137477254e-18,5.6545763155951135e-18,20.0,-3.8960938122658416e-19,3.3037108270228374e-17,-5.327728034943071e-21,598.5082183333004,-0.0,3.1688762751669653e-16,598.5082183333004,-0.0,3.39437137884607e-16,731.5100446295896,-0.0,-1.6463413650842007e-17,731.5100446295896,-0.0,-1.0350093795604586e-17
0.025,2.6659689401343154e-18,6.980958415569323e-18,20.0,-4.810168838365027e-19,4.078655342736373e-17,-6.106516468780462e-21,598.5082183333004,-0.0,3.5239104510820504e-16,598.5082183333004,-0.0,3.768586944172569e-16,731.5100446295896,-0.0,-1.8215903267270036e-17,731.5100446295896,-0.0,-1.157688279212735e-17
0.0275,2.8763691066708298e-18,8.446959684342258e-18,20.0,-5.820515805359694e-19,4.935172965589366e-17,-6.919906153581917e-21,598.5082183333004,-0.0,3.879455024277554e-16,598.5082183333004,-0.0,4.1422921125718156e-16,731.5100446295896,-0.0,-1.9954975651224205e-17,731.5100446295896,-0.0,-1.2817089022566792e-17
0.03,3.0781991735431595e-18,1.0052580121980773e-17,20.0,-6.927144119022729e-19,5.873263695620876e-17,-7.767117746271259e-21,598.5082183333004,-0.0,4.235491783622874e-16,598.5082183333004,-0.0,4.515505095166456e-16,731.5100446295896,-0.0,-2.1681093816738624e-17,731.5100446295896,-0.0,-1.407024947285629e-17
0.0325,3.271814183942944e-18,1.1797819728550198e-17,20.0,-8.1300629706936515e-19,6.892927532869073e-17,-8.64737107122732e-21,598.5082183333004,-0.0,4.592003330813262e-16,598.5082183333004,-0.0,4.888243290253272e-16,731.5100446295896,-0.0,-2.3394701341595204e-17,731.5100446295896,-0.0,-1.5335920565181437e-17
0.035,3.4575538883463382e-18,1.3682678504114348e-17,20.0,-9.429281337370967e-19,7.994164477371241e-17,-9.559887413333378e-21,598.5082183333004,-0.0,4.948973041867857e-16,598.5082183333004,-0.0,5.260523321805184e-16,731.5100446295896,-0.0,-2.5096223210176402e-17,731.5100446295896,-0.0,-1.6613677315127277e-17
0.0375,3.635743433889148e-18,1.5707156448735488e-17,20.0,-1.0824807982399849e-18,9.176974529163761e-17,-1.0503891559672689e-20,598.5082183333004,-0.0,5.306385030592196e-16,598.5082183333004,-0.0,5.632361076008736e-16,731.5100446295896,-0.0,-2.6786066617950946e-17,731.5100446295896,-0.0,-1.7903112527192762e-17
0.04,3.806694020654589e-18,1.7871253562474423e-17,20.0,-1.2316651456689092e-18,1.0441357688282153e-16,-1.1478613611204493e-20,598.5082183333004,-0.0,5.66422411389666e-16,598.5082183333004,-0.0,6.003771735945692e-16,731.5100446295896,-0.0,-2.8464621739457295e-17,731.5100446295896,-0.0,-1.920383602680734e-17
0.0425,3.970703526587846e-18,2.0174969845390423e-17,20.0,-1.3904820100396763e-18,1.178731395476105e-16,-1.2483290584104745e-20,598.5082183333004,-0.0,6.022475778868621e-16,598.5082183333004,-0.0,6.374769814520892e-16,731.5100446295896,-0.0,-3.0132262461551544e-17,731.5100446295896,-0.0,-2.0515473927083102e-17
0.045,4.128057102655198e-18,2.261830529754127e-17,20.0,-1.5589322045029304e-18,1.3214843328634212e-16,-1.3517167818926826e-20,598.5082183333004,-0.0,6.381126151502238e-16,598.5082183333004,-0.0,6.745369185732473e-16,731.5100446295896,-0.0,-3.1789347083594337e-17,731.5100446295896,-0.0,-2.18376679286279e-17
0.0475,4.279027739775273e-18,2.5201259918983325e-17,20.0,-1.7370165215903577e-18,1.4723945809934563e-16,-1.4579500214323442e-20,598.5082183333004,-0.0,6.740161966995473e-16,598.5082183333004,-0.0,7.115583114374872e-16,731.5100446295896,-0.0,-3.343621898616406e-17,731.5100446295896,-0.0,-2.3170074650832313e-17
0.05,4.4238768089646e-18,2.792383370977146e-17,20.0,-1.9247357334925738e-18,1.6314621398694166e-16,-1.566955330076067e-20,598.5082183333004,-0.0,7.099570541529239e-16,598.5082183333004,-0.0,7.485424284259676e-16,731.5100446295896,-0.0,-3.50732072698011e-17,731.5100446295896,-0.0,-2.4512364993125317e-17
0.0525,4.562854576060619e-18,3.078602666995912e-17,20.0,-2.1220905923644968e-18,1.7986870094944248e-16,-1.678660416844406e-20,598.5082183333004,-0.0,7.459339745448545e-16,598.5082183333004,-0.0,7.854904825034492e-16,731.5100446295896,-0.0,-3.67006273652108e-17,731.5100446295896,-0.0,-2.5864223524771445e-17
0.055,4.696200692308853e-18,3.3787838799598394e-17,20.0,-2.3290818306543787e-18,1.974069189871524e-16,-1.7929942262554258e-20,598.5082183333004,-0.0,7.819457977770294e-16,598.5082183333004,-0.0,8.224036337675181e-16,731.5100446295896,-0.0,-3.831878161627891e-17,731.5100446295896,-0.0,-2.7225347901855286e-17
0.0575,4.824144662031842e-18,3.6929270098739943e-17,20.0,-2.5457101614530153e-18,2.1576086810036744e-16,-1.9098870057852976e-20,598.5082183333004,-0.0,8.179914141946557e-16,598.5082183333004,-0.0,8.59282991872254e-16,731.5100446295896,-0.0,-3.99279598371848e-17,731.5100446295896,-0.0,-2.8595448310168425e-17
0.06,4.946906288529487e-18,4.021032056743312e-17,20.0,-2.7719762788599716e-18,2.3493054828937584e-16,-2.0292703623760572e-20,598.5082183333004,-0.0,8.54069762281655e-16,598.5082183333004,-0.0,8.961296183330376e-16,731.5100446295896,-0.0,-4.1528439844831255e-17,731.5100446295896,-0.0,-2.9974246932779503e-17
0.0625,5.0646960992991115e-18,4.363099020572593e-17,20.0,-3.0078808583639576e-18,2.5491595955445826e-16,-2.1510773090117832e-20,598.5082183333004,-0.0,8.901798264684121e-16,598.5082183333004,-0.0,9.329445287187995e-16,731.5100446295896,-0.0,-4.3120487967749333e-17,731.5100446295896,-0.0,-3.1361477441129565e-17
0.065,5.177715751603989e-18,4.719127901366509e-17,20.0,-3.2534245572347502e-18,2.7571710189588746e-16,-2.2752423023024734e-20,598.5082183333004,-0.0,9.263206350461382e-16,598.5082183333004,-0.0,9.697286947376603e-16,731.5100446295896,-0.0,-4.4704359532576946e-17,731.5100446295896,-0.0,-3.2756884508553345e-17
0.0675,5.286158419363507e-18,5.089118699129604e-17,20.0,-3.508608014924312e-18,2.9733397531392904e-16,-2.4017012719390733e-20,598.5082183333004,-0.0,9.624912581822394e-16,598.5082183333004,-0.0,1.006483046221561e-15,731.5100446295896,-0.0,-4.628029932915562e-17,731.5100446295896,-0.0,-3.416022334518266e-17
0.07,5.39020916228679e-18,5.4730714138663034e-17,20.0,-3.773431853474984e-18,3.197665798088415e-16,-2.530391642812794e-20,598.5082183333004,-0.0,9.986908060314042e-16,598.5082183333004,-0.0,1.0432084730151724e-15,731.5100446295896,-0.0,-4.7848542055237196e-17,731.5100446295896,-0.0,-3.557125925323953e-17
0.0725,5.490045278121484e-18,5.8709860455809e-17,20.0,-4.0478966779328334e-18,3.4301491538087573e-16,-2.6612523505272908e-20,598.5082183333004,-0.0,1.0349184269374291e-15,598.5082183333004,-0.0,1.079905826774076e-15,731.5100446295896,-0.0,-4.9409312741743274e-17,731.5100446295896,-0.0,-3.698976720177684e-17
0.075,-2.031098999186858e-17,6.282477275347138e-17,20.0,-4.26935248290517e-18,3.670564696040339e-16,2.202500342550294e-19,598.5082183333004,-0.0,1.2007935272764838e-15,598.5082183333004,-0.0,9.664823446828034e-16,731.5100446295895,-0.0,-2.088938241927167e-17,731.5100446295896,-0.0,-6.765255717332037e-17
0.0775,-1.4555142879808767e-17,6.699778415416035e-17,20.0,-3.7884608395696174e-18,3.9143747036570627e-16,1.6397544949631044e-19,598.5082183333004,-0.0,1.1795679080609986e-15,598.5082183333004,-0.0,1.0093309486785631e-15,731.5100446295895,-0.0,-2.791611196230597e-17,731.5100446295895,-0.0,-6.150921356052109e-17
0.08,-1.4188497941456203e-17,7.118781811506188e-17,20.0,-3.4443126716806916e-18,4.1591792617642057e-16,1.5877568391984015e-19,598.5082183333004,-0.0,1.1765624687010534e-15,598.5082183333004,-0.0,1.01177033195803e-15,731.5100446295895,-0.0,-2.8303804360491626e-17,731.5100446295895,-0.0,-6.109839549387202e-17
0.0825,-1.3457062273607838e-17,7.537751047880839e-17,20.0,-3.0966832553582506e-18,4.403963861908868e-16,1.503899001929816e-19,598.5082183333004,-0.0,1.1719046421099879e-15,598.5082183333004,-0.0,1.0164281671082152e-15,731.5100446295895,-0.0,-2.91297141545782e-17,731.5100446295895,-0.0,-6.02724860494599e-17
0.085,-1.2766675318367332e-17,7.956720285828899e-17,20.0,-2.749275202926429e-18,4.648748462972801e-16,1.4266381862634518e-19,598.5082183333004,-0.0,1.1675060444639227e-15,598.5082183333004,-0.0,1.020826772640062e-15,731.5100446295895,-0.0,-2.9916321432104994e-17,731.5100446295895,-0.0,-5.948587909409897e-17
0.08750000000000001,-1.2114853369620743e-17,8.375689525226295e-17,20.0,-2.402071058345605e-18,4.893533064883514e-16,1.355485109049523e-19,598.5082183333004,-0.0,1.1633502927168338e-15,598.5082183333004,-0.0,1.024982531649533e-15,731.5100446295895,-0.0,-3.066586026950772e-17,731.5100446295895,-0.0,-5.873634055339378e-17
0.09,-1.149927160133583e-17,8.794658765958161e-17,20.0,-2.0550546613411467e-18,5.138317667573897e-16,1.289985992278182e-19,598.5082183333004,-0.0,1.1594220844001145e-15,598.5082183333004,-0.0,1.028910746651552e-15,731.5100446295895,-0.0,-3.138042855348781e-17,731.5100446295895,-0.0,-5.80217725425351e-17
0.0925,-1.0917753502777169e-17,9.213628007918175e-17,20.0,-1.7082110533335915e-18,5.383102270981833e-16,1.229720016467782e-19,598.5082183333004,-0.0,1.1557071243313439e-15,598.5082183333004,-0.0,1.032625712871491e-15,731.5100446295895,-0.0,-3.2061996740257554e-17,731.5100446295895,-0.0,-5.734020460706526e-17
0.095,-1.0368261033949673e-17,9.63259725100794e-17,20.0,-1.3615263901176419e-18,5.627886875049829e-16,1.1742969555479872e-19,598.5082183333004,-0.0,1.1521920563805702e-15,598.5082183333004,-0.0,1.036140786479131e-15,731.5100446295895,-0.0,-3.271241603024713e-17,731.5100446295895,-0.0,-5.668978554818146e-17
0.0975,-9.848885451418397e-18,1.0051566495136392e-16,20.0,-1.0149878608089005e-18,5.872671479724683e-16,1.123354980348452e-19,598.5082183333004,-0.0,1.148864399941514e-15,598.5082183333004,-0.0,1.0394684481176822e-15,731.5100446295895,-0.0,-3.333342599821111e-17,731.5100446295895,-0.0,-5.606877579263783e-17
0.1,-9.357838758134378e-18,1.0470535740219292e-16,20.0,-6.685836126114829e-19,6.117456084957176e-16,1.0765586187173714e-19,598.5082183333004,-0.0,1.1457124907798233e-15,598.5082183333004,-0.0,1.042620362055739e-15,731.5100446295895,-0.0,-3.3926661715905005e-17,731.5100446295895,-0.0,-5.5475540270077624e-17
0.10250000000000001,-8.89344573413268e-18,1.0889504986178697e-16,20.0,-3.223026809913687e-19,6.362240690701773e-16,1.0335968611430496e-19,598.5082183333004,-0.0,1.1427254259534944e-15,598.5082183333004,-0.0,1.0456074312670462e-15,731.5100446295895,-0.0,-3.449366040192755e-17,731.5100446295895,-0.0,-5.4908541763199125e-17
0.105,-8.454136507980183e-18,1.1308474232942529e-16,20.0,2.3865075130151354e-20,6.607025296916359e-16,9.941814015404303e-20,598.5082183333004,-0.0,1.1398930125219654e-15,598.5082183333004,-0.0,1.0484398487215937e-15,731.5100446295895,-0.0,-3.503586763092872e-17,731.5100446295895,-0.0,-5.436633469855443e-17
0.1075,-8.038439631648701e-18,1.1727443480444135e-16,20.0,3.6992903352118696e-19,6.851809903561993e-16,9.580450035974255e-20,598.5082183333004,-0.0,1.1372057197802269e-15,598.5082183333004,-0.0,1.0511271451516675e-15,731.5100446295895,-0.0,-3.5554643132157756e-17,731.5100446295895,-0.0,-5.3847559348008666e-17
0.11,-7.644975624091914e-18,1.214641272862189e-16,20.0,7.158978644548678e-19,7.09659451060267e-16,9.249399837569151e-20,598.5082183333004,-0.0,1.1346546347727907e-15,598.5082183333004,-0.0,1.0536782335380352e-15,731.5100446295895,-0.0,-3.6051266205251885e-17,731.5100446295895,-0.0,-5.335093641295741e-17
0.1125,-7.272450951224414e-18,1.2565381977418825e-16,20.0,1.0617795825050383e-18,7.341379118005105e-16,8.946368025430998e-20,598.5082183333004,-0.0,1.1322314208595174e-15,598.5082183333004,-0.0,1.0561014505442626e-15,731.5100446295895,-0.0,-3.652694077924019e-17,731.5100446295895,-0.0,-5.287526196532882e-17
0.115,-6.9196524122515236e-18,1.2984351226782294e-16,20.0,1.4075815946091506e-18,7.58616372573854e-16,8.669227565288621e-20,598.5082183333004,-0.0,1.1299282791212674e-15,598.5082183333004,-0.0,1.0584045951112025e-15,731.5100446295895,-0.0,-3.698280013894325e-17,731.5100446295895,-0.0,-5.241940272118911e-17
0.11750000000000001,-6.585441904391271e-18,1.3403320476663652e-16,20.0,1.753310744665095e-18,7.830948333774554e-16,8.416007637871358e-20,598.5082183333004,-0.0,1.1277379124081788e-15,598.5082183333004,-0.0,1.0605949644088318e-15,731.5100446295895,-0.0,-3.7419911341282556e-17,731.5100446295895,-0.0,-5.198229162443868e-17
0.12,-6.268751539975141e-18,1.3822289727017958e-16,20.0,2.098973354909725e-18,8.07573294208689e-16,8.184882361769537e-20,598.5082183333004,-0.0,1.125653491847184e-15,598.5082183333004,-0.0,1.0626793873288535e-15,731.5100446295895,-0.0,-3.7839279342460575e-17,731.5100446295895,-0.0,-5.156292371963641e-17
0.1225,-5.96857909172486e-18,1.4241258977803718e-16,20.0,2.4445752643092302e-18,8.320517550651305e-16,7.974160322865118e-20,598.5082183333004,-0.0,1.1236686256381972e-15,598.5082183333004,-0.0,1.0646642556886172e-15,731.5100446295895,-0.0,-3.82418508555299e-17,731.5100446295895,-0.0,-5.116035229443497e-17
0.125,-5.6839837436839125e-18,1.46602282289826e-16,20.0,2.790121864175088e-18,8.565302159445404e-16,7.782274852939008e-20,598.5082183333004,-0.0,1.1217773299803285e-15,598.5082183333004,-0.0,1.0665555533050027e-15,731.5100446295895,-0.0,-3.862851795652664e-17,731.5100446295895,-0.0,-5.07736852734516e-17
0.1275,-5.414082126848609e-18,1.5079197480519247e-16,20.0,3.1356181312041814e-18,8.810086768448527e-16,7.607775004133671e-20,598.5082183333004,-0.0,1.1199740019805822e-15,598.5082183333004,-0.0,1.0683588830858184e-15,731.5100446295895,-0.0,-3.900012145609317e-17,731.5100446295895,-0.0,-5.040208184664878e-17
0.13,-5.158044619998417e-18,1.5498166732381001e-16,20.0,3.481068658127469e-18,9.054871377641597e-16,7.449317169733734e-20,598.5082183333004,-0.0,1.1182533944077857e-15,598.5082183333004,-0.0,1.0700794922759467e-15,731.5100446295895,-0.0,-3.9357454052353865e-17,731.5100446295895,-0.0,-5.0044749316462574e-17
0.1325,-4.915091897578345e-18,1.5917135984537748e-16,20.0,3.826477682138517e-18,9.299655987007017e-16,7.305657305242983e-20,598.5082183333004,-0.0,1.1166105921641136e-15,598.5082183333004,-0.0,1.0717222959859122e-15,731.5100446295895,-0.0,-3.970126327972406e-17,731.5100446295895,-0.0,-4.97009401489964e-17
0.135,-4.684491707746227e-18,1.633610523696171e-16,20.0,4.171849111260963e-18,9.544440596528559e-16,7.175643707002888e-20,598.5082183333004,-0.0,1.115040990355445e-15,598.5082183333004,-0.0,1.07329189912159e-15,731.5100446295895,-0.0,-4.003225426732742e-17,731.5100446295895,-0.0,-4.936994921560676e-17
0.1375,-4.465555864867543e-18,1.6755074489627282e-16,20.0,4.517186548802683e-18,9.789225206191261e-16,7.058210308632976e-20,598.5082183333004,-0.0,1.1135402738501176e-15,598.5082183333004,-0.0,1.0747926168255247e-15,731.5100446295895,-0.0,-4.035109231975954e-17,731.5100446295895,-0.0,-4.9051111212142615e-17
0.14,-4.257637441829519e-18,1.717404374251085e-16,20.0,4.862493316033886e-18,1.0034009815981331e-15,6.952370458393598e-20,598.5082183333004,-0.0,1.1121043982233135e-15,598.5082183333004,-0.0,1.0762284935326053e-15,731.5100446295895,-0.0,-4.065840533206333e-17,731.5100446295895,-0.0,-4.874379824397238e-17
0.14250000000000002,-4.0601281485597754e-18,1.7593012995590665e-16,20.0,5.20777247321658e-18,1.0278794425886056e-15,6.857211143191888e-20,598.5082183333004,-0.0,1.1107295719915067e-15,598.5082183333004,-0.0,1.0776033207356733e-15,731.5100446295895,-0.0,-4.0954786049972386e-17,731.5100446295895,-0.0,-4.8447417565743415e-17
0.145,-3.87245588407611e-18,1.8011982248846684e-16,20.0,5.55302683910378e-18,1.0523579035893733e-15,6.771887627386309e-20,598.5082183333004,-0.0,1.1094122400480493e-15,598.5082183333004,-0.0,1.0789206535500041e-15,731.5100446295895,-0.0,-4.1240794185720355e-17,731.5100446295895,-0.0,-4.816140946557397e-17
0.1475,-3.694082450270781e-18,1.8430951502260475e-16,20.0,5.89825900901839e-18,1.0768363645993587e-15,6.695618476807137e-20,598.5082183333004,-0.0,1.1081490682171539e-15,598.5082183333004,-0.0,1.0801838261593542e-15,731.5100446295895,-0.0,-4.151695839901647e-17,731.5100446295895,-0.0,-4.788524528408095e-17
0.15,-3.524501416447937e-18,1.8849920755815056e-16,20.0,6.243471371613801e-18,1.1013148256175697e-15,6.627680940511979e-20,598.5082183333004,-0.0,1.1069369288493436e-15,598.5082183333004,-0.0,1.0813959662205849e-15,731.5100446295895,-0.0,-4.17837781521275e-17,731.5100446295895,-0.0,-4.761842555929881e-17
0.1525,-3.363236124390385e-18,1.92688900094948e-16,20.0,6.5886661244110714e-18,1.1257932866430934e-15,6.567406664748236e-20,598.5082183333004,-0.0,1.1057728873867096e-15,598.5082183333004,-0.0,1.0825600082984191e-15,731.5100446295895,-0.0,-4.20417254474034e-17,731.5100446295895,-0.0,-4.7360478289156384e-17
0.155,-3.2098378244384782e-18,1.968785926328535e-16,20.0,6.9338452882006524e-18,1.150271747675091e-15,6.514177715408201e-20,598.5082183333004,-0.0,1.1046541898314125e-15,598.5082183333004,-0.0,1.0836787063970083e-15,731.5100446295895,-0.0,-4.229124645501312e-17,731.5100446295895,-0.0,-4.711095730374238e-17
0.1575,-3.063883933718679e-18,2.01068285171735e-16,20.0,7.279010720390462e-18,1.174750208712791e-15,6.46742288694882e-20,598.5082183333004,-0.0,1.1035782510553732e-15,598.5082183333004,-0.0,1.0847546456502605e-15,731.5100446295895,-0.0,-4.253276303813152e-17,731.5100446295895,-0.0,-4.686944074011997e-17
0.16,-2.924976408271362e-18,2.0525797771147118e-16,20.0,7.624164127376183e-18,1.1992286697554845e-15,6.426614277313366e-20,598.5082183333004,-0.0,1.1025426438935142e-15,598.5082183333004,-0.0,1.0857902532286406e-15,731.5100446295895,-0.0,-4.276667418232729e-17,731.5100446295895,-0.0,-4.6635529612940795e-17
0.1625,-2.7927402213942775e-18,2.0944767025195077e-16,20.0,7.969307076004289e-18,1.2237071308025215e-15,6.39126410984809e-20,598.5082183333004,-0.0,1.1015450889668526e-15,598.5082183333004,-0.0,1.0867878085161115e-15,731.5100446295895,-0.0,-4.299335733544311e-17,731.5100446295895,-0.0,-4.6408846474565493e-17
0.165,-2.6668219410465183e-18,2.136373627930715e-16,20.0,8.314441004193234e-18,1.2481855918533041e-15,6.36092178455809e-20,598.5082183333004,-0.0,1.1005834451854894e-15,598.5082183333004,-0.0,1.0877494526071696e-15,731.5100446295895,-0.0,-4.321316966383589e-17,731.5100446295895,-0.0,-4.6189034158825e-17
0.1675,-2.546888399650856e-18,2.1782705533473963e-16,20.0,8.659567230773593e-18,1.2726640529072854e-15,6.335171142303063e-20,598.5082183333004,-0.0,1.0996557008850278e-15,598.5082183333004,-0.0,1.0886771971704603e-15,731.5100446295895,-0.0,-4.342644923044663e-17,731.5100446295895,-0.0,-4.597575460295185e-17
0.17,-2.4326254500879604e-18,2.220167478768693e-16,20.0,9.004686964603557e-18,1.2971425139639627e-15,6.313627926699928e-20,598.5082183333004,-0.0,1.0987599655531368e-15,598.5082183333004,-0.0,1.089572932722236e-15,731.5100446295895,-0.0,-4.363351609980128e-17,731.5100446295895,-0.0,-4.576868774258038e-17
0.17250000000000001,-2.3237368021026015e-18,2.262064404193817e-16,20.0,9.34980131301218e-18,1.3216209750228766e-15,6.295937429583743e-20,598.5082183333004,-0.0,1.0978944621060095e-15,598.5082183333004,-0.0,1.090438436349927e-15,731.5100446295895,-0.0,-4.383467337470058e-17,731.5100446295895,-0.0,-4.5567530475057714e-17
0.17500000000000002,-2.2199429337386428e-18,2.3039613296220486e-16,20.0,9.694911289619031e-18,1.3460994360836058e-15,6.281772306885394e-20,598.5082183333004,-0.0,1.0970575196772269e-15,598.5082183333004,-0.0,1.091275378923287e-15,731.5100446295895,-0.0,-4.403020816903573e-17,731.5100446295895,-0.0,-4.537199568662929e-17
0.1775,-2.120980072786421e-18,2.345858255052728e-16,20.0,1.0040017821575352e-17,1.3705778971457654e-15,6.270830552719879e-20,598.5082183333004,-0.0,1.0962475668841663e-15,598.5082183333004,-0.0,1.092085331828027e-15,731.5100446295895,-0.0,-4.422039252087021e-17,731.5100446295895,-0.0,-4.5181811339357315e-17
0.18,-2.0265992435716835e-18,2.3877551804852543e-16,20.0,1.0385121756268719e-17,1.3950563582090038e-15,6.262833620348631e-20,598.5082183333004,-0.0,1.0954631255394522e-15,598.5082183333004,-0.0,1.0928697732543628e-15,731.5100446295895,-0.0,-4.440548424964915e-17,731.5100446295895,-0.0,-4.4996719613913005e-17
0.1825,-1.936565374731616e-18,2.4296521059190764e-16,20.0,1.0730223867530028e-17,1.4195348192729995e-15,6.257524679486642e-20,598.5082183333004,-0.0,1.094702804777254e-15,598.5082183333004,-0.0,1.0936300940707496e-15,731.5100446295895,-0.0,-4.458572776113926e-17,731.5100446295895,-0.0,-4.481647610463654e-17
0.185,-1.850656463923117e-18,2.471549031353693e-16,20.0,1.1075324861379034e-17,1.444013280337459e-15,6.254667000175235e-20,598.5082183333004,-0.0,1.0939652955662666e-15,598.5082183333004,-0.0,1.0943676033109042e-15,731.5100446295895,-0.0,-4.476135480346278e-17,731.5100446295895,-0.0,-4.464084906350464e-17
0.1875,-1.768662795683126e-18,2.513445956788646e-16,20.0,1.1420425381341874e-17,1.4684917414021157e-15,6.254042454138648e-20,598.5082183333004,-0.0,1.0932493655831984e-15,598.5082183333004,-0.0,1.0950835333003471e-15,731.5100446295895,-0.0,-4.493258517736176e-17,731.5100446295895,-0.0,-4.44696186898661e-17
0.19,-1.6903862089197587e-18,2.5553428822235194e-16,20.0,1.1765526013371775e-17,1.4929702024667253e-15,6.255450125189555e-20,598.5082183333004,-0.0,1.0925538544223567e-15,598.5082183333004,-0.0,1.0957790444468202e-15,731.5100446295895,-0.0,-4.509962740362325e-17,731.5100446295895,-0.0,-4.430257646301769e-17
0.1925,-1.615639410751301e-18,2.5972398076579346e-16,20.0,1.2110627290401807e-17,1.5174486635310675e-15,6.258705020850528e-20,598.5082183333004,-0.0,1.0918776691186366e-15,598.5082183333004,-0.0,1.0964552297173178e-15,731.5100446295895,-0.0,-4.5262679350398294e-17,731.5100446295895,-0.0,-4.4139524514885377e-17
0.195,-1.5442453336335305e-18,2.6391367330915476e-16,20.0,1.2455729696556487e-17,1.5419271245949407e-15,6.263636877916771e-20,598.5082183333004,-0.0,1.0912197799627532e-15,598.5082183333004,-0.0,1.0971131188228632e-15,731.5100446295895,-0.0,-4.542192882296825e-17,731.5100446295895,-0.0,-4.398027504025893e-17
0.1975,-1.4760365329241678e-18,2.6810336585240453e-16,20.0,1.2800833671047136e-17,1.5664055856581626e-15,6.270089055204842e-20,598.5082183333004,-0.0,1.0905792165890343e-15,598.5082183333004,-0.0,1.0977536821307262e-15,731.5100446295895,-0.0,-4.557755411834059e-17,731.5100446295895,-0.0,-4.382464974219613e-17
0.2,-1.4108546222252591e-18,2.722930583955146e-16,20.0,1.31459396117741e-17,1.590884046720568e-15,6.277917507213935e-20,598.5082183333004,-0.0,1.0899550643174337e-15,598.5082183333004,-0.0,1.098377834322425e-15,731.5100446295895,-0.0,-4.572972454690145e-17,731.5100446295895,-0.0,-4.367247931037095e-17
0.2025,-1.3485497440253936e-18,2.7648275093845926e-16,20.0,1.349104787865722e-17,1.6153625077820073e-15,6.286989832874444e-20,598.5082183333004,-0.0,1.0893464607326805e-15,598.5082183333004,-0.0,1.0989864378145811e-15,731.5100446295895,-0.0,-4.587860092320214e-17,731.5100446295895,-0.0,-4.3523602930287115e-17
0.20500000000000002,-1.2889800733305156e-18,2.8067244348121555e-16,20.0,1.3836158796714511e-17,1.6398409688423459e-15,6.297184393974206e-20,598.5082183333004,-0.0,1.0887525924846643e-15,598.5082183333004,-0.0,1.0995803059585444e-15,731.5100446295895,-0.0,-4.602433602782338e-17,731.5100446295895,-0.0,-4.337786782141494e-17
0.20750000000000002,-1.2320113521285154e-18,2.848621360237625e-16,20.0,1.4181272658907434e-17,1.6643194299014615e-15,6.30838949823973e-20,598.5082183333004,-0.0,1.0881726922952381e-15,598.5082183333004,-0.0,1.1001602060336031e-15,731.5100446295895,-0.0,-4.6167075042128836e-17,731.5100446295895,-0.0,-4.32351288024371e-17
0.21,-1.17751645267719e-18,2.8905182856608147e-16,20.0,1.4526389728769944e-17,1.688797890959245e-15,6.320502642408228e-20,598.5082183333004,-0.0,1.0876060361576258e-15,598.5082183333004,-0.0,1.1007268620475788e-15,731.5100446295895,-0.0,-4.63069559576061e-17,731.5100446295895,-0.0,-4.3095247881908906e-17
0.2125,-1.125374967742389e-18,2.932415211081556e-16,20.0,1.48715102428372e-17,1.7132763520155982e-15,6.333429810960152e-20,598.5082183333004,-0.0,1.0870519407155953e-15,598.5082183333004,-0.0,1.1012809573576657e-15,731.5100446295895,-0.0,-4.644410996137629e-17,731.5100446295895,-0.0,-4.29580938727483e-17
0.215,-1.07547282603659e-18,2.9743121364996993e-16,20.0,1.5216634412888616e-17,1.7377548130704334e-15,6.347084826491273e-20,598.5082183333004,-0.0,1.0865097608103966e-15,598.5082183333004,-0.0,1.1018231371234913e-15,731.5100446295895,-0.0,-4.657866179935528e-17,731.5100446295895,-0.0,-4.282354202907535e-17
0.2175,-1.0277019312273017e-18,3.01620906191511e-16,20.0,1.5561762428019013e-17,1.7622332741236718e-15,6.361388747991224e-20,598.5082183333004,-0.0,1.0859788871843195e-15,598.5082183333004,-0.0,1.102354010603571e-15,731.5100446295895,-0.0,-4.6710730118449255e-17,731.5100446295895,-0.0,-4.269147370401692e-17
0.22,-9.819598229940677e-19,3.0581059873276667e-16,20.0,1.5906894456550546e-17,1.7867117351752434e-15,6.376269313562693e-20,598.5082183333004,-0.0,1.0854587443304667e-15,598.5082183333004,-0.0,1.1028741533055417e-15,731.5100446295895,-0.0,-4.6840427789078766e-17,731.5100446295895,-0.0,-4.2561776027182443e-17
0.2225,-9.381493587127997e-19,3.100002912737266e-16,20.0,1.62520306477971e-17,1.8111901962250865e-15,6.391660424363508e-20,598.5082183333004,-0.0,1.0849487884790385e-15,598.5082183333004,-0.0,1.1033841089998777e-15,731.5100446295895,-0.0,-4.69678622092422e-17,731.5100446295895,-0.0,-4.2434341600601145e-17
0.225,-8.9617841444359e-19,3.141899838143812e-16,20.0,1.659717113369218e-17,1.8356686572731456e-15,6.407501666784264e-20,598.5082183333004,-0.0,1.0844485057111135e-15,598.5082183333004,-0.0,1.1038843916061142e-15,731.5100446295895,-0.0,-4.709313559124968e-17,731.5100446295895,-0.0,-4.2309068211988165e-17
0.2275,4.890124693727184e-17,3.1837152405780436e-16,20.0,1.6759550847086437e-17,1.8600994881697568e-15,-4.1548538712729e-19,598.5082183333003,-0.0,7.899120808138076e-16,598.5082183333011,5.551115123125783e-14,1.348010228841883e-15,731.5100446295896,-0.0,-1.0381331894782201e-16,731.5100446295895,-0.0,1.507381489219642e-17
0.23,1.8519147700616525e-16,3.2237160074693473e-16,20.0,1.2768796767090011e-17,1.883470110351219e-15,-1.7379156486536457e-18,598.508218333301,5.551115123125783e-14,-7.548237991670768e-17,598.508218333301,5.551115123125783e-14,1.9454319603008043e-15,731.5100446295896,-0.0,-2.584431763631784e-16,731.5100446295895,-0.0,1.7166858482303525e-16
0.2325,1.4239103098047161e-16,3.2587877853515536e-16,20.0,7.998564466207984e-18,1.903960949247995e-15,-1.3466918679641812e-18,598.508218333301,5.551115123125783e-14,-5.643408147385722e-17,598.508218333301,5.551115123125783e-14,1.4899108850964963e-15,731.5100446295896,-0.0,-2.0608589787598423e-16,731.5100446295895,-0.0,1.2477105000973172e-16
0.23500000000000001,1.1698347791725195e-16,3.288255282957209e-16,20.0,4.060094623592431e-18,1.921177462997501e-15,-1.1214788859054663e-18,598.508218333301,5.551115123125783e-14,-1.2758355090938701e-16,598.508218333301,5.551115123125783e-14,1.1349952001012657e-15,731.5100446295896,-0.0,-1.743134196894522e-16,731.5100446295895,-0.0,9.71893881123807e-17
0.23750000000000002,1.0678861347102177e-16,3.3125915080553633e-16,20.0,4.2305132477294997e-19,1.9353960084478288e-15,-1.0417923199371377e-18,598.508218333301,5.551115123125783e-14,-2.8878638677325416e-16,598.508218333301,5.551115123125783e-14,8.556058112621617e-16,731.5100446295896,-0.0,-1.612431806976158e-16,731.5100446295896,-0.0,8.574557143622051e-17
0.24,1.003299395146003e-16,3.332035757048629e-16,20.0,-3.1733899140385396e-18,1.9467563955638738e-15,-9.981868707000493e-19,598.508218333301,5.551115123125783e-14,-4.720889730298386e-16,598.508218333301,5.551115123125783e-14,5.948946736906099e-16,731.5100446295896,-0.0,-1.5272855170582225e-16,731.5100446295896,-0.0,7.825338354481591e-17
0.2425,9.435812807163123e-17,3.346591297509547e-16,20.0,-6.7328858160407774e-18,1.9552605334391165e-15,-9.595060131351291e-19,598.508218333301,5.551115123125783e-14,-6.582887406496088e-16,598.508218333301,5.551115123125783e-14,3.3691426114870046e-16,731.5100446295896,-0.0,-1.4476246411829858e-16,731.5100446295896,-0.0,7.128035259759348e-17
0.245,8.868707493787884e-17,3.356260166391348e-16,20.0,-1.0257742277156121e-17,1.960909612172349e-15,-9.238802015594096e-19,598.508218333301,5.551115123125783e-14,-8.46279443776738e-16,598.508218333301,5.551115123125783e-14,8.072478723234506e-17,731.5100446295896,-0.0,-1.3711978369904463e-16,731.5100446295896,-0.0,6.463072869124998e-17
0.2475,8.330027880419099e-17,3.3610423637513267e-16,20.0,-1.3748039907186555e-17,1.9637036317970465e-15,-8.910665582244061e-19,598.508218333301,5.551115123125783e-14,-1.0359586013443618e-15,598.508218333301,5.551115123125783e-14,-1.7377622937321643e-16,731.5100446295896,-0.0,-1.2978435420542867e-16,731.5100446295896,-0.0,5.828835559328148e-17
0.25,7.818221549689291e-17,3.3609378896422135e-16,20.0,-1.7203852891990577e-17,1.963642592344016e-15,-8.608404130739147e-19,598.508218333301,5.551115123125783e-14,-1.2272300970186517e-15,598.508218333301,5.551115123125783e-14,-4.266849052311341e-16,731.5100446295896,-0.0,-1.2274091496690618e-16,731.5100446295896,-0.0,5.223797264251147e-17
0.2525,6.957185405156629e-17,3.3559406893256687e-16,20.0,-2.0638550826693614e-17,1.9607229563060274e-15,-7.969138294606898e-19,598.508218333301,5.551115123125783e-14,-1.3961510870506408e-15,598.508218333301,5.551115123125783e-14,-6.948015040726347e-16,731.5100446295896,-0.0,-1.1162602504322088e-16,731.5100446295896,-0.0,4.223680523567885e-17
0.255,2.5720670461860478e-17,3.3463145568891697e-16,20.0,-2.3488673465496457e-17,1.9550988465269953e-15,-3.9234170676023284e-19,598.508218333301,5.551115123125783e-14,-1.3395401581094982e-15,598.5082183333009,5.551115123125783e-14,-1.1167739266492513e-15,731.5100446295896,-0.0,-5.967681827379699e-17,731.5100446295896,-0.0,-7.5132471442009e-18
0.2575,1.9075421156663677e-17,3.3328303621450206e-16,20.0,-2.5434305243975886e-17,1.947220647050393e-15,-3.420682348107185e-19,598.5082183333009,5.551115123125783e-14,-1.458306686174397e-15,598.5082183333009,5.551115123125783e-14,-1.3094346381275014e-15,731.5100446295896,-0.0,-5.089948063493906e-17,731.5100446295896,-0.0,-1.503937447546046e-17
0.26,1.7427725363008998e-17,3.31584613907531e-16,20.0,-2.7336913588181843e-17,1.9372975407887936e-15,-3.3916092346806823e-19,598.5082183333009,5.551115123125783e-14,-1.602546308838822e-15,598.5082183333009,5.551115123125783e-14,-1.4734692744395484e-15,731.5100446295896,-0.0,-4.790021006413432e-17,731.5100446295896,-0.0,-1.688006181004317e-17
0.2625,1.585300220963806e-17,3.295371436769534e-16,20.0,-2.9215431297733074e-17,1.9253351068393025e-15,-3.3643584369836527e-19,598.5082183333009,5.551115123125783e-14,-1.7471910004931062e-15,598.5082183333009,5.551115123125783e-14,-1.6370988415757356e-15,731.5100446295896,-0.0,-4.4991651188948234e-17,731.5100446295896,-0.0,-1.8630037456605908e-17
0.265,1.4347781113635372e-17,3.271406255231026e-16,20.0,-3.1069863065664254e-17,1.911333345203868e-15,-3.3387027542987093e-19,598.5082183333009,5.551115123125783e-14,-1.892221403569779e-15,598.5082183333009,5.551115123125783e-14,-1.800342697126731e-15,731.5100446295896,-0.0,-4.216995278993772e-17,731.5100446295896,-0.0,-2.029315263364467e-17
0.2675,1.2908769939034783e-17,3.243950594462698e-16,20.0,-3.2900212987853704e-17,1.8952922558841913e-15,-3.314434711425153e-19,598.5082183333009,5.551115123125783e-14,-2.0376192181066616e-15,598.5082183333009,5.551115123125783e-14,-1.963219141075877e-15,731.5100446295896,-0.0,-3.943144881446229e-17,731.5100446295896,-0.0,-2.1873073392934384e-17
0.27,-1.485445023987433e-16,3.2136823049735837e-16,20.0,-3.3045562191203905e-17,1.87760787599089e-15,1.2157096044187275e-18,598.508218333301,5.551115123125783e-14,-1.2436982012968337e-15,598.5082183333002,-0.0,-2.9127797876426497e-15,731.5100446295896,-0.0,1.4520885409167871e-16,731.5100446295896,-0.0,-2.075006676003948e-16
0.2725,-3.592944185680093e-16,3.182693641038893e-16,20.0,-2.6722210302664426e-17,1.8595026141919365e-15,3.249161471569225e-18,598.508218333301,5.551115123125783e-14,-1.6902424775044256e-16,598.5082183333002,-0.0,-4.0966196297442e-15,731.5100446295895,-0.0,3.854941811945184e-16,731.5100446295896,-0.0,-4.490801440940044e-16
0.275,-3.769571192250422e-16,3.1513298594465384e-16,20.0,-1.5788092234847753e-17,1.8411781882685884e-15,3.44179026218343e-18,598.5082183333003,-0.0,-4.121436890282854e-17,598.5082183333003,-0.0,-4.128115106392201e-15,731.5100446295895,-0.0,4.0439128097563286e-16,731.5100446295896,-0.0,-4.687260209088256e-16
0.2775,-3.3209163621164266e-16,3.122069862892769e-16,20.0,-5.554481399495953e-18,1.8240829079119086e-15,3.0380984313901212e-18,598.5082183333003,-0.0,-2.0919850360990903e-16,598.5082183333003,-0.0,-3.7830506984054775e-15,731.5100446295895,-0.0,3.51349486731416e-16,731.5100446295896,-0.0,-4.1690283468894757e-16
0.28,-2.9020156313778e-16,3.0949046246226503e-16,20.0,3.909718253190835e-18,1.8082114992010334e-15,2.6647403720381823e-18,598.5082183333003,-0.0,-3.616427070280803e-16,598.5082183333003,-0.0,-3.4580230680684543e-15,731.5100446295895,-0.0,3.016012597135808e-16,731.5100446295896,-0.0,-3.684875047595469e-16
0.28250000000000003,-2.5042366058880363e-16,3.069837791015121e-16,20.0,1.2596219578866433e-17,1.79356609254873e-15,2.3127981072606892e-18,598.5082183333003,-0.0,-5.010485802107591e-16,598.5082183333003,-0.0,-3.146033789825382e-15,731.5100446295895,-0.0,2.5423599405348623e-16,731.5100446295896,-0.0,-3.2245513529488075e-16
0.28500000000000003,-2.126420687457416e-16,3.046869361668672e-16,20.0,2.0505587460528672e-17,1.780146687720415e-15,1.980555431731938e-18,598.5082183333003,-0.0,-6.281365074209178e-16,598.5082183333003,-0.0,-2.8463624776616174e-15,731.5100446295895,-0.0,2.0914042811146608e-16,731.5100446295896,-0.0,-2.786924647268461e-16
0.28750000000000003,-1.7674779890371139e-16,3.025999336214062e-16,20.0,2.7638341387314596e-17,1.7679532845003579e-15,1.666424694375957e-18,598.5082183333003,-0.0,-7.435820765460214e-16,598.5082183333003,-0.0,-2.5583335420692185e-15,731.5100446295895,-0.0,1.6620758951210384e-16,731.5100446295896,-0.0,-2.3709252074622895e-16
0.29,-1.4263830042763836e-16,3.0072277143118945e-16,20.0,3.399495885831673e-17,1.7569858826902643e-15,1.368937421469688e-18,598.5082183333003,-0.0,-8.480190010630789e-16,598.5082183333003,-0.0,-2.281313268072359e-15,731.5100446295895,-0.0,1.2533641914426973e-16,731.5100446295896,-0.0,-1.9755424430313263e-16
0.2925,-1.1021705621672907e-16,2.9905544956503753e-16,20.0,3.9575878537988174e-17,1.7472444821079674e-15,1.0867356141842466e-18,598.5082183333003,-0.0,-9.420418452173577e-16,598.5082183333003,-0.0,-2.0147070900396924e-15,731.5100446295895,-0.0,8.643141900159086e-17,731.5100446295896,-0.0,-1.5998213744781083e-16
0.295,-7.939320474636994e-17,2.9759796799432343e-16,20.0,4.438150318100696e-17,1.7387290825862128e-15,8.185636724237825e-19,598.5082183333003,-0.0,-1.026208565935905e-15,598.5082183333003,-0.0,-1.757957049762623e-15,731.5100446295895,-0.0,4.9402322287441743e-17,731.5100446295896,-0.0,-1.2428593343599464e-16
0.2975,-5.977834467272627e-17,2.9635222514520126e-16,20.0,4.8432867940917034e-17,1.7314507757624447e-15,6.569864987501821e-19,598.5082183333003,-0.0,-1.0396401431526967e-15,598.5082183333004,-0.0,-1.5540075156618175e-15,731.5100446295895,-0.0,2.508097934261986e-17,731.5100446295896,-0.0,-1.0164696191130776e-16
0.3,-2.123972712665208e-17,2.953242820233359e-16,20.0,5.179623079151454e-17,1.7254449733260993e-15,3.107015773109793e-19,598.5082183333003,-0.0,-1.1981372013373706e-15,598.5082183333004,-0.0,-1.2923103715496843e-15,731.5100446295895,-0.0,-2.171290931453523e-17,731.5100446295896,-0.0,-5.830944081348766e-17
0.3025,1.8693758257969685e-17,2.944700642082557e-16,20.0,5.399226911334672e-17,1.7204541685569906e-15,-5.1967436758664835e-20,598.5082183333003,-0.0,-1.3691624675289856e-15,598.5082183333004,-0.0,-1.0312702706929104e-15,731.5100446295895,-0.0,-7.009508538595616e-17,731.5100446295896,-0.0,-1.3604732920658309e-17
0.305,5.03573408605081e-17,2.937862641274949e-16,20.0,5.5027259275871835e-17,1.7164590368190068e-15,-3.38660151616508e-19,598.5082183333004,-0.0,-1.498445305629627e-15,598.5082183333004,-0.0,-8.209323263705718e-16,731.5100446295895,-0.0,-1.086901654815659e-16,731.5100446295896,-0.0,2.1678919953522222e-17
0.3075,6.092375759735707e-17,2.9321989768334087e-16,20.0,5.543736180441938e-17,1.7131500162148395e-15,-4.270622558694324e-19,598.5082183333004,-0.0,-1.538596327966634e-15,598.5082183333004,-0.0,-7.507120057378407e-16,731.5100446295895,-0.0,-1.2196547165425006e-16,731.5100446295896,-0.0,3.372577430438791e-17
0.31,6.836360606740432e-17,2.926960240302798e-16,20.0,5.5454221914732586e-17,1.7100892615923641e-15,-4.876137843583565e-19,598.5082183333004,-0.0,-1.5620275571537201e-15,598.5082183333004,-0.0,-6.983093871830373e-16,731.5100446295895,-0.0,-1.3156213292319422e-16,731.5100446295895,-0.0,4.213883774875491e-17
0.3125,6.236521103356534e-17,2.9220565837335167e-16,20.0,5.545825571519744e-17,1.707224278895914e-15,-4.215405969309608e-19,598.5082183333004,-0.0,-1.5263208329158046e-15,598.5082183333004,-0.0,-7.315542413463928e-16,731.5100446295895,-0.0,-1.2517335757727088e-16,731.5100446295895,-0.0,3.564948510473717e-17
0.315,5.913909673669198e-17,2.917160264637045e-16,20.0,5.54788086246947e-17,1.7043635831498935e-15,-3.834946854379612e-19,598.5082183333004,-0.0,-1.5070440061208635e-15,598.5082183333004,-0.0,-7.50831106973661e-16,731.5100446295895,-0.0,-1.218705894626125e-16,731.5100446295895,-0.0,3.234671857653567e-17
0.3175,5.609501132413142e-17,2.91226394482621e-16,20.0,5.5500366576760095e-17,1.7015028869865026e-15,-3.4838977181482437e-19,598.5082183333004,-0.0,-1.488917940396812e-15,598.5082183333004,-0.0,-7.689572085282505e-16,731.5100446295895,-0.0,-1.187418613872184e-16,731.5100446295895,-0.0,2.921799196496316e-17
0.32,5.322192603661915e-17,2.9073676243563246e-16,20.0,5.552285174926936e-17,1.6986421904380591e-15,-3.1600786527943213e-19,598.5082183333004,-0.0,-1.4718698314164311e-15,598.5082183333004,-0.0,-7.860053505598762e-16,731.5100446295895,-0.0,-1.1577726468154033e-16,731.5100446295895,-0.0,2.625339660956157e-17
0.3225,5.050951830714769e-17,2.902471303278602e-16,20.0,5.554619209320447e-17,1.6957814935344838e-15,-2.8614678852811853e-19,598.5082183333004,-0.0,-1.4558316803033611e-15,598.5082183333004,-0.0,-8.02043532151254e-16,731.5100446295895,-0.0,-1.1296749550083425e-16,731.5100446295895,-0.0,2.3443628674017252e-17
0.325,4.7948124771831745e-17,2.8975749816404443e-16,20.0,5.557032091367739e-17,1.6929207963034723e-15,-2.5861904371224924e-19,598.5082183333004,-0.0,-1.4407399675481274e-15,598.5082183333004,-0.0,-8.17135273003238e-16,731.5100446295895,-0.0,-1.1030381588833977e-16,731.5100446295895,-0.0,2.077995020938783e-17
0.3275,4.5528697485446475e-17,2.8926786594857315e-16,20.0,5.559517648100687e-17,1.6900600987706607e-15,-2.3325075922777407e-19,598.5082183333004,-0.0,-1.4265353494320611e-15,598.5082183333004,-0.0,-8.313399170119544e-16,731.5100446295895,-0.0,-1.0777801743847205e-16,731.5100446295895,-0.0,1.8254152817339177e-17
0.33,4.3242763119763686e-17,2.8877823368550643e-16,20.0,5.562070166970619e-17,1.6871994009597712e-15,-2.0988071157895148e-19,598.5082183333004,-0.0,-1.4131623753896774e-15,598.5082183333004,-0.0,-8.447129149074473e-16,731.5100446295895,-0.0,-1.0538238738231519e-16,731.5100446295895,-0.0,1.585852373567793e-17
0.3325,4.108238493831228e-17,2.8828860137860134e-16,20.0,5.56468436233922e-17,1.6843387028927536e-15,-1.8835941698417936e-19,598.5082183333004,-0.0,-1.400569224850113e-15,598.5082183333004,-0.0,-8.573060874131579e-16,731.5100446295895,-0.0,-1.0310967693002271e-16,731.5100446295895,-0.0,1.3585814180790614e-17
0.335,3.90401273555991e-17,2.8779896903133344e-16,20.0,5.567355344376717e-17,1.681478004589915e-15,-1.6854828776980845e-19,598.5082183333004,-0.0,-1.3887074622006177e-15,598.5082183333004,-0.0,-8.691678702832811e-16,731.5100446295895,-0.0,-1.0095307171619248e-16,731.5100446295895,-0.0,1.142920979305452e-17
0.3375,3.7109022902222356e-17,2.8730933664691753e-16,20.0,5.570078590195616e-17,1.6786173060700371e-15,-1.5031884894899047e-19,598.5082183333004,-0.0,-1.377531808610203e-15,598.5082183333004,-0.0,-8.803435424799398e-16,731.5100446295895,-0.0,-9.89061642049414e-17,731.5100446295895,-0.0,9.382303041943414e-18
0.34,3.528254142977331e-17,2.868197042283266e-16,20.0,5.572849917060495e-17,1.6757566073504902e-15,-1.3355201070893505e-19,598.5082183333004,-0.0,-1.3669999295399893e-15,598.5082183333004,-0.0,-8.908754386635647e-16,731.5100446295895,-0.0,-9.696292792131544e-17,731.5100446295895,-0.0,7.439067457469175e-18
0.3425,3.355456140099968e-17,2.863300717783095e-16,20.0,5.575665457525657e-17,1.6728959084473348e-15,-1.181373928331547e-19,598.5082183333004,-0.0,-1.3570722368490152e-15,598.5082183333004,-0.0,-9.008031470877793e-16,731.5100446295895,-0.0,-9.511769338489596e-17,731.5100446295895,-0.0,5.59383356381592e-18
0.34500000000000003,3.1919343121481635e-17,2.8584043929940745e-16,20.0,5.578521636363014e-17,1.6700352093754179e-15,-1.0397269736702206e-19,598.5082183333004,-0.0,-1.3477117044807266e-15,598.5082183333004,-0.0,-9.10163693913552e-16,731.5100446295895,-0.0,-9.336512563003846e-17,731.5100446295895,-0.0,3.8412663996046246e-18
0.34750000000000003,3.037150377908316e-17,2.8535080679396924e-16,20.0,5.58141514915232e-17,1.6671745101484617e-15,-9.096312609674999e-20,598.5082183333004,-0.0,-1.3388836967863904e-15,598.5082183333004,-0.0,-9.18991714886368e-16,731.5100446295895,-0.0,-9.170020320515854e-17,731.5100446295895,-0.0,2.1763445172041546e-18
0.35000000000000003,2.890599416675779e-17,2.8486117426416514e-16,20.0,5.584342942415e-17,1.6643138107791474e-15,-7.902083965515555e-20,598.5082183333004,-0.0,-1.3305558086077893e-15,598.5082183333004,-0.0,-9.273196152541062e-16,731.5100446295895,-0.0,-9.011819855090544e-17,731.5100446295895,-0.0,5.943403609261845e-19
0.3525,2.7518076972948267e-17,2.843715417120003e-16,20.0,5.587302195181242e-17,1.661453111279189e-15,-6.806445529359049e-20,598.5082183333004,-0.0,-1.3226977163029115e-15,598.5082183333004,-0.0,-9.35177718741839e-16,731.5100446295895,-0.0,-8.861465966396441e-17,731.5100446295895,-0.0,-9.091980691501905e-19
0.355,2.6203306531873007e-17,2.838819091393266e-16,20.0,5.590290301887873e-17,1.6585924116594073e-15,-5.8018580569433e-20,598.5082183333004,-0.0,-1.3152810389555239e-15,598.5082183333004,-0.0,-9.425944063427501e-16,731.5100446295895,-0.0,-8.718539295965797e-17,731.5100446295895,-0.0,-2.3384643545588504e-18
0.3575,2.4957509933483663e-17,2.833922765478543e-16,20.0,5.593304856511846e-17,1.6557317119297935e-15,-4.881338039367994e-20,598.5082183333004,-0.0,-1.3082792090625502e-15,598.5082183333004,-0.0,-9.495962456311978e-16,731.5100446295895,-0.0,-8.582644725248845e-17,731.5100446295895,-0.0,-3.697409677885567e-18
0.36,2.377676939984202e-17,2.829026439391622e-16,20.0,5.596343637850904e-17,1.6528710120995724e-15,-4.038417506448295e-20,598.5082183333004,-0.0,-1.301667352042557e-15,598.5082183333004,-0.0,-9.562081112546284e-16,731.5100446295895,-0.0,-8.453409877932786e-17,731.5100446295895,-0.0,-4.989757799561009e-18
0.3625,2.2657405841143164e-17,2.8241301131470724e-16,20.0,5.599404595869323e-17,1.6500103121772562e-15,-3.2671067080954046e-20,598.5082183333004,-0.0,-1.2954221739545588e-15,598.5082183333004,-0.0,-9.624532972151645e-16,731.5100446295895,-0.0,-8.330483719513384e-17,731.5100446295895,-0.0,-6.219019062129997e-18
0.365,2.1595963510636137e-17,2.819233786758341e-16,20.0,5.602485839032449e-17,1.6471496121707009e-15,-2.561859468809574e-20,598.5082183333004,-0.0,-1.2895218568589929e-15,598.5082183333004,-0.0,-9.68353621508978e-16,731.5100446295895,-0.0,-8.213535247588348e-17,731.5100446295895,-0.0,-7.38850348730298e-18
0.3675,2.0589195683295516e-17,2.814337460237828e-16,20.0,5.605585622559188e-17,1.6442889120871518e-15,-1.9175410249157023e-20,598.5082183333004,-0.0,-1.2839459612924076e-15,598.5082183333004,-0.0,-9.739295236519305e-16,731.5100446295895,-0.0,-8.10225226678972e-17,731.5100446295895,-0.0,-8.50133302661824e-18
0.37,1.96340512883091e-17,2.8094411335969695e-16,20.0,5.608702337526649e-17,1.6414282119332903e-15,-1.3293981676857589e-20,598.5082183333004,-0.0,-1.27867533536429e-15,598.5082183333004,-0.0,-9.79200155583048e-16,731.5100446295895,-0.0,-7.99634024268935e-17,731.5100446295895,-0.0,-9.56045302237534e-18
0.3725,1.8727662430293523e-17,2.804544806846308e-16,20.0,5.611834500765838e-17,1.6385675117152763e-15,-7.930315280484439e-21,598.5082183333004,-0.0,-1.2736920300187654e-15,598.5082183333004,-0.0,-9.841834664031062e-16,731.5100446295895,-0.0,-7.895521229399207e-17,731.5100446295895,-0.0,-1.0568642931620047e-17
0.375,1.7867332738656593e-17,2.7996484799955586e-16,20.0,5.614980745491642e-17,1.6357068114387848e-15,-3.0436985025321023e-21,598.5082183333004,-0.0,-1.2689792200357842e-15,598.5082183333004,-0.0,-9.888962813737137e-16,731.5100446295895,-0.0,-7.799532865949452e-17,731.5100446295895,-0.0,-1.1528526362353195e-17
0.3775,1.7050526488719727e-17,2.7947521530536695e-16,20.0,5.618139812614416e-17,1.632846111109045e-15,1.4035388730465123e-21,598.5082183333004,-0.0,-1.2645211303760587e-15,598.5082183333004,-0.0,-9.933543755726032e-16,731.5100446295895,-0.0,-7.708127436863016e-17,731.5100446295895,-0.0,-1.2442580467774531e-17
0.38,1.627485844211233e-17,2.7898558260288835e-16,20.0,5.621310542684167e-17,1.6299854107308719e-15,5.446246358196557e-21,598.5082183333004,-0.0,-1.2603029675016251e-15,598.5082183333004,-0.0,-9.975725425733062e-16,731.5100446295895,-0.0,-7.621070992658097e-17,731.5100446295895,-0.0,-1.3313144741248913e-17
0.3825,1.5538084357578668e-17,2.784959498928785e-16,20.0,5.62449186842195e-17,1.6271247103086975e-15,9.116658467366031e-21,598.5082183333004,-0.0,-1.2563108553295016e-15,598.5082183333004,-0.0,-1.0015646584917106e-15,731.5100446295895,-0.0,-7.53814252630099e-17,731.5100446295895,-0.0,-1.4142429251769404e-17
0.385,1.4838092126712933e-17,2.780063171760354e-16,20.0,5.627682807796194e-17,1.6242640098465998e-15,1.2444585630062983e-20,598.5082183333004,-0.0,-1.252531775499781e-15,598.5082183333004,-0.0,-1.0053437417181493e-15,731.5100446295895,-0.0,-7.459133201902475e-17,731.5100446295895,-0.0,-1.4932522356985122e-17
0.3875,1.4172893492275944e-17,2.7751668445300126e-16,20.0,5.630882457604804e-17,1.62140330934833e-15,1.5457591365284237e-20,598.5082183333004,-0.0,-1.2489535116616756e-15,598.5082183333004,-0.0,-1.0089220086315382e-15,731.5100446295895,-0.0,-7.383845632203167e-17,731.5100446295895,-0.0,-1.5685397928340368e-17
0.39,1.354061630966918e-17,2.7702705172436605e-16,20.0,5.634089987526595e-17,1.6185426088173362e-15,1.8181156698690025e-20,598.5082183333004,-0.0,-1.2455645975016497e-15,598.5082183333004,-0.0,-1.0123109255714259e-15,731.5100446295895,-0.0,-7.312093201627959e-17,731.5100446295895,-0.0,-1.6402922120523903e-17
0.3925,1.293949731485722e-17,2.7653741899067207e-16,20.0,5.637304634608281e-17,1.6156819082567861e-15,2.063883273366696e-20,598.5082183333004,-0.0,-1.2423542682569215e-15,598.5082183333004,-0.0,-1.0155212573246307e-15,731.5100446295895,-0.0,-7.243699431907924e-17,731.5100446295895,-0.0,-1.7086859715242878e-17
0.395,1.2367875364557976e-17,2.7604778625241744e-16,20.0,5.64052569815561e-17,1.6128212076695903e-15,2.285238222263885e-20,598.5082183333004,-0.0,-1.2393124154755e-15,598.5082183333004,-0.0,-1.0185631123653542e-15,731.5100446295895,-0.0,-7.17849738747181e-17,731.5100446295895,-0.0,-1.7738880067302282e-17
0.3975,1.1824185116871608e-17,2.755581535100592e-16,20.0,5.643752534999509e-17,1.609960507058419e-15,2.4841910924795758e-20,598.5082183333004,-0.0,-1.2364295448004722e-15,598.5082183333004,-0.0,-1.0214459850710355e-15,731.5100446295895,-0.0,-7.11632911799833e-17,731.5100446295895,-0.0,-1.836056267907673e-17
0.4,1.130695112270707e-17,2.7506852076401684e-16,20.0,5.646984555110169e-17,1.6070998064257228e-15,2.6625989480490183e-20,598.5082183333004,-0.0,-1.23369673657168e-15,598.5082183333004,-0.0,-1.0241787951207837e-15,731.5100446295895,-0.0,-7.057045135696913e-17,731.5100446295895,-0.0,-1.895340242769758e-17
0.4025,1.081478230040051e-17,2.745788880146748e-16,20.0,5.650221217533951e-17,1.6042391057737485e-15,2.8221766480599963e-20,598.5082183333004,-0.0,-1.231105609052303e-15,598.5082183333004,-0.0,-1.0267699242689239e-15,731.5100446295895,-0.0,-7.000503925048731e-17,731.5100446295895,-0.0,-1.9518814467637978e-17
0.405,1.0346366767814711e-17,2.7408925526238546e-16,20.0,5.653462026629757e-17,1.6013784051045541e-15,2.9645073360886414e-20,598.5082183333004,-0.0,-1.2286482841011647e-15,598.5082183333004,-0.0,-1.0292272506727858e-15,731.5100446295895,-0.0,-6.94657148289269e-17,731.5100446295895,-0.0,-2.0058138829848487e-17
0.40750000000000003,9.900467007970277e-18,2.735996225074713e-16,20.0,5.65670652858324e-17,1.5985177044200241e-15,3.091052170653626e-20,598.5082183333004,-0.0,-1.2263173551240287e-15,598.5082183333004,-0.0,-1.0315581809415275e-15,731.5100446295895,-0.0,-6.895120886883521e-17,731.5100446295895,-0.0,-2.0572644737172937e-17
0.41000000000000003,9.475915345901251e-18,2.731099897502274e-16,20.0,5.659954308178718e-17,1.5956570037218826e-15,3.203159351041586e-20,598.5082183333004,-0.0,-1.224105857148654e-15,598.5082183333004,-0.0,-1.0337696800611482e-15,731.5100446295895,-0.0,-6.846031890481441e-17,731.5100446295895,-0.0,-2.1063534654446798e-17
0.41250000000000003,9.071609715951706e-18,2.726203569909236e-16,20.0,5.663204985810135e-17,1.5927963030117063e-15,3.302072488986253e-20,598.5082183333004,-0.0,-1.2220072388791567e-15,598.5082183333004,-0.0,-1.0358682993402223e-15,731.5100446295895,-0.0,-6.799190542756822e-17,731.5100446295895,-0.0,-2.1531948090447728e-17
0.41500000000000004,8.686509700152912e-18,2.721307242298065e-16,20.0,5.66645821471372e-17,1.5899356022909355e-15,3.388938373088131e-20,598.5082183333004,-0.0,-1.2200153365951889e-15,598.5082183333004,-0.0,-1.037860202510802e-15,731.5100446295895,-0.0,-6.754488831407825e-17,731.5100446295895,-0.0,-2.1978965167715844e-17
0.4175,8.319632819640603e-18,2.7164109146710094e-16,20.0,5.669713678406283e-17,1.5870749015608838e-15,3.4648141695213914e-20,598.5082183333004,-0.0,-1.2181243497707349e-15,598.5082183333004,-0.0,-1.0397511901096986e-15,731.5100446295895,-0.0,-6.711824347496468e-17,731.5100446295895,-0.0,-2.2405609975190345e-17
0.42,7.970051062303752e-18,2.7115145870301205e-16,20.0,5.67297108831418e-17,1.5842142008227502e-15,3.530674099471269e-20,598.5082183333004,-0.0,-1.216328818295965e-15,598.5082183333004,-0.0,-1.0415467222566825e-15,731.5100446295895,-0.0,-6.671099970508207e-17,731.5100446295895,-0.0,-2.2812853717610455e-17
0.4225,7.636887631000358e-18,2.7066182593772656e-16,20.0,5.676230181579115e-17,1.5813535000776258e-15,3.587415630862647e-20,598.5082183333004,-0.0,-1.2146236011936552e-15,598.5082183333004,-0.0,-1.0432519399381357e-15,731.5100446295895,-0.0,-6.632223572433206e-17,731.5100446295895,-0.0,-2.320161767470012e-17
0.425,7.319313897742465e-18,2.701721931714147e-16,20.0,5.679490719027881e-17,1.5784927993265041e-15,3.6358652192623515e-20,598.5082183333004,-0.0,-1.2130038567291193e-15,598.5082183333004,-0.0,-1.0448716848971811e-15,731.5100446295895,-0.0,-6.595107739654164e-17,731.5100446295895,-0.0,-2.3572775982287722e-17
0.4275,7.016546550244687e-18,2.696825604042308e-16,20.0,5.682752483294124e-17,1.5756320985702878e-15,3.676783630349846e-20,598.5082183333004,-0.0,-1.2114650238195823e-15,598.5082183333004,-0.0,-1.0464105182243598e-15,731.5100446295895,-0.0,-6.559669511506119e-17,731.5100446295895,-0.0,-2.392715824670582e-17
0.43,6.727844918154084e-18,2.6919292763631517e-16,20.0,5.686015277081028e-17,1.572771397809796e-15,3.710870874040002e-20,598.5082183333004,-0.0,-1.2100028046553936e-15,598.5082183333004,-0.0,-1.0478727377364673e-15,731.5100446295895,-0.0,-6.525830134449018e-17,731.5100446295895,-0.0,-2.426555200306291e-17
0.4325,6.4525084671393425e-18,2.687032948677948e-16,20.0,5.689278921554626e-17,1.5699106970457717e-15,3.7387707781947607e-20,598.5082183333004,-0.0,-1.2086131484514983e-15,598.5082183333004,-0.0,-1.0492623942251268e-15,731.5100446295895,-0.0,-6.49351483086404e-17,731.5100446295895,-0.0,-2.458870502727882e-17
0.435,6.1898744498176025e-18,2.6821366209878486e-16,20.0,5.692543254858221e-17,1.5670499962788868e-15,3.7610752278661597e-20,598.5082183333004,-0.0,-1.2072922362531976e-15,598.5082183333004,-0.0,-1.050583306651084e-15,731.5100446295895,-0.0,-6.462652581549736e-17,731.5100446295895,-0.0,-2.4897327511121317e-17
0.4375,5.939315703243127e-18,2.677240293293893e-16,20.0,5.695808130739019e-17,1.5641892955097485e-15,3.7783280941608034e-20,598.5082183333004,-0.0,-1.2060364667254163e-15,598.5082183333004,-0.0,-1.0518390763549596e-15,731.5100446295895,-0.0,-6.43317592105524e-17,731.5100446295895,-0.0,-2.5192094108872093e-17
0.44,5.700238583375303e-18,2.6723439655970186e-16,20.0,5.699073417278774e-17,1.561328594738905e-15,3.7910288750947925e-20,598.5082183333004,-0.0,-1.2048424428595985e-15,598.5082183333004,-0.0,-1.0530331003504098e-15,731.5100446295895,-0.0,-6.405020745044446e-17,731.5100446295895,-0.0,-2.5473645863683932e-17
0.4425,5.472081027590508e-18,2.667447637898069e-16,20.0,5.702338995720811e-17,1.558467893966849e-15,3.7996360692100727e-20,598.5082183333004,-0.0,-1.203706959536807e-15,598.5082183333004,-0.0,-1.0541685837610549e-15,731.5100446295895,-0.0,-6.378126128937983e-17,731.5100446295895,-0.0,-2.574259202115963e-17
0.445,5.1134295909132475e-18,2.6624940189167366e-16,20.0,5.70564422028662e-17,1.5555737205136696e-15,3.822654010463737e-20,598.5082183332999,-5.551115123125783e-14,-1.163913253114409e-15,598.5082183332999,-5.551115123125783e-14,-1.0178748437418724e-15,731.5100446295887,-5.551115123125783e-14,-6.000962312089665e-17,731.5100446295887,-5.551115123125783e-14,-2.2845279393012172e-17
0.4475,4.702377514467569e-18,2.6564637050248334e-16,20.0,5.709691183608625e-17,1.5520504833720857e-15,3.854770174930133e-20,598.5082183332999,-5.551115123125783e-14,-9.620119078768798e-16,598.5082183332999,-5.551115123125783e-14,-8.199464672672767e-16,731.5100446295887,-5.551115123125783e-14,-4.7351652782705765e-17,731.5100446295887,-5.551115123125783e-14,-1.1195362710924344e-17
0.45,4.358257731607413e-18,2.649697210989631e-16,20.0,5.714245339211645e-17,1.5480971297771517e-15,3.8796349401188507e-20,598.5082183332999,-5.551115123125783e-14,-7.581520239302233e-16,598.5082183332999,-5.551115123125783e-14,-6.194024587317624e-16,731.5100446295887,-5.551115123125783e-14,-3.518152957254613e-17,731.5100446295887,-5.551115123125783e-14,1.3780005622134054e-19
0.4525,4.029064246578946e-18,2.6422326211134197e-16,20.0,5.719280434453333e-17,1.5437359106482649e-15,3.903873254950386e-20,598.5082183332999,-5.551115123125783e-14,-5.543725029206363e-16,598.5082183332999,-5.551115123125783e-14,-4.1877808725278235e-16,731.5100446295887,-5.551115123125783e-14,-2.3030434848073855e-17,731.5100446295887,-5.551115123125783e-14,1.1489991308793167e-17
0.455,3.7141167587952306e-18,2.6340699353962965e-16,20.0,5.724796455768404e-17,1.5389668259854815e-15,3.9277465652775516e-20,598.5082183332999,-5.551115123125783e-14,-3.5066969280873846e-16,598.5082183332999,-5.551115123125783e-14,-2.180770048723882e-16,731.5100446295887,-5.551115123125783e-14,-1.089758430670991e-17,731.5100446295887,-5.551115123125783e-14,2.2860426744321176e-17
0.4575,3.4127681916458355e-18,2.625209153838311e-16,20.0,5.730793396408201e-17,1.5337898757888298e-15,3.951489692025428e-20,598.5082183332999,-5.551115123125783e-14,-1.4704013064272528e-16,598.5082183332999,-5.551115123125783e-14,-1.7302674544781003e-17,731.5100446295887,-5.551115123125783e-14,1.2177702648377727e-18,731.5100446295887,-5.551115123125783e-14,3.424835814961106e-17
0.46,3.124402937699362e-18,2.615650276439466e-16,20.0,5.73727125573944e-17,1.528205060058312e-15,3.975313038694098e-20,598.5082183332999,-5.551115123125783e-14,5.651946804915556e-17,598.5082183332999,-5.551115123125783e-14,1.8354161925613848e-16,731.5100446295887,-5.551115123125783e-14,1.3316342768665568e-17,731.5100446295887,-5.551115123125783e-14,4.565307162265432e-17
0.4625,2.8484352042347102e-18,2.6053933031997274e-16,20.0,5.744230038601308e-17,1.5222123787939085e-15,3.999404629808692e-20,598.5082183332999,-5.551115123125783e-14,2.600122192264902e-16,598.5082183332999,-5.551115123125783e-14,3.8445276056886807e-16,731.5100446295887,-5.551115123125783e-14,2.539881447894967e-17,731.5100446295887,-5.551115123125783e-14,5.707388588935316e-17
0.465,2.699354999112365e-18,2.5946087464745054e-16,20.0,5.751552306339293e-17,1.5159114545815152e-15,4.0086452410142423e-20,598.5082183332999,-5.551115123125783e-14,4.534106754321572e-16,598.5082183332999,-5.551115123125783e-14,5.764900307491446e-16,731.5100446295888,-5.551115123125783e-14,3.5661332735505416e-17,731.5100446295888,-5.551115123125783e-14,6.69997153104121e-17
0.4675,2.719587113563185e-18,2.5838588636293485e-16,20.0,5.758850764865821e-17,1.5096307887344871e-15,3.995411001879668e-20,598.5082183333004,-0.0,6.095149427875947e-16,598.5082183333004,-0.0,7.32849230969762e-16,731.5100446295897,-0.0,4.221211885653328e-17,731.5100446295897,-0.0,7.364605248134914e-17
0.47000000000000003,3.108078762687262e-18,2.574630543722882e-16,20.0,5.765101184423027e-17,1.504239102657824e-15,3.928419904214001e-20,598.5082183333004,-0.0,6.602646616262134e-16,598.5082183333004,-0.0,7.873430764386351e-16,731.5100446295897,-0.0,3.928089639786191e-17,731.5100446295897,-0.0,7.174817094218395e-17
0.47250000000000003,3.473643112537004e-18,2.5675066997101243e-16,20.0,5.769901873432748e-17,1.5000769657829427e-15,3.8550557630934566e-20,598.5082183333004,-0.0,7.132071839109234e-16,598.5082183333004,-0.0,8.437880148966401e-16,731.5100446295897,-0.0,3.656229939493676e-17,731.5100446295897,-0.0,6.999785004380267e-17
0.47500000000000003,3.824555317880817e-18,2.562477143221042e-16,20.0,5.773259651908885e-17,1.4971384255103005e-15,3.77462121193074e-20,598.5082183333004,-0.0,7.662310978726192e-16,598.5082183333004,-0.0,9.001515617498252e-16,731.5100446295897,-0.0,3.386563453156986e-17,731.5100446295897,-0.0,6.82255970029149e-17
0.47750000000000004,4.1614100550896366e-18,2.559541874256994e-16,20.0,5.775174328541322e-17,1.4954234818406919e-15,3.6873389213268115e-20,598.5082183333004,-0.0,8.19333560619933e-16,598.5082183333004,-0.0,9.564365598872842e-16,731.5100446295897,-0.0,3.1190144135874775e-17,731.5100446295897,-0.0,6.643216949149986e-17
0.48,4.484777264041839e-18,2.5587008928192973e-16,20.0,5.775645718055494e-17,1.494932134774886e-15,3.5934252942362324e-20,598.5082183333004,-0.0,8.725118498405777e-16,598.5082183333004,-0.0,1.012645731619094e-15,731.5100446295897,-0.0,2.853510157528564e-17,731.5100446295897,-0.0,6.461829414221377e-17
0.4825,1.4820900435213592e-17,2.5599566648898167e-16,20.0,5.773622479597528e-17,1.4956658250735217e-15,-6.129288600208672e-20,598.5082183333004,-0.0,8.733939668833286e-16,598.5082183333004,-0.0,1.1247651932610309e-15,731.5100446295897,-0.0,1.4346637042465892e-17,731.5100446295896,-0.0,7.41901895140794e-17
0.485,-2.8497231761769822e-18,2.563174002153967e-16,20.0,5.757246447347643e-17,1.4975455683753217e-15,1.0913293881719001e-19,598.5082183333004,-0.0,1.0112314981453387e-15,598.5082183333004,-0.0,1.0708094969196731e-15,731.5100446295896,-0.0,3.2851558395626015e-17,731.5100446295896,-0.0,5.22583576985489e-17
0.4875,-9.06987045143757e-18,2.567867312155336e-16,20.0,5.79357601932791e-17,1.5002876551738204e-15,1.6990942104702573e-19,598.5082183333004,-0.0,1.0815082742574427e-15,598.5082183333004,-0.0,1.0746955985829965e-15,731.5100446295896,-0.0,3.840682121642306e-17,731.5100446295896,-0.0,4.367324291983346e-17
0.49,-8.248456691063268e-18,2.5739609116707195e-16,20.0,5.832205918169143e-17,1.5038478672164082e-15,1.630915968233228e-19,598.5082183333004,-0.0,1.1130779206852861e-15,598.5082183333004,-0.0,1.116050932443177e-15,731.5100446295896,-0.0,3.59207934573844e-17,731.5100446295896,-0.0,4.3179991814102824e-17
0.4925,-7.468952862668766e-18,2.5814507029872394e-16,20.0,5.86985717853951e-17,1.5082238103964984e-15,1.567303551085202e-19,598.5082183333004,-0.0,1.1449038138831878e-15,598.5082183333004,-0.0,1.1571500190672776e-15,731.5100446295896,-0.0,3.348036665727699e-17,731.5100446295896,-0.0,4.264113976847961e-17
0.495,1.27495932050885e-17,2.5903178141388385e-16,20.0,5.902385119795154e-17,1.5134044586857718e-15,-3.678013175769819e-20,598.5082183333004,-0.0,1.0673259500555373e-15,598.5082183333004,-0.0,1.2989082797097976e-15,731.5100446295896,-0.0,8.970415705848685e-18,731.5100446295896,-0.0,6.452906327460929e-17
0.4975,2.396009443328274e-17,2.6000841971098453e-16,20.0,5.90853341598966e-17,1.5191105104501065e-15,-1.449382198104619e-19,598.5082183333005,-0.0,1.0275126953661746e-15,598.5082183333004,-0.0,1.380389248507606e-15,731.5100446295896,-0.0,-4.730917341322926e-18,731.5100446295896,-0.0,7.65281025467774e-17
0.5,2.4885816414606312e-17,2.6105377031831976e-16,20.0,5.839594064424294e-17,1.5252180168780657e-15,-1.5632124353632153e-19,598.5082183333005,-0.0,1.0184894529997116e-15,598.5082183333004,-0.0,1.3794505287300202e-15,731.5100446295896,-0.0,-6.866382933416305e-18,731.5100446295896,-0.0,7.637746576023579e-17
0.5025000000000001,2.36706203657023e-17,2.621475242473578e-16,20.0,5.835421401988975e-17,1.531608321820093e-15,-1.4546530536445493e-19,598.5082183333005,-0.0,1.0466729490565977e-15,598.5082183333005,-0.0,1.3943782742143467e-15,731.5100446295896,-0.0,-6.289458897415679e-18,731.5100446295896,-0.0,7.416370573971508e-17
0.505,2.2942125699225447e-17,2.6332479875835875e-16,20.0,5.788334108161545e-17,1.5384865993979286e-15,-1.402277819665158e-19,598.5082183333005,-0.0,1.0615321547558644e-15,598.5082183333005,-0.0,1.4000687294559547e-15,731.5100446295896,-0.0,-6.525142424026073e-18,731.5100446295896,-0.0,7.216307734379442e-17
0.5075000000000001,2.055317493368787e-17,2.6453800891942106e-16,20.0,5.7122868610358e-17,1.5455748325755434e-15,-1.2053629494295545e-19,598.5082183333005,-0.0,1.0588210151608994e-15,598.5082183333005,-0.0,1.3696075180323522e-15,731.5100446295896,-0.0,-5.0298835726557126e-18,731.5100446295896,-0.0,6.79969643427971e-17
0.51,6.005562039694314e-18,2.657755591558378e-16,20.0,5.669990157727135e-17,1.5528052737029517e-15,1.6458673002562934e-20,598.5082183333005,-0.0,1.1274741946936415e-15,598.5082183333005,-0.0,1.2800742072404846e-15,731.5100446295896,-0.0,1.0578668725667034e-17,731.5100446295896,-0.0,5.0151636090597965e-17
0.5125,1.792211970497828e-18,2.6706692388963097e-16,20.0,5.66498701963183e-17,1.560350128373852e-15,5.566016915209645e-20,598.5082183333005,-0.0,1.1575037322136866e-15,598.5082183333005,-0.0,1.2646069334244754e-15,731.5100446295896,-0.0,1.4042342782812517e-17,731.5100446295896,-0.0,4.3916311286545706e-17
0.515,1.9124244030328473e-18,2.6842349020068927e-16,20.0,5.661884585166946e-17,1.568275926098179e-15,5.309754470227156e-20,598.5082183333005,-0.0,1.155820171120168e-15,598.5082183333005,-0.0,1.26436344233701e-15,731.5100446295896,-0.0,1.2396180565650274e-17,731.5100446295896,-0.0,4.2492027954097894e-17
0.5175,1.6312652588241408e-17,2.698294674476477e-16,20.0,5.62857480132923e-17,1.576490409366384e-15,-8.739128848323742e-20,598.5082183333005,-0.0,1.0831481998516734e-15,598.5082183333005,-0.0,1.346706105682313e-15,731.5100446295896,-0.0,-4.9146636456568004e-18,731.5100446295896,-0.0,5.803861106659762e-17
0.52,-1.9669778392515402e-17,2.7128755224588144e-16,20.0,5.62907278687603e-17,1.585009333271181e-15,2.565279958817416e-19,598.5082183333004,-0.0,1.2740864778630334e-15,598.5082183333005,-0.0,1.1489278501680105e-15,731.5100446295896,-0.0,3.531856928419172e-17,731.5100446295896,-0.0,1.5812909453649723e-17
0.5225,1.984710661009107e-17,2.727852648433869e-16,20.0,5.630469124276108e-17,1.5937597843182397e-15,-1.2477646442381773e-19,598.5082183333005,-0.0,1.0602806679324755e-15,598.5082183333004,-0.0,1.3627200888988963e-15,731.5100446295896,-0.0,-1.0852881339652676e-17,731.5100446295896,-0.0,6.006947616014697e-17
0.525,-1.9055810968099968e-17,2.743229694408074e-16,20.0,5.629646659397515e-17,1.6027438903656729e-15,2.4749475251295435e-19,598.5082183333004,-0.0,1.2704568711648244e-15,598.5082183333005,-0.0,1.1525088227986668e-15,731.5100446295896,-0.0,3.277670550779526e-17,731.5100446295896,-0.0,1.456206828753571e-17
0.5275,2.0109888570407353e-17,2.7590084989088096e-16,20.0,5.630035094643913e-17,1.6119627255811045e-15,-1.3024466895771593e-19,598.5082183333005,-0.0,1.0588963716681144e-15,598.5082183333004,-0.0,1.3646823506272127e-15,731.5100446295896,-0.0,-1.2990434300708859e-17,731.5100446295896,-0.0,5.842490993771679e-17
0.53,-1.8809133946823914e-17,2.7751892244859523e-16,20.0,5.628645150907348e-17,1.621416384935009e-15,2.4235550521032807e-19,598.5082183333004,-0.0,1.269184535737927e-15,598.5082183333005,-0.0,1.1543591233537627e-15,731.5100446295896,-0.0,3.065460709339e-17,731.5100446295896,-0.0,1.290204753217165e-17
0.5325,2.0341502149055202e-17,2.7917717085834323e-16,20.0,5.62846697839787e-17,1.6311047734532944e-15,-1.3507888312666908e-19,598.5082183333005,-0.0,1.0577288633851867e-15,598.5082183333004,-0.0,1.3664278237270012e-15,731.5100446295896,-0.0,-1.5097960530201783e-17,731.5100446295896,-0.0,5.675031701015987e-17
0.535,-1.5110239359492875e-17,2.8087561137515795e-16,20.0,5.626511234615661e-17,1.641027986106698e-15,2.0444136001990053e-19,598.5082183333005,-0.0,1.2526477343853438e-15,598.5082183333005,-0.0,1.1781676461659256e-15,731.5100446295896,-0.0,2.462852768779066e-17,731.5100446295896,-0.0,1.525576426747201e-17
0.5375,1.2263365084083641e-17,2.8259584868418593e-16,20.0,5.667565934704529e-17,1.6510785474674323e-15,-5.959872609765217e-20,598.5082183333005,-0.0,1.0839579102588349e-15,598.5082183333004,-0.0,1.306905290311188e-15,731.5100446295896,-0.0,-7.93983606531486e-18,731.5100446295896,-0.0,4.538332780768397e-17
0.54,1.8386753914969604e-17,2.8434238816707095e-16,20.0,5.62943011611477e-17,1.6612827804238723e-15,-1.1964780222178214e-19,598.5082183333005,-0.0,1.0514564461989485e-15,598.5082183333004,-0.0,1.3396106255862757e-15,731.5100446295896,-0.0,-1.6213162234283766e-17,731.5100446295896,-0.0,5.1043483225383654e-17
0.5425,-4.417710474633744e-18,2.8616965721074427e-16,20.0,5.628825288622072e-17,1.6719586793534136e-15,9.927996912653375e-20,598.5082183333005,-0.0,1.1988259847278329e-15,598.5082183333005,-0.0,1.2404403700424457e-15,731.5100446295896,-0.0,9.170332273265737e-18,731.5100446295896,-0.0,2.4198509146673956e-17
0.545,8.913119111283613e-19,2.880443536602368e-16,20.0,5.631409179629188e-17,1.6829116749659913e-15,4.757085010386928e-20,598.5082183333005,-0.0,1.1657229376835121e-15,598.5082183333005,-0.0,1.2649463281851729e-15,731.5100446295896,-0.0,1.6900621888063448e-18,731.5100446295896,-0.0,2.8851944751856164e-17
0.5475,1.0448170383565881e-18,2.8998083801748164e-16,20.0,5.63046648978457e-17,1.6942256691192683e-15,4.5654397867373675e-20,598.5082183333005,-0.0,1.164608417818344e-15,598.5082183333005,-0.0,1.2655447116759573e-15,731.5100446295896,-0.0,-1.0841334099738267e-20,731.5100446295896,-0.0,2.7484121193538676e-17
0.55,1.1903446103119691e-18,2.9198149384241056e-16,20.0,5.629077185429613e-17,1.7059145878659036e-15,4.383222717868263e-20,598.5082183333005,-0.0,1.1635455025214684e-15,598.5082183333005,-0.0,1.2660914905022233e-15,731.5100446295896,-0.0,-1.702641967511085e-18,731.5100446295896,-0.0,2.6107194749657765e-17
0.5525,1.3283450392456653e-18,2.9404632113484646e-16,20.0,5.627241515473413e-17,1.7179784312048624e-15,4.209694172180241e-20,598.5082183333005,-0.0,1.1625313351684602e-15,598.5082183333005,-0.0,1.2665895212959391e-15,731.5100446295896,-0.0,-3.3857684425217834e-18,731.5100446295896,-0.0,2.4721594150999446e-17
0.555,1.45924133418324e-18,2.961753198946264e-16,20.0,5.62495970925213e-17,1.730417199135193e-15,4.044169237425775e-20,598.5082183333005,-0.0,1.1615632404620633e-15,598.5082183333005,-0.0,1.2670414793613555e-15,731.5100446295896,-0.0,-5.060624958794799e-18,731.5100446295896,-0.0,2.332772359694055e-17
0.5575,1.583430860901443e-18,2.983684901216002e-16,20.0,5.622231977978198e-17,1.743230891656018e-15,3.886013755184923e-20,598.5082183333005,-0.0,1.1606387124370486e-15,598.5082183333005,-0.0,1.2674498706701655e-15,731.5100446295896,-0.0,-6.7275926879973744e-18,731.5100446295896,-0.0,2.1925964258884305e-17
0.56,1.7012869845649826e-18,3.0062583181562976e-16,20.0,5.61905851608445e-17,1.7564195087665303e-15,3.7346406395656923e-20,598.5082183333005,-0.0,1.1597554032801939e-15,598.5082183333005,-0.0,1.267817043041596e-15,731.5100446295896,-0.0,-8.387031180172269e-18,731.5100446295896,-0.0,2.0516675686628383e-17
0.5625,1.8131606030356463e-18,3.029473449765877e-16,20.0,5.615439502470723e-17,1.769983050465986e-15,3.5895064598807005e-20,598.5082183333005,-0.0,1.158911112909009e-15,598.5082183333005,-0.0,1.2681451965636747e-15,731.5100446295896,-0.0,-1.003927967953507e-17,731.5100446295896,-0.0,1.9100197124162084e-17
0.5650000000000001,1.919381578311028e-18,3.053330296043575e-16,20.0,5.611375101659907e-17,1.7839215167537034e-15,3.45010826848928e-20,598.5082183333005,-0.0,1.1581037792569078e-15,598.5082183333005,-0.0,1.2684363933081285e-15,731.5100446295896,-0.0,-1.1684658355750132e-17,731.5100446295896,-0.0,1.767684874093978e-17
0.5675,2.0202600730341957e-18,3.077828856988312e-16,20.0,5.606865464869969e-17,1.798234907629053e-15,3.3159806563301885e-20,598.5082183333005,-0.0,1.1573314692160176e-15,598.5082183333005,-0.0,1.2686925663875695e-15,731.5100446295896,-0.0,-1.332346945631836e-17,731.5100446295896,-0.0,1.6246932784268458e-17
0.5700000000000001,2.116087798534679e-18,3.102969132599104e-16,20.0,5.601910731007949e-17,1.8129232230914596e-15,3.186693019910715e-20,598.5082183333005,-0.0,1.1565923701923725e-15,598.5082183333005,-0.0,1.2689155284003717e-15,731.5100446295896,-0.0,-1.495599838533024e-17,731.5100446295896,-0.0,1.481073465805892e-17
0.5725,5.525470392964869e-17,3.128674446659983e-16,20.0,5.577706439569763e-17,1.827941664727968e-15,-4.805580129822017e-19,598.5082183333004,-0.0,8.44283843507685e-16,598.5082183333011,5.551115123125783e-14,1.5307213378786541e-15,731.5100446295896,-0.0,-7.714913036882366e-17,731.5100446295896,-0.0,7.419729354440494e-17
0.5750000000000001,2.5781768717237767e-16,3.1534073625829815e-16,20.0,5.103498266679992e-17,1.842391978519525e-15,-2.4399796751355844e-18,598.5082183333004,-0.0,-3.256878303581773e-16,598.5082183333011,5.551115123125783e-14,2.5383017995073385e-15,731.5100446295896,-0.0,-3.0807704432211334e-16,731.5100446295896,-0.0,3.0604171160711987e-16
0.5775,4.467207429778355e-16,3.1761048895727306e-16,20.0,4.0200702043444904e-17,1.855653107466687e-15,-4.2799499484607335e-18,598.5082183333004,-0.0,-1.417585362854007e-15,598.5082183333011,5.551115123125783e-14,3.4595502347216472e-15,731.5100446295896,-0.0,-5.22569974224789e-16,731.5100446295896,-0.0,5.217885134496018e-16
0.58,6.264043318679679e-16,3.196741044824944e-16,20.0,2.3304699253810306e-17,1.867709871002946e-15,-6.044691007435656e-18,598.5082183333004,-0.0,-2.4516626049001854e-15,598.5082183333011,5.551115123125783e-14,4.322978302702087e-15,731.5100446295896,-0.0,-7.258137449526668e-16,731.5100446295896,-0.0,7.2628615925422975e-16
0.5825,7.470892585237851e-16,3.215216975980012e-16,20.0,5.262899835921734e-19,1.8785045142068915e-15,-7.25899722632682e-18,598.5082183333011,5.551115123125783e-14,-3.1985349912123796e-15,598.508218333301,5.551115123125783e-14,4.8211678628704856e-15,731.5100446295896,-0.0,-8.6054004262996e-16,731.5100446295896,-0.0,8.626607694913477e-16
0.585,6.839316912431501e-16,3.2290055754421627e-16,20.0,-2.3582129131934552e-17,1.8865605634650742e-15,-6.72031392189644e-18,598.5082183333011,5.551115123125783e-14,-3.0703183197757924e-15,598.508218333301,5.551115123125783e-14,4.206152613411724e-15,731.5100446295896,-0.0,-7.838684880483261e-16,731.5100446295896,-0.0,7.88546910935037e-16
0.5875,4.619973484358544e-16,3.2382096975017507e-16,20.0,-4.5332083537513994e-17,1.891938111844364e-15,-4.6518104442903274e-18,598.5082183333011,5.551115123125783e-14,-1.954484291227858e-15,598.5082183333003,-0.0,2.870174317982032e-15,731.5100446295896,-0.0,-5.260241290601074e-16,731.5100446295896,-0.0,5.321708799544007e-16
0.59,2.064198593402591e-16,3.245815196736371e-16,20.0,-5.976594380686343e-17,1.8963816578792863e-15,-2.24998858360441e-18,598.5082183333011,5.551115123125783e-14,-6.245513176647174e-16,598.5082183333003,-0.0,1.406896788357484e-15,731.5100446295896,-0.0,-2.30710620896073e-16,731.5100446295896,-0.0,2.3725557952816084e-16
0.5925,-3.065423054032733e-17,3.251956503873477e-16,20.0,-6.73439575257184e-17,1.899969743307539e-15,-1.56968055613e-20,598.5082183333011,5.551115123125783e-14,5.929434118756828e-16,598.5082183333003,-0.0,5.156182311077522e-17,731.5100446295896,-0.0,4.2627854169564535e-17,731.5100446295896,-0.0,-3.6169397602327704e-17
0.595,-2.5609448180247614e-16,3.2566645860267946e-16,20.0,-6.807240194927154e-17,1.9027204608001178e-15,2.119594519676356e-18,598.5082183333011,5.551115123125783e-14,1.7378564430874429e-15,598.5082183333003,-0.0,-1.2311913427604761e-15,731.5100446295896,-0.0,3.0200289829533025e-16,731.5100446295896,-0.0,-2.956309479211131e-16
0.5975,-4.705210151870253e-16,3.259939445049011e-16,20.0,-6.195388363573503e-17,1.904633811439463e-15,4.164160103764894e-18,598.5082183333011,5.551115123125783e-14,2.813972946109678e-15,598.5082183333003,-0.0,-2.445147887841153e-15,731.5100446295896,-0.0,5.48035278203624e-16,731.5100446295896,-0.0,-5.417498378055524e-16
0.6,-6.181180107694971e-16,3.261686610281778e-16,20.0,-4.9177289489847923e-17,1.9056546003321993e-15,5.5817476023620965e-18,598.508218333301,5.551115123125783e-14,3.4826564756736836e-15,598.508218333301,5.551115123125783e-14,-3.3265053745712475e-15,731.5100446295896,-0.0,7.169163350183618e-16,731.5100446295896,-0.0,-7.104536892430236e-16
0.6025,-5.851167791761795e-16,3.259488184255481e-16,20.0,-3.451708684058437e-17,1.9043701603564837e-15,5.2696735984605696e-18,598.508218333301,5.551115123125783e-14,3.0550318712229087e-15,598.508218333301,5.551115123125783e-14,-3.3477885613204354e-15,731.5100446295896,-0.0,6.790996848836183e-16,731.5100446295896,-0.0,-6.716273341815226e-16
0.605,-5.573531334622704e-16,3.252386292108875e-16,20.0,-1.9863727460458185e-17,1.9002208489549583e-15,5.015638890763438e-18,598.508218333301,5.551115123125783e-14,2.6593592235626844e-15,598.508218333301,5.551115123125783e-14,-3.3962957950558296e-15,731.5100446295896,-0.0,6.470084882404107e-16,731.5100446295896,-0.0,-6.385430931038087e-16
0.6075,-5.310922805212732e-16,3.2403977338624266e-16,20.0,-5.18343746625435e-18,1.893216481612714e-15,4.782872510978484e-18,598.508218333301,5.551115123125783e-14,2.272924320878861e-15,598.508218333301,5.551115123125783e-14,-3.454040795475596e-15,731.5100446295896,-0.0,6.163952061061915e-16,731.5100446295896,-0.0,-6.069367656482262e-16
0.61,-4.936289555514826e-16,3.223541831346262e-16,20.0,9.482623641721442e-18,1.883368347193109e-15,4.448798670845162e-18,598.5082183333009,5.551115123125783e-14,1.839228965059863e-15,598.508218333301,5.551115123125783e-14,-3.4401279054639213e-15,731.5100446295896,-0.0,5.729317482538568e-16,731.5100446295896,-0.0,-5.620802203635392e-16
0.6125,-2.500668159980294e-16,3.203005753889172e-16,20.0,2.1550984537622217e-17,1.871370054544294e-15,2.1403045252356613e-18,598.5082183333003,-0.0,4.114265228088107e-16,598.5082183333011,5.551115123125783e-14,-2.201986396162518e-15,731.5100446295896,-0.0,2.9301506621287406e-16,731.5100446295896,-0.0,-2.8167267567756926e-16
0.615,1.5994861343518165e-18,3.1810911736797907e-16,20.0,2.5569142794381112e-17,1.8585663656617656e-15,-2.5462001561903805e-19,598.5082183333003,-0.0,-1.0201205476335135e-15,598.5082183333011,5.551115123125783e-14,-9.0444036701522e-16,731.5100446295896,-0.0,4.0137086019440404e-18,731.5100446295896,-0.0,7.049148458412554e-18
0.6175,1.636804256425617e-16,3.157907189316759e-16,20.0,2.2920837683001634e-17,1.845021021876691e-15,-1.7979721700675495e-18,598.5082183333004,-0.0,-1.9266974841512026e-15,598.5082183333004,-0.0,-7.000937770518316e-17,731.5100446295896,-0.0,-1.824046492625957e-16,731.5100446295896,-0.0,1.9209390383599816e-16
0.62,1.4853589560960384e-16,3.1356512937307017e-16,20.0,1.8713963428194903e-17,1.832017917999578e-15,-1.639550654533697e-18,598.5082183333004,-0.0,-1.796149628840519e-15,598.5082183333004,-0.0,-1.1906326917328862e-16,731.5100446295896,-0.0,-1.6670309190262346e-16,731.5100446295896,-0.0,1.7315123697820757e-16
0.6225,1.4131242756297908e-16,3.1148222343836876e-16,20.0,1.4551714082843373e-17,1.8198484494062107e-15,-1.5602587182095561e-18,598.5082183333004,-0.0,-1.71319217204792e-15,598.5082183333004,-0.0,-1.2909583356752824e-16,731.5100446295896,-0.0,-1.5985601144992442e-16,731.5100446295896,-0.0,1.6332488125138545e-16
0.625,1.344927066064043e-16,3.0953893652231295e-16,20.0,1.0381950057476408e-17,1.808494711006962e-15,-1.4873830145532853e-18,598.5082183333004,-0.0,-1.6327704418517078e-15,598.5082183333004,-0.0,-1.3659266481652676e-16,731.5100446295896,-0.0,-1.5339465251668652e-16,731.5100446295896,-0.0,1.5388424677647746e-16
0.6275000000000001,1.2805237285850585e-16,3.077352686369695e-16,20.0,6.2045015810012435e-18,1.7979567028723324e-15,-1.4204472754294288e-18,598.5082183333004,-0.0,-1.5547240351869226e-15,598.5082183333004,-0.0,-1.4171416647135383e-16,731.5100446295896,-0.0,-1.4729704577149207e-16,731.5100446295896,-0.0,1.4480736424192512e-16
0.63,1.219686212645787e-16,3.0607121979350924e-16,20.0,2.0192114949407166e-18,1.788234425067588e-15,-1.359009819046983e-18,598.5082183333004,-0.0,-1.4789031113408352e-15,598.5082183333004,-0.0,-1.446101796955456e-16,731.5100446295896,-0.0,-1.415425572081558e-16,731.5100446295896,-0.0,1.360735996599613e-16
0.6325000000000001,1.162200983601321e-16,3.04546790002271e-16,20.0,-2.1740656629091506e-18,1.7793278776531333e-15,-1.3026610682504238e-18,598.5082183333004,-0.0,-1.40516767629401e-15,598.5082183333004,-0.0,-1.4542069892658624e-16,731.5100446295896,-0.0,-1.3611180244426101e-16,731.5100446295896,-0.0,1.2766356866524738e-16
0.635,1.1078680606586842e-16,3.0316197927282325e-16,20.0,-6.375464509051163e-18,1.7712370606848734e-15,-1.2510212457193458e-18,598.5082183333004,-0.0,-1.3333869164150245e-15,598.5082183333004,-0.0,-1.4427653818352947e-16,731.5100446295896,-0.0,-1.3098656673090066e-16,731.5100446295896,-0.0,1.1955905652471286e-16
0.6375000000000001,1.0565001202765652e-16,3.0191678761401946e-16,20.0,-1.0585109603783357e-17,1.763961974214534e-15,-1.203738233511508e-18,598.5082183333004,-0.0,-1.2634385780692546e-15,598.5082183333004,-0.0,-1.4129995146038445e-16,731.5100446295896,-0.0,-1.261497302837399e-16,731.5100446295896,-0.0,1.1174294346870547e-16
0.64,1.0079216604904147e-16,3.0081121503405037e-16,20.0,-1.4803116183969666e-17,1.7575026182899708e-15,-1.1604855852748936e-18,598.5082183333004,-0.0,-1.1952083899434358e-15,598.5082183333004,-0.0,-1.3660521040362067e-16,731.5100446295896,-0.0,-1.2158519857253987e-16,731.5100446295896,-0.0,1.0419913498059885e-16
0.6425,9.619682219539443e-17,2.9984526154049245e-16,20.0,-1.9029590843137002e-17,1.7518589929554493e-15,-1.120960680281812e-18,598.5082183333004,-0.0,-1.128589525111739e-15,598.5082183333004,-0.0,-1.3029914224793806e-16,731.5100446295896,-0.0,-1.1727783723138793e-16,731.5100446295896,-0.0,9.691249670709909e-17
0.645,9.184856617818308e-17,2.9901892714035266e-16,20.0,-2.3264632162652914e-17,1.747031098251908e-15,-1.0848830092071794e-18,598.5082183333004,-0.0,-1.0634821000777335e-15,598.5082183333004,-0.0,-1.2248163077607063e-16,731.5100446295896,-0.0,-1.1321341127525895e-16,731.5100446295896,-0.0,8.986879367487779e-17
0.6475,8.77329476551366e-17,2.9833221184011017e-16,20.0,-2.7508331297477446e-17,1.7430189342172016e-15,-1.0519925822875689e-18,598.5082183333004,-0.0,-9.997927082202591e-16,598.5082183333004,-0.0,-1.1324608287455146e-16,731.5100446295896,-0.0,-1.0937852833025996e-16,731.5100446295896,-0.0,8.305463352088326e-17
0.65,8.383641710746738e-17,2.9778511564575473e-16,20.0,-3.1760772519734607e-17,1.7398225008863257e-15,-1.0220484511615692e-18,598.5082183333004,-0.0,-9.37433985251365e-16,598.5082183333004,-0.0,-1.0267986307725413e-16,731.5100446295896,-0.0,-1.0576058560512678e-16,731.5100446295896,-0.0,7.645741346389833e-17
0.6525,8.014626697892503e-17,2.9737763856282307e-16,20.0,-3.602203372311166e-17,1.7374417982916284e-15,-9.948273363089541e-19,598.5082183333004,-0.0,-8.763242044620792e-16,598.5082183333004,-0.0,-9.086469832104857e-17,731.5100446295896,-0.0,-1.0234772035035735e-16,731.5100446295896,-0.0,7.006527076373172e-17
0.655,7.665057678339885e-17,2.971097805964314e-16,20.0,-4.0292186890890923e-17,1.735876826463002e-15,-9.701223525793183e-19,598.5082183333004,-0.0,-8.16386899687289e-16,598.5082183333004,-0.0,-7.787705498220459e-17,731.5100446295896,-0.0,-9.912876356884998e-17,731.5100446295896,-0.0,6.386703643190815e-17
0.6575,7.333816190821205e-17,2.9698154175130707e-16,20.0,-4.457129853020747e-17,1.735127585428066e-15,-9.477418258335474e-19,598.5082183333004,-0.0,-7.575505140659498e-16,598.5082183333004,-0.0,-6.378849011740813e-17,731.5100446295896,-0.0,-9.609319675820386e-17,731.5100446295896,-0.0,5.785219197401969e-17
0.66,7.019852585921897e-17,2.9699292203181666e-16,20.0,-4.8859430074953845e-17,1.735194075212332e-15,-9.275081942163194e-19,598.5082183333004,-0.0,-6.997480728072544e-16,598.5082183333004,-0.0,-4.866597869869353e-17,731.5100446295896,-0.0,-9.323111147996848e-17,731.5100446295896,-0.0,5.2010828959019505e-17
0.6625,6.722181571148454e-17,2.9714392144199264e-16,20.0,-5.315663825956841e-17,1.7360762958393605e-15,-9.092569880377531e-19,598.5082183333004,-0.0,-6.429168782986793e-16,598.5082183333004,-0.0,-3.2572218506458017e-17,731.5100446295896,-0.0,-9.053317156522889e-17,731.5100446295896,-0.0,4.633361122485119e-17
0.665,6.439878054572893e-17,2.974345399855583e-16,20.0,-5.746297546579686e-17,1.7377742473309046e-15,-8.928358826695395e-19,598.5082183333004,-0.0,-5.869982260080005e-16,598.5082183333004,-0.0,-1.5565914228396322e-17,731.5100446295896,-0.0,-8.799057777901006e-17,731.5100446295896,-0.0,4.081173954289097e-17
0.6675,6.17207326659994e-17,2.978647776659502e-16,20.0,-6.177849004435593e-17,1.740287929707043e-15,-8.78103819257947e-19,598.5082183333004,-0.0,-5.319371397396766e-16,598.5082183333004,-0.0,2.297957795973242e-18,731.5100446295896,-0.0,-8.559503477818648e-17,731.5100446295896,-0.0,3.5436918575895664e-17
0.67,5.917951140822063e-17,2.9843463448633983e-16,20.0,-6.610322661330252e-17,1.7436173429863044e-15,-8.649301884249299e-19,598.5082183333004,-0.0,-4.776821249064398e-16,598.5082183333004,-0.0,2.0967902846078558e-17,731.5100446295896,-0.0,-8.33387202089256e-17,731.5100446295896,-0.0,3.020132597547865e-17
0.6725,5.676744936248992e-17,2.9914411044965285e-16,20.0,-7.043722633477153e-17,1.7477624871857825e-15,-8.531940724713592e-19,598.5082183333004,-0.0,-4.241849385705477e-16,598.5082183333004,-0.0,4.0395677860753656e-17,731.5100446295896,-0.0,-8.121425580025582e-17,731.5100446295896,-0.0,2.5097583475710676e-17
0.675,5.4477340844257113e-17,2.9999320555858756e-16,20.0,-7.478052717163895e-17,1.7527233623212431e-15,-8.427835419148116e-19,598.5082183333004,-0.0,-3.714003750959752e-16,598.5082183333004,-0.0,6.05360770897383e-17,731.5100446295896,-0.0,-7.921468032017127e-17,731.5100446295896,-0.0,2.0118729849253e-17
0.6775,5.230241246095977e-17,3.009819198156318e-16,20.0,-7.913316412554379e-17,1.7584999684072201e-15,-8.33595002490286e-19,598.5082183333004,-0.0,-3.1928606633379446e-16,598.5082183333004,-0.0,8.134673227835919e-17,731.5100446295896,-0.0,-7.733342426983306e-17,731.5100446295896,-0.0,1.5258195601586428e-17
0.68,5.023629563130431e-17,3.0211025322307873e-16,20.0,-8.349516945761275e-17,1.7650923054571122e-15,-8.255325890171094e-19,598.5082183333004,-0.0,-2.678022953380118e-16,598.5082183333004,-0.0,1.0278792638278509e-16,731.5100446295896,-0.0,-7.556428619992972e-17,731.5100446295896,-0.0,1.0509779287396932e-17
0.6825,4.827300092427123e-17,3.033782057830411e-16,20.0,-8.786657289312295e-17,1.772500373483263e-15,-8.185076027907596e-19,598.5082183333004,-0.0,-2.169118226791858e-16,598.5082183333004,-0.0,1.2482241988303886e-16,731.5100446295896,-0.0,-7.39014105411863e-17,731.5100446295896,-0.0,5.867625341108524e-18
0.685,4.6406894094108846e-17,3.0478577749746494e-16,20.0,-9.224740181126268e-17,1.7807241724970425e-15,-8.124379893956456e-19,598.5082183333004,-0.0,-1.6657972448797596e-16,598.5082183333004,-0.0,1.47415288826028e-16,731.5100446295896,-0.0,-7.23392668483721e-17,731.5100446295896,-0.0,1.326203320911342e-18
0.6875,4.2741717077526483e-17,3.0633358468155513e-16,20.0,-9.664439539898847e-17,1.7897673033468635e-15,-7.89185696320466e-19,598.5082183333004,-0.0,-1.07870948532367e-16,598.5082183333004,-0.0,1.58985667050856e-16,731.5100446295896,-0.0,-6.865151542460495e-17,731.5100446295896,-0.0,-5.2327343254187954e-18
0.6900000000000001,-1.3954844574823593e-16,3.0794115222489084e-16,20.0,-9.926562876737738e-17,1.7991595866969726e-15,9.490885103855665e-19,598.5082183333011,5.551115123125783e-14,8.31594050056009e-16,598.5082183333003,-0.0,-8.742518103481114e-16,731.5100446295896,-0.0,1.4076272583897137e-16,731.5100446295896,-0.0,-2.1490585673265186e-16
0.6925,-3.5610014993857306e-16,3.0936339714373473e-16,20.0,-9.478570989719804e-17,1.807469114546308e-15,3.0277197725516182e-18,598.5082183333011,5.551115123125783e-14,1.9141562437902035e-15,598.5082183333003,-0.0,-2.1146177476182692e-15,731.5100446295895,-0.0,3.8926161295722895e-16,731.5100446295896,-0.0,-4.626394714249441e-16
0.6950000000000001,-5.447697979929637e-16,3.106021873762005e-16,20.0,-8.387127793368434e-17,1.81470680040461e-15,4.852207152081676e-18,598.5082183333011,5.551115123125783e-14,2.832023440697211e-15,598.5082183333003,-0.0,-3.2009672276499275e-15,731.5100446295895,-0.0,6.05333573382632e-16,731.5100446295896,-0.0,-6.775460829872146e-16
0.6975,-7.204537852222325e-16,3.116301828694521e-16,20.0,-6.684677692654439e-17,1.8207129088230596e-15,6.567189361399919e-18,598.5082183333011,5.551115123125783e-14,3.669098106213783e-15,598.5082183333003,-0.0,-4.212129410987082e-15,731.5100446295895,-0.0,8.059003205717747e-16,731.5100446295896,-0.0,-8.767184849227464e-16
0.7000000000000001,-6.96044296881155e-16,3.125189250245631e-16,20.0,-4.5481795358141204e-17,1.825905423551659e-15,6.378713532467523e-18,598.5082183333004,-0.0,3.5165818468031153e-15,598.5082183333004,-0.0,-4.040300409888958e-15,731.5100446295895,-0.0,7.750980697613388e-16,731.5100446295896,-0.0,-8.476090476959889e-16
0.7025,-6.260893539110851e-16,3.1355887898361747e-16,20.0,-2.5729523802076484e-17,1.8319813998271184e-15,5.757849404065488e-18,598.5082183333004,-0.0,3.140257369169461e-15,598.5082183333004,-0.0,-3.6072313134843984e-15,731.5100446295895,-0.0,6.91860528057448e-16,731.5100446295896,-0.0,-7.663555637833549e-16
0.705,-5.703171027119305e-16,3.1467325398448383e-16,20.0,-6.7716700449856305e-18,1.8384921842789476e-15,5.277048960742862e-18,598.5082183333004,-0.0,2.832795103997201e-15,598.5082183333004,-0.0,-3.2630913964022654e-15,731.5100446295895,-0.0,6.249492351281237e-16,731.5100446295896,-0.0,-7.009427005102731e-16
0.7075,-5.173885207865188e-16,3.158578504850958e-16,20.0,1.141526661386426e-17,1.8454132408998153e-15,4.826984697960079e-18,598.5082183333004,-0.0,2.5427936768948638e-15,598.5082183333004,-0.0,-2.9364123487615537e-15,731.5100446295895,-0.0,5.611581942079051e-16,731.5100446295896,-0.0,-6.386500879646446e-16
0.71,-4.1070610902800916e-16,3.171051309016072e-16,20.0,2.8645466756260826e-17,1.8527005310279858e-15,3.861278517443506e-18,598.5082183333003,-0.0,1.9390316093010562e-15,598.5082183333011,5.551115123125783e-14,-2.346514238659279e-15,731.5100446295895,-0.0,4.3609015212116387e-16,731.5100446295896,-0.0,-5.14412423021293e-16
0.7125,-1.3572104408345136e-16,3.182221818323813e-16,20.0,4.014402902577101e-17,1.8592269497167853e-15,1.2678122522354012e-18,598.5082183333003,-0.0,3.541821903713106e-16,598.5082183333011,5.551115123125783e-14,-9.350769963010272e-16,731.5100446295895,-0.0,1.198315408838268e-16,731.5100446295896,-0.0,-1.9687530376087005e-16
0.715,1.160102723236015e-16,3.191344769862161e-16,20.0,4.404251761824351e-17,1.8645570738657014e-15,-1.113749870287228e-18,598.5082183333003,-0.0,-1.0877826127601644e-15,598.5082183333011,5.551115123125783e-14,3.4552337906621467e-16,731.5100446295896,-0.0,-1.6937452514870378e-16,731.5100446295896,-0.0,9.320531810400965e-17
0.7175,3.298515307926319e-16,3.198900240693411e-16,20.0,4.092687227893628e-17,1.8689713905881792e-15,-3.1443673182225486e-18,598.5082183333003,-0.0,-2.3055831365137603e-15,598.5082183333011,5.551115123125783e-14,1.4209519453785582e-15,731.5100446295896,-0.0,-4.149097850960347e-16,731.5100446295895,-0.0,3.388392150531387e-16
0.72,5.141804975790702e-16,3.204589070498492e-16,20.0,3.1544629594671664e-17,1.8722951141655407e-15,-4.907324583589592e-18,598.5082183333003,-0.0,-3.3700530068715144e-15,598.5082183333011,5.551115123125783e-14,2.3142065784621938e-15,731.5100446295896,-0.0,-6.253408476241099e-16,731.5100446295895,-0.0,5.505472786176313e-16
0.7225,6.836676806517885e-16,3.208212998479647e-16,20.0,1.6127117308650507e-17,1.8744124098636596e-15,-6.543822367337629e-18,598.5082183333003,-0.0,-4.34641013374371e-15,598.508218333301,5.551115123125783e-14,3.1198619587849178e-15,731.5100446295896,-0.0,-8.180315868782286e-16,731.5100446295895,-0.0,7.444940407459902e-16
0.725,6.206555999599915e-16,3.209060885486384e-16,20.0,-2.8787126935078404e-18,1.8749077915382377e-15,-5.96440028868027e-18,598.508218333301,5.551115123125783e-14,-4.15120425160719e-15,598.5082183333009,5.551115123125783e-14,2.5762432371230377e-15,731.5100446295896,-0.0,-7.426432282069516e-16,731.5100446295895,-0.0,6.728078982066765e-16
0.7275,3.5843515391956353e-16,3.2052819070887187e-16,20.0,-1.7493431246154695e-17,1.872699906959331e-15,-3.4684641735670452e-18,598.5082183333011,5.551115123125783e-14,-2.8352012879312996e-15,598.5082183333002,-0.0,1.0142521407881165e-15,731.5100446295896,-0.0,-4.4001907813324406e-16,731.5100446295895,-0.0,3.7255336849782793e-16
0.73,1.0066761405962126e-16,3.1994324852690563e-16,20.0,-2.4144321858096382e-17,1.8692823567983854e-15,-1.0045929898851095e-18,598.5082183333011,5.551115123125783e-14,-1.5048602094547578e-15,598.5082183333003,-0.0,-4.611245410381333e-16,731.5100446295896,-0.0,-1.441736457641521e-16,731.5100446295896,-0.0,7.687920891224204e-17
0.7325,-1.3037176076082892e-16,3.1922417818663935e-16,20.0,-2.4012797430164806e-17,1.8650811570339095e-15,1.2119096820024583e-18,598.5082183333011,5.551115123125783e-14,-3.243592621107531e-16,598.5082183333003,-0.0,-1.7773223081166757e-15,731.5100446295896,-0.0,1.2034817162942233e-16,731.5100446295896,-0.0,-1.878166777128509e-16
0.735,-3.1284643128833745e-16,3.183474967753802e-16,20.0,-1.7533172453336545e-17,1.8599591077262742e-15,2.971891866795645e-18,598.508218333301,5.551115123125783e-14,5.726644489237381e-16,598.5082183333003,-0.0,-2.8338357967780884e-15,731.5100446295895,-0.0,3.291688607297727e-16,731.5100446295896,-0.0,-3.958393979817793e-16
0.7375,-3.071424710535068e-16,3.1735255260631464e-16,20.0,-7.261778720669734e-18,1.8541461031081217e-15,2.9366905895558764e-18,598.5082183333003,-0.0,5.194205825180246e-16,598.5082183333004,-0.0,-2.7967156127433287e-15,731.5100446295895,-0.0,3.2058214943218653e-16,731.5100446295896,-0.0,-3.89358560676244e-16
0.74,-2.395205299156357e-16,3.1646875801243573e-16,20.0,1.4713488364767273e-18,1.8489824947213904e-15,2.309293118535628e-18,598.5082183333003,-0.0,1.729021316091585e-16,598.5082183333004,-0.0,-2.3893168008160673e-15,731.5100446295895,-0.0,2.405241164522968e-16,731.5100446295896,-0.0,-3.1253058736884676e-16
0.7425,-1.7708884906018437e-16,3.1572358905366123e-16,20.0,8.678488788513189e-18,1.8446288126421953e-15,1.7316698610906638e-18,598.5082183333003,-0.0,-1.3667586299331053e-16,598.5082183333004,-0.0,-2.0063838943083545e-15,731.5100446295895,-0.0,1.665672073116168e-16,731.5100446295896,-0.0,-2.4157052152936676e-16
0.745,-1.25833536188562e-16,3.1511694141028144e-16,20.0,1.4374821702549485e-17,1.8410844473780917e-15,1.259966737439086e-18,598.5082183333003,-0.0,-3.8909714808953885e-16,598.5082183333004,-0.0,-1.6920256519691183e-15,731.5100446295895,-0.0,1.0571720318755868e-16,731.5100446295896,-0.0,-1.832508913174224e-16
0.7475,-9.106490426580075e-17,3.146049749935223e-16,20.0,1.9038599170809277e-17,1.8380932613020383e-15,9.44982655582567e-19,598.5082183333004,-0.0,-5.608979713382463e-16,598.5082183333004,-0.0,-1.4785443500999435e-15,731.5100446295895,-0.0,6.42205353019841e-17,731.5100446295896,-0.0,-1.4345703868852642e-16
0.75,-6.12382124455874e-17,3.1416376014217016e-16,20.0,2.2930940460521805e-17,1.8355154443267233e-15,6.763436387519699e-19,598.5082183333004,-0.0,-7.071543392188642e-16,598.5082183333004,-0.0,-1.2953784381232534e-15,731.5100446295895,-0.0,2.852643231981697e-17,731.5100446295896,-0.0,-1.0927083909144627e-16
0.7525000000000001,-3.30398587652542e-17,3.1379297007976353e-16,20.0,2.6055772525550538e-17,1.833349087246447e-15,4.220348234403924e-19,598.5082183333004,-0.0,-8.435642706230851e-16,598.5082183333004,-0.0,-1.1222910859824033e-15,731.5100446295895,-0.0,-5.241920256047556e-18,731.5100446295896,-0.0,-7.70009067274667e-17
0.755,-6.223187376891731e-18,3.134924010933848e-16,20.0,2.8415648801705736e-17,1.83159299985962e-15,1.7939350463995344e-19,598.5082183333004,-0.0,-9.71403180510952e-16,598.5082183333004,-0.0,-9.577747672665746e-16,731.5100446295895,-0.0,-3.73605573061828e-17,731.5100446295896,-0.0,-4.638068940269946e-17
0.7575000000000001,1.928536266666403e-17,3.132620531611997e-16,20.0,3.001087647322531e-17,1.8302471820386748e-15,-5.2555963184547155e-20,598.5082183333004,-0.0,-1.0911196205590412e-15,598.5082183333004,-0.0,-8.013809293033759e-16,731.5100446295895,-0.0,-6.790321128499908e-17,731.5100446295896,-0.0,-1.7336454703417354e-17
0.76,3.558177613241242e-17,3.1310382471576656e-16,20.0,3.0862400594349774e-17,1.829322725458473e-15,-1.9764397140902234e-19,598.5082183333004,-0.0,-1.1543837359490767e-15,598.5082183333004,-0.0,-6.901553173332077e-16,731.5100446295895,-0.0,-8.805034867609026e-17,731.5100446295896,-0.0,8.51262575120546e-19
0.7625000000000001,4.73372684412506e-17,3.130421702897206e-16,20.0,3.127841487969119e-17,1.8289625067904535e-15,-3.0153730238598817e-19,598.5082183333004,-0.0,-1.2013182830791616e-15,598.5082183333004,-0.0,-6.125853947084322e-16,731.5100446295895,-0.0,-1.0256781133321576e-16,731.5100446295896,-0.0,1.4117146879188926e-17
0.765,5.226225175349819e-17,3.130238292857332e-16,20.0,3.130237297113428e-17,1.8288553486762645e-15,-3.4141245131473306e-19,598.5082183333004,-0.0,-1.2094349548312138e-15,598.5082183333004,-0.0,-5.709066167434703e-16,731.5100446295895,-0.0,-1.0926151992571012e-16,731.5100446295895,-0.0,1.9439708392831187e-17
0.7675000000000001,4.551869722182107e-17,3.1305115300496665e-16,20.0,3.1445510274774335e-17,1.8290149886953e-15,-2.711558616284382e-19,598.5082183333004,-0.0,-1.169250029749068e-15,598.5082183333004,-0.0,-6.062817200867678e-16,731.5100446295895,-0.0,-1.0197066134263204e-16,731.5100446295895,-0.0,1.1952349238984709e-17
0.77,4.317234489210845e-17,3.1307985924038007e-16,20.0,3.16119098165092e-17,1.8291827061252992e-15,-2.442135014720523e-19,598.5082183333004,-0.0,-1.1554176093889775e-15,598.5082183333004,-0.0,-6.201141679461206e-16,731.5100446295895,-0.0,-9.958833834319369e-17,731.5100446295895,-0.0,9.570027363001924e-18
0.7725,4.081680258861752e-17,3.1310283629710385e-16,20.0,3.1779415622762306e-17,1.8293169505794097e-15,-2.1917789941595446e-19,598.5082183332999,-5.551115123125783e-14,-1.1037008789777597e-15,598.5082183332999,-5.551115123125783e-14,-5.957434772331288e-16,731.5100446295887,-5.551115123125783e-14,-9.381784972284114e-17,731.5100446295887,-5.551115123125783e-14,1.0468490573694024e-17
0.775,3.8522727168374884e-17,3.13018143816177e-16,20.0,3.195499434061196e-17,1.8288221310728915e-15,-1.95950954769703e-19,598.5082183332999,-5.551115123125783e-14,-8.906010044851467e-16,598.5082183332999,-5.551115123125783e-14,-4.090136533927118e-16,731.5100446295887,-5.551115123125783e-14,-7.926894195183261e-17,731.5100446295887,-5.551115123125783e-14,2.022747077808967e-17
0.7775,3.6402495393301264e-17,3.1285983327790027e-16,20.0,3.213625023143599e-17,1.8278971948616773e-15,-1.7455587806733347e-19,598.5082183332999,-5.551115123125783e-14,-6.762209499040103e-16,598.5082183332999,-5.551115123125783e-14,-2.189898370752138e-16,731.5100446295887,-5.551115123125783e-14,-6.530958925399228e-17,731.5100446295887,-5.551115123125783e-14,2.9771404939328246e-17
0.78,3.439759317766379e-17,3.1263171311581204e-16,20.0,3.2322874210439456e-17,1.826564392884499e-15,-1.5479629098350624e-19,598.5082183332999,-5.551115123125783e-14,-4.625565393789319e-16,598.5082183332999,-5.551115123125783e-14,-2.8250375032346154e-17,731.5100446295887,-5.551115123125783e-14,-5.1465149708585105e-17,731.5100446295887,-5.551115123125783e-14,3.94302521848034e-17
0.7825,3.2501250280058725e-17,3.123337833329864e-16,20.0,3.251482302998144e-17,1.8248237251593164e-15,-1.365488794738771e-19,598.5082183332999,-5.551115123125783e-14,-2.495638938587135e-16,598.5082183332999,-5.551115123125783e-14,1.6316085355879677e-16,731.5100446295887,-5.551115123125783e-14,-3.772937281070097e-17,731.5100446295887,-5.551115123125783e-14,4.919776201474524e-17
0.785,3.0707119946312307e-17,3.11966043932265e-16,20.0,3.271205670713813e-17,1.8226751917027333e-15,-1.1969934920967995e-19,598.5082183332999,-5.551115123125783e-14,-3.720198013716628e-17,598.5082183332999,-5.551115123125783e-14,3.552028153754049e-16,731.5100446295887,-5.551115123125783e-14,-2.409637815818152e-17,731.5100446295887,-5.551115123125783e-14,5.906805403176326e-17
0.7875,2.900925117326531e-17,3.115284949162749e-16,20.0,3.291453828476694e-17,1.820118792530097e-15,-1.0414177586035621e-19,598.5082183332999,-5.551115123125783e-14,1.7456758010150464e-16,598.5082183332999,-5.551115123125783e-14,5.478371319935334e-16,731.5100446295887,-5.551115123125783e-14,-1.0560632154239088e-17,731.5100446295887,-5.551115123125783e-14,6.903559464348462e-17
0.79,2.7402062845411613e-17,3.110211362874436e-16,20.0,3.312223360978752e-17,1.8171545276555905e-15,-8.97780017903031e-20,598.5082183332999,-5.551115123125783e-14,3.8578068814657436e-16,598.5082183332999,-5.551115123125783e-14,7.410279020237548e-16,731.5100446295887,-5.551115123125783e-14,2.8830737574397416e-18,731.5100446295887,-5.551115123125783e-14,7.909517529769092e-17
0.7925,2.6114377277395114e-17,3.1046674841166864e-16,20.0,3.3333542034675333e-17,1.8139154923586106e-15,-7.6823082472751e-20,598.5082183333004,-0.0,5.530796803600189e-16,598.5082183333004,-0.0,8.935748025385796e-16,731.5100446295897,-0.0,1.1432367775107265e-17,731.5100446295897,-0.0,8.503318403036954e-17
0.795,2.5308993976286487e-17,3.1006245756079894e-16,20.0,3.353485585727117e-17,1.8115534054634335e-15,-6.548737843395882e-20,598.5082183333004,-0.0,6.107728573783485e-16,598.5082183333004,-0.0,9.412929974858486e-16,731.5100446295897,-0.0,9.744190058602734e-18,731.5100446295897,-0.0,8.192158700208396e-17
0.7975,2.4507397353066925e-17,3.0986650207188137e-16,20.0,3.372213467581128e-17,1.810408526989398e-15,-5.511476949979259e-20,598.5082183333004,-0.0,6.659001672996007e-16,598.5082183333004,-0.0,9.86645927664316e-16,731.5100446295896,-0.0,8.421156813108808e-18,731.5100446295896,-0.0,7.913959814851503e-17
0.8,2.3631698433918255e-17,3.0982918905145496e-16,20.0,3.3898774333113635e-17,1.8101905240433037e-15,-4.55163620679047e-20,598.5082183333004,-0.0,7.072421787550481e-16,598.5082183333004,-0.0,1.0176661315584901e-15,731.5100446295896,-0.0,7.78792694783391e-18,731.5100446295896,-0.0,7.6816540361088e-17
0.8025,2.2808851376592015e-17,3.099311555679905e-16,20.0,3.406608390899745e-17,1.810786267854813e-15,-3.678089806304233e-20,598.5082183333004,-0.0,7.485401339411241e-16,598.5082183333004,-0.0,1.0492931407856555e-15,731.5100446295896,-0.0,7.094599113571272e-18,731.5100446295896,-0.0,7.453058997912975e-17
0.805,2.2033212242599646e-17,3.101727412354871e-16,20.0,3.422401724993589e-17,1.8121977426334995e-15,-2.884220029823198e-20,598.5082183333004,-0.0,7.895453898179796e-16,598.5082183333004,-0.0,1.0812128501352823e-15,731.5100446295896,-0.0,6.358685571044e-18,731.5100446295896,-0.0,7.22872252722121e-17
0.8075,2.1301888526431212e-17,3.1055394605544384e-16,20.0,3.437255326518328e-17,1.8144249483881212e-15,-2.1641742168603084e-20,598.5082183333004,-0.0,8.302771456906928e-16,598.5082183333004,-0.0,1.1134060602425471e-15,731.5100446295896,-0.0,5.582763439436505e-18,731.5100446295896,-0.0,7.008386912359136e-17
0.81,2.061217422755514e-17,3.1107477002924965e-16,20.0,3.451167241410336e-17,1.8174678851267943e-15,-1.512523313030479e-20,598.5082183333004,-0.0,8.707533271222222e-16,598.5082183333004,-0.0,1.1458548454890868e-15,731.5100446295896,-0.0,4.769251058570434e-18,731.5100446295896,-0.0,6.791810319570948e-17
0.8125,1.996153738361522e-17,3.1173521315819116e-16,20.0,3.4641356593929996e-17,1.821326552857035e-15,-9.242315294957269e-21,598.5082183333004,-0.0,9.109906726438286e-16,598.5082183333004,-0.0,1.178542467292231e-15,731.5100446295896,-0.0,3.9204182788182586e-18,731.5100446295896,-0.0,6.578765764029394e-17
0.8150000000000001,1.9347608456284962e-17,3.125352754434605e-16,20.0,3.4761589035568955e-17,1.826000951585808e-15,-3.946281630753963e-21,598.5082183333004,-0.0,9.51004814468801e-16,598.5082183333004,-0.0,1.211453293391029e-15,731.5100446295896,-0.0,3.038396060915815e-18,731.5100446295896,-0.0,6.36904014985564e-17
0.8175,1.8768169510647983e-17,3.1347495688616143e-16,20.0,3.48723542068676e-17,1.8314910813195627e-15,8.061857635511062e-22,598.5082183333004,-0.0,9.908103536280125e-16,598.5082183333004,-0.0,1.2445727227103893e-15,731.5100446295896,-0.0,2.1251854329691194e-18,731.5100446295896,-0.0,6.162433374419751e-17
0.8200000000000001,1.8221144133104318e-17,3.145542574873164e-16,20.0,3.497363772282084e-17,1.8377969420642736e-15,5.0552587368779885e-21,598.5082183333004,-0.0,1.0304209299166232e-15,598.5082183333004,-0.0,1.2778871154141485e-15,731.5100446295896,-0.0,1.1826658486659142e-18,731.5100446295896,-0.0,5.958757492520395e-17
0.8225,1.8159297847333018e-16,3.1570442629275096e-16,20.0,3.34249925263866e-17,1.844516853377413e-15,-1.5727299192652572e-18,598.5082183333004,-0.0,9.41440666909843e-17,598.5082183333011,5.551115123125783e-14,2.103671230720409e-15,731.5100446295896,-0.0,-1.8675471964430054e-16,731.5100446295896,-0.0,2.454450148531824e-16
0.8250000000000001,3.6373935386084776e-16,3.1667961421897024e-16,20.0,2.55526869894183e-17,1.850214431286738e-15,-3.3442423611000234e-18,598.5082183333004,-0.0,-9.766890419147246e-16,598.5082183333011,5.551115123125783e-14,2.9805172647082783e-15,731.5100446295897,-0.0,-3.9468544696783314e-16,731.5100446295896,-0.0,4.530040825923698e-16
0.8275,4.3356714361568577e-16,3.174816644410033e-16,20.0,1.294088422154071e-17,1.854900444622589e-15,-4.045104849268188e-18,598.5082183333005,-0.0,-1.4122612013560572e-15,598.5082183333004,-0.0,3.2654377755355128e-15,731.5100446295897,-0.0,-4.746120002734535e-16,731.5100446295896,-0.0,5.303550056489442e-16
0.8300000000000001,3.2041148817255534e-16,3.183110442447094e-16,20.0,1.2668094535312577e-18,1.8597461322290344e-15,-2.986218943693445e-18,598.5082183333005,-0.0,-7.582329697222978e-16,598.5082183333004,-0.0,2.665056681280408e-15,731.5100446295896,-0.0,-3.447528021947908e-16,731.5100446295896,-0.0,3.984805998008485e-16
0.8325,2.0315209078054062e-16,3.1921230733590563e-16,20.0,-8.270906589177487e-18,1.8650118010717547e-15,-1.889566013551766e-18,598.5082183333011,5.551115123125783e-14,-1.2173972987322007e-16,598.5082183333003,-0.0,2.0104289050699546e-15,731.5100446295896,-0.0,-2.0954788194597047e-16,731.5100446295896,-0.0,2.6261977273851087e-16
0.835,-4.048270591174813e-17,3.19999327525789e-16,20.0,-1.2105474129878988e-17,1.8696100007905065e-15,4.26084835969109e-19,598.5082183333011,5.551115123125783e-14,1.1252804988435328e-15,598.5082183333003,-0.0,6.174452650542682e-16,731.5100446295896,-0.0,7.036017939329598e-17,731.5100446295896,-0.0,-1.7131173081548705e-17
0.8375,-2.0932998002323222e-16,3.206308004672355e-16,20.0,-9.231558681904604e-18,1.873299408939222e-15,2.0333601539561533e-18,598.508218333301,5.551115123125783e-14,1.924958950092425e-15,598.508218333301,5.551115123125783e-14,-3.9490733697007842e-16,731.5100446295896,-0.0,2.6406213370260697e-16,731.5100446295896,-0.0,-2.1065591410389646e-16
0.84,-1.9643792631419488e-16,3.208677139275716e-16,20.0,-4.469037352627529e-18,1.8746835861441896e-15,1.895343717172587e-18,598.508218333301,5.551115123125783e-14,1.6213327864283427e-15,598.508218333301,5.551115123125783e-14,-5.401891421612706e-16,731.5100446295896,-0.0,2.4993053765075985e-16,731.5100446295896,-0.0,-1.9551460586735533e-16
0.8425,-1.8770881684354606e-16,3.2061428045004654e-16,20.0,2.9122483141133447e-19,1.8732028900196707e-15,1.8009191321051364e-18,598.508218333301,5.551115123125783e-14,1.3430906870526231e-15,598.508218333301,5.551115123125783e-14,-7.061270870904829e-16,731.5100446295896,-0.0,2.4045035130230377e-16,731.5100446295896,-0.0,-1.85041368428893e-16
0.845,-1.2267345294466465e-16,3.1988182992198826e-16,20.0,4.894805354347238e-18,1.868923515925575e-15,1.1700024115165517e-18,598.5082183333003,-0.0,7.99148555930098e-16,598.5082183333011,5.551115123125783e-14,-5.305859490316711e-16,731.5100446295896,-0.0,1.6624581590068416e-16,731.5100446295896,-0.0,-1.1014610990454701e-16
0.8475,1.5874808527127826e-16,3.189154361853285e-16,20.0,4.488870297731212e-18,1.8632773184515665e-15,-1.5417294487473404e-18,598.5082183333003,-0.0,-8.072089616974952e-16,598.5082183333011,5.551115123125783e-14,9.065177909837872e-16,731.5100446295896,-0.0,-1.5559582243534187e-16,731.5100446295896,-0.0,2.1196151049489704e-16
0.85,1.9532345496915426e-16,3.1785476950247495e-16,20.0,-1.792475042252261e-18,1.8570803271856757e-15,-1.904971152313494e-18,598.5082183333004,-0.0,-9.804546974776529e-16,598.5082183333004,-0.0,1.1117947791536897e-15,731.5100446295896,-0.0,-1.9801381110405197e-16,731.5100446295896,-0.0,2.5194074936414036e-16
0.8525,1.861460849620717e-16,3.1692564089030344e-16,20.0,-8.281348928075203e-18,1.8516518528236587e-15,-1.829793604464528e-18,598.5082183333004,-0.0,-8.858845216173823e-16,598.5082183333004,-0.0,1.0901494998912124e-15,731.5100446295896,-0.0,-1.8824374947463727e-16,731.5100446295896,-0.0,2.391914122890388e-16
0.855,1.7745684363206446e-16,3.1613613130487967e-16,20.0,-1.4777851483697632e-17,1.847039108703097e-15,-1.7610930784673843e-18,598.5082183333004,-0.0,-7.942826355078756e-16,598.5082183333004,-0.0,1.0714725169903986e-15,731.5100446295896,-0.0,-1.7896089790500305e-16,731.5100446295896,-0.0,2.2692928500363596e-16
0.8575,1.692275015890991e-16,3.154862407583737e-16,20.0,-2.1282153930901757e-17,1.843242094895095e-15,-1.698377533659729e-18,598.5082183333004,-0.0,-7.054677934289177e-16,598.5082183333004,-0.0,1.0555825842288307e-15,731.5100446295896,-0.0,-1.701388403455407e-16,731.5100446295896,-0.0,2.151279514788402e-16
0.86,1.614315741062183e-16,3.149759692620297e-16,20.0,-2.77944144671606e-17,1.8402608114653477e-15,-1.6411910891723787e-18,598.5082183333004,-0.0,-6.192703964660411e-16,598.5082183333004,-0.0,1.0423101022267243e-15,731.5100446295896,-0.0,-1.617527014469083e-16,731.5100446295896,-0.0,2.037625363843193e-16
0.8625,1.5404420780669467e-16,3.146053168262347e-16,20.0,-3.431477922343544e-17,1.8380952584745403e-15,-1.5891114126733114e-18,598.5082183333004,-0.0,-5.355317157251572e-16,598.5082183333004,-0.0,1.0314963416589421e-15,731.5100446295896,-0.0,-1.5377905069297464e-16,731.5100446295896,-0.0,1.928096092215526e-16
0.865,9.02850111115109e-17,3.1436654331181626e-16,20.0,-4.065570023242789e-17,1.8367002138226275e-15,-9.973892435924862e-19,598.5082183333011,5.551115123125783e-14,-1.7337477843595136e-16,598.5082183333003,-0.0,6.907777208017934e-16,731.5100446295896,-0.0,-8.085800772073915e-17,731.5100446295896,-0.0,1.176159491743699e-16
0.8675,-8.816136867534382e-17,3.140692897947549e-16,20.0,-4.2202403137248926e-17,1.834963497209611e-15,7.008372634597898e-19,598.5082183333004,-0.0,7.460529272770194e-16,598.5082183333004,-0.0,-3.182564555892739e-16,731.5100446295896,-0.0,1.2377223401744052e-16,731.5100446295896,-0.0,-8.776280923625282e-17
0.87,-7.977832143212209e-17,3.138331765932365e-16,20.0,-4.185712417155778e-17,1.8335839955516214e-15,6.124565685764889e-19,598.5082183333004,-0.0,7.361116095141359e-16,598.5082183333004,-0.0,-2.3213723922790526e-16,731.5100446295896,-0.0,1.130933461719889e-16,731.5100446295896,-0.0,-8.01078482337476e-17
0.8725,-7.532130110700682e-17,3.137380591252905e-16,20.0,-4.1556236085134385e-17,1.8330282676046385e-15,5.631897646291362e-19,598.5082183333004,-0.0,7.460444900265701e-16,598.5082183333004,-0.0,-1.691450961259083e-16,731.5100446295896,-0.0,1.0689142177213542e-16,731.5100446295896,-0.0,-7.688520446872171e-17
0.875,-7.11109166297339e-17,3.1378256091715836e-16,20.0,-4.126625569045581e-17,1.8332882712608105e-15,5.176644249818387e-19,598.5082183333004,-0.0,7.575260988070696e-16,598.5082183333004,-0.0,-1.0770168511077918e-16,731.5100446295896,-0.0,1.0093120420357159e-16,731.5100446295896,-0.0,-7.390426737897185e-17
0.8775000000000001,-6.71324568749595e-17,3.139666819618054e-16,20.0,-4.098708401693444e-17,1.8343640064790367e-15,4.75600885634776e-19,598.5082183333004,-0.0,7.704601835602243e-16,598.5082183333004,-0.0,-4.7710753601661304e-17,731.5100446295896,-0.0,9.519929887196523e-17,731.5100446295896,-0.0,-7.115164238182789e-17
0.88,-1.82012891090888e-17,3.1429237515554813e-16,20.0,-4.076598984044256e-17,1.8362668831410563e-15,3.662502446537542e-21,598.5082183333004,-0.0,5.61109648030252e-16,598.5082183333004,-0.0,2.7538394784156157e-16,731.5100446295896,-0.0,3.767526971698807e-17,731.5100446295896,-0.0,-1.716714096384127e-17
0.8825000000000001,-2.0049255828558936e-16,3.1471668748889236e-16,20.0,-3.956134276557432e-17,1.8387459464191352e-15,1.7507030650194153e-18,598.5082183333011,5.551115123125783e-14,1.495163138742671e-15,598.5082183333003,-0.0,-7.548514318690356e-16,731.5100446295896,-0.0,2.462816247121587e-16,731.5100446295896,-0.0,-2.264317648440608e-16
0.885,-3.6133603738231235e-16,3.1501371572311254e-16,20.0,-3.189710676966186e-17,1.840481346807345e-15,3.3042147737606355e-18,598.5082183333004,-0.0,2.309252774119713e-15,598.5082183333004,-0.0,-1.6552945551563894e-15,731.5100446295896,-0.0,4.296144146092241e-16,731.5100446295896,-0.0,-4.105577220250866e-16
0.8875000000000001,-3.397482336901887e-16,3.1537326094403373e-16,20.0,-2.2377149314938064e-17,1.8425820054117496e-15,3.1155408328189433e-18,598.5082183333004,-0.0,2.2166441119542074e-15,598.5082183333004,-0.0,-1.4865078920260756e-15,731.5100446295896,-0.0,4.0260148754480503e-16,731.5100446295896,-0.0,-3.8656872598569035e-16
0.89,-3.2277881983111006e-16,3.1587380208596384e-16,20.0,-1.2904219794843549e-17,1.845506438822267e-15,2.9746166654586664e-18,598.5082183333004,-0.0,2.1480890858123294e-15,598.5082183333004,-0.0,-1.3450277487178307e-15,731.5100446295896,-0.0,3.8076823791958914e-16,731.5100446295896,-0.0,-3.677147608172748e-16
0.8925000000000001,-3.0670888974775395e-16,3.1651396265892393e-16,20.0,-3.4446068157339553e-18,1.849246604836277e-15,2.845407681857378e-18,598.5082183333004,-0.0,2.0850105800857668e-15,598.5082183333004,-0.0,-1.209024137782239e-15,731.5100446295896,-0.0,3.5984200757539447e-16,731.5100446295896,-0.0,-3.497678144413754e-16
0.895,-2.914866341043678e-16,3.172937426409045e-16,20.0,6.001999274636526e-18,1.8538025033251878e-15,2.727020930006451e-18,598.5082183333004,-0.0,2.0270767364269717e-15,598.5082183333004,-0.0,-1.0781651999603481e-15,731.5100446295896,-0.0,3.3977415402666066e-16,731.5100446295896,-0.0,-3.326792444096661e-16
0.8975,-2.2062373237218214e-16,3.182056044853893e-16,20.0,1.5249253863547794e-17,1.8591300958453645e-15,2.074679479908987e-18,598.5082183333003,-0.0,1.6437436738558339e-15,598.5082183333011,5.551115123125783e-14,-6.724486025650586e-16,731.5100446295896,-0.0,2.562744110669699e-16,731.5100446295896,-0.0,-2.514907344994095e-16
0.9,2.0325919768100467e-17,3.190566348250608e-16,20.0,1.9521772749043264e-17,1.8641022776506457e-15,-2.2225375598525506e-19,598.5082183333003,-0.0,2.683202252224667e-16,598.5082183333011,5.551115123125783e-14,5.658101789924809e-16,731.5100446295896,-0.0,-2.046972709288376e-17,731.5100446295896,-0.0,2.505105507562372e-17
0.9025,2.4595829399164246e-16,3.19770408947694e-16,20.0,1.6930012789974508e-17,1.8682725340330536e-15,-2.3831552890471273e-18,598.5082183333003,-0.0,-1.012832687498864e-15,598.5082183333011,5.551115123125783e-14,1.7129914831684606e-15,731.5100446295896,-0.0,-2.790859717941837e-16,731.5100446295896,-0.0,2.8342274872679006e-16
0.905,4.037437557628013e-16,3.20338617239035e-16,20.0,7.697636794681265e-18,1.871592315709587e-15,-3.907071961042216e-18,598.5082183333003,-0.0,-1.956106848885182e-15,598.5082183333011,5.551115123125783e-14,2.4465148821981135e-15,731.5100446295896,-0.0,-4.591624589707934e-16,731.5100446295896,-0.0,4.635570170109405e-16
0.9075,3.7913815937865886e-16,3.205142838904589e-16,20.0,-3.366969741548426e-18,1.8726186557673825e-15,-3.690794900859799e-18,598.508218333301,5.551115123125783e-14,-2.0314551888762406e-15,598.508218333301,5.551115123125783e-14,2.072895254029401e-15,731.5100446295896,-0.0,-4.2954237163039883e-16,731.5100446295896,-0.0,4.3494909306824137e-16
0.91,1.6992809726230226e-16,3.202846186813216e-16,20.0,-1.2652838954143576e-17,1.8712768267855635e-15,-1.6966701303831276e-18,598.5082183333011,5.551115123125783e-14,-9.963577593777746e-16,598.5082183333003,-0.0,8.194462494520135e-16,731.5100446295896,-0.0,-1.8919604680632815e-16,731.5100446295896,-0.0,1.9454954613541387e-16
0.9125,-7.7377678325865e-17,3.1991820851474517e-16,20.0,-1.4242262267846005e-17,1.8691360594373345e-15,6.74768537648166e-19,598.5082183333011,5.551115123125783e-14,2.7430251388732193e-16,598.5082183333003,-0.0,-5.875615158918088e-16,731.5100446295896,-0.0,9.406469411828218e-17,731.5100446295896,-0.0,-8.893105117954515e-17
0.915,-3.0111761175532796e-16,3.1940842218992987e-16,20.0,-8.944539919594327e-18,1.866157610643363e-15,2.8309261108790765e-18,598.5082183333011,5.551115123125783e-14,1.406968404163977e-15,598.5082183333003,-0.0,-1.8580675621255193e-15,731.5100446295896,-0.0,3.4978648143069047e-16,731.5100446295896,-0.0,-3.447393438148822e-16
0.9175,-4.571437849985103e-16,3.187630536609613e-16,20.0,3.0130223038677163e-18,1.8623870169196686e-15,4.3510192402928875e-18,598.5082183333004,-0.0,2.190322524150832e-15,598.5082183333004,-0.0,-2.727775135913275e-15,731.5100446295896,-0.0,5.269126990999255e-16,731.5100446295896,-0.0,-5.226587301615822e-16
0.92,-3.396334796882642e-16,3.181204393320084e-16,20.0,1.5345856043525102e-17,1.8586325147294577e-15,3.2495574155812435e-18,598.5082183333003,-0.0,1.5347484947998488e-15,598.5082183333011,5.551115123125783e-14,-2.079604283071843e-15,731.5100446295896,-0.0,3.9007923805801586e-16,731.5100446295896,-0.0,-3.8774443798524605e-16
0.9225,-1.3069628430385748e-16,3.1746447057601955e-16,20.0,2.381045272011344e-17,1.8547999887179642e-15,1.264286162256332e-18,598.5082183333003,-0.0,3.436129241778474e-16,598.5082183333011,5.551115123125783e-14,-9.904457585691768e-16,731.5100446295896,-0.0,1.4945160589360342e-16,731.5100446295896,-0.0,-1.4778426059940324e-16
0.925,1.0239882710256177e-16,3.166802310354204e-16,20.0,2.563133811814622e-17,1.850218035063698e-15,-9.630326078961465e-19,598.5082183333003,-0.0,-9.843395997622198e-16,598.5082183333011,5.551115123125783e-14,2.0353522461562503e-16,731.5100446295896,-0.0,-1.180788700367443e-16,731.5100446295896,-0.0,1.1950166151131273e-16
0.9275,1.3460001608975992e-16,3.1582928064007255e-16,20.0,2.2330094068394198e-17,1.8452463203366078e-15,-1.2646627991483906e-18,598.5082183333004,-0.0,-1.1315340206274617e-15,598.5082183333004,-0.0,3.909778789521621e-16,731.5100446295896,-0.0,-1.563470447298925e-16,731.5100446295896,-0.0,1.5522172354565657e-16
0.93,1.1674119548503367e-16,3.151573607799037e-16,20.0,1.986219857107102e-17,1.841320599304584e-15,-1.0853288212528164e-18,598.5082183333004,-0.0,-9.871772729134208e-16,598.5082183333004,-0.0,3.3165237446745986e-16,731.5100446295896,-0.0,-1.3761432334950818e-16,731.5100446295896,-0.0,1.3334932195118807e-16
0.9325,1.1117902786842636e-16,3.146268403254001e-16,20.0,1.742327000881472e-17,1.8382210104553423e-15,-1.0264565794841108e-18,598.5082183333004,-0.0,-9.157154976311848e-16,598.5082183333004,-0.0,3.3311551242535576e-16,731.5100446295896,-0.0,-1.3281517113349884e-16,731.5100446295896,-0.0,1.2557089360958557e-16
0.935,1.0592604329880541e-16,3.1423593892785056e-16,20.0,1.4976287801170344e-17,1.8359371520240374e-15,-9.723894419774306e-19,598.5082183333004,-0.0,-8.461851956889245e-16,598.5082183333004,-0.0,3.365101286276505e-16,731.5100446295896,-0.0,-1.2831266133078845e-16,731.5100446295896,-0.0,1.1808910748091605e-16
0.9375,1.0096369080945055e-16,3.139846565962912e-16,20.0,1.2521124819422344e-17,1.834469024063464e-15,-9.22769838791265e-19,598.5082183333004,-0.0,-7.784646110419503e-16,598.5082183333004,-0.0,3.4171446666470006e-16,731.5100446295896,-0.0,-1.2408998154370762e-16,731.5100446295896,-0.0,1.1088715118242109e-16
0.9400000000000001,9.627459860084834e-17,3.138729933390851e-16,20.0,1.0057663403570108e-17,1.833816626622483e-15,-8.772662031718688e-19,598.5082183333004,-0.0,-7.124399804805263e-16,598.5082183333004,-0.0,3.4861476298834744e-16,731.5100446295896,-0.0,-1.2013133569818783e-16,731.5100446295896,-0.0,1.0394922865385735e-16
0.9425,9.18424959634852e-17,3.13900949163971e-16,20.0,7.585794673412614e-18,1.8339799597463093e-15,-8.355711042952914e-19,598.5082183333004,-0.0,-6.480049931275819e-16,598.5082183333004,-0.0,3.571047064077308e-16,731.5100446295896,-0.0,-1.1642187907402874e-16,731.5100446295896,-0.0,9.726049518784425e-17
0.9450000000000001,8.765214050926653e-17,3.1406852407810945e-16,20.0,5.10541788911445e-18,1.834959023476778e-15,-7.973995131728947e-19,598.5082183333004,-0.0,-5.850602871667248e-16,598.5082183333004,-0.0,3.6708493481554237e-16,731.5100446295896,-0.0,-1.1294765765343176e-16,731.5100446295896,-0.0,9.080699677846814e-17
0.9475,8.368925034470187e-17,3.143757180881244e-16,20.0,2.616439857727394e-18,1.83675381785259e-15,-7.62487192260125e-19,598.5082183333004,-0.0,-5.2351298120777805e-16,598.5082183333004,-0.0,3.784625665519022e-16,731.5100446295896,-0.0,-1.096955514934968e-16,731.5100446295896,-0.0,8.457561349384761e-17
0.9500000000000001,7.994044084458325e-17,3.1482253120014255e-16,20.0,1.187743823853607e-19,1.8393643429095407e-15,-7.305891999788335e-19,598.5082183333004,-0.0,-4.632762378786497e-16,598.5082183333004,-0.0,3.911507639947175e-16,731.5100446295896,-0.0,-1.0665322184874032e-16,731.5100446295896,-0.0,7.855400659871237e-17
0.9525,7.639316570870032e-17,3.154089634198297e-16,20.0,-2.3876582488694325e-18,1.8427905986807327e-15,-7.014785019867165e-19,598.5082183333004,-0.0,-4.0426885740145995e-16,598.5082183333004,-0.0,4.0506832713437766e-16,731.5100446295896,-0.0,-1.038090617886453e-16,731.5100446295896,-0.0,7.273056917201297e-17
0.9550000000000001,7.303566200625286e-17,3.1613501475242434e-16,20.0,-4.902931737461758e-18,1.8470325851967726e-15,-6.749446816063742e-19,598.5082183333004,-0.0,-3.4641489906775514e-16,598.5082183333004,-0.0,4.201393150476682e-16,731.5100446295896,-0.0,-1.0115215007286989e-16,731.5100446295896,-0.0,6.709437998218105e-17
0.9575,6.98568989332186e-17,3.17000685202769e-16,20.0,-7.427114214484774e-18,1.852090302485953e-15,-6.507927423646254e-19,598.5082183333004,-0.0,-2.896433286738258e-16,598.5082183333004,-0.0,4.362926933318456e-16,731.5100446295896,-0.0,-9.867220806314016e-17,731.5100446295896,-0.0,6.163516039907414e-17
0.96,6.554778180678878e-17,3.18008458086873e-16,20.0,-1.0020483442663669e-17,1.8579782594301582e-15,-6.16481652143901e-19,598.5082183333004,-0.0,-2.2732016462650807e-16,598.5082183333004,-0.0,4.458164377362482e-16,731.5100446295896,-0.0,-9.485959506466594e-17,731.5100446295896,-0.0,5.485806601705915e-17
0.9625,-1.4862552087583487e-16,3.190306742834203e-16,20.0,-9.58799987663581e-18,1.863950602056037e-15,1.433946942257158e-18,598.5082183333011,5.551115123125783e-14,8.677339484351334e-16,598.5082183333003,-0.0,-7.71468080870948e-16,731.5100446295896,-0.0,1.503802594661632e-16,731.5100446295896,-0.0,-1.9068253778577853e-16
0.965,-3.1236873362199037e-16,3.1990085059423203e-16,20.0,-2.510596136498327e-18,1.8690346450311378e-15,3.00975842263287e-18,598.508218333301,5.551115123125783e-14,1.6354511138799423e-15,598.508218333301,5.551115123125783e-14,-1.7518593649773512e-15,731.5100446295896,-0.0,3.3751461609616664e-16,731.5100446295896,-0.0,-3.7763968244081173e-16
0.9675,-2.9333364145389433e-16,3.203733714691987e-16,20.0,6.514845521605321e-18,1.8717953688121863e-15,2.8307930284045862e-18,598.508218333301,5.551115123125783e-14,1.2950906052326937e-15,598.508218333301,5.551115123125783e-14,-1.8588201111785614e-15,731.5100446295896,-0.0,3.1558909521099104e-16,731.5100446295896,-0.0,-3.5471078084040217e-16
0.97,-6.853752176634436e-17,3.205116056250626e-16,20.0,1.2500268760613516e-17,1.872603007885219e-15,6.797201267428957e-19,598.5082183333003,-0.0,-7.030864601950013e-18,598.5082183333011,5.551115123125783e-14,-7.136449352642522e-16,731.5100446295896,-0.0,5.756006851974915e-17,731.5100446295896,-0.0,-9.683465118591795e-17
0.9725,1.6166065410522612e-16,3.2051301421910773e-16,20.0,1.1670846151540792e-17,1.8726112376572445e-15,-1.5321884313363516e-18,598.5082183333003,-0.0,-1.316801996007619e-15,598.5082183333011,5.551115123125783e-14,4.621546396574063e-16,731.5100446295896,-0.0,-2.061484814186841e-16,731.5100446295896,-0.0,1.666293455754659e-16
0.975,3.237569680592388e-16,3.203688570775564e-16,20.0,4.199461156192308e-18,1.8717689932825025e-15,-3.103091746435416e-18,598.508218333301,5.551115123125783e-14,-2.2870902868786196e-15,598.508218333301,5.551115123125783e-14,1.2226922161294247e-15,731.5100446295896,-0.0,-3.910719390211197e-16,731.5100446295896,-0.0,3.516105823261717e-16
0.9775,2.468225934973503e-16,3.1984160561977887e-16,20.0,-4.918895264920452e-18,1.8686885036889336e-15,-2.3861811625605164e-18,598.5082183333011,5.551115123125783e-14,-2.045758781001429e-15,598.5082183333003,-0.0,6.072267861572819e-16,731.5100446295896,-0.0,-3.0167148842000884e-16,731.5100446295896,-0.0,2.6295857450096363e-16
0.98,3.722986839924193e-18,3.190752078775412e-16,20.0,-9.007816685269484e-18,1.864210791518256e-15,-6.191400427954281e-20,598.5082183333011,5.551115123125783e-14,-7.928894078954923e-16,598.5082183333003,-0.0,-7.787549454468992e-16,731.5100446295896,-0.0,-2.2890493905848915e-17,731.5100446295896,-0.0,-1.5925581238611996e-17
0.9825,-1.6718493348617118e-16,3.1817490772742017e-16,20.0,-6.4002292604280086e-18,1.8589507487006856e-15,1.5801085872061806e-18,598.5082183333004,-0.0,8.345722589958874e-17,598.5082183333004,-0.0,-1.7414551574925275e-15,731.5100446295896,-0.0,1.7229538529222108e-16,731.5100446295896,-0.0,-2.119046240298754e-16
0.985,-1.5512238850747079e-16,3.173371243982888e-16,20.0,-1.9345889729666062e-18,1.854055963131134e-15,1.4726207701849234e-18,598.5082183333004,-0.0,4.9804352868572636e-17,598.5082183333004,-0.0,-1.6316243663609717e-15,731.5100446295896,-0.0,1.5659787983415847e-16,731.5100446295896,-0.0,-1.992310462114971e-16
0.9875,-1.4717039551990707e-16,3.166403368382194e-16,20.0,2.486161130340272e-18,1.8499849514799386e-15,1.4061128829242207e-18,598.5082183333004,-0.0,3.710581774658231e-17,598.5082183333004,-0.0,-1.5460007900270908e-15,731.5100446295896,-0.0,1.4557157828821764e-16,731.5100446295896,-0.0,-1.9118402601931096e-16
0.99,-1.3963944776054166e-16,3.1608316856995347e-16,20.0,6.895553479350079e-18,1.846729671618798e-15,1.3450645389713017e-18,598.5082183333004,-0.0,2.6973399030130792e-17,598.5082183333004,-0.0,-1.462943335671145e-15,731.5100446295896,-0.0,1.3497130497328423e-16,731.5100446295896,-0.0,-1.8356303383047729e-16
0.9925,-1.32505316531027e-16,3.156656195832345e-16,20.0,1.1293732373677937e-17,1.844290123487789e-15,1.289059215373501e-18,598.5082183333004,-0.0,1.9251985444803096e-17,598.5082183333004,-0.0,-1.3822968915935765e-15,731.5100446295896,-0.0,1.247742951303402e-16,731.5100446295896,-0.0,-1.7634530490334672e-16
0.995,-1.2574526502020156e-16,3.1538768986858944e-16,20.0,1.568083108823253e-17,1.842666307031564e-15,1.2377110456009948e-18,598.5082183333004,-0.0,1.3796404601715585e-17,598.5082183333004,-0.0,-1.3039162850116745e-15,731.5100446295896,-0.0,1.1495910570044053e-16,731.5100446295896,-0.0,-1.6950939619506437e-16
0.9975,-1.193379516608662e-16,3.152493794172713e-16,20.0,2.005697268521541e-17,1.841858222199019e-15,1.1906626039305397e-18,598.5082183333004,-0.0,1.0470761376290308e-17,598.5082183333004,-0.0,-1.2276656204360337e-15,731.5100446295896,-0.0,1.0550553337712193e-16,731.5100446295896,-0.0,-1.63035104414071e-16
1.0,-1.343324316423009e-09,5.874994900064697e-16,20.0,-5.735571716065289e-13,3.432491344489043e-15,8.941605749479432e-11,598.5082183212104,6.2727600891321345e-12,1.350673971622331e-08,598.508218345193,-6.161737786669619e-12,-1.3510834546103153e-08,731.5100445968229,5.9396931817445875e-12,2.3580349617247704e-10,731.5100446625706,-5.995204332975845e-12,-2.356364740313971e-10
1.0025,0.09591479300784092,-5.580963805010854e-05,19.999999953386176,1.6441379632306318e-05,-4.460590769381116e-08,0.0002706124151005291,597.3831611976012,-0.00017924198880692188,-1.0463690934124892,599.6356032467979,0.00017790370782089227,1.049276074932818,731.4096972460071,-0.00017074706232245163,0.0005439867459301542,731.6110186106648,0.00017182125899850575,-0.0005435977757045989
1.0050000000000001,0.1847998069199012,-0.00021481449355715328,19.99999964028575,0.00012705464993027893,-3.371873499362891e-07,0.0010559533201898903,596.1813580043133,-0.0013850706834239723,-2.015553909856061,600.844465228531,0.001374857162006471,2.0271743813423546,731.1143379770809,-0.001319627360718556,0.0015356490250515579,731.9081012949671,0.0013276503685322183,-0.0015348105765638693
1.0075,0.2678130193157699,-0.0004658309260931458,19.99999882696309,0.000414359481534592,-1.0758929215632977e-06,0.0023185527394757196,594.8992787421491,-0.004516905025009343,-2.916157270398401,602.1384733842478,0.004483964063384249,2.942333461150821,730.6321757814375,-0.00430411938134867,0.0021092006541618934,732.3928606757555,0.0043293672952748885,-0.0021080705770381916
1.01,0.3459878414186749,-0.0007994201893414892,19.999997309041547,0.000949410722430691,-2.412787032624022e-06,0.004023781867617105,593.5341081444757,-0.010349110545482265,-3.7559300024876934,603.5206037452754,0.010274338426208285,3.802591884922839,729.9710132673117,-0.009862976927732525,0.0015156364767654432,733.0572866913918,0.009918698616551147,-0.00151155789413057
1.0125,0.42024416651426083,-0.0012076693474453591,19.999994905661104,0.0017930484454556782,-4.462423538741722e-06,0.006139637503361134,592.0836634778539,-0.019544721547415378,-4.541841630806817,604.9932092923589,0.019404536387712668,4.615048544495592,729.13826146797,-0.018629165288608363,-0.0008883210590251176,733.8937765315377,0.01873032701654731,0.0009056135281555678
1.0150000000000001,0.4913987462544802,-0.001683995506544038,19.999991454680327,0.0029970253040787296,-7.309772262105483e-06,0.008636538369755168,590.5463203717196,-0.032667823978205224,-5.280147610398482,606.5580856286615,0.032434662163960404,5.386122094151846,728.1409568427237,-0.031141529989786587,-0.005650446128100151,734.8951174161731,0.03130371182002989,0.005704787771815231
1.0175,0.5601748363372405,-0.0022229715358068696,19.999986808718443,0.004605021752922851,-1.1017457613592085e-05,0.011487135039485447,588.9209460750683,-0.05019471109907192,-5.97645236027123,608.2165319241302,0.049837265361063476,6.121608139792372,726.9857792763837,-0.047855306654909224,-0.013232435962444269,736.0544680908023,0.04809373199055056,0.013367894292261788
1.02,0.6272111047959605,-0.002820171371644102,19.999980831874765,0.006653559016940824,-1.5632297786095355e-05,0.01466613342536088,587.2068396999805,-0.07252391789291934,-6.635767864837753,609.9694068104628,0.07200713839511375,6.8267334262827815,725.6790705342456,-0.06915157384801418,-0.024018578642432446,737.3653396047351,0.06948025565273186,0.024306453482617094
1.0225,0.6930698191340889,-0.0034720330254504254,19.9999733969957,0.009172819105766072,-2.1191154722919136e-05,0.018150131440581793,585.4036788694481,-0.09998523460724718,-7.262567828755219,611.8171792253555,0.09927011556493115,7.506206610591907,724.2268527942327,-0.09534574489827863,-0.03832370502866087,738.8215757812818,0.09577673383831531,0.03886958771824087
1.025,0.7582443409452917,-0.00417573749839491,19.99996438338606,0.012187380321477443,-2.772611932232901e-05,0.021917468255240033,583.5114722355266,-0.13284779118327705,-7.860837496330532,613.7599743030751,0.13189096553894997,8.164265429032517,722.634846992323,-0.12669518605068486,-0.05640046733824885,740.4173336775372,0.1272379071319274,0.05735114891811909
1.0275,0.823165963493312,-0.0049291019232264675,19.999953674883862,0.015716875906722442,-3.526906477503339e-05,0.025948085490471024,581.5305173386664,-0.1713272959826817,-8.434119319027728,615.7976145173549,0.17008045995364762,8.80472021518749,720.9084907937491,-0.16340604007442083,-0.07844598571911168,742.1470642568107,0.16406670541552204,0.0799960592236317
1.03,0.8882101417144896,-0.005730485419699712,19.999941158233085,0.019776583738798165,-4.385561188625422e-05,0.030223399441717605,579.4613632499427,-0.21559251536068524,-8.985554761214729,617.9296564039888,0.21400170330126977,9.430993895371122,719.0529560866624,-0.2056393371878129,-0.10460791261579673,744.0054934109071,0.20642042356960877,0.10700595899230084
1.0325,0.953702146467132,-0.006578706226412534,19.999926721703932,0.024377952528339103,-5.352854498488527e-05,0.03472618379548922,577.3047775864424,-0.26577105405106716,-9.517922432419077,620.1554231045396,0.263775782717246,10.046158526379257,717.0731658853925,-0.2535164498009279,-0.1349899454431296,745.9876034788575,0.2544162303645958,0.13854422770817176
1.035,1.0199222016973029,-0.007472968905295326,19.999910253919545,0.029529071956574882,-6.434072916054237e-05,0.039440461773782826,575.0617173671848,-0.3219545180393468,-10.033672910472966,622.4740331577461,0.31948681747395735,10.652968662249727,714.9738106307055,-0.30712396808479925,-0.16965684187041513,748.0886153048953,0.30813608842800155,0.1747404601485429
1.0375,1.087110132440913,-0.008412800432307278,19.999891642857616,0.035235090880643034,-7.635756758304696e-05,0.04435140726804798,572.7333033858102,-0.38420310551218195,-10.534960427435257,624.8844257842095,0.38118645229739956,11.253891659516276,712.7593638124365,-0.36651803907655767,-0.20863896269840262,750.3039709388588,0.3676311286183176,0.21569444425276346
1.04,1.1554695755496251,-0.009397994207644709,19.999870774999938,0.04149858965980803,-8.96590467814012e-05,0.049445254032089304,570.3207976645915,-0.4525496925320005,-11.023671743720916,627.3853830605494,0.448897859341435,11.85113521471886,710.434096928973,-0.4317282319912241,-0.25193638955803555,752.6293169888954,0.432925542254714,0.2614797048630139
1.0425,1.2251717875138368,-0.01042856107644495,19.999847534610844,0.04831991080153434,-0.0001043414090276916,0.054709212358466625,567.8255836847467,-0.5270034597639195,-11.501452424803967,629.9755492825691,0.5226192937067276,12.446672325433234,708.002093762291,-0.5027609731475535,-0.29952264854646876,755.0604886708802,0.5040200352834923,0.3121466571174789
1.045,1.2963590826715565,-0.01150468653883871,19.999821803126572,0.055697451859537075,-0.00012051849009038616,0.06013139267935335,565.2491490420023,-0.6075531036688342,-11.969730727765834,632.6534477606826,0.6023272445074834,13.042263869499866,705.4672639573223,-0.5796025911429803,-0.3513480703770696,757.5934945838941,0.5808948856792506,0.3677254094444808
1.0475,1.3691479388879226,-0.012626693458111305,19.999793458642095,0.06362792470166989,-0.0001383227594630437,0.06570073544643107,562.5930703686049,-0.6941696775432105,-12.429739330300945,635.417495444747,0.6879792255589101,13.6394790322612,702.8333559196412,-0.6622220148305158,-0.4073428212240995,760.2245022147957,0.6635126473286124,0.42822825728617864
1.05,1.4436318014159215,-0.013795009639148351,19.99976237548475,0.07210658459557372,-0.00015790609624964798,0.07140694675675552,559.8590000975288,-0.786809100414565,-12.882535091859722,638.2660155150505,0.7795162425752178,14.23971377390376,700.1039690393616,-0.7505731596798015,-0.46741963317253243,762.9498241778866,0.7518205366572883,0.4936519012773489
1.0525,1.5198836104587017,-0.015010139697282987,19.99972842386463,0.08112743199307362,-0.0001794403300800847,0.07724043930447996,557.0486549827212,-0.8854143655588342,-13.32901700602753,641.1972482509168,0.8768649676982321,14.844207497481309,697.2825652374886,-0.8445970322167318,-0.5314762585270049,765.7659052045454,0.8457525323359305,0.563979417181567
1.055,1.5979580796895727,-0.016272640727069014,19.99969146959391,0.09068338998080769,-0.00020311757503634653,0.08319227818173118,554.1638061171166,-0.9899174813033373,-13.769942513138975,644.2093603692083,0.9799396531549043,15.454058093485958,694.3724798496426,-0.9442235831340628,-0.5993976741535804,768.6693098772425,0.9452312193054535,0.6391820056684243
1.0575,1.677893749482614,-0.017583101329733047,19.999651373868073,0.10076645998207215,-0.00022915038138168363,0.08925413111674353,551.2062702733547,-1.1002411725501426,-14.205942320601578,647.3004530373538,1.0886438117646002,16.07023551519132,691.3769318588166,-1.049373335690662,-0.6710580589276546,771.656711103681,1.0501694043663634,0.7192205458986239
1.06,1.7597148361410693,-0.018942123605208624,19.999607993103105,0.11136785802550503,-0.0002577717272907306,0.09541822278004689,548.177902404212,-1.2163003684697582,-14.637533863070756,650.4685687396326,1.2028716891489544,16.69359402359955,688.2990334880029,-1.1599588132226168,-0.7463225652380994,774.7248793258522,1.1604715277586108,0.8040469739979188
1.0625,1.843432896603491,-0.02035030775926211,19.999561178823186,0.1224781336888303,-0.00028923487048290866,0.10167729281810929,545.0805891557627,-1.3380034995105206,-15.06513352361802,653.7116971585871,1.3225095502965023,17.32488322962661,685.1417991648617,-1.2758857874387575,-0.8250489039011171,777.8706724559992,1.276034892988387,0.8936055053512165
1.065,1.9290483263837628,-0.021808239015719114,19.99951077759408,0.1340872736315158,-0.00032381307750474394,0.10802455730125096,541.9162432611164,-1.465253624713836,-15.489067726600982,657.0277802173124,1.447436801068125,17.964758050231726,681.9081538716586,-1.3970543671624758,-0.9070887602717284,781.091026529095,1.3967507351181907,0.9878337176825966
1.0675000000000001,2.0165517068857466,-0.023316476558872406,19.999456630997795,0.14618479145026395,-0.00036179924641849596,0.11445367329853964,538.6867986961785,-1.59794940833341,-15.909583003212107,660.4147164132222,1.5775269633111488,18.613787684794314,678.6009408945102,-1.5233599453227664,-0.992289057838549,784.3829470594744,1.5225051458465089,1.086663510106221
1.07,2.105925016717437,-0.024875544261913414,19.999398575644452,0.15875980542420975,-0.0004035054368451837,0.1209587063168684,535.39420649143,-1.7359859629046959,-16.326855121585563,663.8703645597666,1.7126485204731479,19.272463708161144,675.2229289866716,-1.654694020269576,-1.0804930841489742,787.7435010876952,1.6531798719499613,1.1900219517101356
1.0725,2.1971427202776352,-0.026485922985053683,19.999336443217604,0.17180110556778985,-0.00044926231970590896,0.12753410036328866,532.0404311048687,-1.879255574270322,-16.740997365243995,667.392547039718,1.8526656490139848,19.94120736792272,671.7768189612542,-1.7909449059562155,-1.1715414926039769,791.1698099021411,1.7886530020920222,1.297832031820021
1.075,2.29017274561345,-0.02814804425135095,19.99927006054957,0.18529721126943158,-0.0004994185575498603,0.1341746504104249,528.6274472717154,-2.027648322521558,-17.152068036052313,670.9790526616039,1.997438849420663,20.620376165068098,668.2652497294165,-1.931998344087582,-1.2652731924081129,794.659042418608,1.9287995555304915,1.4100133227834653
1.0775000000000001,2.3849773624133186,-0.029862285129846053,19.999199249723464,0.19923642066935765,-0.0005543401250605478,0.1408754770633135,525.1572372558186,-2.18105261144258,-17.56007725107292,674.6276391999785,2.1468254892907934,21.31026978967331,664.6908038006818,-2.077738030051679,-1.3615261378271168,798.2084091998527,2.073491984937448,1.5264825649745455
1.08,2.481513969967142,-0.03162896417539003,19.999123828198943,0.21360685281580485,-0.0006144095781875351,0.1476320032429308,521.6317884362078,-2.3393556177930264,-17.96499309653774,678.3360356903063,2.3006802697279616,22.011135476438714,661.0560122627224,-2.228046063278477,-1.4601380268589343,801.8151570959876,2.2226006043436497,1.6471541826961507
1.0825,2.5797358039822558,-0.03344833829124928,19.999043608958686,0.22839648353473055,-0.0006800252793400025,0.15443993271728082,518.0530911700819,-2.5024436706180264,-18.366747196501972,682.1019445401195,2.4588556251707305,22.72317283863987,657.3633592585326,-2.3828033316020125,-1.5609469184586287,805.476564485546,2.3759939521136864,1.7719407387387311
1.085,2.679592570287726,-0.035320600396770284,19.998958400673096,0.24359317585304444,-0.0007516005851905323,0.16129523032515108,514.4231368806178,-2.6702025697374343,-18.7652397485966,685.9230435098241,2.621202065752337,23.446538233377858,653.6152859795214,-2.5418898382262856,-1.6637917765727255,809.1899370961747,2.5335390978557526,1.90075333453141
1.0875000000000001,2.7810310126823197,-0.037245877794958054,19.998868007880503,0.25918470572883356,-0.0008295630028616631,0.16819410375072721,510.743916324476,-2.8425178516190974,-19.160344074604488,689.7969876090084,2.7875684703538295,24.18134870586071,649.8141941935899,-2.7051849790101223,-1.76851294842984,812.952604383065,2.695101901249608,2.0335019620844266
1.09,2.88399542146166,-0.03922423114776663,19.998772231180705,0.2751587837629566,-0.0009143533195778269,0.1751329867190628,507.01741798186396,-3.0192750099788945,-19.551910728780427,693.7214109519476,2.9578023376567453,24.92768555592613,645.9624493280702,-2.8725677769781965,-1.8749525838020804,816.7619164421145,2.8605472299376156,2.170095813266023
1.0925,2.9884280886220687,-0.04125565397902962,19.998670867439465,0.29150307349464405,-0.0010064247103251632,0.18210852349418227,503.24562663946256,-3.2003596776695176,-19.939771206524885,697.693928577473,3.131750001724831,25.685597564733612,642.0623831261219,-3.0439170802286086,-1.9829550012433843,820.6152414363826,3.029739142863974,2.3104435513303203
1.095,3.094269714845411,-0.04334007262821017,19.99856371000203,0.30820520681789254,-0.0011062418275370977,0.1891175545697109,499.4305218854866,-3.385657775707207,-20.323741281944393,701.7121383279705,3.3092568179250437,26.455103918606856,638.1162958997609,-3.2191117287408977,-2.092367006786879,824.5099635087175,3.2025410447431013,2.454453549160178
1.0975,3.2014597733770334,-0.04547734659794204,19.998450548913688,0.3252527969951885,-0.0012142798763011033,0.19615710345351045,495.5740768180031,-3.5750556346280105,-20.7036240167338,705.7736227212673,3.4901673243483144,27.23619685901489,634.1264583979276,-3.3980306949696892,-2.203038169919502,828.4434811592218,3.378815816701519,2.60203409810792
1.1,3.3099368348849025,-0.04766726923440442,19.998331171145598,0.34263344969126003,-0.001331023678355803,0.20322436445462372,491.6782567092584,-3.768440092788816,-21.079212463061104,709.8759508977611,3.674325383296262,28.0288440886913,630.0951133117117,-3.580553202563619,-2.314821061225512,832.4132060616474,3.558425927558728,2.7530935909573007
1.1025,3.419638857293427,-0.04990956869305066,19.99820536082426,0.36033477239935435,-0.0014569667277436543,0.210316691389066,487.74501770151113,-3.965698575681187,-21.450292090329192,714.0166806306788,3.8615743068569075,28.832990958706585,626.0244764380872,-3.766558827035138,-2.4275714556124086,836.4165622938978,3.741233529685084,2.907540682119795
1.105,3.5305034440792586,-0.052203909145900944,19.99807289946309,0.3783443825873781,-0.0015926102407347537,0.2174315871280588,483.77630550612986,-4.166719159845345,-21.816642959994276,718.1933604131904,4.051756970092524,29.648562459418347,621.9167375236799,-3.955927581751728,-2.541148504625228,840.4509859573517,3.9271005428825334,3.065284427832064
1.1075,3.642468074179753,-0.05454989219218697,19.997933566194714,0.3966499148499374,-0.001738462202409516,0.22456669391874387,479.7740540957362,-4.37139062452141,-22.178041670842276,722.4035316286529,4.244715914914821,30.475465035774686,617.7740608103252,-4.148539992196165,-2.6554148809872444,844.5139251596869,4.115888729303851,3.2262344088092636
1.11,3.7554703063453836,-0.05694705843837386,19.99778713800269,0.4152390273148434,-0.0018950364120964992,0.231719784413374,475.7401843818362,-4.579602493776813,-22.53426309509109,726.6447308072424,4.440293447307287,31.31358824531244,613.5985853042384,-4.344277161063115,-2.7702368981742573,848.6028403356619,4.307459762017518,3.390300837527974
1.1125,3.869447960478304,-0.059394889218283654,19.99763338995154,0.43409940751848036,-0.0020628515296998223,0.238888753348392,471.67660287281944,-4.791245071482209,-22.88508192383648,730.9144919695849,4.638331730179191,32.16280627525729,609.3924247905894,-4.543020826415667,-2.885484607531767,852.715204880356,4.501675289463658,3.5573946520594992
1.115,3.9843392782391014,-0.06189280842685738,19.99747209541401,0.4532187779334762,-0.0022424301248152923,0.2460716098198041,467.5852003093933,-5.006209471174916,-23.230274038682527,735.2103490556733,4.838672873795968,33.02297933338563,605.1576676152799,-4.744653414807787,-3.0010318751786356,856.8485060694212,4.698396997715348,3.727427598147704
1.1175,4.1000830649681586,-0.0644401844447615,19.997303026294595,0.47258490130392744,-0.0024342977304196932,0.25326647010578546,463.46785027643494,-5.224387642549289,-23.569617724871293,739.529838435235,5.041159025416631,33.89395492572098,600.8963762555915,-4.9490580909948845,-3.1167564407021024,861.0002462409888,4.8974866721561146,3.9003123010211462
1.12,4.216618814756766,-0.06703633213364017,19.997125953248577,0.49218558591799205,-0.002638981902821921,0.2604715509916471,459.32640779192013,-5.4456723960419895,-23.90289473984513,743.870501493988,5.2456324594915005,34.775569032711786,596.6105867011701,-5.156118805597798,-3.2325399594368576,865.1679442141071,5.098806259913935,4.075962328246946
1.1225,4.333886820312218,-0.06968051488391612,19.99694064589569,0.5120086909245518,-0.002857011289482564,0.2676851635560923,455.16270787509706,-5.669957426733097,-24.229891249923366,748.2298872885733,5.451935669512964,35.66764719424036,592.302307666633,-5.365720341849345,-3.3482680299315746,869.349136918794,5.302217934141762,4.254292244769615
1.125,4.451828269090252,-0.07237194669990589,19.996746873027934,0.5320421317798569,-0.003088914706239088,0.27490570738119763,450.97856409733714,-5.8971373385618975,-24.550398646642478,752.6055552617117,5.659911462387646,36.570005512651896,587.9735196567393,-5.577748362344092,-3.463830208038224,873.5413812131891,5.507584161015711,4.43521766113194
1.1275,4.570385327014014,-0.07510979430785149,19.99654440281078,0.5522738858912277,-0.0033352202254124355,0.28213166515172844,446.7757671201922,-6.127107669657961,-24.864214253283343,756.9950780079117,5.869403055983325,37.48245158193678,583.6261739047333,-5.792089456521044,-3.5791200089103796,877.7422558635775,5.714767770114426,4.618655275743437
1.1300000000000001,4.689501210961601,-0.0778931792751775,19.99633300297748,0.5726919985080801,-0.003596454276217762,0.2893615976123418,442.5560832261227,-6.359764919406152,-25.17114193118724,761.3960440792109,6.080254180322764,38.40478535025869,579.2621912040536,-6.00863118943834,-3.6940348980652264,881.949363663628,5.923632028669024,4.804522911945816
1.1325,4.809120251080644,-0.08072118012968157,19.996112441015878,0.5932845888953684,-0.00387314075885285,0.2965941388538879,438.32125284809814,-6.595006577705897,-25.470992594625407,765.8060608196349,6.292309182725663,39.336799922169796,574.8834606531334,-6.227262152245894,-3.8084762725478356,886.1603336696026,6.134040720004785,4.992739550520495
1.135,4.929187943931227,-0.08359283447126296,19.995882484347568,0.6140398568111185,-0.004165800173599706,0.30382799190264803,434.07298912829674,-6.832731156740102,-25.763584643405807,770.2227572179598,6.505413137050386,40.278282306102064,570.4918383322646,-6.447872014628208,-3.9223494331304822,890.3728235291798,6.345858226354528,5.18322535818865
1.1375,5.0496509969943615,-0.08650714105757634,19.995642900499032,0.634946089297749,-0.004474948766259008,0.31106192458782256,429.81297637685236,-7.072838225442856,-26.04874431373618,774.643786757966,6.719411957057719,41.229014111902885,566.0891459318232,-6.670351579363965,-4.0355635484085,894.5845218810751,6.5589496160957665,5.375901712586222
1.1400000000000001,5.170457366091641,-0.08946306188069358,19.99539345726457,0.6559916677856545,-0.004801097690980644,0.31829476566573733,425.5428687697421,-7.315228446732713,-26.32630597070357,779.0668302743869,6.934152513792702,42.188772203240774,561.677169349257,-6.894592839043034,-4.148031611548472,898.7931508047737,6.773180735338502,5.570691224101445
1.1425,5.291556285359895,-0.09245952419609489,19.995133922860926,0.6771650754996016,-0.0051447521919517555,0.32552540118111045,421.2642888633984,-7.559803617499805,-26.5961123268881,783.4895987748525,7.149482756790338,43.15732930765592,557.2576572714963,-7.120489034892485,-4.259670390379973,902.9964683007918,6.988418303712329,5.767517754905951
1.145,5.412898291181941,-0.09549542252197227,19.99486406607348,0.6984549051490835,-0.00550641080495903,0.3327527710456857,416.9788262484446,-7.8064667112291435,-26.85801460870963,787.9098362348984,7.365251838811315,44.13445458845411,552.8323197607439,-7.347934717576388,-4.370400371502745,907.1922707797569,7.204530014095045,5.966306435481164
1.1475,5.5344352403164185,-0.09856962059452005,19.99458365639402,0.719849866877229,-0.005886564579946924,0.33997586581816786,412.6880362277993,-8.055121923075115,-27.11187266952376,792.3253223457061,7.581310243738704,45.11991418084093,548.4028268584993,-7.576825809763488,-4.480145698981648,911.378395542619,7.4213846359559295,6.166983678857292
1.1500000000000001,5.65612035641396,-0.1016809545397087,19.99429246421887,0.741338796435696,-0.0062856963256443694,0.34719372118535347,408.3934390190773,-8.305674717119683,-27.357555329429474,796.7338749125515,7.797509917193912,46.11347208061096,543.9708081433532,-7.807059670182581,-4.588834119532026,915.5527223230288,7.638852121914175,6.369477196708601
1.1525,5.695497891167013,-0.0999636317129204,19.99399667922818,0.7628966780612292,-0.006704048476763713,0.3541756139239813,404.7933631581497,-8.557872356654117,-26.968125052590274,799.8950527488373,8.013560147266396,45.939922092238234,539.6237745779107,-8.038388096963335,-4.697368441527347,919.6281336435778,7.85665940679714,6.573934150006965
1.155,5.740906857424984,-0.09844931194639739,19.993702125621308,0.7844464979709517,-0.007140937631687372,0.3607124978951613,401.26931268525175,-8.810867055126737,-26.630781898311064,802.9841863276429,8.228635866894262,45.83666699901923,535.4441890243526,-8.270015924062013,-4.8062718408623075,923.5224527209241,8.073997082774454,6.779914257356119
1.1575,5.791461639039743,-0.09711532422591411,19.99340808623284,0.8059073620891889,-0.007595465158317964,0.36683443000897237,397.8239350333082,-9.063762023637679,-26.340073175208218,805.9969964631358,8.441876764194278,45.796449092267366,531.4260937656178,-8.501106522707468,-4.9149770355425115,927.2410254096101,8.29001639623339,6.986547735755968
1.16,5.846363499889666,-0.09594086377706024,19.99311391876767,0.8272084635478133,-0.008066751958628191,0.3725694964080975,394.45924070827397,-9.315770799459056,-26.091021739545845,808.9299200736954,8.652531333893986,45.812557816583116,527.5635752201016,-8.730928589960218,-5.023003337276471,930.7892068362833,8.503973456317148,7.193067564826012
1.1625,5.9048942409015135,-0.09490689711820217,19.992819049776397,0.8482881425270161,-0.008553939593811044,0.3779439080585724,391.17666033508965,-9.566206951103329,-25.87909976051964,811.7800580077393,8.859946747997006,45.878807898060465,523.8507844888981,-8.958846240176177,-5.129946156685624,934.1723439799874,8.715219552838382,7.398800468816527
1.165,5.966409923256808,-0.09399605910455691,19.99252296913199,0.8690930255028256,-0.009056191354283854,0.38298210125424886,387.97709940094313,-9.814474649525785,-25.70019999809662,814.5451246398162,9.063559585038517,45.989514030460334,520.2819528514577,-9.184309928897127,-5.235467572695121,937.3957626368235,8.923192296093173,7.603158429030118
1.1675,6.030334781868636,-0.0931925465884571,19.99222522497666,0.8895772378116568,-0.009572693219831004,0.387706839063201,384.86099058572273,-10.060060037742124,-25.55060602790947,817.2233992809049,9.262887353445103,46.1394636344055,516.8514038745059,-9.40684814562659,-5.339287893156318,940.4647571454008,9.127407515308105,7.805630744952278
1.17,6.096155405640023,-0.09248201168029768,19.991925419083724,0.9097016844136179,-0.010102654677754584,0.39213931182649303,381.82834337015083,-10.302523342605841,-25.42696237318893,819.813679618539,9.457520754137082,46.32388869842001,513.5535629640893,-9.626059822373689,-5.441178131602402,943.3845820947333,9.327451862257252,8.005776653341579
1.1725,6.163415230673394,-0.09185145670510786,19.991623202584357,0.929433393267927,-0.010645309379350404,0.39629923539397993,378.8787907714149,-10.541491667666492,-25.32624522435916,822.3152372705141,9.647116622153785,46.538437423972766,510.3829650056992,-9.841607399891094,-5.540953322010835,946.1604454178147,9.522976061773214,8.203218497120908
1.175,6.231709374134269,-0.09128913236183006,19.991318272018567,0.9487449161572254,-0.011199915627785152,0.40020494615259206,376.0116331339336,-10.776652411027543,-25.245734227180346,824.7277755013906,9.831391491270269,46.77914621081051,507.3342605764415,-10.053210498003729,-5.638466596985297,948.7975024370663,9.713688755220772,8.397635429017967
1.1775,6.300679821824737,-0.09078444012277975,19.991010365677077,0.9676137821181667,-0.01176575669887224,0.40387349219957286,373.2258789686059,-11.00774725583592,-25.182985662648004,827.0513891162308,10.010115728817492,47.042412368860965,504.4022210900362,-10.260640139764465,-5.733603958305744,951.3008505504487,9.899350886331703,8.588757629061938
1.18,6.370010971383875,-0.0903278395427912,19.990699260206043,0.9860219989391181,-0.012342141002098508,0.40732072024630084,370.52028288410094,-11.234566684463099,-25.135807219879005,829.2865265179066,10.183108191070877,47.32496782502614,501.58174313944176,-10.463713482309844,-5.826279672649736,953.675524340756,10.079770581977844,8.776361010718608
1.1825,6.439425525003586,-0.08991076087017655,19.990384767451115,1.0039555985140551,-0.012928402093210226,0.4105613580153724,367.89338068880403,-11.4569449710758,-25.102234471120017,831.4339538955408,10.35023135306079,47.62385400329054,498.86785222719345,-10.662289010674563,-5.916432229577911,955.9264909625408,10.254798483905425,8.960262387775987
1.185,6.508680719595946,-0.08952552313632949,19.990066731520578,1.0214042221234536,-0.013523898551665808,0.4136090920327798,365.3435217691783,-11.674755610362464,-25.080509088267636,833.4947214938792,10.51138686969999,47.93639798574551,496.2557060175628,-10.856262153712326,-6.004020803111214,958.0586457135248,10.42432349042921,9.140315072259723
1.1875,6.577564879027578,-0.08916525775838213,19.989745026050763,1.0383607421193992,-0.01412801373830927,0.41647664080792796,362.86889886011636,-11.887907144619792,-25.069058791965308,835.4701319132339,10.66651152950876,48.26019001493111,493.74059719852113,-11.045561285473848,-6.089022163154414,960.0768077410263,10.588268871343342,9.31640487381542
1.19,6.64589427007024,-0.08882383756465823,19.98941955165857,1.0548209167124614,-0.014740155448138219,0.4191758234770769,360.4675753381362,-12.096339353732278,-25.06647898646877,837.361710374892,10.815573564671721,48.59306235497215,491.3179560118715,-11.230144077636893,-6.171427987025285,961.985715859423,10.746588721648575,9.488446470481671
1.1925000000000001,6.7135102425502104,-0.0884958110779209,19.989090233568074,1.0707830748845637,-0.015359755473207176,0.4217176240355484,358.13751017022395,-12.300019776092686,-25.07151600945114,839.1711768868727,10.958569284736598,48.93306950240112,488.9833524847641,-11.409994171948433,-6.251242525826266,963.7900244770249,10.89926472313274,9.656380121770024
1.195,6.780276633641519,-0.08817634183757887,19.988757019399547,1.0862478287319208,-0.015986269090079434,0.42411225132039115,355.8765806517241,-12.498940531499692,-25.083051909820988,840.9004202433748,11.095520004352988,49.27846971747672,486.7324983786413,-11.585118144520568,-6.328480584544754,965.494299644904,11.046303185787142,9.820168696113836
1.1975,6.846077416209685,-0.08786115250600808,19.988419877110566,1.1012178107873394,-0.016619174485210254,0.42636919493085285,353.68260306580106,-12.693115419669777,-25.100090656699898,842.5514737892865,11.226469238171443,49.627707832025806,484.5612488602359,-11.755542736342328,-6.403165778628846,967.1030152487507,11.187732343627799,9.979794986038486
1.2,6.910814571567712,-0.08754647348344832,19.98807879307961,1.11569743410827,-0.01725797213055385,0.4284972772890116,351.5533513935902,-12.88257727051434,-25.121745677913754,844.1264928811241,11.351480138658887,49.979399280297635,482.4656038915787,-11.921312326807376,-6.475329033464016,968.6205493700633,11.323599881991386,10.135259285956327
1.2025000000000001,6.9744061677462605,-0.08722899574702225,19.987733770323562,1.129692673132384,-0.017902184120486195,0.43050470205088587,349.4865741997045,-13.067375524617898,-25.1472286251372,845.6277339759494,11.47063315497765,50.33231529323258,480.44170933143874,-12.082486629278854,-6.5450072965958,970.0511808450312,11.453970675639358,10.286577209119246
1.205,7.036784625320724,-0.08690582762735495,19.987384826840987,1.1432108634986762,-0.01855135347990415,0.4323990990808246,347.4800098126783,-13.247574024424724,-25.175839264252765,847.05753528042,11.584023893265128,50.685369193156504,478.48585773856445,-12.239138589732136,-6.612242435711926,971.3990860495121,11.57892471907246,10.433777721929046
1.2075,7.097895153902198,-0.0865744552415255,19.987031994073774,1.1562605192101338,-0.01920504345215165,0.43418756620039384,345.53139991436774,-13.42324899852737,-25.206956392769882,848.4182988928874,11.691761160632531,51.03760372453614,476.59448886671095,-12.39135247135481,-6.6770802983148805,972.6683359369162,11.698555232329156,10.576901375467257
1.21,7.157694343531185,-0.08623270630939439,19.986675315480127,1.1688511656747047,-0.01986283677426044,0.43587670791839606,343.63850164667906,-13.594487223146379,-25.240029690707246,849.7124743723978,11.793965176994659,51.3881793565456,474.7641898424231,-12.539222109639647,-6.739569911690437,973.8628933531435,11.812966927230384,10.71599871572867
1.2125000000000001,7.21614889636873,-0.0858787170921059,19.986314845212306,1.1809931873059396,-0.020524334945905314,0.43747267134195755,341.7990983382888,-13.76138434642138,-25.27457241671468,850.9425436694814,11.890765940455072,51.73636349439059,472.9916950183357,-12.682849324001932,-6.799762804216749,974.9866106493852,11.922274420553048,10.851128855604303
1.215,7.273234485228304,-0.08551090220529356,19.98595064689298,1.1926976884942826,-0.021189157497467723,0.43898117946044374,340.01100894847366,-13.924043362503857,-25.31015486705751,852.1110073546778,11.98230173341408,52.08152053829699,471.273885497143,-12.82234247329428,-6.857712431273963,976.0432276097966,12.02660078197393,10.982358193142595
1.2175,7.328934726610891,-0.08512792707362228,19.98558279248425,1.2039763668758876,-0.02185694126169076,0.44040756198484204,338.2720963197867,-14.082573223668348,-25.34639852114609,853.2203720819252,12.068717757861002,52.42310273155526,469.6077883241867,-12.957815143789075,-6.913473691019842,977.0363697070715,12.126076205841107,11.109759262013156
1.22,7.383240256978157,-0.08472868280891248,19.98521136124385,1.214841397929118,-0.022527339652589306,0.44175678391556733,336.58027432615677,-14.237087579755947,-25.382970803371407,854.2731392250594,12.150164889457582,52.760641741825644,467.9905753494494,-13.089384959274252,-6.967102517102614,977.9695466948993,12.220836796910161,11.233409701398564
1.2225,7.4361479020163985,-0.08431226330887778,19.984836438763228,1.2253053300208157,-0.02320002195455739,0.44303347200171833,334.93351399814384,-14.387703635235505,-25.419580396975874,855.2717946269198,12.22679854104497,53.09374092292223,466.4195617627453,-13.217172503857732,-7.018655537006771,978.8461515424004,12.311023461146043,11.353391333745684
1.225,7.487659929597279,-0.08387794438851136,19.984458116082553,1.2353809891060117,-0.02387467262398165,0.4442419392448525,333.32984870239574,-14.534541115041932,-25.455973051431307,856.218799401761,12.298777627108294,53.4220682073864,464.8922043086571,-13.341300348930108,-7.068189786179072,979.6694597118202,12.396780893540571,11.46978933991768
1.2275,7.537783378030488,-0.08342516477055759,19.98407648887782,1.2450813923570891,-0.024550990605123106,0.4453862075905361,331.76737844806894,-14.677721331115723,-25.491927830269024,857.1165817329523,12.366263621536255,53.74534958326196,463.40609919053225,-13.461892176483857,-7.115762469379595,980.4426287773019,12.47825665565172,11.582691522304495
1.23,7.58652945202421,-0.08295350877550564,19.983691656715692,1.2544196700625025,-0.025228688661564955,0.44647002894138277,330.2442733888113,-14.81736634225811,-25.527253751446253,857.9675296092596,12.429419701720123,54.063363111534514,461.95897967524866,-13.579071991660975,-7.161430761854539,981.1686983793153,12.55560033623654,11.692187647377072
1.2325,7.633912979524436,-0.08246269056408881,19.98330372237164,1.263408995191815,-0.025907492724129323,0.44749690461610386,328.75877658508267,-14.953598200521167,-25.561786777131253,858.7739844443183,12.488409972660207,54.37593344365032,460.5487134127339,-13.6929634179907,-7.205251643950216,981.8505905064193,12.628962788938324,11.798368860012145
1.235,7.679951923294588,-0.08195253979805849,19.98291279120746,1.272062520074019,-0.02658714125584291,0.4484701033703224,327.3092060879417,-15.086538277893247,-25.595387114228664,859.5382355253065,12.543398765299084,54.682926801366555,459.1732994861088,-13.8036890693089,-7.247281763689926,982.4911100934704,12.69849544150825,11.901327162677417
1.2375,7.724666941725577,-0.08142298859618939,19.982518970604236,1.2803933196804678,-0.027267384634264237,0.44939267808657835,325.89395640199353,-15.216306667520218,-25.627936791046753,860.2625152382415,12.594550003786619,54.9842463838767,457.8308652100382,-13.91136999281506,-7.2875773226312095,983.092945923131,12.764349671499641,12.001154953254694
1.24,7.768080993936808,-0.08087405967321185,19.982122369447172,1.2884143410430926,-0.027947984551274955,0.4502674812331064,324.5114993819743,-15.343021654129485,-25.659337479242883,860.9489950187564,12.642026636807579,55.27982816969722,456.51966269619504,-14.016125178140825,-7.326193981018524,983.6586718156409,12.826676243778422,12.097944615898848
1.2425,7.810218984744251,-0.08030585555885421,19.981723097658744,1.2961383583734087,-0.02862871343027035,0.45109717918358827,323.16038461438075,-15.466799248703921,-25.689508533578802,861.5997819787575,12.685990128484203,55.56963708319001,455.23806520590074,-14.118071127670273,-7.3631867788574175,984.1907480902227,12.885624805551,12.191788159886826
1.245,7.85110744553609,-0.07971854880365858,19.981321265776945,1.303577933478833,-0.029309353860562003,0.4518842654831932,321.83923933265385,-15.58775278279384,-25.71838522509417,862.2169161608385,12.726600004695221,55.853663497822964,453.98456331077216,-14.217321483684985,-7.39861007006792,984.6915232802005,12.941343434926978,12.282776901910966
1.2475,7.890774247439673,-0.07911237308371884,19.98091698457557,1.3107453811003729,-0.029989698048705056,0.45263107313950557,320.54676788776965,-15.705992558157355,-25.745917144345245,862.8023683740495,12.764013450952516,56.131920050414166,452.7577608831111,-14.313986708198723,-7.432517467344381,985.163236082575,12.993978239314863,12.371001187720497
1.25,7.9292483440692045,-0.07848761514254811,19.980510364723465,1.3176527388203993,-0.0306695472863958,0.4533397860123899,319.28175096035346,-15.821625547696506,-25.772066766023276,863.3580385653996,12.798384958234655,56.4044387421861,451.5563709366222,-14.408173811613578,-7.464961795712235,985.6080175238433,13.04367300019793,12.456550149401135
1.2525,7.9665595398575695,-0.07784460745849422,19.980101516480083,1.3243117412120562,-0.03134871143473128,0.45401244936854457,318.04304419873426,-15.934755143911294,-25.7968081319768,863.8857546857871,12.8298660134179,56.67126830495705,450.3792113408875,-14.499986126572551,-7.495995053186202,986.0278933200831,13.090568861069741,12.539511494971732
1.2550000000000001,8.002738283021577,-0.07718372162866459,19.979690549424703,1.3307337979200586,-0.032027008424173296,0.45465097966335055,316.8295767944411,-16.045480951293044,-25.820125672550844,864.3872720057493,12.858604831143317,56.93247181179873,449.22520043111564,-14.589523123583415,-7.525668377178456,986.4247864112718,13.13480405548817,12.619971327267569
1.2575,8.037815479683168,-0.07650536236821553,19.979277572216745,1.3369299753825532,-0.032704263770010907,0.4552571736084726,315.6403496774679,-16.153898619312212,-25.842013127024384,864.8642728435627,12.884746124155855,57.18812451310373,448.09335253355846,-14.676880265205083,-7.554032015542294,986.8005196508161,13.17651367240713,12.698013989368468
1.26,8.071822327610885,-0.07580996208875702,19.978862692384933,1.3429109819193337,-0.03338031010292822,0.4558327165773491,314.4744335059691,-16.26009971283021,-25.862472562062575,865.3183666663803,12.908430909320312,57.438311880698166,446.9827734286383,-14.762148895757498,-7.581135301399148,987.1568186289084,13.215829456101169,12.7737219341007
1.2625,8.104790167678884,-0.07509797600399662,19.978446016143046,1.3486871559268985,-0.03405498671433387,0.4563791903978194,313.330966458663,-16.364171616938872,-25.881513476309237,865.7510905280286,12.929796346669908,57.68312784371553,445.8926557720726,-14.845416163682735,-7.607026631047813,987.4953146100719,13.252879638146087,12.847175615357397
1.2650000000000001,8.136750351411651,-0.07436987771802589,19.97802764823018,1.3542684569348133,-0.03472813911615065,0.45689808057716585,312.2091518595449,-16.466197473394562,-25.89915198221897,866.1639098086739,12.9489756089895,57.92267320118965,444.8222744937588,-14.926764973842655,-7.631753444411166,987.8175475654423,13.287788799056344,12.918453399189264
1.2675,8.167734123148922,-0.07362615525553784,19.977607691773574,1.3596644592907685,-0.035399618614802314,0.4573907830014026,311.10825566259473,-16.56625614596252,-25.91541005731691,866.5582192232439,12.966097779564256,58.157054197421544,443.7709821934557,-15.006273967177242,-7.655362207602119,988.1249692809378,13.320677757307609,12.98763149279915
1.27,8.197772515512298,-0.0728673074966527,19.977186248172096,1.364884348253833,-0.03606928189917974,0.45785861014747464,310.02760382226836,-16.664422212129047,-25.93031485802892,866.9353440672206,12.981287775846562,58.38638124718765,442.73820455133944,-15.084017525286097,-7.6778983972937,988.418946523135,13.35166348358846,13.054783889737584
1.2725,8.226896256985581,-0.07209384098246374,19.976763416998757,1.3699369182867573,-0.03673699064241052,0.4583027968441104,308.9665795737599,-16.76076597877246,-25.94389809006272,867.2965416701361,12.994666296908763,58.61076779878992,441.72343577056864,-15.160065797621025,-7.699406486662873,988.7007642454813,13.380859038236437,13.119982329742825
1.2750000000000001,8.25513569053636,-0.07130626705979104,19.97633929592048,1.3748305733489654,-0.03740261111730362,0.4587245056143848,307.92462064528024,-16.855353519510118,-25.95619543005291,867.6430030287806,13.006349792655358,58.83032932380901,440.7262340679646,-15.234484749098387,-7.719929932746136,988.9716288183313,13.408373529917528,13.183296271800584
1.2775,8.282520702309014,-0.0705050993369636,19.97591398063373,1.3795733290020953,-0.038066013825382064,0.4591248316305722,306.90121642292587,-16.948246731559202,-25.967245993823212,867.9758545938438,13.016450452872752,59.04518242321673,439.74621722783866,-15.307336226054458,-7.739511165099275,989.2326712672334,13.434312093706824,13.244792879117266
1.28,8.309080659509792,-0.06969085142395658,19.975487564814472,1.3841728161497484,-0.03872707313945964,0.45950480730959203,305.89590508709244,-17.039503410065603,-25.977091847175387,868.2961601853025,13.025076214287001,59.25544404023718,438.7830582328682,-15.378678038579285,-7.758191575695844,989.4849505048269,13.45877588682015,13.30453701480734
1.2825,8.334844356685565,-0.0688640349330708,19.975060140081123,1.388636286242491,-0.039385666959754054,0.4598654065752475,304.9082707378497,-17.129177337964762,-25.985777555599736,868.6049230135699,13.032330783898816,59.46123077102663,437.83648098485423,-15.448564057366386,-7.776011510031997,989.7294565427686,13.481862100339526,13.36259124719245
1.285,8.359839969669087,-0.06802515771795936,19.974631795969316,1.3929706177882197,-0.04004167638356529,0.460207548811525,303.9379405251921,-17.21731838954699,-25.99334976972158,868.9030877849639,13.038313676950853,59.66265826487064,436.90625612698295,-15.51704432332257,-7.793010259428543,989.9671136710931,13.503663985359015,13.41901586369743
1.2875,8.384095016527619,-0.06717472233048914,19.974202619917193,1.3971823240167454,-0.04069498538857763,0.46053210252943555,302.9845817986818,-17.303972646000698,-25.99985684366423,869.191542871626,13.043120267970387,59.85984070618035,435.9921969781663,-15.584165168275543,-7.80922605453927,990.1987835934892,13.524270892064038,13.473868892408477
1.29,8.407636324908063,-0.06631322467677545,19.9737726972602,1.401277561555938,-0.041345480529869555,0.46083988876823573,302.0478992895842,-17.38918252131122,-26.00534848382064,869.471122527558,13.04684185341487,60.05289037111229,435.0941555888146,-15.649969345218173,-7.824696060084432,990.4252685079804,13.543768320335381,13.527206130431175
1.2925,8.43049000522275,-0.06544115285508538,19.973342111234338,1.4052621399850078,-0.041993050650738634,0.46113168425034434,301.1276323373493,-17.472986896984732,-26.009875425802594,869.7426091338979,13.049565724529089,60.24191725213971,434.2120189263638,-15.714496166616465,-7.839456370836119,990.6473141235615,13.56223798054984,13.579081178253011
1.295,8.452681429165185,-0.06455898615963086,19.972910942986957,1.4091415321384841,-0.042637586607462745,0.4614082243078719,300.2235521709954,-17.555421264165037,-26.013489137567397,870.006735458017,13.051375249103103,60.42702874437241,433.34570519776287,-15.777781649399913,-7.853542008884467,990.8656126043793,13.579757863326659,13.62954547937608
1.2975,8.47423521308556,-0.06366719423546154,19.972479271594125,1.412920885042257,-0.043278981008133044,0.46167020559737876,299.3354592547854,-17.63651787180054,-26.016241546926693,870.2641869123787,13.052349960896548,60.608329387859726,432.4951603150345,-15.83985866534271,-7.866986922212923,991.0808054340017,13.596402317040235,13.67864836454161
1.3,8.495175205792702,-0.06276623637091044,19.972047174083837,1.4166050313705953,-0.04391712796569936,0.461918288618284,298.46318070644986,-17.71630587960715,-26.018184791815614,870.5156038004626,13.052565655572446,60.78592066052023,431.6603545090673,-15.90075709562483,-7.879823984609176,991.2934861933633,13.612242131996355,13.726437099920354
1.3025,8.5155244803819,-0.06185656091512047,19.9716147254643,1.4201985013204372,-0.04455192286537258,0.46215310004923327,297.60656779514215,-17.794811514659227,-26.019370991852142,870.7615835383149,13.052094492055799,60.95990081672251,430.8412790957394,-15.96050398844917,-7.8920849969329625,991.5042032468679,13.627344630236626,13.772956938690621
1.305,8.535305329717986,-0.06093860480881785,19.97118199875653,1.4237055348063865,-0.045183262146524336,0.4623752349157104,296.7654935252696,-17.87205823052529,-26.019852039843013,871.0026828415389,13.051005098305257,61.13036476689939,430.03794339757195,-16.01912371866837,-7.903800689756765,991.7134623320694,13.641773760005805,13.818251175470333
1.3075,8.554539265230478,-0.06001279321776226,19.9707490650307,1.4271300938868228,-0.04581104309921984,0.46258525860122246,295.9398503114331,-17.948066867942426,-26.01967941200919,871.2394198687011,13.049362680557008,61.29740399391316,429.2503718232008,-16.076638148453227,-7.915000727388837,991.9217290492397,13.65559019398499,13.862361203111403
1.31,8.57324701870181,-0.05907953925890545,19.970315993445563,1.430475875338267,-0.04643516367550754,0.46278370871350816,295.1295477487347,-18.02285581610702,-26.01890399579422,871.4722763132434,13.047229135166038,61.46110650220123,428.4786011060671,-16.13306678811216,-7.925713713280121,992.1294312479241,13.66885143045593,13.905326571402881
1.3125,8.591448546753215,-0.05813924381009719,19.96988285129052,1.4337463233016907,-0.04705552231557633,0.462971096816398,294.33451048194325,-18.096441173728216,-26.017575934208953,871.7016994370761,13.044663162240177,61.62155679602914,427.7226777029892,-16.188426956240065,-7.9359671968103696,992.3369613084158,13.681611896627588,13.947185047266183
1.315,8.609163037752726,-0.057192295394806,19.969449704029707,1.4369446419307808,-0.047672017788871555,0.463147910037197,293.55467617612965,-18.168836909070397,-26.015744485731766,871.9281040399916,13.041720380321975,61.77883588345158,426.98265535243195,-16.242733938450716,-7.945787681439592,992.5446783167962,13.693923053415435,13.987972676059137
1.3175000000000001,8.626408920889906,-0.05623907013399512,19.969016615347712,1.4400738079782798,-0.04828454905024147,0.4633146125587519,292.78999359071173,-18.240055018275246,-26.013457898851872,872.1518743600424,13.0384534414415,61.93302130284469,426.2585927916696,-16.296001144009864,-7.955200634205022,992.752910132906,13.705833501024555,14.027723843637805
1.32,8.643203877179149,-0.05527993175813639,19.968583647196574,1.4431365832624155,-0.048893015111160745,0.4634716470047102,292.0404207581194,-18.310105681324796,-26.010763300395727,872.3733659008512,13.034912145918288,62.08418716911479,425.55055163133585,-16.348240259754622,-7.964230496535782,992.96195535124,13.717389084743846,14.066471338854784
1.3225,8.659564852170039,-0.05431523167228658,19.96815085984353,1.4461355269611011,-0.04949731492605267,0.46361943572586917,291.30592326765543,-18.378997415071375,-26.00770659682431,872.5929071827113,13.031143556352543,62.232404236920935,424.8585943852345,-16.399461400748493,-7.972900696350163,993.1720851553605,13.728633000413272,14.104246416200803
1.325,8.675508070158992,-0.053345309068488556,19.96771831191934,1.4490730076870133,-0.05009734729370085,0.4637583819949414,290.5864726545616,-18.446737222820364,-26.00433238773477,872.8108014150705,13.027192110300179,62.37773997846276,424.18278265280384,-16.449673257177665,-7.981233661395436,993.3835450669943,13.739605899080798,14.141078858323189
1.3275000000000001,8.69104904971039,-0.052370491079456905,19.96728606046678,1.4519512153018792,-0.05069301077371291,0.4638888711165404,289.8820448937335,-18.513330740013213,-26.00068389083482,873.027328088742,13.023099731180599,62.520258673589964,423.5231754510429,-16.49888323705656,-7.9892508337825685,993.5965565914671,13.750345990415024,14.176997038179609
1.33,8.706202620309206,-0.051391092968600144,19.966854160989065,1.454772172433254,-0.051284203617964944,0.4640112714586941,289.1926189970499,-18.578782375613223,-25.996802877694417,873.242744486834,13.018905937017877,62.660021510180314,422.8798276923098,-16.547097604362904,-7.996972685664042,993.8113187615656,13.760889144487365,14.212027980608974
1.3325,8.7209829399797,-0.05040741835133489,19.966422667497973,1.457537745661832,-0.05187082371692376,0.46412593541173924,288.5181757128367,-18.643095448850456,-25.99272961961007,873.457287114001,13.014647946664182,62.797086692912686,422.2527888039827,-16.594321612275532,-8.004418735997673,994.0280095823579,13.771268991585428,14.246197423123725
1.335,8.735403513716664,-0.04941975944343696,19.965991632561423,1.460249656351799,-0.05245276856070762,0.4642332002800214,287.8586963255815,-18.70627232103278,-25.98850284294493,873.6711730441893,13.0103607832025,62.93150955873026,421.6421014856124,-16.64055963123845,-8.011607568335148,994.2467873798479,13.781517019762768,14.279529875748544
1.3375000000000001,8.749477212587093,-0.04842839733234752,19.965561107350364,1.462909491101026,-0.05302993521471352,0.4643333891114304,287.21416155364994,-18.768314522178752,-25.984159693333954,873.8846011875622,13.006077374269898,63.06334269744922,421.0478005989009,-16.685815271620662,-8.018556849570691,994.4677920566542,13.791662669870918,14.31204867975042
1.34,8.76321629337056,-0.04743360226763088,19.96513114168476,1.4655187117918944,-0.05360222030960182,0.46442681146943016,286.5845505424538,-18.829222872272066,-25.979735708168523,874.0977534777181,13.001828649083002,63.19263607611414,420.4699121855545,-16.730091500787083,-8.025283349581818,994.6911462581711,13.80173342785962,14.343776065123139
1.3425,8.776632418616847,-0.046435633967345374,19.964701784078578,1.4680786652273456,-0.054169520045396,0.46451376415189904,285.9698399502247,-18.88899759698087,-25.975264796796807,874.310795980772,12.997643631989963,63.31943716584387,419.9084526078597,-16.7733907544359,-8.031802961692144,994.9169564529282,13.81175491416875,14.37473320670717
1.345,8.789736677008671,-0.04543474193703595,19.964273081783585,1.4705905923402738,-0.054731730209417274,0.4645945318607754,285.37000312331816,-18.947638437724347,-25.970779227898134,874.523879928199,12.993549532407611,63.44379107004001,419.36342780662244,-16.815715042098777,-8.038130723883864,995.1453139310128,13.821750970068603,14.40494027884188
1.3475,8.802539603926627,-0.044431165798781536,19.96384508083196,1.4730556369677053,-0.05528874620774192,0.4646693878262056,284.78500935777697,-19.005144756005176,-25.966309623511542,874.7371426756841,12.989571831039658,63.565740652953245,418.8348326710174,-16.857066046733372,-8.044280840686984,995.3762957246324,13.83174374084023,14.434416508462725
1.35,8.815051202121396,-0.0434251356275599,19.963417826077535,1.4754748541842726,-0.05584046310983324,0.4647385943886142,284.2148232436762,-19.061515631964287,-25.961884959215105,874.9507085904635,12.985734362300661,63.68532666771593,418.32265051468727,-16.89744521837816,-8.050266705669864,995.6099654549128,13.841753755712672,14.463180226569785
1.3525,8.827280962407354,-0.042416872292643376,19.96299136123564,1.4778492181923468,-0.056386775705967375,0.46480240354185753,283.6594040887018,-19.116749957139355,-25.957532569977882,875.1646898699591,12.98205939290742,63.8025878830577,417.8268526525166,-16.936853861860946,-8.056100924457972,995.8463741092623,13.851800004510418,14.491248918008438
1.355,8.839237884298134,-0.04140658780203152,19.9625657289215,1.4801796297688143,-0.05692757857704084,0.4648610574403827,283.1187054172259,-19.17084652144635,-25.953278161218048,875.3791872945972,12.978567696617704,63.91756120801593,417.3473980722976,-16.975293218592146,-8.061795338204828,996.0855607535045,13.861900010979477,14.51863926951432
1.3575,8.850930496512852,-0.040394485647964495,19.962140970687127,1.4824669232708891,-0.05746276617631467,0.4649147888730894,282.5926745411313,-19.22380409442259,-25.949145824624956,875.5942909179751,12.975278625130816,64.03028181404899,416.8842331956231,-17.01276454249234,-8.067361047441942,996.3275531831528,13.872069902793605,14.545367215987053
1.36,8.862366877288231,-0.03938076115186978,19.961717127056694,1.48471187320554,-0.05799223292262285,0.46496382170638656,282.08125219855503,-19.275621500798202,-25.94515805831849,875.8100806975947,12.972210175181909,64.14078325404218,416.43729172230127,-17.049269170131776,-8.072808436234363,996.5723685180992,13.882324478257269,14.571447984967786
1.3625,8.873554674438086,-0.03836560180721191,19.961294237560356,1.4869152003691044,-0.05851587330454272,0.46500837129874156,281.584372256688,-19.326297690484438,-25.94133579093622,876.0266270695101,12.969379051884777,64.2490975777757,416.00649455264306,-17.08480858518063,-8.078147196569827,996.8200137450027,13.892677269744969,14.596896139305358
1.365,8.884501125108304,-0.03734918761896633,19.960872340766517,1.4890775775654295,-0.0590335819950001,0.46504864488884273,281.1019614747921,-19.37583180308511,-25.93769840925877,876.243991470312,12.966800728398177,64.35525544349773,415.5917497820741,-17.119384477286836,-8.08338635291178,997.0704862115776,13.90314060393183,14.62172561800525
1.3675,8.895213075180552,-0.03633169143853732,19.960451474312563,1.4911996349124825,-0.05954525397575579,0.46508484195932875,280.63393932357536,-19.424223227058057,-25.934263788998663,876.4622268098775,12.964489502004517,64.4592862253096,415.19295276254763,-17.15299879551968,-8.088534286847128,997.3237740769266,13.913725658887321,14.645949775263643
1.37,8.90569699828403,-0.03531327929306985,19.96003167493404,1.4932819647487605,-0.06005078467119858,0.46511715457788655,280.180217857145,-19.471471653665475,-25.931048328397793,876.6813778983798,12.962458546708689,64.56121811613399,414.8099862254463,-17.185653796527312,-8.09359876176357,997.5798567219539,13.924442518117308,14.669581417696689
1.3725,8.915959014379144,-0.034294110708261216,19.95961297849231,1.4953251261520557,-0.06055007009084816,0.46514576771737637,279.7407016337694,-19.517577125869046,-25.928066984293007,876.9014818309806,12.960719962473167,64.66107822609005,414.4427204606868,-17.217352087575687,-8.098586947491897,997.8387051237659,13.935300221650515,14.692632839781925
1.375,8.926004907882184,-0.033274339023891125,19.959195420000693,1.4973296490841903,-0.061043006979953386,0.4651708595565115,279.3152876817881,-19.562540082334213,-25.92533331032894,877.1225683336605,12.959284821221495,64.75889267615216,414.0910135469667,-17.248096664643718,-8.103505444852818,998.1002821978574,13.946306814277055,14.715115857534943
1.3775,8.935840145304487,-0.03225411170150802,19.95877903364917,1.4992960381761984,-0.06152949297755319,0.4651926017624986,278.9038655070726,-19.606361396719564,-25.92285949701274,877.3446600735401,12.958163209747964,64.85468668701284,413.75471162822873,-17.277890945760543,-8.10836031004998,998.3645431117305,13.957469391055245,14.737041840450278
1.3800000000000001,8.945469892383477,-0.031233570623594747,19.958363852827606,1.5012247761691884,-0.06200942678135437,0.46521115975693383,278.5063171385257,-19.64904241243626,-25.920656413320177,877.5677729369982,12.957364269680195,64.94848466311267,413.43364923155156,-17.306738799781396,-8.11315707885352,998.6314355734103,13.968794140207851,14.758421741739987
1.3825,8.954899030687624,-0.03021285238377755,19.957949910147594,1.5031163270266863,-0.062482708318766594,0.4652266929661434,278.1225172082601,-19.69058497306503,-25.91873364958397,877.7919162788223,12.956896234649573,65.04031027183707,413.12764962193916,-17.33464457080025,-8.117900790522745,998.9009000982044,13.98028638353821,14.77926612690835
1.385,8.964132173680277,-0.029192088567837532,19.957537237462933,1.5049711387347116,-0.06294923892342576,0.46523935505706626,277.7523330631656,-19.730991448627833,-25.917099561406392,878.0170931454924,12.956766464825575,65.13018651791137,412.8365251895953,-17.36161309840706,-8.122596011418503,999.1728702568294,13.991950614497261,14.799585200704382
1.3875,8.973173682231227,-0.028171406025037343,19.957125865888784,1.5067896458061556,-0.0634089215165274,0.46524929415968547,277.39562490471747,-19.770264757912493,-25.91576131435592,878.2433004756173,12.956981478976227,65.21813581305594,412.5600778655118,-17.38764973399848,-8.127246858259939,999.4472729078694,14.003790534037662,14.819388832497458
1.3900000000000001,8.98202767956791,-0.02715092712975048,19.956715825819575,1.5085722715062289,-0.06386166079228697,0.4652566530769358,277.0522459540332,-19.808408387049838,-25.91472492922602,878.4705292804117,12.957546984218027,65.30418004098736,412.29809956139053,-17.412760353353875,-8.131857020983361,999.7240284173571,14.015809084392872,14.838686580124163
1.3925,8.990698065661078,-0.026130770033016754,19.95630714694565,1.5103194298158167,-0.06430736340683876,0.4652615694829415,276.72204263928114,-19.84542640454667,-25.913995327645132,878.6987648069639,12.958467903619153,65.38834061787448,412.0503726301222,-17.436951365689847,-8.136429785164493,1000.0030508680383,14.028008480918174,14.857487712256573
1.395,8.999188531042428,-0.025111048904167516,19.955899858268786,1.5120315271495854,-0.06474593816988478,0.4652641761103693,276.4048548027247,-19.881323472974945,-25.91357637784625,878.9279866869149,12.95974840182007,65.47063854837614,411.81667034327086,-17.46022971940542,-8.140968053968786,1000.2842482607374,14.040390242132606,14.875801229344127
1.3975,9.007502570054294,-0.024091874162325527,19.95549398811657,1.5137089638455377,-0.06517729623840368,0.46526460092762034,276.10051592480335,-19.916104857518434,-25.91347094041656,879.1581690730181,12.961391908833775,65.55109447740394,411.5967573822011,-17.482602904730193,-8.145474369597737,1000.5675227100113,14.052955218097463,14.893635883182887
1.4000000000000001,9.01564349353364,-0.023073352697802724,19.955089564155703,1.5153521354425379,-0.06560135131173327,0.4652629673065281,275.80885336281483,-19.949776431574804,-25.91368091386391,879.3892807659084,12.963401142186637,65.62972873776575,411.3903903397155,-17.50407895348477,-8.149950934202883,1000.8527706360994,14.065703617265946,14.911000195166672
1.4025,9.023614440934734,-0.02205558808354574,19.954686613404323,1.5169614337620378,-0.06601801982734377,0.4652593941811771,275.5296886019098,-19.98234467960819,-25.914207279850494,879.6212853332299,12.965778127555561,65.70656139385652,411.1973182292684,-17.524666436160075,-8.154399630242056,1001.1398829549994,14.078635031935793,14.927902473275667
1.405,9.031418391896857,-0.02103868077661486,19.954285162243337,1.5185372478098753,-0.06642722115662626,0.4652539961984094,275.26283751624266,-20.013816697444287,-25.91505014795709,879.8541412231764,12.968524218057498,65.78161228157286,411.0172829990451,-17.544374456517854,-8.1588220402564,1001.4287452682926,14.091748462432886,14.944350827858235
1.4075,9.039058177264748,-0.020022728309839005,19.95388523642685,1.5200799645136187,-0.06682887780002711,0.4652468838605444,275.00811063829366,-20.04420019019493,-25.91620879985632,880.0878018742409,12.971640112335924,65.8549010446291,410.850020048368,-17.56321264391203,-8.163219466049085,1001.7192380541481,14.105042340148144,14.960353186261633
1.41,9.046536489571551,-0.019007825473860623,19.953486861091747,1.5215899693104487,-0.06722291558087115,0.46523816366079673,274.7653134345024,-20.073503467993802,-25.91768173278451,880.3222158229432,12.975125871592441,65.92644716746359,410.6952587441385,-17.5811911435223,-8.167592947250712,1002.0112368608218,14.118514549550266,14.975917306367617
1.4125,9.05385589299471,-0.017994064489715217,19.95309006076649,1.52306764660005,-0.06760926383722674,0.4652279382118413,274.534246585499,-20.101735439721047,-25.919466702214606,880.5573268110218,12.978980935697326,65.99627000491982,410.5527229351691,-17.598320604689523,-8.171943279258496,1002.3046125036631,14.13216244928317,14.991050789087689
1.415,9.061018832797044,-0.01698153517212675,19.95269485937913,1.524513380076436,-0.06798785561117923,0.4652163063679435,274.31470626937556,-20.128905604885674,-25.921560763645843,880.7930738935194,12.983204138513226,66.0643888088919,410.42213146248827,-17.61461216753296,-8.17627103054006,1002.5992312666405,14.145982892461939,15.005761089872907
1.4175,9.068027644265916,-0.015970325083699666,19.952301280264635,1.5259275529520198,-0.06835862783489566,0.4652033633410422,274.10648444655504,-20.155024043831016,-25.923960313435096,881.0293915489892,12.987793722556319,66.13082275212157,410.30319866387856,-17.63007744802453,-8.180576559295234,1002.8949551090735,14.159972246265307,15.020055529291584
1.42,9.074884561164279,-0.014960519680385698,19.951909346171572,1.52731054808663,-0.06872152151287787,0.46518920081114623,273.909369144957,-20.180101406420626,-25.92666112860711,881.2662097929103,12.992747353112566,66.19559094933156,410.19563487104745,-17.644728521689355,-8.184860029471364,1003.1916418782264,14.174126410924082,15.033941302727573
1.4225,9.081591723708382,-0.013952202448371531,19.951519079268188,1.5286627480335253,-0.06907648189982087,0.465173907031382,273.7231447442891,-20.204148899354625,-25.929658405590725,881.5034542952749,12.998062131921506,66.25871247587817,410.0991468980732,-17.658577906091654,-8.189121426131376,1003.4891455281899,14.18844083819354,15.047425489250289
1.425,9.088151186087257,-0.012945455032581099,19.95113050114791,1.529984535013784,-0.06942345867351156,0.4651575669280074,273.54759225841656,-20.227178272260062,-25.93294679783829,881.7410465031489,13.003734610530337,66.32020638410089,410.013438519851,-17.67163854226139,-8.193360570174958,1003.7873163453957,14.202910549394709,15.060515059706654
1.4275,9.09456492353976,-0.011940357357220516,19.95074363283437,1.5312762908297872,-0.06976240610222392,0.46514026219568727,273.3824896148649,-20.249201802691964,-25.93652045229333,881.9789037688844,13.00976080341526,66.38009171754183,409.93821093949003,-17.683923775206278,-8.197577132416589,1004.0860011809309,14.217530153100622,15.073216884083141
1.43,9.100834839005234,-0.010936987738540793,19.950358494785934,1.532538396727817,-0.07009328320608764,0.465122071388308,273.2276119306472,-20.270232280173104,-25.940373044682246,882.2169394845323,13.016136200958318,66.43838752320237,409.8731632436924,-17.695447333649472,-8.201770647025151,1004.385043689721,14.23229386253777,15.08553773818494
1.4325,9.106962769364387,-0.009935422990086318,19.949975106899824,1.5337712332191111,-0.0704160539119305,0.46510307000559337,273.0827317836965,-20.290282989393894,-25.94449781361218,882.4550632229009,13.022855782363173,66.4951128619986,409.8179928453672,-17.706223309120915,-8.205940524333316,1004.6842845765641,14.24719551276854,15.097484309677531
1.435,9.11295049128652,-0.008935738520731318,19.94959348851584,1.5349751798680364,-0.07073068720111836,0.46508333057576756,272.9476194792741,-20.309367692688152,-25.948887593464082,882.6931808855338,13.029914028580059,66.55028681756791,409.7723959127601,-17.716266134529036,-8.210086063024702,1004.9835618487914,14.26222857770776,15.10906320353383
1.4375,9.11879972670031,-0.00793800842578235,19.949213658419744,1.5361506150553572,-0.07103715724994075,0.46506292273449923,272.8220433108636,-20.32750061188854,-25.953534846080426,882.9311948578539,13.037304935310523,66.60392850357515,409.73606778460197,-17.725590562325312,-8.214206461710443,1005.2827110753863,14.277386187028895,15.12028094692897
1.44,9.124512147904227,-0.00694230557153952,19.948835634846358,1.5372979157239128,-0.07133544356211555,0.4650419133003483,272.70576981507855,-20.34469640966491,-25.95843169124745,883.1690041715419,13.045022026147768,66.65605706965658,409.70870337082323,-17.734211642371488,-8.218300829906827,1005.5815656521446,14.292661142999874,15.131143993622155
1.4425000000000001,9.130089382333644,-0.005948701673281903,19.94845943548234,1.5384174571133644,-0.07162553109301248,0.465020366346925,272.5985640202671,-20.36097017043509,-25.963569935983735,883.4065046741707,13.053058365906589,66.70669170613277,409.6899975385262,-17.742144699608996,-8.222368198427827,1005.8799570725182,14.308045937290126,15.141658727864094
1.445,9.135533017000734,-0.004957267367336982,19.94808507746878,1.5395096124900218,-0.071907410365221,0.4649983432719632,272.5001896885205,-20.376337380935528,-25.968941102647598,883.6435892060082,13.061406574186861,66.75585164761442,409.6796454829858,-17.749405311624113,-8.22640752920711,1006.1777152036115,14.323532767779035,15.151831467865765
1.4475,9.140844602623448,-0.003968072277226203,19.94771257740353,1.5405747528771538,-0.0721810775751167,0.4649759028634969,272.41040955087857,-20.390813910530824,-25.974536455881832,883.8801477838183,13.070058839208865,66.80355617561538,409.6773430835461,-17.756009286194974,-8.230417724565243,1006.4746685667819,14.33911355539208,15.161668468862986
1.45,9.14602565745957,-0.0029811850742779145,19.94734195134341,1.5416132467905703,-0.07244653469010565,0.4649531013633243,272.328985535603,-20.404415991333803,-25.980347028419686,884.1160677914313,13.079006931952241,66.84982462028144,409.6827872443624,-17.761972638899337,-8.234397635938786,1006.7706446222637,14.35477996098733,15.171175925809441
1.4525000000000001,9.151077670861358,-0.0019966735329212393,19.94697321480624,1.5426254599836926,-0.07270378953625656,0.46492999252793415,272.2556789894255,-20.417160198203167,-25.986363645777207,884.3512341767658,13.088242220623602,66.89467636133281,409.6956762200123,-17.767311570855426,-8.238346072088587,1007.0654700571145,14.370523402304991,15.1803599757285
1.455,9.156002106566088,-0.0010146045810491555,19.946606382772767,1.5436117552057744,-0.07295285587605645,0.4649066276870608,272.1902508917454,-20.429063428678727,-25.992576949862194,884.5855296549438,13.097755685472057,66.93813082831302,409.71570992606905,-17.772042446661473,-8.242261806805269,1007.3589710758387,14.386335070993406,15.189226699753002
1.4575,9.160800405737215,-3.50443453219218e-05,19.946241469688466,1.5445724919764041,-0.07319375347605568,0.46488305580003014,272.1324620617866,-20.440142882909186,-25.998977421530785,884.8188349170683,13.107537933965908,66.98020750022711,409.7425902347753,-17.776181772594324,-8.246143586130167,1007.6509736929197,14.40220594971442,15.197782124880048
1.46,9.165473989770636,0.0009419418077260266,19.945878489465336,1.5455080263789123,-0.07342650816419517,0.46485932351004916,272.0820733587812,-20.45041604362097,-26.005555402127015,885.0510288441963,13.117579216338326,67.020925904646,409.77602125603767,-17.77974617511946,-8.249990135110759,1007.9413040265388,14.418126829331246,15.206032225466053
1.4625000000000001,9.170024262879886,0.0019162892352391492,19.945517455483568,1.5464187108748444,-0.07365115187663818,0.46483547519658935,272.0388458752661,-20.459900656172593,-26.012301114039968,885.2819887260057,13.127869441505624,67.0603056163461,409.815709603978,-17.782752379761234,-8.253800164109347,1008.2297885927007,14.434088326174987,15.21398292448611
1.465,9.174452614473694,0.0028879339854191166,19.945158380593266,1.5473048941412009,-0.07386772269395638,0.4648115530260045,272.00254112362126,-20.46861470873346,-26.019204680316435,885.5115904835968,13.138398193354995,67.09836625554617,409.86136464934185,-17.785217190375015,-8.257572374684262,1008.5162545989923,14.450080899383321,15.221640094579625
1.4675,9.178760421338731,0.0038568127689629916,19.944801277116106,1.5481669209317341,-0.07407626486654952,0.4647875970005207,271.97292121600435,-20.476576412621572,-26.0262561433668,885.739708895863,13.149154747395919,67.13512748579758,409.91269875807694,-17.78715746885917,-8.261305465062563,1008.8005302371789,14.466094868300472,15.229009558902833
1.47,9.182949049639907,0.004822862934065142,19.944446156847032,1.5490051319632032,-0.07427682882920444,0.4647636450057301,271.94974903785385,-20.48380418283041,-26.033445482802957,885.9662178288289,13.160128087764233,67.17060901157629,409.9694275164445,-17.78859011533862,-8.264998135223406,1009.0824449738705,14.482120429925583,15.236097091807357
1.4725,9.18701985675003,0.005786022444904504,19.944093031055985,1.5498198638271241,-0.0744694712047284,0.464739732856714,271.932788415156,-20.490316618771377,-26.040762632446665,886.1909904673385,13.171306924564142,67.20483057562123,410.03126994303705,-17.789532048847978,-8.268649091610916,1009.3618298384638,14.498147676392236,15.24290841936252
1.475,9.190974192919999,0.006746229863406644,19.943741910489663,1.5506114489272234,-0.07465425479661825,0.4647158943429175,271.92180427568167,-20.49613248525406,-26.048197496547598,886.4138995484755,13.182679711531087,67.2378119560557,410.0979486880967,-17.79000018853788,-8.272257051495131,1009.6385177075977,14.514166612460134,15.249449219737576
1.4775,9.194813402800266,0.007703424333997622,19.94339280537338,1.551380215442503,-0.07483124857075478,0.46469216127189056,271.91656280441765,-20.501270693723594,-26.055739965249415,886.634817596064,13.194234663992944,67.26957296332498,410.1691902205467,-17.790011435423693,-8.275820746999441,1009.9123435853801,14.53016717299832,15.255725123459085
1.48,9.198538826823537,0.008657545571425618,19.94304572541294,1.5521264873155496,-0.07500052762613757,0.4646685635120068,271.91683159340494,-20.505750283771775,-26.06337992934086,886.8536171556187,13.205959777106147,67.30013343697753,410.2447250031468,-17.78958265469305,-8.279338928812148,1010.18314487863,14.54613924043474,15.26174171355704
1.4825,9.202151802458507,0.00960853385115995,19.942700679796634,1.552850584265464,-0.07516217315470222,0.46464512903426747,271.9223797862355,-20.509590404933608,-26.071107294330503,887.0701710291102,13.217842844340744,67.32951324231337,410.32428765621336,-17.788730658583606,-8.282810369599954,1010.4507616664494,14.562072662148928,15.267504525612516
1.485,9.205653665343277,0.010556330002371689,19.94235767719735,1.55355282182459,-0.07531627239028758,0.46462188395328985,271.9329782174131,-20.512810298782213,-26.078911993878787,887.2843525088923,13.229871476183764,67.35773226691789,410.4076171103159,-17.78747218984128,-8.286233867140046,1010.7150369634153,14.577957267779162,15.273019047718128
1.4875,9.209045750307263,0.011500875403383709,19.942016725774756,1.5542335113979995,-0.07546291854684511,0.4645988525675779,271.94839954683084,-20.515429281328323,-26.086784002624167,887.496035610198,13.242033119032715,67.38481041709771,410.4944567483868,-17.78582390576461,-8.28960824718722,1010.9758169757656,14.593782886418383,15.27829072036217
1.49,9.212329392289254,0.012442111979250686,19.941677833177643,1.5548929603445467,-0.07560221074600759,0.4645760573991663,271.9684183895817,-20.517466725731904,-26.094713348435473,887.7050953015555,13.25431507424435,67.41076761422926,410.5845545376686,-17.783802362839108,-8.292932366092005,1011.232951349937,14.609539363668711,15.283324936245629
1.4925,9.215505927159109,0.013379982201616097,19.941341006546338,1.5555314720781472,-0.07573425393415752,0.4645535192327242,271.99281144131845,-20.51894204533061,-26.10269012412219,887.9114077325528,13.266704517306716,67.43562379102988,410.6776631519093,-17.78142400196331,-8.296205113184769,1011.4862934128668,14.625216578525501,15.288127040040793
1.495,9.218576692449952,0.014314429090403091,19.941006252515308,1.5561493461878144,-0.07585915878915878,0.46453125715420057,272.0213575993854,-20.519874676987403,-26.110704498633588,888.1148504583525,13.279188517098694,67.45939888775719,410.7735400842199,-17.778705134265383,-8.299425412940437,1011.735700403525,14.640804460062052,15.292702328099336
1.4975,9.221543028007378,0.015245396217388518,19.94067357721588,1.5567468785748997,-0.07597704161693745,0.4645092885890883,272.0538380799256,-20.52028406475892,-26.118746727774912,888.3153026604155,13.291754055202665,67.48211284834115,410.8719477509978,-17.775661927507514,-8.30259222693784,1011.9810336951462,14.656293003884214,15.29705604811688
1.5,9.224406276561382,0.016172827711559618,19.94034298627909,1.5573243616058912,-0.07608802423811908,0.4644876293403785,272.0900365311437,-20.52018964388641,-26.12680716446665,888.5126453628685,13.304388045232319,67.50378561644999,410.9726535872901,-17.77231039307442,-8.30570455562665,1012.2221590076911,14.671672288325166,15.30119339876017
1.5025,9.227167784226685,0.017096668265933673,19.940014484838752,1.5578820842790715,-0.07619223386495015,0.46446629362627284,272.12973914292553,-20.51961082510695,-26.13487626857318,888.706761644033,13.31707735214116,67.52443713149081,411.0754301339856,-17.768666373539187,-8.30876143991468,1012.4589466101226,14.68693249035191,15.305119529262745
1.5050000000000001,9.229828900936408,0.018016863146056133,19.93968807753458,1.5584203324033037,-0.07628980296875143,0.46444529411771557,272.17273475296696,-20.51856697928528,-26.14294461632258,888.8975368426024,13.329808811473665,67.5440873245433,411.18005511718366,-17.764745530800152,-8.311761962587259,1012.6912715120683,14.702063901152307,15.30883953899395
1.5075,9.232390980813749,0.018933358199687916,19.939363768515584,1.5589393887871732,-0.07638086913816992,0.4644246419758032,272.21881494957563,-20.517077422363748,-26.151002909339574,889.0848587580233,13.342569248523395,67.56275611422366,411.28631152008796,-17.760563334780155,-8.314705249569926,1012.91901364457,14.717056941376871,15.312358477005981
1.51,9.234855382485891,0.019846099867996014,19.939041561443528,1.55943953343673,-0.07646557492851404,0.46440434688912424,272.2677741712845,-20.515161400628312,-26.159041983310903,889.2686178446369,13.35534549736128,67.58046340247617,411.39398764775586,-17.756135052679145,-8.317590471044898,1013.1420580295595,14.73190217600473,15.315681341562684
1.5125,9.237223469344086,0.02075503519765806,19.93872145949666,1.5599210437600595,-0.07654406770247343,0.4643844171110769,272.31940980340494,-20.512838076287952,-26.167052816300604,889.4487073992009,13.3681244196997,67.59722907028818,411.502877185007,-17.75147573877034,-8.320416842431188,1013.3602949378424,14.746590328809706,15.318813079653955
1.5150000000000001,9.239496609753319,0.02166011185434355,19.93840346537351,1.5603841947769552,-0.07661649946254157,0.46436485949720785,272.37352227162546,-20.510126513365478,-26.175026536730925,889.6250237413832,13.380892923554931,67.61307297332313,411.61277924779,-17.746600224729402,-8.323183625237471,1013.5736200353259,14.761112296398371,15.321758586498655
1.5175,9.241676177214904,0.02256127813703873,19.93808758129694,1.5608292593319786,-0.07668302667547422,0.46434567954261086,272.42991513276394,-20.507045663895884,-26.182954431043314,889.7974663869237,13.393637981676143,67.62801493746808,411.7234984282782,-17.74152311048588,-8.325890127796288,1013.7819345173415,14.77545916179751,15.324522705038891
1.52,9.2437635504849,0.023458482993340052,19.937773809018314,1.5612565083092549,-0.07674381008913099,0.4643268814194188,272.48839516274643,-20.503614354430322,-26.190827951051748,889.9659382131352,13.406346649706357,67.64207475429035,411.83484483397285,-17.736258755584434,-8.328535705887708,1013.985145230906,14.789622207567078,15.327110225428171
1.5225,9.245760113650885,0.024351676035566608,19.937462149821886,1.561666210847394,-0.0767990145420608,0.4643084680144184,272.54877244188077,-20.499851272843316,-26.198638720998662,890.1303456164638,13.41900608404295,67.6552721763985,411.94663412102017,-17.73082127104647,-8.331119763259288,1014.1831647848093,14.80359292841582,15.329525884515496
1.5250000000000001,9.247667256169645,0.025240807557774525,19.937152604529313,1.5620586345530005,-0.07684880876620397,0.46429044096681277,272.6108604374857,-20.495774955440027,-26.206378544323805,890.2905986618691,13.431603559367177,67.66762691270357,412.05868752201206,-17.72522451171782,-8.333641752049774,1014.3759116474946,14.817363043301391,15.33177436532742
1.5275,9.24948637286774,0.026125828553220293,19.936845173504413,1.5624340457112975,-0.07689336518309561,0.4642728007061517,272.67447608390034,-20.491403774362816,-26.21403941015234,890.4466112237983,13.444126485812225,67.67915862357633,412.1708318684429,-17.71948206909296,-8.336101173122113,1014.5633102326674,14.830924506993249,15.333860296549604
1.53,9.251218863907052,0.02700669073278708,19.936539856658,1.5627927094924783,-0.07693285969396473,0.4642555464904469,272.73943985991906,-20.486755925293863,-26.22161349951033,890.5983011185741,13.456562425741614,67.68988691589661,412.2828996080354,-17.713607264602803,-8.338497576311884,1014.745290972691,14.844269521084252,15.335788252009669
1.5325,9.252866134717063,0.027883346543644938,19.936236653453008,1.5631348901524715,-0.07696747146413284,0.4642386764444828,272.80557586364876,-20.481849415453723,-26.22909319127134,890.745590228045,13.468899110111455,67.69983133799312,412.3947288171215,-17.707613143354006,-8.3408305605964,1014.9217903797805,14.857390544433024,15.337562750162432
1.5350000000000001,9.254429595895264,0.028755749188687493,19.935935562909673,1.5634608512269017,-0.07699738270212521,0.46422218759833206,272.87271188479366,-20.47670205189467,-26.236471067838483,890.8884046143521,13.481124454389203,67.70901137446987,412.5061632082187,-17.70151246830992,-8.34309977418884,1015.0927510950854,14.87028030302362,15.339188253578815
1.5375,9.255910663077314,0.02962385264616589,19.935636583610997,1.563770855717116,-0.07702277843391349,0.4642060759260794,272.940679474362,-20.47133143008817,-26.2437399205653,891.0266746257296,13.49322657400631,67.71744644091862,412.61705213297046,-17.695317714900625,-8.34530491456209,1015.2581219257806,14.882931799230835,15.340669168439598
1.54,9.257310756778269,0.030487611689946806,19.935339713708277,1.564065166267242,-0.07704384627271682,0.4641903363847538,273.0093140117696,-20.46575492280628,-26.25089275491673,891.1603349932738,13.505193799322413,67.72515587851721,412.7272505805954,-17.689041066050738,-8.347445728406207,1015.4178578703187,14.895338320480844,15.34200984403513
1.5425,9.258631302205833,0.031346981909927255,19.935044950926876,1.5643440453313342,-0.07706077618479239,0.4641749629534661,273.0784547693075,-20.459989669298352,-26.25792279537149,891.2893249186125,13.517014690078543,67.73215894851283,412.83661917194684,-17.682694407615774,-8.34952201152277,1015.571920131987,14.907493447296805,15.343214572271549
1.545,9.25987372904698,0.03220191973270417,19.93475229257215,1.5646077553297728,-0.07707376025165186,0.4641599486727449,273.14794497393206,-20.454052564763515,-26.26482349006537,891.4135881524865,13.528678049321952,67.73847482659242,412.9450241493247,-17.676289324215,-8.351533608659638,1015.720276121004,14.919391060724097,15.344287587184947
1.5475,9.261039471228786,0.033052382442627065,19.934461735535486,1.5648565587941663,-0.0770829924291431,0.4641452856840605,273.2176318663443,-20.44796025011969,-26.27158851517672,891.5330730642274,13.540172936783556,67.74412259714188,413.05233736212483,-17.66983709545189,-8.353480413288775,1015.8628994453647,14.931025349128769,15.345233064463857
1.55,9.262129966654404,0.033898328202858125,19.934173276300562,1.5650907185001135,-0.07708866830383923,0.46413096526952385,273.28736675727686,-20.441729102072927,-26.27821177905048,891.6477327021735,13.551488681692536,67.74912124739659,413.1584362484367,-17.663348692511626,-8.355362367329926,1015.9997698906836,14.942390814365492,15.346055120981141
1.5525,9.26314665691518,0.03473971607656698,19.933886910949745,1.5653104975872738,-0.07709098484717901,0.46411697789174333,273.3570050809533,-20.435375223487373,-26.28468742606148,891.7575248450834,13.562614895014313,67.7534896614887,413.263203812667,-17.65683477512686,-8.357179460822316,1016.130873389324,14.95348227731358,15.346757814336028
1.555,9.264090986979506,0.0355765060482478,19.933602635170626,1.5655161596662897,-0.07709014016780281,0.4641033132338213,273.4264064456331,-20.42891443406053,-26.291009840213498,891.8624120446035,13.573541481097573,67.75724661439418,413.36652859926875,-17.650305688902744,-8.358931731546491,1016.2562019790875,14.964294882779505,15.347345142406988
1.5575,9.264964404859516,0.03640865904505411,19.93332044426271,1.5657079689122009,-0.07708633326252842,0.46408996023946764,273.4954346811901,-20.42236226130506,-26.297173648473166,891.9623616589106,13.584258648721425,67.76041076578646,413.4683046626683,-17.64377146299162,-8.360619264598576,1016.375753751799,14.97482410376849,15.347821042916438
1.56,9.26576836125601,0.03723613695801123,19.933040333144273,1.5658861901440768,-0.07707976376640999,0.4640769071532061,273.56395788362465,-20.415733931843317,-26.30317372383417,892.057345877619,13.594756921530948,67.76300065380329,413.5684315334269,-17.637241808110883,-8.362242191917938,1016.489532792086,14.985065745125647,15.348189393007745
1.5625,9.266504309182778,0.03805890266322466,19.932762296359357,1.5660510888906827,-0.07707063170232117,0.4640641415606467,273.63184845646305,-20.40904436301544,-26.30900518811178,892.1473417381108,13.605027147855386,67.76503468873416,413.66681418073443,-17.630726114894134,-8.363800691770628,1016.5975491067362,14.995015946553448,15.34845400883574
1.565,9.267173703570679,0.03887692004293761,19.932486328084885,1.5662029314420816,-0.07705913723050101,0.4640516504287961,273.698983148935,-20.402308154808257,-26.314663414462064,892.2323311334154,13.615060509900633,67.76653114663583,413.76336297127034,-17.624233452569584,-8.365294988189454,1016.6998185449507,15.004671185008311,15.348618645171138
1.5675000000000001,9.267778000852495,0.039690154006478934,19.932212422137912,1.5663419848871512,-0.0770454803984971,0.46403942014637395,273.76524309087563,-20.395539582107048,-26.320144029625826,892.3123008118185,13.624848532312384,67.76750816288637,413.85799362449967,-17.61777256795771,-8.366725350372178,1016.7963627098989,15.014028276485403,15.348686995019998
1.57,9.268318658529191,0.04049857051085955,19.93194057198305,1.5664685171370745,-0.0770298608919366,0.4640274365641039,273.8305138242506,-20.388752587276628,-26.325442915892076,892.3872423683785,13.634383090106173,67.76798372568607,413.95062716445904,-17.6113518847813,-8.36809209203915,1016.8872088619266,15.023084377198181,15.348662689258889
1.5725,9.26879713471844,0.04130213658130574,19.931670770739938,1.566582796934935,-0.07701247778655006,0.4640156850349442,273.8946853312483,-20.381960773075026,-26.33055621278101,892.4571522285372,13.643656415962269,67.76797566951639,414.0411898680973,-17.604979503280493,-8.369395570751625,1016.9723898138315,15.031836984163437,15.348549296286691
1.575,9.269214887686045,0.042100820331336,19.931403011190916,1.5666850938516153,-0.07699352930186691,0.4640041504542231,273.95765205883873,-20.375177395906498,-26.335480318441775,892.522031624033,13.652661106884345,67.76750166856768,414.1296132101873,-17.59866320012865,-8.370636187191208,1017.0519438185808,15.040283935201348,15.348350321693902
1.5775000000000001,9.269573375361192,0.04289459098251354,19.931137285788775,1.566775678268264,-0.0769732125569956,0.4639928172996419,274.0193129397416,-20.36841535941747,-26.34021189076465,892.5818865613353,13.66139013022355,67.76657923014677,414.21583380490836,-17.59241042863996,-8.371814384402354,1017.1259144498869,15.048423408362655,15.348069207950243
1.58,9.269874054836382,0.043683418883956285,19.930873586664596,1.5668548213456535,-0.0769517233288925,0.463981669671108,274.07957140972997,-20.361687208441005,-26.344747848205557,892.6367277828184,13.669836829068915,67.7652256880771,414.29979334412684,-17.586228319264485,-8.37293064699837,1017.194350476044,15.05625392079607,15.347709334111622
1.5825,9.270118381852784,0.044467275531229256,19.930611905635747,1.5669227949808078,-0.07692925581351684,0.4639706913303592,274.1383354211922,-20.355005123295356,-26.349085370320655,892.6865707209141,13.677994927007775,67.76345819610279,414.3814385324328,-17.580123680364657,-8.373985500332044,1017.2573057274332,15.063774327068957,15.347274015547244
1.585,9.270307810271879,0.045246133584913806,19.930352234213938,1.566979871751329,-0.07690600239025971,0.4639598657403398,274.19551745289806,-20.348380914441133,-26.353221898010627,892.7314354454803,13.685858532260175,67.76129372131008,414.4607210189862,-17.574102999267648,-8.37497950963179,1017.3148389581047,15.07098381695604,15.346766503687723
1.5875000000000001,9.270443791534575,0.04601996688863502,19.930094563613384,1.5670263248478982,-0.0768821533900253,0.46394917610428893,274.25103451591565,-20.341826017501397,-26.357155133474773,892.7713466046439,13.693422141193567,67.75874903757884,414.53759732625394,-17.56817244358688,-8.37591327910472,1017.367013701863,15.07788191271231,15.346189985795393
1.59,9.270527774108242,0.04678875048652864,19.929838884759057,1.5670624279954637,-0.07685789686733323,0.4639386054044998,274.3048081556039,-20.335351488651675,-26.360883039872256,892.8063333593454,13.700680641221986,67.75584071907669,414.61202877565813,-17.562337862809752,-8.376787451006878,1017.4138981232365,15.084468465844658,15.345547584757314
1.5925,9.27056120292319,0.04755246064012647,19.92958518829503,1.567088455363676,-0.07683341837679976,0.4639281364407106,274.35676444966623,-20.328968000381252,-26.36440384069406,892.8364293118852,13.7076293131006,67.75258513381014,414.6839814102535,-17.556604790142817,-8.377602704682712,1017.455564863774,15.090743653401017,15.34484235890228
1.595,9.270545518799086,0.048311074844664514,19.92933346459287,1.567104681467144,-0.07680890075434482,0.46391775186808504,274.40683400219905,-20.32268583763286,-26.367716018843694,892.8616724286867,13.714263832620254,67.7489984372449,414.75342591444695,-17.55097844461273,-8.378359755573728,1017.4920908840559,15.096707973793366,15.344077301842539
1.5975000000000001,9.270482157862626,0.04906457184469054,19.929083703760135,1.567111381056136,-0.07678452390345976,0.46390743423474257,274.4549519337088,-20.316514894323788,-26.370818315428945,892.8821049575743,13.7205802717138,67.7450965660095,414.8203375308684,-17.545463733415257,-8.379059354198219,1017.5235573018059,15.102362242171818,15.343255342341008
1.6,9.270372550957406,0.049812931648980624,19.928835895648923,1.5671088289983504,-0.07676046458685885,0.46389716601879827,274.5010578670812,-20.310464670251605,-26.37370972826681,892.8977733398202,13.726575098983451,67.74089523169506,414.8846959744592,-17.54006525450763,-8.379702285102953,1017.550049226547,15.107707585370889,15.342379344205215
1.6025,9.270218123047039,0.05055613554477488,19.928590029864463,1.5670973001524184,-0.07673689622382511,0.46388692966487083,274.5450959094676,-20.30454426838907,-26.376389510102918,892.9087281172257,13.73224517965943,67.73640991476488,414.9464853438471,-17.534787299439746,-8.380289365787865,1017.5716555911341,15.11274543644353,15.341452106208365
1.605,9.270020292612598,0.05129416611119168,19.92834609577378,1.5670770692338023,-0.07671398869354745,0.46387670762002015,274.5870146300872,-20.29876239257056,-26.37885716654878,892.9150238345121,13.73758777500228,67.73165585858621,415.00569403010417,-17.52963385641798,-8.380821445605154,1017.5884689805991,15.117477528804935,15.340476362038764
1.6075,9.269780471045529,0.052027007231884304,19.928104082514395,1.5670484106737745,-0.07669190814473334,0.46386648236907524,274.6267670339454,-20.293127345572316,-26.381112453740645,892.9167189372844,13.742600541160499,67.72664806359766,415.06231462296796,-17.524608613596783,-8.381299404633971,1017.6005854586558,15.121905890004117,15.339454780278118
1.61,9.26950006203701,0.05275464410684577,19.927863979003067,1.567011598472161,-0.076670816811767,0.46385623646931345,274.66431053145357,-20.28764702759017,-26.3831553757219,892.9138756658346,13.747281527495991,67.72140128162432,415.1163438146172,-17.51971496259269,-8.381724152531936,1017.608104392237,15.126032835143022,15.338389964409544
1.6125,9.269180460965078,0.05347706326337079,19.927625773944563,1.5669669060445415,-0.07665087283766907,0.4638459525844533,274.69960690399057,-20.282328935114336,-26.384986181556,892.9065599450591,13.75162917439149,67.7159300103532,415.16778230110657,-17.5149560022147,-8.382096627365058,1017.6111282744455,15.129860959964326,15.337284452856112
1.615,9.268823054280404,0.05419425256606297,19.927389455840466,1.5669146060645984,-0.07663223010409947,0.4638356135179254,274.73262226540083,-20.277180160204466,-26.386605362172087,892.8948412707389,13.755642310552485,67.71024848798027,415.2166346815457,-17.510334542406248,-8.38241779441712,1017.6097625462376,15.133393133625939,15.3361407190504
1.6175,9.268429218892045,0.05490620122602553,19.92715501299798,1.5668549703023025,-0.07661503806863036,0.46382520224538343,274.76332701947206,-20.27220739016472,-26.388013646950146,892.8787925924639,13.759320149819231,67.70437068804132,415.2629093551455,-17.505853108392145,-8.382688644980389,1017.6041154172182,15.136632491184354,15.334961171535893
1.62,9.268000321554249,0.05561289980895265,19.926922433538778,1.5667882694586177,-0.07659944160950098,0.46381470194642277,274.7916958134338,-20.267416907618408,-26.389212000051568,892.8584901934453,13.76266228750267,67.69831031443711,415.3066184162321,-17.50151394502486,-8.382910195128874,1017.5942976858527,15.139582425805543,15.33374815410064
1.6225,9.267537718255248,0.05631434024240603,19.92669170540782,1.5667147729973985,-0.07658558087805153,0.463804096035471,274.8177074875009,-20.262814590984,-26.39020161649942,892.8340135674708,13.765668696258725,67.69208079666315,415.347777547321,-17.49731902132562,-8.383083484475454,1017.580422559427,15.142246580723494,15.332503945943756
1.625,9.267042753609486,0.05701051582190436,19.926462816382205,1.5666347489751418,-0.07657359115901749,0.4637933681918199,274.8413450205416,-20.258405915348888,-26.39098391801759,892.8054452932732,13.768339721517975,67.68569528525498,415.38640591040934,-17.49327003521145,-8.38320957491505,1017.5626054740709,15.144628840967012,15.331230761875217
1.6275,9.266516760254174,0.05770142121614716,19.926235754079983,1.5665484638692426,-0.07656360273885038,0.46378250238876595,274.86259547191383,-20.254195953741284,-26.39156054863386,892.772870906541,13.7706760764848,67.67916664745768,415.4225260365775,-17.489368418403817,-8.383289549355014,1017.5409639151493,15.146733324874262,15.32993075254944
1.6300000000000001,9.26596105825122,0.05838705247103851,19.926010505968975,1.5664561824053849,-0.07655574078221575,0.4637714829218313,274.88144991954374,-20.25018937879758,-26.391933370055234,892.7363787698182,13.772678836721951,67.67250746312838,415.4561637140178,-17.485615341512606,-8.383324510434239,1017.5156172382966,15.148564375414287,15.328606004732773
1.6325,9.265376954495792,0.05906740701272381,19.925787059375562,1.5663581673846811,-0.07655012521680313,0.4637602944360356,274.8979033943219,-20.24639046482257,-26.392104456822768,892.6960599405443,13.774349434337418,67.66573002088109,415.4873478746378,-17.482011719287705,-8.38331557923302,1017.4866864913854,15.15012655133513,15.327258541605412
1.635,9.264765742132449,0.05974248364944787,19.925565401493454,1.5662546795111583,-0.07654687062656723,0.4637489219521926,274.9119548109078,-20.242803090238848,-26.3920760912549,892.6520080374527,13.775689651788714,67.65884631448027,415.51611047935614,-17.478558216032003,-8.383263893975172,1017.4542942376911,15.151424618157716,15.325890323097706
1.6375,9.264128699979887,0.060412282572410325,19.925345519392394,1.566145977220159,-0.07654608615350389,0.46373735089220575,274.92360689502067,-20.23943074042245,-26.391850758186315,892.604319105572,13.776701615321796,67.6518680394913,415.54248640222363,-17.475255251168996,-8.383170608724082,1017.4185643805143,15.1524635390346,15.32450324626128
1.6400000000000001,9.263467091965383,0.06107680535528903,19.925127400026877,1.5660323165082088,-0.07654787540804849,0.46372556710333923,274.93286610733054,-20.23627651091925,-26.39143113951275,892.5530914800403,13.777387788060036,67.64480659019367,415.56651331350315,-17.47210300495783,-8.383036892074422,1017.3796219895036,15.153248465491709,15.323099145674734
1.6425,9.262782166569801,0.06173605495280313,19.92491103024476,1.5659139507648787,-0.07655233638816891,0.46371355688144256,274.9397425640392,-20.23334311103797,-26.390820108549185,892.4984256489669,13.77775096276096,67.63767305676298,415.5882315618457,-17.469101424348654,-8.38286392584125,1017.3375931288946,15.153784728070718,15.321679793884105
1.645,9.262075156284187,0.0623900356980146,19.92469639679585,1.5657911306071393,-0.07655956140720985,0.4637013069931069,274.9442499542708,-20.23063286781396,-26.39002072421144,892.4404241155321,13.777794254255237,67.63047822272647,415.60768405570093,-17.466250228970804,-8.382652903748268,1017.292604687921,15.154077826891433,15.320246901877935
1.6475,9.261347277078878,0.06303875329838662,19.924483486340428,1.5656641037166836,-0.07656963703052891,0.46368880469673635,274.94640545439216,-20.228147730336875,-26.38903622503118,892.3791912595601,13.777521091586753,67.62323256269732,415.6249161440956,-17.46354891724672,-8.382405030116782,1017.244784213566,15.15413342214944,15.318802119596784
1.6500000000000001,9.260599727886028,0.06368221483082895,19.924272285457686,1.565533114680666,-0.07658264402095051,0.46367603776251476,274.9462296393699,-20.22588927443697,-26.387870023012308,892.3148331987516,13.77693520986889,67.61594624039098,415.63997549693784,-17.460996772622916,-8.38212151855751,1017.1942597458961,15.153957324568367,15.317347036477116
1.6525,9.259833690096281,0.06432042873531356,19.924062780654122,1.5653984048362761,-0.07659865729304775,0.4636629944912538,274.9437463913191,-20.223858707720808,-26.386525697341106,892.2474576497609,13.776040641872711,67.6086291069266,415.65291198496317,-17.458592869911747,-8.381803590666376,1017.1411596561214,15.153555485820814,15.31588318202894
1.655,9.259050327070527,0.0649534048074448,19.923854958371823,1.5652602121195438,-0.07661774587624735,0.46364966373210853,274.9389828053418,-20.222056874950876,-26.38500698795697,892.1771737893407,13.774841709365548,67.60129069941664,415.66377755947974,-17.456336081735245,-8.381452474726398,1017.0856124875867,15.152933988935635,15.314412026447158
1.6575,9.258250783667435,0.0655811541898077,19.92364880499666,1.5651187709187357,-0.07663997288673811,0.4636360348991469,274.93196909282545,-20.220484263758664,-26.383317788996806,892.1040921157024,13.773343014213902,67.59394023984581,415.67262613205327,-17.454225085062948,-8.381069404417227,1017.0277467998485,15.152099038706679,15.312934981255994
1.6600000000000001,9.25743618578756,0.06620368936198898,19.92344430686642,1.5649743119326849,-0.07666539550814853,0.46362209798676524,274.9227384823246,-20.219141010683504,-26.381462142121592,892.0283243102979,13.771549429268559,67.58658663424129,415.67951345427014,-17.45225836783598,-8.380655617533993,1016.9676910159952,15.151056952118102,15.311453399986048
1.6625,9.256607639934609,0.06682102412946643,19.923241450278812,1.5648270620343558,-0.07669406498094479,0.4636078435839387,274.91132711817653,-20.21802690752761,-26.379444229735782,891.9499831001856,13.769466089047222,67.57923847213445,415.68449699771617,-17.450434235669444,-8.380212354717067,1016.9055732733403,15.149814148800289,15.30996857888335
1.665,9.255766232794604,0.06743317361130673,19.923040221499374,1.5646772441399326,-0.07672602660048602,0.46359326288730074,274.8977739570021,-20.217141408017447,-26.37726836811019,891.8691821211396,13.767098380230047,67.57190402631373,415.68763583431934,-17.448750818624237,-8.379740858194408,1016.8415212776445,15.148377141531554,15.308481757649876
1.6675,9.254913030833436,0.06804015422658431,19.92284060676926,1.5645250770836785,-0.07676131972366033,0.46357834771304673,274.88212066223775,-20.216483634761474,-26.37493900041803,891.7860357816812,13.764451931985,67.56459125286858,415.68899051718654,-17.44720607804079,-8.379242370537973,1016.7756621609601,15.146752526797702,15.306994120214574
1.67,9.254049079913454,0.06864198367963714,19.922642592312926,1.5643707754987917,-0.07679997778401074,0.46356309050765754,274.8644114968614,-20.216052386493267,-26.372460689695323,891.7006591281751,13.761532606137605,67.55730779152334,415.6886229620741,-17.44579781342598,-8.37871813343574,1016.7081223432408,15.144946975424013,15.305506795534452
1.6725,9.25317540492953,0.06923868094410926,19.922446164345683,1.564214549704462,-0.07684202831524788,0.4635474843574417,274.8446932144651,-20.215846145589133,-26.369838111735497,891.6131677111384,13.758346487200424,67.55006096625831,415.6865963296296,-17.44452366938504,-8.378169386480922,1016.6390273977881,15.142967223290727,15.304020858424552
1.675,9.252293009465097,0.06983026624581616,19.922251309081123,1.564056605599293,-0.07688749298303255,0.46353152299689565,274.8230149488359,-20.21586308584866,-26.367076047928865,891.5236774529259,13.754899872278848,67.54285778621703,415.68297490854115,-17.443381142589644,-8.377597365979758,1016.5685019206517,15.1408200621449,15.30253733041612
1.6775,9.251402875468493,0.0704167610444528,19.922058012738404,1.5638971445612437,-0.07693638762489931,0.46351520081588415,274.7994281022026,-20.216101080526794,-26.36417937805686,891.4323045168981,13.751199260865654,67.53570494689546,415.67782399970685,-17.4423675887751,-8.377003303779121,1016.4966694040529,15.13851233051966,15.301057180641985
1.68,9.250505962950124,0.07099818801407705,19.92186626154942,1.5637363633542067,-0.07698872229817968,0.46349851286564386,274.7739862323141,-20.216557710604878,-26.361153073051785,891.3391651782421,13.747251344541855,67.52860883161111,415.67120980158256,-17.441480229756444,-8.376388426115634,1016.4236521139145,15.136050904771992,15.299581326748017
1.6825,9.249603209700515,0.07157457102254514,19.921676041765803,1.563574454041321,-0.0770445013357723,0.4634814548636144,274.7467449385065,-20.217230273288866,-26.358002187731472,891.2443756965366,13.743062996595778,67.5215755132467,415.66319929679844,-17.44071616045717,-8.37575395248716,1016.3495709715459,15.133442690248522,15.298110635829733
1.685,9.248695531029878,0.07214593510980433,19.92148733966576,1.5634116039050965,-0.07710372340959547,0.46346402319710506,274.71776174693235,-20.218115790721026,-26.354731853520093,891.1480521902191,13.73864126157709,67.51461075626548,415.65386014020066,-17.440072355940305,-8.375101094548397,1016.2745454395654,15.13069461259059,15.296645925392871
1.6875,9.247783819529008,0.07271230646493636,19.921300141560838,1.5632479953743994,-0.07716638160154715,0.4634462149258028,274.6870959951019,-20.219211018893567,-26.351347271163686,891.0503105130391,13.733993344797524,67.50772001899213,415.6432605484058,-17.43954567843553,-8.374431055031206,1016.1986934120879,15.12781360918658,15.295187964336785
1.69,9.246868944852046,0.07327371240241841,19.921114433802416,1.5630838059583276,-0.07723246348178675,0.4634280277831339,274.654808715911,-20.22051245674983,-26.34785370345128,890.9512661326311,13.72912660179365,67.50090845615483,415.6314691910049,-17.43913288435278,-8.373745026691292,1016.1221311092256,15.124806620780806,15.293737473959498
1.6925000000000001,9.245951753520984,0.07383018133701913,19.920930202788135,1.5629192081869883,-0.07730195119414293,0.4634094601764882,274.6209625213067,-20.22201635546078,-26.34425646795047,890.8510340113083,13.724048527764598,67.49418092168233,415.61855508351016,-17.438830631275493,-8.373044191281863,1016.0449729759313,15.12168058324681,15.292295128983044
1.695,9.245033068752265,0.0743817427578763,19.92074743496811,1.5627543695591657,-0.07737482154844251,0.4633905111863205,274.5856214857676,-20.223718727861993,-26.340560929768056,890.7497284891797,13.718766746998456,67.48754197175067,415.6045874821777,-17.438635484923857,-8.372329718555804,1015.9673315852289,15.118442419534139,15.290861558598074
1.6975,9.24411369030522,0.07492842720153296,19.920566116850974,1.5625894524968493,-0.07745104611954608,0.46337118056414206,274.54885102973776,-20.225615358039295,-26.336772494343464,890.6474631696768,13.713289002299177,67.48099586807199,415.58963578077623,-17.438543926082406,-8.371602765296691,1015.8893175458112,15.115099031793255,15.289437347526137
1.7,9.243194394352573,0.07547026622395953,19.920386235009776,1.5624246143065776,-0.0775305913528678,0.4633514687294187,274.51071780319,-20.227701811047773,-26.33289660028558,890.5443508075962,13.707623144427972,67.47454658141993,415.57376940941856,-17.438552357482926,-8.370864474379852,1015.8110394140529,15.111657293687685,15.28802303709848
1.7025000000000001,9.242275933373,0.07600729237167253,19.920207776087686,1.5622600071475332,-0.07761341867614825,0.4633313767653926,274.47128956946784,-20.22997344275096,-26.328938712261373,890.4405031997462,13.701777121571613,67.46819779538423,415.55705773555604,-17.43865711063497,-8.370115973864403,1015.7326036104331,15.108124042898908,15.286619126349999
1.705,9.241359036065475,0.0765395391519985,19.920030726803517,1.5620957780063096,-0.07769948461724215,0.4633109064138459,274.4306350895598,-20.232425409766442,-26.324904313944973,890.336031078258,13.695758968848338,67.46195291034648,415.53956996720575,-17.43885445259763,-8.369358376116644,1015.6541143403531,15.104506073828794,15.2852260731269
1.7075,9.240444407285493,0.07706704100241278,19.91985507395708,1.5619320686782583,-0.07778874092767536,0.4632900600688268,274.3888240069586,-20.235052679503873,-26.320798901035904,890.2310440066634,13.689576797864811,67.45581504767053,415.5213750585135,-17.43914059268431,-8.368592776965812,1015.5756735193565,15.100810130506071,15.283844295206652
1.71,9.239532728002919,0.07758983325915654,19.919680804434325,1.561769015755306,-0.07788113471171935,0.4632688407693581,274.34592673325335,-20.23785004028139,-26.316627974354812,890.1256502788053,13.683238786335261,67.4497870540991,415.5025416177165,-17.43951168909441,-8.367820254892548,1015.4973807027382,15.097042899701151,15.282474171429001
1.7125000000000001,9.238624655281306,0.0781079521249301,19.919507905212342,1.5616067506201259,-0.07797660856072476,0.4632472521911527,274.3020143346007,-20.240812111506855,-26.312397033024624,890.0199568206366,13.676753167773281,67.44387150634864,415.48313781759146,-17.439963855464313,-8.367041870250777,1015.4193330195121,15.093211004253426,15.281116042836338
1.715,9.237720822278545,0.07862143463600606,19.919336363364124,1.5614453994465307,-0.07807510069245084,0.463225298637358,274.25715841922084,-20.243933353909505,-26.30811156774557,889.9140690949957,13.67012822126884,67.43807071589447,415.46323130846184,-17.440493167330985,-8.366258664523599,1015.3416251107311,15.089320996615585,15.279770213822298
1.7175,9.236821838268439,0.0791303186285456,19.91916616606317,1.5612850832059442,-0.07817654509512192,0.4632029850283547,274.21143102605083,-20.247208079808953,-26.303777054170872,889.8080910093921,13.663372261359275,67.43238673393746,415.4428891338079,-17.441095668502825,-8.365471659613187,1015.264349072114,15.085379352617723,15.278436953286917
1.72,9.235928288683063,0.07963464270428426,19.918997300587893,1.5611259176798025,-0.07828087167593832,0.4631803168906373,274.1649045146923,-20.250630463407802,-26.299398946390806,889.70212482688,13.656493628006361,67.42682135654408,415.42217764856036,-17.441767377330443,-8.36468185716543,1015.1875944009513,15.081392465454591,15.27711649579701
1.7225000000000001,9.235040735175591,0.08013444619565979,19.91882975432581,1.560968013477727,-0.07838800641376428,0.4631573003448015,274.1176514567929,-20.254194551093395,-26.294982670532946,889.5962710800582,13.649500676688575,67.42137612995067,415.4011624401268,-17.44250429287153,-8.363890237929539,1015.1114479472602,15.077366639898948,15.275809042750408
1.725,9.234159715703237,0.08062976913035341,19.918663514777556,1.5608114760612963,-0.07849787151571284,0.4631339420926689,274.0697445289777,-20.25789427173652,-26.290533618484318,889.4906284882497,13.642401768618695,67.41605235602394,415.3799082521973,-17.443302400944493,-8.363097761152737,1015.0359938691383,15.07330808674312,15.274514763542555
1.7275,9.233285744629791,0.08112065219526654,19.91849856956072,1.5606564057732497,-0.07861038557734452,0.463110249403577,274.0212564074556,-20.261723446973633,-26.286057141742432,889.3852938778936,13.635205261095408,67.41085109786754,415.3584789113606,-17.444157680065906,-8.362305364009988,1014.9613135922592,15.069222917469705,15.273233796733932
1.73,9.23241931284777,0.08160713670020299,19.918334906413428,1.5605028978719366,-0.07872546374619384,0.46308623009986566,273.9722596644306,-20.265675801458215,-26.28155854540246,889.2803621062135,13.627919498000129,67.40577318556757,415.3369372566111,-17.44506610726415,-8.361513961069598,1014.8874857734909,15.065117139155094,15.27196625121727
1.7325,9.231560887919317,0.0820892645409234,19.918172513197785,1.5603510425708353,-0.07884301788833649,0.4630618925415908,273.9228266664164,-20.269744973070438,-26.27704308228509,889.1759259881617,13.620552800444885,67.40081922206618,415.31534507172853,-17.446023663767463,-8.360724443793789,1014.8145862685446,15.060996649604363,15.270712207382749
1.735,9.230710914235724,0.08256707816200434,19.9180113779031,1.5602009250829405,-0.07896295675770826,0.4630372456104979,273.873029474574,-20.273924523070974,-26.27251594721185,889.0720762267017,13.613113457582482,67.39598958915562,415.2937630205984,-17.44702634055917,-8.359937680074939,1014.7426881036309,15.05686723272065,15.26947171828008
1.7375,9.229869813194986,0.08304062051938235,19.91785148864888,1.560052625669838,-0.07908518616788592,0.46301229869328825,273.8229397471746,-20.27820794618712,-26.267982271433276,888.968901346444,13.605609717585898,67.39128445358313,415.272250585474,-17.448070143797178,-8.35915451380694,1014.6718614510336,15.05273455410755,15.268244810776078
1.74,9.22903798339704,0.0835099350425408,19.91769283368768,1.5599062196952662,-0.07920960916604025,0.46298706166421144,273.7726286442861,-20.282588680619217,-26.263447117214717,888.8664876306515,13.598049778804523,67.38670377325754,415.25086600822516,-17.449151100091875,-8.358375764492106,1014.6021736085638,15.048604156906398,15.267031486706346
1.7425,9.228215800855985,0.08397506559657368,19.917535401407736,1.5597617776829682,-0.07933612620877127,0.46296154486701946,273.7221667347781,-20.2870601179555,-26.258915472584906,888.7649190616459,13.590441781105522,67.38224730354891,415.22966623454704,-17.450265261641064,-8.357602226882591,1014.5336889828017,15.044481457866466,15.265831724019788
1.745,9.227403619229088,0.08443605644411561,19.917379180335363,1.559619365378636,-0.07946463533953632,0.46293575909631635,273.6716239057407,-20.291615612983094,-26.25439224625246,888.6642772646335,13.582793797407898,67.37791460367225,415.20870686118946,-17.451408711215088,-8.356834670657117,1014.4664690760872,15.04037174364975,15.264645477914812
1.7475,9.226601770061787,0.08489295220710083,19.91722415913722,1.5594790438157493,-0.07959503236738309,0.46290971557834093,273.6210692743951,-20.296248493385015,-26.249882262693802,888.564641454943,13.575113825414542,67.37370504314572,415.1880420861696,-17.452577566991533,-8.356073840131875,1014.4005724771539,15.036280167367245,15.263472681965776
1.75,9.225810563048324,0.08534579782855274,19.917070326622333,1.5593408693851034,-0.07972721104670108,0.46288342595121706,273.57057110257807,-20.300952069311485,-26.245390257417014,888.4660883887113,13.567409779551065,67.36961780831577,415.1677246619925,-17.45376798723469,-8.35532045400573,1014.3360548553643,15.032211745347745,15.262313249238668
1.7525,9.225030286307337,0.08579463853433701,19.91691767174395,1.5592048939078411,-0.07986106325770666,0.4628569022447105,273.5201967138756,-20.305719642815244,-26.24092087240532,888.3686923169948,13.559689483115644,67.36565190893847,415.1478058518609,-17.45497617481806,-8.354575205139124,1014.2729689584419,15.028171354136088,15.261167073394756
1.7550000000000001,9.224261206672047,0.08623951979499518,19.916766183601183,1.559071164711772,-0.07999647918738026,0.4628301568595275,273.47001241347607,-20.310544517140315,-26.236478651743784,888.2725249433352,13.551960660647733,67.36180618481076,415.1283353888826,-17.456198381586184,-8.353838760366521,1014.2113646136439,15.024163727720696,15.260034029781066
1.7575,9.223503569994305,0.08668048728767759,19.91661585144049,1.5589397247108,-0.08013334751057603,0.4628032025461953,273.4200834108055,-20.315420005854623,-26.23206803743229,888.1776553847523,13.544230930519651,67.3580793124407,415.1093614382508,-17.45743091255442,-8.353111760341681,1014.1512887322918,15.020193454988284,15.258913976506761
1.76,9.222757601461973,0.08711758685827413,19.91646666465693,1.558810612487251,-0.0802715555710289,0.4627760523835599,273.37047374500287,-20.320339441816714,-26.22769336538756,888.0841501361804,13.536507797757725,67.3544698117497,415.09093056237754,-17.458670129944675,-8.352394819415316,1014.092785317553,15.016264977402273,15.257806755504106
1.7625,9.222023505929153,0.08755086448372647,19.916318612795266,1.5586838623769197,-0.08041098956198633,0.4627487197569429,273.3212462132932,-20.325296185967513,-26.223358861637127,887.9920730383215,13.52879864709683,67.35097605279782,415.0730876889772,-17.45991245705447,-8.351688525544745,1014.0358954754317,15.012382586905183,15.256712193573291
1.7650000000000001,9.221301468258535,0.0879803662346348,19.91617168555086,1.5585595045566345,-0.08055153470619757,0.4627212183359919,273.2724623023004,-20.330283635938418,-26.219068638707054,887.9014852489123,13.521110736273656,67.34759626252384,415.05587608205303,-17.461154381959165,-8.350993440234728,1013.9806574288476,15.008550424040145,15.255630103409931
1.7675,9.220591653675438,0.08840613823812836,19.916025872770422,1.5584375651341627,-0.08069307543499671,0.4626935620522675,273.22418212235425,-20.335295234466756,-26.214826692206348,887.8124452173934,13.513451189563263,67.34432853149215,415.0393373157825,-17.462392461044697,-8.350310098509182,1013.9271065347365,15.00477247629023,15.254560284614461
1.77,9.219894208132816,0.08882822664124301,19.915881164452514,1.5583180662402685,-0.08083549556622165,0.4626657650766021,273.1764643448141,-20.340324477611695,-26.210636897608282,887.7250086629522,13.50582699156233,67.34117082063857,415.02351125124835,-17.46362332237128,-8.349639008912806,1013.8752753040804,15.001052576632311,15.253502524682572
1.7725,9.219209258686744,0.0892466775745071,19.915737550747966,1.5582010261227408,-0.08097867848071522,0.4626378417962717,273.1293661424648,-20.345364922761345,-26.20650300723221,887.6392285559194,13.498244981222928,67.33812096800668,415.00843601599644,-17.464843668866358,-8.348980653542247,1013.8251934247767,14.997394402302188,15.25245659997572
1.7750000000000001,9.218536913881708,0.0896615371161694,19.91559502196005,1.5580864592422214,-0.08112250729716167,0.4626098067920187,273.0829431329855,-20.350410196426026,-26.202428647424416,887.5551551025018,13.490711846140591,67.335176695468,414.99414798637616,-17.46605028134679,-8.348335488105924,1013.776887787259,14.993801473768109,15.251422276671072
1.7775,9.217877264145203,0.09007285125688765,19.91545356854451,1.557974376369653,-0.0812668650450167,0.4625816748149644,273.0372493255407,-20.355454001808717,-26.198417315941267,887.4728357328158,13.483234117099563,67.33233561541768,414.9806817726194,-17.467240021370177,-8.34770394201192,1013.7303825127863,14.990277153909215,15.25039931169015
1.78,9.217230382190936,0.09048066586492469,19.91531318110943,1.5578647846851856,-0.08141163483529572,0.46255346076345,272.99233707049655,-20.360490126147766,-26.194472379533735,887.3923150921889,13.475818162877463,67.32959523743871,414.9680702066222,-17.46840983391512,-8.34708641848309,1013.6856989842909,14.986824647394814,15.249387453605436
1.7825,9.21659632343009,0.09088502665194999,19.91517385041495,1.5577576878783714,-0.08155670002899182,0.46252517965984435,272.9482570122796,-20.365512447825584,-26.190597071734132,887.3136350356933,13.468470185312054,67.3269529749272,414.95634433236984,-17.4695567498912,-8.346483294698684,1013.6428558797123,14.983447000261274,15.248386443524264
1.7850000000000001,9.215975126390196,0.09128597913955994,19.915035567372794,1.5576530862494917,-0.0817019444029014,0.4624968466273565,272.9050580453926,-20.37051494323694,-26.18679449084539,887.2368346258966,13.46119621463343,67.32440615167295,414.945533398977,-17.470677888478058,-8.345894921961854,1013.6018692077279,14.980147099683316,15.24739601594969
1.7875,9.215366813140713,0.09168356862640711,19.914898323045673,1.55755097681186,-0.08184725231264296,0.4624684768668913,272.86278727357995,-20.375491693413462,-26.183067598131572,887.1619501337403,13.454002105060258,67.32195200838636,414.9356648562615,-17.47177045929621,-8.345321625891867,1013.5627523457597,14.976927673933716,15.24641589961742
1.79,9.214771389725115,0.09207784015608822,19.914762108646514,1.557451353394949,-0.0819925088526614,0.4624400856339843,272.8214899721579,-20.380436890397537,-26.179419216210736,887.0890150425646,13.446893530665582,67.31958770916758,414.92676435283266,-17.47283176440828,-8.344763706640803,1013.525516080202,14.973791292529793,15.24544581830865
1.7925,9.214188846598582,0.09246883848574056,19.91462691553757,1.5573542067481962,-0.08213760001301808,0.46241168821585427,272.78120955349056,-20.385344843363185,-26.17585202764776,887.0180600551743,13.439875981509475,67.3173103479094,414.91885573659977,-17.473859200154262,-8.344221439133214,1013.4901686487465,14.970740366560321,15.244485491638207
1.795,9.213619159070927,0.0928566080555434,19.91449273522936,1.5572595246453478,-0.08228241283277478,0.4623832999086083,272.74198753561177,-20.39020998447888,-26.172368573747118,886.9491131039393,13.432954760041971,67.31511695462916,414.9119610576797,-17.474850258819895,-8.343695073328592,1013.4567157847301,14.967777149189953,15.243534635817655
1.7975,9.213062287754257,0.09324119295886088,19.914359559379506,1.5571672919891995,-0.08242683554978722,0.4623549359946365,272.70386351398287,-20.39502687450867,-26.16897125354458,886.8821993638663,13.42613497777634,67.3130045017234,414.9061005736257,-17.47580253014086,-8.343184834505527,1013.4251607634138,14.964903736336632,15.242592964393154
1.8,9.212518179014367,0.09362263691350509,19.91422737979139,1.5570774909166092,-0.08257075774673266,0.4623266117202301,272.66687513634764,-20.39979020815069,-26.16566232299422,886.8173412685596,13.419421552230414,67.31096991013833,414.90129275689424,-17.476713702645753,-8.342690923566298,1013.3955044500724,14.962122067515683,15.241660188957496
1.8025,9.211986765425998,0.09400098323364475,19.914096188412746,1.5569901009036458,-0.08271407049320394,0.46229834227345884,272.63105808069935,-20.404494819106777,-26.16244389435248,886.7545585290653,13.412819204140114,67.30901005545243,414.89755430453937,-17.477581564836807,-8.342213517361959,1013.3677453498447,14.959433926849009,15.240736019836467
1.805,9.211467966230886,0.0943762748028243,19.91396597733405,1.5569050988707562,-0.08285666648371079,0.4622701427623403,272.5964460362985,-20.409135684884504,-26.159317935753734,886.6938681554999,13.406332454941271,67.30712177386462,414.8949001500237,-17.47840400621309,-8.341752769036313,1013.341879659217,14.956840944231997,15.23982016674909
1.8075,9.210961687798234,0.094748554047791,19.913836738786884,1.5568224592878324,-0.08299844017143844,0.4622420281933344,272.56307068773947,-20.413707931327462,-26.156286270977674,886.6352844814112,13.399965624520116,67.30530186808305,414.89334347709274,-17.479179018137724,-8.341308808388114,1013.3179013190643,14.954344596654845,15.238912339441653
1.81,9.210467824087143,0.09511786291339602,19.913708465142104,1.5567421542790583,-0.08313928789762144,0.46221401345019464,272.530961702011,-20.418206836873953,-26.15335057940409,886.5788191908119,13.393722829231569,67.30354711310963,414.89289573566305,-17.47990469455074,-8.340881742250888,1013.2958020691487,14.95194620967294,15.238012248295512
1.8125,9.209986257110488,0.0954842428384858,19.91358114890794,1.556664153727437,-0.08327910801640047,0.46218611327320863,272.5001467185408,-20.42262783654114,-26.150512396154497,886.524481347826,13.387607980184512,67.30185426191623,414.8935666596328,-17.480579232531213,-8.340471654889276,1013.2755715039985,14.949646959021957,15.23711960490859
1.815,9.209516857399509,0.0958477347327095,19.91345478272801,1.5565884253788833,-0.0834178010150377,0.4621583422388559,272.47065134215546,-20.426966525636526,-26.147773112415184,886.4722774288529,13.381624781790391,67.30022005100652,414.8953642865489,-17.48120093271166,-8.340078608410884,1013.2571971300453,14.947447872371288,15.236234122650474
1.8175000000000001,9.209059484469082,0.09620837895453525,19.913329359379176,1.5565149349457863,-0.08355526962937626,0.4621307147399137,272.4424991389401,-20.43121866319364,-26.14513397594114,886.4222113572207,13.375776730576494,67.2986412058615,414.8982949790943,-17.481768199545165,-8.339702643193561,1013.240664423985,14.945349831213928,15.23535551719141
1.82,9.208613987282604,0.09656621529018543,19.913204871769366,1.5564436462099431,-0.08369141895443788,0.46210324496603866,272.4157116349285,-20.43538017513491,-26.14259609173511,886.3742845402062,13.370067114257756,67.29711444626216,414.9023634482667,-17.482279541432167,-8.339343778326121,1013.2259568921953,14.943353572883233,15.234483507004882
1.8225,9.208180204716552,0.096921282933674,19.913081312935287,1.5563745211247741,-0.08382615655006186,0.4620759468848508,272.3903083175972,-20.439447157159396,-26.14016042290047,886.3284959083965,13.364499011068675,67.29563649148744,414.9075727782342,-17.482733570706287,-8.339002012062704,1013.2130561311988,14.941459692696169,15.233617813844328
1.825,9.207757966023932,0.09727362046801205,19.912958676040027,1.5563075199167256,-0.08395939254149783,0.462048834223546,272.36630664009215,-20.443415877358483,-26.13782779166251,886.2848419572779,13.359075289349375,67.29420406538294,414.913924452768,-17.48312900348448,-8.338677322289463,1013.2019418890295,14.939668646214876,15.232758163193878
1.8275000000000001,9.207347091296253,0.09762326584738021,19.912836954370633,1.5562426011857808,-0.08409103971487362,0.4620219204510614,272.34372202814797,-20.447282778559227,-26.13559888055536,886.2433167909927,13.353798607384393,67.292813901297,414.9214183831818,-17.483464659384552,-8.338369667002706,1013.192592127441,14.937980751622614,15.231904284693362
1.83,9.206947391923606,0.09797025638046628,19.91271614133558,1.5561797220049964,-0.08422101360746899,0.46199521876081845,272.32256788963144,-20.451044480397805,-26.133474233769586,886.2039121681865,13.34867141349111,67.29146274688141,414.9300529377146,-17.483739461113203,-8.338078984797868,1013.1849830848585,14.936396192208823,15.231055912537935
1.8325,9.206558671052482,0.0983146287149446,19.912596230462174,1.5561188380189857,-0.08434923259273437,0.46196874205406363,272.302855626664,-20.454697781123908,-26.131454258657516,886.1666175498488,13.34369594635304,67.29014736875358,414.9398249722926,-17.483952433927474,-8.337805195368661,1013.1790893400005,14.93491501895855,15.230212785852528
1.835,9.206180724040772,0.09865641882309936,19.912477215393885,1.556059903541276,-0.08447561796000368,0.46194250292382943,272.2845946502469,-20.45823965913912,-26.129539227390634,886.131420149087,13.33887423559582,67.28886455701735,414.95072986257566,-17.48410270497486,-8.337548200015126,1013.1748838760759,14.933537153240305,15.229374649041375
1.8375000000000001,9.205813338909596,0.09899566198837498,19.912359089887673,1.5560028716504757,-0.08460009398885836,0.46191651363953523,272.2677923973281,-20.46166727427201,-26.127729278764757,886.0983049827258,13.33420810260022,67.28761112964003,414.96276153723704,-17.484189502514237,-8.337307882160257,1013.1723381454697,14.93226238958767,15.228541252113027
1.84,9.205456296791773,0.09933239279330383,19.91224184781119,1.5559476942851707,-0.08472258801810915,0.4618907861322457,272.2524543502616,-20.46497796879071,-26.12602442014988,886.0672549246755,13.329699161550025,67.2863839366839,414.97591251240794,-17.48421215502155,-8.33708410787438,1013.1714221348642,14.931090398570602,15.227712350981378
1.8425,9.205109372376192,0.09966664510837378,19.91212548314,1.555894322337505,-0.08484303050937105,0.46186533198060375,272.238584058563,-20.46816926815903,-26.124424529577485,886.0382507609495,13.325348820707738,67.28517986438885,414.99017392719975,-17.484170090184826,-8.336876726406306,1013.1721044306636,14.93002072974864,15.226887707742632
1.845,9.204772334348004,0.0999984520821195,19.912009989954687,1.5558427057453696,-0.08496135510521481,0.46184016239745457,272.22618316291334,-20.471238881537236,-26.122929357961983,886.0112712462771,13.321158283915835,67.28399583910569,415.00553558024416,-17.484062833791782,-8.336685570720688,1013.1743522846945,14.929052814703969,15.226067090929256
1.8475000000000001,9.204444945824271,0.10032784613226757,19.911895362438,1.555792793583154,-0.08507749868188819,0.4618152882171741,272.2152514213373,-20.47418470203144,-26.121538531451726,885.9862931622048,13.317128552317536,67.28282883107791,415.02198596719114,-17.483890008513413,-8.336510458040996,1013.1781316800808,14.92818597014789,15.225250275740988
1.85,9.204126964784516,0.10065485893798064,19.91178159487192,1.5557445341509981,-0.08519140139660711,0.46179071988371495,272.20578673746525,-20.477004806697174,-26.12025155390217,885.9632913766,13.313260426291718,67.28167585807016,415.0395123190761,-17.483651332588668,-8.336351190397096,1013.1834073971994,14.927419401094543,15.22443704425335
1.8525,9.203818144496118,0.10097952143328506,19.911668681634694,1.5556978750625003,-0.08530300672942683,0.46176646743938143,272.1977851908335,-20.47969745629863,-26.119067809469154,885.942238904474,13.309554507597632,67.28053398884289,415.05810064150126,-17.483346618413275,-8.336207555176923,1013.1901430796815,14.926752204099447,15.223627185604482
1.855,9.203518233934123,0.10130186380143678,19.911556617197903,1.5556527633308288,-0.08541226151970986,0.461742540514344,272.19124106912204,-20.482261094830257,-26.117986565314432,885.9231069700321,13.306011201723312,67.27940034647163,415.07773575457134,-17.482975771036358,-8.336079325681794,1013.1983013003526,14.926183370555846,15.222820496160505
1.8575,9.203226978195069,0.10162191547056706,19.91144539612342,1.555609145453194,-0.0855191159972166,0.4617189483169008,272.1861469022623,-20.484694348804567,-26.117006974418988,885.9058650698578,13.302630720432084,67.27827211151045,415.0984013334894,-17.482538786570466,-8.335966261684064,1013.2078436270483,14.925711790044371,15.222016779660136
1.86,9.202944118904803,0.10193970511017132,19.91133501306045,1.5555669674936372,-0.0856235238078518,0.4616956996244947,272.18249349834156,-20.4869960263106,-26.116128078499262,885.890481037148,13.299413084501666,67.27714652499891,415.1200799497835,-17.482035750516822,-8.335868109987302,1013.2187306882402,14.925336253731714,15.22121584733905
1.8625,9.202669394619765,0.1022552606288466,19.9112254627425,1.5555261751640983,-0.08572544203410806,0.4616728027754904,272.1802699812215,-20.489165115848362,-26.115348811020286,885.8769211069044,13.296358126649865,67.27602089131207,415.1427531130712,-17.48146683601143,-8.335784604987717,1013.2309222384073,14.925055457813418,15.220417518034619
1.865,9.20240254122158,0.1025686091729447,19.91111673998435,1.5554867139037207,-0.08582483121025472,0.4616502656617174,272.1794638297803,-20.491200784945818,-26.114668000299275,885.8651499819856,13.293465494639833,67.27489258085322,415.1664013133091,-17.480832301995598,-8.335715469236485,1013.2443772230599,14.924868006994718,15.219621618271574
1.8675,9.202143292304855,0.10287977712624076,19.91100883967907,1.5554485289563624,-0.08592165533232798,0.4616280957217804,272.18006091872553,-20.493102378561,-26.114084372696677,885.855130899951,13.290734654560875,67.27375903259019,415.1910040634744,-17.480132491314027,-8.335660414002565,1013.2590538433903,14.924772418006938,15.21882798232921
1.87,9.201891379557614,0.10318879011067966,19.910901756794978,1.555411565446279,-0.08601588186298531,0.4616062999351397,272.1820455608623,-20.494869417278515,-26.113596555885717,885.8468257005749,13.288164894275479,67.27261775643402,415.2165399425894,-17.479367828746373,-8.33561913983487,1013.2749096204436,14.924767123152327,15.218036452290766
1.8725,9.201646533134527,0.10349567298803876,19.91079548637265,1.5553757684519494,-0.08610748173129362,0.4615848848169613,272.18540055076517,-20.496501595303197,-26.113203082197767,885.8401948939721,13.285755327028582,67.2714663354618,415.24298663906507,-17.47853881897382,-8.335591337124,1013.291901458785,14.92485047387504,15.217246878075619
1.875,9.201408482022462,0.103800449862566,19.910690023521923,1.5553410830780139,-0.08619642932752802,0.46156385641373626,272.19010720975143,-20.49799877825903,-26.112902392035902,885.8351977292223,13.283504895210797,67.2703024279832,415.27032099427265,-17.47764604448676,-8.335576686662302,1013.309985709573,14.925020744351702,15.216459117454878
1.8775,9.201176954398305,0.10410314408449364,19.910585363418946,1.555307454525302,-0.08628270249306365,0.4615432202996655,272.1961454320891,-20.49936100079808,-26.112692837352277,885.8317922634217,13.281412374270051,67.26912376945232,415.29851904630453,-17.47669016343617,-8.335574860202156,1013.329118232998,14.925276135098532,15.215673036051077
1.8800000000000001,9.200951677978814,0.10440377825457817,19.9104815013032,1.5552748281589235,-0.08636628250544981,0.46152298157380794,272.2034937323464,-20.50058846402658,-26.11257268518291,885.8299354310632,13.279476376763967,67.26792817422523,415.32755607385633,-17.47567190743332,-8.335585521011772,1013.3492544600301,14.925614776590324,15.214888507322614
1.8825,9.200732380362355,0.10470237422947139,19.910378432474566,1.5552431495744046,-0.08644715405876144,0.46150314485798566,272.2121292938025,-20.501681532754667,-26.11254012123417,885.8295831136637,13.277695356546493,67.26671353716445,415.35740664018806,-17.474592079300965,-8.33560832442823,1013.3703494534001,14.926034732885896,15.214105412533515
1.885,9.200518789362357,0.10499895312786377,19.91027615229046,1.5552123646618474,-0.08652530523932846,0.46148371429544005,272.2220280178471,-20.50264073257535,-26.11259325351643,885.8306902095471,13.276067613081699,67.26547783509176,415.38804463709107,-17.473451550780837,-8.335642918406927,1013.3923579677929,14.926534005257619,15.213323640709296
1.8875,9.200310633332382,0.10529353533763058,19.910174656162926,1.5551824196680961,-0.08660072749694926,0.4614646935502317,272.23316457427165,-20.503466746780553,-26.112730116017676,885.8332107037083,13.274591295878214,67.26421912809103,415.41944332882787,-17.47225126020013,-8.335688944067376,1013.4152345091806,14.927110535819521,15.212543088579501
1.8900000000000001,9.200107641482566,0.10558614052364394,19.91007393955582,1.555153261256895,-0.08667341561169964,0.4614460858073749,272.2455124523831,-20.504160413120363,-26.1129486724129,885.837097737655,13.273264409035757,67.26293556066204,415.45157539597204,-17.47099221010201,-8.33574603623452,1013.438933393241,14.927762211149776,15.211763660507497
1.8925,9.199909544187562,0.10587678763636865,19.909973997982025,1.5551248365670263,-0.08674336765645341,0.46142789377369664,272.25904401285817,-20.504722720411817,-26.1132468198036,885.8423036791673,13.272084815898921,67.26162536272804,415.48441297912916,-17.46967546484185,-8.335813823975645,1013.4634088028475,14.9284868659052,15.21098526840849
1.895,9.199716073285472,0.10616549492138715,19.909874827000664,1.5550970932684143,-0.08681058495523583,0.4614101196794096,272.27373054024156,-20.505154805005922,-26.113622392480327,885.8487801918753,13.271050243808812,67.26028685049768,415.5179277224426,-17.468302148155868,-8.335891931131748,1013.4886148445391,14.929282286421541,15.210207831655916
1.8975,9.19952696236815,0.10645227992935807,19.909776422214424,1.5550699796161886,-0.08687507203753475,0.46139276528038664,272.2895422960333,-20.505457947117666,-26.1140731657054,885.85647830458,13.270158288946565,67.25891842718514,415.5520908168905,-17.466873440702358,-8.335979976843777,1013.5145056039715,14.930146214298057,15.209431276977357
1.9000000000000001,9.199341947062416,0.10673715952692389,19.909678779266866,1.5550434445026986,-0.0869368365886996,0.4613758318611229,272.3064485722687,-20.50563356702728,-26.114596859509035,885.8653484802447,13.269406421261731,67.257518583589,415.58687304328635,-17.46539057758162,-8.336077576072762,1013.5410352002757,14.93107634996088,15.208655538340304
1.9025,9.199160765302247,0.107020149908088,19.90958189383983,1.5550174375074732,-0.08699588939656094,0.4613593202383726,272.3244177455084,-20.50568322116042,-26.11519114249272,885.8753406845661,13.268791989477169,67.25608589853327,415.6222448149519,-17.46385484583729,-8.336184340113594,1013.5681578393061,14.932070356202809,15.207880556828512
1.905,9.198983157591954,0.10730126660638488,19.90948576165086,1.5549919089451234,-0.08705224429440798,0.4613432307654442,272.3434173311801,-20.505608598052728,-26.11585363563713,885.8864044540597,13.268312226164369,67.25461903917262,415.6581762200318,-17.462267581941692,-8.336299877102444,1013.5958278657264,14.933125861695096,15.207106280509558
1.9075,9.198808867260158,0.10758052450749525,19.9093903784507,1.5549668099111853,-0.08710591810046397,0.4613275633371379,272.363414038173,-20.505411514207484,-26.116581916107023,885.8984889635833,13.267964252881514,67.25311676116488,415.6946370633852,-17.46063016926991,-8.33642379251696,1013.62399981391,14.934240464468562,15.206332664294226
1.9100000000000001,9.19863764070463,0.10785793786252114,19.90929574002085,1.5549420923259034,-0.08715693055400311,0.4613123173953093,272.3843738236258,-20.5050939098525,-26.11737352104981,885.9115430932261,13.267745085367489,67.25157790871313,415.73159690803317,-17.45894403556475,-8.336555689669352,1013.6526284576179,14.93541173536056,15.20555966978837
1.9125,9.198469227627912,0.10813352030180481,19.90920184217116,1.5549177089759585,-0.08720530424825469,0.46129749193504016,272.4062619478235,-20.504657844603923,-26.118225951382044,885.925515494486,13.267651638783962,67.25000141448051,415.76902511610956,-17.457210650396682,-8.336695170191762,1013.6816688584217,14.936637221424299,15.20478726513782
1.915,9.198303381263639,0.1084072848491666,19.909108680737525,1.5548936135541402,-0.08725106456024329,0.46128308551139807,272.42904302912916,-20.504105493044488,-26.119136675558845,885.9403546556703,13.26768073299861,67.24838629938037,415.8068908892811,-17.455431522621577,-8.336841834513724,1013.7110764128365,14.937914449297319,15.204015424866782
1.9175,9.198139858593745,0.10867924393671775,19.909016251579583,1.5548697606969735,-0.08729423957771568,0.4612690962467667,272.4526810988844,-20.50343914022229,-26.120103133322434,885.9560089664652,13.267829097903917,67.24673167224569,415.8451633086114,-17.453608197838754,-8.336995282331623,1013.7408068981575,14.93924092852722,15.203244129710656
1.92,9.197978420556316,0.108949409420019,19.908924550578543,1.5548461060203043,-0.08733486002330726,0.46125552183872415,272.4771396562037,-20.502661177078163,-26.12112273942456,885.9724267815849,13.268093378762059,67.24503672937989,415.8838113738115,-17.45174225585372,-8.33715511306942,1013.7708165169487,14.940614154850207,15.20247336644348
1.9225,9.197818832244222,0.10921779259369725,19.90883357363504,1.554822606152854,-0.08737295917610234,0.461242359568451,272.5023817225852,-20.501774095809,-26.122192887317947,885.9895564834544,13.268470141570566,67.24330075399311,415.9228040418664,-17.449835308147144,-8.337320926330865,1013.801061940184,14.942031613421058,15.201703127700695
1.925,9.197660863094633,0.10948440420745857,19.908743316667053,1.554799218767753,-0.08740857279074409,0.46122960630964593,272.528369896291,-20.50078048517229,-26.123310952814087,886.0073465438707,13.268955878442569,67.24152311552707,415.96211026499554,-17.447888995353487,-8.337492322342769,1013.8315003490094,14.943490781991365,15.200933411797928
1.9275,9.197504287069151,0.10974925448243064,19.90865377560791,1.5547759026120682,-0.08744173901425141,0.4612172585379263,272.55506640639754,-20.499683025741845,-26.124474297700672,886.0257455845571,13.269547012992156,67.23970326887182,416.0016990279075,-17.44590498475279,-8.337668902388883,1013.8620894751004,14.94498913403286,15.200164222545958
1.93,9.197348882824926,0.11001235312771963,19.90856494640438,1.5547526175343338,-0.08747249830070003,0.46120531234069245,272.58243316648,-20.498484485119096,-26.125680273316693,886.0447024365852,13.27023990572107,67.23784075347803,416.041539384338,-17.443884967777045,-8.337850269234512,1013.8927876396089,14.946524141804362,15.19939556906267
1.9325,9.197194433876595,0.11027370935744082,19.90847682501478,1.5547293245101084,-0.08750089332392687,0.4611937634274329,272.6104318278471,-20.497187713108378,-26.126926224079995,886.0641661985934,13.271030859398735,67.2359351923686,416.08160049283356,-17.441830657534517,-8.338036027541532,1013.9235537906884,14.948093279360087,15.198627465582453
1.935,9.197040728749144,0.11053333190782275,19.90838940740722,1.5547059856655672,-0.08752696888841621,0.46118260714044595,272.6390238322813,-20.495795636861992,-26.128209490964597,886.0840862937508,13.271916124429072,67.23398629105282,416.1218516517521,-17.439743786354654,-8.338225784273485,1013.954347539565,14.949694025495951,15.197859931263359
1.9375,9.196887561121718,0.11079122905465585,19.908302689557864,1.5546825642991569,-0.08755077183852669,0.46117183846595594,272.6681704641997,-20.49431125600337,-26.129527414922354,886.1044125254193,13.272891904197891,67.2319938363471,416.1622623334557,-17.437626103356084,-8.338419149090619,1013.9851291951599,14.951323866632894,15.197092989992615
1.94,9.196734729962573,0.11104740863083108,19.90821666744931,1.5546590249013272,-0.08757235096621803,0.4611614520455998,272.69783290220397,-20.49273763773313,-26.130877340247455,886.1250951314773,13.273954360395578,67.22995769510625,416.20280221768854,-17.435479372039097,-8.338615734734985,1014.0158597972551,14.952980299635376,15.196326670190995
1.9425000000000001,9.196582039654999,0.11130187804413656,19.90813133706901,1.5546353331723646,-0.08759175691743577,0.46115144218825893,272.7279722699387,-20.491077911926446,-26.132256617878554,886.146084837233,13.275099618306696,67.22787781286807,416.243441224083,-17.433305367906993,-8.338815157404811,1014.0465011481717,14.95466083456154,15.19556100461623
1.945,9.196429300114545,0.11155464429511888,19.90804669440778,1.5546114560383515,-0.0876090420973122,0.4611418028822136,272.75854968621786,-20.48933526622698,-26.133662608636516,886.1673329069171,13.276323772062948,67.22575421241675,416.2841495438153,-17.43110587611607,-8.339017037118715,1014.0770158429898,14.956362997345762,15.194796030166167
1.9475,9.196276326897497,0.11180571399503912,19.907962735458405,1.5545873616652757,-0.08762426057434006,0.4611325278075951,272.78952631436067,-20.487512941144146,-26.135092686394184,886.188791193696,13.277622889852402,67.2235869922674,416.3248976703572,-17.42888268915832,-8.339220998069056,1014.1073672982751,14.958084332409804,15.194031787681844
1.95,9.196122941300665,0.11205509338397877,19.907879456214268,1.554563019471315,-0.08763746798367532,0.4611236103491107,272.8208634106838,-20.485614225160376,-26.136544241175134,886.210412188166,13.278993019078811,67.22137632507625,416.3656564293229,-17.426637604578023,-8.339426668964592,1014.1375197793302,14.959822405202438,15.193268321751033
1.9525000000000001,9.195968970452693,0.11230278834892005,19.9077968526681,1.5545384001373288,-0.0876487214297234,0.46111504360901756,272.85252237210096,-20.483642449854234,-26.138014682178646,886.2321490653077,13.28043019146663,67.2191224559807,416.4063970073887,-17.42437242272449,-8.339633683362159,1014.1674384259521,14.961574804664979,15.192505680512394
1.955,9.195814247396871,0.11254880444188878,19.90771492081078,1.554513475615582,-0.08765807938816227,0.46110682042032125,272.8844647827833,-20.481600985045535,-26.139501440728292,886.2539557298575,13.281930428105603,67.21682570087262,416.4470909802729,-17.42208894454267,-8.339841679987428,1014.1970892767156,14.963339145622644,15.191743915460801
1.9575,9.19565861116568,0.11279314689802859,19.907633656630235,1.5544882191367344,-0.08766560160755336,0.46109893336017405,272.9166524598386,-20.479493233967972,-26.14100197314211,886.2757868600642,13.283489744429444,67.21448644460902,416.48771033975606,-17.419788969403825,-8.340050303044386,1014.2264392917747,14.965113071099822,15.190983081254082
1.96,9.195501906847056,0.11303582065372769,19.907553056110388,1.554462605215124,-0.0876713490106904,0.46109137476344886,272.94904749795336,-20.47732262847618,-26.142513763520704,886.2975979498136,13.285104155124184,67.21210513916415,416.52822751974287,-17.417474292977186,-8.340259202513847,1014.25545637418,14.966894254557882,15.190223235521369
1.9625000000000001,9.195343985642593,0.11327683036467559,19.90747311523017,1.5544366096523832,-0.08767538359583293,0.46108413673646503,272.9816123129716,-20.47509262429148,-26.14403432645259,886.3193453490886,13.286769678960864,67.20968230172666,416.56861542133004,-17.415146705145656,-8.340468034440395,1014.2841093897367,14.968680402055623,15.189464438673605
1.965,9.19518470491776,0.11351618042371837,19.907393829962675,1.554410209539416,-0.08767776833797009,0.4610772111708413,273.01430968436296,-20.472806696292643,-26.145561209634103,886.34098630274,13.28848234354757,67.20721851274615,416.6088474369007,-17.412807987965294,-8.340676461208245,1014.3123681853913,14.970469254330432,15.188706753716165
1.9675,9.195023928244174,0.11375387497877544,19.907315196274293,1.554383383256776,-0.0876785670902569,0.46107058975745296,273.0471027965337,-20.47046833385768,-26.14709199640097,886.3624789875489,13.290238189996195,67.20471441393221,416.64889747319455,-17.410459913672682,-8.340884151805232,1014.3402036061572,14.972258588799415,15.187950246064084
1.97,9.194861525434362,0.1139899179505441,19.90723721012398,1.5543561104734762,-0.08767784448576316,0.4610642640004697,273.0799552789701,-20.46808103625969,-26.1486243081722,886.3837825475787,13.292033277500948,67.20217070621112,416.6887399734073,-17.4081042427377,-8.341090782075977,1014.367587510619,14.974046221481629,15.1871949833601
1.9725000000000001,9.194697372568672,0.11422431305002523,19.90715986746259,1.554328372144277,-0.08767566583967198,0.46105822523144957,273.1128312451541,-20.46564830812436,-26.150155806802218,886.4048571277682,13.293863687821595,67.19958814764246,416.7283499382397,-17.405742721967655,-8.341296034962859,1014.3944927849715,14.97583000883762,15.18644103529559
1.975,9.194531352014916,0.11445706379592854,19.907083164232255,1.554300150505479,-0.08767209705206203,0.4610524646234688,273.14569533023246,-20.463173654952815,-26.15168419684094,886.4256639057855,13.295725529669955,67.19696755130079,416.7677029459517,-17.403377082660263,-8.34149960073585,1014.4208933556582,14.977607849528896,15.185688473434762
1.9775,9.194363352440627,0.11468817353189147,19.907007096365856,1.5542714290692707,-0.08766720451140454,0.46104697320526217,273.1785127274148,-20.46066057871404,-26.15320722770086,886.4461651221125,13.297614942994418,67.19430978312522,416.8067751713833,-17.401009038808702,-8.341701177210572,1014.4467642005992,14.979377686095363,15.184937371042219
1.98,9.194193268818184,0.1149176454433932,19.90693165978657,1.5542421926166645,-0.08766105499890267,0.4610417418753539,273.21124922306615,-20.458112573512377,-26.154722695729376,886.466324108361,13.29952810315932,67.19161575974135,416.84554340395624,-17.398640285358812,-8.34190046995491,1014.4720813590206,14.981137506550724,15.184187802914083
1.9825000000000002,9.194021002422888,0.11514548257457606,19.906856850407443,1.5542124271890636,-0.08765371559379756,0.4610367614161567,273.24387123046984,-20.45553312133419,-26.15622844618532,886.4861053138072,13.301461225015132,67.18888644625842,416.88398506463665,-17.39627249652059,-8.34209719248378,1014.4968219399195,14.98288534589609,15.183439845212899
1.985,9.193846460824242,0.11537168784471724,19.906782664131082,1.5541821200785018,-0.08764525357976166,0.46103202250801745,273.2763458222434,-20.452925687877656,-26.157722375119505,886.5054743301489,13.303410566857021,67.18612285404623,416.922078221887,-17.393907324133096,-8.342291066442625,1014.5209641291597,14.984619287551126,15.182693575306303
1.9875,9.1936695578704,0.11559626406442619,19.906709096849383,1.5541512598165985,-0.08763573635249644,0.46102751574318923,273.30864076138073,-20.450293718470125,-26.159202431157652,886.5243979144751,13.305372434267493,67.18332603849457,416.9598016065685,-17.39154639608603,-8.342481821778932,1014.5444871952335,14.986337464703126,15.181949071609743
1.99,9.193490213666188,0.11581921395157861,19.90663614444334,1.554119836162271,-0.08762523132864779,0.46102323163970993,273.3407245309051,-20.447640634076723,-26.160666617185846,886.5428440104565,13.307343183841414,67.18049709675904,416.9971346258361,-17.38919131479638,-8.34266919690252,1014.5673714937046,14.988038061574116,15.181206413433333
1.9925,9.193308354544659,0.11604054014706254,19.90656380278287,1.5540878400882467,-0.08761380585614827,0.46101916065516624,273.3725663621206,-20.444969827403625,-26.16211299193807,886.560781767755,13.309319226789684,67.17763716549673,417.0340573759983,-17.386843655742503,-8.342852938834088,1014.5895984703492,14.98971931460613,15.180465680832867
1.995,9.193123913032432,0.11626024522994524,19.906492067726788,1.5540552637664218,-0.08760152712609179,0.4610152932003263,273.40413626144084,-20.442284659099975,-26.163539671485037,886.5781815596534,13.31129703241929,67.17474741859493,417.0705506543583,-17.384504966055648,-8.343032803342288,1014.6111506630223,14.991379513564883,15.179726954465192
1.9975,9.192936827809012,0.11647833173256172,19.906420935122757,1.5540221005521062,-0.08758846208624187,0.46101161965262005,273.4354050357907,-20.43958845406113,-26.164944830624865,886.595014998936,13.313273131488613,67.17182906489684,417.1065959700505,-17.38217676316889,-8.34320855506951,1014.6320117022715,14.993017002562558,15.1789903154479
2.0,9.192747043660061,0.11669480215516001,19.90635040080733,1.5539883449672038,-0.08757467735627057,0.4610081303694514,273.4663443165589,-20.436884497837593,-26.166326704174352,886.6112549519833,13.315244119432911,67.16888334592579,417.14217555384664,-17.379860533525747,-8.343379967645948,1014.6521663107077,14.994630180999003,15.17825584522349
2.0025,9.192554511425095,0.11690965898015383,19.906280460606062,1.5539539926823693,-0.08756023914482114,0.46100481570132334,273.49692658211245,-20.434176033150674,-26.16768358816294,886.6268755511383,13.317206659461178,67.16591153361344,417.1772723669776,-17.377557731346695,-8.34354682379262,1014.6716003011853,14.99621750442387,15.177523625428012
2.005,9.192359187939548,0.11712290468601363,19.906211110333672,1.553919040498188,-0.08754521316848289,0.46100166600476095,273.52712517884936,-20.431466256519315,-26.169013840927448,886.6418522053407,13.31915748552126,67.16291492803344,417.21187010895505,-17.37526977745507,-8.343708915413071,1014.6903005737926,14.997777485318498,15.176793737764248
2.0075,9.192161035971393,0.11733454176090556,19.906142345794215,1.5538834863254234,-0.08752966457276251,0.46099867165501446,273.5569143407958,-20.42875831499985,-26.170315884109534,886.6561616090281,13.321093405130824,67.15989485514379,417.24595322439876,-17.372998058163112,-8.343866043673748,1014.708255111684,14.999308693798952,15.176066263879441
2.0100000000000002,9.19196002415258,0.11754457271569013,19.906074162781398,1.5538473291643782,-0.08751365785513171,0.460995823058529,273.58626920774304,-20.426055303041203,-26.171588203555395,886.6697817493422,13.323011302074084,67.15685266454098,417.27950690890003,-17.370743924216782,-8.34401801907351,1014.7254529757828,15.000809758240695,15.175341285247551
2.0125,9.191756126905387,0.11775300009680932,19.906006557078832,1.5538105690834123,-0.08749725679022662,0.46099311066516446,273.6151658419228,-20.42336025945779,-26.17282935011879,886.6826919116545,13.324908138962755,67.15378972722911,417.3125171139021,-17.368508689801445,-8.344164661501903,1014.7418842983876,15.002279365826432,15.174618883056153
2.015,9.19154932436394,0.11795982649851502,19.90593952446044,1.5537732071966652,-0.08748052435726969,0.46099052498015336,273.64358124323036,-20.420676164521755,-26.174037940368123,886.6948726834248,13.326780959659946,67.15070743340571,417.3449705506459,-17.36629363160619,-8.344305800286849,1014.7575402757002,15.003716263017107,15.173899138097914
2.0175,9.19133960229093,0.11816505457480948,19.90587306069084,1.553735245641025,-0.08746352266978084,0.46098805657578185,273.67149336298803,-20.41800593717702,-26.175212657197985,886.706305956418,13.328626891566165,67.147607190268,417.37685469315363,-17.364099987949132,-8.344441274231302,1014.7724131593044,15.005119255947385,15.173182130666518
2.02,9.191126951989846,0.11836868705099954,19.90580716152579,1.5536966875523908,-0.08744631290763934,0.4609856961027822,273.698881116265,-20.41535243237608,-26.176352250346454,886.7169749273045,13.33044314776699,67.14449041984108,417.4081577802919,-17.361928957961958,-8.344570931639371,1014.7864962466326,15.006487210746766,15.172467940457269
2.0225,9.190911370212824,0.11857072673461827,19.905741822712713,1.5536575370412733,-0.0874289552515541,0.4609834343014249,273.72572439275314,-20.4127184385417,-26.177455536818805,886.7268640966682,13.332227029041965,67.14135855683138,417.4388688169183,-17.359781700834077,-8.344694630331968,1014.7997838704376,15.007819053787008,15.17175664647209
2.025,9.190692859064313,0.11877117652614878,19.90567703999121,1.553617799167776,-0.0874115088199949,0.46098126201229817,273.75200406622105,-20.41010667515347,-26.17852140121975,886.7359592664503,13.33397592573432,67.13821304650718,417.46897757412546,-17.357659335116292,-8.344812237652024,1014.8122713873154,15.009113771857708,15.171048326929055
2.0275,9.190471425900718,0.11897003942919085,19.905612809093636,1.5535774799160016,-0.08739403160863321,0.4609791701867662,273.77770200253946,-20.407519790462015,-26.17954879599382,886.7442475358553,13.335687319481536,67.13505534260865,417.4984745885978,-17.355562938083715,-8.344923630459512,1014.8239551652904,15.01037041227027,15.170343059176355
2.0300000000000002,9.190247083226135,0.11916731856012132,19.90554912574573,1.5535365861679282,-0.08737658043233576,0.4609771498970946,273.8028010663042,-20.404960359330538,-26.180536741576468,886.7517172957463,13.337358784806352,67.13188690528928,417.5273511610946,-17.35349354515764,-8.345028695116289,1014.8348325705043,15.011588082892047,15.169640919610512
2.0325,9.19001984858455,0.11936301715741086,19.905485985667255,1.5534951256767977,-0.0873592108697508,0.46097519234623496,273.82728512607105,-20.402430881204413,-26.181484326457113,886.7583582215711,13.338987990569484,67.12870919909133,417.5555993540951,-17.35145214938505,-8.345127327461295,1014.8449019530462,15.012765952112318,15.168941983599069
2.035,9.18978974444838,0.11955713859046059,19.905423384572682,1.5534531070400586,-0.08734197721052121,0.46097328887726036,273.8511390582113,-20.399933778209977,-26.182390707155122,886.7641612648353,13.340572701283138,67.12552369095641,417.58321198858107,-17.349439700977577,-8.345219432775616,1014.8541626319341,15.013903248740302,15.168246325407408
2.0375,9.189556798103789,0.11974968636793921,19.905361318171906,1.5534105396719033,-0.08732493240515493,0.46097143098244353,273.87434874940857,-20.397471393382606,-26.183255108110494,886.7691186431733,13.34211077828712,67.12233184827411,417.6101826400258,-17.347457106906607,-8.3453049257383,1014.8626148793011,15.014999261837747,15.167554018129767
2.04,9.189321041532846,0.11994066414567763,19.905299782171,1.553367433775449,-0.08730812801757877,0.4609696103119708,273.8969010978266,-20.395045989023362,-26.184076821491747,886.7732238290354,13.343600180787396,67.11913513696905,417.63650563357294,-17.34550523055589,-8.345383730372678,1014.8702599038074,15.016053340487057,15.16686513362439
2.0425,9.189082511292629,0.12013007573410427,19.90523877227299,1.5533238003145906,-0.08729161418039671,0.46096781868228665,273.9187840129461,-20.392659745186283,-26.184855206920886,886.7764715370424,13.345038966758482,67.11593501962963,417.66217603843114,-17.343584891430787,-8.34545577998339,1014.8770998333033,15.017064893495801,15.16617974245258
2.045,9.188841248391613,0.12031792510527757,19.90517828417865,1.553279650985578,-0.08727543955287023,0.46096604808406166,273.93998641411855,-20.390314758293503,-26.18558969111928,886.7788577100305,13.346425293710551,67.1127329536784,417.6871896615187,-17.341696864922483,-8.345521017084565,1014.8831376967967,15.01803338904062,15.165497913821874
2.0475,9.188597298163334,0.12050421639935181,19.90511831358733,1.5532349981883482,-0.087259651281633,0.46096429068978073,273.96049822784084,-20.38801303988025,-26.18627976747495,886.7803795038333,13.34775741932237,67.10953038958704,417.7115430403544,-17.33984188212806,-8.345579393319026,1014.888377405725,15.018958354250046,15.164819715532824
2.05,9.188350710137666,0.12068895393069433,19.905058856197805,1.5531898549976566,-0.08724429496414934,0.4609625388609457,273.9803103837901,-20.3857565154672,-26.186924995533964,886.7810352708395,13.349033701941849,67.10632876913573,417.7352334352454,-17.338020629723726,-8.345630869369105,1014.8928237346004,15.019839374729893,15.1641452139297
2.0525,9.188101537909706,0.12087214219343764,19.90499990770915,1.553144235134043,-0.08722941461492006,0.4609607851548905,273.99941480962883,-20.383547023561487,-26.18752500041711,886.780824542356,13.350252600954683,67.10312952371986,417.75825882075736,-17.336233749892628,-8.345675414858793,1014.8964823010256,15.020676094031016,15.16347447385475
2.055,9.187849839006587,0.12105378586665427,19.904941463821633,1.5530981529346672,-0.0872150526344369,0.4609590223312047,274.0178044246256,-20.3813863147837,-26.188079472164965,886.779748009831,13.351412677024166,67.0999340727035,417.78061787652143,-17.334481840304395,-8.345713008247943,1014.8993595451406,15.021468213062384,15.162807558606044
2.0575,9.187595674752318,0.12123388981906613,19.904883520237604,1.5530516233240563,-0.08720124978088122,0.4609572433577637,274.03547313210396,-20.37927605112133,-26.188588165012366,886.7778075049669,13.352512592202492,67.09674382182234,417.8023099773858,-17.332765454146415,-8.345743636718513,1014.9014627085056,15.022215489449875,15.162144529898715
2.06,9.187339110130816,0.12141245911322134,19.904826072662452,1.553004661784793,-0.08718804514456002,0.4609554414163646,274.0524158107637,-20.37721780530627,-26.18905089659559,886.7750059787738,13.353551109916761,67.09356016163599,417.82333518292586,-17.331085100206312,-8.345767296052935,1014.9027998124898,15.022917736844388,15.161485447829637
2.0625,9.187080213647253,0.12158949900941712,19.904769116805493,1.5529572843281816,-0.08717547612506754,0.4609536099079652,274.0686283048856,-20.37521306031681,-26.189467547092864,886.771347479593,13.35452709483026,67.09038446603064,417.84369422634876,-17.329441243004005,-8.345783990505094,1014.9033796361401,15.023574824177821,15.160830370845195
2.065,9.18681905718804,0.12176501496895722,19.904712648380954,1.5529095074649282,-0.08716357841115734,0.4609517424575279,274.0841074134785,-20.37326320900035,-26.18983805830264,886.7668371301494,13.355439512582667,67.0872180907735,417.863388502818,-17.327834302972022,-8.345793732664143,1014.9032116936369,15.024186674872874,15.160179355712362
2.0675,9.186555715879386,0.12193901265708981,19.904656663108923,1.552861348175861,-0.08715238596330617,0.46094983291846675,274.09885087836966,-20.371369553817853,-26.190162432659367,886.7614811036632,13.356287429410251,67.08406237211906,417.88242005720315,-17.32626465668424,-8.345796543311161,1014.9023062112932,15.024753266003943,15.159532457492643
2.07,9.186290267944727,0.1221114979455056,19.904601156716314,1.5528128238827301,-0.0871419309989471,0.46094787537670007,274.11285737129634,-20.3695333067066,-26.190440732191032,886.7552865990713,13.357070011648931,67.08091862546797,417.9007915712931,-17.324732637131024,-8.345792451269075,1014.9006741041786,15.025274627414099,15.158889729518972
2.0725000000000002,9.186022794561245,0.12228247691441696,19.90454612493783,1.5527639524191115,-0.08713224398034615,0.4609458641543088,274.12612648002425,-20.367755589059676,-26.190673077420325,886.7482618154013,13.357786525122872,67.07778814407936,417.91850635050065,-17.32323853403933,-8.345781493246239,1014.8983269523886,15.025750840788831,15.158251223375496
2.075,9.185753379715374,0.12245195585412776,19.90449156351697,1.5527147520014464,-0.08712335360509317,0.46094379381280354,274.1386586935198,-20.366037431821304,-26.190859646210747,886.7404159253384,13.358436334420409,67.0746721978364,417.9355683100586,-17.321782594238222,-8.345763713673444,1014.895276976969,15.026182038687441,15.1576169888799
2.0775,9.185482110057857,0.12261994126632349,19.904437468206982,1.552665241200249,-0.08711528679917438,0.46094165915600177,274.15045538622905,-20.36437977569433,-26.19100067256206,886.7317590480424,13.359018902061315,67.07157203206664,417.9519819607663,-17.320365022066298,-8.345739164535313,1014.8915370155667,15.026568403536,15.156987074068493
2.08,9.185209074758006,0.1227864398648777,19.904383834771856,1.5526154389115028,-0.08710806871259112,0.4609394552325194,274.1615188014763,-20.3627834714597,-26.191096445355026,886.7223022212384,13.359533787556332,67.06848886641563,417.96775239427285,-17.318985979822344,-8.345707905195557,1014.887120497786,15.026910166580754,15.156361525183591
2.0825,9.184934365357824,0.12295145857621329,19.904330658987323,1.5525653643282782,-0.087101722717486,0.46093717733787914,274.1718520340446,-20.36124928040345,-26.19114730705037,886.7120573726498,13.359980646363677,67.06542389377597,417.9828852679583,-17.317645588255548,-8.345670002217117,1014.8820414203321,15.027207606806813,15.15574038666342
2.085,9.18465807562571,0.123115004539408,19.90427793664181,1.5525150369125964,-0.08709627040873483,0.4609348210162404,274.1814590119524,-20.35977787485077,-26.191153652342432,886.7010372908013,13.360359228744178,67.0623782792703,417.99738678940514,-17.316343927096078,-8.345625529176825,1014.8763143219346,15.027461049821556,15.155123701134164
2.0875,9.184380301410163,0.1232770851057362,19.90422566353746,1.5524644763675595,-0.08709173160696003,0.46093238206175446,274.19034447747663,-20.358369838803682,-26.191115926770856,886.6892555952434,13.360669378518375,67.05935315928939,418.01126370050184,-17.315081035623624,-8.345574566475175,1014.8699542580968,15.0276708667057,15.154511509404223
2.09,9.18410114049357,0.12343770783800216,19.90417383549107,1.5524137026097786,-0.08708812436391822,0.46092985651955093,274.1985139674595,-20.35702566867953,-26.191034625293078,886.6767267062487,13.360911031729316,67.0563496405847,418.0245232612082,-17.313856913272364,-8.345517201141606,1014.8629767757052,15.027837472834038,15.153903850460551
2.0925000000000002,9.183820692446101,0.12359688050940487,19.90412244833508,1.552362735742115,-0.0870854649702126,0.46092724068635965,274.2059737929303,-20.35574577414867,-26.19091029081917,886.6634658140105,13.361084215212815,67.05336879941551,418.03717323298326,-17.31267152027227,-8.345453526635064,1014.8553978875057,15.027961326666228,15.153300761466845
2.095,9.183539058480042,0.12375461110208673,19.90407149791854,1.5523115960267613,-0.08708376796527773,0.46092453111077475,274.2127310180875,-20.354530479067545,-26.190743512712327,886.6494888474073,13.36118904507999,67.05041168075051,418.04922186192846,-17.31152477832404,-8.3453836426407,1014.847234046504,15.028042928511343,15.152702277763652
2.0975,9.183256341304537,0.12391090780527604,19.904020980108065,1.5522603038586809,-0.0870830461495822,0.4609217245931663,274.21879343867295,-20.353380022505142,-26.190534925256742,886.6348124423658,13.361225725114334,67.04747929752367,418.0606778616485,-17.31041657130722,-8.34530765486254,1014.838502120298,15.028082819266542,15.152108432870214
2.1,9.182972644981,0.12406577901316798,19.903970890788777,1.5522088797394265,-0.08708331059899314,0.46091881818524727,274.22416955978895,-20.352294559859097,-26.19028520609654,886.6194539098594,13.361194545086219,67.04457262994363,418.0715503958664,-17.30934674601975,-8.345225674812662,1014.8292193653728,15.028081579131936,15.151519258487916
2.1025,9.182688074779234,0.12421923332245371,19.903921225865236,1.5521573442513565,-0.08708457068124295,0.4609158091893007,274.228868573178,-20.351274164059575,-26.18999507464638,886.603431203616,13.361095878990149,67.04169262485716,418.0818490608114,-17.308315112947614,-8.345137819597024,1014.8194034013983,15.028039826304184,15.150934784505335
2.105,9.18240273703441,0.12437127952945115,19.903871981262384,1.552105718032266,-0.08708683407443825,0.46091269515707695,274.23290033402066,-20.350318826857063,-26.18966529047783,886.5867628875376,13.360930183205388,67.0388401951653,418.09158386739864,-17.30732144706376,-8.345044211698088,1014.8090721855355,15.027958215649173,15.150355039004706
2.1075,9.182116739005163,0.12452192662707721,19.903823152926424,1.552054021750453,-0.08709010678754837,0.4609094738883666,274.2362753372882,-20.349428460190722,-26.18929665168367,886.5694681029172,13.36069799458639,67.03601621929248,418.1007652232483,-17.306365488653164,-8.344944978755082,1014.7982439868073,15.027837437357583,15.14978004826984
2.11,9.18183018873267,0.12467118380134182,19.903774736825753,1.5520022760802294,-0.0870943931828091,0.4609061434292578,274.2390046936737,-20.348602897635793,-26.188889993221174,886.5515665354588,13.360399928483702,67.03322154070764,418.1094039145299,-17.305446944165194,-8.34484025334134,1014.7869373605145,15.027678215582041,15.14920983679513
2.1125,9.181543194901096,0.12481906042772922,19.903726728951806,1.551950501677901,-0.08709969599997594,0.460902702070086,274.241100105163,-20.34784189592459,-26.188446185238952,886.533078382173,13.360036676701103,67.03045696749702,418.1175110876847,-17.304565487089807,-8.344730172739608,1014.7751711227814,15.027481307061386,15.148644427296027
2.115,9.181255866699372,0.12496556606713666,19.903679125319957,1.5518987191582194,-0.08710601638235993,0.4608991483430851,274.24257384026123,-20.347145136540068,-26.187966131387594,886.5140243181688,13.359609005391071,67.02772327198781,418.1250982310443,-17.303720758856777,-8.34461487871547,1014.7629643251987,15.027247499730167,15.14808384072035
2.1175,9.180968313684437,0.1251107104617175,19.90363192197033,1.5518469490713322,-0.08711335390457711,0.4608954810197479,274.24343870893307,-20.346512227376824,-26.187450767118296,886.4944254633958,13.359117752892724,67.02502119042221,418.1321771563473,-17.30291236975745,-8.344494517288851,1014.7503362296269,15.026977611317438,15.147528096260826
2.12,9.180680645646207,0.1252545035303078,19.903585114968653,1.5517952118802323,-0.08712170660194231,0.46089169910790556,274.24370803728,-20.34594270446749,-26.18690105797055,886.4743033493784,13.358563827516324,67.02235142268125,418.13875998021894,-17.302139899885326,-8.34436923850449,1014.7373062831738,15.026672487935876,15.146977211368513
2.1225,9.180392972474094,0.12539695536371204,19.903538700407058,1.551743527938725,-0.08713107100143623,0.46088780184853484,274.2433956419945,-20.34543603377109,-26.186317997851422,886.4536798859635,13.35794820527597,67.0197146320569,418.1448591055801,-17.301402900097294,-8.344239196200817,1014.7238940933548,15.02633300266215,15.146431201767097
2.125,9.180105404025502,0.12553807621972646,19.90349267440487,1.5516919174699226,-0.08714144215417423,0.4608837887123032,274.2425158046406,-20.34499161301878,-26.185702607309658,886.4325773281552,13.35727192757713,67.01711144507289,418.1504872030614,-17.300700892990907,-8.344104547778333,1014.7101194034836,15.025960054111387,15.145890081468014
2.1275,9.179818049996165,0.1256778765179553,19.90344703310937,1.5516404005452735,-0.08715281366930441,0.4608796593958603,274.2410832457749,-20.344608773615768,-26.18505593180518,886.4110182430378,13.356536098859284,67.01454245135226,418.1556571924058,-17.300033373898515,-8.343965453967137,1014.6960020682907,15.02555456500615,15.145353862786298
2.13,9.179531019792602,0.12581636683434042,19.90340177269656,1.5515889970641403,-0.08716517774926151,0.46087541381788677,274.2391130989697,-20.344286782593592,-26.184379039977973,886.3890254768563,13.355741884199968,67.0120082035316,418.1603822239016,-17.29939981189571,-8.343822078594227,1014.6815620298185,15.025117480742978,15.14482255635716
2.1325,9.17924442240662,0.1259535578956835,19.903356889371857,1.5515377267339308,-0.0871785252263031,0.4608710521149092,274.2366208847517,-20.344024844611507,-26.183673021917073,886.3666221222717,13.354890506882045,67.00950921722036,418.1646756598526,-17.298799650823426,-8.343674588350568,1014.6668192935824,15.024649767956145,15.144296171153128
2.1350000000000002,9.178958366292138,0.12608946057371,19.90331237937082,1.551486609050792,-0.08719284560025366,0.4608665746368928,274.23362248450337,-20.343822104002427,-26.182938987432415,886.3438314858402,13.353983245928735,67.00704597100504,418.1685510561253,-17.29823231032124,-8.343523152558507,1014.6517939050483,15.024152413082136,15.143774714501788
2.1375,9.178672959244292,0.1262240858792183,19.903268238959814,1.5514356632808743,-0.08720812707738212,0.4608619819426197,274.2301341143632,-20.34367764685985,-26.18217806433213,886.320677055745,13.353021433609557,67.00461890649689,418.17202214376493,-17.297697186872075,-8.343367942939365,1014.6365059264274,15.023626420925085,15.143258192103984
2.14,9.178388308280987,0.12635744495590895,19.90322446443666,1.5513849084421716,-0.08722435661033795,0.46085727479486616,274.22617229915113,-20.343590503163366,-26.18139139670639,886.2971824698145,13.352006452920284,67.00222842842173,418.17510281072913,-17.29719365485527,-8.343209133381874,1014.6209754138137,15.023072813225014,15.142746608052535
2.1425,9.178104519526956,0.1264895490741271,19.90318105213127,1.5513343632869423,-0.08724151993907094,0.46085245415538595,274.2217538463551,-20.343559648938523,-26.18058014322025,886.2733714838739,13.35093973504181,66.99987490475199,418.1778070837412,-17.296721067607656,-8.343046899711458,1014.6052223946856,15.022492627230655,15.14223996485133
2.145,9.17782169810035,0.12662040962443422,19.90313799840624,1.5512840462847186,-0.08725960163265983,0.46084752117971295,274.21689582021196,-20.343584008448378,-26.17974547541742,886.2492679404417,13.349822756779373,66.99755866687866,418.18014911027296,-17.296278758491823,-8.342881419460454,1014.5892668457813,15.021886914277694,15.141738263434751
2.1475,9.177539948002142,0.12675003811106908,19.90309529965744,1.5512339756059073,-0.08727858513197502,0.46084247721179156,274.21161551592263,-20.34366245641206,-26.17888857603764,886.2248957378257,13.3486570379876,66.99528000982303,418.1821431407126,-17.295866041968033,-8.34271287164012,1014.5731286713765,15.021256738374456,15.141241503187473
2.15,9.17725937200813,0.1268784461453238,19.903052952314546,1.5511841691059847,-0.08729845279310068,0.46083732377844705,274.20593043401254,-20.343793820249147,-26.178010637347583,886.2002787996354,13.347444138983256,66.99303919248678,418.1838035106829,-17.29548221467153,-8.342541436513766,1014.5568276819771,15.02060317479631,15.140749681964536
2.1525,9.176980071563841,0.12700564543878937,19.903010952841562,1.5511346443102911,-0.08731918593144221,0.460832062583705,274.1998582548852,-20.34397688234485,-26.17711285948902,886.1754410447468,13.346185657949983,66.99083643793915,418.18514462357217,-17.295126556491404,-8.342367295372064,1014.5403835734293,15.019927308689285,15.14026279611159
2.1550000000000002,9.176702146682361,0.12713164779644923,19.90296929773734,1.5510854183994256,-0.0873407648664452,0.4608266955029717,274.19341681360135,-20.34421038233275,-26.176196448845797,886.1504063577427,13.3448832283376,66.9886719337403,418.18618093327086,-17.294798331650984,-8.342190630310256,1014.5238159064917,15.019230233685843,15.139780840485464
2.1575,9.176425695845067,0.12725646510979283,19.902927983536028,1.5510365081952455,-0.08736316896685249,0.4608212245770848,274.18662407488745,-20.344493019393507,-26.175262616429638,886.1251985598714,13.3435385162603,66.98654583229998,418.18692692713404,-17.294496789788393,-8.342011624007663,1014.5071440868575,15.018513050532645,15.139303808474834
2.16,9.176150815905398,0.12738010934987312,19.9028870068075,1.5509879301474694,-0.087386376696427,0.4608156520062461,274.17949810843186,-20.34482345456434,-26.174312576288635,886.0998413805335,13.342153217895724,66.98445825126964,418.1873971091871,-17.294221167035882,-8.341830459509605,1014.4903873456477,15.017776865731914,15.138831692021048
2.1625,9.175877601995746,0.12750259256014967,19.9028463641578,1.5509397003208876,-0.087410365660068,0.46080998014384605,274.17205706447595,-20.345200313057422,-26.17334754393873,886.0743584293301,13.340729056888767,66.98240927396759,418.1876059835894,-17.293970687096703,-8.34164732001207,1014.4735647204042,15.017022790198563,15.13836448163916
2.165,9.17560614743751,0.12762392684946697,19.902806052229497,1.5508918343831775,-0.08743511265025013,0.4608042114901907,274.16431914973606,-20.3456221865832,-26.172368734820278,886.0487731687056,13.339267781763642,66.98039894983556,418.1875680383778,-17.293744562318025,-8.341462388649356,1014.4566950365752,15.016251937932989,15.137902166438987
2.1675,9.175336543654213,0.12774412438487265,19.902766067702068,1.5508443475933273,-0.08746059369371455,0.46079834868614183,274.15630260366646,-20.3460876356773,-26.17137736278008,886.0231088871927,13.337771163345947,66.97842729492564,418.18729772947677,-17.293541994760243,-8.34127584828445,1014.4397968895099,15.01546542471105,15.13744473414626
2.17,9.17506888008813,0.1278631973844944,19.902726407292203,1.5507972547906654,-0.08748678409834344,0.46079239450668014,274.14802567511884,-20.346595192024697,-26.170374638582956,885.9973886733047,13.336240992199766,66.9764942924168,418.1868094650376,-17.29336217725863,-8.341087881303201,1014.4228886269931,15.01466436679344,15.13699217112396
2.1725,9.174803244119884,0.12798115811036534,19.902687067754115,1.5507505703844946,-0.08751365850014914,0.4607863518544021,274.1395065993769,-20.347143360782695,-26.16936176845035,885.971635390063,13.33467907607977,66.97459989315877,418.1861175900577,-17.293204294480002,-8.340898669411384,1014.405988332291,15.013849879653375,15.136544462393525
2.1750000000000003,9.174539720991637,0.12809801886122246,19.90264804587982,1.5507043083443317,-0.0875411909103114,0.46078022375296057,274.1307635756315,-20.347730622895575,-26.168339952631086,885.9458716502221,13.333087237404618,66.97274401624327,418.1852363713468,-17.293067523969917,-8.340708393435731,1014.389113807769,15.013023076726139,15.136101591656287
2.1775,9.174278393733566,0.1282137919653773,19.902609338499357,1.5506584821907496,-0.08756935476219668,0.46077401334045914,274.12181474489284,-20.34835543740049,-26.167310384003297,885.92011979218,13.331467310751965,66.9709265496008,418.18417998282536,-17.292951037191028,-8.340517233128752,1014.3722825590472,15.012185068179695,15.13566354131487
2.18,9.174019343093727,0.1283284897735217,19.902570942481038,1.5506131049868188,-0.08759812295829489,0.4607677238628102,274.11267816836266,-20.34901624372165,-26.166274246709015,885.8944018566059,13.329821140378673,66.96914735062197,418.1829624911654,-17.29285400055164,-8.340325366977375,1014.3555117797229,15.011336959707855,15.13523029249458
2.1825,9.173762647471385,0.12844212465162347,19.902532854731614,1.5505681893301475,-0.08762746791701069,0.46076135866706647,274.10337180629307,-20.349711463949205,-26.16523271482321,885.868739563799,13.328150577768927,66.96740624680179,418.1815978417878,-17.292775576423114,-8.340132972015715,1014.3388183366698,15.010479851347347,15.134801825064907
2.185,9.173508382853825,0.1285547089738728,19.90249507219643,1.550523747345518,-0.08765736161924723,0.4607549211947362,274.0939134973467,-20.350439505100848,-26.164186951057793,885.8431542917949,13.326457479212516,66.96570303640644,418.1800998452359,-17.292714924144747,-8.339940223642257,1014.3222187559107,15.009614836319074,15.134378117660983
2.1875,9.17325662275665,0.12866625511556992,19.90245759185958,1.5504797906781123,-0.08768777565472238,0.4607484149750903,274.084320938474,-20.351198761363378,-26.163138105502,885.8176670552389,13.324743703416464,66.96403748916076,418.1784821639182,-17.29267120101602,-8.339747295441288,1014.3057292090858,15.008742999895297,15.133959147705136
2.19,9.173007438167598,0.1287767754462313,19.902420410743982,1.5504363304873294,-0.08771868126795854,0.460741843618472,274.07461166532704,-20.35198761631174,-26.16208731439965,885.7922984850304,13.32301110915135,66.9624093469554,418.1767582992446,-17.292643563274478,-8.33955435900906,1014.2893655005,15.007865418292187,15.133544891428375
2.1925,9.172760897493852,0.1288862823225929,19.902383525911482,1.5503933774411833,-0.08775004940388893,0.46073521080961805,274.06480303322104,-20.35280444510329,-26.161035698964394,885.7670688087611,13.321261552935615,66.9608183245727,418.17494157914405,-17.292631167059536,-8.339361583784372,1014.2731430547806,15.006983157590081,15.133135323891983
2.195,9.172517066512977,0.12899478808178744,19.902346934462894,1.550350941711285,-0.08778185075302483,0.4607285203009993,274.05491219866275,-20.3536476166446,-26.159984364233942,885.7419978319544,13.319496886759763,66.95926411043001,418.1730451459984,-17.292633169359696,-8.339169136884275,1014.2570769051322,15.006097272681206,15.132730419009093
2.1975000000000002,9.172276008327337,0.12910230503459688,19.902310633538022,1.5503090329683968,-0.08781405579613007,0.4607217759061912,274.04495610145904,-20.35451549572853,-26.158934397964035,885.7171049201115,13.317718955852264,66.95774636733873,418.171081944975,-17.292648728943927,-8.338977182944461,1014.2411816821967,15.005208806245784,15.132330149566338
2.2,9.172037783322097,0.12920884545875935,19.90227462031566,1.5502676603785575,-0.08784663484835048,0.46071498149328094,274.03495144740833,-20.355406445140222,-26.157886869562073,885.6924089815861,13.31592959649014,66.95626473327916,418.1690647127763,-17.292677007275657,-8.338785883964787,1014.2254716035301,15.004318787757542,15.131934487245505
2.2025,9.171802449126826,0.12931442159240053,19.902238892013557,1.5502268325997761,-0.08787955810274835,0.4607081409783218,274.02491469160555,-20.356318827728202,-26.156842829062615,885.6679284512838,13.314130633855337,66.95481882218876,418.1670059668174,-17.292717169408277,-8.338595399160049,1014.209960463686,15.003428232518823,15.131543402645265
2.205,9.171570060580578,0.1294190456275489,19.90220344588838,1.55018655777928,-0.08791279567319295,0.4607012583188407,274.01486202234514,-20.357251008440823,-26.155803306143387,885.6436812751931,13.312323879938914,66.95340822476325,418.16491799481435,-17.29276838486293,-8.338405884815685,1014.1946616249145,15.002538140725886,15.131156865302932
2.2075,9.171340669700637,0.12952272970377113,19.902168279235617,1.5501468435513222,-0.08794631763656101,0.4606943375074082,274.00480934565854,-20.358201356323768,-26.154769309184157,885.6196848957687,13.310511131495783,66.9520325092696,418.16281284482415,-17.292829828485566,-8.338217494149253,1014.1795880084873,15.00164949656585,15.130774843716376
2.21,9.17111432565468,0.12962548590196024,19.902133389389483,1.550107697035532,-0.08798009407420176,0.4606873825652784,273.9947722704731,-20.3591682464786,-26.153741824367586,885.595956238148,13.308694168050028,66.95069122236922,418.1607023156969,-17.29290068128536,-8.338030377176844,1014.1647520866246,15.00076326734412,15.130397305365843
2.2125,9.170891074736627,0.12972732623821898,19.902098773722777,1.5500691248358114,-0.08801409511262438,0.46068039753610646,273.98476609441263,-20.360150061979333,-26.152721814823174,885.5725116972358,13.306874749954844,66.94938388995106,418.15859794798723,-17.29298013125119,-8.337844680585404,1014.1501658750572,14.999880402644772,15.130024216736102
2.215,9.170670960345877,0.12982826265779368,19.902064429646764,1.5500311330397603,-0.0880482909633663,0.46067338647974987,273.9748057902396,-20.36114519574628,-26.15171021981443,885.5493671256198,13.305054616505663,66.94811001797247,418.1565110152943,-17.293067374147707,-8.337660547610339,1014.1358409261908,14.999001833522485,15.129655543338473
2.2175000000000002,9.170454022970132,0.12992830702935473,19.902030354610957,1.5499937272186348,-0.08808265196200368,0.46066635346616236,273.9649059929459,-20.36215205237485,-26.150707953969246,885.5265378223619,13.303235484110887,66.94686909330795,418.1544525160527,-17.293161614289122,-8.337478117918891,1014.1217883228954,14.998128471727822,15.129291249733084
2.22,9.170240300171654,0.13002747113923357,19.901996546102943,1.5499569124278236,-0.08811714860626692,0.4606593025693852,273.95508098750076,-20.363169049918085,-26.14971590655439,885.5040385226289,13.301419044519314,66.9456605846038,418.1524331657662,-17.293262065290914,-8.33729752749914,1014.1080186729065,14.997261208965384,15.128931299551267
2.2225,9.170029826576991,0.13012576668586265,19.90196300164816,1.5499206932078367,-0.08815175159322632,0.4606522378616439,273.94534469725295,-20.36419462162148,-26.148734940793673,885.4818833881832,13.29960696310678,66.94448394313764,418.15046338969114,-17.293367950798665,-8.337118908554721,1014.0945421038391,14.996400916185593,15.128575655518011
2.225,9.169822633870117,0.13022320527438816,19.901929718809654,1.549885073585798,-0.08818643185551456,0.4606451634075556,273.9357106729931,-20.36522721760886,-26.14776589322983,885.4600859987282,13.297800877222931,66.94333860368288,418.1485533159657,-17.293478505193693,-8.336942389405305,1014.0813682588101,14.995548442910234,15.128224279474649
2.2275,9.169618750789,0.13031979841147548,19.90189669518781,1.5498500570774398,-0.08822116059655508,0.4606380832584536,273.92619208268155,-20.366265306517583,-26.146809573131037,885.438659344099,13.296002394598883,66.94222398537548,418.1467127691949,-17.29359297427474,-8.336768094392982,1014.0685062926706,14.994704616592136,15.127877132401675
2.23,9.16941820312546,0.13041555750017622,19.90186392842007,1.5498156466895792,-0.08825590932476719,0.46063100144683444,273.91680170183315,-20.3673073770827,-26.14586676194062,885.4176158173041,13.294213091817275,66.94113949258342,418.1449512644774,-17.29371061591595,-8.336596143794353,1014.0559648688293,14.993870242008601,15.127534174441717
2.2325,9.169221013728393,0.1305104938350721,19.901831416180638,1.5497818449230791,-0.08829064988672103,0.460623921980933,273.9075519045704,-20.368351939668127,-26.144938212771333,885.3969672084019,13.292434512844952,66.94008451577689,418.1432780018851,-17.29383070070023,-8.336426653738549,1014.0437521566859,14.993046100689911,15.127195364922756
2.235,9.169027202510257,0.13060461859753375,19.90179915618014,1.5497486537762797,-0.08832535449921688,0.4606168488394309,273.89845465533676,-20.369397527744248,-26.14402464994326,885.3767246992218,13.290668167630027,66.93905843239908,418.1417018613879,-17.293952512528023,-8.336259736131085,1014.0318758296486,14.99223295038199,15.126860662381505
2.2375000000000003,9.168836786456762,0.13069794285113312,19.9017671461653,1.5497160747488912,-0.08835999578026622,0.46060978596630275,273.8895215012679,-20.370442699311432,-26.143126768565054,885.356898858907,13.288915530762836,66.93806060773589,418.14023139822336,-17.294075349201076,-8.336095498583559,1014.020343063737,14.991431524543685,15.12653002458699
2.24,9.168649779639807,0.13079047753733694,19.901735383918567,1.5496841088463393,-0.08839454677895295,0.46060273726580536,273.88076356522606,-20.371486038267495,-26.142245234159102,885.3374996402881,13.287178040202964,66.93709039578421,418.13887483872276,-17.29419852298031,-8.335934044349457,1014.0091605367716,14.990642531879095,15.126203408564454
2.2425,9.168466193233424,0.13088223347122724,19.901703867257744,1.5496527565845555,-0.08842898100415601,0.4605957065976134,273.8721915394849,-20.37252615571983,-26.14138068232939,885.3185363770552,13.285457096070651,66.93614714011711,418.13764007655203,-17.294321361119692,-8.33577547226539,1013.9983344281214,14.98986665590385,15.12588077061933
2.245,9.16828603553293,0.13097322133757724,19.90167259403559,1.5496220179951994,-0.08846327245211605,0.4605886977721062,273.8638156800659,-20.373561691240273,-26.140533718472245,885.3000177817564,13.283754059505936,66.93523017474641,418.1365346694233,-17.294443206372577,-8.335619876698686,1013.9878704190369,14.989104554547216,15.125562066361622
2.2475,9.168109311976984,0.13106345168699277,19.9016415621394,1.5495918926313053,-0.08849739563283067,0.4605817145458093,273.8556458017224,-20.374591314062997,-26.13970491752969,885.2819519445678,13.282070251592781,66.93433882498003,418.13556583621124,-17.29456341747404,-8.335467347500385,1013.9777736935188,14.988356859787666,15.12524725073044
2.25,9.167936025172727,0.13115293493223695,19.901610769490613,1.5495623795733424,-0.08853132559526541,0.4605747606169939,273.8476912735651,-20.375613724224085,-26.138894823784884,885.2643463328677,13.280406952351498,66.9334724082749,418.13474045453137,-17.294681369595445,-8.335317969964494,1013.9680489397533,14.987624177324022,15.124936278018891
2.2525,9.167766174923669,0.13124168134487507,19.90158021404433,1.5495334774356775,-0.08856503795136876,0.4605678396214373,273.839961015317,-20.376627653643673,-26.138103950698593,885.2472077915642,13.2787653997965,66.932630235083,418.13406505871814,-17.294796454774552,-8.33517182479264,1013.958700352074,14.986907086280254,15.124629101899115
2.255,9.167599758260504,0.1313297010519376,19.90154989378889,1.5495051843734293,-0.08859850889888152,0.46056095512834844,273.8324634942011,-20.377631867148914,-26.137332780787276,885.2305425441957,13.277146789062499,66.93181160969161,418.13354583824,-17.29490808231876,-8.33502898806465,1013.9497316334651,14.986206138945246,15.124325675447732
2.2575,9.167436769474682,0.13141700403295192,19.901519806745373,1.5494774980897061,-0.0886317152429333,0.46055411063645857,273.8252067224439,-20.378625163438468,-26.136581765541248,885.214356194774,13.275552271597101,66.93101583105508,418.1331886365332,-17.295015679182068,-8.334889531214909,1013.9411459985744,14.985521860545969,15.124025951171499
2.2600000000000002,9.16727720015463,0.13150360011695772,19.901489950967164,1.5494504158432107,-0.08866463441641978,0.4605473095702824,273.8181982553953,-20.379606375987848,-26.13585132538307,885.1986537303549,13.273982954420338,66.93024219361881,418.1329989502434,-17.29511869031619,-8.334753521014276,1013.9329461772418,14.984854749054977,15.123729881033228
2.2625,9.167121039224638,0.13158949897995845,19.901460324539414,1.5494239344562066,-0.08869724449915721,0.46054055527654936,273.8114451902458,-20.380574373895953,-26.135141849664898,885.1834395243332,13.272439899451427,66.9294899881337,418.13298192887265,-17.295216578995632,-8.334621019557598,1013.9251344185302,14.98420527503147,15.123437416478126
2.265,9.166968272986251,0.13167471014237375,19.901430925578563,1.549398050322832,-0.08872952423581135,0.4605338510208083,273.8049541653404,-20.381528062672515,-26.134453696704437,885.1687173404337,13.27092412290154,66.92875850246115,418.1331423748309,-17.29530882711644,-8.33449208425684,1013.9177124952378,14.98357388149546,15.123148508460275
2.2675,9.166818885162188,0.13175924296680264,19.90140175223181,1.5493727594177458,-0.0887614530526007,0.460527199984206,273.79873136007797,-20.3824663849661,-26.133787193859188,885.1544903373989,13.269436594733786,66.92804702236747,418.1334847438844,-17.295394935468835,-8.334366767839757,1013.9106817088918,14.98296098383517,15.122863107469506
2.27,9.166672856942602,0.13184310665585644,19.901372802676615,1.5493480573051026,-0.08879301107277508,0.4605206052604415,273.79278249538044,-20.38338832123382,-26.13314263763737,885.1407610743329,13.26797823818804,66.92735483230675,418.13401314598366,-17.29547442398438,-8.334245118353799,1013.9040428952057,14.982366969746863,15.122581163558554
2.2725,9.166530167033637,0.13192631025038082,19.901344075120132,1.5493239391478368,-0.08882417913087222,0.4605140698528964,273.7871128347188,-20.384292890352597,-26.132520293844824,885.1275315167097,13.266549929371763,66.92668121619262,418.1347313464736,-17.29554683195733,-8.334127179175473,1013.8977964299836,14.981792199206811,15.122302626370447
2.275,9.166390791708302,0.13200886262763098,19.9013155677987,1.5493003997172439,-0.088854938785757,0.46050759667194296,273.78172718570505,-20.385179150170796,-26.13192039776883,885.1148030430132,13.2651524969159,66.92602545815677,418.1356427676842,-17.295611718239957,-8.334012989025002,1013.8919422354784,14.981237004475844,15.122027445166283
2.2775,9.166254704859416,0.13209077249987222,19.901287278977264,1.5492774334028547,-0.08888527233244936,0.4605011885324295,273.7766299022056,-20.386046198003328,-26.131343154395125,885.1025764519915,13.26378672169437,66.9253868432949,418.13675049088044,-17.2956686614128,-8.333902581986116,1013.8864797871561,14.98070169013399,15.121755568853239
2.2800000000000002,9.16612187805461,0.13217204841297708,19.90125920694884,1.5492550342225786,-0.08891516281274829,0.46049484815134306,273.7718248869895,-20.38689317106823,-26.13078873865947,885.0908519705157,13.26245333660797,66.92476465839904,418.1380572585679,-17.295717259929845,-8.333795987530866,1013.8814081208928,14.980186533147311,15.121486946012817
2.2825,9.165992280593372,0.1322526987453205,19.901231350033946,1.5492331958331118,-0.08894459402466114,0.46048857814565014,273.7673155948895,-20.38771924686622,-26.130257295732278,885.079629262013,13.261153026430383,66.92415819267542,418.1395654771529,-17.295757132238464,-8.333693230549528,1013.8767258405594,14.979691782964377,15.12122152492946
2.285,9.1658658795659,0.13233273170684381,19.90120370658003,1.5492119115405931,-0.08897355053064863,0.46048238103031475,273.7631050364593,-20.38852364350391,-26.129748941334803,885.068907435463,13.259886427716639,66.92356673844778,418.141277219941,-17.29578791687475,-8.33359433138536,1013.8724311259977,14.979217661642895,15.12095925361938
2.2875,9.165742639913816,0.13241215533827777,19.901176274960903,1.5491911743114968,-0.08900201766469787,0.4604762592164926,273.7591957821189,-20.389305619960773,-26.129263762086666,885.0586850549329,13.258654128772584,66.92298959184555,418.1431942304673,-17.29580927253449,-8.33349930587414,1013.868521741365,14.978764364005636,15.120700079859645
2.29,9.165622524492534,0.1324909775105765,19.90114905357615,1.5491709767837467,-0.08902998153823596,0.46047021500990204,273.7555899667727,-20.390064476300818,-26.12880181588348,885.0489601496334,13.257456669684531,66.92242605347614,418.1453179261481,-17.29582087812015,-8.333408165388342,1013.8649950438371,14.97833205782495,15.120443951217492
2.2925,9.165505494135301,0.13256920592448848,19.90112204085057,1.549151311278042,-0.08905742904489979,0.4604642506093688,273.75228929488463,-20.390799553829495,-26.128363132303544,885.0397302244768,13.256294542408343,66.92187542908125,418.1476494022553,-17.295822432763508,-8.333320916886038,1013.8618479926592,14.977920884035989,15.120190815079928
2.295,9.165391507718688,0.13264684811035968,19.901095235233566,1.5491321698093767,-0.08908434786417689,0.46045836810554497,273.74929504599453,-20.391510235197195,-26.127947713042477,885.0309922711024,13.255168190915823,66.9213370301762,418.15018943618134,-17.295813655825775,-8.333237562964023,1013.8590771585125,14.977530956976516,15.119940618683483
2.2975,9.165280522229573,0.13272391142808065,19.901068635198573,1.5491135440987438,-0.08911072646393543,0.4604525694798,273.7466080806636,-20.39219594444924,-26.12755553237497,885.0227427793766,13.25407801139933,66.92081017467291,418.1529384920108,-17.29579428687389,-8.333158101915442,1013.8566787332035,14.977162364654351,15.119693309144195
2.3000000000000003,9.165172492833456,0.13280040306717916,19.901042239242475,1.549095425585008,-0.08913655410186089,0.46044685660328133,273.74422884683594,-20.392856147023743,-26.1271865376429,885.0149777493152,13.253024352531284,66.92029418748486,418.1558967253757,-17.295764085634268,-8.33308252779163,1013.8546485396524,14.976815169040925,15.119448833487832
2.3025,9.165067372944003,0.13287633004717248,19.90101604588499,1.5490778054369327,-0.08916182082581921,0.4604412312361443,273.74215738659626,-20.39349034969823,-26.12684064976822,885.0076927034281,13.252007515778875,66.91978840111469,418.1590639885833,-17.295722831924486,-8.333010830467963,1013.85298204216,14.976489406390293,15.119207138680189
2.305,9.164965114293658,0.13295169921792307,19.900990053668117,1.549060674565352,-0.08918651747316676,0.4604356950269477,273.74039334330126,-20.394098100486758,-26.12651776378903,885.0008826994476,13.251027755771306,66.91929215622343,418.16243983600515,-17.29567032556334,-8.332942995713587,1013.8516743569295,14.976185087582138,15.118968171657528
2.3075,9.164865667005506,0.1330265172603781,19.9009642611555,1.549044023635467,-0.08921063566902887,0.46043024951221373,273.7389359690925,-20.394678988486405,-26.126217749419816,884.9945423434393,13.250085280720192,66.91880480218138,418.1660235297381,-17.295606386258545,-8.332879005265298,1013.8507202628696,14.975902198490655,15.118731879357316
2.31,9.164768979665862,0.13310079068719102,19.900938666931893,1.5490278430792592,-0.08923416782356895,0.46042489611614895,273.737784132746,-20.395232643676763,-26.125940451632268,884.988665803253,13.249180252889737,66.91832569760066,418.1698140454881,-17.295530853474794,-8.332818836904673,1013.850114212599,14.975640700374715,15.118498208748823
2.3125,9.164674999397903,0.13317452584375644,19.900913269602526,1.5490121231080032,-0.08925710712827199,0.4604196361505243,273.73693632786404,-20.39575873667171,-26.125685691257342,884.9832468223032,13.24831278911659,66.9178542108482,418.17381007870983,-17.2954435862801,-8.33276246453915,1013.8498503436988,14.975400530292337,15.118267106863984
2.315,9.164583671935954,0.13324772890926015,19.900888067792536,1.548996853724866,-0.08927944755126654,0.4604144708147111,273.73639068138175,-20.3962569784254,-26.125453265606634,884.978278733654,13.247482961377399,66.9173897205399,418.17801005095373,-17.29534446317316,-8.332709858286243,1013.8499224901498,14.97518160153566,15.118038520828255
2.3175,9.164494941700502,0.13332040589789299,19.900863060146378,1.54898202473758,-0.0893011838317102,0.46040940119586954,273.73614496237434,-20.39672711989371,-26.125242949112,884.9737544743846,13.246690797402705,66.91693161601529,418.1824121164382,-17.29523338189054,-8.332660984561183,1013.8503241939668,14.974983804087627,15.11781239789151
2.32,9.164408751873742,0.13339256266014904,19.900838245327265,1.5489676257711742,-0.08932231147326451,0.4604044282692875,273.7361965911512,-20.39716895165189,-26.125054493982706,884.9696666002162,13.245936281335634,66.91647929779259,418.1870141688147,-17.295110259195557,-8.332615806167567,1013.8510487170041,14.974807005098622,15.117588685458905
2.3225000000000002,9.164325044475692,0.13346420488442043,19.900813622016557,1.5489536462807505,-0.08934282673668578,0.460399552898865,273.73654264862256,-20.39758230346961,-26.124887630878977,884.9660073003788,13.245219354434346,66.91603217800387,418.19181384814203,-17.29497503064764,-8.332574282391235,1013.8520890529192,14.97465104938267,15.117367331121821
2.325,9.16424376044056,0.1335353380985551,19.900789188913212,1.548940075564292,-0.08936272663155902,0.46039477583774224,273.73717988591125,-20.397967043845668,-26.1247420696,884.9627684126876,13.244539915815368,66.91558968081037,418.1968085480178,-17.294827650355337,-8.332536369096594,1013.8534379392701,14.97451575993175,15.11714828268863
2.3275,9.164164839693495,0.13360596767165195,19.9007649447332,1.5489269027754895,-0.08938200890720277,0.4603900977290666,273.73810473420303,-20.398323079502678,-26.124617499786087,884.9599414388159,13.243897823237539,66.91515124279763,418.20199542290015,-17.294668090710786,-8.332502018825958,1013.8550878697442,14.974400938448152,15.116931488215496
2.33,9.164088221227596,0.13367609881589468,19.900740888208958,1.548914116936571,-0.08940067204277335,0.46038551910689496,273.73931331482527,-20.39865035484262,-26.124513591634457,884.9575175597464,13.243292893925007,66.91471631335087,418.2073713955854,-17.294496342107614,-8.332471180901331,1013.8570311064994,14.974306365893975,15.116716896037026
2.3325,9.164013843180843,0.13374573658858951,19.90071701808881,1.5489017069511222,-0.08941871523659695,0.4603810403972286,273.74080144951307,-20.398948851366725,-26.12442999662528,884.9554876513558,13.242724905425607,66.91428435500927,418.2129331648262,-17.294312412643286,-8.332443801528484,1013.8592596925819,14.974231803055515,15.116504454796736
2.335,9.163941642913215,0.1338148858942758,19.900693333136417,1.5488896616168837,-0.08943613839475949,0.4603766619191749,273.74256467087383,-20.39921858705862,-26.12436634825939,884.9538423001459,13.242193596506024,66.9138548438009,418.21867721309616,-17.2941163278052,-8.332419823903342,1013.8617654644427,14.974176991124189,15.116294113477435
2.3375,9.163871557083704,0.1338835514868597,19.900669832130262,1.5488779696385133,-0.08945294211898348,0.4603723838862333,273.7445982330245,-20.39945961573303,-26.124322262805787,884.9525718190715,13.241698668079781,66.91342726955688,418.2245998144805,-17.293908130141922,-8.33239918832049,1013.8645400645047,14.974141652290774,15.116085821431366
2.34,9.163803521727043,0.13395173797208704,19.900646513863055,1.5488666196402978,-0.08946912769382222,0.4603682064077002,273.74689712237034,-20.399672026352846,-26.12429734005625,884.9516662634468,13.241239784166247,66.91300113620468,418.23069704267647,-17.293687878920437,-8.332381832283433,1013.8675749537714,14.974125490352986,15.11587952841006
2.3425000000000002,9.163737472330396,0.13401944980982353,19.900623377141248,1.548855600178801,-0.08948469707320147,0.4603641294901904,273.74945606853703,-20.39985594231314,-26.124291164088667,884.951115446938,13.24081657288173,66.91257596204228,418.2369647791122,-17.293455649768752,-8.332367690616879,1013.8708614244885,14.97412819133659,15.115675184594105
2.345,9.1636733439095,0.13408669131667944,19.90060042078447,1.5488448997554383,-0.08949965286633961,0.4603601530392677,273.75226955541495,-20.400011520696427,-26.12430330403585,884.9509089575715,13.24042862745667,66.91215127999077,418.24339872114723,-17.293211534306185,-8.33235669558044,1013.8743906127889,14.974149424126393,15.115472740622327
2.3475,9.163611071084524,0.1341534666685115,19.900577643625056,1.5488345068289622,-0.08951399832307665,0.4603562768611837,273.75533183231613,-20.40013895149856,-26.124333314859875,884.9510361737886,13.240075507281347,66.91172663782748,418.24999439036253,-17.292955639760688,-8.33234877698381,1013.8781535113744,14.974188841109793,15.115272147620944
2.35,9.163550588155372,0.13421977990323516,19.900555044507477,1.5488244098278463,-0.08952773731864358,0.4603525006647177,273.75863692522165,-20.4002384568277,-26.124380738130725,884.9514862804887,13.239756738975483,66.9113015983987,418.2567471409273,-17.292688088574092,-8.332343862303382,1013.8821409821593,14.974246078828912,15.11507335723216
2.3525,9.163491829176365,0.1342856349234893,19.900532622287894,1.5488145971625566,-0.08954087433790282,0.4603488240631147,273.7621786480994,-20.40031029007805,-26.124445102807428,884.9522482850615,13.239471817481363,66.91087573981208,418.26365216802026,-17.2924090179965,-8.332341876799829,1013.8863437688952,14.97432075864208,15.114876321642432
2.355,9.163434728030332,0.13435103549951702,19.90051037583364,1.5488050572376972,-0.08955341445909117,0.4603452465761158,273.76595061429015,-20.400354735078785,-26.12452592602215,884.9533110333774,13.23922020717827,66.91044865560933,418.27070451631414,-17.292118579669392,-8.332342743636895,1013.8907525097546,14.974412487393508,15.11468099361027
2.3575,9.163379218501905,0.13441598527212303,19.90048830402273,1.5487957784640176,-0.08956536333709629,0.460341767632078,273.7699462479369,-20.40037210522033,-26.12462271386511,884.9546632257321,13.239001343017199,66.9100199549191,418.27789908849456,-17.291816939199066,-8.332346384000902,1013.8953577498563,14.97452085808998,15.114487326493636
2.36,9.163325234349955,0.13448048775557697,19.90046640574341,1.548786749270272,-0.08957672718629824,0.46033838657017695,273.77415879544003,-20.40036274256002,-26.124734962169196,884.956293432702,13.238814631672646,66.90958926258975,418.2852306538079,-17.291504275720904,-8.332352717220878,1013.9001499537209,14.974645450583912,15.114295274276788
2.3625000000000003,9.163272709379157,0.13454454634073212,19.900444679893663,1.5487779581149186,-0.08958751276300689,0.4603351026426888,273.77858133693235,-20.40032701690747,-26.12486215729415,884.9581901109163,13.23865945271141,66.90915621930297,418.29269385663656,-17.291180781454475,-8.332361660889362,1013.9051195176411,14.974785832261638,15.114104791596578
2.365,9.163221577510665,0.134608164298069,19.900423125380787,1.5487693934976434,-0.0895977273475264,0.4603319150173474,273.7832067977603,-20.400265324891365,-26.125003776909278,884.960341618719,13.238535159775855,66.90872048166804,418.30028322509014,-17.290846661250193,-8.332373130983683,1013.9102567819609,14.974941558736743,15.11391583376827
2.3675,9.16317177285157,0.13467134478084422,19.90040174112093,1.5487610439707051,-0.08960737872587772,0.46032882277977016,273.78802795994426,-20.40017808901018,-26.125159290772707,884.9627362316917,13.238441081779628,66.90828172229658,418.30799317958224,-17.290502132129514,-8.332387041987193,1013.9155520432352,14.975112174546389,15.113728356810663
2.37,9.163123229763388,0.1347340908283132,19.900380526038663,1.548752898150085,-0.0896164751712098,0.46032582493594976,273.7930374736177,-20.40006575666703,-26.12532816150746,884.9653621580435,13.23837652411508,66.90783962985884,418.3158180414151,-17.290147422817203,-8.33240330701086,1013.9209955662803,14.97529721385138,15.113542317470678
2.3725,9.163075882929286,0.13479640536894333,19.900359479066555,1.5487449447264312,-0.08962502542492996,0.4603229204148056,273.7982278684258,-20.399928799190835,-26.125509845372843,884.9682075538253,13.238340769869572,66.90739390912105,418.3237520413371,-17.28978277326798,-8.332421837914733,1013.9265775960683,14.975496201136862,15.113357673247183
2.375,9.163029667420094,0.13485829122369405,19.90033859914476,1.5487371724757923,-0.08963303867758379,0.46032010807079166,273.80359156487145,-20.399767710844785,-26.125703793030638,884.9712605379766,13.238333081050213,66.90694428096425,418.3317893280724,-17.28940843418758,-8.332442545429101,1013.9322883694999,14.975708651915776,15.113174382414224
2.3775,9.162984518759028,0.13491975110928756,19.900317885220627,1.5487295702701236,-0.08964052454951449,0.4603173866865548,273.80912088559705,-20.39958300782385,-26.125909450304956,884.9745092071715,13.238352699814493,66.90649048238537,418.339923976824,-17.28902466654819,-8.332465339275615,1013.9381181269985,14.975934073431452,15.112992404043482
2.38,9.162940372984954,0.13498078764158405,19.900297336248293,1.548722127087564,-0.08964749307133132,0.46031475497563984,273.81480806658317,-20.399375227243,-26.126126258934796,884.9779416504535,13.23839884970518,66.90603226647984,418.3481499977136,-17.28863174110068,-8.33249012828753,1013.9440571239383,14.97617196535983,15.112811698025956
2.3825,9.162897166714338,0.13504140333890538,19.900276951188317,1.548714832022467,-0.08965395466421654,0.4603122115852361,273.82064526826036,-20.399144926116886,-26.126353657318937,884.9815459636499,13.238470736888608,66.90556940240734,418.35646134418295,-17.288229937881983,-8.332516820529706,1013.9500956418987,14.97642182051101,15.112632225092955
2.3850000000000002,9.162854837201607,0.13510160062541227,19.900256729007307,1.548707674295184,-0.0896599201200994,0.46030975509896155,273.82662458651816,-20.398892680332846,-26.12659108125225,884.9853102635435,13.238567551393965,66.90510167533962,418.36485192131744,-17.28781954572034,-8.332545323417598,1013.9562239997142,14.976683125527801,15.112453946836187
2.3875,9.162813322398083,0.13516138183445486,19.900236668677575,1.548700643261585,-0.08966540058172635,0.4603073840396794,273.8327380636001,-20.398619083618343,-26.12683796465262,884.9892227017956,13.238688468352688,66.90462888639192,418.37331559411246,-17.28740086173708,-8.332575543835606,1013.9624325643315,14.976955361582057,15.112276825727037
2.39,9.162772561009234,0.13522074921203295,19.900216769176776,1.5486937284223168,-0.0896704075226546,0.460305096872343,273.83897769887176,-20.39832474650455,-26.127093740277534,884.9932714786003,13.238832649235865,66.90415085253747,418.38184619564544,-17.28697419084735,-8.332607388254225,1013.9687117614492,14.977238005066951,15.112100825135052
2.3925,9.162732492550324,0.1352797049201456,19.900197029487586,1.5486869194317805,-0.08967495272719747,0.4603028920068642,273.8453354594512,-20.398010295287317,-26.127357840429834,884.9974448560624,13.238999243088523,66.90366740650627,418.390437535164,-17.28653984525924,-8.332640762846122,1013.975052085934,14.977530528284877,15.111925909345446
2.395,9.162693057400364,0.13533825104018052,19.90017744859739,1.5486802061068325,-0.08967904827034803,0.46030076780100204,273.8518032906966,-20.39767637098644,-26.12762969765222,885.0017311712793,13.239187387758811,66.90317839666702,418.3990834060752,-17.28609814397236,-8.332675573600952,1013.9814441120084,14.977832400130175,15.111752043575718
2.3975,9.162654196854412,0.135396389576365,19.90015802549795,1.5486735784351926,-0.0896827064977077,0.4602987225632653,273.8583731265353,-20.397323628304818,-26.127908745409574,885.0061188491317,13.2393962111218,66.90268368689487,418.40777759383644,-17.285649412275895,-8.332711726438877,1013.9878785031955,14.978143086765982,15.111579193991398
2.4,9.162615853174012,0.13545412245908803,19.900138759185143,1.5486670265835591,-0.08968594000544589,0.4602967545558269,273.8650368996224,-20.396952734589245,-26.12819441875807,885.010596414754,13.239624832295016,66.90218315642323,418.41651388372935,-17.28519398124745,-8.332749127322513,1013.9943460220203,14.978462052294638,15.1114073277208
2.4025,9.162577969635889,0.135511451548333,19.90011964865864,1.548660540905422,-0.089688761620316,0.46029486199744474,273.8717865513297,-20.396564368793,-26.1284861550016,885.0151525056802,13.239872362845128,66.90167669968112,418.4252860685095,-17.284732187253184,-8.332787682367218,1014.0008375394414,14.978788759420103,15.111236412868719
2.4050000000000002,9.16254049057875,0.13556837863702473,19.90010069292166,1.5486541119485675,-0.08969118437975251,0.46029304306638463,273.878614041542,-20.3961592204428,-26.128783394333485,885.0197758836592,13.240137907984229,66.9011642261162,418.4340879559342,-17.284264371449254,-8.332827297949699,1014.0073440440318,14.979122670103152,15.111066418529278
2.4075,9.162503361448335,0.13562490545435163,19.900081890980704,1.5486477304622746,-0.08969322151207357,0.46029129590334295,273.88551135826714,-20.395737988609774,-26.129085580464565,885.0244554461344,13.240420567755152,66.90064566000424,418.4429133761633,-17.283790879285053,-8.332867880814923,1014.0138566508856,14.979463246207803,15.11089731479772
2.41,9.162466528840392,0.1356810336691357,19.900063241845295,1.5486413874041896,-0.08969488641681231,0.46028961861436263,273.8924705270338,-20.39530138088752,-26.129392161235153,885.0291802373586,13.240719438202763,66.90012094024488,418.4517561890053,-17.28331206000999,-8.332909338180851,1014.0203666102353,14.979809950137813,15.110729072781053
2.4125,9.162429940541918,0.1357367648931258,19.900044744527747,1.5486350739468828,-0.0896961926452001,0.4602880092737414,273.8994836200935,-20.394850112376073,-26.129702589212975,885.0339394591624,13.24103361253204,66.8995900201445,418.4606102910323,-17.28282826618255,-8.332951577841373,1014.026865315797,14.980162245464001,15.110561664607841
2.415,9.16239354557028,0.13579210068423697,19.90002639804295,1.5486287814840802,-0.08969715388082379,0.460286465926926,273.90654276538936,-20.394384904675377,-26.130016322273633,885.0387224813522,13.241362182250471,66.89905286718668,418.4694696225289,-17.282339853183892,-8.332994508266898,1014.0333443128212,14.980519597540876,15.110395063436826
2.4175,9.162357294210468,0.13584704254980245,19.900008201408152,1.5486225016365631,-0.08969778392047846,0.46028498659339034,273.91364015531127,-20.393906484887424,-26.13033282416574,885.0435188517303,13.241704238293572,66.89850946279036,418.4783281742923,-17.28184717873521,-8.333038038702894,1014.0397953058423,14.980881474111863,15.110229243464458
2.42,9.162321138050311,0.13590159194981696,19.899990153642747,1.5486162262577392,-0.08969809665523662,0.460283569269494,273.92076805521543,-20.393415584628983,-26.130651565058844,885.0483183057415,13.242058872133367,66.8979598020566,418.4871799942632,-17.28135060242003,-8.333082079265994,1014.0462101661287,14.981247345903059,15.110064179931449
2.4225,9.162285030013729,0.1359557503000595,19.8999722537681,1.548609947438878,-0.08969810605175389,0.4602822119313164,273.92791881170746,-20.39291293905582,-26.130972022074292,885.0531107757356,13.242425176867966,66.89740389350422,418.4960191939937,-17.280850485211385,-8.333126541037824,1014.0525809388364,14.981616687205268,15.109899849128162
2.4250000000000003,9.162248924391909,0.13600951897523242,19.89995450080737,1.548603657514009,-0.08969782613383065,0.460280912537465,273.93508486068185,-20.392399285899366,-26.131293679798574,885.0578863998301,13.24280224829094,66.89684175879445,418.50483995493244,-17.28034718900523,-8.333171336156205,1014.0588998498366,14.98198897644254,15.109736228398962
2.4275,9.162212776872481,0.13606289931207027,19.89993689378533,1.5485973490644827,-0.08969727096424819,0.4602796690318527,273.94225873511294,-20.391875364516753,-26.131616030778837,885.0626355303872,13.243189185940585,66.89627343244568,418.51363653453836,-17.279841076159485,-8.333216377903932,1014.0651593122416,14.982363696728173,15.109573296145385
2.43,9.162176544566616,0.13611589261237383,19.899919431728215,1.5485910149231896,-0.08969645462689749,0.4602784793464426,273.949433072586,-20.391341914955674,-26.1319385759998,885.0673487420879,13.243585094126932,66.89569896153839,418.52240327220443,-17.279332509040067,-8.333261580794812,1014.0713519326029,14.982740336406453,15.109411031828293
2.4325,9.162140186034186,0.13616850014595214,19.899902113663597,1.5485846481784407,-0.08969539120921753,0.46027734140395654,273.9566006225856,-20.390799677033165,-26.132260825343636,885.0720168396031,13.243989082936558,66.89511840541091,418.53113459500173,-17.27882184957347,-8.333306860657087,1014.0774705168034,14.983118389581163,15.109249415968911
2.435,9.1621036613067,0.13622072315363692,19.89988493862023,1.548578242177505,-0.08969409478495986,0.46027625312054393,273.9637542535005,-20.39024938943218,-26.13258229802944,885.07663086486,13.24440026921353,66.8945318353462,418.5398250232232,-17.27830945880726,-8.33335213471406,1014.0835080756077,14.983497356628405,15.109088430148654
2.4375,9.162066931908358,0.13627256285012365,19.899867905627936,1.5485717905298053,-0.08969257939729482,0.46027521240840985,273.9708869593769,-20.389691788813778,-26.13290252303516,885.0811821039006,13.244817777516237,66.89393933425052,418.5484691757414,-17.27779569647786,-8.333397321661925,1014.0894578299083,14.983876744695813,15.108928057008024
2.44,9.162029960874921,0.1363240204267816,19.899851013717512,1.5485652871097744,-0.08969085904227436,0.46027421717839767,273.9779918663939,-20.38912760894773,-26.133221039499855,885.0856620933279,13.245240741048935,66.89334099632443,418.5570617751535,-17.27728092058739,-8.33344234174456,1014.0953132156224,14.984256068184932,15.108768280244245
2.4425,9.16199271277068,0.13637509705452228,19.899834261920592,1.5485587260593685,-0.0896889476526658,0.4602732653425251,273.9850622390704,-20.388557579861022,-26.13353739710722,885.0900626263499,13.245668302567958,66.89273692672629,418.5655976527456,-17.276765486987756,-8.333487116825715,1014.1010678882865,14.984634849219635,15.108609084607906
2.445,9.161955153703229,0.13642579388637482,19.899817649269604,1.5485521017902437,-0.0896868590821695,0.4602723548164709,273.99209148619076,-20.387982427006122,-26.133851156449253,885.0943757583966,13.246099615260354,66.892127241229,418.57407175323124,-17.27624974897507,-8.333531570457877,1014.106715727297,14.985012618096928,15.108450455898456
2.4475000000000002,9.161917251336304,0.13647611206026625,19.899801174797652,1.5485454089855926,-0.08968460709003334,0.4602714835220093,273.99907316645306,-20.387402870448934,-26.13416188937067,885.0985938123388,13.246533843596364,66.89151206587047,418.58247913929233,-17.275734056892645,-8.33357562794825,1014.1122508398348,14.985388913722254,15.108292380958588
2.45,9.161878974900608,0.13652605270152157,19.899784837538476,1.5485386426016445,-0.08968220532607556,0.46027064938939094,274.0060009938421,-20.386819624076736,-26.134469179294253,885.1027093832902,13.246970164153659,66.89089153659829,418.59081499591304,-17.275218757743517,-8.333619216421722,1014.1176675644657,14.985763284028508,15.108134847667662
2.4525,9.16184029520264,0.13657561692545958,19.89976863652637,1.5485317978688358,-0.08967966731612724,0.4602698503596678,274.0128688427163,-20.386233394827702,-26.134772621526224,885.1067153429972,13.2474077664132,66.89026579890907,418.5990746345015,-17.274704194812863,-8.333662264880758,1014.1229604743979,14.986135286377378,15.10797784493393
2.455,9.161801184631424,0.13662480583978137,19.89975257079616,1.548524870292643,-0.08967700644790462,0.4602690843869596,274.0196707526058,-20.3856448819425,-26.135071823541566,885.1106048438197,13.247845853526174,66.88963500748281,418.607253496787,-17.274190707301408,-8.333704704261896,1014.12812438042,14.98650448794403,15.107821362685776
2.4575,9.161761617163437,0.13667362054702462,19.899736639383136,1.5485178556540946,-0.08967423595732038,0.4602683494406617,274.0264009327386,-20.385054776237034,-26.13536640525083,885.1143713223084,13.248283643052028,66.88899932581305,418.6153471585189,-17.27367862996815,-8.333746467489464,1014.1331543335125,14.9868704660846,15.10766539186192
2.46,9.161721568365467,0.13672206214685176,19.89972084132304,1.5485107500099522,-0.08967136891524334,0.46026764350758953,274.0330537662714,-20.38446375939895,-26.13565599924633,885.1180085023681,13.248720367665944,66.88835892583313,418.6233513329382,-17.27316829278469,-8.333787489525832,1014.1380456271272,14.987232808685746,15.107509924400539
2.4625,9.16168101539563,0.13677013173828356,19.89970517565206,1.5485035496925763,-0.08966841821471391,0.46026696459406213,274.03962381424265,-20.383872503306534,-26.135940251029478,885.1215103980288,13.249155275837198,66.88771398753902,418.6312618740408,-17.27266002059996,-8.333827707418692,1014.1427937991532,14.9875911144971,15.107354953227471
2.465,9.161639937002366,0.13681783042194245,19.899689641406773,1.5484962513094707,-0.08966539655862282,0.46026631072791957,274.0461058192343,-20.38328166937198,-26.136218819218012,885.1248713158047,13.249587632475802,66.88706469860905,418.6390747796088,-17.27215413281702,-8.333867060344819,1014.1473946335468,14.987944993445135,15.107200472243298
2.4675000000000002,9.161598313521738,0.13686515930210008,19.899674237624193,1.5484888517425186,-0.08966231644785966,0.4602656799604754,274.0524947087567,-20.38269190790787,-26.136491375734455,885.1280858566702,13.250016719549617,66.8864112540216,418.6467861940428,-17.271650943080196,-8.333905489651013,1014.1518441616608,14.988294066930031,15.107046476309625
2.47,9.161556126872727,0.1369121194887318,19.89965896334175,1.5484813481469082,-0.08965919016993677,0.4602650703684015,274.0587855983452,-20.382103857518597,-26.136757605974783,885.1311489176331,13.250441836669458,66.88575385567033,418.65439241096215,-17.271150758974674,-8.333942938891482,1014.156138663242,14.98863796810368,15.106892961234257
2.4725,9.161513360550781,0.13695871209947888,19.899643817597312,1.5484737379497586,-0.0896560297880938,0.4602644800555449,274.0649737943749,-20.38151814451633,-26.137017208958017,885.1340556929301,13.250862301643629,66.88509271197847,418.6618898755914,-17.27065388173765,-8.333979353862153,1014.1602746671246,14.988976342130034,15.106739923755502
2.475,9.161469999619605,0.1370049382615713,19.899628799429195,1.5484660188484467,-0.08965284713088688,0.46026390715467563,274.07105479659964,-20.38093538236163,-26.137269897457102,885.1368016748268,13.251277451000353,66.8844280375112,418.6692751869303,-17.27016060598141,-8.334014682631778,1014.16424895161,14.989308846427019,15.106587361525603
2.4775,9.161426030701158,0.13705079911357135,19.899613907876216,1.548458188808645,-0.08964965378226641,0.4602633498291642,274.07702430040433,-20.380356171129822,-26.13751539811038,885.1393826540568,13.251686640479654,66.88376005258856,418.676545099704,-17.269671219428684,-8.334048875569705,1014.168058544548,14.989635150890578,15.106435273093235
2.48,9.161381441963957,0.13709629580714972,19.899599141977717,1.5484502460620726,-0.08964646107214604,0.46026280627458827,274.08287819879035,-20.37978109700217,-26.13775345151507,885.1417947198735,13.252089245492426,66.88308898289685,418.68369652610295,-17.26918600265992,-8.334081885370608,1014.1717007231096,14.98995493810018,15.10628365788516
2.4825,9.161336223109716,0.13714142950875455,19.89958450077361,1.5484421891039677,-0.08964328006746525,0.46026227472026776,274.088612584076,-20.37921073178339,-26.13798381230147,885.1440342597458,13.25248466154888,66.88241505910156,418.69072653729796,-17.268705228873525,-8.33411366707586,1014.1751730132696,14.990267903506382,15.10613251618709
2.485,9.161290365358338,0.13718620140117196,19.899569983304435,1.5484340166902897,-0.08964012156374702,0.4602617534307284,274.09422374933587,-20.37864563244407,-26.138206249189764,885.1460979586947,13.252872304654883,66.88173851646027,418.69763236474904,-17.268229163658166,-8.33414417809182,1014.178473188994,14.990573755600034,15.105981849123701
2.4875000000000003,9.161243861431354,0.13723061268505254,19.899555588611413,1.5484257278346534,-0.08963699607715145,0.46026124070709196,274.0997081895655,-20.378086340689606,-26.138420545028396,885.1479827982699,13.253251611676564,66.8810595944368,418.7044114013051,-17.26775806477737,-8.334173378205078,1014.181599271144,14.990872216063655,15.10583165863789
2.49,9.1611967055337,0.1372746645803502,19.899541315736514,1.5484173218050052,-0.08963391383702558,0.4602607348883945,274.1050626025799,-20.37753338255499,-26.138626496814446,885.149686055186,13.253622040673374,66.8803785363169,418.7110612020778,-17.267292181967818,-8.334201229594244,1014.1845495260951,14.99116301990433,15.10568194746928
2.4925,9.161148893334152,0.13731835832761588,19.899527163722542,1.5484087981200516,-0.08963088477894912,0.4602602343528309,274.1102838896559,-20.376987268025225,-26.138823915697323,885.1512052996228,13.253983071200182,66.87969558882621,418.7175794851276,-17.266831756748978,-8.33422769683905,1014.1873224640868,14.99144591556928,15.105532719132073
2.495,9.161100421944173,0.13736169518937427,19.89951313161319,1.5484001565454388,-0.08962791853827487,0.4602597375189268,274.1153691559132,-20.37644849068193,-26.139012626964707,885.1525383931923,13.254334204577667,66.87901100175016,418.7239641319291,-17.26637702224637,-8.334252746926124,1014.189916837304,14.99172066504345,15.105383977892156
2.4975,9.161051289895346,0.13740467645127077,19.899499218453137,1.548391397089701,-0.08962502444416232,0.46025924284663655,274.1203157104392,-20.375917527376274,-26.13919247001168,885.1536834865786,13.254674964131352,66.87832502755663,418.73021318763483,-17.265928203027524,-8.334276349251738,1014.1923316376799,14.991987043928734,15.105235728743562
2.5,9.16100149711551,0.13744730342319014,19.89948542328814,1.5483825199999777,-0.08962221151410227,0.46025874883836904,274.12512106616924,-20.375394837927274,-26.139363298293702,885.1546390168708,13.25500489540038,66.87763792102207,418.7363248611436,-17.265485514950274,-8.334298475621717,1014.1945660944655,14.992244841506853,15.105087977384338
2.5025,9.160951044903545,0.13748957744032797,19.89947174516513,1.5483735257575142,-0.08961948844892965,0.4602582540399397,274.1297829395178,-20.37488086484629,-26.139524979263,885.1554037045883,13.255323566315369,66.8769499388609,418.7422975249682,-17.26504916502397,-8.334319100248335,1014.1966196715331,14.992493860784107,15.1049407301919
2.505,9.160899935902863,0.13753149986416835,19.8994581831323,1.5483644150729483,-0.08961686362832104,0.4602577570414501,274.134299249772,-20.37437603308706,-26.13967739428955,885.1559765504057,13.25563056734591,66.87626133935882,418.74812971490496,-17.26461935128365,-8.334338199744252,1014.1984920644447,14.992733918519408,15.104793994197722
2.5075,9.160848174073676,0.13757307208338215,19.89944473623922,1.548355188881394,-0.08961434510677327,0.46025725647809534,274.1386681182456,-20.373880749821716,-26.139820438566122,885.1563568315906,13.255925511617972,66.87557238201012,418.7538201295159,-17.264196262676556,-8.334355753113677,1014.2001831972768,14.992964845234935,15.104647777061592
2.5100000000000002,9.160795764664105,0.13761429551467363,19.899431403536944,1.548345848337332,-0.08961194061005849,0.4602567510308992,274.14288786720726,-20.37339540424177,-26.13995402099864,885.1565440981619,13.256208035001716,66.87488332715994,418.7593676294153,-17.263780078961787,-8.33437174174063,1014.2016932192238,14.993186485210586,15.104502087045363
2.5125,9.160742714180207,0.13765517160349325,19.899418184078122,1.5483363948093134,-0.08960965753215086,0.46025623942737814,274.14695701857994,-20.372920367384527,-26.140078064081738,885.1565381687826,13.256477796170396,66.87419443565122,418.76477123638557,-17.26337097062164,-8.334386149374673,1014.2030225009759,14.993398696461657,15.104356932986326
2.515,9.160689030354883,0.13769570182475258,19.899405076917123,1.548326829874487,-0.08960750293261942,0.46025572044213403,274.1508742924241,-20.372455991984562,-26.140192503760055,885.1563391263833,13.256734476629672,66.87350596847672,418.77003013229574,-17.262969098786385,-8.334398962113706,1014.2041716308884,14.99360135070077,15.104212324270117
2.5175,9.160634722115752,0.13773588768344835,19.899392081110143,1.5483171553129575,-0.08960548353448126,0.46025519289737743,274.1546386052004,-20.372002612350116,-26.140297289275296,885.1559473135429,13.25697778071916,66.87281818643689,418.7751436578519,-17.262574615171,-8.334410168384249,1014.2051414109352,14.993794333283184,15.104068270803307
2.52,9.160579799552139,0.13777573071518157,19.89937919571534,1.5483073731019859,-0.08960360572250879,0.46025465566338103,274.1582490678321,-20.371560544263588,-26.140392383000503,885.1553633276234,13.25720743558556,66.87213134980313,418.78011131117245,-17.262187662024196,-8.334419758919157,1014.2059328524726,14.993977543137193,15.103924782985612
2.5225,9.160524273881123,0.1378152324866172,19.899366419792965,1.5482974854100393,-0.08960187554198394,0.4602541076588643,274.1617049835611,-20.371130084906376,-26.140477760260843,885.1545880156777,13.257423191128881,66.87144571798785,418.784932746199,-17.26180837208946,-8.334427726732896,1014.2065471718133,14.994150892679025,15.103781871681917
2.525,9.160468157412694,0.13785439459591597,19.89935375240548,1.5482874945907,-0.08960029869789267,0.4602535478513113,274.1650058456039,-20.37071151280806,-26.140553409141628,885.1536224691296,13.257624819920933,66.87076154922003,418.78960777093414,-17.26143686857856,-8.334434067094213,1014.2069857856108,14.99431430771253,15.10363954819396
2.5275,9.16041146351419,0.13789321867305165,19.899341192617705,1.5482774031764424,-0.08959888055455151,0.46025297525722064,274.16815133462774,-20.370305087818064,-26.140619330284974,885.1524680182546,13.257812117098588,66.87007910022848,418.79413634552884,-17.26107326515647,-8.334438777496658,1014.2072503060778,14.994467727314609,15.103497824231841
2.5300000000000002,9.160354206573901,0.13793170638008134,19.899328739496937,1.5482672138722893,-0.08959762613565883,0.46025238894229115,274.1711413160309,-20.369911051101695,-26.140675536673744,885.1511262264446,13.257984900229836,66.86939862593088,418.7985185802049,-17.260717665938508,-8.33444185762658,1014.2073425360345,14.994611103706035,15.10335671188536
2.5325,9.160296401964057,0.13796985941134451,19.899316392113107,1.5482569295493525,-0.08959654012476194,0.4602517880215418,274.1739758370538,-20.369529625158144,-26.140722053404968,885.1495988842947,13.25814300915573,66.868720379131,418.80275473303635,-17.260370165498585,-8.334443309329094,1014.2072644638023,14.994744402108628,15.103216223595238
2.535,9.160238066003183,0.13800767949361412,19.899304149538903,1.5482465532382732,-0.08959562686613161,0.46025117165936896,274.1766551237198,-20.369161013860715,-26.140758917452548,885.1478880035068,13.258286305807498,66.86804461022277,418.806845207582,-17.260030848888942,-8.334443136571874,1014.2070182579469,14.994867600588712,15.103076372124221
2.5375,9.160179215917802,0.13804516838613712,19.899292010849926,1.5482360881225639,-0.08959489036603488,0.4602505390695409,274.17917957760363,-20.368805402519897,-26.140786177418896,885.1459958106188,13.258414673999075,66.867371566902,418.81079055037134,-17.25969979167147,-8.334441345406704,1014.2066062618845,14.994980689887527,15.102937170528113
2.54,9.16011986980371,0.13808232788073413,19.899279975124806,1.548225537531869,-0.08959433429439691,0.460249889515132,274.18154977245274,-20.368462957966848,-26.140803893277656,885.1439247405808,13.25852801919708,66.86670149388615,418.8145914482657,-17.259377059959448,-8.334437943929261,1014.2060309883501,14.995083673238652,15.102798632126836
2.5425,9.160060046586707,0.13811915980159664,19.899268041445392,1.548214904935147,-0.08959396198684205,0.460249222308397,274.1837664506485,-20.368133828658706,-26.14081213610628,885.1416774301817,13.258626268267848,66.86603463264201,418.8182487256812,-17.259062710470396,-8.334432942236857,1014.2052951137522,14.995176566173441,15.102660770475463
2.545,9.159999765982992,0.13815566600534818,19.899256208896848,1.5482041939337874,-0.08959377644710455,0.4602485368105868,274.1858305195326,-20.367818144803763,-26.140810987810482,885.1392567113335,13.25870936920226,66.86537122112146,418.82176334168935,-17.25875679058947,-8.334426352384376,1014.204401472405,14.995259396314243,15.10252359933536
2.5475,9.159939048459135,0.1381918483807826,19.899244476567823,1.54819340825467,-0.08959378034979834,0.46024783243170775,274.1877430475911,-20.367516018506947,-26.140800540839795,885.1366656042346,13.258777290819923,66.864711493506,418.8251363869994,-17.258459338442943,-8.334418188338478,1014.2033530506629,14.995332203156298,15.102387132645354
2.5500000000000003,9.15987791519178,0.1382277088486557,19.8992328435506,1.548182551743176,-0.08959397604353585,0.4602471086302256,274.1895052605081,-20.367227543934995,-26.140780897895223,885.1339073104108,13.25883002245215,66.86405567995924,418.82836908082345,-17.258170382982108,-8.334408465930098,1014.202152980948,14.9953950378382,15.102251384493105
2.5525,9.159816388027084,0.1382632493614319,19.89922130894123,1.5481716283561588,-0.08959436555438495,0.4602463649127154,274.19111853709916,-20.366952797500282,-26.140752171629682,885.130985205652,13.258867573605448,66.86340400638879,418.83146276763483,-17.25788994407673,-8.334397202805398,1014.2008045357,14.995447962902198,15.102116369086566
2.555,9.159754489439987,0.13829847190294633,19.89920987183968,1.5481606421548884,-0.0895949505896536,0.46024560083345883,274.1925844051288,-20.366691838063055,-26.14071448434153,885.1279028328499,13.258889973605969,66.86275669421623,418.83441891382387,-17.25761803261816,-8.334384418375224,1014.1993111212416,14.995491052044008,15.101982100725722
2.5575,9.159692242493279,0.13833337848801563,19.89919853134999,1.5481495972979704,-0.08959573254199057,0.4602448159939911,274.1939045370146,-20.36644470715193,-26.140667967661166,885.1246638947565,13.258897271225534,66.86211396015682,418.83723910425067,-17.257354650631996,-8.334370133763038,1014.1976762715664,14.995524389852521,15.101848593774468
2.56,9.159629670796688,0.13836797116200564,19.899187286580414,1.5481384980342556,-0.08959671249379185,0.46024401004259863,274.1950807454374,-20.366211429200977,-26.140612762232518,885.1212722466613,13.258889534290386,66.86147601600776,418.8399250387161,-17.257099791399167,-8.334354371751742,1014.1959036420865,14.99554807154152,15.101715862632924
2.5625,9.159566798465786,0.1384022520004164,19.899176136643536,1.5481273486957439,-0.08959789122190062,0.46024318267376874,274.1961149788472,-20.365992011804334,-26.14054901738799,885.1177318890014,13.258866849272522,66.86084306844563,418.84247852833255,-17.25685343958666,-8.334337156728992,1014.1939970032961,14.995562202670731,15.101583921709837
2.565,9.159503650081039,0.13843622310821144,19.899165080656477,1.548116153690497,-0.08959926920259013,0.46024233362759387,274.1970093168918,-20.36578644598608,-26.140476890819556,885.1140469599226,13.258829320865695,66.86021531883337,418.8449014918298,-17.25661557138569,-8.334318514631617,1014.1919602344121,14.995566898859892,15.101452785395479
2.5675,9.15944025064682,0.13846988661944304,19.899154117740963,1.5481049174955603,-0.08960084661681715,0.4602414626891309,274.19776596575156,-20.36559470648658,-26.140396548244073,885.1102217277924,13.258777071545936,66.85959296303668,418.847195951767,-17.256386154659186,-8.334298472888687,1014.189797316972,14.99556228549448,15.101322468034876
2.57,9.159376625550667,0.13850324469646513,19.899143247023527,1.54809364464991,-0.08960262335573506,0.46024056968771887,274.19838725341594,-20.365416752062494,-26.140308163065907,885.1062605836797,13.25871024111791,66.85897619124934,418.84936403070066,-17.256165149095672,-8.334277060363997,1014.1875123284048,14.995548497424238,15.101192983901486
2.5725000000000002,9.15931280052249,0.13853629952939098,19.899132467635614,1.5480823397474295,-0.08960459902645419,0.4602396544962546,274.198875624879,-20.365252525802457,-26.140211916034755,885.1021680337976,13.25862898624658,66.85836518782845,418.85140794725436,-17.25595250637274,-8.334254307297083,1014.1851094355687,14.995525678653864,15.101064347171114
2.575,9.159248801594229,0.13856905333532218,19.899121778713738,1.5480710074299244,-0.08960677295803811,0.46023871703043,274.19923363728356,-20.365101955455266,-26.14010799490114,885.0979486919542,13.258533479978018,66.85776013113912,418.8533300121674,-17.255748170325603,-8.334230245244052,1014.1825928883019,14.995493982028762,15.100936571896563
2.5775,9.159184655059592,0.1386015083576844,19.899111179399604,1.5480596523801824,-0.0896091442077237,0.4602377572479318,274.19946395500875,-20.364964953771825,-26.139996594068993,885.0936072719691,13.258423911246043,66.8571611934084,418.8551326242643,-17.255552077124204,-8.334204907017243,1014.1799670129445,14.995453568913353,15.100809671982597
2.58,9.159120387434166,0.13863366686538175,19.899100668840262,1.5480482793150898,-0.08961171156735322,0.46023677514760525,274.199569344712,-20.364841418859136,-26.13987791424601,885.0891485801147,13.258300484369212,66.85656854058941,418.8568182663853,-17.255364155456476,-8.334178326624373,1014.1772362058783,14.995404608864614,15.10068366116145
2.5825,9.159056025415895,0.13866553115209104,19.89909024618821,1.5480368929788084,-0.08961447357000649,0.46023577076858424,274.19955267033174,-20.364731234546184,-26.139752162092442,885.0845775075584,13.258163418536583,66.85598233223422,418.85838950128385,-17.255184326717465,-8.334150539207274,1014.1744049270792,14.995347279300741,15.100558552968948
2.585,9.158991595845922,0.13869710353532383,19.89907991060155,1.5480254981360209,-0.0896174284968212,0.46023474418938887,274.1994168880594,-20.364634270760686,-26.13961954986868,885.0798990228316,13.258012947284293,66.85540272137727,418.85984896747806,-17.25501250520506,-8.334121580979975,1014.1714776936807,14.995281765164625,15.100434360721142
2.5875,9.158927125669827,0.13872838635557844,19.899069661244123,1.5480140995652538,-0.08962057438398953,0.46023369552699306,274.199165041279,-20.364550383916825,-26.139480295081633,885.0751181643218,13.257849317962812,66.85482985442725,418.86119937507425,-17.25484859832127,-8.334091489166457,1014.1684590735704,14.995208258583691,15.10031109749153
2.59,9.15886264189941,0.13875938197552762,19.89905949728559,1.5480027020522824,-0.0896239090299191,0.46023262493586314,274.1988002554938,-20.364479417312342,-26.139334620131105,885.070240032812,13.257672791196661,66.85426387106963,418.8624435015682,-17.254692506778746,-8.334060301938136,1014.1653536790177,14.995126958525839,15.100188776088943
2.5925000000000002,9.158798171575006,0.13879009277896856,19.899049417901608,1.5479913103836282,-0.08962743000254651,0.4602315326069694,274.1983257332374,-20.364421201534753,-26.13918275195623,885.0652697840673,13.257483640337131,66.85370490417814,418.86358418763444,-17.25454412481181,-8.334028058351233,1014.1621661603547,14.995038070453049,15.100067409036095
2.595,9.158733741728208,0.13882052116995164,19.89903942227391,1.5479799293401508,-0.08963113464679164,0.46023041876677284,274.19774474897224,-20.36437555487697,-26.13902492168172,885.0602126214636,13.257282150907324,66.85315307973556,418.86462433288096,-17.254403340393576,-8.333994798283676,1014.1589011996846,14.994941805970885,15.099947008548694
2.5975,9.158669379345405,0.13885066957175582,19.89902950959044,1.5479685636907443,-0.08963502009214094,0.46022928367618837,274.19706064400185,-20.364342283759107,-26.138861364266376,885.0550737887012,13.257068620043333,66.85260851676448,418.86556689162154,-17.25427003545571,-8.333960562372386,1014.1555635046697,14.994838382477283,15.099827586515367
2.6,9.158605111331727,0.138880540425921,19.899019679045473,1.5479572181861434,-0.08963908326034825,0.4602281276295262,274.19627682136576,-20.364321183159895,-26.138692318150817,885.0498585625688,13.256843355928805,66.85207132726687,418.8664148686247,-17.25414408611353,-8.333925391950238,1014.152157802359,14.994728022808268,15.09970915447816
2.6025,9.158540964475858,0.1389101361912238,19.899009929839696,1.5479458975528442,-0.08964332087324127,0.4602269509534133,274.1953967407733,-20.36431203705208,-26.138518024909345,885.0445722458064,13.256606677227001,66.85154161617349,418.8671713148781,-17.254025362893998,-8.333889328983334,1014.148688833112,14.994610954883857,15.099591723613944
2.605,9.15847696541538,0.1389394593426167,19.899000261180344,1.5479346064871475,-0.08964772946062266,0.46022575400569693,274.19442391352936,-20.364314618846024,-26.138338728901704,885.0392201600384,13.256358912508205,66.85101948130198,418.86783932335,-17.25391373096763,-8.333852416008314,1014.1451613445734,14.99448741135173,15.099475304716353
2.6075,9.158413140602965,0.13896851237019006,19.898990672281286,1.5479233496493274,-0.08965230536825408,0.4602245371743311,274.1933618975012,-20.364328691837187,-26.13815467692878,885.0338076388118,13.256100399675452,66.85050501332445,418.8684220247738,-17.253809050382873,-8.333814696070084,1014.1415800857408,14.994357629231237,15.099359908178617
2.61,9.158349516273256,0.1389972977780662,19.89898116236314,1.5479121316579338,-0.08965704476591202,0.4602233008762488,274.1922142921033,-20.36435400965908,-26.137966117890297,885.0283400207275,13.25583148538778,66.84999829574392,418.86892258343823,-17.25371117630381,-8.33377621265969,1014.1379498011247,14.994221849557455,15.099245543977128
2.6125000000000003,9.158286118410631,0.1390258180833514,19.898971730653347,1.54790095708423,-0.08966194365550474,0.46022204555622054,274.1909847333233,-20.36439031673981,-26.137773302446238,885.0228226426866,13.255552524483017,66.84949940487978,418.869344193015,-17.253619959249345,-8.333737009652836,1014.1342752249965,14.994080317025649,15.099132221655804
2.615,9.158222972717613,0.13905407581504542,19.898962376386272,1.5478898304467748,-0.08966699787923868,0.46022077168570164,274.1896768887787,-20.36443734876281,-26.13757648268112,885.0172608332443,13.255263879399571,66.84900840986188,418.86969007238775,-17.253535245336018,-8.333697131248469,1014.1305610757281,14.993933279636051,15.099019950311186
2.6175,9.1581601045844,0.13908207351281818,19.898953098803318,1.5478787562061491,-0.08967220312782434,0.46021947976166955,274.188294452834,-20.364494833129022,-26.137375911773386,885.0116599060891,13.254965919599183,66.8485253726335,418.86996346155024,-17.253456876520133,-8.33365662190852,1014.1268120502656,14.993780988341642,15.098908738578483
2.62,9.158097539059021,0.13910981372604472,19.89894389715296,1.5478677387598359,-0.08967755494871046,0.46021817030545303,274.1868411417498,-20.364562489422923,-26.13717184366765,885.0060251536466,13.254659020990323,66.84805034796291,418.8701676175032,-17.253384690843752,-8.333615526297649,1014.1230328186743,14.99362369669549,15.098798594618275
2.6225,9.158035300818467,0.13913729901257532,19.898934770690865,1.5478567824372524,-0.08968304875433644,0.4602168438615545,274.1853206888965,-20.36464002987942,-26.13696453275214,885.0003618408109,13.254343565353043,66.84758338346283,418.8703058102137,-17.25331852268025,-8.333573889224004,1014.1192280188295,14.993461660501861,15.09868952610413
2.625,9.157973414140837,0.13916453193761225,19.89892571867995,1.5478458914949433,-0.08968867983039244,0.46021550099646713,274.18373684003035,-20.36472715985138,-26.136754233541335,884.9946751988234,13.254019939767158,66.84712451961884,418.8703813186142,-17.25325820298107,-8.333531755580681,1014.1154022512143,14.993295137469332,15.098581540211068
2.6275,9.157911902878297,0.13919151507261518,19.898916740390458,1.547835070111937,-0.0896944433440775,0.46021414229748886,274.182093348625,-20.36482357827851,-26.136541200362956,884.9889704192858,13.253688536042585,66.84667378982547,418.87039742664996,-17.253203559522923,-8.333489170287933,1014.1115600738441,14.993124386866674,15.098474643604831
2.63,9.157850790431077,0.13921825099410298,19.898907835100022,1.5478243223852655,-0.08970033435234556,0.4602127683715337,274.1803939712811,-20.364928978155394,-26.136325687051222,884.9832526483243,13.253349750153854,66.84623122043024,418.87035741938206,-17.253154417155024,-8.333446178236306,1014.1077059973233,14.992949669182465,15.09836884243198
2.6325,9.15779009972239,0.13924474228253855,19.898899002093735,1.5478136523256556,-0.08970634781012983,0.4602113798439428,274.1786424631985,-20.3650430469996,-26.136107946644877,884.9775269809068,13.253003981678779,66.8457968307857,418.8702645791394,-17.25311059804663,-8.333402824230545,1014.1038444800264,14.992771245787683,15.098264142310873
2.6350000000000002,9.157729853174402,0.13927099152114636,19.898890240664212,1.5478030638533917,-0.08971247857853602,0.46020997735729635,274.17684257373764,-20.36516546731776,-26.13588823109229,884.9717984553131,13.252651633242019,66.84537063330873,418.87012218174067,-17.253071921933593,-8.333359152934653,1014.0999799234323,14.992589378603316,15.098160548323511
2.6375,9.157670072685224,0.13929700129487757,19.89888155011161,1.547792560794352,-0.08971872143299553,0.46020856157022755,274.17499804205545,-20.36529591707026,-26.135666790962123,884.9660720477751,13.25229310996473,66.84495263354766,418.86993349278305,-17.253038206364035,-8.333315208818005,1014.0961166675861,14.992404329771613,15.098058065008193
2.64,9.157610779606841,0.13932277418909986,19.89887292974374,1.547782146876222,-0.08972507107136914,0.46020713315624057,274.17311259282485,-20.36543407013397,-26.135443875160437,884.9603526672705,13.251928818919456,66.84454283025624,418.86970176398836,-17.253009266943675,-8.333271036102355,1014.0922589867067,14.992216361332078,15.097956696353036
2.6425,9.157551994724155,0.1393483127886169,19.898864378876045,1.54777182572489,-0.0897315221219929,0.46020569280253326,274.1711899320485,-20.365579596761552,-26.135219730654928,884.9546451504942,13.251559168592497,66.84414121547488,418.8694302296272,-17.252984917579372,-8.333226678710105,1014.0884110849515,14.992025734903047,15.097856445790333
2.645,9.157493738235047,0.13937361967643705,19.898855896831694,1.5477616008610169,-0.08973806915165763,0.4602042412088261,274.16923374295993,-20.36573216403803,-26.134994602205666,884.9489542569961,13.251184568352947,66.84374777461854,418.86912210301654,-17.252964970721262,-8.3331821802137,1014.0845770923203,14.991832711368003,15.097757316191835
2.6475,9.157436029731528,0.1393986974326822,19.898847482941594,1.5477514756967963,-0.08974470667351366,0.4602027790861993,274.16724768202545,-20.365891436332937,-26.134768732103442,884.9432846644991,13.250805427930112,66.84336248657152,418.8687805731015,-17.252949237602564,-8.33313758378641,1014.0807610607229,14.991637550568093,15.09765930986476
2.65,9.157378888181896,0.13942354863350379,19.898839136544414,1.5477414535328926,-0.0897514291548928,0.4602013071559378,274.1652353750394,-20.366057075748845,-26.134542359914988,884.9376409643903,13.250422156898534,66.84298532378848,418.86840880110645,-17.252937528478064,-8.33309293215411,1014.0769669601909,14.991440510999986,15.097562428548702
2.6525,9.15732233191399,0.13944817584991964,19.89883085698663,1.5477315375555674,-0.08975823102504012,0.4601998261483877,274.16320041332455,-20.36622874256472,-26.134315722235932,884.9320276573935,13.250035164172115,66.84261625240156,418.8680099172794,-17.252929652859518,-8.333048267548575,1014.0731986752629,14.99124184952072,15.097466673413422
2.6550000000000002,9.157266378599573,0.1394725816467213,19.898822643622555,1.5477217308339906,-0.08976510668274763,0.46019833680182265,274.16114635003754,-20.366406095674083,-26.13408905245158,884.9264491494313,13.249644857507848,66.84225523233386,418.8675870177232,-17.252925419748543,-8.33300363166213,1014.0694600015191,14.991041821058593,15.097372045057368
2.6575,9.157211045239674,0.1394967685814563,19.89881449581432,1.547712036317737,-0.08977205050388301,0.46019683986132315,274.1590766965785,-20.366588793017836,-26.133862580505202,884.9209097476589,13.249251643018267,66.84190221741834,418.86714316130394,-17.252924637867263,-8.332959065603474,1014.0657546422788,14.990840678330619,15.097278543507057
2.66,9.15715634815111,0.1395207392032586,19.898806412931936,1.5477024568344735,-0.0897790568488061,0.46019533607767005,274.15699491911465,-20.36677649201063,-26.133636532674682,884.9154136566978,13.248855924694992,66.84155715552242,418.8666813666667,-17.252927115884887,-8.332914609855143,1014.0620862054659,14.990638671567524,15.097186168217311
2.6625,9.157102302954126,0.1395444960519044,19.898798394353253,1.547692995087828,-0.08978612006966674,0.46019382620625104,274.15490443521384,-20.36696884996081,-26.133411131357235,884.9099649750556,13.248458103942761,66.84121998867823,418.866204609343,-17.252932662641108,-8.332870304232491,1014.0584582006453,14.990436048245959,15.097094918072232
2.665,9.157048924560897,0.13956804165664724,19.898790439464015,1.5476836536554506,-0.08979323451757752,0.46019231100598457,274.15280861058943,-20.367165524484086,-26.13318659486187,884.9045676917191,13.248058579123034,66.84089065321689,418.8657158189329,-17.25294108736719,-8.33282618784368,1014.054874036207,14.990233052827428,15.097004791386961
2.6675,9.156996227165408,0.13959137853527692,19.898782547657827,1.5476744349872578,-0.08980039454965502,0.4601907912382587,274.15071075596643,-20.36736617390905,-26.132963137210993,884.8992256829666,13.247657745111107,66.84056907990927,418.86521787642056,-17.252952199901138,-8.332782299051846,1014.0513370167405,14.990029926505944,15.09691578591029
2.67,9.15694422423417,0.13961450919305662,19.89877471833617,1.5476653414038652,-0.08980759453592403,0.4601892676658886,274.1486141240649,-20.36757045767551,-26.13274096795019,884.8939427093479,13.247255992863138,66.84025519411007,418.8647136115574,-17.2529658109008,-8.33273867543822,1014.0478503405616,14.989826906962767,15.09682789882794
2.6725,9.156892928498113,0.13963743612181445,19.898766950908367,1.5476563750952042,-0.08981482886607887,0.46018774105209204,274.14652190669693,-20.36777803672518,-26.132520291966078,884.8887224128621,13.246853708995642,66.83994891590655,418.86420580036577,-17.25298173205164,-8.332695353767145,1014.0444170974129,14.989624228129495,15.096741126766656
2.6750000000000003,9.156842351945528,0.139660161798848,19.89875924479161,1.5476475381193242,-0.08982209195609671,0.4601862121594843,274.1444372319921,-20.367988573883444,-26.132301309313505,884.8835683143342,13.246451275377712,66.83965016027199,418.8636971627363,-17.252999776270705,-8.332652369952497,1014.0410402663356,14.989422119959405,15.096655465799012
2.6775,9.156792505816062,0.13968268868608166,19.898751599410904,1.5476388324013781,-0.08982937825469771,0.46018468174909294,274.1423631617411,-20.368201734232873,-26.132084215051076,884.878483810981,13.24604906873561,66.83935883722242,418.86319036013737,-17.2530197579055,-8.332609759025825,1014.0377227137087,14.989220808207193,15.096570911448943
2.68,9.156743400595753,0.13970501922909384,19.898744014199067,1.5476302597327878,-0.08983668224964723,0.4601831505793936,274.140302688865,-20.36841718547766,-26.13186919908554,884.8734721741623,13.245647460269904,66.83907485197757,418.8626879934245,-17.253041492928556,-8.332567555106008,1014.0344671914557,14.989020514217021,15.096487458697965
2.6825,9.156695046013096,0.13972715585615317,19.898736488596718,1.5476218217705937,-0.08984399847389564,0.46018161940536795,274.1382587350076,-20.368634598298907,-26.131656446024955,884.8685365473305,13.245246815286048,66.83879810512448,418.8621926007523,-17.253064799127248,-8.33252579137047,1014.0312763354235,14.98882145471958,15.096405101992108
2.685,9.156647451036136,0.13974910097743573,19.898729022052212,1.547613520036979,-0.08985132151155154,0.4601800889775832,274.1362341482479,-20.368853646700767,-26.131446135040186,884.8636799441715,13.24484749283844,66.83852849278509,418.8617066556047,-17.253089496287956,-8.33248450002819,1014.0281526639221,14.988623841637406,15.096323835249459
2.6875,9.15660062387062,0.13977085698408084,19.898721614021635,1.5476053559189729,-0.08985864600368448,0.46017856004129515,274.1342317009517,-20.369074008345923,-26.131238439736418,884.8589052469322,13.244449845387752,66.83826590678655,418.8612325649266,-17.253115406375418,-8.332443712294245,1014.0250985764436,14.988427881899746,15.096243651868438
2.69,9.156554571959077,0.13979242624738938,19.898714263968756,1.547597330668328,-0.0898659666539533,0.46017703333557464,274.132254087735,-20.369295364882024,-26.13103352803229,884.8542152049395,13.244054218472357,66.83801023483389,418.86077266736544,-17.253142353706675,-8.332403458366,1014.0221163525378,14.988233777265936,15.096164544736645
2.6925,9.156509301980948,0.13981381111796898,19.898706971364994,1.5475894454015677,-0.08987327823405702,0.46017550959245845,274.13030392356086,-20.36951740225762,-26.130831562048424,884.8496124333047,13.243660950393254,66.83776136068553,418.8603292316235,-17.253170165119457,-8.332363767401006,1014.0192081508554,14.988041724157908,15.096086506240336
2.695,9.156464819853616,0.13983501392499964,19.89869973568936,1.5475817011002058,-0.08988057558900504,0.46017398953612465,274.12838374196406,-20.369739811027355,-26.130632698004998,884.8450994118153,13.243270371913473,66.83751916433086,418.8599044549141,-17.25319867013536,-8.33232466749638,1014.0163760083549,14.987851913501771,15.096009528274427
2.6975000000000002,9.15642113073451,0.1398560369754183,19.898692556428415,1.547574098611131,-0.08988785364220357,0.46017247388209376,274.12649599339795,-20.369962286647002,-26.130437086127554,884.8406784840158,13.242882805971801,66.83728352216991,418.85950046154335,-17.25322770111626,-8.332286185670187,1014.0136218396822,14.987664530579314,15.095933602253242
2.7,9.15637823902397,0.13987688255318215,19.89868543307623,1.5475666386471558,-0.08989510740035607,0.4601709633364549,274.1246430437116,-20.37018452975753,-26.130244870562127,884.8363518564572,13.24249856741,66.83705430719435,418.8591193015784,-17.25325709341646,-8.33224834784397,1014.0109474366848,14.987479754887067,15.09585871912151
2.7025,9.15633614836923,0.139897552918601,19.89867836513431,1.5475593217877253,-0.08990233195817526,0.46016945859511876,274.1228271727515,-20.370406246458085,-26.130056189298802,884.8321215981487,13.24211796271596,66.83683138917075,418.85876294964714,-17.25328668552756,-8.332211178827407,1014.008354468119,14.987297760006735,15.09578486936623
2.705,9.156294861669133,0.139918050307612,19.898671352111535,1.547552148479786,-0.08990952250290443,0.460167960343097,274.121050573088,-20.370627148568243,-26.129871174103993,884.8279896401655,13.241741289779728,66.83661463482424,418.85843330383767,-17.253316319217895,-8.33217470230431,1014.0058444794869,14.987118713483182,15.095712043028774
2.7075,9.156254381079824,0.13993837693110323,19.898664393524125,1.5475451190388059,-0.08991667431864658,0.4601664692538078,274.1193153488702,-20.37084695387864,-26.129689950461536,884.823957775446,13.24136883766519,66.83640390802383,418.8581321847048,-17.25334583966609,-8.332138940820295,1014.0034188930397,14.986942776712642,15.095640229717553
2.71,9.156214708021293,0.13995853497434027,19.89865748889554,1.547538233649946,-0.08992378279049977,0.4601649859884098,274.11762351480263,-20.371065386390498,-26.129512637522097,884.8200276587594,13.24100088639607,66.83619906996816,418.8578613343967,-17.253375095587774,-8.332103915772251,1014.0010790079363,14.986770104840119,15.095569418621192
2.7125,9.156175843184677,0.13997852659629553,19.89865063775644,1.5475314923693806,-0.0899308434084972,0.4601635111951629,274.1159769952429,-20.371282176543993,-26.129339348060913,884.8162008068382,13.240637706756209,66.83599997937193,418.8576224158732,-17.253403939357092,-8.332069647399102,1013.9988260005393,14.986600846665532,15.095499598522053
2.715,9.156137786540505,0.1399983539291964,19.898643839644564,1.5475248951257594,-0.08993785177135115,0.46016204550881645,274.11437762343076,-20.371497061434262,-26.12917018844457,884.8124785986894,13.240279560105261,66.83580649265288,418.8574170122492,-17.253432227120836,-8.33203615477447,1013.9966609248722,14.986435144559884,15.095430757810211
2.7175000000000002,9.156100537347617,0.1400180190777978,19.898637094104725,1.5475184417218073,-0.08994480359000015,0.46016058955002564,274.1128271408279,-20.371709785016957,-26.129005258605204,884.8088622760531,13.239926698207839,66.83561846411823,418.85724662623136,-17.253459818907192,-8.332003455800692,1013.9945847132118,14.98627313439005,15.095362884497797
2.72,9.156064094162952,0.14003752411901357,19.898630400688678,1.547512131836064,-0.0899516946909585,0.4601591439247964,274.1113271965881,-20.371920098301022,-26.128844652023783,884.8053529440402,13.239579363078457,66.83543574615179,418.8571126796734,-17.253486578727273,-8.33197156720462,1013.9925981768247,14.986114945453044,15.095295966233687
2.7225,9.156028454851954,0.14005687110139983,19.898623758955047,1.547505965024749,-0.08995852101946802,0.46015770922395766,274.10987934713467,-20.372127759531068,-26.128688455720248,884.8019515719132,13.239237786839997,66.83525818940015,418.85701651321784,-17.25351237467143,-8.331940504534627,1013.9907020068407,14.985960700419131,15.095229990318547
2.725,9.155993616599844,0.1400760620446258,19.89861716846927,1.5474999407237595,-0.08996527864245206,0.4601562860226624,274.1084850558685,-20.37233253435672,-26.12853675025304,884.7986589940277,13.23890219159718,66.83508564295855,418.8569593860622,-17.253537078997905,-8.331910282159475,1013.9888967752661,14.985810515284415,15.095164943720166
2.7275,9.155959575923507,0.14009509893914884,19.898610628803468,1.5474940582507857,-0.08997196375127169,0.46015487487991674,274.1071456929817,-20.37253419599122,-26.128389609725307,884.7954759109269,13.238572789324444,66.83491795455605,418.8569424758161,-17.253560568215754,-8.33188091326855,1013.9871829361223,14.985664499331918,15.095100813089111
2.73,9.15592632868399,0.14011398374575154,19.898604139536392,1.547488316807547,-0.08997857266428462,0.4601534763381377,274.10586253538764,-20.372732525358206,-26.128247101799126,884.7924028905703,13.238249781767353,66.83475497073928,418.85696687845484,-17.25358272316163,-8.331852409873417,1013.9855608267135,14.985522755101622,15.095037584774524
2.7325,9.1558938700998,0.14013271839516356,19.898597700253323,1.5474827154821424,-0.08998510182920749,0.4601520909227389,274.10463676676864,-20.372927311226196,-26.1281092877176,884.7894403697229,13.237933360359333,66.83459653705586,418.85703360838653,-17.253603429069344,-8.331824782811106,1013.9840306690286,14.985385378369854,15.094975244840354
2.735,9.155862194760685,0.14015130478780358,19.898591310545953,1.5474772532515069,-0.08999154782528217,0.46015071914174477,274.1034694777285,-20.37311835033201,-26.127976222334024,884.7865886554671,13.237623706151446,66.83444249823549,418.85714359860856,-17.253622575633454,-8.331798041748668,1013.9825925712481,14.985252458136367,15.094913779081558
2.7375000000000003,9.15583129664202,0.14016974479336353,19.89858497001233,1.5474719289839753,-0.08999790736524721,0.46014936148543284,274.1023616660526,-20.37330544749272,-26.127847954148024,884.7838479268551,13.237320989756274,66.83429269836991,418.85729770095395,-17.253640057066978,-8.331772195189005,1013.9812465293837,14.985124076620837,15.0948531730407
2.74,9.155801169119778,0.14018804025059634,19.89857867825673,1.547466741441944,-0.09000417729711581,0.46014801842600433,274.1013142370758,-20.373488415705744,-26.12772452534903,884.7812182366895,13.237025371305444,66.83414698109115,418.8574966864434,-17.253655772151987,-8.331747250478257,1013.9799924290148,14.985000309266916,15.094793412024503
2.7425,9.155771804986092,0.14020619296706238,19.898572434889562,1.5474616892846285,-0.09001035460576139,0.4601466904172822,274.10032800416064,-20.373667076237112,-26.1276059718671,884.7786995134389,13.236737000421439,66.83400518974781,418.8577412457285,-17.253669624283987,-8.331723213814525,1013.9788300471595,14.984881224755886,15.094734481120735
2.745,9.155743196465183,0.14022420471888095,19.898566239527277,1.5474567710709095,-0.09001643641431278,0.46014537789443744,274.09940368926544,-20.373841258699287,-26.127492323429493,884.7762915632574,13.23645601620138,66.83386716757882,418.85803198961577,-17.253681521510632,-8.331700090257694,1013.9777590542187,14.984766885026756,15.094676365215026
2.7475,9.155715335229912,0.14024207725053497,19.89856009179226,1.5474519852622655,-0.09002241998536062,0.4601440812737429,274.0985419236234,-20.374010801116672,-26.127383603624708,884.7739940721394,13.23618254721537,66.83373275788547,418.8583694496924,-17.253691376563406,-8.331677883740753,1013.9767790160554,14.984657345306074,15.094619049007923
2.75,9.155688212418644,0.14025981227476636,19.898553991312706,1.5474473302257845,-0.09002830272197691,0.460142800952354,274.09774324850747,-20.374175549981,-26.127279829972064,884.7718066081695,13.235916711516305,66.83360180420031,418.8587540790239,-17.253699106884014,-8.33165659708212,1013.9758893961406,14.984552654144,15.094562517031845
2.7525,9.155661818652662,0.14027741147235487,19.89854793772255,1.5474428042372521,-0.09003408216855022,0.46014153730811713,274.09700811610026,-20.374335360294705,-26.127181013998154,884.7697286238955,13.235658616663814,66.83347415045402,418.85918625295193,-17.253704634643707,-8.331636231999424,1013.9750895578165,14.98445285345934,15.0945067536682
2.755,9.155636144053858,0.14029487649211422,19.898541930661317,1.5474384054843084,-0.0900397560114384,0.46014029069940454,274.0963368904497,-20.374490095603825,-26.127087161318894,884.767759458793,13.23540835975956,66.83334964113888,418.85966626995855,-17.253707886757507,-8.331616789124208,1013.9743787666308,14.984357978591046,15.094451743164427
2.7575,9.1556111782629,0.14031220895068885,19.898535969774052,1.5474341320696707,-0.0900453220794419,0.4601390614649755,274.09572984851525,-20.37463962802011,-26.126998271727487,884.765898341838,13.235166027495582,66.83322812146984,418.8601943526247,-17.253708794891576,-8.33159826801794,1013.9737561927731,14.984268058358118,15.09439746965112
2.7600000000000002,9.155586910457568,0.14032941043264183,19.898530054711173,1.5474299820144166,-0.09005077834409976,0.4601378499238641,274.09518718129846,-20.37478383823266,-26.126914339287595,884.7641443941588,13.234931696213426,66.83310943754175,418.8607706486472,-17.25370729546588,-8.331580667188865,1013.9732209135692,14.984183115125226,15.094343917158964
2.7625,9.15556332937162,0.14034648249027848,19.898524185128405,1.5474259532613215,-0.09005612291981165,0.4601366563752925,274.09470899506323,-20.37492261550844,-26.126835352432682,884.7624966317959,13.234705431976524,66.83299343648409,418.8613952319556,-17.253703329649483,-8.331563984110316,1013.9727719160766,14.98410316487686,15.094291069635776
2.765,9.155540423313726,0.14036342664384718,19.8985183606866,1.5474220436782482,-0.09006135406378839,0.46013548109860986,274.0942953126321,-20.37505585768318,-26.12676129406983,884.7609539685284,13.234487290652574,66.83287996661186,418.8620681038757,-17.25369684335176,-8.331548215239543,1013.972408099729,14.984028217296775,15.094238910963362
2.7675,9.155518180186752,0.14038024438137062,19.8985125810517,1.5474182510615782,-0.09006647017583472,0.4601343243532562,274.0939460747581,-20.375183471142087,-26.12669214168848,884.7595152187881,13.234277318007637,66.83276887757268,418.86278919437876,-17.253687787206985,-8.331533356037871,1013.9721282790641,14.983958275855025,15.094187424974288
2.77,9.155496587507281,0.1403969371588303,19.89850684589457,1.5474145731396867,-0.0900714697979669,0.4601331863787504,274.09366114158,-20.37530537079013,-26.126627867474568,884.7581791006487,13.234075549811152,66.832660020491,418.8635583633959,-17.253676116553596,-8.331519400991674,1013.9719311865031,14.983893337900678,15.094136595468534
2.7725,9.15547563242526,0.14041350640021724,19.898501154890898,1.54741100757645,-0.09007635161386895,0.46013206739470336,274.09344029414274,-20.375421480013035,-26.126568438428567,884.756944238879,13.233882011951081,66.8325532481078,418.86437540218725,-17.253661791408636,-8.331506343634125,1013.9718154751955,14.983833394761003,15.094086406230018
2.775,9.155455301743835,0.14042995349763782,19.898495507721087,1.547407551974786,-0.09008111444819089,0.460130967600854,274.0932832359907,-20.375531730628616,-26.12651381648825,884.7558091680621,13.233696720559296,66.83244841491648,418.86524003478576,-17.25364477643615,-8.331494176567968,1013.9717797219118,14.983778431846172,15.094036841042888
2.7775,9.155435581939372,0.1404462798114438,19.898489904070136,1.5474042038802163,-0.0900857572656926,0.46012988717712844,274.09318959482243,-20.375636062828995,-26.126463958655044,884.7547723357809,13.23351968214731,66.83234537729541,418.8661519194934,-17.253625040910826,-8.331482891489008,1013.971822429994,14.983728428760335,15.093987883707722
2.7800000000000002,9.155416459181508,0.14046248667040842,19.89848434362752,1.5474009607844528,-0.090090279170237,0.4601288262837229,274.09315892421694,-20.3757344251132,-26.126418817125057,884.7538321058469,13.233350893750773,66.83224399363532,418.8671106504321,-17.25360255867675,-8.331472479210337,1013.9719420323397,14.983683359417244,15.093939518057445
2.7825,9.15539791935331,0.14047857537190372,19.898478826087075,1.547397820128996,-0.09009467940363662,0.4601277850612075,274.0931907054091,-20.375826774211735,-26.126378339422804,884.7529867615867,13.233190343083677,66.83214412446341,418.8681157591479,-17.25357730810123,-8.331462929687257,1013.9721368944346,14.983643192161667,15.093891727973032
2.785,9.15537994807155,0.1404945471820809,19.898473351146897,1.547394779308748,-0.09009895734435694,0.46012676363065247,274.09328434913436,-20.375913075001527,-26.12634246853944,884.7522345091731,13.233038008701403,66.83204563256264,418.86916671627694,-17.253549272023218,-8.331454232043052,1013.9724053174227,14.983607889895945,15.093844497398997
2.7875,9.155362530706876,0.1405104033361487,19.898467918509205,1.5473918356756273,-0.09010311250608119,0.4601257620937753,274.093439197513,-20.375993300413676,-26.126311143073,884.7515734809896,13.23289386017179,66.83194838308668,418.87026293324067,-17.253518437698233,-8.331446374595123,1013.9727455411921,14.98357741021028,15.09379781035856
2.79,9.155345652404137,0.14052614503862054,19.898462527880227,1.54738898654219,-0.09010714453614034,0.46012478053310873,274.09365452599855,-20.37606743133191,-26.12628429737274,884.7510017390427,13.232757858255283,66.83185224367094,418.8714037640004,-17.25348479673794,-8.331439344881918,1013.9731557475152,14.983551705519126,15.093751650968628
2.7925,9.155329298102572,0.1405417734635217,19.898457178970112,1.5473862291852425,-0.09011105321381237,0.4601238190121881,274.0939295453679,-20.37613545648376,-26.126261861685833,884.7505172783907,13.232629955091891,66.83175708453814,418.872588506852,-17.25344834504544,-8.33143312969036,1013.9736340631879,14.983530723200577,15.093706003454384
2.795,9.155313452555996,0.1405572897547782,19.89845187149278,1.5473835608494524,-0.09011483844849538,0.46012287757575865,274.0942634037517,-20.376197372324377,-26.12624376230615,884.7501180306089,13.232510094396188,66.83166277860013,418.8738164062541,-17.253409082746863,-8.331427715083715,1013.9741785631968,14.98351440574014,15.093660852163614
2.7975,9.155298100352883,0.1405726950264793,19.898446605165834,1.547380978750941,-0.09011850027775878,0.46012195625000135,274.0946551887139,-20.376253182912418,-26.12622992172619,884.7498018672695,13.232398211659168,66.83156920155474,418.8750866546922,-17.25336701411878,-8.331423086429892,1013.9747872738998,14.983502690878392,15.093616181580675
2.8000000000000003,9.155283225936396,0.14058799036321423,19.89844137971043,1.547378480080864,-0.09012203886527675,0.46012105504277717,274.0951039293643,-20.37630289977921,-26.126220258790543,884.7495666034412,13.232294234356845,66.83147623197776,418.87639839459047,-17.253322147511017,-8.331419228430393,1013.9754581762182,14.983495511762312,15.093571976340138
2.8025,9.155268813624271,0.14060317682044132,19.89843619485118,1.5473760620089707,-0.09012545449864871,0.4601201739438886,274.095608598508,-20.376346541790934,-26.12621468885148,884.7494100012067,13.232198082165747,66.83138375141081,418.8777507202355,-17.25327449526676,-8.331416125149316,1013.9761892088376,14.983492797099874,15.093528221240138
2.805,9.155254847628528,0.1406182554248686,19.89843105031602,1.5473737216871355,-0.09012874758711097,0.4601193129253583,274.0961681148269,-20.37638413500442,-26.126213123926235,884.7493297731708,13.232109667183135,66.83129164444354,418.87914267973997,-17.253224073638386,-8.331413760042887,1013.9769782713961,14.983494471317027,15.093484901255186
2.8075,9.155241312075058,0.14063322717483298,19.89842594583612,1.547371456252863,-0.0901319186591445,0.46011847194172406,274.0967813450878,-20.376415712516692,-26.126215472855552,884.749323585991,13.232028894154201,66.83119979879183,418.8805732770271,-17.253170902700177,-8.331412115989245,1013.9778232276931,14.9835004547188,15.093442001548786
2.81,9.155228191022987,0.14064809304073142,19.898420881145753,1.54736926283276,-0.090134968359983,0.46011765093034934,274.0974471063795,-20.376441314308323,-26.126221641463736,884.7493890638938,13.23195566070362,66.83110810537065,418.8820414738378,-17.253115006257648,-8.331411175318413,1013.9787219088731,14.983510663651778,15.093399507485552
2.8125,9.155215468483856,0.14066285396539846,19.89841585598221,1.5473671385459684,-0.09013789744902616,0.4601168498117492,274.0981641683713,-20.37646098708129,-26.12623153271963,884.7495237921926,13.231889857572565,66.8310164583624,418.88354619176005,-17.253056411753676,-8.331410919842599,1013.9796721166073,14.983525010669464,15.093357404642902
2.815,9.15520312844055,0.14067751086460933,19.898410870085673,1.5473650805075598,-0.09014070679716249,0.46011606848992986,274.09893125558733,-20.376474784091602,-26.12624504689816,884.7497253207939,13.231831368859858,66.83092475528032,418.88508631426964,-17.25299515017198,-8.33141133088649,1013.9806716262635,14.983543404699818,15.09331567882245
2.8175,9.155191154865955,0.14069206462749523,19.898405923199114,1.5473630858318836,-0.09014339738400669,0.4601153068527429,274.0997470497058,-20.376482764976277,-26.126262081743164,884.7499911676842,13.231780072267163,66.83083289702674,418.8866606887874,-17.252931255937686,-8.331412389317771,1013.9817181900513,14.98356575121418,15.093274316060814
2.82,9.15517953174138,0.1407065161170636,19.898401015068185,1.5473611516358685,-0.09014597029505594,0.4601145647722516,274.1006101918619,-20.376484995576206,-26.126282532629727,884.7503188224093,13.231735839348502,66.83074078794682,418.88826812874913,-17.252864766815147,-8.33141407557774,1013.9828095401541,14.983591952398346,15.093233302640163
2.8225000000000002,9.155168243074694,0.14072086617062834,19.898396145441126,1.5473592750422718,-0.09014842671877003,0.4601138421051107,274.1015192849707,-20.376481547753734,-26.126306292727612,884.7507057495247,13.231698535762726,66.83064833587757,418.8899074156843,-17.252795723803338,-8.33141636971195,1013.9839433918313,14.983621907324663,15.093192625098162
2.825,9.155157272918066,0.14073511560033383,19.898391314068657,1.5473574531828738,-0.09015076794357964,0.46011313869295684,274.1024728960494,-20.376472499206766,-26.126333253163995,884.7511493920208,13.23166802152903,66.83055545219125,418.8915773012922,-17.252724171029467,-8.331419251400728,1013.985117446493,14.98365551212527,15.09315227023757
2.8275,9.1551466053855,0.14074926519367403,19.898386520703877,1.5473556832016149,-0.09015299535482801,0.4601124543628107,274.1034695585494,-20.376457933278413,-26.12636330318639,884.7516471747201,13.23164415128536,66.83046205183497,418.8932765095354,-17.252650155639593,-8.331422699989906,1013.9863293947452,14.983692660166525,15.093112225135336
2.83,9.15513622466996,0.14076331571402792,19.898381765102155,1.54735396225767,-0.09015511043165024,0.4601117889274895,274.104507774692,-20.37643793876287,-26.126396330325328,884.7521965076455,13.231626774549365,66.83036805336484,418.895003738721,-17.25257372768807,-8.33142669452126,1013.9875769193973,14.983733242223686,15.093072477151273
2.8325,9.155126115060103,0.14077726790113773,19.898377047021057,1.5473522875284593,-0.09015711474379488,0.460111142186029,274.1055860177968,-20.376412609708574,-26.126432220555976,884.7527947893394,13.231615735980418,66.83027337897519,418.89675766358755,-17.25249494002479,-8.331431213762949,1013.9888576984346,14.98377714665644,15.093033013936198
2.835,9.155116260956682,0.14079112247176137,19.898372366220215,1.5473506562125947,-0.09015900994839293,0.46011051392411484,274.10670273461113,-20.376382045217746,-26.12647085845938,884.7534394101552,13.231610875644172,66.8301779545237,418.89853693737814,-17.25241384818127,-8.331436236239682,1013.9901694079449,14.983824259584278,15.09299382343968
2.8375,9.155106646888598,0.14080488012009526,19.898367722461273,1.5473490655327513,-0.0901607977866781,0.46010990391452206,274.1078563476337,-20.37634634924318,-26.126512127382735,884.7541277555061,13.231612029278473,66.83008170955145,418.9003401939241,-17.252330510254378,-8.331441740262985,1013.9915097250092,14.98387446506233,15.09295489391723
2.84,9.155097257528407,0.14081854151843623,19.898363115507767,1.547347512738472,-0.09016248008066388,0.4601093119175626,274.1090452574253,-20.37630563038295,-26.126555909598366,884.7548572090491,13.231619028558795,66.8299845772979,418.9021660496943,-17.252244986790068,-8.331447703960823,1013.9928763305293,14.98392764525608,15.09291621393708
2.8425000000000002,9.155088077707601,0.1408321073177275,19.89835854512504,1.5473459951088917,-0.09016405872978109,0.46010873768153937,274.11026784491423,-20.376260001672197,-26.126602086461855,884.755625155844,13.23163170136632,66.82988649471238,418.9040131058573,-17.25215734066471,-8.33145410530742,1013.9942669120296,14.983983680617097,15.092877772386469
2.845,9.155079092431267,0.14084557814812093,19.89835401108016,1.5473445099553906,-0.09016553570748108,0.4601081809432076,274.11152247368057,-20.376209580373782,-26.126650538568065,884.7564289854413,13.231649872054497,66.82978740245969,418.90587995031035,-17.252067636966462,-8.331460922152438,1013.9956791663832,14.984042450056634,15.092839558477364
2.8475,9.15507028689244,0.14085895461958217,19.89834951314183,1.547343054624164,-0.09016691305780875,0.46010764142824134,274.1128074922255,-20.376154487767028,-26.126701145905812,884.7572660949202,13.231673361716378,66.82968724492213,418.9077651597029,-17.25197594287525,-8.331468132250048,1013.9971108024916,14.984103831119032,15.092801561751843
2.85,9.155061646485946,0.14087223732246518,19.898345051080316,1.5473416264987099,-0.09016819289195005,0.46010711885170513,274.11412123623074,-20.37609484893438,-26.126753788011456,884.7581338918715,13.231701988451638,66.82958597019685,418.90966730143623,-17.25188232754238,-8.331475713287558,1013.9985595439159,14.984167700154483,15.09276377208687
2.8525,9.155053156821777,0.14088542682815366,19.898340624667334,1.547340223002238,-0.09016937738475816,0.46010661291853067,274.1154620307805,-20.376030792548296,-26.126808344119254,884.7590297973148,13.23173556763252,66.82948353008874,418.91158493564456,-17.251786861969542,-8.331483642913708,1014.0000231314295,14.984233932489543,15.092726179698634
2.855,9.155044803738031,0.14089852368957315,19.898336233676016,1.5473388415999887,-0.09017046877126299,0.4601061233239966,274.1168281925747,-20.375962450656203,-26.126864693310818,884.7599512485468,13.231773912168398,66.82937988009891,418.91351661715254,-17.251689618887568,-8.33149189876656,1014.0014993255263,14.984302402597184,15.092688775146428
2.8575,9.15503657331331,0.14091152844193836,19.89833187788078,1.5473374798014683,-0.09017146934316786,0.4601056497542123,274.1182180321073,-20.3758899584654,-26.12692271466165,884.7608957019412,13.231816832770416,66.82927497940949,418.9154608974033,-17.25159067263521,-8.331500458500836,1014.0029859088522,14.984372984264471,15.092651549336008
2.86,9.155028451878687,0.14092444160320206,19.898327557057303,1.5473361351625958,-0.09017238144533818,0.4601051918866039,274.11962985581755,-20.375813454127865,-26.126982287385363,884.7618606356585,13.231864138212647,66.82916879086366,418.917416326371,-17.25149009903726,-8.331509299815048,1014.004480688574,14.984445550758728,15.092614493522438
2.8625000000000003,9.155020426029129,0.14093726367479928,19.89832327098242,1.5473348052877578,-0.09017320747228584,0.4601047493904025,274.1210619682158,-20.375733078524526,-26.1270432909759,884.7628435522972,13.23191563559256,66.8290612809418,418.91938145442833,-17.25138797528375,-8.331518400477808,1014.0059814986844,14.984519974991839,15.092577599312614
2.865,9.155012482634483,0.14094999514216786,19.898319019434066,1.547333487831775,-0.09017394986465369,0.46010432192713335,274.12251267397494,-20.3756489750499,-26.12710560534676,884.7638419814746,13.231971130589216,66.8289524197343,418.921354834199,-17.251284379808496,-8.331527738353936,1014.0074862022301,14.98459612968206,15.09254085866711
2.8675,9.15500460884983,0.14096263647541443,19.8983148021912,1.5473321805017775,-0.09017461110570388,0.4601039091511067,274.1239802799807,-20.375561289397936,-26.127169110967067,884.7648534823179,13.232030427717923,66.8288421809093,418.9233350223624,-17.251179392168968,-8.331537291429749,1014.0089926934703,14.984673887513623,15.092504263901724
2.87,9.15499679212549,0.1409751881299463,19.89831061903374,1.5473308810589819,-0.09017519371781449,0.4601035107099082,274.12546309735853,-20.37547016934743,-26.127233688995723,884.7658756459009,13.232093330583783,66.8287305416778,418.92532058144246,-17.251073092925616,-8.331547037838101,1014.0104988999688,14.984753121294158,15.092467807688461
2.8725,9.154989020216352,0.1409876505470132,19.898306469742508,1.5473295873203825,-0.09017570025898783,0.46010312624488914,274.1269594434508,-20.37537576454951,-26.12729922141164,884.7669060975809,13.232159642130647,66.82861748275461,418.9273100815373,-17.25096556352329,-8.331556955882467,1014.0120027845962,14.984833704108691,15.092431483056124
2.875,9.154981281190782,0.14100002415439547,19.898302354099158,1.547328297160341,-0.09017613331937457,0.4601027553916563,274.128467643764,-20.37527822631541,-26.12736559114163,884.7679424992684,13.232229164887755,66.82850298831549,418.92930210203315,-17.25085688617223,-8.331567024060755,1014.013502347472,14.98491550947162,15.092395283390372
2.8775,9.15497356343898,0.1410123093669693,19.89829827188613,1.5473270085120852,-0.0901764955178174,0.4601023977805596,274.12998603386666,-20.37517770740649,-26.1274326821845,884.7689825516138,13.23230170121259,66.82838704595136,418.93129523326655,-17.250747143730706,-8.331577221088303,1014.0149956278204,14.984998411475381,15.092359202433448
2.88,9.154965855680771,0.14102450658737373,19.898294222886573,1.547325719369112,-0.09017678949841763,0.4601020530371783,274.1315129612469,-20.375074361825675,-26.12750037973201,884.7700239961072,13.232377053529865,66.82826964661875,418.9332880781473,-17.250636419588794,-8.331587525920268,1014.0164807057487,14.985082284935892,15.092323234283358
2.8825,9.154958146972966,0.1410366162065431,19.89829020688432,1.5473244277864917,-0.09017701792712869,0.46010172078280476,274.13304678713166,-20.374968344610277,-26.127568570286982,884.7710646170988,13.232455024566715,66.82815078458711,418.93527925374786,-17.250524797552792,-8.331597917773466,1014.0179557039526,14.985167005535317,15.09228737339273
2.8850000000000002,9.154950426716017,0.14104863860437236,19.89828622366381,1.5473231318820808,-0.0901771834883796,0.46010140063492455,274.13458588824784,-20.374859811628067,-26.127637141776884,884.7721022437279,13.232535417583124,66.828030457383,418.93726739283295,-17.250412361732025,-8.331608376147233,1014.0194187893251,14.98525244996035,15.092251614567068
2.8875,9.154942684660403,0.14106057415027842,19.898282273010064,1.547321829837635,-0.09017728888173195,0.46010109220769413,274.1361286585494,-20.374748919374298,-26.127705983665027,884.7731347517813,13.232618036599364,66.82790866573144,418.9392511453674,-17.25029919642579,-8.331618880844065,1014.0208681745114,14.98533849603878,15.092215952962862
2.89,9.154934910912226,0.1410724232038401,19.898278354708616,1.5473205198998288,-0.09017733681857402,0.46010079511241336,274.1376735108846,-20.374635824772614,-26.12777498705712,884.7741600654429,13.232702686616859,66.8277854134939,418.94122917995804,-17.25018538601303,-8.331629411989091,1014.0223021193549,14.985425022870702,15.092180384085056
2.8925,9.15492709593844,0.1410841861153441,19.898274468545484,1.5473192003811773,-0.09017733001885454,0.46010050895799465,274.1392188786219,-20.374520684977693,-26.127844044804835,884.7751761589705,13.232789173835469,66.8276607076038,418.94320018525775,-17.25007101484327,-8.331639950049064,1014.0237189322781,14.98551191095715,15.092144903784234
2.895,9.154919230571462,0.14109586322641796,19.89827061430712,1.547317869660865,-0.09017727120785973,0.46010023335142614,274.14076321721683,-20.374403657181574,-26.127913051604942,884.7761810582849,13.23287730586581,66.8275345579996,418.9451628713221,-17.24995616712932,-8.331650475850568,1014.025116971571,14.985599042324328,15.092109508253357
2.8975,9.154911306013432,0.1411074548705887,19.89826679178037,1.5473165261854773,-0.0901771631130365,0.4600999678982304,274.1423050057405,-20.37428489842197,-26.127981904095854,884.777172842466,13.232966891936037,66.8274069775548,418.94711597092316,-17.249840926841507,-8.331660970597593,1014.0264946466122,14.98568630064473,15.092074194024256
2.9,9.154903313839684,0.14111896137380323,19.89826300075246,1.5473151684696398,-0.0901770084608645,0.46009971220291657,274.14384274833753,-20.374164565395425,-26.128050500948543,884.7781496451561,13.233057743093024,66.82727798200574,418.9490582407975,-17.24972537760494,-8.331671415888092,1014.0278504189872,14.98577357135339,15.092038957963597
2.9025,9.154895246001916,0.1411303830551042,19.898259241010933,1.5473137950965623,-0.09017680997378014,0.460099465869427,274.14537497564174,-20.37404281427285,-26.128118742954843,884.7791096558832,13.233149672398635,66.82714758987734,418.9509884628581,-17.24960960259808,-8.331681793729993,1014.0291828035332,14.985860741760282,15.092003797268536
2.9050000000000002,9.154887094830816,0.1411417202271168,19.898255512343624,1.547312404718489,-0.09017657036715486,0.4600992285015765,274.14690024613685,-20.373919800518724,-26.1281865331115,884.7800511212898,13.23324249512009,66.82701582240641,418.9529054453572,-17.249493684453277,-8.331692086556492,1014.0304903693113,14.985947701159464,15.091968709462165
2.9075,9.154878853038078,0.14115297319660824,19.898251814538643,1.547310996057061,-0.09017629234633073,0.46009899970348517,274.1484171474573,-20.373795678714558,-26.12825377669995,884.7809723462735,13.233336028914577,66.8268827034628,418.9548080239829,-17.249377705160608,-8.331702277240296,1014.0317717404738,14.986034340932653,15.091933692388416
2.91,9.15487051371802,0.1411641422650358,19.89824814738434,1.5473095679035818,-0.09017597860371535,0.46009877908000335,274.1499242976333,-20.373670602386152,-26.128320381362098,884.7818716950345,13.233430094007625,66.82674825946897,418.9566950629194,-17.249261745973076,-8.331712349107367,1014.0330255970674,14.98612055464954,15.091898744206787
2.9125,9.15486207034871,0.14117522772909175,19.89824451066928,1.5473081191191964,-0.09017563181593871,0.46009856623712925,274.1514203462854,-20.373544723834456,-26.128386257172497,884.7827475920459,13.233524513366401,66.82661251931776,418.9585654558478,-17.249145887314686,-8.331722285949759,1014.03425067575,14.986206238163602,15.091863863386758
2.915,9.154853516792512,0.14118622988119464,19.898240904182227,1.5473066486349816,-0.09017525464107427,0.46009836078241806,274.15290397575586,-20.37341819397126,-26.128451316705934,884.783598522915,13.233619112865359,66.8264755142878,418.96041812689026,-17.249030208691284,-8.331732072037592,1014.0354457704165,14.986291289703024,15.09182904870181
2.9175,9.15484484729626,0.14119714901006145,19.898237327712113,1.5473051554519484,-0.09017484971592628,0.46009816232538275,274.1543739021807,-20.373291162159134,-26.128515475100897,884.78442303518,13.233713721447216,66.82633727795852,418.9622520315137,-17.248914788603187,-8.331741692130464,1014.0366097327566,14.98637560995797,15.091794299223267
2.92,9.154836056490877,0.14120798540117022,19.898233781048027,1.5473036386409558,-0.0901744196533854,0.4600979704778863,274.1558288765132,-20.373163776055247,-26.12857865011953,884.7852197389996,13.233808171276563,66.82619784612278,418.964066157363,-17.248799704461526,-8.331751131487788,1014.0377414727241,14.986459102162842,15.09175961431382
2.9225,9.154827139390612,0.14121873933726192,19.8982302639792,1.5473020973425438,-0.09017396703985471,0.46009778485452457,274.15726768547967,-20.373036181460524,-26.128640762202785,884.7859873077655,13.2339022978874,66.82605725669879,418.965859525057,-17.248685032506316,-8.331760375878586,1014.0388399589277,14.986541672174337,15.091724993620812
2.9250000000000003,9.154818091391702,0.14122941109879544,19.898226776295004,1.547300530766682,-0.09017349443274768,0.46009760507299996,274.15868915247984,-20.372908522173162,-26.12870173452179,884.7867244786248,13.23399594032415,66.82591554964044,418.9676311889174,-17.24857084772807,-8.33176941159029,1014.0399042189442,14.986623228544882,15.091690437069229
2.9275,9.154808908270732,0.14124000096450415,19.898223317784907,1.5472989381924336,-0.09017300435806,0.4600974307544854,274.1600921384321,-20.37278093984668,-26.12876149302525,884.787430052918,13.234088941276202,66.82577276684705,418.96938023765483,-17.248457223791647,-8.331778225436949,1014.0409333395511,14.986703682591529,15.091655944854534
2.93,9.154799586182447,0.14125050921176643,19.8982198882385,1.5472973189675456,-0.09017249930801675,0.4600972615239785,274.16147554255434,-20.372653573853373,-26.1288199664823,884.7881028965315,13.234181147205703,66.82562895207195,418.97110579499287,-17.248344232963397,-8.331786804766468,1014.0419264668877,14.98678294846062,15.091621517435254
2.9325,9.15479012165718,0.14126093611709836,19.898216487445474,1.5472956725079547,-0.09017198173879655,0.4600970970106456,274.1628383030913,-20.372526561152238,-26.128877086521804,884.7887419401651,13.234272408468694,66.82548415083026,418.9728070202434,-17.24823194604097,-8.331795137467207,1014.0428828065309,14.986860943187297,15.091587155525295
2.935,9.154780511597869,0.14127128195659824,19.89821311519561,1.5472939982972218,-0.09017145406833377,0.4600969368481554,274.16417939797867,-20.372400036162308,-26.128932787667107,884.7893461795209,13.234362579429892,66.82533841030633,418.9744831088242,-17.248120432286353,-8.331803211973675,1014.0438016235048,14.986937586751125,15.091552860086207
2.9375,9.154770753276656,0.14128154700633125,19.898209771278793,1.5472922958858897,-0.09017091867420045,0.4600967806750019,274.1654978454549,-20.37227413064069,-26.128987007367265,884.7899146754041,13.234451518570223,66.82519177926002,418.9761332927329,-17.24800975936125,-8.331811017271658,1014.0446822422119,14.987012802126776,15.091518632319096
2.94,9.154760844331065,0.14129173154278246,19.898206455485,1.5472905648907702,-0.09017037789156879,0.4600966281348172,274.16679270460577,-20.372148973566485,-26.129039686023532,884.7904465537443,13.234539088587628,66.82504430793337,418.9777568409488,-17.247899993266756,-8.331818542902234,1014.0455240462901,14.987086515330095,15.091484473656534
2.9425,9.154750782759896,0.14130183584324843,19.898203167604294,1.5472888049941593,-0.09016983401125526,0.46009647887667254,274.16806307586256,-20.372024691028834,-26.129090767012833,884.7909410055499,13.234625156492207,66.82489604795636,418.97935305981025,-17.247791198284233,-8.331825778965522,1014.0463264784095,14.987158655460409,15.091450385754245
2.945,9.154740566918537,0.14131186018622302,19.89819990742684,1.5472870159429857,-0.09016928927784759,0.46009633255536875,274.1693081014284,-20.37190140612172,-26.129140196706086,884.7913972867595,13.23470959369255,66.82474705225279,418.98092129330206,-17.24768343692168,-8.331832716123028,1014.0470890399788,14.987229154736937,15.091416370482573
2.9475000000000002,9.154730195514217,0.14132180485170973,19.89819667474292,1.5472851975478936,-0.090168745887915,0.46009618883171555,274.1705269656642,-20.371779238842368,-26.129187924484,884.7918147180459,13.234792276077656,66.8245973749461,418.9824609233374,-17.247576769860274,-8.331839345600066,1014.047811290809,14.98729794853243,15.091382429917997
2.95,9.15471966760064,0.1413316701216869,19.89819346934291,1.5472833496822602,-0.09016820598830268,0.4600960473727991,274.1717188954037,-20.37165830599641,-26.129233902747917,884.7921926845245,13.234873084090381,66.82444707126524,418.9839713699468,-17.247471255906643,-8.33184565918669,1014.0484928486911,14.987364975401096,15.091348566334423
2.9525,9.154708982572389,0.14134145628037326,19.898190291017315,1.5472814722811539,-0.09016767167451116,0.4600959078522382,274.17288316021666,-20.371538721108028,-26.12927808692711,884.7925306353937,13.234951902794666,66.82429619745052,418.98545209143424,-17.247366951947118,-8.331851649238267,1014.0491333889133,14.987430177102468,15.091314782194356
2.955,9.154698140159049,0.14135116361462147,19.898187139556754,1.5472795653402314,-0.09016714498916095,0.4600957699504294,274.1740190726207,-20.371420594335056,-26.129320435482732,884.7928280835091,13.235028621936484,66.82414481066014,418.9869025844907,-17.247263912904653,-8.331857308675445,1014.0497326437198,14.987493498621163,15.091281080140064
2.9575,9.154687140418964,0.1413607924141551,19.898184014752005,1.5472776289145802,-0.09016662792054281,0.46009563335477943,274.17512598823487,-20.37130403238979,-26.129360909907792,884.7930846048828,13.23510313599785,66.82399296887685,418.9883223842457,-17.247162191699637,-8.331862630983194,1014.050290401708,14.987554888182375,15.091247462984652
2.96,9.154675983732638,0.1413703429719665,19.898180916393983,1.5472756631175053,-0.09016612240125409,0.460095497759927,274.1762033058729,-20.371189138465915,-26.129399474722945,884.793299838111,13.235175344243677,66.82384073081501,418.98971106426563,-17.24706183921415,-8.331867610209095,1014.0508065071535,14.987614297262365,15.091213933703003
2.9625,9.154664670796043,0.14137981558453364,19.898177844273782,1.5472736681192625,-0.09016563030692133,0.46009536286795166,274.17725046759745,-20.371076012169308,-26.129436097470006,884.7934734837481,13.235245150763408,66.82368815582889,418.991068236528,-17.246962904257813,-8.331872240961403,1014.0512808592995,14.98767168059606,15.091180495422822
2.965,9.154653202613416,0.141389210552125,19.89817479818268,1.5472716441457464,-0.09016515345500907,0.46009522838857203,274.17826695870605,-20.370964749455933,-26.12947074870052,884.7936053035976,13.235312464504434,66.8235353038207,418.9923935513242,-17.246865433538318,-8.33187651840597,1014.0517134115586,14.98772699617873,15.091147151415425
2.9675000000000002,9.154641580489972,0.14139852817905008,19.89817177791216,1.5472695914771273,-0.09016469360371501,0.4600950940393309,274.17925230767565,-20.370855442573944,-26.129503401961916,884.7936951199594,13.23537719930079,66.82338223515043,418.9936866971237,-17.246769471634504,-8.33188043826271,1014.0521041706996,14.987780205265755,15.091113905086788
2.97,9.1546298060243,0.14140776877398592,19.898168783253908,1.5472675104464448,-0.09016425245095137,0.4600949595457695,274.18020608604974,-20.370748180011944,-26.129534033779585,884.793742814802,13.23543927389409,66.82322901054594,418.9949474003992,-17.246675060972215,-8.331883996801539,1014.0524531959437,14.987831272366304,15.091080759968353
2.9725,9.154617881100537,0.14141693265003705,19.89816581399988,1.5472654014381608,-0.09016383163341221,0.46009482464158924,274.1811279082808,-20.37064304645203,-26.129562623636307,884.7937483288848,13.235498611949115,66.82307569101444,418.99617542540227,-17.246582241803477,-8.331887190837563,1014.0527605980333,14.987880165234335,15.091047719707893
2.975,9.154605807880307,0.14142602012514724,19.898162869942276,1.54726326488667,-0.09016343272572655,0.4600946890688015,274.1820174315199,-20.3705401227286,-26.129589153947954,884.7937116608175,13.235555142062594,66.82292233775483,418.9973705738881,-17.24649105218917,-8.33189001772562,1014.0530265382474,14.987926854855449,15.091014788060502
2.9775,9.15459358879452,0.14143503152213888,19.8981599508736,1.5472611012747761,-0.09016305723969666,0.4600945525778662,274.18287435535836,-20.370439485792314,-26.129613610036234,884.7936328660693,13.235608797766252,66.8227690120713,418.99853268481877,-17.24640152798351,-8.331892475354541,1014.0532512273686,14.987971315429839,15.090981968879495
2.98,9.154581226534894,0.14144396716908086,19.898157056586633,1.5472589111321315,-0.09016270662362144,0.46009441492781755,274.1836984215256,-20.3703412086792,-26.12963598009848,884.7935120559264,13.235659517523867,66.82261577528857,418.9996616340004,-17.246313702822924,-8.331894562140452,1014.0534349246024,14.988013524351418,15.090949266107376
2.9825,9.154568724045367,0.141452827399274,19.89815418687453,1.5472566950336466,-0.09016238226170384,0.460094275886379,274.1844894135373,-20.37024536048515,-26.129656255174314,884.7933493963951,13.235707244722118,66.8224626886679,419.0007573336992,-17.246227608116783,-8.331896277019847,1014.0535779364689,14.98805346218407,15.09091668376689
2.985,9.15455608451331,0.14146161255154419,19.89815134153079,1.5472544535978685,-0.09016208547354207,0.460094135230066,274.18524715630093,-20.370152006345567,-26.129674429109485,884.7931451070575,13.235751927655691,66.82230981332494,419.0018197322088,-17.246143273041636,-8.331897619441975,1014.053680615629,14.988091112632995,15.090884225952088
2.9875000000000003,9.154543311360587,0.14147032297036485,19.898148520349295,1.547252187485332,-0.09016181751370367,0.4600939927442766,274.18597151567656,-20.370061207420022,-26.129690498516812,884.7928994598852,13.2357935195071,66.82215721014906,419.0028488133794,-17.24606072453827,-8.331898589360708,1014.0537433597008,14.98812646251424,15.090851896819533
2.99,9.15453040823449,0.14147895900594612,19.89814572312435,1.5472498973968885,-0.09016157957138167,0.4600938482233717,274.18666239799705,-20.369973020882004,-26.1297044627347,884.7926127780028,13.235831978320235,66.82200493972411,419.00384459611564,-17.245979987311365,-8.331899187226012,1014.0537666100132,14.988159501719334,15.090819700579438
2.9925,9.15451737899863,0.1414875210143976,19.89814294965071,1.5472475840720117,-0.09016137277013196,0.46009370147074263,274.187319749548,-20.369887499913364,-26.129716323782976,884.7922854344204,13.235867266969514,66.82185306225146,419.00480713384013,-17.245901083831782,-8.331899413974991,1014.0537508503543,14.988190223178322,15.09078764148717
2.995,9.154504227723496,0.14149600935783888,19.898140199723585,1.5472452482870822,-0.09016119816769079,0.46009355229886806,274.1879435559995,-20.369804693704584,-26.129726086315586,884.7919178507087,13.235899353122138,66.82170163747357,419.0057365139087,-17.245824034342494,-8.331899271022175,1014.053696605655,14.988218622817795,15.090755723834507
2.9975,9.154490958677211,0.14150442440447386,19.898137473138704,1.5472428908536586,-0.09016105675587156,0.4600934005293595,274.1885338418151,-20.36972464745834,-26.12973375757209,884.791510495659,13.235928209197,66.82155072460081,419.00663285701376,-17.245748856865863,-8.33189876024982,1014.0536044406767,14.988244699517816,15.090723951941351
3.0,9.154477576315987,0.14151276652866704,19.898134769692323,1.5472405126167306,-0.09016094946053954,0.46009324599299545,274.189090669609,-20.36964740239916,-26.129739347325827,884.7910638838928,13.235953812317181,66.82140038223919,419.00749631653815,-17.245675567214736,-8.331897883997426,1014.0534749586438,14.988268455064235,15.09069233014728
3.0025,9.154464085274569,0.14152103611099656,19.898132089181274,1.547238114452963,-0.09016087714166343,0.46009308852974495,274.1896141394718,-20.369572995787344,-26.129742867829982,884.7905785744412,13.235976144257922,66.82125066832029,419.00832707788885,-17.24560417900539,-8.33189664505105,1014.0533087998666,14.988289894099227,15.090660862803416
3.005,9.154450490356691,0.14152923353837937,19.898129431402968,1.5472356972689278,-0.09016084059344262,0.4600929279887801,274.1901043882688,-20.3695014609368,-26.129744333762254,884.7900551693004,13.235995191390181,66.82110164003325,419.0091253577967,-17.24553470367335,-8.331895046632203,1014.0531066403391,14.988309024068835,15.090629554264357
3.0075000000000003,9.154436796525399,0.14153735920399513,19.898126796155463,1.5472332619993299,-0.09016084054450844,0.46009276422847767,274.1905615888939,-20.369432827238356,-26.129743762166576,884.7894943119527,13.23601094461907,66.82095335375884,419.00989140359104,-17.245467150491468,-8.331893092386366,1014.0528691903089,14.988325855167684,15.090598408880254
3.0100000000000002,9.154423008893357,0.14154541350743194,19.898124183237464,1.547230809605228,-0.09016087765819851,0.4600925971164108,274.19098594949907,-20.369367120186833,-26.1297411723934,884.7888966858628,13.23602339931801,66.82080586500531,419.0106254924463,-17.245401526590598,-8.331890786371204,1014.0525971928348,14.988340400281409,15.090567430989042
3.0125,9.154409132713228,0.1415533968546063,19.89812159244838,1.5472283410722532,-0.09016095253290231,0.46009242652932997,274.19137771269493,-20.369304361412212,-26.129736586038366,884.7882630129556,13.236032555258848,66.82065922834693,419.0113279306065,-17.245337836982287,-8.33188813304451,1014.0522914223251,14.988352674926652,15.090536624908879
3.015,9.154395173367913,0.14156130965783287,19.89811902358834,1.5472258574088253,-0.09016106570247666,0.46009225235313367,274.1917371547158,-20.369244568715583,-26.129730026878747,884.7875940520634,13.236038416537255,66.82051349736398,419.0119990525807,-17.245276084584148,-8.331885137251716,1014.0519526830639,14.988362697189006,15.090505994930739
3.0175,9.154381136360882,0.14156915233575437,19.89811647645824,1.5472233596443745,-0.09016121763672953,0.4600920744828296,274.19206458456296,-20.369187756108687,-26.12972152080855,884.7868905973633,13.236040991494558,66.82036872458583,419.0126392203217,-17.24521627024711,-8.331881804213296,1014.0515818077145,14.988370487657999,15.090475545311074
3.02,9.154367027306533,0.14157692531335442,19.898113950859777,1.5472208488275636,-0.09016140874197048,0.46009189282248586,274.1923603431229,-20.369133933857253,-26.129711095772485,884.7861534767912,13.236040292635643,66.8202249614354,419.01324882238305,-17.245158392784788,-8.331878139511835,1014.0511796558329,14.988376069361486,15.09044528026488
3.0225,9.154352851920507,0.14158462902196184,19.89811144659545,1.5472183260245187,-0.09016163936162605,0.4600917072851724,274.19262480225416,-20.369083108528805,-26.129698781697574,884.7853835504467,13.236036336543133,66.82008225817654,419.01382827305235,-17.245102449005177,-8.331874149078862,1014.050747112348,14.98837946769649,15.090415203958731
3.025,9.1543386160101,0.14159226389910243,19.898108963468648,1.5472157923170684,-0.09016190977691853,0.4600915177928939,274.19285836385956,-20.36903528304346,-26.129684610424487,884.784581708978,13.236029143787908,66.8199406638635,419.014378011469,-17.24504843374425,-8.33186983918145,1014.0502850860515,14.988380710359294,15.090385320504124
3.0275,9.154324325464735,0.14159983038855392,19.898106501283632,1.5472132488009913,-0.09016222020760603,0.46009132427651245,274.1930614589327,-20.368990456728685,-26.12966861563718,884.7837488719618,13.236018738836396,66.81980022629249,419.0148985007293,-17.24499633990112,-8.33186521640874,1014.0497945080806,14.98837982727358,15.090355633951006
3.0300000000000002,9.154309986246473,0.14160732894015501,19.89810405984562,1.5472106965842791,-0.09016257081278248,0.4600911266756625,274.1932345465839,-20.368948625377527,-26.129650832791324,884.782885986278,13.236005149954932,66.8196609919563,419.0153902269688,-17.24494615847555,-8.331860287658149,1014.0492763303924,14.988376850516794,15.090326148281523
3.0325,9.15429560438059,0.14161476000988052,19.898101638960757,1.5472081367854111,-0.0901629616917352,0.4600909249386563,274.19337811305263,-20.368909781309785,-26.12963129904236,884.7819940244675,13.235988409110611,66.81952300600044,419.01585369843696,-17.244897878606835,-8.33185506012153,1014.0487315242451,14.988371814245394,15.090296867403914
3.035,9.154281185946271,0.14162212405960786,19.898099238436213,1.547205570531648,-0.09016339288485857,0.4600907190223817,274.1934926706948,-20.368873913437056,-26.129610053171753,884.7810739830992,13.235968551869759,66.81938631218242,419.0162894445539,-17.244851487614675,-8.331849541271136,1014.0481610786745,14.988364754618399,15.090267795146712
3.0375,9.1542667370674,0.14162942155711666,19.89809685808017,1.5472029989573417,-0.0901638643746216,0.46009050889219105,274.1935787569648,-20.36884100733005,-26.12958713551352,884.7801268811234,13.235945617293353,66.8192509528328,419.0166980149659,-17.244806971041083,-8.33184373884559,1014.0475659989794,14.988355709720125,15.090238935253113
3.04,9.15425226390338,0.14163665297590877,19.89809449770188,1.5472004232022663,-0.09016437608658762,0.4600902945217831,274.1936369333726,-20.368811045289704,-26.12956258787903,884.779153758233,13.235919647830109,66.81911696881937,419.0170799785725,-17.244764312694894,-8.331837660835497,1014.0469473052028,14.988344719481239,15.09021029137551
3.0425,9.15423777264017,0.14164381879517662,19.898092157111677,1.5471978444099705,-0.09016492789048387,0.4600900758930766,274.19366778443714,-20.36878400642039,-26.129536453482036,884.7781556732226,13.235890689207274,66.81898439951297,419.0174359225651,-17.24472349469658,-8.331831315469312,1014.0463060306303,14.988331825599388,15.09018186707041
3.045,9.154223269481403,0.14165091949955944,19.898089836121038,1.547195263726155,-0.09016551960131941,0.46008985299607674,274.19367191662514,-20.36875986670611,-26.129508776862938,884.7771337023551,13.235858790319298,66.81885328275645,419.0177664514501,-17.244684497524865,-8.331824711198976,1014.0456432202916,14.988317071458756,15.090153665793402
3.0475,9.154208760639602,0.14165795557912375,19.898087534542583,1.5471926822970719,-0.09016615098054863,0.4600896258287347,274.1936499572795,-20.36873859908933,-26.129479603812538,884.7760889377281,13.235824003114072,66.81872365483554,419.01807218606,-17.244647300065086,-8.331817856685475,1014.0449599294669,14.988300502048412,15.090125690894471
3.0500000000000003,9.15419425232761,0.14166492752913107,19.898085252190132,1.5471901012679548,-0.09016682173727905,0.4600893943968002,274.1936025535427,-20.368720173551846,-26.129448981295873,884.7750224856571,13.235786382478132,66.81859555045257,419.0183537625734,-17.244611879657867,-8.331810760784538,1014.0442572222235,14.98828216388115,15.090097945613536
3.0525,9.154179750750068,0.14167183584994722,19.898082988878716,1.547187521781474,-0.09016753152952069,0.4600891587136675,274.1935303712664,-20.36870455719869,-26.129416957375142,884.7739354650574,13.235745986119262,66.81846900270206,419.01861183151635,-17.244578212149918,-8.33180343253213,1014.0435361699381,14.988262104910167,15.090070433076136
3.055,9.154165262095225,0.14167868104685274,19.898080744424618,1.5471849449762238,-0.0901682799654754,0.4600889188002154,274.1934340939295,-20.368691714342745,-26.129383581133904,884.7728290058526,13.235702874448807,66.8183440430496,419.0188470567814,-17.24454627194466,-8.331795881130269,1014.0427978498662,14.988240374447182,15.09004315628951
3.0575,9.154150792526664,0.14168546362983858,19.898078518645413,1.5471823719852396,-0.09016906660486369,0.46008867468464093,274.19331442153475,-20.36868160659322,-26.129348902599553,884.7717042473757,13.235657110461151,66.81822070131209,419.0190601146211,-17.244516032055344,-8.33178811593247,1014.0420433436984,14.988217023078453,15.090016118138738
3.06,9.154136348175399,0.14169218411352832,19.898076311359965,1.5471798039345468,-0.09016989096028706,0.4600884264022876,274.19317206951325,-20.368674192944745,-26.129312972666987,884.7705623368015,13.23560875961316,66.81809900564087,419.0192516926646,-17.244487464157686,-8.33178014642961,1014.0412737361493,14.988192102581511,15.089989321383204
3.0625,9.154121935132144,0.14169884301690955,19.898074122388486,1.5471772419417473,-0.09017075249862386,0.4600881739954681,274.1930077676326,-20.368669429867925,-26.1292758430228,884.7694044275944,13.23555788970271,66.8179789825078,419.0194224889266,-17.244460538643867,-8.331771982235722,1014.0404901135754,14.988165665842267,15.089962768653386
3.065,9.154107559439606,0.1417054408631454,19.898071951552563,1.5471746871146355,-0.0901716506424562,0.46008791751328176,274.19282225889015,-20.368667271402796,-26.129237566068397,884.7682316779642,13.235504570745515,66.81786065669247,419.01957321081375,-17.244435224677613,-8.33176363307376,1014.0396935625907,14.988137766770826,15.089936462447675
3.0675,9.154093227085163,0.14171197817946038,19.898069798675156,1.5471721405498549,-0.09017258477152615,0.4600876570114277,274.1926162984207,-20.36866766925255,-26.12919819484474,884.7670452493498,13.235448874851896,66.81774405127263,419.01970457414984,-17.24441149024902,-8.331755108761724,1014.0388851687253,14.98810846021853,15.089910405129668
3.0700000000000003,9.154078943993598,0.14171845549683723,19.89806766358066,1.5471696033315896,-0.09017355422421866,0.4600873925520128,274.1923906524029,-20.368670572879,-26.129157782957,884.765846304923,13.235390876103093,66.81762918761677,419.01981730218796,-17.2443893022311,-8.331746419198621,1014.0380660150955,14.988077801894594,15.08988459892548
3.0725000000000002,9.154064716020168,0.1417248733498783,19.898065546094916,1.5471670765302952,-0.09017455829906955,0.4600871242033559,274.1921460969689,-20.368675929599178,-26.129116384499884,884.7646360081138,13.23533065042698,66.81751608537868,419.01991212465055,-17.244368626435413,-8.331737574350868,1014.0372371811086,14.98804584828356,15.089859045921518
3.075,9.154050548943712,0.14173123227661508,19.89806344604521,1.5471645612014673,-0.09017559625629606,0.46008685203978766,274.1918834171167,-20.368683684683308,-26.12907405398321,884.763415521158,13.235268275473555,66.81740476249459,419.01998977675186,-17.244349427669782,-8.33172858423845,1014.0363997411794,14.988012656562354,15.08983374806226
3.0775,9.154036448460122,0.1417375328181941,19.89806136326035,1.5471620583844534,-0.09017666731934788,0.46008657614144705,274.1916034056353,-20.36869378145306,-26.129030846258733,884.7621860036759,13.23520383049076,66.81729523518229,419.02005099825277,-17.244331669794775,-8.331719458921658,1014.0355547634886,14.987978284518643,15.089808707148425
3.08,9.154022420176005,0.1417437755187685,19.89805929757064,1.547159569101301,-0.09017777067647677,0.4600862965940743,274.19130686203545,-20.368706161380867,-26.12898681644762,884.7609486112701,13.235137396199914,66.81718751794253,419.02009653251116,-17.244315315781357,-8.331710208487726,1014.0347033087651,14.98794279046961,15.089783924835363
3.0825,9.154008469602498,0.14174996092517056,19.89805724880794,1.547157094355651,-0.0901789054823223,0.4600860134888008,274.190994591484,-20.36872076419016,-26.128942019868287,884.7597044941599,13.235069054671978,66.81708162356269,419.02012712554904,-17.244300327768357,-8.331700843037783,1014.033846429093,14.98790623318108,15.08975940263162
3.085,9.153994602149384,0.1417560895867903,19.898055216805655,1.547154635131673,-0.090180070859512,0.4600857269219363,274.19066740375666,-20.368737527955595,-26.128896511965873,884.758454795839,13.234998889203764,66.81697756312228,419.02014352512606,-17.244286667120356,-8.331691372673934,1014.0329851667522,14.987868671787584,15.089735141897739
3.0875,9.153980823119351,0.1417621620552468,19.89805320139878,1.5471521923930411,-0.09018126590027349,0.4600854369947532,274.19032611219325,-20.36875638920427,-26.12885034824195,884.75720065176,13.234926984194594,66.81687534600054,419.020146479828,-17.24427429448544,-8.331681807486563,1014.0321205530905,14.987830165713422,15.08971114384533
3.09,9.153967137702645,0.14176817888425347,19.898051202423897,1.5471497670819558,-0.09018248966805675,0.4600851438132693,274.1899715326748,-20.368777283016392,-26.12880358418621,884.755943188065,13.234853425024507,66.81677497988646,419.0201367381753,-17.24426316985256,-8.331672157542,1014.0312536074337,14.987790774594833,15.089687409536372
3.0925000000000002,9.153953550971746,0.14177414062927887,19.898049219719216,1.5471473601182097,-0.09018374119916439,0.46008484748802797,274.18960448260384,-20.368800143126975,-26.128756275208236,884.7546835203303,13.234778297932126,66.81667647079018,419.0201150477355,-17.244253252609422,-8.331662432870223,1014.0303853360108,14.98775055820234,15.089663939882616
3.095,9.153940067876476,0.14178004784735937,19.898047253124584,1.5471449723982955,-0.0901850195043879,0.4600845481338768,274.1892257799078,-20.368824902026738,-26.12870847657144,884.7534227523597,13.234701689894434,66.81657982305677,419.0200821542559,-17.244244501599837,-8.331652643452943,1014.0295167309367,14.98770957636536,15.089640735645384
3.0975,9.15392669323923,0.14178590109687625,19.898045302481496,1.547142604794561,-0.0901863235706479,0.4600842458697451,274.1888362420515,-20.368851491063435,-26.12866024332757,884.7521619750024,13.234623688507142,66.81648503938172,419.0200388008161,-17.244236875180675,-8.331642799211952,1014.0286487692123,14.987667888897215,15.089617797435446
3.1,9.153913431750448,0.1417917009372968,19.898043367633107,1.5471402581544085,-0.09018765236263639,0.4600839408184203,274.18843668506656,-20.368879840542863,-26.12861163025262,884.75090226501,13.234544381866275,66.81639212082816,419.0199857269877,-17.244230331279088,-8.331632909997625,1014.0277824117637,14.987625555521522,15.08959512571316
3.1025,9.153900287964431,0.1417974479289194,19.898041448424262,1.5471379332995394,-0.0901890048244591,0.46008363310632294,274.1880279226027,-20.368909879829143,-26.12856269178458,884.7496446839323,13.234463858451505,66.81630106684622,419.01992366802085,-17.244224827448697,-8.331622985577825,1014.0269186025231,14.987582635800134,15.089572720788809
3.105,9.153887266295314,0.14180314263262805,19.8980395447015,1.5471356310252444,-0.09019037988127597,0.4600833228632819,274.18761076499203,-20.368941537444897,-26.12851348196207,884.7483902770433,13.234382207010508,66.81621187529367,419.01985335404913,-17.244220320925486,-8.331613035627134,1014.0260582675378,14.987539189062371,15.089550582823168
3.1075,9.153874371013274,0.14180878560967397,19.898037656313065,1.5471333520997386,-0.09019177644093786,0.46008301022230874,274.18718601833325,-20.36897474117083,-26.12846405436469,884.7471400723078,13.234299516444835,66.81612454245837,419.0197755093034,-17.244216768683707,-8.33160306971617,1014.0252023141186,14.98749527433535,15.089528711828182
3.11,9.153861606241069,0.14181437742142047,19.898035783108913,1.5471310972635441,-0.09019319339561764,0.4600826953193724,274.18675448359846,-20.369009418144234,-26.12841446205498,884.7458950793927,13.234215875698286,66.81603906308277,419.0196908513558,-17.244214127490608,-8.331593097301413,1014.0243516300322,14.98745095027665,15.089507107667965
3.1125000000000003,9.153848975950716,0.14181991862907742,19.898033924940737,1.5471288672289172,-0.09019462962343397,0.4600823782931736,274.18631695575345,-20.36904549495744,-26.12836475752143,884.7446562887019,13.234131373645763,66.81595543038915,419.01960009038044,-17.244212353960787,-8.331583127715268,1014.0235070827188,14.987406275107585,15.089485770059872
3.115,9.153836483960536,0.14182540979349267,19.89803208166196,1.547126662679319,-0.09019608399006575,0.4600820592849205,274.1858742229092,-20.369082897754353,-26.12831499262404,884.7434246704682,13.234046098985374,66.81587363610727,419.0195039284378,-17.244211404609633,-8.331573170156533,1014.0226695185584,14.987361306548873,15.089464698575835
3.1175,9.15382413393234,0.1418308514748488,19.89803025312776,1.5471244842689378,-0.09019755535035563,0.4600817384381044,274.18542706548516,-20.369121552326895,-26.1282652185405,884.7422011738719,13.233960140131618,66.8157936705028,419.0194030587732,-17.244211235906583,-8.331563233680994,1014.0218397621716,14.987316101757687,15.089443892643839
3.12,9.153811929368871,0.1418362442325369,19.89802843919505,1.5471223326222487,-0.09019904254990098,0.4600814158982768,274.18497625540175,-20.3691613842098,-26.128215485714776,884.7409867262024,13.233873585110857,66.81571552240725,419.019298165141,-17.244211804327225,-8.331553327192497,1014.0210186157526,14.987270717266076,15.089423351549527
3.1225,9.1537998736116,0.1418415886247619,19.898026639722513,1.5471202083336257,-0.09020054442663032,0.46008109181282714,274.1845225552922,-20.369202318774427,-26.128165843807043,884.739782232067,13.233786521459457,66.81563917924984,419.01918992116015,-17.244213066404168,-8.331543459434462,1014.0202068584563,14.987225208922151,15.089403074438124
3.125,9.153787969838618,0.14184688520843494,19.89802485457059,1.5471181119669932,-0.09020205981236395,0.4600807663307632,274.1840667177426,-20.369244281320974,-26.128116341645768,884.7385885726296,13.233699036123426,66.81556462708953,419.01907898967636,-17.244214978777872,-8.33153363898148,1014.0194052458078,14.98717963183205,15.089383060316313
3.1275,9.153776221062834,0.1418521345388617,19.898023083601487,1.5471160440555252,-0.09020358753435698,0.46008043960249184,274.18360948454864,-20.369287197169903,-26.12806702718089,884.7374066048991,13.23361121536104,66.81549185064934,419.0189660221598,-17.244217498245895,-8.331523874231456,1014.0186145091564,14.987134040304163,15.089363308054468
3.13,9.153764630130482,0.1418573371695244,19.89802132667918,1.5471140051013879,-0.09020512641682324,0.46008011177960223,274.1831515860068,-20.369330991751035,-26.128017947439773,884.7362371610571,13.233523144647762,66.81542083335123,419.0188516581254,-17.244220581811188,-8.3315141733981,1014.0178353551789,14.987088487795841,15.089343816388904
3.1325000000000003,9.153753199719695,0.14186249365185505,19.89801958366942,1.547111995575526,-0.09020667528243861,0.46007978301465147,274.1826937402208,-20.369375590691906,-26.127969148483917,884.7350810478238,13.233434908583474,66.81535155735216,419.01873652456646,-17.244224186729994,-8.331504544503574,1014.0170684653993,14.987043026860714,15.089324583924292
3.1350000000000002,9.153741932339493,0.14186760453504785,19.898017854439704,1.5471100159174904,-0.09020823295382245,0.4600794534609521,274.1822366524416,-20.369420919904012,-26.127920675368518,884.7339390458673,13.233346590802386,66.81528400358128,419.0186212354285,-17.244228270557716,-8.331494995371784,1014.0163144957704,14.986997709099391,15.089305609136307
3.1375,9.15373083032887,0.14187267036571402,19.89801613885933,1.5471080665353132,-0.09020979825499532,0.4600791232723624,274.18178101442794,-20.369466905667434,-26.127872572103147,884.7328119092541,13.233258273885607,66.8152181517779,419.0185063910913,-17.24423279119469,-8.33148553362174,1014.0155740762798,14.98695258511129,15.089286890374295
3.14,9.153719895856218,0.14187769168780112,19.898014436799336,1.5471061478054187,-0.09021137001281224,0.46007879260307954,274.1813275038389,-20.369513474713496,-26.127824881614966,884.7317003649454,13.233170039276764,66.81515398053064,419.018392577895,-17.24423770692962,-8.331476166661622,1014.0148478106015,14.986907704448882,15.089268425864104
3.1425,9.153709130918887,0.1418826690422482,19.898012748132548,1.5471042600725826,-0.09021294705836955,0.46007846160743554,274.180876783647,-20.369560554305888,-26.12777764571328,884.7306051123282,13.233081967199967,66.81509146731715,419.01828036767324,-17.244242976482916,-8.331466901682889,1014.0141362757792,14.986863115573678,15.08925021371109
3.145,9.15369853734299,0.14188760296687467,19.89801107273353,1.5471024036499263,-0.09021452822838466,0.46007813043969614,274.1804295015818,-20.369608072319746,-26.12773090505633,884.7295268227865,13.232994136580245,66.81503058854467,419.01817031731446,-17.244248559048657,-8.33145774565481,1014.0134400219544,14.9868188658146,15.089232251903164
3.1475,9.153688116783487,0.14189249399610032,19.89800941047862,1.5471005788189551,-0.09021611236654715,0.4600777992538638,274.1799862896016,-20.36965595731838,-26.127684699120103,884.7284661393261,13.232906624968177,66.81497131959144,419.01806296836315,-17.24425441433436,-8.331448705319616,1014.0127595721278,14.986775001328223,15.089214538313984
3.15,9.153677870724394,0.14189734266075088,19.89800776124589,1.5470987858296334,-0.09021769832484017,0.46007746820348305,274.1795477633908,-20.369704138628375,-26.12763906616889,884.7274236762239,13.232819508465942,66.81491363484857,419.0179588466264,-17.24426050260075,-8.331439787187668,1014.0120954219598,14.986731567061206,15.089197070706255
3.1525,9.153667800479269,0.14190214948786703,19.898006124915167,1.5470970249005023,-0.09021928496483096,0.46007713744145096,274.17911452188196,-20.3697525464126,-26.127594043227536,884.7264000187313,13.232732861657382,66.81485750776255,419.0178584618223,-17.244266784699203,-8.331430997533266,1014.0114480396079,14.986688606714871,15.089179846735108
3.1550000000000002,9.153657907191876,0.14190691500052255,19.898004501368,1.5470952962188307,-0.09022087115892974,0.46007680711982973,274.1786871468138,-20.369801111740472,-26.127549666056407,884.7253957228098,13.232646757540545,66.81480291087846,419.01776230723914,-17.244273222108696,-8.331422342390592,1014.0108178656027,14.986646162711892,15.08916286395159
3.1575,9.153648191837064,0.1419116397175408,19.898002890487685,1.5470935999408053,-0.09022245579161552,0.46007647738966506,274.1782662023095,-20.36984976665662,-26.127505969127615,884.7244113149079,13.23256126746325,66.81474981588326,419.0176708594355,-17.244279776970572,-8.331413827550243,1014.0102053127507,14.986604276164773,15.089146119806196
3.16,9.153638655221824,0.14191632415345706,19.898001292159208,1.5470919361917594,-0.09022403776062825,0.46007614840080724,274.17785223448567,-20.36989844424697,-26.127462985603376,884.7234472917823,13.23247646106218,66.81469819364983,419.0175845779518,-17.244286412122666,-8.331405458555942,1014.0096107660914,14.986562986847307,15.089129611652588
3.1625,9.153629297986555,0.14192096881818497,19.897999706269278,1.547090305066432,-0.09022561597812626,0.46007582030173744,274.1774457710892,-20.369947078702598,-26.127420747316336,884.7225041203515,13.232392406204385,66.8146480142812,419.01750390505487,-17.244293091131624,-8.331397240701671,1014.009034582865,14.98652233316694,15.089113336751184
3.165,9.153620120606556,0.14192557421691962,19.897998132706295,1.5470887066292653,-0.0902271893718082,0.46007549323939795,274.1770473211627,-20.369995605381106,-26.12737928475196,884.7215822375961,13.232309168932698,66.8145992471552,419.0174292655113,-17.24429977832359,-8.331389179029285,1014.0084770925407,14.986482352140673,15.089097292273083
3.1675,9.153611123393587,0.14193014084994887,19.897996571360338,1.5470871409147346,-0.09022875688599864,0.4600751673590273,274.17665737473493,-20.370043960865946,-26.127338627032476,884.7206820504875,13.23222681341324,66.81455186096892,419.01736106637026,-17.244306438814416,-8.33138127832617,1014.0079385968548,14.986443079371693,15.08908147530376
3.17,9.153602306497774,0.14193466921251946,19.89799502212314,1.5470856079277084,-0.09023031748269679,0.4600748428039999,274.1762764025479,-20.370092083022428,-26.12729880190352,884.719803935965,13.232145401887275,66.81450582378383,419.01729969679195,-17.24431303853713,-8.331373543123618,1014.0074193699031,14.98640454902933,15.089065882847112
3.1725,9.15359366990951,0.14193915979455837,19.89799348488812,1.5470841076438453,-0.09023187014258736,0.4600745197156703,274.1759048557945,-20.370139911052853,-26.127259835721244,884.718948240941,13.232064994625038,66.81446110307087,419.0172455278836,-17.244319544269082,-8.331365977695254,1014.0069196582469,14.986366793830086,15.089050511829239
3.1750000000000003,9.153585213461673,0.14194361308066322,19.897991959550303,1.5470826400100144,-0.09023341386601323,0.46007419823322293,274.1755431659041,-20.37018738554741,-26.127221753443013,884.7181152823458,13.231985649883427,66.81441766575512,419.01719891257216,-17.244325923656824,-8.33135858605602,1014.0064396810684,14.986329845021684,15.089035359102546
3.1775,9.153576936831918,0.14194802954986221,19.897990446006357,1.5470812049447504,-0.09023494767390919,0.460073878493526,274.17519174434057,-20.370234448533754,-26.127184578618717,884.7173053472126,13.231907423866762,66.81437547826124,419.0171601854912,-17.244332145240126,-8.331351371961302,1014.0059796303453,14.986293732368539,15.089020421449721
3.18,9.153568839545153,0.14195240967550599,19.897988944154545,1.547079802338736,-0.09023647060869641,0.4600735606309914,274.1748509824338,-20.370281043523676,-26.127148333384362,884.7165186927906,13.231830370690423,66.81433450655818,419.0171296629013,-17.244338178474038,-8.33134433890659,1014.0055396710588,14.986258484139425,15.08900569558776
3.1825,9.15356092097613,0.14195675392509907,19.897987453894725,1.5470784320553088,-0.09023798173513689,0.46007324477743927,274.1745212512374,-20.370327115557142,-26.127113038457594,884.7157555466937,13.231754542347595,66.81429471620399,419.01710764262316,-17.24434399375002,-8.331337490127215,1014.0051199414338,14.98622412709738,15.088991178172044
3.185,9.153553180352311,0.1419610627601882,19.89798597512833,1.547077093930997,-0.09023948014114788,0.46007293106196767,274.17420290141456,-20.37037261124375,-26.127078713134917,884.7150161070953,13.231679988680078,66.81425607239083,419.0170944040106,-17.244349562414662,-8.331330828598766,1014.0047205532138,14.986190686491929,15.088976865800504
3.1875,9.153545616756661,0.14196533663628963,19.89798450775832,1.5470757877760806,-0.09024096493857561,0.46007261961082824,274.1738962631445,-20.37041747880214,-26.1270453752904,884.7143005429305,13.231606757350301,66.81421853998883,419.017090207928,-17.244354856788103,-8.331324357037452,1014.0043415919413,14.986158186051979,15.088962755017583
3.19,9.153538229130776,0.14196957600263543,19.897983051689224,1.5470745133751738,-0.09024243526392808,0.46007231054730646,274.1736016460665,-20.370461668095807,-26.127013041376895,884.7136089941577,13.231534893818509,66.81418208359071,419.0170952967639,-17.244359850180025,-8.331318077901019,1014.0039831172982,14.986126647982656,15.088948842318464
3.1925,9.153531016277988,0.14197378130222735,19.89798160682705,1.5470732704878323,-0.09024389027906694,0.4600720039916083,274.1733193392342,-20.37050513066768,-26.126981726427857,884.7129415720324,13.231464441321506,66.81414666755528,419.01710989445826,-17.244364516904863,-8.33131199338981,1014.0036451634444,14.98609609296231,15.088935124153116
3.1950000000000003,9.153523976866696,0.14197795297158258,19.89798017307932,1.5470720588491813,-0.09024532917185786,0.4600717000607512,274.1730496111105,-20.370547819770824,-26.12695144406197,884.7122983594221,13.231395440855332,66.81411225605102,419.01713420655943,-17.244368832294967,-8.331306105448295,1014.0033277393961,14.986066540142396,15.088921596930419
3.1975000000000002,9.153517109433768,0.1419820914407747,19.897978750355,1.547070878170565,-0.09024675115677949,0.46007139886846177,274.1727927095764,-20.370589690397566,-26.12692220648856,884.7116794111466,13.231327931160497,66.81407881309917,419.01716842029936,-17.244372772712513,-8.331300415766782,1014.0030308294297,14.986038007149261,15.088908257022252
3.2,9.153510412387995,0.1419861971332021,19.897977338564537,1.5470697281402144,-0.09024815547549102,0.4600711005250785,274.17254886197054,-20.370630699305558,-26.126894024515106,884.7110847543419,13.23126194871005,66.81404630261568,419.0172127046808,-17.244376315560583,-8.331294925783299,1014.0027543934984,14.986010510087022,15.088895100767562
3.2025,9.1535038840138,0.14199027046559404,19.897975937619783,1.5470686084239316,-0.09024954139735795,0.46007080513745996,274.1723182751527,-20.370670805041126,-26.126866907556362,884.7105143888663,13.231197527701521,66.81401468845408,419.01726721060714,-17.244379439291414,-8.331289636686124,1014.0024983676874,14.985984063543345,15.08888212447644
3.205,9.15349752247488,0.14199431184792885,19.897974547433993,1.5470675186657963,-0.09025090821993655,0.4600705128088989,274.1721011355879,-20.370709967960586,-26.126840863644773,884.7099682877174,13.23113470005055,66.81398393444614,419.01733207100926,-17.244382123414614,-8.33128454941614,1014.0022626646768,14.985958680596045,15.088869324434157
3.2075,9.15349132581803,0.14199832168331292,19.89797316792181,1.5470664584888825,-0.09025225526941649,0.46007022363904193,274.1718976094561,-20.37074815024875,-26.126815899442477,884.7094463974845,13.231073495388213,66.81395400444313,419.01740740100416,-17.24438434850328,-8.331279664669754,1014.0020471742333,14.985934372821974,15.088856696905141
3.21,9.153485291977015,0.14200230036797287,19.89797179899922,1.547065427495992,-0.09025358190102249,0.46006993772381494,274.1717078427823,-20.370785315935002,-26.126792020254715,884.7089486388228,13.23101394106091,66.81392486235569,419.0174932980694,-17.244386096198884,-8.331274982901919,1014.001851763721,14.985911150307452,15.088844238136987
3.2125,9.153479418776557,0.14200624829116698,19.897970440583546,1.5470644252704036,-0.09025488749937434,0.4600696551553541,274.17153196159376,-20.370821430906684,-26.126769230045017,884.7084749069509,13.230956062132925,66.81389647219355,419.0175898422409,-17.244387349214463,-8.331270504329522,1014.0016762786279,14.98588902166026,15.08883194436436
3.215,9.153473703936319,0.1420101658351241,19.89796909259342,1.5470634513766297,-0.09025617147880616,0.46006937602194226,274.1713700720935,-20.37085646292025,-26.126747531451358,884.7080250721739,13.230899881392034,66.81386879810407,419.01769709631793,-17.244388091337214,-8.33126622893485,1014.0015205431159,14.985867994023517,15.088819811812872
3.2175000000000002,9.153468145075061,0.14201405337503065,19.897967754948752,1.5470625053611895,-0.09025743328364476,0.46006910040795157,274.1712222608587,-20.37089038160994,-26.12672692580396,884.7075989804242,13.230845419357372,66.8138418044104,419.0178151060967,-17.244388307428913,-8.33126215646942,1014.0013843605819,14.985848073090779,15.08880783670295
3.22,9.153462739714758,0.14201791127895974,19.897966427570708,1.5470615867533881,-0.09025867238844751,0.46006882839379126,274.171088595057,-20.370923158493927,-26.12670741314413,884.7071964538287,13.23079269429045,66.81381545564854,419.0179439006184,-17.244387983425312,-8.331258286458036,1014.0012675142393,14.985829263122918,15.088796015253596
3.2225,9.153457485284827,0.1420217399078586,19.897965110381687,1.5470606950661057,-0.0902598882982001,0.4600685600558611,274.1709691226858,-20.370954766978144,-26.126688992244723,884.7068172912899,13.230741722208172,66.81378971660367,419.0180834924281,-17.244387106334468,-8.33125461820294,1014.001169767718,14.985811566966712,15.088784343686166
3.225,9.153452379126358,0.14202553961554323,19.897963803305284,1.5470598297965965,-0.0902610805484745,0.46006829546651057,274.1708638728258,-20.370985182358027,-26.126671660631292,884.7064612690903,13.23069251689879,66.81376455234577,419.0182338778522,-17.244385664233697,-8.33125115078821,1014.0010908656624,14.98579498607383,15.088772818227953
3.2275,9.15344741849646,0.14202931074865405,19.897962506266275,1.54705899042729,-0.09026224870554755,0.46006803469400365,274.1707728559217,-20.371014381817265,-26.12665541460511,884.7061281415135,13.230645089940262,66.81373992826413,419.01839503729786,-17.244383646264794,-8.331247883084483,1014.0010305343711,14.985779520523046,15.088761435115911
3.23,9.15344260057253,0.14203305364660926,19.8979612191906,1.5470581764266031,-0.09026339236648073,0.46006777780248853,274.1706960640715,-20.371042344425106,-26.12664024926667,884.7058176414794,13.230599450720693,66.81371581010093,419.0185669355533,-17.24438104262893,-8.331244813753635,1014.0009884824141,14.985765169041487,15.088750190600091
3.2325,9.153437922456678,0.1420367686417218,19.897959942005293,1.5470573872497517,-0.09026451115916141,0.46006752485197355,274.17063347134143,-20.371069051130732,-26.12662615854072,884.7055294811992,13.230555606461525,66.81369216398417,419.0187495221171,-17.244377844579382,-8.331241941253868,1014.0009644012955,14.985751929029512,15.088739080947171
3.235,9.153433381180003,0.14204045605902638,19.897958674638527,1.547056622339568,-0.09026560474230642,0.460067275898308,274.17058503408816,-20.371094484756323,-26.126613135201666,884.7052633528386,13.230513562242363,66.81366895645907,419.0189427315226,-17.244374044414258,-8.33123926384467,1014.0009579660925,14.985739796584518,15.088728102443802
3.2375000000000003,9.153428973707154,0.1420441162164707,19.89795741701951,1.5470558811273212,-0.09026667280542816,0.4600670309931683,274.1705506913133,-20.371118629986363,-26.126601170901345,884.7050189292082,13.23047332102928,66.8136461545193,419.0191464837027,-17.24436963546627,-8.331236779592427,1014.0009688361407,14.985728766528371,15.088717251400011
3.24,9.153424696940572,0.14204774942476645,19.897956169078515,1.5470551630335359,-0.09026771506876416,0.4600667901840498,274.17053036501125,-20.371141473357056,-26.126590256195758,884.704795864448,13.230434883703513,66.81362372563622,419.01936068433065,-17.244364612093776,-8.33123448637552,1014.0009966556919,14.985718832433658,15.088706524152327
3.2425,9.153420547725032,0.1420513559875386,19.897954930746824,1.5470544674688134,-0.09026873128317066,0.46006655351426307,274.1705239605541,-20.3711630032416,-26.12658038057463,884.7045937947364,13.2303982490935,66.81360163778787,419.01958522520414,-17.24435896966864,-8.331232381890171,1014.0010410546064,14.985709986652774,15.088695917067053
3.245,9.153416522851982,0.14205493620128345,19.897953701956705,1.5470537938346514,-0.09026972122998067,0.4600663210229364,274.170531367073,-20.371183209834996,-26.126571532490328,884.7044123390049,13.23036341400835,66.8135798594864,419.0198199846233,-17.244352704564147,-8.331230463656052,1014.0011016490334,14.985702220346841,15.088685426543258
3.2475,9.15341261906399,0.1420584903553823,19.897952482641404,1.5470531415242619,-0.09027068472082758,0.4600660927450221,274.1705524578656,-20.37120208513582,-26.12656369938858,884.7042510996653,13.230330373273592,66.81355835980477,419.02006482778233,-17.244345814141692,-8.331228729022145,1014.0011780421075,14.985695523516362,15.08867504901577
3.25,9.153408833059117,0.1420620187321973,19.897951272735092,1.5470525099233852,-0.09027162159743482,0.4600658687113085,274.1705870908057,-20.371219622926983,-26.126556867739087,884.7041096633408,13.230299119768251,66.81353710840203,419.0203196071693,-17.244338296736494,-8.331227175172677,1014.0012698246453,14.985689885032405,15.088664780958082
3.2525,9.153405161495341,0.14206552160710784,19.897950072172844,1.5470518984111021,-0.09027253173137237,0.4600656489484369,274.1706351087754,-20.371235818753885,-26.126551023067698,884.7039876016072,13.23026964446411,66.81351607554784,419.0205841629812,-17.24433015164206,-8.331225799133238,1014.0013765758508,14.985685292669027,15.088654618885194
3.255,9.153401600994886,0.14206899924850128,19.897948880890628,1.5470513063606381,-0.09027341502378097,0.4600654334789227,274.17069634010204,-20.371250669901087,-26.126546149988755,884.7038844717404,13.230241936466491,66.8134952321455,419.0208583235377,-17.244321379094263,-8.331224597776853,1014.0014978640121,14.985681733135914,15.08864455935624
3.2575000000000003,9.153398148148554,0.14207245191790616,19.897947698825256,1.547050733140166,-0.09027427140506492,0.46006522232118174,274.17077059900157,-20.37126417536783,-26.12654223223742,884.7037998174702,13.230215983056738,66.81347454975425,419.0211419057092,-17.24431198025411,-8.331223567830271,1014.0016332472112,14.9856791921123,15.08863459897714
3.2600000000000002,9.153394799520056,0.14207587987000433,19.89794652591437,1.5470501781135972,-0.09027510083455403,0.46006501548956097,274.1708576860464,-20.371276335840516,-26.1265392527041,884.7037331697333,13.230191769735944,66.81345400060994,419.0214347153481,-17.244301957189954,-8.331222705880224,1014.0017822740286,14.985677654281382,15.088624734403123
3.2625,9.153391551650252,0.14207928335269082,19.897945362096422,1.5470496406413707,-0.0902759033001361,0.4600648129943736,274.1709573886241,-20.371287153665207,-26.126537193467602,884.7036840474367,13.230169280270543,66.81343355764507,419.0217365477308,-17.24429131285854,-8.331222008379877,1014.0019444842532,14.98567710336557,15.088614962341122
3.265,9.153388401061417,0.14208266260714936,19.897944207310637,1.5470491200812286,-0.09027667881786021,0.4600646148419386,274.17106948142236,-20.37129663281695,-26.126536035830334,884.7036519582201,13.230148496739147,66.81341319450742,419.0220471879994,-17.244280051085692,-8.331221471655187,1014.0021194095817,14.985677522161955,15.088605279552082
3.2675,9.153385344261375,0.14208601786798844,19.897943061496974,1.5470486157889862,-0.09027742743151232,0.46006442103462464,274.1711937269063,-20.37130477886906,-26.12653576035253,884.703636399215,13.230129399580182,66.81339288557726,419.0223664116098,-17.244268176546175,-8.3312210919114,1014.0023065743259,14.985678892578624,15.088595682853203
3.27,9.1533823777477,0.1420893493632207,19.897941924596132,1.5470481271192909,-0.09027814921216372,0.46006423157089776,274.17132987581266,-20.37131159895994,-26.12653634688766,884.7036368578185,13.2301119676419,66.81337260598421,419.0226939847918,-17.24425569474236,-8.331220865239656,1014.0025054961156,14.985681195671674,15.088586169120019
3.2725,9.153379498011697,0.14209265731440948,19.897940796549502,1.547047653426368,-0.09027884425769339,0.4600640464453733,274.1714776676464,-20.371317101759157,-26.12653777461788,884.7036528124452,13.230096178231953,66.81335233162176,419.0230296649974,-17.244242611983207,-8.331220787623375,1014.0027156865875,14.985684411681744,15.08857673528839
3.275,9.153376701542514,0.142095941936787,19.89793967729913,1.54704719406476,-0.09027951269228546,0.46006386564887175,274.1716368311839,-20.3713212974318,-26.126540022089674,884.7036837332967,13.230082007169353,66.8133320391617,419.02337320136866,-17.244228935361594,-8.331220854944991,1014.0029366520879,14.985688520072205,15.088567378356439
3.2775,9.153373984831099,0.1420992034392502,19.897938566787733,1.5470467483900499,-0.09028015466590225,0.46006368916847823,274.17180708498245,-20.371324197601627,-26.12654306725004,884.7037290831238,13.230069428837144,66.81331170606695,419.0237243352005,-17.244214672731516,-8.331221062992528,1014.003167894359,14.98569349956691,15.088558095386354
3.2800000000000002,9.153371344374014,0.14210244202452263,19.897937464958638,1.5470463157595706,-0.09028077035373466,0.4600635169876057,274.1719881378899,-20.371325815313533,-26.126546887482178,884.7037883179756,13.23005841623509,66.81329131060302,419.02408280039714,-17.24419983268527,-8.331221407466035,1014.0034089112137,14.985699328187941,15.088548883506006
3.2825,9.153368776677334,0.14210565788927695,19.897936371755762,1.547045895533106,-0.09028135995562998,0.46006334908606156,274.17217968956214,-20.371326164994265,-26.12655145964189,884.703860887958,13.230048941034356,66.81327083184866,419.024448323948,-17.244184424528964,-8.331221883984382,1014.00365919722,14.985705983294405,15.088539739910606
3.285,9.153366278260386,0.14210885122418876,19.8979352871236,1.5470454870735715,-0.09028192369549906,0.46006318544011754,274.17238143098115,-20.37132526241242,-26.126556760093806,884.7039462379782,13.230040973632118,66.81325024970525,419.02482062638956,-17.244168458258493,-8.331222488091736,1014.0039182443671,14.985713441620973,15.088530661864151
3.2875,9.153363845659412,0.14211202221409067,19.897934211007193,1.5470450897476842,-0.0902824618207032,0.4600630260225832,274.17259304497554,-20.371323124637463,-26.126562764747508,884.7040438084914,13.230034483207476,66.81322954490501,419.02519942227207,-17.24415194453477,-8.331223215264158,1014.004185542725,14.985721679316445,15.088521646700826
3.29,9.153361475431158,0.1421151710380131,19.897933143352112,1.5470447029266159,-0.09028297460142222,0.46006287080288205,274.17281420674414,-20.371319769997676,-26.126569449093957,884.7041530362287,13.23002943777707,66.81320869901812,419.0255844206246,-17.244134894658647,-8.331224060916085,1014.0044605810957,14.985730671982445,15.088512691826203
3.2925,9.153359164156425,0.14211829786939098,19.897932084104422,1.5470443259866302,-0.09028346233000446,0.4600627197471308,274.17304458437707,-20.371315218037424,-26.126576788241472,884.7042733549346,13.230025804252366,66.8131876944587,419.0259753254255,-17.244117320545037,-8.331225020406967,1014.0047428476604,14.98574039471251,15.088503794718486
3.295,9.153356908443449,0.14212140287613492,19.897931033210664,1.5470439583097033,-0.09028392532030015,0.46006257281822177,274.1732838393813,-20.37130948947352,-26.12658475695184,884.704404196077,13.230023548496062,66.81316651448952,419.02637183605844,-17.24409923469755,-8.331226089047576,1014.0050318306052,14.98575082213044,15.088494952929484
3.2975,9.153354704931282,0.14212448622071697,19.89792999061785,1.5470435992841274,-0.09028436390697862,0.46006242997590724,274.17353162720366,-20.371302606150778,-26.12659332967635,884.7045449895686,13.230022635380257,66.81314514322608,419.02677364778003,-17.24408065018196,-8.331227262106557,1014.0053270187504,14.985761928429431,15.088486164085632
3.3000000000000003,9.153352550293018,0.14212754806040104,19.897928956273404,1.547043248305099,-0.09028477844483115,0.46006229117688713,274.1737875977482,-20.371294590997458,-26.12660248059097,884.7046951644601,13.230023028843462,66.81312356563896,419.02718045217364,-17.2440615806001,-8.331228534816708,1014.0056279021617,14.985773687410553,15.088477425888811
3.3025,9.153350441238956,0.14213058854725039,19.897927930125178,1.5470429047752845,-0.09028516930805991,0.4600621563748984,274.17405139590414,-20.371285467979117,-26.126612183632574,884.7048541496348,13.230024691948838,66.81310176755564,419.02759193760625,-17.244042040063245,-8.33122990238129,1014.0059339727393,14.985786072520712,15.088468736117056
3.305,9.153348374519663,0.14213360782832316,19.897926912121413,1.547042568105372,-0.0902855368895543,0.46006202552080705,274.17432266205674,-20.37127526205301,-26.126622412533376,884.7050213744916,13.230027586942416,66.81307973566093,419.0280077896825,-17.24402204316511,-8.33123135998031,1014.0062447248213,14.985799056891736,15.088460092625265
3.3075,9.153346346928924,0.1421366060457736,19.897925902210726,1.5470422377146038,-0.0902858816001559,0.46006189856270235,274.1746010326068,-20.371263999121258,-26.126633140856267,884.7051962696073,13.230031675310672,66.81305745749644,419.0284276916891,-17.244001604955205,-8.331232902776632,1014.0065596557436,14.985812613377503,15.08845149334566
3.31,9.153344355306636,0.14213958333704274,19.897924900342073,1.5470419130312867,-0.09028620386791275,0.46006177544599247,274.17488614048057,-20.371251705983973,-26.126644342029152,884.7053782674019,13.23003691783925,66.81303492145925,419.0288513250395,-17.243980740911656,-8.331234525922092,1014.0068782664121,14.985826714592253,15.088442936288306
3.3125,9.15334239654152,0.14214253983492514,19.897923906464747,1.5470415934932868,-0.09028650413732439,0.4600616561135026,274.17517761563664,-20.371238410292094,-26.126655989378982,884.7055668027735,13.230043274670312,66.813012116799,419.02927836970764,-17.243959466914372,-8.331236224563403,1014.0072000618438,14.985841332947558,15.088434419541382
3.315,9.153340467573832,0.14214547566772254,19.897922920528362,1.547041278548503,-0.09028678286857841,0.4600615405055743,274.17547508557124,-20.371224140499578,-26.12666805616561,884.7057613137376,13.230050705361041,66.81298903361494,419.02970850466664,-17.243937799217512,-8.33123799384819,1014.0075245517053,14.985856440689616,15.08842594127148
3.3175,9.153338565397853,0.1421483909594243,19.897921942482814,1.5470409676553203,-0.09028704053677976,0.4600614285601663,274.1757781758137,-20.371208925815953,-26.126680515614886,884.705961242033,13.230059168940434,66.81296566285071,419.0301414083067,-17.243915754422858,-8.331239828930626,1014.007851250825,14.985872009935342,15.088417499723679
3.3200000000000003,9.153336687064414,0.14215128582978148,19.897920972278285,1.547040660283044,-0.09028727763117374,0.4600613202129572,274.17608651042,-20.371192796158176,-26.126693340951483,884.7061660337345,13.230068623967473,66.81294199628965,419.0305767588631,-17.2438933494522,-8.331241724977302,1014.0081796797066,14.98588801270917,15.088409093221683
3.3225000000000002,9.15333482968318,0.14215416039451362,19.89792000986521,1.547040355912313,-0.09028749465436385,0.46006121539744876,274.1763997124607,-20.37117578210257,-26.126706505431223,884.706375139835,13.230079028587694,66.81291802654798,419.03101423482303,-17.243870601520662,-8.331243677172678,1014.0085093650102,14.985904420978136,15.088400720167721
3.325,9.153332990424872,0.14215701476539006,19.897919055194272,1.5470400540354925,-0.09028769212152525,0.46006111404507055,274.17671740449504,-20.371157914837234,-26.126719982372325,884.7065880168155,13.230090340589584,66.81289374706758,419.0314535153285,-17.243847528109924,-8.331245680724546,1014.0088398400301,14.985921206687236,15.08839237904242
3.3275,9.153331166523445,0.1421598490504294,19.897918108216373,1.547039754157047,-0.09028787055961525,0.46006101608528605,274.1770392090502,-20.371139226113442,-26.126733745187053,884.7068041272047,13.23010251746104,66.81286915210808,419.0318942805846,-17.243824146940756,-8.331247730869531,1014.0091706451491,14.985938341793958,15.088384068404592
3.33,9.15332935527803,0.1421626633539649,19.897917168882643,1.547039455793892,-0.09028803050658143,0.4600609214456984,274.17736474908116,-20.37111974819822,-26.12674776741176,884.7070229401171,13.230115516444652,66.81284423673769,419.0323362122359,-17.243800475947204,-8.331249822878112,1014.0095013282802,14.985955798302141,15.088375786890895
3.3325,9.153327554054897,0.14216545777689188,19.897916237144386,1.5470391584757235,-0.09028817251056866,0.460060830052158,274.1776936484281,-20.371099513826486,-26.126762022736774,884.7072439317748,13.230129294592718,66.8128189968234,419.0327789937612,-17.24377653324932,-8.331251952059933,1014.0098314452931,14.985973548295561,15.088367533215488
3.335,9.1533257602892,0.14216823241674656,19.897915312953096,1.5470388617453297,-0.09028829712912587,0.46006074182886986,274.1780255322688,-20.371078556153165,-26.126776485035904,884.7074665860146,13.230143808821538,66.81279342902047,419.0332223108327,-17.243752337127717,-8.331254113768564,1014.0101605604209,14.985991563970458,15.088359306169512
3.3375,9.153323971486676,0.14217098736783043,19.89791439626044,1.5470385651588798,-0.09028840492841358,0.4600606566985018,274.17836002755246,-20.371056908706386,-26.126791128394387,884.7076903947765,13.230159015965025,66.81276753076087,419.03366585169204,-17.24372790599682,-8.33125630340652,1014.0104882466499,14.986009817667622,15.088351104620525
3.34,9.153322185225203,0.14217372272142026,19.89791348701823,1.5470382682861923,-0.09028849648241304,0.4600605745822925,274.17869676343344,-20.371034605340178,-26.12680592713703,884.7079148585757,13.230174872827515,66.81274130024141,419.0341093074973,-17.24370325837965,-8.331258516429823,1014.0108140860934,14.986028281903652,15.088342927511874
3.3425000000000002,9.153320399156263,0.1421764385658638,19.89791258517842,1.5470379707109816,-0.09028857237213805,0.46006049540016003,274.1790353716924,-20.371011680187788,-26.126820855855197,884.708139486953,13.230191336235764,66.81271473641057,419.03455237266934,-17.243678412882268,-8.331260748352609,1014.0111376703483,14.986046929401532,15.088334773861943
3.345,9.153318611006272,0.1421791349867075,19.89791169069311,1.5470376720310859,-0.09028863318485045,0.4600604190708101,274.1793754871443,-20.370988167615735,-26.126835889432876,884.70836379891,13.230208363089968,66.81268783895513,419.0349947452302,-17.243653388168468,-8.33126299475154,1014.0114586008369,14.986065733120723,15.08832664276342
3.3475,9.153316818577794,0.1421818120669019,19.8979108035145,1.547037371858672,-0.0902886795132797,0.4600603455118443,274.1797167480386,-20.370964102178036,-26.126851003072165,884.7085873233267,13.230225910414116,66.81266060828584,419.03543612712076,-17.24362820293551,-8.331265251269983,1014.0117764891178,14.986084666285482,15.088318533382335
3.35,9.153315019750732,0.14218446988690908,19.897909923594895,1.5470370698204217,-0.09028871195484812,0.46006027463986837,274.1800587964559,-20.37093951857033,-26.126866172318536,884.7088095993598,13.23024393540545,66.81263304552282,419.03587622452596,-17.24360287588911,-8.331267513622251,1014.0120909572066,14.98610370241421,15.088310444957225
3.3525,9.153313212483255,0.14218710852483665,19.897909050886707,1.547036765557694,-0.09028873111090206,0.460060206370599,274.1804012786755,-20.37091445158623,-26.12688137308378,884.709030176819,13.230262395482306,66.81260515247966,419.0363147481709,-17.243577425719913,-8.331269777597441,1014.0124016378444,14.986122815345782,15.088302376798051
3.355,9.153311394812714,0.14218972805657953,19.89790818534243,1.5470364587266732,-0.0902887375859502,0.4600601406189717,274.18074384555183,-20.37088893607242,-26.12689658166979,884.7092486165269,13.230281248331533,66.81257693164765,419.03675141361487,-17.243551871080008,-8.331272039063215,1014.0127081747748,14.986141979266677,15.08829432828513
3.3575,9.15330956485649,0.1421923285559531,19.897907326914645,1.5470361489984892,-0.0902887319869096,0.4600600772992466,274.18108615286684,-20.370863006885507,-26.126911774790514,884.7094644906623,13.230300451954779,66.81254838617926,419.03718594154105,-17.243526230559304,-8.331274293969575,1014.0130102229912,14.986161168736468,15.088286298868038
3.36,9.153307720812585,0.14219491009487054,19.89790647555599,1.5470358360593244,-0.09028871492236036,0.4600600163251142,274.1814278616733,-20.370836698849427,-26.126926929593154,884.7096773830776,13.230319964713189,66.81251951987055,419.03761805801804,-17.243500522663545,-8.331276538352142,1014.0133074489712,14.986180358712852,15.088278288064389
3.3625000000000003,9.153305860960291,0.1421974727434432,19.897905631219164,1.5470355196104957,-0.09028868700180975,0.4600599576098002,274.18176863863164,-20.37081004671293,-26.126942023679128,884.7098868896077,13.230339745371744,66.81249033714438,419.0380474947699,-17.24347476579158,-8.33127876833567,1014.0135995308889,14.986199524575362,15.088270295458575
3.365,9.15330398366058,0.14220001657012682,19.897904793856927,1.5470351993685205,-0.0902886488349663,0.4600599010661693,274.18210815632483,-20.37078308510887,-26.126957035123073,884.7100926183446,13.230359753141297,66.81246084303143,419.0384739894187,-17.24344897821406,-8.331280980137048,1014.0138861588108,14.986218642148385,15.08826232070046
3.3675,9.153302087356503,0.1422025416418663,19.897903963422078,1.5470348750651612,-0.09028860103102494,0.4600598466068275,274.1824460935678,-20.370755848513554,-26.12697194249192,884.7102941899063,13.230379947720472,66.81243104315223,419.03889728572557,-17.243423178052165,-8.33128317006836,1014.0141670348766,14.986237687723335,15.08825436350402
3.37,9.153300170573422,0.14220504802416573,19.89790313986747,1.5470345464474518,-0.09028854419796352,0.4600597941442241,274.1827821357039,-20.37072837120707,-26.1269867248626,884.7104912376775,13.230400289335531,66.81240094369804,419.03931713381206,-17.243397383257253,-8.331285334539631,1014.0144418734546,14.98625663807951,15.088246423645911
3.3725,9.153298231919246,0.14220753578130677,19.89790232314598,1.5470342132777046,-0.09028847894185174,0.46005974359075114,274.1831159748892,-20.370700687234343,-26.127001361839298,884.7106834080391,13.230420738779669,66.81237055141175,419.03973329038547,-17.243371611590174,-8.33128747006166,1014.0147104012974,14.986275470504962,15.088238500964062
3.375,9.153296270084335,0.1422100049764423,19.897901513210517,1.5470338753335007,-0.09028840586617276,0.4600596948588427,274.1834473103523,-20.370672830368196,-26.12701583356846,884.7108703605663,13.230441257449932,66.81233987356794,419.04014551892686,-17.243345880602725,-8.331289573248268,1014.0149723576496,14.986294162814662,15.088230595356045
3.3775,9.153294283841651,0.14221245567170443,19.89790071001401,1.5470335324076583,-0.09028832557115848,0.4600596478610718,274.1837758486662,-20.37064483407114,-26.12703012075531,884.7110517682252,13.230461807384408,66.81230891795344,419.04055358989507,-17.24332020761793,-8.331291640818844,1014.0152274943767,14.98631269337003,15.08822270677773
3.38,9.153292272046418,0.14221488792831996,19.897899913509423,1.5470331843081877,-0.09028823865313887,0.4600596025102459,274.1841013039771,-20.37061673146079,-26.12704420467668,884.7112273175246,13.23048235129587,66.81227769284634,419.040957280898,-17.2432946097123,-8.331293669600342,1014.0154755760387,14.986331041095092,15.088214835241459
3.3825000000000003,9.153290233636044,0.1422173018067814,19.897899123649726,1.5470328308582248,-0.09028814570390592,0.4600595587195012,274.18442339824554,-20.37058855527396,-26.127058067195172,884.7113967086809,13.230502852606518,66.81224620699632,419.04135637686403,-17.24326910369789,-8.331295656529385,1014.0157163799771,14.98634918549363,15.088206980814602
3.3850000000000002,9.15328816762971,0.14221969736691614,19.897898340387908,1.5470324718959518,-0.09028804731009296,0.4600595164023941,274.18474186145625,-20.37056033783341,-26.127071690770922,884.711559655736,13.230523275479356,66.81221446960345,419.04175067019736,-17.24324370610525,-8.331297598654045,1014.0159496963657,14.986367106664122,15.088199143617825
3.3875,9.153286073127932,0.14222207466803707,19.897897563676967,1.547032107274497,-0.09028794405256954,0.4600594754729921,274.1850564318249,-20.37053211101486,-26.127085058473163,884.7117158866675,13.230543584848819,66.8121824902973,419.0421399609167,-17.24321843316734,-8.331299493135438,1014.0161753282526,14.986384785314112,15.088191323823372
3.39,9.153283949312117,0.1422244337690285,19.897896793469915,1.547031736861821,-0.09028783650585273,0.46005943584596154,274.1853668559903,-20.370503906214978,-26.1270981539909,884.7118651434862,13.230563746450485,66.81215027911614,419.042524056796,-17.243193300803206,-8.331301337249382,1014.0163930915891,14.986402202773919,15.088183521653416
3.3925,9.15328179544391,0.14222677472846382,19.897896029719774,1.5470313605405848,-0.09028772523753495,0.46005939743665436,274.18567288918814,-20.37047575432105,-26.127110961642135,884.7120071823064,13.23058372684871,66.81211784648548,419.04290277347985,-17.243168324603207,-8.331303128387605,1014.0166028152313,14.986419341008583,15.08817573737824
3.395,9.153279610864494,0.1422290976047426,19.897895272379568,1.5470309782080063,-0.09028761080772914,0.46005936016119175,274.1859742954149,-20.37044768568147,-26.127123466382557,884.7121417733962,13.230603493462612,66.8120852031968,419.043275934587,-17.243143519814762,-8.331304864058879,1014.0168043409365,14.98643618262957,15.088167971314498
3.3975,9.153277394993905,0.14223140245612925,19.89789452140234,1.5470305897756973,-0.09028749376853128,0.46005932393654636,274.18627084758236,-20.37041973007686,-26.12713565381357,884.7122687012259,13.230623014591881,66.81205236038633,419.0436433718216,-17.243118901327737,-8.331306541890244,1014.0169975233481,14.986452710905596,15.08816022382347
3.4,9.153275147330088,0.14223368934094147,19.897893776741125,1.5470301951694883,-0.09028737466350101,0.4600592886806222,274.1865623276504,-20.370391916693322,-26.127147510188735,884.7123877644756,13.230642259439318,66.81201932951338,419.044004925044,-17.24309448366218,-8.331308159627607,1014.0171822299404,14.986468909771178,15.08815249530915
3.4025,9.153272867448004,0.14223595831758654,19.897893038348975,1.547029794329239,-0.09028725402716034,0.4600592543123316,274.1868485267507,-20.370364274096275,-26.127159022419715,884.7124987760401,13.230661198133099,66.8119861223389,419.0443604423509,-17.243070280955507,-8.331309715136573,1014.0173583409788,14.986484763835906,15.088144786216494
3.4050000000000002,9.15327055499864,0.14223820944468074,19.89789230617895,1.5470293872086354,-0.0902871323845113,0.46005922075167094,274.18712924530195,-20.370336830205172,-26.1271701780816,884.7126015630179,13.230679801747524,66.81195275090403,419.0447097801391,-17.243046306950617,-8.331311206402964,1014.0175257494478,14.986500258391711,15.088137097029563
3.4075,9.153268209707889,0.14224044278113634,19.897891580184115,1.547028973774972,-0.09028701025057216,0.4600591879197927,274.18740429310105,-20.370309612270265,-26.12718096541656,884.7126959666745,13.230698042321798,66.81191922750871,419.0450528031514,-17.243022574985112,-8.331312631533141,1014.0176843609697,14.98651537941953,15.088129428269658
3.41,9.153265831375467,0.14224265838624506,19.897890860317556,1.5470285540089246,-0.09028688812993307,0.4600591557390762,274.1876734894139,-20.370282646849592,-26.127191373337634,884.7127818423958,13.23071589287772,66.81188556469021,419.04538938452606,-17.242999097980384,-8.331313988754367,1014.0178340937057,14.986530113594798,15.088121780493479
3.4125,9.153263419873618,0.14224485631977188,19.89789014653237,1.5470281279043068,-0.090286766516331,0.46005912413319466,274.18793666304094,-20.370255959788143,-26.12720139143052,884.7128590596208,13.230733327435573,66.81185177520173,419.04571940581553,-17.242975888432433,-8.331315276414726,1014.0179748782497,14.986544448292339,15.088114154291233
3.415,9.15326097514588,0.1422470366420346,19.897889438781668,1.5470276954678184,-0.09028664589224442,0.46005909302718095,274.1881936523806,-20.370229576197328,-26.127211009955644,884.7129275017627,13.230750321028994,66.81181787199134,419.0460427570104,-17.242952958402558,-8.331316492983163,1014.0181066575021,14.986558371589965,15.088106550284794
3.4175,9.153258497205718,0.14224919941400324,19.897888737018583,1.5470272567187808,-0.09028652672850783,0.4600590623474897,274.18844430547347,-20.370203520436338,-26.127220219848518,884.7129870661092,13.230766849717801,66.81178386818067,419.0463593365449,-17.242930319509075,-8.331317637049214,1014.0182293865367,14.986571872271481,15.08809896912582
3.42,9.153255986135132,0.14225134469737594,19.89788804119626,1.5470268116888624,-0.09028640948394617,0.4600590320220574,274.18868848003547,-20.370177816094348,-26.127229012719695,884.7130376637172,13.230782890600201,66.81174977704426,419.04666905129835,-17.24290798291944,-8.33131870732274,1014.0183430324477,14.986584939828408,15.088091411493874
3.4225,9.153253442083166,0.14225347255458845,19.89788735126789,1.5470263604217918,-0.09028629460502959,0.4600590019803594,274.18892604348014,-20.370152485974124,-26.127237380853835,884.7130792192764,13.2307984218224,66.81171561198845,419.0469718165745,-17.242885959343646,-8.331319702633305,1014.0184475741919,14.98659756446119,15.088083878094537
3.4250000000000003,9.153250865264406,0.14225558304895966,19.897886667186683,1.5470259029730669,-0.09028618252554813,0.4600589721534648,274.18915687292537,-20.3701275520769,-26.127245317207745,884.7131116709795,13.230813422588083,66.81168138653112,419.04726755608294,-17.242864259027655,-8.331320621929626,1014.0185430024195,14.986609737079492,15.08807636965763
3.4275,9.153248255957385,0.14225767624472838,19.897885988905884,1.547025439409647,-0.0902860736663072,0.4600589424740879,274.1893808551944,-20.370103035588116,-26.1272528154082,884.7131349703554,13.230827873165152,66.81164711428094,419.0475562019043,-17.242842891747877,-8.33132146427879,1014.0186293192813,14.98662144930113,15.088068886935245
3.43,9.153245614502998,0.14225975220715095,19.89788531637877,1.5470249698096432,-0.09028596843484293,0.46005891287663736,274.1895978867976,-20.370078956864823,-26.127259869748265,884.7131490821127,13.230841754892475,66.8116128089178,419.04783769444737,-17.242821866806146,-8.331322228865384,1014.0187065382428,14.986632693450852,15.088061430699996
3.4325,9.153242941302786,0.14226181100245897,19.89788464955868,1.5470244942619964,-0.09028586722515844,0.46005888329726286,274.1898078739064,-20.370055335424187,-26.12726647518328,884.713153983949,13.230855050183843,66.81157848417243,419.04811198239736,-17.242801193025404,-8.331322914990434,1014.0187746838723,14.986643462557737,15.088054001743112
3.435,9.153240236817245,0.1422638526980154,19.897883988399,1.5470240128661503,-0.09028577041748007,0.4600588536738979,274.1900107323168,-20.370032189932996,-26.127272627326192,884.7131496663576,13.230867742531348,66.81154415380699,419.04837902264904,-17.242780878746366,-8.331323522070255,1014.0188337916279,14.98665375035202,15.08804660087267
3.4375,9.153237501564083,0.14226587736237284,19.897883332853148,1.5470235257317166,-0.09028567837803446,0.4600588239463013,274.19020638740045,-20.370009538198453,-26.127278322441928,884.7131361324264,13.230879816507668,66.81150983159598,419.04863878024116,-17.242760931824197,-8.331324049635223,1014.0188839076347,14.98666355126127,15.08803922891178
3.44,9.153234736116419,0.14226788506524424,19.897882682874627,1.547023032978132,-0.09028559145884563,0.4600587940560947,274.1903947740438,-20.369987397160337,-26.12728355744111,884.7131133976151,13.23089125776622,66.81147553130717,419.0488912282778,-17.242741359626113,-8.331324497328433,1014.0189250884491,14.986672860405504,15.0880318866968
3.4425,9.153231941100902,0.14226987587757675,19.897882038417006,1.547022534734313,-0.09028550999755255,0.46005876394679773,274.1905758365774,-20.369965782884304,-26.12728832987313,884.7130814895231,13.230902053040339,66.81144126668265,419.04913634782923,-17.242722169030333,-8.331324864904033,1014.018957400809,14.986681673591296,15.088024575075519
3.4450000000000003,9.153229117195938,0.14227184987165495,19.89788139943391,1.547022031138301,-0.09028543431724691,0.4600587335638608,274.1907495286954,-20.369944710556144,-26.127292637918565,884.713040447655,13.230912190141552,66.81140705142118,419.0493741278468,-17.242703366424305,-8.331325152225812,1014.0189809213958,14.986689987306178,15.088017294905505
3.4475000000000002,9.153226265129728,0.14227380712104137,19.897880765879062,1.5470215223369062,-0.09028536472633088,0.460058702854694,274.19091581336585,-20.369924194477363,-26.127296480381062,884.7129903231614,13.230921657955808,66.81137289915971,419.0496045650519,-17.242684957704647,-8.331325359265387,1014.0189957365608,14.986697798710868,15.088010047052302
3.45,9.153223385678375,0.14227574770070636,19.897880137706256,1.5470210084853442,-0.09028530151839485,0.4600586717686944,274.1910746627268,-20.36990424806201,-26.12729985667826,884.7129311785845,13.230930446439304,66.81133882345624,419.0498276638224,-17.242666948277364,-8.331325486100381,1014.0190019420677,14.986705105632048,15.08800283238778
3.4525,9.15322047966394,0.14227767168697344,19.89787951486939,1.5470204897468711,-0.09028524497211513,0.46005864025726984,274.1912260579794,-20.369884883834345,-26.12730276683257,884.7128630875841,13.230938546612448,66.81130483777251,419.0500434360753,-17.242649343058414,-8.331325532912581,1014.018999642817,14.986711906553873,15.087995651788432
3.455,9.153217547952488,0.14227957915761102,19.89787889732246,1.547019966292413,-0.09028519535117094,0.4600586082738602,274.1913699892653,-20.369866113427946,-26.127305211460982,884.7127861346586,13.23094595055302,66.81127095545743,419.0502519011389,-17.242632146475145,-8.331325499985898,1014.0189889525612,14.986718200608651,15.087988506133753
3.4575,9.153214591452052,0.14228147019183682,19.897878285019562,1.5470194383001945,-0.09028515290418108,0.460058575773956,274.1915064555368,-20.36984794758595,-26.12730719176429,884.7127004148559,13.230952651387796,66.8112371897307,419.0504530856125,-17.242615362468516,-8.33132538770421,1014.018969993625,14.986723987567508,15.087981396304642
3.46,9.153211611110702,0.14228334487032837,19.897877677914913,1.5470189059553638,-0.09028511786465969,0.460058542715114,274.19163546442485,-20.369830396161692,-26.127308709516484,884.7126060334772,13.230958643283442,66.81120355366701,419.05064702323244,-17.242598994495207,-8.331325196549288,1014.018942896607,14.986729267829734,15.087974323181752
3.4625,9.153208607914483,0.1422852032752429,19.897877075962853,1.5470183694496165,-0.0902850904509909,0.46005850905697027,274.1917570320865,-20.3698134681215,-26.127309767052473,884.7125031057752,13.230963921436134,66.81117006018081,419.05083375472014,-17.24258304553089,-8.331324927098487,1014.0189078000874,14.986734042412131,15.087967287644023
3.465,9.153205582885393,0.14228704549026538,19.897876479117844,1.5470178289808165,-0.09028507086642219,0.4600584747612508,274.191871183056,-20.369797171547578,-26.127310367256435,884.7123917566383,13.230968482059847,66.81113672201101,419.05101332762706,-17.242567518073958,-8.331324580022367,1014.01886485032,14.98673831293723,15.087960290567096
3.4675000000000002,9.153202537079375,0.1422888716005794,19.89787588733449,1.5470172847526198,-0.0902850592990762,0.4600584397917789,274.1919779500796,-20.369781513642494,-26.12731051354883,884.7122721202797,13.23097232237419,66.81110355170713,419.0511857961755,-17.24255241414957,-8.331324156082315,1014.0188142009312,14.98674208162154,15.087953332821858
3.47,9.153199471584237,0.14229068169289893,19.897875300567534,1.5470167369740924,-0.0902850559219805,0.4600584041144807,274.1920773739464,-20.36976650073463,-26.127310209873386,884.7121443399064,13.230975440590376,66.81107056161474,419.0513512210952,-17.2425377353142,-8.331323656128072,1014.0187560126066,14.98674535126282,15.087946415273024
3.4725,9.153196387517673,0.14229247585543234,19.897874718771888,1.547016185859333,-0.09028506089311526,0.46005836769738717,274.19216950331855,-20.369752138283737,-26.127309460684135,884.7120085673986,13.230977835897495,66.81103776386252,419.05150966945126,-17.242523482660864,-8.331323081095176,1014.0186904527814,14.986748125227267,15.087939538777665
3.475,9.153193286025136,0.1422942541779633,19.897874141902605,1.5470156316270942,-0.09028507435547838,0.4600583305106346,274.19225439453743,-20.369738430889186,-26.12730827093062,884.7118649629673,13.230979508446206,66.81100517034896,419.05166121446615,-17.24250965682489,-8.33132243200233,1014.0186176953173,14.986750407435634,15.087932704183892
3.4775,9.153190168277861,0.1422960167518087,19.897873569914907,1.5470150745004037,-0.09028509643716746,0.46005829252646185,274.1923321114422,-20.369725382297478,-26.127306646044264,884.7117136948184,13.230980459332741,66.81097279273004,419.05180593534243,-17.24249625798985,-8.331321709948764,1014.0185379201844,14.986752202349296,15.087925912329466
3.48,9.15318703547081,0.142297763669775,19.897873002764204,1.5470145147061896,-0.0902851272514789,0.46005825371920517,274.1924027251728,-20.369712995411348,-26.12730459192374,884.7115549388125,13.230980690581873,66.81094064240736,419.05194391707397,-17.242483285894338,-8.331320916111453,1014.0184513131471,14.986753514956263,15.087919164040574
3.4825,9.153183888820637,0.1422994950262183,19.89787244040608,1.547013952474904,-0.09028516689702294,0.4600582140652911,274.19246631396703,-20.369701272299924,-26.12730211491973,884.7113888781153,13.230980205128528,66.81090873051667,419.05207525026276,-17.242470739838645,-8.331320051742459,1014.0183580654334,14.986754350755971,15.08791246013053
3.485,9.153180729563628,0.14230121091697465,19.89787188279632,1.547013388040154,-0.09028521545785491,0.4600581735432264,274.1925229629515,-20.3696902142097,-26.127299221819584,884.7112157028448,13.23097900679876,66.81087706791686,419.0522000309183,-17.24245861869267,-8.331319118165977,1014.0182583734099,14.986754715744011,15.087905801398536
3.4875000000000003,9.153177558953786,0.1423029114394228,19.897871329890897,1.5470128216383277,-0.09028527300362191,0.46005813213358604,274.1925727639357,-20.36967982157567,-26.12729591983227,884.7110356097271,13.230977100290586,66.81084566518001,419.05231836026894,-17.242446920903266,-8.331318116775604,1014.0181524382638,14.986754616397036,15.0878991886286
3.49,9.153174378260745,0.14230459669240997,19.897870781645995,1.5470122535082316,-0.09028533958972468,0.46005808981899876,274.19261581519123,-20.36967009403412,-26.127292216572187,884.7108488017345,13.23097449115318,66.81081453258113,419.0524303445578,-17.242435644502784,-8.331317049031387,1014.0180404656693,14.986754059656493,15.087892622588317
3.4925,9.153171188767818,0.14230626677623578,19.89787023801802,1.5470116838907257,-0.09028541525749399,0.46005804658413024,274.19265222123084,-20.36966103043586,-26.127288120043143,884.710655487732,13.230971185765883,66.81078368008917,419.05253609484197,-17.24242478711757,-8.331315916456902,1014.0179226654665,14.986753052912638,15.08788610402784
3.495,9.153167991770033,0.14230792179265625,19.897869698963593,1.547011113028365,-0.09028550003438152,0.46005800241566464,274.19268209258365,-20.369652628860145,-26.127283638622178,884.7104558821171,13.230967191316335,66.81075311735815,419.052635726785,-17.242414345977064,-8.33131472063628,1014.017799251336,14.986751603988102,15.087879633678837
3.4975,9.153164788572226,0.14230956184487295,19.897869164439566,1.5470105411650446,-0.09028559393416426,0.4600579573022832,274.1927055455692,-20.369644886629068,-26.12727878104326,884.7102502044654,13.230962515778376,66.81072285371917,419.05272936045606,-17.242404317922734,-8.331313463211336,1014.0176704404713,14.986749721121129,15.087873212253472
3.5,9.15316158048704,0.1423111870374579,19.897868634403036,1.5470099685456484,-0.09028569695716246,0.4600579112346417,274.19272270206,-20.369637800323414,-26.127273556380388,884.7100386791687,13.230957167888857,66.81069289817253,419.05281712011265,-17.242394699418185,-8.331312145878432,1014.0175364532585,14.986747412948699,15.087866840443478
3.5025,9.153158368833086,0.1423127974763704,19.89786810881134,1.5470093954157047,-0.09028580909047026,0.4600578642053451,274.19273368924894,-20.369631365798448,-26.12726797403089,884.7098215350736,13.230951157123915,66.8106632593807,419.05289913399406,-17.24238548655882,-8.331310770385546,1014.0173975129482,14.98674468848915,15.087860518919214
3.505,9.153155154933067,0.14231439326892764,19.89786758762207,1.5470088220210458,-0.09028593030819877,0.4600578162089209,274.1927386394123,-20.369625578200377,-26.1272620436988,884.709599005132,13.230944493675622,66.810633945662,419.0529755341077,-17.242376675082106,-8.331309338529236,1014.0172538453473,14.986741557125537,15.087854248328881
3.5075000000000003,9.1531519401119,0.14231597452372188,19.897867070793083,1.5470082486074734,-0.09028606057173098,0.46005776724178976,274.1927376896668,-20.369620431983982,-26.127255775377556,884.7093713260308,13.23093718842655,66.81060496498422,419.05304645601683,-17.24236826037806,-8.331307852151605,1014.017105678485,14.986738028587187,15.087848029297591
3.5100000000000002,9.15314872569495,0.1423175413506832,19.89786655828249,1.547007675420429,-0.09028619982998802,0.46005771730223566,274.1927309817299,-20.369615920930006,-26.12724917933324,884.7091387378474,13.230929252925684,66.8105763249594,419.05311203862516,-17.242360237499977,-8.331306313137288,1014.0169532423122,14.986734112933053,15.087841862426739
3.5125,9.153145513006189,0.14231909386094738,19.89786605004869,1.5470071027046728,-0.09028634801970642,0.4600576663903728,274.19271866167327,-20.369612038163844,-26.127242266087254,884.7089014836889,13.230920699362548,66.81054803283888,419.0531724239597,-17.24235260117557,-8.331304723410337,1014.0167967683798,14.986729820533395,15.087835748293156
3.515,9.153142303366499,0.14232063216682933,19.897865546050372,1.5470065307039667,-0.09028650506572555,0.460057614508112,274.19270087967925,-20.369608776174108,-26.127235046399345,884.7086598093402,13.230911540541623,66.8105200955088,419.05322775695885,-17.242345345817977,-8.33130308493128,1014.0166364895329,14.986725162052238,15.087829687448497
3.5175,9.153139098091904,0.14232215638188986,19.897865046246487,1.5470059596607653,-0.0902866708812851,0.4600575616591249,274.19267778979105,-20.369606126832306,-26.12722753125018,884.7084139629158,13.230901789856365,66.8104925194863,419.0532781852548,-17.242338465537298,-8.331301399694038,1014.0164726396023,14.986720148429333,15.087823680418602
3.52,9.153135898491923,0.14232366662074303,19.897864550596307,1.547005389815913,-0.09028684536833166,0.46005750784880656,274.1926495496694,-20.36960408141214,-26.127219731824614,884.7081641945138,13.230891461262939,66.8104653109162,419.0533238589568,-17.242331954152256,-8.3312996697229,1014.0163054531075,14.986714790862553,15.087817727702877
3.5225,9.153132705867922,0.1423251629991092,19.897864059059398,1.5470048214083505,-0.09028702841783436,0.460057453084237,274.19261632034244,-20.369602630609997,-26.127211659494307,884.7079107558682,13.230880569253422,66.81043847556818,419.0533649304412,-17.242325805201688,-8.33129789706957,1014.0161351649551,14.986709100789753,15.087811829773818
3.525,9.153129521511474,0.14232664563377792,19.897863571595625,1.5470042546748248,-0.0902872199101086,0.460057397374141,274.1925782659571,-20.36960176456548,-26.127203325800625,884.7076539000132,13.230869128829204,66.81041201883446,419.05340155413154,-17.242320011956803,-8.331296083810109,1014.0159620101438,14.986703089870767,15.08780598707643
3.5275,9.153126346702823,0.1423281146424859,19.897863088165185,1.5470036898496116,-0.09028741971514768,0.46005734072884646,274.19253555353106,-20.369601472882305,-26.127194742437666,884.7073938809453,13.230857155473952,66.81038594572803,419.053433886289,-17.242314567433027,-8.331294232042017,1014.015786223481,14.986696769969832,15.087800200027857
3.5300000000000002,9.153123182709383,0.1423295701439396,19.897862608728584,1.5470031271642428,-0.09028762769296154,0.46005728316024214,274.19248835271185,-20.369601744649025,-26.12718592123591,884.7071309532938,13.23084466512664,66.81036026088142,419.0534620847994,-17.242309464402194,-8.331292343881278,1014.0156080392998,14.986690153137749,15.087794469016947
3.5325,9.153120030784171,0.1423310122577326,19.89786213324666,1.5470025668472411,-0.09028784369392233,0.4600572246817333,274.1924368355186,-20.369602568461488,-26.127176874144375,884.7068653719905,13.23083167415401,66.81033496854587,419.05348630896157,-17.242304695404943,-8.331290421459402,1014.0154276911711,14.986683251593579,15.08778879440385
3.535,9.153116892164467,0.14233244110432258,19.897861661680583,1.5470020091238672,-0.09028806755911596,0.46005716530819707,274.19238117610865,-20.36960393244358,-26.12716761321503,884.706597391949,13.23081819932348,66.81031007259097,419.05350671928323,-17.242300252762742,-8.331288466920643,1014.0152454116441,14.986676077707761,15.087783176519787
3.5375,9.153113768070337,0.14233385680495408,19.897861193991854,1.5470014542158699,-0.0902882991206996,0.460057105055936,274.19232155052373,-20.36960582427,-26.127158150585416,884.7063272677515,13.230804257775898,66.8102855765051,419.0535234772663,-17.242296128590795,-8.331286482419,1014.0150614319674,14.98666864398379,15.087777615666694
3.54,9.153110659703337,0.14233525948160053,19.89786073014233,1.54700090234125,-0.09028853820226401,0.4600570439426312,274.1922581364554,-20.369608231187776,-26.12714849846311,884.7060552533319,13.230789866997938,66.8102614833958,419.05353674520853,-17.242292314810115,-8.331284470115495,1014.01487598184,14.98666096304152,15.087772112117072
3.5425,9.153107568245161,0.14233664925692763,19.897860270094213,1.547000353714029,-0.09028878461920065,0.46005698198729444,274.19219111299736,-20.369611140039158,-26.127138669108735,884.7057816016772,13.230775044795084,66.81023779599116,419.05354668599836,-17.2422888031602,-8.331282432175367,1014.0146892891454,14.98665304759922,15.087766666113707
3.545,9.15310449485643,0.14233802625429545,19.89785981381004,1.5469998085440293,-0.09028903817907279,0.46005691921021924,274.192120660413,-20.369614537283642,-26.127128674820646,884.7055065645231,13.23075980926408,66.8102145166412,419.0535534629166,-17.24228558521146,-8.331280370765342,1014.0145015797094,14.986644910456759,15.087761277869616
3.5475,9.153101440675426,0.14233939059756878,19.89785936125273,1.5469992670366615,-0.0902892986819902,0.4600568556329314,274.19204695989515,-20.369618409020852,-26.127118527918796,884.7052303920633,13.230744178765852,66.81019164732001,419.05355723943444,-17.242282652378037,-8.331278288050848,1014.0143130770556,14.986636564478573,15.087755947567858
3.5500000000000003,9.153098406817005,0.14234074241118114,19.897858912385555,1.5469987293927228,-0.09028956592098693,0.4600567912781387,274.1919701933351,-20.36962274101295,-26.127108240729438,884.7049533326657,13.230728171898631,66.8101691896284,419.05355817902773,-17.24227999592981,-8.33127618619354,1014.0141240021762,14.98662802257722,15.087750675361596
3.5525,9.1530953943714,0.14234208182001715,19.897858467172153,1.546998195808202,-0.09028983968240147,0.4600567261696801,274.19189054309135,-20.369627518707468,-26.127097825569695,884.704675632591,13.230711807470874,66.81014714479637,419.053556444979,-17.242277607005306,-8.331274067348543,1014.0139345732955,14.986619297696347,15.087745461373913
3.555,9.15309240440322,0.1423434089494315,19.897858025576518,1.5469976664740976,-0.09029011974625918,0.46005666033247417,274.19180819176125,-20.36963272726,-26.127087294732522,884.7043975357225,13.230695104474666,66.81012551368694,419.0535522001914,-17.242275476624048,-8.331271933661954,1014.0137450056562,14.986610402794865,15.08774030569798
3.5575,9.153089437950406,0.14234472392504247,19.89785758756305,1.5469971415762407,-0.09029040588665607,0.4600565937924676,274.1917233219608,-20.369638351556695,-26.127076660472294,884.7041192833004,13.230678082059132,66.81010429679948,419.05354560700664,-17.242273595698798,-8.331269787268367,1014.0135555113029,14.986601350830686,15.087735208397008
3.56,9.153086496023262,0.14234602687283535,19.8978571530965,1.5469966212951298,-0.09029069787214365,0.46005652657658264,274.191636116098,-20.36964437623734,-26.12706593498974,884.7038411136667,13.230660759504298,66.81008349427404,419.05353682701985,-17.24227195504818,-8.331267630288362,1014.0133662988721,14.986592154744793,15.087730169504393
3.5625,9.153083579603573,0.14234731791905997,19.897856722141995,1.5469961058057768,-0.09029099546611434,0.4600564587126643,274.1915467561628,-20.369650785717454,-26.12705513041844,884.7035632620143,13.230643156195043,66.81006310589578,419.05352602090835,-17.242270545408555,-8.33126546482623,1014.0131775734038,14.986582827446304,15.087725189023859
3.565,9.1530806896437,0.1423485971900652,19.897856294665075,1.5469955952775585,-0.09029129842718699,0.460056390229428,274.1914554235093,-20.36965756421122,-26.12704425881045,884.7032859601471,13.23062529159541,66.81004313109985,419.0535133482553,-17.242269357446382,-8.33126329296754,1014.0129895361405,14.986573381796708,15.08772026692957
3.5675,9.153077827065802,0.1423498648123982,19.89785587063164,1.5469950898740792,-0.09029160650959195,0.4600563211564061,274.1913622986522,-20.369664695753464,-26.127033332123254,884.7030094362452,13.230607185223231,66.81002356897653,419.05349896738176,-17.24226838177023,-8.331261116776936,1014.0128023843482,14.986563830595212,15.087715403166387
3.5700000000000003,9.15307499276106,0.14235112091265723,19.897855450007988,1.5469945897530455,-0.09029191946355525,0.46005625152389473,274.1912675610583,-20.36967216422225,-26.12702236220616,884.7027339146431,13.230588856625259,66.8100044182771,419.05348303518286,-17.242267608942598,-8.331258938295928,1014.012616311142,14.986554186564248,15.087710597650089
3.5725000000000002,9.153072187588968,0.1423523656174629,19.8978550327608,1.5469940950661452,-0.09029223703568151,0.4600561813629007,274.19117138894995,-20.3696799533607,-26.12701136078776,884.702459615612,13.23057032535252,66.80998567741933,419.0534657069666,-17.242267029491774,-8.331256759540738,1014.0124315053179,14.986544462335216,15.087705850267655
3.575,9.153069412376658,0.14235359905335193,19.89785461885716,1.546993605958941,-0.09029255896933505,0.4600561107050883,274.19107395910777,-20.369688046799173,-26.127000339463184,884.7021867551468,13.23055161093556,66.80996734449397,419.0534471362977,-17.24226663392353,-8.331254582500204,1014.0122481511887,14.98653467043426,15.087701160877517
3.5775,9.153066667918354,0.14235482134679944,19.89785420826454,1.5469931225707707,-0.0902928850050187,0.46005603958272573,274.1909754466861,-20.369696428076345,-26.12698930968244,884.7019155447773,13.230532732861622,66.80994941727128,419.05342747485156,-17.24226641273219,-8.33125240913389,1014.0120664284455,14.986524823269566,15.087696529309994
3.58,9.153063954974742,0.1423560326240594,19.897853800950823,1.546992645034657,-0.0902932148807502,0.46005596802863263,274.1908760250221,-20.36970508066127,-26.126978282738197,884.701646191369,13.23051371055045,66.80993189320783,419.05340687226277,-17.24226635641235,-8.331250241370036,1014.0118865119987,14.986514933117256,15.087691955367571
3.5825,9.153061274272481,0.14235723301126119,19.89785339688426,1.5469921734772265,-0.09029354833243528,0.4600558960761266,274.190775865459,-20.36971398797427,-26.12696726975463,884.7013788969408,13.230494563331474,66.80991476945334,419.053385475983,-17.242266455469945,-8.331248081103691,1014.0117085718508,14.986505012109019,15.087687438825318
3.585,9.153058626503789,0.1423584226341842,19.897852996033517,1.5469917080186404,-0.09029388509423737,0.4600558237589712,274.1906751371708,-20.369723133407845,-26.126956281676367,884.7011138584999,13.230475310421818,66.80989804285858,419.0533634311491,-17.24226670043294,-8.331245930195,1014.0115327729733,14.986495072219997,15.087682979431362
3.5875,9.153056012325997,0.14235960161828964,19.897852598367667,1.5469912487725306,-0.09029422489894354,0.4600557511113232,274.1905740069967,-20.36973250034707,-26.12694532925822,884.7008512678701,13.230455970903998,66.80988170998252,419.05334088045083,-17.24226708186205,-8.331243790467457,1014.0113592751801,14.9864851252563,15.08767857690728
3.59,9.153053432361206,0.14236077008867704,19.897852203856164,1.5469907958459481,-0.090294567478326,0.46005567816768095,274.190472639273,-20.369742072190167,-26.126934423054607,884.7005913115413,13.230436563704707,66.80986576710049,419.05331796400037,-17.242267590361514,-8.33124166370621,1014.0111882330233,14.986475182843739,15.087674230948611
3.5925000000000002,9.153050887195992,0.1423619281699766,19.897851812468875,1.546990349339319,-0.0902949125634991,0.4600556049628328,274.1903711956805,-20.36975183236811,-26.126923573410213,884.7003341705196,13.230417107573722,66.80985021021206,419.0532948192159,-17.242268216589085,-8.331239551656534,1014.0110197956855,14.986465256416393,15.087669941225354
3.595,9.153048377381133,0.14236307598635872,19.897851424176054,1.5469899093464088,-0.09029525988527137,0.46005553153180634,274.19026983508775,-20.369761764364448,-26.126912790450223,884.7000800201956,13.230397621063982,66.80983503504956,419.0532715807042,-17.242268951266126,-8.331237456022334,1014.0108541068915,14.986455357206108,15.087665707382516
3.5975,9.15304590343142,0.14236421366139448,19.897851038948367,1.5469894759542986,-0.090295609174492,0.46005545790981767,274.19016871340943,-20.36977185173422,-26.126902084071794,884.6998290302133,13.230378122511599,66.8098202370864,419.05324838014906,-17.242269785187503,-8.3312353784647,1014.0106913048194,14.986445496231958,15.087661529040629
3.6,9.15304346582545,0.14236534131808662,19.897850656756873,1.5469890492433653,-0.09029596016239191,0.46005538413222175,274.190067983463,-20.36978207812301,-26.12689146393527,884.6995813643487,13.23035863001648,66.80980581154574,419.0532253462015,-17.2422707092314,-8.331233320600482,1014.0105315220185,14.986435684290145,15.087657405796351
3.6025,9.153041065005604,0.14236645907879372,19.89785027757302,1.546988629287274,-0.09029631258091864,0.4600553102344631,274.18996779483894,-20.36979242728487,-26.126880939456417,884.699337180409,13.23033916142452,66.80979175340968,419.0532026043935,-17.242271714367764,-8.33123128400124,1014.0103748853529,14.986425931945268,15.08765333722308
3.605,9.15303870137789,0.14236756706513445,19.89784990136867,1.5469882161529782,-0.09029666616306488,0.4600552362520276,274.18986829376894,-20.369802883100697,-26.126870519798537,884.6990966301212,13.230319734308772,66.80977805742776,419.05318027702674,-17.2422727916684,-8.33122927019177,1014.0102215159246,14.986416249520296,15.087649322871531
3.6075,9.153036375311954,0.14236866539800785,19.897849528116062,1.5469878099007277,-0.0902970206431905,0.46005516222039433,274.1897696230044,-20.369813429595595,-26.126860213865204,884.6988598590497,13.230300365952852,66.80976471812653,419.05315848309453,-17.242273932315033,-8.331227280649173,1014.0100715290283,14.986406647088558,15.087645362270402
3.61,9.153034087141146,0.1423697541974869,19.897849157787842,1.5469874105840835,-0.09029737575733765,0.46005508817498897,274.18967192170464,-20.369824050955664,-26.12685003029387,884.6986270065084,13.230281073333849,66.8097517298187,419.0531373381946,-17.24227512760801,-8.33122531680177,1014.0099250341059,14.986397134465534,15.087641454927025
3.6125000000000003,9.15303183716251,0.1423708335827979,19.897848790357045,1.5469870182499448,-0.09029773124353847,0.46005501415113764,274.18957532532414,-20.369834731544856,-26.126839977449176,884.6983982054891,13.230261873106441,66.80973908661244,419.05311695444743,-17.24227636897474,-8.331223380028048,1014.0097821347048,14.986387721200922,15.087637600328014
3.615,9.153029625636993,0.1423719036722568,19.8978484257971,1.5469866329385782,-0.09029808684211557,0.46005494018402154,274.18947996551185,-20.369845455920743,-26.12683006341729,884.6981735825991,13.230242781587688,66.80972678242114,419.0530974404313,-17.242277647977144,-8.331221471655908,1014.0096429284538,14.986378416571744,15.087633797939997
3.6175,9.15302745278951,0.1423729645832925,19.897848064081806,1.5469862546836592,-0.09029844229597477,0.4600548663086328,274.1893859700128,-20.3698562088504,-26.126820296000254,884.6979532580002,13.230223814741926,66.8097148109727,419.0530789011071,-17.242278956319744,-8.331219592961732,1014.0095075070319,14.986369229574969,15.087630047210272
3.62,9.153025318809208,0.1423740164322563,19.897847705185377,1.5469858835123194,-0.09029879735088966,0.46005479255973103,274.18929346257784,-20.369866975325333,-26.126810682711085,884.6977373453676,13.230204988167127,66.80970316581947,419.0530614377607,-17.242280285856783,-8.331217745169711,1014.0093759561631,14.986360168921742,15.087626347567547
3.6225,9.15302322384968,0.14237505933453148,19.89784734908239,1.5469855194452,-0.09029915175577839,0.46005471897180117,274.18920256288186,-20.369877740575916,-26.126801230769182,884.6975259518489,13.230186317081394,66.8096918403479,419.0530451479457,-17.242281628599255,-8.331215929451162,1014.0092483556049,14.986351243031216,15.087622698422665
3.625,9.153021168029223,0.14237609340443028,19.897846995747802,1.546985162496515,-0.09029950526297174,0.46005464557901204,274.18911338644324,-20.369888490085643,-26.1267919470961,884.6973191780319,13.23016781630998,66.80968082778807,419.0530301254297,-17.242282976721867,-8.331214146923902,1014.0091247791461,14.986342460025003,15.087619099169336
3.6275,9.1530191514312,0.14237711875512227,19.897846645156957,1.5469848126741181,-0.09029985762847278,0.46005457241517606,274.18902604455417,-20.369899209604412,-26.12678283831188,884.6971171179289,13.230149500273846,66.80967012122403,419.0530164601518,-17.242284322569247,-8.331212398651777,1014.0090052946156,14.986333827722188,15.087615549184873
3.63,9.153017174104392,0.1423781354986393,19.897846297285568,1.5469844699795798,-0.09030020861220776,0.4600544995137103,274.18894064421727,-20.36990988516141,-26.126773910731934,884.6969198589613,13.230131382978072,66.80965971360321,419.0530042381843,-17.242285658661928,-8.33121068564427,1014.0088899639026,14.986325353635143,15.087612047831003
3.6325000000000003,9.153015236063311,0.1423791437458079,19.897845952109726,1.5469841344082678,-0.09030055797826804,0.4600544269075985,274.1888572880804,-20.36992050307801,-26.126765170363605,884.6967274819527,13.230113478000959,66.80964959774643,419.052993541687,-17.242286977702857,-8.331209008855955,1014.0087788429661,14.986317044964725,15.087608594454538
3.6350000000000002,9.15301333728877,0.1423801436062427,19.897845609605884,1.546983805949436,-0.090300905495143,0.46005435462935407,274.1887760743925,-20.369931049978863,-26.126756622904487,884.6965400611382,13.230095798484776,66.80963976635782,419.0529844488921,-17.242288272581952,-8.331207369186428,1014.0086719818772,14.986308908597422,15.087605188388272
3.6375,9.153011477728235,0.1423811351883129,19.897845269750853,1.5469834845863186,-0.09030125093594374,0.46005428271098464,274.1886970969535,-20.369941512803578,-26.126748273740002,884.6963576641699,13.230078357125862,66.80963021203449,419.05297703407086,-17.24228953638185,-8.331205767479963,1014.0085694248437,14.986300951101539,15.087601828951646
3.64,9.153009657296323,0.142382118599033,19.897844932521824,1.54698317029623,-0.09030159407861732,0.46005421118395745,274.18862044506926,-20.369951878817794,-26.12674012794142,884.6961803521399,13.23006116616643,66.80962092727657,419.05297136751255,-17.242290762382872,-8.331204204525314,1014.0084712102516,14.986293178724408,15.087598515451566
3.6425,9.153007875875444,0.1423830939441669,19.89784459789632,1.546982863050671,-0.09030193470615176,0.46005414007916634,274.18854620352903,-20.36996213562231,-26.126732190265656,884.696008179608,13.230044237386828,66.8096119044969,419.0529675155182,-17.242291944067066,-8.331202681055778,1014.0083773707246,14.986285597390737,15.08759524718326
3.645,9.153006133316199,0.14238406132808043,19.89784426585223,1.54698256281544,-0.09030227260677123,0.4600540694268997,274.188474452564,-20.36997227116388,-26.126724465153256,884.6958411946332,13.230027582097959,66.80960313603062,419.05296554038233,-17.242293075123037,-8.331201197749024,1014.008287933159,14.986278212699544,15.087592023430934
3.6475,9.153004429438099,0.1423850208537401,19.89784393636779,1.546982269550749,-0.09030260757412185,0.4600539992568099,274.1884052678362,-20.369982273743204,-26.12671695672898,884.695679438819,13.230011211135317,66.80959461414511,419.05296550039367,-17.2422941494495,-8.331199755227226,1014.0082029188023,14.986271029923781,15.087588843468685
3.65,9.153002764030147,0.1423859726227265,19.897843609421574,1.5469819832113454,-0.09030293940744759,0.46005392959788394,274.1883387204175,-20.369992132023786,-26.126709668801382,884.6955229473615,13.229995134852956,66.80958633104947,419.05296744983724,-17.24229516115883,-8.331198354057232,1014.0081223433094,14.986264054008657,15.087585706561239
3.6525,9.15300113685145,0.14238691673517345,19.8978432849925,1.5469817037466385,-0.09030326791175645,0.4600538604784153,274.1882748767792,-20.37000183503984,-26.12670260486313,884.6953717491031,13.229979363118204,66.80957827890394,419.05297143899514,-17.24229610458061,-8.331196994750641,1014.0080462168139,14.98625728957098,15.087582611964725
3.6550000000000002,9.152999547631946,0.1423878532897399,19.89784296305982,1.5469814311008296,-0.0903035928979769,0.46005379192597734,274.1882137987897,-20.370011372203233,-26.126695768091967,884.695225866602,13.22996390530784,66.80957044982962,419.0529775141607,-17.24229697426438,-8.33119567776414,1014.0079745440119,14.98625074089932,15.087579558927521
3.6575,9.152997996073067,0.14238878238360447,19.89784264360311,1.5469811652130472,-0.09030391418310432,0.4600537239673978,274.1881555437132,-20.37002073331051,-26.12668916135165,884.6950853161956,13.2299487703037,66.80956283591755,419.05298571765053,-17.24229776498243,-8.331194403499763,1014.007907324236,14.98624441195362,15.087576546690983
3.66,9.152996481848477,0.14238970411245103,19.89784232660227,1.5469809060174864,-0.0903042315903377,0.4600536566287348,274.1881001642196,-20.37002990854869,-26.126682787193673,884.6949501080788,13.229933966489915,66.80955542923796,419.0529960878257,-17.24229847173203,-8.331193172305307,1014.0078445515503,14.986238306366195,15.08757357449028
3.6625,9.152995004604792,0.142390618570434,19.89784201203752,1.546980653443552,-0.09030454494920633,0.4600535899352542,274.18804770839245,-20.370038888501142,-26.126676647858798,884.6948202463875,13.229919501750398,66.80954822184957,419.0530086591118,-17.242299089737735,-8.331191984474676,1014.007786214837,14.986232427442348,15.087570641555127
3.665,9.152993563962404,0.14239152585012294,19.8978416998894,1.5469804074160038,-0.09030485409568675,0.46005352391140814,274.18799821975205,-20.370047664152068,-26.126670745279654,884.6946957292887,13.229905383467354,66.8095412058084,419.0530234620351,-17.242299614452563,-8.331190840248553,1014.0077322978997,14.98622677816197,15.087567747110613
3.6675,9.152992159516188,0.14239242604258784,19.89784139013875,1.546980167855107,-0.09030515887230968,0.46005345858081514,274.18795173727386,-20.370056226891364,-26.12666508108297,884.6945765490692,13.229891618519563,66.80953437317665,419.0530405232438,-17.24230004156013,-8.3311897398147,1014.007682779559,14.98622136118094,15.087564890377918
3.67,9.152990790836386,0.14239331923730453,19.89784108276671,1.5469799346767856,-0.09030545912825721,0.4600533939662416,274.1879082954186,-20.370064568518142,-26.12665965659259,884.6944626922416,13.22987821328242,66.80952771603141,419.053059865554,-17.242300366975215,-8.331188683308792,1014.007637633765,14.9862161788335,15.087562070575137
3.6725,9.152989457469381,0.14239420552211365,19.897840777754734,1.5469797077927778,-0.0903057547194502,0.46005333008958427,274.1878679241663,-20.37007268124402,-26.126654472832733,884.6943541396472,13.229865173627841,66.80952122647318,419.053081507988,-17.24230058684467,-8.331187670814987,1014.0075968297034,14.986211233134428,15.087559286917976
3.6750000000000003,9.15298815893852,0.14239508498331074,19.89784047508455,1.546979487110794,-0.09030604550862577,0.46005326697185467,274.18783064905097,-20.37008055769607,-26.126649530531257,884.6942508665662,13.22985250492492,66.80951489663421,419.053105465811,-17.24230069754845,-8.331186702366505,1014.0075603319119,14.98620652578192,15.087556538620547
3.6775,9.15298689474504,0.1423959577055754,19.897840174738175,1.5469792725346776,-0.09030633136540539,0.46005320463316446,274.1877964912074,-20.370088190918622,-26.126644830123773,884.6941528428358,13.229840212041488,66.80950871868687,419.0531317505921,-17.242300695699097,-8.331185777946656,1014.0075281003975,14.986202058160591,15.087553824896082
3.68,9.152985664368853,0.14239682377192514,19.89783987669792,1.546979063964569,-0.09030661216635306,0.4600531430927123,274.1877654674163,-20.370095574375135,-26.12664037175761,884.694060032967,13.229828299345714,66.80950268485148,419.0531603702439,-17.242300578142412,-8.331184897489365,1014.0075000907578,14.986197831344972,15.087551144957661
3.6825,9.152984467269482,0.1423976832638193,19.897839580946346,1.546978861297069,-0.09030688779502415,0.4600530823687719,274.18773759015687,-20.370102701949165,-26.126636155296236,884.6939723962728,13.229816770708947,66.8094967874042,419.0531913290878,-17.24230034195656,-8.331184060880252,1014.007476254308,14.98619384610328,15.087548498018954
3.685,9.15298330288693,0.142398536261029,19.897839287466308,1.5469786644254067,-0.0903071581420047,0.46005302247868185,274.18771286766383,-20.370109567944883,-26.12663218032393,884.6938898869982,13.229805629508707,66.80949101868484,419.053224627907,-17.242299984451815,-8.33118326795741,1014.0074565382098,14.986190102901586,15.08754588329493
3.6875,9.152982170642561,0.14239938284172293,19.897838996240907,1.546978473239606,-0.09030742310494144,0.4600529634388364,274.18769130398664,-20.370116167087282,-26.126628446150722,884.6938124544481,13.229794878631907,66.80948537110406,419.0532602640069,-17.2422995031698,-8.331182518512316,1014.0074408855962,14.986186601907757,15.087543300002508
3.69,9.152981069940052,0.14240022308241512,19.89783870725351,1.5469782876266565,-0.09030768258856256,0.4600529052646775,274.1876728990562,-20.370122494521414,-26.126624951817618,884.6937400431316,13.229784520479681,66.80947983715082,419.0532982312851,-17.24229889588208,-8.331181812290907,1014.0074292357135,14.986183342996561,15.087540747361295
3.6925,9.152980000166291,0.14240105705800984,19.897838420487723,1.546978107470682,-0.0903079365046894,0.4600528479706886,274.1876576487521,-20.370128545811607,-26.12662169610203,884.6936725928998,13.229774556971662,66.80947440939946,419.05333852030185,-17.242298160588643,-8.331181148994625,1014.0074215240544,14.986180325754495,15.087538224594235
3.6950000000000003,9.152978960692272,0.14240188484174274,19.89783813592741,1.5469779326531141,-0.0903081847722392,0.46005279157038925,274.1876455449761,-20.370134316939904,-26.126618677523414,884.6936100390893,13.229764989551196,66.8094690805163,419.05338111834055,-17.242297295516906,-8.331180528281308,1014.0074176824942,14.986177549484726,15.08753573092826
3.6975000000000002,9.152977950874051,0.1424027065052492,19.897837853556666,1.5469777630528605,-0.09030842731721891,0.46005273607633146,274.1876365757273,-20.37013980430413,-26.126615894349197,884.6935523126691,13.229755819191002,66.80946384326639,419.0534260094911,-17.242296299119275,-8.331179949766433,1014.0074176394345,14.986175013212755,15.087533265594944
3.7,9.152976970053686,0.14240352211849727,19.897837573359823,1.5469775985464793,-0.09030866407271053,0.46005268150009676,274.1876307251836,-20.370145004715347,-26.126613344600948,884.6934993403961,13.229747046399677,66.80945869052,419.0534731747248,-17.24229517007109,-8.331179413024236,1014.0074213199488,14.986172715692303,15.087530827831145
3.7025,9.152976017560126,0.14240433174986006,19.897837295321434,1.5469774390083513,-0.0903088949788477,0.4600526278522952,274.18762797378173,-20.37014991539521,-26.126611026060427,884.6934510449612,13.229738671227842,66.80945361525855,419.05352259197,-17.242293907268504,-8.33117891758878,1014.0074286459192,14.986170655410803,15.087528416879579
3.705,9.152975092710216,0.14240513546607056,19.89783701942628,1.54697728431085,-0.09030911998278417,0.4600525751425651,274.18762829830797,-20.37015453397212,-26.126608936276536,884.6934073451541,13.229730693275933,66.80944861058093,419.0535742361981,-17.242292509825617,-8.331178462955265,1014.0074395361903,14.986168830595947,15.08752603198947
3.7075,9.152974194809538,0.1424059333322886,19.897836745659344,1.5469771343245147,-0.0903093390386539,0.46005252337957403,274.18763167198284,-20.37015885847804,-26.126607072571534,884.6933681560078,13.229723111700675,66.80944366970853,419.0536280795006,-17.242290977072084,-8.331178048581116,1014.0074539067103,14.986167239221803,15.087523672417078
3.71,9.152973323153432,0.14240672541202518,19.89783647400583,1.546976988918222,-0.0903095521075233,0.4600524725710213,274.1876380645567,-20.370162887343724,-26.126605432048198,884.6933333889731,13.229715925224205,66.80943878599143,419.0536840911823,-17.242289308549598,-8.331177673887339,1014.0074716706835,14.986165879015578,15.087521337426304
3.7125,9.15297247702787,0.14240751176724342,19.89783620445114,1.5469768479593557,-0.09030975915733563,0.46005242272364116,274.18764744240247,-20.370166619394446,-26.12660401159663,884.6933029520709,13.229709132141554,66.80943395291322,419.0537422378435,-17.242287504009024,-8.331177338259723,1014.007492738717,14.986164747464281,15.08751902628923
3.715,9.15297165571042,0.1424082924582871,19.89783593698087,1.5469767113139765,-0.09030996016284773,0.46005237384320785,274.1876597686155,-20.370170053844618,-26.126602807901644,884.6932767500605,13.229702730329972,66.80942916409603,419.05380248347166,-17.242285563406902,-8.331177041050147,1014.0075170189737,14.986163841821776,15.08751673828664
3.7175000000000002,9.152970858471152,0.14240906754397228,19.897835671580804,1.5469765788469911,-0.09031015510555944,0.46005232593454093,274.18767500311145,-20.370173190292608,-26.126601817449842,884.6932546845992,13.22969671725749,66.80942441330527,419.0538647895334,-17.242283486901655,-8.33117678157792,1014.0075444173191,14.98616315911583,15.087514472708532
3.72,9.152970084573559,0.14240983708153038,19.897835408236922,1.546976450422319,-0.09031034397363571,0.4600522790015123,274.1876931027282,-20.37017602871488,-26.126601036537014,884.6932366544142,13.22969108999289,66.8094196944542,419.05392911506493,-17.242281274850058,-8.331176559131066,1014.007574837475,14.98616269615538,15.08751222885465
3.7225,9.152969333275443,0.14241060112669085,19.897835146935368,1.5469763259030582,-0.09031052676182191,0.46005223304705417,274.18771402133086,-20.370178569459775,-26.126600461275732,884.6932225554634,13.229685845215055,66.80941500160796,419.0539954167646,-17.242278927803277,-8.33117637296764,1014.0076081811667,14.986162449537876,15.087510006034877
3.725,9.152968603829878,0.14241135973364827,19.897834887662462,1.546976205151651,-0.09031070347135206,0.460052188073168,274.1877377099184,-20.37018081324088,-26.12660008760301,884.6932122811073,13.22968097922339,66.80941032898782,419.0540636490926,-17.2422764465025,-8.331176222317174,1014.0076443482799,14.986162415657144,15.087507803569803
3.7275,9.15296789548608,0.14241211295508335,19.8978346304047,1.5469760880300436,-0.09031087410985085,0.4600521440809343,274.1877641167316,-20.370182761130174,-26.126599911288032,884.6932057222757,13.229676487948206,66.80940567097485,419.05413376436775,-17.2422738318746,-8.331176106382037,1014.0076832370065,14.986162590710784,15.087505620791081
3.73,9.152967207490258,0.14241286084219723,19.89783437514873,1.5469759743998506,-0.09031103869122907,0.460052101070524,274.1877931873619,-20.370184414550906,-26.126599927939903,884.6932027676337,13.229672366961154,66.80940102211312,419.0542057128572,-17.242271085028126,-8.331176024338713,1014.0077247439956,14.986162970707984,15.087503457041887
3.7325,9.152966539086535,0.14241360344477721,19.897834121881345,1.5469758641225093,-0.09031119723557314,0.46005205904120994,274.1878248648604,-20.370185775270166,-26.12660013301529,884.6932033037531,13.2296686114865,66.8093963771134,419.0542794428827,-17.24226820724828,-8.331175975339296,1014.0077687645033,14.986163551477471,15.087501311677284
3.735,9.152965889517816,0.14241434081107301,19.89783387058952,1.5469757570594387,-0.09031134976902866,0.46005201799138007,274.18785908985546,-20.370186845390712,-26.1266005218269,884.6932072152763,13.229665216412002,66.80939173085572,419.054354900917,-17.24226519999228,-8.331175958512867,1014.0078151925445,14.986164328675667,15.087499184064676
3.7375000000000003,9.152965258026605,0.14241507298798292,19.897833621260343,1.5469756530721919,-0.09031149632367838,0.46005197791855107,274.1878958006588,-20.370187627343384,-26.126601089550718,884.6932143850908,13.229662176300783,66.80938707839253,419.05443203168227,-17.242262064884606,-8.33117597296688,1014.0078639210374,14.986165297794452,15.087497073584087
3.74,9.152964643855872,0.1424158000210172,19.897833373881046,1.5469755520226078,-0.09031163693741485,0.46005193881938306,274.18793493338615,-20.370188123878307,-26.126601831234655,884.6932246944871,13.22965948540239,66.80938241495073,419.05451077824875,-17.24225880371205,-8.331176017788536,1014.0079148419507,14.986166454169448,15.087494979628561
3.7425,9.152964046249885,0.14241652195428364,19.897833128438997,1.5469754537729592,-0.09031177165380781,0.460051900689695,274.18797642206914,-20.370188338056483,-26.126602741806256,884.6932380233337,13.229657137665217,66.80937773593428,419.05459108214114,-17.24225541841834,-8.331176092046308,1014.0079678464504,14.98616779298817,15.087492901604453
3.745,9.152963464455018,0.14241723883051766,19.8978328849217,1.5469753581860979,-0.09031190052196691,0.460051863524481,274.18802019877313,-20.370188273240775,-26.12660381608094,884.6932542502382,13.229655126748174,66.80937303692603,419.05467288343294,-17.24225191109918,-8.331176194791224,1014.0080228250458,14.986169309298415,15.087490838931762
3.7475,9.152962897720512,0.14241795069117702,19.89783264331677,1.5469752651255988,-0.09031202359639952,0.4600518273179275,274.1880661937081,-20.370187933087315,-26.126605048769584,884.6932732527099,13.229653446032774,66.80936831368946,419.0547561208477,-17.242248283997064,-8.331176325058301,1014.0080796677252,14.98617099801608,15.087488791044358
3.75,9.152962345299336,0.1424186575764088,19.89783240361194,1.5469751744558973,-0.09031214093686435,0.4600517920634308,274.18811433535365,-20.37018732153545,-26.126606434487297,884.6932949073285,13.229652088635858,66.80936356217025,419.05484073186375,-17.242244539495523,-8.331176481868017,1014.0081382641063,14.986172853934054,15.087486757390332
3.7525,9.152961806448864,0.14241935952506177,19.89783216579506,1.5469750860424272,-0.09031225260822089,0.4600517577536157,274.18816455056793,-20.37018644279903,-26.12660796776081,884.6933190898994,13.22965104742152,66.80935877849744,419.05492665280894,-17.24224068011404,-8.33117666422761,1014.0081985035702,14.986174871730151,15.087484737432174
3.755,9.152961280431702,0.1424200565747721,19.89783192985408,1.5469749997517535,-0.09031235868027498,0.4600517243803547,274.18821676471043,-20.37018530135615,-26.126609643036932,884.693345675618,13.229650315014108,66.80935395898463,419.0550138189676,-17.242236708502112,-8.331176871132591,1014.0082602753974,14.986177045975435,15.087482730647011
3.7575000000000003,9.15296076651635,0.14242074876195632,19.89783169577705,1.5469749154516999,-0.09031245922762068,0.4600516919347876,274.1882709017552,-20.370183901939676,-26.12661145469034,884.693374539226,13.229649883810534,66.80934910013058,419.0551021646725,-17.242232627434074,-8.33117710156799,1014.0083234689064,14.986179371142661,15.087480736526802
3.7600000000000002,9.152960263977967,0.14242143612182528,19.89783146355213,1.5469748330114779,-0.09031255432947885,0.46005166040734236,274.18832688440756,-20.370182249527247,-26.126613397031413,884.6934055551675,13.229649745993166,66.80934419861988,419.0551916234093,-17.242228439803164,-8.33117735450984,1014.0083879735822,14.986181841614322,15.08747875457857
3.7625,9.152959772099036,0.14242211868844135,19.89783123316756,1.5469747523018065,-0.09031264406953256,0.46005162978775516,274.18838463422367,-20.370180349330912,-26.126615464314472,884.693438597743,13.229649893542527,66.8093392513233,419.0552821279133,-17.24222414861587,-8.331177628926463,1014.0084536792131,14.986184451691308,15.087476784324503
3.765,9.152959290170063,0.14242279649474518,19.897831004611675,1.5469746731950318,-0.09031272853575965,0.46005160006509294,274.18844407172253,-20.37017820678716,-26.126617650745306,884.6934735412622,13.229650318250187,66.80933425529777,419.05537361027115,-17.24221975698598,-8.331177923779949,1014.0085204760138,14.986187195600852,15.087474825302154
3.7675,9.152958817490157,0.142423469572552,19.89783077787289,1.5469745955652423,-0.09031280782026273,0.4600515712277747,274.1885051165005,-20.37017582754669,-26.126619950488852,884.6935102601892,13.229651011731235,66.80932920778632,419.05546600200535,-17.242215268129524,-8.331178238027213,1014.0085882547469,14.9861900675044,15.087472877064497
3.77,9.152958353367785,0.14242413795267367,19.897830552939688,1.5469745192883784,-0.0903128820190967,0.46005154326359404,274.18856768735105,-20.37017321746348,-26.126622357677373,884.6935486292952,13.229651965437682,66.80932410621776,419.0555592341896,-17.242210685357804,-8.331178570621711,1014.0086569068584,14.986193061506615,15.087470939180143
3.7725,9.152957897121272,0.14242480166478957,19.89783032980065,1.5469744442423405,-0.09031295123209418,0.46005151615974227,274.1886317023714,-20.370170382584874,-26.126624866417465,884.6935885237971,13.229653170670874,66.8093189482061,419.0556532375277,-17.242206012072547,-8.331178920514413,1014.008726324584,14.986196171662524,15.087469011233313
3.775,9.152957448079448,0.14242546073765613,19.89783010844441,1.5469743703070913,-0.09031301556268928,0.4600514899028313,274.18869707907993,-20.3701673291406,-26.12662747079805,884.6936298195011,13.229654618594378,66.80931373154986,419.055747942451,-17.24220125175979,-8.331179286655178,1014.0087964010733,14.986199391986032,15.087467092823982
3.7775,9.152957005582216,0.14242611519903103,19.897829888859665,1.5469742973647553,-0.09031307511773944,0.4600514644789176,274.1887637345256,-20.370164063532258,-26.12663016489752,884.6936723929407,13.229656300246862,66.8093084542309,419.05584327921963,-17.242196407983577,-8.331179667994174,1014.0088670305014,14.986202716457619,15.087465183567895
3.7800000000000002,9.15295656898107,0.14242676507570384,19.89782967103519,1.5469742252997125,-0.09031313000734614,0.4600514398735259,274.1888315853968,-20.37016059232283,-26.126632942791094,884.69371612151,13.229658206554696,66.80930311441342,419.05593917800104,-17.242191484380832,-8.331180063482885,1014.0089381081812,14.986206139032287,15.087463283096621
3.7825,9.152956137639643,0.14242741039358103,19.89782945495981,1.5469741539986903,-0.09031318034467438,0.46005141607167344,274.1889005481316,-20.370156922225824,-26.126635798557952,884.693760883596,13.229660328344494,66.8092977104425,419.0560355689691,-17.242186484654976,-8.331180472075493,1014.0090095306696,14.98620965364722,15.087461391057548
3.785,9.152955710934219,0.14242805117770652,19.897829240622393,1.5469740833508483,-0.0903132262457713,0.4600513930578945,274.1889705390251,-20.37015306009454,-26.126638726288522,884.6938065587117,13.229662656356222,66.80929224084268,419.05613238238976,-17.24218141257028,-8.331180892730057,1014.0090811958735,14.98621325422944,15.087459507113904
3.7875,9.152955288254182,0.14242868745224177,19.89782902801188,1.546974013247861,-0.09031326782938419,0.46005137081626496,274.1890414743349,-20.370149012911508,-26.126641720091264,884.693853027612,13.229665181254846,66.80928670431594,419.0562295487065,-17.24217627194613,-8.331181324409647,1014.0091530031483,14.9862169347032,15.087457630944707
3.79,9.152954869002476,0.14242931924055202,19.89782881711725,1.5469739435839966,-0.09031330521677797,0.4600513493304273,274.1891132703826,-20.37014478777793,-26.12664477409932,884.6939001724213,13.22966789364316,66.80928109973995,419.0563269986237,-17.24217106665138,-8.331181766083477,1014.0092248533971,14.986220688997465,15.087455762244739
3.7925,9.152954452596067,0.1424299465652391,19.897828607927522,1.5469738742561887,-0.09031333853155266,0.4600513285836154,274.1891858436593,-20.37014039190277,-26.126647882477478,884.6939478767526,13.229670784074166,66.80927542616602,419.05642466319716,-17.242165800598176,-8.331182216728124,1014.0092966491653,14.986224511053193,15.087453900724496
3.795,9.152954038466328,0.14243056944813334,19.897828400431763,1.5469738051641067,-0.09031336789946078,0.4600513085586799,274.18925911092435,-20.370135832592283,-26.126651039428527,884.6939960258165,13.229673843062784,66.80926968281655,419.05652247390964,-17.242160477736633,-8.331182675328575,1014.0093682947311,14.986228394830437,15.087452046110121
3.7975,9.152953626059414,0.14243118791035966,19.897828194619077,1.5469737362102198,-0.090313393448225,0.46005128923811317,274.1893329893028,-20.37013111723962,-26.1266542391996,884.6940445065344,13.229677061097899,66.80926386908281,419.056620362749,-17.242155102049296,-8.331183140879224,1014.0094396961914,14.986232334315286,15.087450198143301
3.8000000000000003,9.15295321483667,0.14243180197237162,19.8978279904786,1.5469736672998582,-0.09031341530735647,0.46005127060407464,274.18940739638407,-20.370126253314027,-26.126657476088575,884.6940932076474,13.229680428654522,66.80925798452242,419.05671826229394,-17.24214967754506,-8.331183612385086,1014.0095107615458,14.986236323526747,15.087448356581154
3.8025,9.152952804274921,0.14243241165394466,19.89782778799951,1.5469735983412687,-0.09031343360797352,0.4600512526384161,274.1894822503135,-20.37012124835075,-26.126660744449886,884.6941420198139,13.229683936204829,66.80925202885616,419.05681610578154,-17.24214420825415,-8.331184088862631,1014.0095814007802,14.986240356523627,15.087446521196181
3.805,9.152952393866805,0.14243301697429603,19.897827587170998,1.5469735292456666,-0.09031344848262167,0.4600512353227071,274.18955746988456,-20.37011610994066,-26.126664038700433,884.6941908357121,13.229687574229986,66.80924600196552,419.0569138271834,-17.242138698222497,-8.331184569340865,1014.0096515259346,14.98624442741059,15.08744469177602
3.8075,9.152951983121069,0.14243361795200293,19.897827387982296,1.5469734599272829,-0.09031346006509447,0.4600512186382597,274.18963297463,-20.370110845719935,-26.126667353325484,884.6942395501334,13.229691333231264,66.80923990388936,419.0570113612813,-17.242133151506135,-8.331185052862292,1014.0097210511827,14.98624853034497,15.08744286812338
3.81,9.152951571562832,0.14243421460511296,19.89782719042266,1.5469733903034084,-0.09031346849025589,0.4600512025661541,274.1897086849076,-20.370105463360044,-26.12667068288401,884.6942880600722,13.229695203741066,66.80923373482086,419.0571086437288,-17.24212757216631,-8.331185538483746,1014.0097898928996,14.986252659542899,15.087441050055876
3.8125,9.152951158733824,0.1424348069511481,19.897826994481367,1.546973320294431,-0.09031347389386393,0.4600511870872633,274.18978452198525,-20.37009997055783,-26.126674022014164,884.6943362648128,13.229699176333654,66.80922749510408,419.0572056111254,-17.24212196426389,-8.33118602527738,1014.0098579697213,14.98625680928506,15.087439237405784
3.815,9.15295074419262,0.142435395007151,19.897826800147712,1.5469732498238709,-0.0903134764123964,0.4600511721822782,274.1898604081229,-20.370094375025573,-26.126677365438276,884.6943840660138,13.229703241636026,66.80922118523071,419.05730220107773,-17.242116331854408,-8.331186512331458,1014.0099252026149,14.986260973923027,15.087437430019946
3.8175,9.152950327514807,0.14243597878970018,19.897826607411012,1.5469731788184111,-0.09031347618287812,0.46005115783173206,274.1899362666532,-20.370088684481313,-26.12668070796807,884.6944313677808,13.229707390337852,66.80921480583613,419.05739835226296,-17.242110678982957,-8.33118699875119,1014.0099915149252,14.986265147884371,15.087435627759456
3.8200000000000003,9.152949908293229,0.1424365583149559,19.8978264162606,1.5469731072079234,-0.0903134733427106,0.4600511440160255,274.19001202205897,-20.37008290663922,-26.126684044509464,884.6944780767478,13.229711613202078,66.80920835769628,419.0574940044905,-17.24210500967921,-8.331187483659566,1014.0100568324398,14.986269325678759,15.087433830499595
3.8225000000000002,9.152949486138025,0.1424371335986552,19.89782622668583,1.5469730349254895,-0.09031346802950371,0.4600511307154503,274.1900876000439,-20.370077049200518,-26.12668737006676,884.6945241021398,13.229715901074302,66.80920184172338,419.0575890987556,-17.24209932795273,-8.331187966198009,1014.0101210834271,14.98627350190268,15.087432038129435
3.825,9.152949060676859,0.14243770465622171,19.897826038676055,1.5469729619074195,-0.09031346038090997,0.4600511179102138,274.19016292760904,-20.370071119843903,-26.126690679747558,884.6945693558413,13.229720244892661,66.80919525896226,419.05768357729943,-17.24209363778806,-8.331188445527191,1014.0101841986902,14.986277671244942,15.087430250551721
3.8275,9.152948631554972,0.14243827150270572,19.897825852220652,1.5469728880932654,-0.09031345053446135,0.46005110558046247,274.1902379331187,-20.370065126216698,-26.12669396876671,884.6946137524582,13.22972463569716,66.80918861058642,419.0577773836596,-17.242087943140138,-8.331188920827678,1014.0102461116071,14.986281828491489,15.08742846768258
3.83,9.15294819843529,0.14243883415285277,19.89782566730901,1.5469728134258298,-0.09031343862740876,0.46005109370630554,274.1903125463686,-20.370059075925873,-26.12669723245044,884.6946572093728,13.22972906463865,66.80918189789391,419.05787046272167,-17.24208224792978,-8.331189391300589,1014.0103067581674,14.986285968530078,15.087426689451243
3.8325,9.15294776099844,0.14243939262114014,19.897825483930525,1.5469727378511726,-0.09031342479656469,0.4600510822678383,274.1903866986456,-20.370052976529664,-26.12670046623988,884.6946996467962,13.229733522987509,66.80917512230319,419.05796276076507,-17.242076556039375,-8.331189856168175,1014.0103660770051,14.986290086354659,15.087424915799795
3.835,9.15294731894286,0.14243994692182213,19.89782530207459,1.5469726613186123,-0.09031340917814855,0.46005107124516464,274.19046032279294,-20.370046835528733,-26.12670366569513,884.6947409878182,13.229738002142444,66.80916828534885,419.05805422551214,-17.242070871308414,-8.331190314674465,1014.0104240094355,14.986294177070093,15.08742314668291
3.8375,9.152946871984748,0.1424404970688925,19.897825121730623,1.5469725837807233,-0.0903133919076356,0.46005106061841966,274.19053335326396,-20.370040660358192,-26.126706826498303,884.6947811584505,13.229742493638398,66.80916138867754,419.05814480616834,-17.242065197529467,-8.331190766085761,1014.0104804994758,14.986298235895813,15.087421382067513
3.84,9.152946419858093,0.14244104307618324,19.897824942888036,1.5469725051933294,-0.09031337311960884,0.4600510503677917,274.19060572617855,-20.370034458379482,-26.126709944456888,884.6948200876648,13.229746989154522,66.80915443404339,419.05823445346306,-17.242059538444153,-8.331191209691145,1014.0105354938719,14.986302258170047,15.087419621932524
3.8425000000000002,9.152945962314654,0.14244158495732548,19.89782476553626,1.5469724255154957,-0.09031335294761463,0.4600510404735442,274.1906773793761,-20.370028236872393,-26.126713015506844,884.694857707432,13.229751480521967,66.80914742330373,419.05832311968936,-17.24205389773914,-8.331191644802985,1014.0105889421176,14.98630623935343,15.087417866268531
3.845,9.152945499123895,0.14244212272588094,19.897824589664708,1.5469723447095132,-0.09031333152402178,0.4600510309160368,274.19074825246054,-20.37002200302779,-26.12671603571509,884.6948939527512,13.229755959731026,66.8091403584147,419.058410758739,-17.242048279042354,-8.33119207075737,1014.01064079647,14.986310175032436,15.08741611507751
3.8475,9.15294503007291,0.14244265639520662,19.89782441526283,1.546972262740883,-0.09031330897988431,0.4600510216757458,274.1908182868464,-20.37001576394032,-26.12671900128212,884.6949287616736,13.229760418937808,66.80913324142647,419.0584973261309,-17.242042685919667,-8.331192486914425,1014.0106910119596,14.9863140609226,15.087414368372423
3.85,9.152944554966359,0.14244318597865874,19.897824242320045,1.5469721795782954,-0.0903132854448081,0.46005101273328525,274.1908874258076,-20.370009526600676,-26.126721908544894,884.6949620753326,13.22976485047156,66.80912607447911,419.05858277904633,-17.242037121871057,-8.331192892658782,1014.0107395464014,14.986317892871693,15.08741262617696
3.8525,9.152944073626383,0.14244371148945745,19.89782407082581,1.5469720951936055,-0.09031326104682139,0.460051004069426,274.19095561451184,-20.370003297889237,-26.12672475397857,884.6949938379579,13.229769246840606,66.80911885979783,419.05866707635903,-17.242031590327112,-8.33119328739992,1014.0107863604035,14.986321666862757,15.087410888525199
3.855,9.152943585892412,0.14244423294084915,19.897823900769556,1.5469720095618058,-0.09031323591224918,0.46005099566511554,274.19102280005677,-20.369997084569547,-26.126727534198373,884.69502399689,13.229773600738293,66.80911159968826,419.05875017865174,-17.242026094646366,-8.331193670572329,1014.0108314173599,14.986325379016286,15.08740915546122
3.8575,9.15294309162109,0.14244475034600068,19.897823732140743,1.5469719226609961,-0.09031321016559202,0.4600509875014966,274.1910889315072,-20.369990893281564,-26.126730245961667,884.6950525025961,13.229777905049145,66.80910429653227,419.05883204824596,-17.242020638111754,-8.331194041635886,1014.0108746834595,14.986329025593214,15.087407427038825
3.86,9.15294259068608,0.14244526371815006,19.897823564928814,1.5469718344723493,-0.09031318392940861,0.46005097955992547,274.19115395992515,-20.369984730535695,-26.126732886169513,884.6950793086694,13.229782152853641,66.80909695278282,419.05891264922246,-17.24201522392771,-8.331194400076097,1014.0109161276725,14.986332602996699,15.087405703321114
3.8625000000000003,9.152942082977892,0.14244577307052278,19.897823399123226,1.5469717449800746,-0.09031315732420292,0.4600509718219898,274.19121783839756,-20.36997860270695,-26.126735451867923,884.6951043718371,13.229786337433769,66.8090895709597,419.0589919474331,-17.242009855217677,-8.33119474540415,1014.010955721747,14.98633610777439,15.087403984380174
3.865,9.152941568403687,0.1424462784164168,19.897823234713435,1.5469716541713776,-0.09031313046831549,0.46005096426952563,274.19128052205974,-20.3699725160294,-26.126737940248937,884.695127651961,13.229790452277623,66.80908215364491,419.05906991052086,-17.242004535021227,-8.331195077157206,1014.0109934401959,14.986339536620207,15.087402270296723
3.8675,9.152941046887069,0.14244677976917125,19.89782307168891,1.5469715620364175,-0.09031310347781916,0.46005095688463427,274.19134196812064,-20.369966476590672,-26.126740348651868,884.6951491120283,13.229794491083746,66.80907470347783,419.0591465079359,-17.24199926629133,-8.331195394898515,1014.0110292602839,14.986342886375958,15.087400561159734
3.87,9.152940518367853,0.14244727714226144,19.897822910039114,1.5469714685682618,-0.09031307646641927,0.460050949649698,274.19140213588014,-20.36996049032702,-26.126742674563932,884.6951687181456,13.229798447765228,66.80906722315076,419.05922171093624,-17.24199405189264,-8.331195698217398,1014.0110631620053,14.986346154032548,15.087398857066049
3.8725,9.152939982801822,0.14244777054921323,19.897822749753526,1.5469713737628377,-0.09031304954535826,0.46005094254739576,274.1914609867458,-20.36995456301843,-26.126744915620808,884.6951864395273,13.229802316453487,66.80905971540432,419.0592954926042,-17.241988894598713,-8.331195986729398,1014.0110951280698,14.986349336731541,15.087397158120064
3.875,9.152939440160488,0.1424482600037395,19.89782259082162,1.5469712776188806,-0.0903130228233249,0.4600509355607178,274.191518484246,-20.36994870028419,-26.126747069607102,884.6952022484819,13.229806091501873,66.80905218302298,419.05936782785,-17.241983797090132,-8.331196260076307,1014.0111251438742,14.986352431765882,15.087395464433298
3.8775,9.152938890430756,0.14244874551965456,19.897822433232882,1.5469711801378827,-0.090312996406368,0.46005092867298003,274.1915745940411,-20.36994290757854,-26.126749134456464,884.6952161203856,13.229809767488277,66.80904462883007,419.05943869341195,-17.24197876195277,-8.331196517926069,1014.0111531974759,14.986355436580666,15.08739377612406
3.88,9.152938333614742,0.14244922711096553,19.897822276976804,1.546971081324035,-0.09031297039781484,0.4600509218678376,274.1916292839339,-20.369937190186537,-26.126751108251977,884.6952280336685,13.229813339218467,66.80903705568385,419.0595080678638,-17.241973791675637,-8.331196759972885,1014.0111792795682,14.986358348774099,15.087392093317089
3.8825000000000003,9.152937769729363,0.14244970479183947,19.897822122042886,1.5469709811841712,-0.0903129448981941,0.46005091512929774,274.1916825238676,-20.36993155322081,-26.12675298922527,884.6952379697863,13.229816801728356,66.80902946647274,419.05957593160485,-17.241968888649815,-8.331196985936957,1014.0112033834404,14.986361166097362,15.087390416143117
3.8850000000000002,9.152937198806102,0.14245017857666267,19.89782196842063,1.5469708797277064,-0.09031292000516353,0.4600509084417323,274.19173428593643,-20.36992600161758,-26.126754775756922,884.6952459131874,13.229820150285953,66.80902186411083,419.0596422668656,-17.241964055166427,-8.33119719556457,1014.011225504951,14.986363886455301,15.087388744738577
3.8875,9.152936620890657,0.1424506484799728,19.897821816099565,1.5469707769665753,-0.09031289581344228,0.46005090178988933,274.1917845443827,-20.36992054013359,-26.126756466375724,884.695251851286,13.229823380393524,66.80901425153367,419.0597070576961,-17.241959293415654,-8.33119738862785,1014.011245642487,14.9863665079063,15.087387079245179
3.89,9.152936036042606,0.14245111451658254,19.897821665069216,1.5469706729151673,-0.09031287241474772,0.4600508951589042,274.19183327559193,-20.36991517334341,-26.126758059757837,884.6952557744257,13.229826487788976,66.80900663169373,419.05977028996296,-17.241954605485333,-8.33119756492467,1014.0112637969245,14.986369028662072,15.08738541980954
3.8925,9.152935444335027,0.1424515767015429,19.897821515319116,1.5469705675902619,-0.09031284989773733,0.4600508885343099,274.19188045808755,-20.369909905636863,-26.126759554725876,884.6952576758356,13.229829468446697,66.80899900755614,419.05983195133035,-17.24194999336043,-8.331197724278331,1014.011279971583,14.986371447087087,15.087383766582816
3.895,9.152934845854208,0.14245203505009332,19.89782136683883,1.546970461010959,-0.09031282834795476,0.4600508819020471,274.1919260725268,-20.369904741216192,-26.126760950248347,884.6952575516,13.229832318579216,66.80899138209475,419.0598920312591,-17.241945458921492,-8.331197866537526,1014.0112941721891,14.98637376169859,15.087382119720353
3.8975,9.152934240699249,0.1424524895778057,19.897821219617914,1.546970353198611,-0.09031280784778092,0.4600508752484731,274.19197010168915,-20.369899684094193,-26.126762245438222,884.6952554006039,13.229835034637095,66.80898375828743,419.05995052099087,-17.24194100394405,-8.331197991576046,1014.0113064068252,14.98637597116559,15.087380479381325
3.9,9.152933628981655,0.14245294030047062,19.897821073645954,1.546970244176752,-0.0903127884763895,0.4600508685603701,274.1920125304587,-20.369894738092697,-26.126763439551326,884.6952512244943,13.229837613309648,66.80897613911257,419.0600074135247,-17.24193663009843,-8.33119809929241,1014.0113166858804,14.986378074307915,15.08737884572832
3.9025000000000003,9.15293301082499,0.14245338723415363,19.897820928912555,1.546970133971024,-0.09031277030970727,0.4600508618249534,274.1920533458143,-20.369889906840577,-26.12676453198526,884.6952450276268,13.229840051524722,66.80896852754458,419.0600627036057,-17.24193233894894,-8.331198189609657,1014.0113250220008,14.986380070095285,15.087377218927006
3.9050000000000002,9.15293238636446,0.14245383039523984,19.89782078540733,1.546970022609104,-0.09031275342037881,0.4600508550298785,274.1920925368114,-20.36988519377253,-26.126765522277687,884.6952368170142,13.229842346448473,66.80896092655007,419.06011638770246,-17.24192813195369,-8.331198262474986,1014.0113314300366,14.98638195764601,15.087375599145775
3.9075,9.15293175574656,0.14245426980040404,19.89782064311991,1.5469699101206302,-0.09031273787773589,0.46005084816324743,274.19213009456104,-20.36988060212802,-26.126766410104498,884.6952266022765,13.229844495484977,66.80895333908416,419.0601684639927,-17.241924010463983,-8.331198317859528,1014.0113359269931,14.986383736226017,15.087373986555415
3.91,9.152931119128604,0.14245470546662264,19.897820502039952,1.546969796537124,-0.09031272374777133,0.46005084121361484,274.1921660122085,-20.36987613495056,-26.126767195277935,884.6952143955805,13.229846496275123,66.8089457680864,419.0602189323308,-17.24191997572483,-8.33119835575783,1014.0113385319646,14.986385405246716,15.0873723813287
3.9125,9.152930476678318,0.1424551374111428,19.897820362157145,1.5469696818919147,-0.09031271109311746,0.4600508341699932,274.1922002849068,-20.369871795087313,-26.12676787774429,884.6952002115795,13.229848346695384,66.8089382164771,419.0602677942238,-17.241916028874982,-8.331198376187464,1014.0113392660818,14.98638696426352,15.087370783640045
3.915,9.152929828573491,0.1424555656515763,19.897820223461185,1.5469695662200613,-0.09031269997302882,0.46005082702185746,274.19223290979494,-20.369867585188384,-26.126768457582187,884.6951840673619,13.229850044856995,66.80893068715403,419.06031505281555,-17.24191217094645,-8.331198379188809,1014.0113381524587,14.986388412974561,15.087369193665236
3.9175,9.152929175001484,0.14245599020583638,19.897820085941802,1.5469694495582738,-0.09031269044336936,0.46005081975914897,274.1922638859694,-20.369863507706864,-26.126768935000154,884.6951659823793,13.229851589103781,66.80892318298848,419.0603607128458,-17.241908402865658,-8.331198364824388,1014.0113352161227,14.98638975121802,15.087367611581024
3.92,9.152928516158799,0.14245641109217913,19.897819949588747,1.5469693319448348,-0.09031268255660402,0.4600508123722788,274.1922932144469,-20.369859564899617,-26.126769310333675,884.6951459783862,13.229852978010271,66.80891570682186,419.06040478062795,-17.24190472545345,-8.331198333178554,1014.0113304839557,14.98639097897031,15.087366037564792
3.9225,9.152927852250706,0.14245682832914652,19.897819814391813,1.5469692134195179,-0.09031267636179441,0.46005080485213073,274.1923208981444,-20.36985575882666,-26.12676958404359,884.6951240793759,13.229854210379976,66.80890826146272,419.0604472640161,-17.241901139425753,-8.33119828435698,1014.0113239846329,14.986392096343891,15.087364471794265
3.9250000000000003,9.152927183490762,0.1424572419356718,19.897819680340803,1.5469690940235092,-0.09031267190459885,0.46005079719006303,274.1923469418347,-20.369852091352726,-26.126769756712605,884.6951003115097,13.229855285242564,66.80890084968313,419.0604881723755,-17.241897645394133,-8.33119821848621,1014.0113157485589,14.98639310358496,15.087362914447176
3.9275,9.152926510100365,0.14245765193097953,19.897819547425566,1.5469689737993277,-0.0903126692272765,0.4600507893779103,274.19237135211677,-20.369848564147752,-26.126769829042974,884.6950747030467,13.229856201851186,66.80889347421551,419.0605275165423,-17.241894243867016,-8.331198135713057,1014.0113058077977,14.986394001070714,15.087361365700922
3.93,9.152925832308371,0.14245805833465566,19.89781941563598,1.5469688527907415,-0.09031266836869543,0.460050781407984,274.1923941373792,-20.369845178687783,-26.12676980185376,884.69504728428,13.229856959680209,66.80888613775001,419.0605653087976,-17.241890935250026,-8.331198036204226,1014.011294196012,14.986394789307022,15.087359825732296
3.9325,9.152925150350574,0.14245846116660166,19.897819284961958,1.5469687310426894,-0.09031266936434493,0.4600507732730733,274.19241530775577,-20.36984193625696,-26.126769676077284,884.6950180874562,13.22985755842132,66.808878842931,419.0606015628227,-17.241887719847583,-8.331197920145609,1014.0112809483911,14.98639546892544,15.08735829471714
3.935,9.152924464469328,0.1424588604470702,19.897819155393453,1.5469686086011993,-0.09031267224635142,0.46005076496644437,274.192434875092,-20.36983883794835,-26.126769452756783,884.6949871467091,13.229857997980876,66.8088715923547,419.06063629366713,-17.241884597863688,-8.331197787741864,1014.0112661015876,14.986396040680694,15.087356772830091
3.9375,9.15292377491308,0.14245925619666017,19.89781902692045,1.546968485513307,-0.09031267704349848,0.4600507564818399,274.19245285290003,-20.369835884666067,-26.12676913304292,884.6949544979809,13.229858278476058,66.8088643885662,419.0606695177104,-17.241881569403205,-8.331197639215821,1014.0112496936441,14.98639650544742,15.087355260244253
3.94,9.152923081935926,0.14245964843626746,19.897818899532982,1.546968361826976,-0.09031268378125032,0.4600507478134774,274.19246925631535,-20.369833077127254,-26.126768718190526,884.6949201789504,13.229858400231276,66.80885723405686,419.06070125262073,-17.241878634473295,-8.33119747480788,1014.0112317639293,14.986396864217488,15.087353757130956
3.9425,9.152922385797186,0.14246003718718322,19.897818773221115,1.546968237591017,-0.0903126924817792,0.46005073895604753,274.19248410205716,-20.369830415863767,-26.12676820955583,884.6948842289556,13.229858363774383,66.80885013126198,419.0607315173157,-17.241875792984807,-8.33119729477543,1014.0112123530666,14.98639711809674,15.087352263659456
3.9450000000000003,9.152921686760923,0.14246042247099203,19.89781864797496,1.546968112855007,-0.0903127031639961,0.4600507299047115,274.1924974083742,-20.369827901225324,-26.12676760859223,884.6948466889176,13.22985816983241,66.80884308255818,419.06076033191863,-17.241873044753998,-8.331197099392226,1014.0111915028575,14.98639726830142,15.08735077999665
3.9475000000000002,9.152920985095557,0.1424608043095831,19.897818523784693,1.5469679876692113,-0.09031271584358506,0.4600507206550983,274.19250919500735,-20.369825533381235,-26.126766916847785,884.6948076012603,13.22985781932734,66.80883609026121,419.0607877177236,-17.2418703895037,-8.331196888947847,1014.0111692562234,14.986397316155585,15.087349306306868
3.95,9.152920281073394,0.14246118272524838,19.8978184006405,1.5469678620845024,-0.09031273053304083,0.46005071120330066,274.1925194831365,-20.36982331232351,-26.126766135961176,884.6947670098383,13.229857313371951,66.80882915662393,419.0608136971437,-17.241867826865597,-8.331196663746997,1014.011145657124,14.986397263087149,15.087347842751578
3.9525,9.152919574970209,0.1424615577405237,19.897818278532647,1.546967736152283,-0.09031274724170969,0.46005070154587163,274.1925282953349,-20.369821237869566,-26.126765267658545,884.6947249598522,13.229856653264871,66.80882228383395,419.0608382936758,-17.24186535638156,-8.33119642410894,1014.0111207504972,14.986397110624939,15.087346389489179
3.955,9.152918867064782,0.1424619293783175,19.897818157451432,1.5469676099244067,-0.09031276597583353,0.4600506916798198,274.1925356555158,-20.369819309665527,-26.12676431374946,884.6946814977722,13.229855840485971,66.80881547401188,419.0608615318488,-17.24186297750596,-8.331196170366796,1014.0110945821743,14.98639686039449,15.087344946674701
3.9575,9.152918157638535,0.14246229766179241,19.897818037387225,1.5469674834531035,-0.09031278673859688,0.46005068160260437,274.19254158888657,-20.369817527189028,-26.126763276123874,884.694636671263,13.229854876691816,66.80880872920972,419.06088343718824,-17.24186068960709,-8.331195902866998,1014.0110671988251,14.986396514115318,15.087343514459675
3.96,9.152917446975039,0.14246266261449353,19.89781791833042,1.5469673567909,-0.09031280953017702,0.4600506713121295,274.19254612189513,-20.36981588975284,-26.126762156748057,884.694590529097,13.229853763710164,66.80880205140863,419.0609040361621,-17.24185849196974,-8.331195621968535,1014.0110386478779,14.986396073596808,15.08734209299185
3.9625,9.152916735359646,0.14246302426020757,19.897817800271493,1.5469672299905468,-0.09031283434779674,0.46005066080673895,274.1925492821787,-20.369814396508257,-26.1267609576611,884.694543121083,13.229852503535255,66.80879544251786,419.0609233561426,-17.241856383796883,-8.331195328042392,1014.0110089774508,14.986395540734609,15.087340682414986
3.9650000000000003,9.152916023079042,0.14246338262302644,19.897817683200966,1.5469671031049437,-0.09031286118577994,0.4600506500852091,274.1925510985106,-20.369813046448858,-26.12675968097108,884.694494497978,13.229851098322031,66.80878890437283,419.0609414253543,-17.241854364212163,-8.331195021470814,1014.0109782362821,14.986394917506862,15.08733928286869
3.9675000000000002,9.152915310420878,0.14246373772734244,19.897817567109417,1.5469669761870655,-0.09031289003560983,0.4600506391467429,274.1925516007501,-20.369811838413966,-26.126758328851597,884.6944447114197,13.229849550381644,66.80878243873431,419.06095827283434,-17.241852432261783,-8.331194702646739,1014.0109464736631,14.986394205970754,15.087337894488206
3.97,9.152914597673291,0.14246408959782736,19.897817451987486,1.5469668492898914,-0.09031292088598955,0.460050627990962,274.19255081978224,-20.369810771093178,-26.126756903537352,884.6943938138354,13.22984786217496,66.80877604728661,419.06097392837813,-17.24185058691724,-8.33119437197301,1014.0109137393647,14.986393408258303,15.087336517404195
3.9725,9.152913885124628,0.14246443825938299,19.897817337825884,1.5469667224663326,-0.09031295372290526,0.46005061661790003,274.1925487874756,-20.369809843029387,-26.12675540732149,884.6943418583736,13.22984603630789,66.80876973163677,419.06098842250367,-17.24184882707702,-8.331194029861894,1014.010880083574,14.986392526572967,15.08733515174265
3.975,9.15291317306294,0.14246478373722482,19.897817224615373,1.546966595769165,-0.09031298852969145,0.46005060502799394,274.1925455366167,-20.369809052623864,-26.12675384255076,884.6942888988193,13.229844075525188,66.80876349331362,419.06100178639247,-17.241847151569733,-8.331193676734214,1014.010845556823,14.986391563185542,15.087333797624657
3.9775,9.152912461775665,0.14246512605682377,19.897817112346775,1.546966469250958,-0.09031302528709832,0.46005059322207625,274.19254110086024,-20.369808398140123,-26.126752211622144,884.6942349895209,13.229841982705048,66.80875733376664,419.06101405185234,-17.241845559155976,-8.33119331301885,1014.0108102099198,14.986390520430215,15.087332455166269
3.98,9.152911751549238,0.14246546524385792,19.897817001010992,1.54696634296401,-0.09031306397336133,0.46005058120136616,274.19253551467887,-20.369807877707867,-26.126750516979463,884.6941801853104,13.229839760853235,66.80875125436535,419.06102525126727,-17.241844048531018,-8.331192939152002,1014.0107740938881,14.986389400701071,15.087331124478355
3.9825,9.152911042668695,0.14246580132425138,19.89781689059899,1.5469662169602831,-0.09031310456427258,0.46005056896746094,274.1925288132986,-20.369807489328316,-26.12674876110873,884.6941245414265,13.229837413096968,66.80874525639851,419.0610354175469,-17.241842618327563,-8.33119255557649,1014.0107372598933,14.98638820644771,15.087329805666469
3.985,9.152910335417381,0.14246613432416638,19.897816781101795,1.5469660912913377,-0.09031314703325392,0.46005055652232646,274.19252103265615,-20.369807230877612,-26.126746946535416,884.6940681134434,13.229834942679652,66.80873934107372,419.0610445840895,-17.241841267117696,-8.331192162741257,1014.0106997591873,14.986386940171903,15.087328498830736
3.9875000000000003,9.152909630076513,0.14246646426995677,19.89781667251052,1.5469659660082713,-0.09031319135143191,0.4600505438682876,274.19251220933234,-20.369807100112492,-26.126745075819695,884.6940109571908,13.229832352954219,66.80873350951688,419.0610527847229,-17.241839993416274,-8.331191761100488,1014.0106616430365,14.986385604423225,15.087327204065716
3.99,9.152908926924905,0.1424667911882127,19.897816564816328,1.5469658411616578,-0.09031323748771407,0.46005053100801874,274.19250238050785,-20.36980709467401,-26.126743151553583,884.6939531286847,13.22982964737779,66.80872776277185,419.06106005367013,-17.241838795682806,-8.331191351113175,1014.0106229626628,14.986384201795433,15.087325921460266
3.9925,9.152908226238601,0.14246711510571225,19.897816458010464,1.5469657168014894,-0.09031328540886684,0.4600505179445335,274.19249158390204,-20.369807212092915,-26.126741176356617,884.6938946840511,13.229826829505187,66.80872210180019,419.0610664254973,-17.241837672324458,-8.331190933242357,1014.0105837691829,14.986382734922643,15.087324651097537
3.995,9.15290752829055,0.1424674360493708,19.89781635208426,1.5469655929771167,-0.09031333507959467,0.4600505046811744,274.19247985772205,-20.36980744979411,-26.12673915287253,884.6938356794558,13.229823902983162,66.8087165274811,419.06107193506494,-17.241836621698926,-8.331190507954448,1014.0105441135441,14.986381206475219,15.087323393054783
3.9975,9.152906833350317,0.14246775404632891,19.897816247029102,1.5469654697371968,-0.09031338646262034,0.46005049122160263,274.1924672406084,-20.3698078051015,-26.126737083765498,884.6937761710351,13.229820871544396,66.80871104061144,419.0610766174933,-17.241835642116456,-8.33119007571877,1014.0105040464686,14.986379619156164,15.087322147403327
4.0,9.152906141683703,0.14246806912386042,19.897816142836465,1.5469653471296363,-0.09031343951876641,0.46005047756978706,274.192453771578,-20.369808275243262,-26.126734971716193,884.6937162148218,13.22981773900106,66.80870564190555,419.06108050810315,-17.24183473184343,-8.33118963700668,1014.0104636183905,14.986377975697074,15.087320914208476
