time_s,ay_mps2,ax_mps2,speed_mps,roll_deg,pitch_deg,yaw_rate_radps,Fz_FL,jounce_FL_mm,geometric_FL_n,Fz_FR,jounce_FR_mm,geometric_FR_n,Fz_RL,jounce_RL_mm,geometric_RL_n,Fz_RR,jounce_RR_mm,geometric_RR_n
0.0,0.0,0.0,15.0,0.0,0.0,0.0,598.5082183333004,-0.0,0.0,598.5082183333004,-0.0,0.0,731.5100446295896,-0.0,0.0,731.5100446295896,-0.0,0.0
0.01,1.6023899926563684e-18,1.1169533424954827e-18,15.0,-7.690648696046928e-20,6.525848525033676e-18,-9.514169012750326e-22,598.5082183333004,-0.0,2.785117783467419e-17,598.5082183333004,-0.0,3.4378132946802485e-17,731.5100446295896,-0.0,-3.559851865063411e-17,731.5100446295896,-0.0,-2.7959424611118464e-17
0.02,2.8759774771959943e-18,4.4678133641110914e-18,15.0,-3.075433506800036e-19,2.6103394065834075e-17,-9.21111121674334e-22,598.5082183333004,-0.0,5.646335399896378e-17,598.5082183333004,-0.0,6.799526735022636e-17,731.5100446295896,-0.0,-7.037667674115157e-17,731.5100446295896,-0.0,-5.67392095640264e-17
0.03,3.8955404822313296e-18,1.0052580059085479e-17,15.0,-6.918295344696911e-19,5.873263658874026e-17,-3.6392487383603064e-22,598.5082183333004,-0.0,8.566600478125864e-17,598.5082183333004,-0.0,1.0102192702092041e-16,731.5100446295896,-0.0,-1.0449656978136377e-16,731.5100446295896,-0.0,-8.61772594500656e-17
0.04,4.718104573899193e-18,1.7871253424499163e-17,15.0,-1.2297239638579295e-18,1.0441357607669506e-16,4.361497561043786e-22,598.5082183333004,-0.0,1.153316933023228e-16,598.5082183333004,-0.0,1.33585548899958e-16,731.5100446295896,-0.0,-1.380845102892645e-16,731.5100446295896,-0.0,-1.1614726181439998e-16
0.05,5.387361656100952e-18,2.792383345918671e-17,15.0,-1.921210242380957e-18,1.6314621252288936e-16,1.3062695265662745e-21,598.5082183333004,-0.0,1.4536463340007404e-16,598.5082183333004,-0.0,1.6578191918705658e-16,731.5100446295896,-0.0,-1.7123919721366087e-16,731.5100446295896,-0.0,-1.4655051774666104e-16
0.06,5.936931193604573e-18,4.021032016303324e-17,15.0,-2.766286753762223e-18,2.3493054592665193e-16,2.145161959539701e-21,598.5082183333004,-0.0,1.756924350750171e-16,598.5082183333004,-0.0,1.976834279037629e-16,731.5100446295896,-0.0,-2.0403793774020024e-16,731.5100446295896,-0.0,-1.7730972008372387e-16
0.07,6.5160736006761e-18,5.4741984722430554e-17,15.0,-3.7657366474896424e-18,3.19832428685117e-16,2.789976368788776e-21,598.5082183333004,-0.0,2.0817734522563973e-16,598.5082183333004,-0.0,2.3177086221489325e-16,731.5100446295896,-0.0,-2.3905385390358595e-16,731.5100446295896,-0.0,-2.1028750719242086e-16
0.08,5.337348530015871e-19,7.098837013709518e-17,15.0,-4.916917826715964e-18,4.1475264268308584e-16,3.771837177240093e-20,598.5082183333004,-0.0,2.3040556265292674e-16,598.5082183333004,-0.0,2.260404469899612e-16,731.5100446295895,-0.0,-2.414718464412685e-16,731.5100446295895,-0.0,-2.397187742437564e-16
0.09,5.2127520548085426e-17,8.808597454416852e-17,15.0,-1.1407349513826791e-17,5.146461406981654e-16,-2.6015482801959476e-19,598.5082183333005,-0.0,1.4421738445783824e-16,598.5082183333004,-0.0,3.692971662543699e-16,731.5100446295896,-0.0,-3.45271426031235e-16,731.5100446295895,-0.0,-1.2390977317417477e-16
0.1,-1.8299736503312488e-17,1.0642733282067978e-16,15.0,-1.5074709287247763e-17,6.218063248366261e-16,2.2480477923847954e-19,598.5082183333005,-0.0,3.12247268797091e-16,598.5082183333005,-0.0,2.089542339502939e-16,731.5100446295895,-0.0,-1.9747621473054027e-16,731.5100446295895,-0.0,-2.7955605746880323e-16
0.11,-1.365243876672705e-17,1.2442798282268373e-16,15.0,-1.5820254431569978e-17,7.2697590605008675e-16,1.4750485860305545e-19,598.5082183333005,-0.0,2.9737188765289854e-16,598.5082183333005,-0.0,2.1880372750475707e-16,731.5100446295896,-0.0,-2.0255987558438424e-16,731.5100446295895,-0.0,-2.6933920336154744e-16
0.12,-6.077470243851288e-17,1.4228248088281164e-16,15.0,-1.6238517619564592e-17,8.31291588181074e-16,4.470768557814614e-19,598.5082183333005,-0.0,4.091565006378945e-16,598.5082183333005,-0.0,1.1434852341563696e-16,731.5100446295895,-0.0,-1.0456136776725073e-16,731.5100446295896,-0.0,-3.7482360727645554e-16
0.13,-7.257748431937396e-17,1.5998932402732872e-16,15.0,-1.5273730436113305e-17,9.34744590040117e-16,5.077176001088127e-19,598.5082183333004,-0.0,4.31880107349661e-16,598.5082183333005,-0.0,8.484211227251166e-17,731.5100446295895,-0.0,-7.543906854108677e-17,731.5100446295896,-0.0,-3.970182851969983e-16
0.14,8.069863347254592e-17,1.7765444235798608e-16,15.0,-7.194279179834152e-18,1.0379538128578836e-15,-6.846991012335327e-19,598.5082183333005,-0.0,6.75488576045353e-17,598.5082183333004,-0.0,4.46556230099265e-16,731.5100446295896,-0.0,-3.984462555567316e-16,731.5100446295895,-0.0,-7.133808895326604e-17
0.15,-5.568859121257675e-17,1.9541876690209193e-16,15.0,-1.0660052320223848e-17,1.1417426522962165e-15,3.5227020596179974e-19,598.5082183333004,-0.0,3.866024954262137e-16,598.5082183333005,-0.0,1.24138106018846e-16,731.5100446295895,-0.0,-1.0863454949134002e-16,731.5100446295896,-0.0,-3.577134749943381e-16
0.16,-6.063361204933792e-17,2.1239757824210036e-16,15.0,-1.2340688687911283e-17,1.2409420966458512e-15,4.237494568470751e-19,598.5082183333004,-0.0,3.9449476664857025e-16,598.5082183333005,-0.0,1.0489340594671248e-16,731.5100446295895,-0.0,-9.320425440524309e-17,731.5100446295896,-0.0,-3.6154896018046723e-16
0.17,-3.92508875165689e-17,2.2914173079272193e-16,15.0,-8.754900589052532e-18,1.3387705368036857e-15,2.3043266646770945e-19,598.5082183333004,-0.0,3.404073947726158e-16,598.5082183333004,-0.0,1.5602823193458445e-16,731.5100446295896,-0.0,-1.3407867489564136e-16,731.5100446295896,-0.0,-3.122068329203293e-16
0.18,2.7101766731197986e-17,2.457321743813155e-16,15.0,-4.674579091168472e-18,1.4357009256598485e-15,-2.6032876810441863e-19,598.5082183333004,-0.0,1.8444473550474975e-16,598.5082183333004,-0.0,3.126716212338254e-16,731.5100446295896,-0.0,-2.8688382465654455e-16,731.5100446295895,-0.0,-1.8152269063558437e-16
0.19,-1.935693918130157e-17,2.6275590146273257e-16,15.0,-5.396508250156214e-18,1.5351627921838665e-15,1.0427869418400969e-19,598.5082183333004,-0.0,2.908932534942304e-16,598.5082183333004,-0.0,1.9998902241302165e-16,731.5100446295895,-0.0,-1.8624514976813554e-16,731.5100446295896,-0.0,-2.757941833908379e-16
0.2,6.418132876379383e-17,2.799486284046416e-16,15.0,-5.703002141719078e-18,1.6356120477494524e-15,-4.563352658461784e-19,598.5082183333005,-0.0,1.0300103495382885e-16,598.5082183333004,-0.0,3.9715842022137697e-16,731.5100446295896,-0.0,-3.69642288917838e-16,731.5100446295895,-0.0,-1.0187229675698434e-16
0.21,8.466658414702787e-17,2.972418664139048e-16,15.0,-4.7878860911074014e-18,1.7366485436013488e-15,-6.068797487515247e-19,598.5082183333005,-0.0,5.170900629959645e-17,598.5082183333004,-0.0,4.420587561022705e-16,731.5100446295896,-0.0,-4.1208543095399704e-16,731.5100446295895,-0.0,-5.699597054724043e-17
0.22,9.179130187809471e-17,3.149327144893764e-16,15.0,-6.447385686086603e-18,1.8400080935732205e-15,-6.310011722503107e-19,598.5082183333005,-0.0,6.630979755515401e-17,598.5082183333005,-0.0,4.8640865904912e-16,731.5100446295896,-0.0,-4.319409109359393e-16,731.5100446295895,-0.0,-4.569450864422126e-17
0.23,-1.5347178576821282e-16,3.301330919141852e-16,15.0,-3.351201111407582e-18,1.928816960357237e-15,9.970629499297001e-19,598.508218333301,5.551115123125783e-14,4.519545621847954e-16,598.508218333301,5.551115123125783e-14,-2.5546214759962275e-16,731.5100446295895,-0.0,1.2410153177065496e-16,731.5100446295896,-0.0,-5.384303704697772e-16
0.24,-9.716010020700168e-17,3.3642183196372946e-16,15.0,8.391714741200694e-18,1.965559197848508e-15,4.682930869729043e-19,598.508218333301,5.551115123125783e-14,1.2504024887665989e-16,598.508218333301,5.551115123125783e-14,-3.0205051414281867e-16,731.5100446295896,-0.0,2.7754472019935495e-17,731.5100446295896,-0.0,-3.9697260968419457e-16
0.25,-7.429369322895059e-17,3.3490913593647124e-16,15.0,1.998719254405844e-17,1.956721205460883e-15,2.463495455648668e-19,598.5082183333009,5.551115123125783e-14,-1.1261582904415362e-16,598.508218333301,5.551115123125783e-14,-4.205367403361884e-16,731.5100446295896,-0.0,-1.4953316344654e-17,731.5100446295896,-0.0,-3.3806073350123797e-16
0.26,-1.2721675456265297e-16,3.264041986300859e-16,15.0,3.369989405940551e-17,1.9070307390244094e-15,5.504935334716078e-19,598.5082183333009,5.551115123125783e-14,-1.5027543659525223e-16,598.5082183333009,5.551115123125783e-14,-6.885371531092618e-16,731.5100446295896,-0.0,1.2857825861470267e-16,731.5100446295896,-0.0,-4.1405007116985393e-16
0.27,6.214215735172255e-16,3.129204052743359e-16,15.0,2.167755508755921e-17,1.8282510893875795e-15,-4.3328268671127525e-18,598.5082183333003,-0.0,-1.915937463045197e-15,598.5082183333003,-0.0,9.785125582361409e-16,731.5100446295896,-0.0,-1.4858173603581086e-15,731.5100446295895,-0.0,1.1781164559550273e-15
0.28,6.094433877463792e-17,3.0158967290529617e-16,15.0,-4.431166256085436e-18,1.7620507922893613e-15,-1.0399614665874671e-19,598.5082183333003,-0.0,-4.893219670940044e-16,598.5082183333003,-0.0,-2.3652358967495237e-16,731.5100446295896,-0.0,-3.1211697231576906e-16,731.5100446295896,-0.0,-2.866916287950043e-17
0.29,3.055771659055546e-17,2.9486496278431717e-16,15.0,-1.366608071077395e-17,1.7227613806777502e-15,9.96316487974763e-20,598.5082183333003,-0.0,-3.3585144396096513e-16,598.5082183333003,-0.0,-2.295840082618121e-16,731.5100446295896,-0.0,-2.7761525843220707e-16,731.5100446295896,-0.0,-1.3193763642818722e-16
0.3,-4.5229531461986476e-17,2.918092356772186e-16,15.0,-1.7357386179752157e-17,1.7049081620372903e-15,5.362398835596085e-19,598.5082183333004,-0.0,-1.1059225042012919e-16,598.5082183333004,-0.0,-3.504681639091261e-16,731.5100446295896,-0.0,-1.3333026029948482e-16,731.5100446295896,-0.0,-3.2131928728306635e-16
0.31,-3.7680326316415617e-17,2.9076150458825227e-16,15.0,-1.6954008352864774e-17,1.6987867475417776e-15,3.723951658681568e-19,598.5082183333004,-0.0,-1.129685854246277e-16,598.5082183333004,-0.0,-3.0839731649809555e-16,731.5100446295895,-0.0,-1.650514578810062e-16,731.5100446295895,-0.0,-3.301401033548319e-16
0.32,-2.825258757602188e-17,2.9027425206313727e-16,15.0,-1.7084514471922744e-17,1.6959399534534622e-15,2.414124251257229e-19,598.5082183333004,-0.0,-1.3746046533917376e-16,598.5082183333004,-0.0,-2.839054080629786e-16,731.5100446295895,-0.0,-1.8225817392788418e-16,731.5100446295895,-0.0,-3.129334164374562e-16
0.33,-2.129883539723818e-17,2.8978700037903654e-16,15.0,-1.7226852867585936e-17,1.6930931642788087e-15,1.543116958354267e-19,598.5082183333004,-0.0,-1.5511646032753807e-16,598.5082183333004,-0.0,-2.6624939410904274e-16,731.5100446295895,-0.0,-1.953399662221474e-16,731.5100446295895,-0.0,-2.9985164351369083e-16
0.34,-1.6139346138674488e-17,2.8929974925291557e-16,15.0,-1.737704151307421e-17,1.6902463783641765e-15,9.668579936213804e-20,598.5082183333004,-0.0,-1.6791207069509524e-16,598.5082183333004,-0.0,-2.5345377119385166e-16,731.5100446295895,-0.0,-2.0532922418770284e-16,731.5100446295895,-0.0,-2.898623983636684e-16
0.35000000000000003,-1.22886907564799e-17,2.8881249849491576e-16,15.0,-1.753240927616195e-17,1.6873995946003085e-15,5.879979728912614e-20,598.5082183333004,-0.0,-1.772351671719889e-16,598.5082183333004,-0.0,-2.4413066646754734e-16,731.5100446295895,-0.0,-2.1298702315748079e-16,731.5100446295895,-0.0,-2.8220460781943067e-16
0.36,-9.39841941713878e-18,2.8832524797808783e-16,15.0,-1.7691170100463695e-17,1.6845528122454973e-15,3.408720086016076e-20,598.5082183333004,-0.0,-1.8406453529432186e-16,598.5082183333004,-0.0,-2.3730129296422043e-16,731.5100446295895,-0.0,-2.188777708791534e-16,731.5100446295895,-0.0,-2.763138655936399e-16
0.37,-7.21705639601351e-18,2.8783799761787695e-16,15.0,-1.7852134378254175e-17,1.6817060308057281e-15,1.8127905826209683e-20,598.5082183333004,-0.0,-1.8909335502289473e-16,598.5082183333004,-0.0,-2.3227246976062314e-16,731.5100446295895,-0.0,-2.2342249242644827e-16,731.5100446295895,-0.0,-2.717691475955631e-16
0.38,-5.5620888418172244e-18,2.8735074735823306e-16,15.0,-1.8014513538807613e-17,1.6788592499535258e-15,7.95399499809669e-21,598.5082183333004,-0.0,-1.9281477203192416e-16,598.5082183333004,-0.0,-2.2855105053629614e-16,731.5100446295895,-0.0,-2.2693706054136446e-16,731.5100446295895,-0.0,-2.6825458174324236e-16
0.39,-4.3002847462542576e-18,2.868634971622201e-16,15.0,-1.8177787927343182e-17,1.6760124694730902e-15,1.5785985298488121e-21,598.5082183333004,-0.0,-1.9558133517740315e-16,598.5082183333004,-0.0,-2.2578448600261955e-16,731.5100446295895,-0.0,-2.2965977238444865e-16,731.5100446295895,-0.0,-2.655318713179949e-16
0.4,-3.333810035463992e-18,2.86376247005677e-16,15.0,-1.8341617620320028e-17,1.6731656892232589e-15,-2.3235672648190427e-21,598.5082183333004,-0.0,-1.9764638861644464e-16,598.5082183333004,-0.0,-2.2371943171390895e-16,731.5100446295895,-0.0,-2.3177135327692206e-16,731.5100446295895,-0.0,-2.6342029129333193e-16
0.41000000000000003,-2.5903948631784025e-18,2.8588899687294707e-16,15.0,-1.8505782339857516e-17,1.6703189091125568e-15,-4.632579263006395e-21,598.5082183333004,-0.0,-1.9919298094207637e-16,598.5082183333004,-0.0,-2.22172838885506e-16,731.5100446295895,-0.0,-2.334095512678695e-16,731.5100446295895,-0.0,-2.617820938158897e-16
0.42,-2.01633630367356e-18,2.8540174675400663e-16,15.0,-1.8670141066281487e-17,1.667472129082421e-15,-5.929678914748078e-21,598.5082183333004,-0.0,-2.0035412126962734e-16,598.5082183333004,-0.0,-2.210116982755208e-16,731.5100446295895,-0.0,-2.3467984824113317e-16,731.5100446295895,-0.0,-2.6051179713109086e-16
0.43,-1.571494952170832e-18,2.8491449664254183e-16,15.0,-1.8834604966414415e-17,1.6646253490959615e-15,-6.596135476036365e-21,598.5082183333004,-0.0,-2.0122702310972365e-16,598.5082183333004,-0.0,-2.2013879629030816e-16,731.5100446295895,-0.0,-2.356633678384666e-16,731.5100446295895,-0.0,-2.595282776819718e-16
0.44,-1.2256986563794613e-18,2.8442724653466235e-16,15.0,-1.8999119308298078e-17,1.6617785691304493e-15,-6.879899881161225e-21,598.5082183333004,-0.0,-2.018831599094366e-16,598.5082183333004,-0.0,-2.1948265942880698e-16,731.5100446295895,-0.0,-2.364227485501586e-16,731.5100446295895,-0.0,-2.5876889703338617e-16
0.45,-8.062724770187597e-19,2.839569032069059e-16,15.0,-1.9164815907697404e-17,1.6590305677637663e-15,-7.06871813068336e-21,598.5082183333004,-0.0,-2.0582251753781545e-16,598.5082183333004,-0.0,-2.218196519417024e-16,731.5100446295895,-0.0,-2.472972302792399e-16,731.5100446295895,-0.0,-2.6775970225482414e-16
0.46,-2.0873265500432364e-18,2.8268515343969505e-16,15.0,-1.9275326148255083e-17,1.6516003143889722e-15,-6.025110282196508e-21,598.5082183332999,-5.551115123125783e-14,-8.890320212262964e-17,598.5082183332999,-5.551115123125783e-14,-1.1026123136369366e-16,731.5100446295887,-5.551115123125783e-14,-3.7442223100524757e-17,731.5100446295887,-5.551115123125783e-14,-6.413052883150957e-17
0.47000000000000003,-2.5540466576058863e-18,2.797783692236395e-16,15.0,-1.9273314494196532e-17,1.6346173010729848e-15,-6.183838466081264e-21,598.5082183332999,-5.551115123125783e-14,8.845554218498092e-17,598.5082183332999,-5.551115123125783e-14,6.521828654746457e-17,731.5100446295887,-5.551115123125783e-14,2.2358088997902336e-16,731.5100446295887,-5.551115123125783e-14,1.946130907550777e-16
0.48,-5.268857072550877e-19,2.769062936503186e-16,15.0,-1.9273798691069246e-17,1.6178370745130583e-15,-8.077386162413308e-21,598.5082183333004,-0.0,1.5802306712535222e-16,598.5082183333004,-0.0,1.4316719959599685e-16,731.5100446295897,-0.0,2.4691659903978125e-16,731.5100446295897,-0.0,2.276339887561596e-16
0.49,1.5782898676697897e-18,2.767671556357138e-16,15.0,-1.946245365950133e-17,1.6170241546059863e-15,-8.672660114652037e-21,598.5082183333004,-0.0,1.927522817665882e-16,598.5082183333004,-0.0,1.8635641349379197e-16,731.5100446295896,-0.0,2.02115803434161e-16,731.5100446295896,-0.0,1.928527514268628e-16
0.5,2.8516614697542755e-18,2.7912220779695445e-16,15.0,-1.9822683174624992e-17,1.6307836493745623e-15,-7.955325104582218e-21,598.5082183333004,-0.0,2.2143827475116287e-16,598.5082183333004,-0.0,2.1989973092733462e-16,731.5100446295896,-0.0,1.6736246451964322e-16,731.5100446295896,-0.0,1.640481474507446e-16
0.51,3.996547818502448e-18,2.837224378130017e-16,15.0,-2.0337275600179618e-17,1.6576606934934923e-15,-7.037857666052437e-21,598.5082183333005,-0.0,2.544937284700295e-16,598.5082183333004,-0.0,2.5716743876689036e-16,731.5100446295896,-0.0,1.331000260504083e-16,731.5100446295896,-0.0,1.3499909298130215e-16
0.52,7.22121379375439e-17,2.9003733975064966e-16,15.0,-2.1573275108152036e-17,1.694555782954849e-15,-4.810403626564473e-19,598.5082183333005,-0.0,9.150026553465075e-17,598.5082183333004,-0.0,4.092623575643729e-16,731.5100446295896,-0.0,-4.555774456366854e-17,731.5100446295896,-0.0,2.4590408241759487e-16
0.53,9.697904826733842e-18,2.971408160576872e-16,15.0,-2.1132551077536308e-17,1.7360581524963775e-15,-5.880778849266441e-20,598.5082183333005,-0.0,2.5175023347718074e-16,598.5082183333005,-0.0,2.81282043867688e-16,731.5100446295896,-0.0,8.282523753487647e-17,731.5100446295896,-0.0,1.073033455157149e-16
0.54,-3.2098407710584264e-16,3.0463722130535103e-16,15.0,-3.993737497443605e-18,1.779856226477896e-15,2.0191434878625143e-18,598.5082183333004,-0.0,9.91885805288816e-16,598.5082183333005,-0.0,-4.801032367461888e-16,731.5100446295896,-0.0,7.748510557847029e-16,731.5100446295896,-0.0,-6.140194718598049e-16
0.55,-3.2902819029240854e-17,3.12788816280138e-16,15.0,1.5879007293418137e-17,1.8274822749608487e-15,-1.0360214454094772e-19,598.5082183333005,-0.0,3.312912698510045e-16,598.5082183333005,-0.0,2.173733373349427e-16,731.5100446295896,-0.0,1.45500830645896e-16,731.5100446295896,-0.0,-1.0071966069742044e-17
0.56,6.003149772684551e-16,3.2093477606005107e-16,15.0,-8.985028705626442e-18,1.8750753995724474e-15,-4.034741257453716e-18,598.5082183333011,5.551115123125783e-14,-1.1849767676445725e-15,598.508218333301,5.551115123125783e-14,1.577911762448778e-15,731.5100446295896,-0.0,-1.229929467297585e-15,731.5100446295896,-0.0,1.3316373034787484e-15
0.5700000000000001,3.51783775396659e-16,3.2390870759982385e-16,15.0,-6.91998965284964e-17,1.892450724050207e-15,-1.6747920688501121e-18,598.5082183333011,5.551115123125783e-14,-6.873336121300264e-16,598.5082183333003,-0.0,8.303466774380016e-16,731.5100446295896,-0.0,-7.010919402961385e-16,731.5100446295896,-0.0,8.062092823991787e-16
0.58,-8.97905391269212e-16,3.2394826741507033e-16,15.0,-5.785629592440972e-17,1.8926818539928414e-15,6.475730448142887e-18,598.5082183333011,5.551115123125783e-14,2.12629994766015e-15,598.5082183333003,-0.0,-2.0921536253342873e-15,731.5100446295896,-0.0,1.9793202047171196e-15,731.5100446295896,-0.0,-1.873389829354964e-15
0.59,-5.49929423244853e-16,3.2047598913871246e-16,15.0,2.756664878731005e-17,1.8723949170133158e-15,2.9252533453934724e-18,598.5082183333003,-0.0,1.1062153995868717e-15,598.5082183333011,5.551115123125783e-14,-1.3476680667965966e-15,731.5100446295896,-0.0,1.243429141626941e-15,731.5100446295896,-0.0,-1.1534541712920615e-15
0.6,-1.0037598166363465e-16,3.127521113974782e-16,15.0,7.775862839623244e-17,1.827267825086127e-15,-4.0110405005992407e-19,598.5082183333003,-0.0,-3.1535504165502554e-17,598.5082183333011,5.551115123125783e-14,-3.516766110329192e-16,731.5100446295896,-0.0,2.863588775935064e-16,731.5100446295896,-0.0,-1.7119061833649015e-16
0.61,2.579595993114351e-16,3.0380856158322087e-16,15.0,7.990359835764232e-17,1.775014745979403e-15,-2.3624870165090986e-18,598.5082183333004,-0.0,-8.240136622120287e-16,598.5082183333004,-0.0,4.733338315800131e-16,731.5100446295896,-0.0,-5.319294731217398e-16,731.5100446295896,-0.0,5.842962060692794e-16
0.62,1.966051583830187e-16,2.971734740594585e-16,15.0,7.423820130765329e-17,1.7362489582933438e-15,-1.5265909016242474e-18,598.5082183333004,-0.0,-6.319294684273496e-16,598.5082183333004,-0.0,3.434787663591442e-16,731.5100446295896,-0.0,-4.483093255530356e-16,731.5100446295896,-0.0,4.3711830134694544e-16
0.63,1.513213202546823e-16,2.9277228784900065e-16,15.0,6.84945658458109e-17,1.7105348362730404e-15,-9.718097151052258e-19,598.5082183333004,-0.0,-4.840336292329435e-16,598.5082183333004,-0.0,2.5781211693934675e-16,731.5100446295896,-0.0,-3.9158897709441925e-16,731.5100446295896,-0.0,3.168401332170116e-16
0.64,1.1770533757329528e-16,2.906050047646433e-16,15.0,6.264718764291453e-17,1.6978723905098318e-15,-6.057650386978051e-19,598.5082183333004,-0.0,-3.675692685258494e-16,598.5082183333004,-0.0,2.0357698710291e-16,731.5100446295896,-0.0,-3.550409839512985e-16,731.5100446295896,-0.0,2.1673427842910087e-16
0.65,9.26099419313398e-17,2.906716260218264e-16,15.0,5.667896660601789e-17,1.6982616281049788e-15,-3.6605610457088764e-19,598.5082183333004,-0.0,-2.7356778757065687e-16,598.5082183333004,-0.0,1.7180476452709463e-16,731.5100446295896,-0.0,-3.337002096602682e-16,731.5100446295896,-0.0,1.3183561439723342e-16
0.66,7.37736710761731e-17,2.9297215243280943e-16,15.0,5.057847501084022e-17,1.7117025538041422e-15,-2.1060742611435947e-19,598.5082183333004,-0.0,-1.9569922679350514e-16,598.5082183333004,-0.0,1.5616548047639828e-16,731.5100446295896,-0.0,-3.2388036158221165e-16,731.5100446295896,-0.0,5.845785783954018e-17
0.67,5.956269391982274e-17,2.9750658453825955e-16,15.0,4.433810617695732e-17,1.7381951707661952e-15,-1.11109254552869e-19,598.5082183333004,-0.0,-1.294768914709071e-16,598.5082183333004,-0.0,1.5217243406308548e-16,731.5100446295896,-0.0,-3.2282855084454633e-16,731.5100446295896,-0.0,-6.1518738207013086e-18
0.68,4.878992177797817e-17,3.0427492269632087e-16,15.0,3.795282135578039e-17,1.777739481083609e-15,-4.8562890064244337e-20,598.5082183333004,-0.0,-7.17059259342297e-17,598.5082183333004,-0.0,1.566307654816893e-16,731.5100446295896,-0.0,-3.284771987381249e-16,731.5100446295896,-0.0,-6.406115506748227e-17
0.6900000000000001,2.03884237064851e-18,3.1329671988630664e-16,15.0,3.226558235416478e-17,1.830449723889171e-15,2.4448476722189437e-19,598.5082183333004,-0.0,7.135503382787411e-17,598.5082183333004,-0.0,8.183779437144277e-17,731.5100446295896,-0.0,-2.581516861574235e-16,731.5100446295895,-0.0,-2.0035855513252087e-16
0.7000000000000001,6.029192426727865e-16,3.2306606810371994e-16,15.0,-6.945806490524759e-19,1.8875275661137266e-15,-3.648715238905785e-18,598.508218333301,5.551115123125783e-14,-1.3667928109909682e-15,598.508218333301,5.551115123125783e-14,1.380529152512076e-15,731.5100446295896,-0.0,-1.524877724822432e-15,731.5100446295895,-0.0,1.0894835422152913e-15
0.71,4.338885488127116e-16,3.276744569722214e-16,15.0,-7.275826552469529e-17,1.914452278683279e-15,-1.9152328039842256e-18,598.5082183333011,5.551115123125783e-14,-1.0222752313599138e-15,598.5082183333003,-0.0,8.459411339512664e-16,731.5100446295896,-0.0,-1.1396676685990661e-15,731.5100446295895,-0.0,7.428603195938877e-16
0.72,-2.8935001389596703e-16,3.273816202120272e-16,15.0,-1.0465199976573156e-16,1.9127413671645225e-15,2.888055361779546e-18,598.5082183333011,5.551115123125783e-14,5.347368328811396e-16,598.5082183333003,-0.0,-9.505850847887756e-16,731.5100446295896,-0.0,4.541888663900228e-16,731.5100446295896,-0.0,-7.898555260934122e-16
0.73,-1.222288256028463e-15,3.2304234621842016e-16,15.0,-5.526921360041639e-17,1.8873889699662374e-15,8.257552682098504e-18,598.508218333301,5.551115123125783e-14,2.5616130417300363e-15,598.5082183333003,-0.0,-3.118444040295465e-15,731.5100446295895,-0.0,2.4793571083131794e-15,731.5100446295896,-0.0,-2.7937040121173868e-15
0.74,-4.866462465044392e-16,3.156402532960934e-16,15.0,2.4765117834706854e-17,1.8441419198509606e-15,2.24453684797461e-18,598.5082183333003,-0.0,7.5892010326909e-16,598.5082183333004,-0.0,-1.3838982756003503e-15,731.5100446295895,-0.0,9.164593988062653e-16,731.5100446295896,-0.0,-1.233930533085493e-15
0.75,-1.4504449958123688e-16,3.094241973066954e-16,15.0,6.631283241320764e-17,1.8078243421450645e-15,-1.3725767185726581e-19,598.5082183332997,-5.551115123125783e-14,3.2846516412958875e-18,598.5082183332999,-5.551115123125783e-14,-5.278470930982637e-16,731.5100446295887,-5.551115123125783e-14,1.7277552632747478e-16,731.5100446295887,-5.551115123125783e-14,-4.885826511588162e-16
0.76,-8.360715733587346e-17,3.0359691203317505e-16,15.0,9.308607643275747e-17,1.773778174270056e-15,-3.5795974320651126e-19,598.5082183332999,-5.551115123125783e-14,7.582238790167049e-17,598.5082183332999,-5.551115123125783e-14,-1.691981778398964e-16,731.5100446295887,-5.551115123125783e-14,3.235996436401606e-16,731.5100446295887,-5.551115123125783e-14,-3.601932560897977e-17
0.77,3.360074704850119e-17,2.967751556734769e-16,15.0,1.1477338690661027e-16,1.7339217657842601e-15,-9.418746042198665e-19,598.5082183333004,-0.0,-5.007306090731657e-17,598.5082183333004,-0.0,2.437832435603572e-16,731.5100446295897,-0.0,2.441704401592304e-16,731.5100446295897,-0.0,4.217318125490376e-16
0.78,9.699994299922321e-17,2.9223724694110664e-16,15.0,1.312461484761379e-16,1.7074088364780876e-15,-1.1416354815018754e-18,598.5082183333004,-0.0,-1.700958019576377e-16,598.5082183333004,-0.0,4.089484542171548e-16,731.5100446295896,-0.0,-8.961311887574695e-18,731.5100446295897,-0.0,4.731089555677665e-16
0.79,1.2750955240201476e-16,2.908497313035979e-16,15.0,1.3615522926404612e-16,1.699302215966735e-15,-1.0666229849341466e-18,598.5082183333004,-0.0,-1.975538887061424e-16,598.5082183333004,-0.0,5.024966048516259e-16,731.5100446295896,-0.0,-1.2209668996906128e-16,731.5100446295896,-0.0,5.187432079276378e-16
0.8,9.727417284020079e-17,2.9171391755507585e-16,15.0,1.4020492482754408e-16,1.7043512617594286e-15,-6.764029672257816e-19,598.5082183333004,-0.0,-9.038606371170596e-17,598.5082183333004,-0.0,4.575580054638365e-16,731.5100446295896,-0.0,-9.891684366729205e-17,731.5100446295896,-0.0,4.3200550535747924e-16
0.81,7.490062770477052e-17,2.948120079796964e-16,15.0,1.441361467546142e-16,1.722451989926606e-15,-4.175428968535442e-19,598.5082183333004,-0.0,-4.553016483475855e-18,598.5082183333004,-0.0,4.339542124449578e-16,731.5100446295896,-0.0,-8.912860713906904e-17,731.5100446295896,-0.0,3.586593833474765e-16
0.8200000000000001,1.9721849296093282e-17,3.0018286262866273e-16,15.0,1.4842864658009177e-16,1.7538314420090184e-15,1.6310519311852283e-20,598.5082183333004,-0.0,1.6251760235679676e-16,598.5082183333005,-0.0,3.442734158799017e-16,731.5100446295896,-0.0,-6.898008011237401e-18,731.5100446295896,-0.0,2.1374839118150921e-16
0.8300000000000001,8.1038973536702285e-16,3.059503035614026e-16,15.0,1.2551072076959962e-16,1.7875279667179648e-15,-5.142233204006313e-18,598.5082183333004,-0.0,-1.7341181576014828e-15,598.5082183333011,5.551115123125783e-14,2.066056539919978e-15,731.5100446295896,-0.0,-1.7117683258270792e-15,731.5100446295896,-0.0,1.8868700348062978e-15
0.84,6.955554420551927e-16,3.0995195423204823e-16,15.0,4.4176310198873815e-17,1.810907784954946e-15,-3.5333965425419846e-18,598.5082183333005,-0.0,-1.405799931319121e-15,598.5082183333004,-0.0,1.739032455677954e-15,731.5100446295896,-0.0,-1.5000530483425376e-15,731.5100446295896,-0.0,1.6116130500367574e-15
0.85,3.2661528096760735e-16,3.1534721960777066e-16,15.0,-2.0782422821025956e-17,1.842429857771041e-15,-7.723412976968282e-19,598.5082183333005,-0.0,-5.026484830340098e-16,598.5082183333004,-0.0,8.719798169944497e-16,731.5100446295896,-0.0,-7.122841648351796e-16,731.5100446295896,-0.0,7.90728289037407e-16
0.86,-7.640339719214358e-16,3.207509445907424e-16,15.0,-3.6096062945352543e-17,1.8740013562107408e-15,6.239846209304181e-18,598.5082183333011,5.551115123125783e-14,1.962676157959285e-15,598.5082183333003,-0.0,-1.6779890947903557e-15,731.5100446295896,-0.0,1.6422666345584852e-15,731.5100446295896,-0.0,-1.5622694300778075e-15
0.87,-6.143576768633017e-16,3.224327507466426e-16,15.0,2.4853149134550546e-17,1.8838273818863997e-15,3.9596184588112945e-18,598.5082183333003,-0.0,1.4072749074400428e-15,598.5082183333011,5.551115123125783e-14,-1.3953661685441151e-15,731.5100446295896,-0.0,1.3600926881162184e-15,731.5100446295896,-0.0,-1.2629737445669122e-15
0.88,7.952475743626681e-16,3.199132827216972e-16,15.0,1.3216619021950372e-17,1.8691072802770296e-15,-5.6114574548039775e-18,598.5082183333003,-0.0,-1.918447520124823e-15,598.5082183333011,5.551115123125783e-14,1.781065335920328e-15,731.5100446295896,-0.0,-1.6610497939329464e-15,731.5100446295896,-0.0,1.7302304941734949e-15
0.89,-6.038596196299353e-17,3.1527028665994966e-16,15.0,-5.1226869482167856e-17,1.841980373674469e-15,9.959116556749165e-19,598.5082183333011,5.551115123125783e-14,5.970319430507618e-17,598.5082183333003,-0.0,-3.031675323790933e-16,731.5100446295896,-0.0,1.5099557365591132e-16,731.5100446295896,-0.0,-9.920184584145386e-17
0.9,-3.1721058848464344e-16,3.09663705603609e-16,15.0,-4.040916648309614e-17,1.8092236797956913e-15,2.295386562478886e-18,598.5082183333004,-0.0,6.364532467249244e-16,598.5082183333004,-0.0,-8.683360444577086e-16,731.5100446295896,-0.0,6.93708214525216e-16,731.5100446295896,-0.0,-6.833179580517192e-16
0.91,-2.4142854785492506e-16,3.060380574901917e-16,15.0,-2.5219974475840784e-17,1.7880406728668847e-15,1.4554764901454086e-18,598.5082183333004,-0.0,4.738552089442139e-16,598.5082183333004,-0.0,-6.435085132181719e-16,731.5100446295896,-0.0,5.076959816762976e-16,731.5100446295896,-0.0,-5.608638550421719e-16
0.92,-1.8482615785634776e-16,3.046463214108903e-16,15.0,-1.0259852586235727e-17,1.7799093942406408e-15,9.050092462423068e-19,598.5082183333004,-0.0,3.6220378102477016e-16,598.5082183333004,-0.0,-4.696276548640425e-16,731.5100446295896,-0.0,3.559051218096924e-16,731.5100446295896,-0.0,-4.726310606451935e-16
0.93,-1.4229667713094663e-16,3.0548849550430067e-16,15.0,4.497387386754713e-18,1.784829833041625e-15,5.476935284856198e-19,598.5082183333004,-0.0,2.8715197810512083e-16,598.5082183333004,-0.0,-3.3234646356709497e-16,731.5100446295896,-0.0,2.3006628437966107e-16,731.5100446295896,-0.0,-4.103502457294528e-16
0.9400000000000001,-1.1015475602982257e-16,3.0856457853069706e-16,15.0,1.9069187214314457e-17,1.802801982026685e-15,3.187114329491025e-19,598.5082183333004,-0.0,2.3853959504412405e-16,598.5082183333004,-0.0,-2.2150472007254465e-16,731.5100446295896,-0.0,1.2401118693260514e-16,731.5100446295896,-0.0,-3.6785314225632814e-16
0.9500000000000001,-1.1791730213049742e-16,3.1389720455305137e-16,15.0,3.4022028494226335e-17,1.8339580816940073e-15,3.910149472142477e-19,598.5082183333004,-0.0,2.84092521335886e-16,598.5082183333004,-0.0,-2.0303743486812007e-16,731.5100446295896,-0.0,1.0272037349178987e-16,731.5100446295896,-0.0,-4.081957465970972e-16
0.96,6.231059300716469e-16,3.204536142902485e-16,15.0,2.2284480339232193e-17,1.872264190987178e-15,-4.406356107867372e-18,598.5082183333003,-0.0,-1.435730809093107e-15,598.5082183333011,5.551115123125783e-14,1.4720495843009091e-15,731.5100446295896,-0.0,-1.5029351272059521e-15,731.5100446295895,-0.0,1.163353575012775e-15
0.97,6.535401436589276e-16,3.225509693091288e-16,15.0,-6.682112788451574e-17,1.8845180789838348e-15,-3.5734188288189914e-18,598.5082183333011,5.551115123125783e-14,-1.5849228918753582e-15,598.5082183333002,-0.0,1.31565129324734e-15,731.5100446295896,-0.0,-1.5266315435822602e-15,731.5100446295895,-0.0,1.2851621256549999e-15
0.98,-7.2768259851658715e-16,3.197023694470611e-16,15.0,-8.165350307434589e-17,1.867875010288814e-15,5.684882880098284e-18,598.508218333301,5.551115123125783e-14,1.5392020876110293e-15,598.5082183333003,-0.0,-1.9397571648676634e-15,731.5100446295896,-0.0,1.4393971414201575e-15,731.5100446295896,-0.0,-1.674212603174917e-15
0.99,-1.0857870900238143e-15,3.1431568843973148e-16,15.0,-3.851178860637408e-18,1.836403092018735e-15,6.9199703340248295e-18,598.5082183333003,-0.0,2.2453407185020105e-15,598.5082183333004,-0.0,-2.73464552248392e-15,731.5100446295895,-0.0,2.2259579765689824e-15,731.5100446295896,-0.0,-2.4563793889415053e-15
1.0,1.4140024839048617e-05,9.18953179983918e-11,14.999999999976618,-4.5351897822594384e-08,1.270680937209707e-10,-6.904253529892929e-07,598.5083820870884,4.944652465255217e-07,-5.718680238396753e-05,598.5080562521524,-4.906853257047317e-07,5.719406916349032e-05,731.5103219538242,4.709239664890674e-07,-4.600647408608886e-06,731.5097654502554,-4.7401643721300957e-07,4.5932031212776906e-06
1.01,0.32539916896655346,-0.000755897989393589,14.999997443136605,0.0010188162699600583,-2.4963159503470342e-06,0.003908616382381734,595.7761612282601,-0.011103048178140451,-1.42453726910444,601.2419340234626,0.011028053629014156,1.4342720761799894,729.896130498293,-0.01058388733521376,0.010737943616672149,733.1326861370648,0.010643904194140852,-0.010726324364773778
1.02,0.5631245846767688,-0.0025490937114153725,14.999982530955565,0.00694329340975456,-1.4595678476875724e-05,0.013813765713738381,591.2166280449086,-0.07563788333586619,-2.4114265299281468,605.8202883334803,0.0751868899732111,2.4566185937363225,725.6044976231356,-0.07216512848207124,-0.026568568669361785,737.4399907646991,0.07250353163079648,0.02703144473574308
1.03,0.7711824662602285,-0.004999452820188841,14.999948218269129,0.020129539108072345,-3.573588903326663e-05,0.02772157052944375,585.0586509189153,-0.21921767376448242,-3.158374276643118,612.0253624773907,0.21804357080579262,3.270704018358747,719.2685898994285,-0.2093276002876343,-0.1667742674722476,743.7878849806451,0.21008624654506036,0.1708269997052785
1.04,0.9793674544850094,-0.007977153850466896,14.999889669798709,0.04129037121942367,-6.0835561030873223e-05,0.044326675950923794,577.5245959593327,-0.4495798177190369,-3.777703423174824,619.6382545315457,0.4473447377760231,3.993134936659251,711.347362051097,-0.42963011171676113,-0.4239390513369707,751.7113901589461,0.4306852782478554,0.43982802969070706
1.05,1.2015616369924,-0.011462416491026675,14.999802526353472,0.07025209035391368,-8.40843047099151e-05,0.0627648583003992,568.8269523174814,-0.7648694686752666,-4.331077299337267,628.445848585958,0.7611718992758809,4.689492725743753,702.190100611668,-0.7314519484692972,-0.7915598766732017,760.8569156909206,0.7323020167083194,0.8337733623893286
1.06,1.4429074533519197,-0.015475929015367035,14.999682238271664,0.10638220444174494,-0.00010048578509617603,0.08245706124692466,559.166360133206,-1.1583108950564691,-4.850654800517328,638.2442146939321,1.15256115692558,5.395559079647566,692.0747203599791,-1.108432891126887,-1.2539909317818048,770.9417252373305,1.1081178526109459,1.3432251413445238
1.07,1.7039181491683708,-0.020045930658894637,14.999523864154781,0.14882929112573723,-0.00010625363962895713,0.10301088151882383,548.730069599614,-1.6208193507206703,-5.351742391275886,648.8406317186785,1.6121016253891618,6.1296923974067195,681.2298905245482,-1.5519680467285801,-1.792636575820895,781.7304185783071,1.548996971172667,1.955014112522718
1.08,1.982812464640301,-0.025194063882124626,14.999322087965865,0.1966577292198035,-9.869762034720897e-05,0.12415753765763994,537.6905728319325,-2.1424624074472542,-5.8403169137410815,660.0551393837592,2.129400743490162,6.900085521918277,669.8476573794868,-2.05261253279454,-2.3891478515608817,793.0216531877533,2.0448888568800894,2.655063055487442
1.09,2.2768185889230117,-0.030930550066840836,14.999071331906002,0.24892368821597913,-7.593651947546658e-05,0.14571112296616298,526.2043678984945,-2.713279389439549,-6.317447835223911,671.7219474483722,2.6939155274399162,7.709044039408397,658.0905357724187,-2.6008749874285586,-3.0269261746001552,804.6409541365647,2.585618096108966,3.4297827270933174
1.1,2.5828860844786536,-0.03725379880257581,14.998765899047745,0.3047186983267165,-3.660227071741982e-05,0.1675419287747484,514.4109129685934,-3.323746805239558,-6.781857921219725,683.6907423299884,3.2954336529874007,8.555534140048351,646.0955088038346,-3.1876716863501464,-3.6916990219374415,816.4370046372389,3.1613381409287267,4.266709538718768
1.11,2.8980596788830937,-0.044151942727610693,14.99840010954865,0.36319525307512274,2.0394663604472698e-05,0.18955875567091326,502.4318641158504,-3.9650475030820753,-7.231367856864972,695.8278073434258,3.924360556928852,9.436719205504405,633.9764171452756,-3.804590690500431,-4.371604281578868,828.279797649656,3.7628007139998143,5.154751149004284
1.12,3.219661621497855,-0.05160504168078625,14.997968412159928,0.4235821811624081,9.601763287495042e-05,0.21169703330286194,490.37068651166123,-4.62922788787351,-7.663674729415803,708.0168412969289,4.571896259489893,10.348900074404622,621.8256311433931,-4.444046365497611,-5.057029649383534,840.0596477667633,4.381521694218293,6.084237100689095
1.1300000000000001,3.5453670177522207,-0.05958735040258763,14.997465463858612,0.48519378553297005,0.00019117682923395284,0.23391073843489146,478.31270296387356,-5.309286818525827,-8.076736548249905,720.1593761252375,5.230145112738171,11.288098433268916,609.7155277475048,-5.099366199891597,-5.740343970417967,851.6864591778741,5.009884836218781,7.046877560924194
1.1400000000000001,3.873220417278984,-0.06806937521790805,14.996886177113096,0.5474347321184445,0.00030673662968861164,0.25616682831911486,466.3256078411383,-5.999217927025347,-8.468927765314302,732.1747312935662,5.892179780902063,12.250421337474608,597.7000549664922,-5.76483115340376,-6.415594993025742,863.0889049239269,5.641203382771465,8.035681686420547
1.1500000000000001,4.201721374282539,-0.07702311858395958,14.996225851857078,0.6098016434338848,0.0004434744444531184,0.27843624908219,454.4617226808772,-6.6940159831900825,-8.83941565306904,743.9983445149984,6.552069565889718,13.232727532449307,585.8185684121859,-6.435680200891025,-7.07826734679478,874.2113139215669,6.269748795165064,9.044892418486489
1.16,4.2297818113846875,-0.06982776859659336,14.995561816519936,0.6709444432772126,0.0006042532424468563,0.2971394376272278,444.9858239462128,-7.37928420278211,-8.168733687131965,752.7947256442208,7.194884719406714,12.610709305660398,575.5746658547112,-7.098192479561116,-7.749027874935894,883.5529898561269,6.881112404987288,10.071664134740793
1.17,4.335919348820471,-0.06575758597199668,14.994947496393348,0.7269893543270111,0.0007992159522058605,0.3102857052568927,437.4384120152134,-8.012541236764037,-7.842809857548917,759.6798420109587,7.778965222155431,12.388203747328214,567.9563481985061,-7.711878097565405,-8.39732820999689,890.1230316216747,7.435077077316499,11.04679285987902
1.18,4.4704328686456085,-0.06338137209864142,14.994357173525433,0.7755337151988224,0.0010356580866538367,0.31963568469825443,431.5831448652093,-8.567266802099072,-7.709913782341302,764.853753339068,8.278647443344223,12.379262768065864,562.36240556447,-8.25147903591944,-8.978990199032264,894.5160722756737,7.906846872975104,11.911047243230417
1.19,4.606410906463517,-0.061849719688389766,14.993777899938273,0.8158120645050234,0.0013140909956165247,0.32637448702889876,427.17053360759985,-9.034852462080911,-7.680366206817543,768.5425823340927,8.685918518617274,12.47128858369017,558.3298071223351,-8.70873989613158,-9.479202024772732,897.2077330398284,8.288734309844227,12.64432622924575
1.2,4.730454870161828,-0.060678804727302804,14.993204284642141,0.8479949943315801,0.0016283652634925155,0.33129855082931214,423.9556630056163,-9.41692354686724,-7.702270259744638,770.9803357572218,9.002863174867537,12.599230342841738,555.4954211351098,-9.085043999604082,-9.897607867715914,898.5875641551015,8.582914692672084,13.24737092458068
1.21,4.836898514572724,-0.059606590881721724,14.992635147107833,0.8727643896665863,0.001966783278874484,0.3349464833037793,421.70833771831855,-9.720672638410532,-7.746104717126637,772.3965270261748,9.237103330416385,12.727639094912776,553.5696604693466,-9.386965263203596,-10.240458348444355,898.9804342256335,8.797023931385429,13.731191961180757
1.22,4.924370414221301,-0.058503034890052354,14.992071444481311,0.8910537688155317,0.002313672710586461,0.3376853316898854,420.21952588112,-9.956000265504583,-7.795516961566853,773.0071423262324,9.399017257067488,12.839070442160086,552.3199976558085,-9.623566549410656,-10.516599550927682,898.658862797925,8.941450257954397,14.111129270818411
1.23,4.993780334330122,-0.057314917979245476,14.991515016839754,0.9038887703136974,0.002651072423410808,0.3397673181767164,419.3050788393431,-10.133758211250843,-7.841897248020883,773.0085221626385,9.500031726987434,12.926744034488374,551.5602433297013,-9.804759269554374,-10.735486065769484,897.8504316232637,9.027651487531319,14.403604071298348
1.24,5.047149237382398,-0.05603218301918497,14.990967860974457,0.9122894049037232,0.002960328107053388,0.3413673093342859,418.8073886634199,-10.264676906756753,-7.881182272817026,772.5736933965276,9.551571781996671,12.989945203340248,551.142999348718,-9.940317249923226,-10.906236510449833,896.7427762968334,9.067104961738293,14.624407480454204
1.25,5.086935309053608,-0.05466749747979201,14.990431742795277,0.9172113655997564,0.0032234890466369638,0.34260772555267577,418.59548128230483,-10.3587275655454,-7.911957407146375,771.8506835636243,9.564424133050975,13.031169943898325,550.9538064821646,-10.039302647338655,-11.03721474189154,895.4875313949516,9.07065918600891,14.787859166647426
1.26,5.115650772010031,-0.05324391851961623,14.989908021374156,0.9195125920986607,0.0034244565412530847,0.3435752435767251,418.5639489393956,-10.42476623597155,-7.93431306909579,770.9623709365391,9.548367125935375,13.054371339971334,550.9061954475542,-10.10975587321311,-11.135869138239142,894.2039182754278,9.04814755555472,14.906453992023694
1.27,5.135651403529782,-0.05178757451583998,14.989397601342207,0.9199366420740742,0.003549866542103484,0.34433206485326606,418.6310541555511,-10.470365450584385,-7.949146162843904,770.0074760169895,9.511978091466311,13.063907283928339,550.9372640699908,-10.158558478685297,-11.208697787499329,892.9822657477857,9.008179204506195,14.99078222398521
1.28,5.149029363033119,-0.05032346889080271,14.98890095855183,0.9191073861630088,0.0035897091776636715,0.3449235574901945,418.73628292888156,-10.501771788514692,-7.95772907761869,769.062352727721,9.46256067046619,13.063934898482671,551.0036219574838,-10.191409819524766,-11.261274483457518,891.8875462356394,8.958051926844623,15.049600124512237
1.29,5.157568421081462,-0.048873242105078776,14.988418203417899,0.9175313486425889,0.003537699494278202,0.3453834545997971,418.83757629288186,-10.523947751240714,-7.9614442846247115,768.1832943100428,9.406153839342013,13.058089665659702,551.0776572973405,-10.212877918710728,-11.298304505317422,890.9629066352161,8.903750137562504,15.089980032633706
1.3,5.16273691847156,-0.047454163803980653,14.987949159449933,0.9156051156242302,0.003391421029375724,0.3457373941642332,418.9084264505375,-10.540668723673985,-7.96162457353806,767.4091223939066,9.347595881618764,13.049344718063326,551.1441310016145,-10.226497025704218,-11.323695294763308,890.2331302712178,8.850001677331687,15.117498439321015
1.31,5.1657031857512,-0.046078891345837834,14.987493443277126,0.9136259402807928,0.0031522684944012623,0.34600532807840023,418.93498554066684,-10.554653831948146,-7.959462399526094,766.7638763007147,9.290623880783777,13.039982023238984,551.1971204568639,-10.234892223227876,-11.340634497606636,889.707955873207,8.80037415429047,15.136437401539913
1.32,5.167363714268912,-0.04475569371067074,14.987050538304667,0.9118041563198613,0.0028252188052294994,0.3462031586627572,418.913301273002,-10.56771501845849,-7.955965051038997,766.2594625394556,9.237994259850224,13.031630488305478,551.2373348979834,-10.239916808141292,-11.351671053398299,889.385185424883,8.757396173093568,15.149984518529505
1.33,5.168377765383948,-0.04348894235909934,14.986619857955068,0.9102763582168549,0.0024184614076157617,0.3463438477478788,418.84676385468214,-10.580912636313556,-7.9519400802887565,765.8981615580785,9.191613451342784,13.025341250547822,551.2698160777686,-10.242792046973815,-11.358796423391825,889.2535261896647,8.72269215955368,15.160422644894004
1.34,5.169204260966607,-0.042279736991803915,14.986200796887577,0.9091185702699612,0.0019429195145255936,0.3464381667160686,418.74382253590807,-10.594708881707549,-7.948000207742563,765.674920374582,9.152670486412884,13.021680557425656,551.3020264649177,-10.244241824361456,-11.363523745527552,889.2951283327126,8.697122059345919,15.169304210784363
1.35,5.170138225059435,-0.04112657831635549,14.985792770100419,0.9083588345864614,0.0014116936103673269,0.3464952033374747,418.6160075063795,-10.609112753610928,-7.9445800628542065,765.5793861475896,9.121765437567541,13.020827476034732,551.342315391647,-10.244616974264654,-11.366963169239451,889.4877957324472,8.680919249926976,15.177607383566459
1.36,5.171345024869475,-0.040026030051744994,14.985395240714888,0.9079888166470428,0.0008394574653613601,0.34652270500975674,418.4762736219455,-10.623812141032973,-7.941959344777953,765.5976575008119,9.099029397898528,13.022668327050457,551.3987428415023,-10.244005889958386,-11.369892026284806,889.8068624246704,8.673821708608532,15.185872860066747
1.37,5.172891347594072,-0.03897333337609009,14.985007737729328,0.9079741653640906,0.0002418350286910148,0.34652731296633477,418.33766641819307,-10.638290198994705,-7.9402886255570015,765.7137479208782,9.08423312128237,13.026882926817738,551.4782316721011,-10.242329457700983,-11.372818878308996,890.2267399447561,8.675192910727992,15.194321126311756
1.3800000000000001,5.17477234061726,-0.03796295183645791,14.984629865258182,0.9082634780702901,-0.00036521596287843037,0.3465147247109962,418.21229796615484,-10.651924452494633,-7.939615250696563,765.9107692079664,9.076882635229932,13.033019911909829,551.586012356521,-10.239419518350058,-11.376040841691042,890.7221513044517,8.684130137222468,15.202950742123454
1.3900000000000001,5.176934693519246,-0.03698903527575191,14.984261304831836,0.9087958131264832,-0.0009659908896520852,0.346489809999895,418.11061021032447,-10.664068106031433,-7.939907715435962,766.1718531589773,9.076301103471351,13.040559925461695,551.7253198993524,-10.235080975689204,-11.379693909860949,891.2690753679257,8.699558878323687,15.211618709012921
1.4000000000000001,5.1792956885962855,-0.03604579881686539,14.98390181228877,0.9095067662311352,-0.0015455763577145976,0.3464566974772264,418.040896317739,-10.67411386402961,-7.941077572647088,766.4808367826593,9.081696981790454,13.048966474027202,551.8973003665895,-10.22913837185363,-11.383796261816089,891.845431038183,8.720312847606436,15.220104326631382
1.41,5.18175841817789,-0.035127818206470866,14.983551210683231,0.9103331829438853,-0.0020903239188809325,0.3464188434223335,418.0090460194583,-10.681541207095746,-7.942998409342884,766.8227407683577,9.09221909685204,13.057724959249347,552.1010842691348,-10.221468264309808,-11.388284759732521,892.431534100787,8.745199782333957,15.228158174586321
1.42,5.184223480742408,-0.034230246432299306,14.983209380485222,0.911216621107624,-0.0025882476396083937,0.3463790901753006,418.0184786483574,-10.685948539649882,-7.945521755929854,767.18407304609,9.106999701552098,13.066370845584078,552.3339855789372,-10.21201908762076,-11.39304500125022,893.0103610455916,8.773053715164792,15.235537996152198
1.43,5.186597537629636,-0.03334895889675457,14.982876248182576,0.9121057044534778,-0.003029337569436372,0.3463397191153905,418.07022723477564,-10.687071944450677,-7.948490003318416,767.5529894825025,9.125186840023336,13.074508207960674,552.5917881032364,-10.200820387861075,-11.397935409511458,893.5676539995236,8.802774772756871,15.24203332310348
1.44,5.188799148564404,-0.03248063585365588,14.982551774219221,0.9129575244414029,-0.0034057848360832923,0.3463025011903894,418.1631382546409,-10.684792467474779,-7.951746530184467,767.9193424497103,9.145967510045704,13.081820055553075,552.8690849396373,-10.187983399071676,-11.402805923655016,894.0918993822866,8.83335780385619,15.24748067725405
1.45,5.190762315283481,-0.031622791516570534,14.98223594102836,0.9137382531287658,-0.0037121175325323303,0.3462687466798944,418.2941540700016,-10.679133931614903,-7.955143312397994,768.274645564169,9.168583160295729,13.088071880879333,553.1596414284836,-10.17369491062997,-11.407511900981556,894.5742103754809,8.863911279570036,15.25177112363802
1.46,5.192438154520348,-0.03077375939706272,14.981928741750414,0.914423127403442,-0.003945249677609606,0.3462393549542978,418.4586484096575,-10.670253259230488,-7.958546318968698,768.611979677655,9.192339024960972,13.093109860492111,553.4567570771079,-10.158206272799175,-11.41192386493264,895.0081400929831,8.893667958976337,15.254851842060763
1.47,5.193795099352915,-0.029932643165733193,14.981630170068822,0.9149959560761025,-0.004104448261176129,0.3462148643548843,418.65078908811455,-10.658425191027055,-7.961839008034361,768.9258615336548,9.216608698736028,13.096855053156597,553.7536070603551,-10.14181922526819,-11.415933734619326,895.3894487456349,8.921988791443292,15.25672323806396
1.48,5.194817995417205,-0.029099241756291576,14.981340211455167,0.9154482878236981,-0.004191225682580558,0.3461955018977623,418.8639062750026,-10.644023140638058,-7.9649242317088005,769.2120926574561,9.240835210015952,13.099294819372371,554.0435488596962,-10.124870029248667,-11.419458155191379,895.7158443551373,8.948361449950038,15.257432941775207
1.49,5.1955064190193605,-0.028273956646319875,14.98105883599172,0.9157783613971535,-0.004209166729062997,0.3461812322466362,419.09084877240275,-10.627497737837555,-7.9677248455174015,769.4676022551607,9.264529676429046,13.100472536189345,554.3203842004639,-10.10771315489184,-11.422439516644197,895.9867128926702,8.972394773078152,15.257067854286728
1.5,5.19587250051987,-0.027457688324047307,14.980785992835452,0.9159899412495659,-0.004163700608819959,0.3461718052707876,419.3243147513617,-10.609354403892713,-7.970183299610094,769.6902943325564,9.287268439713948,13.100476515673872,554.5785705483881,-10.090705537470768,-11.424845204369067,896.2028502508676,8.993810251294809,15.255745206217632
1.51,5.19593849090024,-0.02665172795341959,14.980521606303093,0.9160911229895643,-0.004061829456112039,0.3461668014759885,419.5571471064118,-10.590131083321463,-7.9722604663844345,769.8789060367096,9.308689388895452,13.09942886467151,554.8133799495614,-10.074192180429375,-11.42666557063705,896.3662053113344,9.012431537819499,15.253603400947384
1.52,5.195734264179396,-0.02585764923577742,14.980265573491655,0.9160931747710509,-0.003911825181185994,0.34616567464201436,419.78258691689183,-10.570377038053635,-7.973933933321448,770.0328814523945,9.328488001643652,13.097474856518783,555.0210059031114,-10.05849366092898,-11.427911055199305,896.4796406097802,9.02817280571938,15.25079323312358
1.53,5.195294905009609,-0.02507720447777579,14.980017763301195,0.9160094636199329,-0.0037229065753897734,0.3461677910980623,419.99448140291577,-10.55063340111756,-7.975195961339587,770.1522627932219,9.346413470940561,13.094773229065403,555.1986212417503,-10.043895891211186,-11.428608818328357,896.5467147581239,9.041026618722137,15.247469907139095
1.54,5.194658490688233,-0.024312227948017077,14.97977801669495,0.9158545002801163,-0.0035049082405951143,0.34617246519620515,420.18744520991675,-10.53141599364299,-7.976051278563408,770.2375991212093,9.36226514263111,13.091487682884857,555.3443916891171,-10.030642311831372,-11.428799183887904,896.5714888600081,9.051051839288615,15.243786134206278
1.55,5.193864140961488,-0.023564548761938794,14.97954614801383,0.9156431227517834,-0.0032679522381980916,0.34617899068539354,420.356975851149,-10.513200735312367,-7.976514848061914,770.2898713898642,9.375889371856294,13.087779732162454,555.4574509129669,-10.018928543321149,-11.428532126132321,896.5583576348944,9.058361967636486,15.239886462569968
1.56,5.192950378014033,-0.02283591479214205,14.979321947155253,0.9153898274468146,-0.0030221323981882574,0.3461866678301446,420.49952570292976,-10.49641182678579,-7.97660971699252,770.3104316965218,9.387176813676291,13.083802960086809,555.5378435617602,-10.008899402037086,-11.427863974204701,896.5119048124656,9.0631141918755,15.23590289391297
1.57,5.191953813255251,-0.022127928466044573,14.979105182428206,0.9151082478169699,-0.0027772200481003396,0.3461948262483163,420.612534116197,-10.481412753989726,-7.976365024895198,770.3009540985573,9.396060094850057,13.079698650855208,555.5864430293578,-10.00064809326645,-11.426854454502024,896.4367815316123,9.065499333171745,15.231951759508668
1.58,5.1909081569603615,-0.021441994784767732,14.978895603904764,0.9148107733338471,-0.0025423985716443043,0.346202843554319,420.69442402126964,-10.468500058314845,-7.9758142217276795,770.2633941364089,9.402511768061894,13.075592710722686,555.6048506109721,-9.99421732841499,-11.425564144392034,896.3376059292657,9.06573279076267,15.228131770624861
1.59,5.189843531290251,-0.02077928147064164,14.97869294710128,0.9145082966539752,-0.0023260327437663515,0.3462101599842346,420.74456790625527,-10.457899732659648,-7.974993522519999,770.1999542523606,9.406542424406418,13.071593749140863,555.595282365271,-9.989602070792913,-11.424052371810665,896.2188817860946,9.064046528841851,15.224523116920574
1.6,5.188786056296731,-0.020140690816722474,14.978496936838443,0.9142100734755678,-0.0021354772673097613,0.346216289246922,420.76322829019114,-10.449766039263897,-7.973940605864625,770.1130525366374,9.408198831683311,13.067792165663803,555.5604494504217,-9.986753593144993,-11.422375564133368,896.0849339618997,9.060682099396145,15.221187461586249
1.61,5.18775767168569,-0.01952684255794698,14.978307291146862,0.9139236777445535,-0.001976927407561065,0.34622082589178904,420.75147783588204,-10.44418249939344,-7.972693548138143,770.0052926137189,9.407561971775724,13.064260076373891,555.5034370181875,-9.985584526351676,-11.420586026071588,895.9398583604548,9.055884660280011,15.218168670110629
1.62,5.186776153744963,-0.018938066897483216,14.978123725102884,0.9136550342444193,-0.0018553131315826982,0.3462234495124389,420.71110409806295,-10.441164774979416,-7.9712899743490215,769.8794329494806,9.404744866815307,13.0610519124605,555.4275859847972,-9.985974589321101,-11.41873110954893,895.7874842728314,9.04989792423705,15.215494108204624
1.6300000000000001,5.18585528630283,-0.0183744066916239,14.977945954497377,0.9134085109575614,-0.0017742367507350824,0.34622392611951835,420.6445036203496,-10.44066514601022,-7.969766399539121,769.7383543679146,9.399890107807229,13.05820553071211,555.3363811976394,-9.98777671172163,-11.416852727717547,895.6313471266303,9.042959960307407,15.213176351129556
1.6400000000000001,5.1850051462298286,-0.017835627709814443,14.97777369925729,0.9131870546786963,-0.0017359527724293362,0.3462221070196139,420.5545697151876,-10.442578282633896,-7.968157731240437,769.5850250761756,9.393167027967886,13.055743688713942,555.2333487218272,-9.990823290824292,-11.4149871595269,895.4746698876676,9.035299762201966,15.211215159254662
1.6500000000000001,5.1842324672359705,-0.01732123583526086,14.977606686556204,0.912992354977086,-0.0017413875195537803,0.34621792553344466,420.44457781650436,-10.446748015431384,-7.966496902987226,769.4224629775908,9.384768493622852,13.053675754410412,555.1219642118,-9.994932358548203,-11.413165089585313,895.3203515981924,9.027134497075263,15.209599591185311
1.6600000000000001,5.183541050010771,-0.016830500047363257,14.97744465356519,0.9128250235527159,-0.0017901950949400476,0.34621139187876293,420.3180718114987,-10.452974819267435,-7.964814610620342,769.2536954804524,9.37490731588736,13.051999538647413,555.0055736337441,-9.999913472412414,-11.411411829521079,895.1709617733516,9.01866735110346,15.20831014462418
1.67,5.182932191644815,-0.016362480025371388,14.977287349809277,0.912684778148621,-0.001880845468546233,0.3462025865333981,420.1787542586253,-10.461023743753572,-7.963139126420696,769.0817173694675,9.363812314700514,13.050703158934443,554.8873269816448,-10.00557318241313,-11.40974767080792,895.028739602842,9.01008589406327,15.20732083491885
1.68,5.182405112376243,-0.015916057229088055,14.977134539107615,0.9125706223324667,-0.0020107398548984976,0.34619165238307414,420.03038290099784,-10.470632545167502,-7.961496170335862,768.9094475865945,9.351724091692049,13.049766861857062,554.7701250932096,-10.011719963201992,-11.408188324320921,894.8955971080227,9.001560892561212,15.206601140940741
1.69,5.181957362722955,-0.0154899683456588,14.976986001087136,0.9124810145386678,-0.0021763481295699783,0.3461787859475881,419.8766754023502,-10.481519799331485,-7.959908822173762,768.739685964487,9.338890588839632,13.049164749518209,554.6565792268884,-10.018168536000294,-11.40674540811085,894.7731255810959,8.993245509796466,15.206117766717135
1.7,5.181585198764734,-0.015082840039345879,14.976841532270008,0.9124140216878479,-0.002373362802097437,0.34616422796764634,419.72122377663163,-10.493392801361523,-7.958397463183603,768.5750710693717,9.325562525284713,13.048866371538596,554.5489827076607,-10.024743536499514,-11.405426951513842,894.6626047795032,8.98527483803868,15.205836184500079
1.71,5.181283917571572,-0.014693224003823998,14.976700946744646,0.9123674544178418,-0.0025968640095747507,0.34614825362271884,419.56741955959006,-10.505955085434893,-7.956979739592182,768.4180403456126,9.311988814741712,13.048838158172792,554.4492936838508,-10.031282512907636,-11.404237890351839,894.5650144655326,8.977765717873954,15.205721940297474
1.72,5.181048148437347,-0.014319631392969932,14.976564076438436,0.9123389824358805,-0.0028414901066236412,0.34613116263702365,419.41839038602245,-10.518913425038079,-7.955670544189536,768.2707937191448,9.298412070666561,13.049044681850015,554.3591278533806,-10.037638261950033,-11.403180534322217,894.4810479696149,8.970816805358496,15.205741716065635
1.73,5.180872098623412,-0.013960565795757513,14.976430771017652,0.9123262297196798,-0.003101608686300633,0.34611326951550825,419.2769482921879,-10.531984200961853,-7.954482014831819,768.1352617212749,9.28506430600262,13.049449743923436,554.2797599071962,-10.043680529895571,-11.402254993506508,894.4111275190153,8.96450885433564,15.205864153660878
1.74,5.180749754737344,-0.013614554021954476,14.976300897446176,0.9123268502556978,-0.0033714832527327507,0.34609489413380795,419.14554976011465,-10.544899050135337,-7.953423550711446,768.0130790494861,9.272162929359173,13.050017290716037,554.2121323902334,-10.04929712063596,-11.401459556099722,894.3554211150832,8.958905186226163,15.206060454269302
1.75,5.180675042691307,-0.013280174077123369,14.976174339239805,0.912338585717654,-0.003645431257907978,0.34607635288521643,419.0262672586384,-10.557409732894097,-7.952501848456052,767.9055642998255,9.259907130502787,13.050712168269012,554.1568706858135,-10.054394463735239,-11.400791013887057,894.3138607659961,8.954052323604634,15.206304773467815
1.76,5.180641950449172,-0.012956079824177243,14.976050995456786,0.9123593069780882,-0.003917969788965735,0.3460579505635177,418.9207718137597,-10.569292179187729,-7.951720960637009,767.8137063983222,9.2484747357644,13.051500728768534,554.1143028771984,-10.058897702542646,-11.400244935633358,894.2861618921178,8.949980766901234,15.206574436471701
1.77,5.180644618543414,-0.012641021952631842,14.975930779468014,0.9123870416369733,-0.004183945825066755,0.34603997313322615,418.8303259562343,-10.580349695371138,-7.951082379199606,767.7381580383459,9.238019599156043,13.052351303711538,554.0844833200924,-10.062750366357731,-11.399815891402458,894.2718437216123,8.946705895739814,15.206850000697894
1.78,5.180677403692599,-0.012333865002181046,14.975813617551959,0.9124199898742704,-0.004438648651353437,0.3460226815087712,418.7557862449427,-10.590415332459358,-7.950585145798385,767.6792362074632,9.228669578421444,13.05323455974501,554.0672188624775,-10.06591369174592,-11.399497632914784,894.2702504881634,8.944228977874447,15.207115193755543
1.79,5.180734920854437,-0.012033600310617865,14.97569944735991,0.9124565309192815,-0.004677902699521465,0.3460063064320989,418.69761444810354,-10.599353433964897,-7.9502259901650225,767.6369296708826,9.22052512770194,13.054123753043719,554.0620967652474,-10.068365656901335,-11.399283236441665,894.2805732339093,8.942538269595401,15.207356754622595
1.8,5.180812068780456,-0.011739354874228685,14.975588216296458,0.9124952223097504,-0.00489813975953659,0.34599104450491286,418.6558963780533,-10.607060396649048,-7.94999949657695,767.6109130768812,9.213658520684342,13.05499489732735,554.0685135007498,-10.070099789967868,-11.399165215485002,894.3018720110167,8.941610191964156,15.20756420433502
1.81,5.180904043670079,-0.011450396218857377,14.975479879858684,0.9125347939171133,-0.00509645015647673,0.3459770553983234,418.63036731691193,-10.613464690657215,-7.949898297353129,767.6005671693442,9.208113700686582,13.055826859382176,554.0857037310121,-10.071123807892434,-11.399135610693783,894.333098267054,8.941410567478158,15.207729570263703
1.82,5.181006344917716,-0.011166133478029985,14.975374399974879,0.9125741384675642,-0.005270613094143659,0.345964460230067,418.6204429372654,-10.618526196597532,-7.949913291172971,767.6050044385821,9.203906737691392,13.05660139443853,554.1127688877872,-10.071458137149381,-11.399186064208042,894.3731171935153,8.941895901862452,15.20784708522018
1.83,5.1811147762654075,-0.0108861149601963,14.97527174338054,0.9126123000147162,-0.005419106919374299,0.34595334106872294,418.6252546119433,-10.622234926163765,-7.950033882979406,767.6230994173316,9.20102685734625,13.057303132120044,554.148704889159,-10.071134361904377,-11.399307884994075,894.4207298145102,8.943014695748097,15.20791287943959
1.84,5.181225444964679,-0.010610022556838126,14.975171880065293,0.9126484615378948,-0.005541100547054728,0.34594374149644025,418.64368801769535,-10.624609199944068,-7.950248241344078,767.6535227362035,9.199437993788639,13.057919522050245,554.192428629628,-10.070193639206304,-11.399492110834512,894.4746945942292,8.9447087711087,15.20792468013295
1.85,5.181334760854992,-0.010337663397805568,14.975074781820119,0.9126819325658875,-0.00563642769770281,0.34593566813739535,418.67442396695554,-10.625693361148658,-7.950543568482781,767.6947779923061,9.199080807107352,13.05844074666759,554.2428029707097,-10.06868511487169,-11.399729571553099,894.5337483473386,8.946914597537104,15.207881529948407
1.86,5.181439436615205,-0.010068959197869399,14.97498042090942,0.9127121374710038,-0.0057055459319447395,0.3459290930391698,418.71598044791335,-10.625555107195373,-7.950906377634847,767.745240455848,9.199875097506583,13.058859607425255,554.2986600365975,-10.066664368054035,-11.400010956872995,894.5966262459593,8.949564603802973,15.207783532472142
1.87,5.181536489860769,-0.009803933760669098,14.97488876888751,0.9127386048507492,-0.005749482716772766,0.34592395677888116,418.7667549135271,-10.624282522515072,-7.95132277226488,767.8031966404039,9.201722541875569,13.0591713893732,554.3588226839922,-10.064191907239339,-11.400326891097976,894.6620807298152,8.952588460645561,15.207631629939872
1.8800000000000001,5.181623247260512,-0.009542699113151134,14.974799795574123,0.9127609582193974,-0.005769770927176606,0.3459201721554433,418.82506593312166,-10.621980895662519,-7.9517787215065825,767.8668837908842,9.204509674504314,13.059373708152597,554.4221240677947,-10.061331735656209,-11.40066801564092,894.7288991422271,8.955914321442604,15.207427415701261
1.8900000000000001,5.181697350440286,-0.009285440736777428,14.974713468198546,0.9127789080716907,-0.005768376275927604,0.3459176283237748,418.8891934035099,-10.61876940198192,-7.952260326425977,767.9345283959583,9.208111032048938,13.059466342675895,554.4874252656092,-10.058149999912391,-11.40102507934784,894.7959199332254,8.959470008239656,15.207172981731095
1.9000000000000001,5.181756763130244,-0.00903240234287437,14.974629750717272,0.9127922452560301,-0.005747619178331004,0.34591619522592754,418.95741660822983,-10.614777729807512,-7.952754072013804,768.0043829051074,9.212392383404211,13.059451056203038,554.5536309554107,-10.054713732076447,-11.401389035624806,894.862047291725,8.963184131616398,15.206870799642624
1.9100000000000001,5.181799778796226,-0.00878387061028046,14.974548603305577,0.9128008355033661,-0.00571009350373556,0.34591572817762506,419.02804951138717,-10.610142723633087,-7.953247060296061,768.0747599209535,9.217213967709137,13.059331408135225,554.6197031637479,-10.051089692404425,-11.401751144595615,894.9262640908745,8.966987133985027,15.206523632234068
1.92,5.18182502786766,-0.00854016026597633,14.974469982019384,0.9128046148977786,-0.005658584548982912,0.3459160724760911,419.0994727746469,-10.605005112027055,-7.953727220546136,768.1440632409401,9.222433668060525,13.059112558600226,554.6846731179545,-10.047343317435287,-11.402103077917674,894.9876430539329,8.970812247138527,15.20613447157819
1.93,5.181831483626556,-0.008301599845635974,14.974393838620149,0.9128035860417948,-0.005595988399327211,0.3459170679057293,419.1701620901465,-10.59950638147511,-7.954183493262964,768.2108152349813,9.227910054388111,13.058801067770515,554.7476512466983,-10.043537776185774,-11.402437023469773,895.0453560719351,8.974596356172814,15.205706499020302
1.94,5.181818465843251,-0.008068518422734549,14.974320120552337,0.9127978146597064,-0.005525234628916624,0.34591855303154045,419.2387125264223,-10.593785849991876,-7.95460598531519,768.2736801634436,9.233505236072748,13.058404691803052,554.8078353801138,-10.03973313561135,-11.402745786894092,895.0986816285268,8.97828076326701,15.205243062143877
1.95,5.181785641324017,-0.00784123354422774,14.974248771060516,0.9127874263911222,-0.00544921404534689,0.345920369185456,419.3038586870823,-10.587977986434627,-7.954986094416385,768.3314831593698,9.239087472994568,13.057932177292534,554.8645172052572,-10.035985635282184,-11.403022886918729,895.1470103115844,8.981811846211162,15.20474766375305
1.96,5.181733020659979,-0.007620040558882301,14.97417972943092,0.9127726035504387,-0.0053707129108101544,0.34592236406736177,419.3644905810085,-10.582210013178495,-7.955316601863738,768.3832247166615,9.24453350247778,13.057393056159325,554.9170870356228,-10.032347070295211,-11.403262641486693,895.1898484150591,8.985141607987302,15.204223958155257
1.97,5.18166095062496,-0.007405203473388422,14.974112931340914,0.9127535816617125,-0.005292354785502103,0.34592439489983784,419.4196651967738,-10.576599821351284,-7.955591733222456,768.4280906393647,9.249730548796908,13.05679744293059,554.9650369561161,-10.028864280723083,-11.403460241954539,895.2268196579249,8.98822811513339,15.203675750457087
1.98,5.181570101849876,-0.007196947421513633,14.974048309298638,0.912730645618885,-0.005216550846310946,0.34592633109296556,419.4686138612263,-10.571254219362558,-7.955807187351101,768.4654575135675,9.254577991250956,13.056155836399354,555.0079624078052,-10.025578745333386,-11.40361181297481,895.2576650698219,8.991035824030602,15.20310699516105
1.99,5.18146145159213,-0.006995452785013611,14.97398579315468,0.9127041253651529,-0.005145459243820346,0.3459280563924292,419.51074554152933,-10.566267527168327,-7.9559601348238385,768.4948938606524,9.258988676056902,13.05547892764847,555.0455622804561,-10.022526276842303,-11.40371445611307,895.2822411148306,8.993535795639108,15.202521791022411
2.0,5.181336261611317,-0.006800850961772032,14.973925310667505,0.9126743910297519,-0.005080953780908232,0.3459294705001215,419.54564632036636,-10.561720520743222,-7.95604918740296,768.5161572171796,9.26288986625029,13.054777416397215,555.077637585803,-10.01973681553936,-11.403766275752487,895.3005161455916,8.995705800556475,15.201924369850248
2.0100000000000002,5.181196051348455,-0.006613221737555199,14.97386678810473,0.9126418475032811,-0.00502460193333869,0.34593049017119204,419.57307533466695,-10.557679723732283,-7.956074340738935,768.5291874611983,9.266223832211262,13.0540618375605,555.1040887905465,-10.017234317714285,-11.403766386375903,895.3125652995762,8.997530317578551,15.201319077677592
2.02,5.181042566778203,-0.006432592183414767,14.973810150863015,0.9126069284722267,-0.0049776519922784665,0.3459310498046689,419.5929575185392,-10.554197036347023,-7.956036892919607,768.5340967664982,9.268948093199892,13.053342399803807,555.1249118954609,-10.015036734890737,-11.403714900868481,895.3185639673594,8.999000430184923,15.200710347446275
2.0300000000000002,5.180877745456985,-0.006258936971642646,14.97375532409048,0.9125700899682363,-0.004941028895055256,0.3459311015562474,419.6053735308311,-10.55130968535517,-7.955939341851077,768.5311566148606,9.271035327258092,13.052628837730627,555.140193355331,-10.013156079420604,-11.403612900030218,895.3187799792647,9.000113626555283,15.20010266302895
2.04,5.1807036784195155,-0.0060921799788315,14.97370223329675,0.9125318035171761,-0.004915338127005109,0.3459306150114417,419.6105472767117,-10.549040473580963,-7.955785264727122,768.5207823315685,9.272472972908341,13.051930279156744,555.1501039434975,-10.01159857150724,-11.403462384007844,895.3135646712495,9.000873509819208,15.199500515018764
2.05,5.180522569680263,-0.005932197025773277,14.973650804937368,0.9124925489965375,-0.004900876926091967,0.34592957646497885,419.6088314511799,-10.547398302729661,-7.955579183033491,768.5035156317007,9.273262551194318,13.05125512871105,555.1548916743311,-10.010364862198529,-11.403266206837714,895.3033430034232,9.001289426259106,15.19890834924329
2.06,5.180336694171665,-0.005778819590204189,14.973600966960934,0.9124528073272241,-0.004897651904207969,0.34592798785809087,419.60069154067986,-10.546378939629841,-7.955326416637489,768.4800056743873,9.27341874070542,13.050610968760548,555.1548739061974,-10.009450326351587,-11.403027995716634,895.2886029146347,9.001376020092433,15.19833050939064
2.07,5.180148354998475,-0.005631839319808657,14.97355264930924,0.912413053137208,-0.004905402114751875,0.34592586542926457,419.5866887177542,-10.545965993148886,-7.955032930537176,768.4509891203369,9.272968241318624,13.050004478395495,555.1504287564608,-10.008845419003487,-11.40275205698428,895.2698841041965,9.001152724261274,15.1977711754685
2.08,5.179959840905998,-0.0054910131688251694,14.973505784362425,0.9123737475402809,-0.004923626544392146,0.3459232381361484,419.5674620535019,-10.546132067094094,-7.954705177790785,768.4172696751319,9.271948464453395,13.049441370933437,555.1419859678351,-10.008536088037534,-11.402443271094263,895.2477664365194,9.000643197324354,15.197234300046931
2.09,5.179773384851947,-0.005356068982509036,14.973460307323187,0.9123353311735491,-0.004951614986201555,0.34592014590680703,419.5437104545398,-10.546840053322404,-7.954349942023259,768.3796975786177,9.270406088738802,13.04892635011665,555.1300173719454,-10.008504235503535,-11.402106979073645,895.2228581664039,8.999874717085742,15.196723544368254
2.1,5.179591124537525,-0.005226711358166433,14.973416156535887,0.9122982176329619,-0.004988481259273244,0.3459166377775147,419.51617470604447,-10.54804452902297,-7.953974182717998,768.33914946999,9.268395520152517,13.048463084891571,555.1150271005544,-10.008728219481345,-11.401748863115401,895.1957841814459,8.99887754197276,15.196242216443054
2.11,5.179415065696778,-0.00510262762008965,14.973373273738213,0.9122627874375783,-0.00503319777360669,0.3459127699719562,419.48561997149835,-10.54969322263588,-7.953584886257723,768.2965090206172,9.265977295008,13.04805420237745,555.0975416975734,-10.009183387966303,-11.401374824020824,895.1671744538133,8.997684251406401,15.195793213202188
2.12,5.179247048866015,-0.004983493757150591,14.973331604244757,0.9122293826411042,-0.005084630495184601,0.34590860397324535,419.4528190639402,-10.551728514073378,-7.953188925385003,768.2526486833074,9.263216462697121,13.04770129836058,555.0781002850943,-10.009842635949063,-11.400990858205978,895.1376528861795,8.996329076463471,15.195378968645821
2.13,5.179088720261083,-0.0048689801861100755,14.97329109706345,0.912198302194063,-0.005141573441155672,0.34590420463576343,419.4185367641069,-10.554088936726824,-7.952792929421777,768.2084128592206,9.260180982951171,13.047404964395632,555.0572449344307,-10.01067697665503,-11.400602936917815,895.1078267261166,8.994847232015712,15.195001409734857
2.14,5.178941507282294,-0.00475875721985594,14.973251704947172,0.912169798142441,-0.005202781925140356,0.3458996383786632,419.38351541883657,-10.556710651097534,-7.952403167224965,768.1646027331007,9.2569401696454,13.04716483035974,555.0355113881576,-10.011656117835999,-11.400216890171379,895.0782767098465,8.993274261243911,15.194661921518778
2.15,5.178806599049038,-0.004652500137746223,14.973213384384149,0.9121440727293593,-0.005267003874092864,0.34589497149716625,419.348462009728,-10.5595288626793,-7.952025444474517,768.121962975467,9.25356320996512,13.046979621095351,555.0134202716335,-10.012749034063184,-11.399838297731511,895.0495480800904,8.9916454029631,15.194361322698693
2.16,5.178684932241167,-0.004549893773857689,14.973176095531763,0.9121212764458381,-0.0053330086471560486,0.3458902686216943,419.3140368381475,-10.562479159867522,-7.951665016496725,768.0811704578803,9.250117784159407,13.046847225593995,554.9914689223684,-10.013924526176499,-11.39947238922332,895.022142604147,8.98999499156361,15.194099852497425
2.17,5.178577182396777,-0.004450636558040181,14.97313980209924,0.912101507055621,-0.005399612899970047,0.3458855913485978,419.2808439294193,-10.565498751063384,-7.951326517432221,768.0428250756916,9.246668807255553,13.046764777021378,554.9701239531435,-10.01515175939549,-11.399123955177524,894.996511697635,8.988355898583933,15.193877169362999
2.18,5.178483760688379,-0.0043544439637713366,14.973104471185374,0.9120848095977745,-0.005465703151621911,0.34588099705994707,419.24942321707715,-10.568527583705468,-7.951013906170653,768.0074427227161,9.243277310083398,13.046728741764177,554.9498146502225,-10.016400772091094,-11.398797270506021,894.9730507368884,8.986759023992096,15.193692361678437
2.19,5.178404816075656,-0.00426105133522921,14.973070073077892,0.9120711773499285,-0.005530254822841637,0.3458765379436895,419.2202445282967,-10.57150933159795,-7.950730429102048,767.9754504150017,9.239999472867078,13.046735015593374,554.9309272915161,-10.017642947853734,-11.398496031569103,894.9520946193282,8.985232844184177,15.1935439703017
2.2,5.178340242615526,-0.00417021608320732,14.97303658102129,0.9120605537149771,-0.005592347620513949,0.3458722602195867,419.19370335460724,-10.574392240538854,-7.950478599385114,767.9471835170809,9.236885820574859,13.046779024988817,554.91380045166,-10.018851444254961,-11.39822330764849,894.9339146066654,8.983803022527548,15.193430022424769
2.21,5.178289691602037,-0.004081719255818011,14.973003970960162,0.9120528349752608,-0.005651177242835363,0.3458682035708566,419.1701183583067,-10.577129825803834,-7.950260192111791,767.9228849843975,9.233980585254042,13.046855831653911,554.898721341909,-10.020001572578485,-11.397981507287279,894.9187164610832,8.982492087007632,15.19334807592991
2.22,5.1782525881119135,-0.003995366503902912,14.972972221264834,0.9120478738410718,-0.005706063469673748,0.34586440077645264,419.14973053498977,-10.579681418449338,-7.950076254459751,767.9027065005889,9.23132123679965,13.046960238269245,554.8859232130515,-10.021071123769543,-11.397772359609533,894.9066398601063,8.981319178203995,15.193295273142201
2.23,5.178228151448125,-0.003910988473885571,14.972941312446038,0.9120454837051093,-0.005756454782478356,0.34586087753450256,419.1327039265891,-10.582012560603927,-7.94992712967507,767.8867113582231,9.228938180067592,13.047086893586155,554.875583829496,-10.022040636908313,-11.397596910394071,894.8977590521491,8.980299869450093,15.193268402637516
2.24,5.178215418905689,-0.0038284406709120948,14.972911226864891,0.9120454435015383,-0.005801929726459925,0.3458576524636615,419.119127757515,-10.584095252865467,-7.949812493518823,767.8748789068698,9.226854613013924,13.047230395047043,554.8678250029241,-10.0228936076171,-11.397455532359716,894.8920846923995,8.979446059655006,15.193263967569946
2.25,5.178213272231394,-0.003747602843743901,14.972881948444119,0.9120475030578328,-0.005842195284131431,0.345854737266043,419.1090198488669,-10.585908059584536,-7.949731401645216,767.8671103729565,9.22508653765136,13.047385387232753,554.8627131546427,-10.02361663495427,-11.397347948826836,894.8895667779918,8.978765937904697,15.193278258835493
2.2600000000000002,5.178220466113533,-0.003668377948757938,14.972853462385777,0.9120513888197902,-0.005877082573470302,0.3458521370330076,419.10233115232154,-10.587436080153667,-7.949682346256014,767.863235841844,9.223642913104957,13.047546654578968,554.8602608575308,-10.024199506496966,-11.397273269659536,894.8900985829464,8.978264017649062,15.193307431293487
2.27,5.178235658018935,-0.0035906907548704727,14.972825754900272,0.9120568098250988,-0.005906540216070355,0.3458498506733931,419.0989512360646,-10.58867079641973,-7.949663320296559,767.8630221838096,9.222525937943315,13.047709206968065,554.8604292916735,-10.024635222444733,-11.397230038169978,894.8935214774062,8.977941237046316,15.193347581223133
2.2800000000000002,5.178257438692175,-0.0035144861531395924,14.972798812950728,0.912063463798721,-0.005930625741139951,0.34584787144275614,419.0987145497844,-10.58960980798651,-7.949671887420058,767.8661817019026,9.221731447265624,13.04786835698727,554.8631315325483,-10.024919960674616,-11.39721628748155,894.899630502465,8.97779512089375,15.19339482319975
2.29,5.178284362645848,-0.003439727235336502,14.972772624016102,0.9120710432440781,-0.005949495400772243,0.34584618755181934,419.101407294193,-10.590256468459902,-7.949705255948815,767.8723812807351,9.221249408755238,13.048019787844325,554.8682365775932,-10.025052985702999,-11.397229604709015,894.9081805618813,8.977819998564563,15.193445364632565
2.3000000000000003,5.17831497799911,-0.0033663932045931927,14.972747175875828,0.9120792414075484,-0.005963392771476596,0.3458447828325299,419.10677472227883,-10.590619436632808,-7.949760355098332,767.881251820638,9.221064501041376,13.048159611143257,554.8755740059656,-10.025036505465934,-11.397267201215476,894.9188930848961,8.978007271486844,15.193495576307791
2.31,5.178347855064326,-0.003294477178456932,14.972722456418003,0.9120877579999632,-0.005972636507590707,0.34584363744087165,419.1145287044388,-10.590712157199533,-7.949833911801613,767.8923977510788,9.2211567572541,13.048284413942609,554.884939157919,-10.024875480670769,-11.39732598715648,894.931463010804,8.97834572298889,15.1935420574251
2.32,5.178381613135565,-0.0032239839409875333,14.97269845347254,0.9120963045674033,-0.00597760759508433,0.3458427285767638,419.12435539722685,-10.590552285864806,-7.949922526571099,767.9054064300324,9.221502256567648,13.048391294739371,554.8960987141817,-10.024577392209299,-11.397402648511651,894.9455659453572,8.97882186277693,15.193581693794705
2.33,5.178414944997193,-0.0031549276958703874,14.972675154670114,0.9121046094144305,-0.005978736430677898,0.34584203120294305,419.1359228654499,-10.590161073681104,-7.950022746960487,767.9198572518061,9.222073846793744,13.048477888242617,554.9087965524424,-10.024151972720773,-11.397493724839359,894.9608653418237,8.9794202979388,15.193611708071257
2.34,5.178446638743189,-0.0030873298668095835,14.972652547327064,0.9121124219955808,-0.005976490022425972,0.34584151874658803,419.14888851928686,-10.589562725139057,-7.950131137334441,767.9353303040656,9.222841881674103,13.048542379015053,554.9227597572428,-10.023610908859059,-11.397595686061747,894.9770195651137,8.980124122165812,15.19362970113181
2.35,5.178475596576201,-0.0030212169859152047,14.972630618356051,0.9121195167051854,-0.005971359575236284,0.34584116376951707,419.1629062416876,-10.58878374397504,-7.95024434381535,767.9514144348364,9.223774957386299,13.048583504264897,554.9377046613912,-10.022967521134795,-11.397705006695302,894.9936887057985,8.980915314864834,15.193633683951191
2.36,5.178500850337441,-0.0029566187041461167,14.97260935420162,0.9121256960109652,-0.005963848689449384,0.3458409385949997,419.17763309603873,-10.587852279884347,-7.950359153449011,767.967714611681,9.224840633891452,13.048600546261964,554.953342801204,-10.022236428374743,-11.397818236080608,895.0105410216635,8.981775141981618,15.193622099581717
2.37,5.178521573602413,-0.002893565951965158,14.972588740799564,0.9121307928929732,-0.005954462363757337,0.3458408158814946,419.192735519742,-10.586797488360222,-7.950472546810638,767.9838584774512,9.22600612806912,13.04859331502544,554.9693866743283,-10.021433203864449,-11.397932063328827,895.027258897408,8.982684550669862,15.19359383509845
2.38,5.178537090260738,-0.002832089271996901,14.972568763558616,0.9121346725658993,-0.00594369695646311,0.3458407691358875,419.2078949254875,-10.585648914758883,-7.95058174345551,767.9995020294556,9.227238967060014,13.048562122085782,554.9855551974304,-10.020574030118635,-11.398043375887482,895.043544227784,8.98362455040147,15.193548223618029
2.39,5.178546879579324,-0.0027722173393332694,14.972549407362607,0.9121372334791296,-0.005932031222334458,0.345840773161004,419.22281264832026,-10.584435912448676,-7.950684239799417,768.0143343712307,9.228507591838076,13.048507746255265,555.0015787712902,-10.01967535896986,-11.39814931082721,895.0591231455693,8.984576573713321,15.193485036733906
2.4,5.178550577824728,-0.0027139756798359397,14.972530656591173,0.9121384076048219,-0.005919918506916044,0.3458408044342487,419.2372141928157,-10.583187103569646,-7.950777839191058,768.0280815077596,9.229781902708512,13.048431392450649,555.0172038726482,-10.018753583282635,-11.398247298160204,895.073750032697,8.985522810494363,15.193404467925506
2.41,5.17854797659164,-0.0026573855913679103,14.972512495156845,0.9121381600393063,-0.005907780146830865,0.345840841416148,419.25085275053016,-10.581929889537989,-7.950860674107621,768.0405091756745,9.231033740145666,13.048334644694886,555.0321971051392,-10.017824726104463,-11.398335095713733,895.0872107704608,8.986446510530932,15.193307107691306
2.42,5.178539018048107,-0.002602463268218733,14.97249490655623,0.9121364879569478,-0.005896000093888844,0.3458408647892998,419.2635119730825,-10.580690017011118,-7.95093122056285,768.0514247193696,9.232237296106838,13.048219414482794,555.0463486554935,-10.01690415247014,-11.398410815293522,895.0993252022967,8.987332249908276,15.193193911319398
2.43,5.17852378736364,-0.002549219124932384,14.972477873933006,0.9121334189679857,-0.005884920753149686,0.3458408576297523,419.2750080006066,-10.579491203608516,-7.950988304962717,768.0606780416482,9.23336945264408,13.04808788572759,555.059475115571,-10.016006308398605,-11.398472940076166,895.109948800023,8.988166157802846,15.193066160342699
2.44,5.178502502632921,-0.002497657312224974,14.972461380150415,0.9121290089425044,-0.005874840000758637,0.3458408055141237,419.2851907586623,-10.578354826286162,-7.95103110377397,768.0681616734912,9.234410046267739,13.047942457512335,555.0714216454203,-10.015144490875205,-11.398520333365024,895.1189735411468,8.988936101166246,15.192925418827002
2.45,5.17847550264452,-0.0024477754145662218,14.972445407870957,0.9121233393714417,-0.005866009326558167,0.3458406965668297,419.29394454888984,-10.577299673913409,-7.951059136485982,768.0738100213782,9.235342058051433,13.047785685851897,555.0820634669686,-10.01433065182683,-11.398552239022498,895.1263280205536,8.98963182577206,15.192773485707527
2.46,5.17844323287115,-0.002399564316846199,14.972429939641096,0.9121165143422612,-0.005858633029240299,0.34584052145261135,419.3011879695656,-10.57634176432054,-7.951072252442677,768.0775978623826,9.236151730897312,13.047620225631556,555.0913066920544,-10.013575238274175,-11.398568274054211,895.1319768343961,8.990245053057233,15.192612344423674
2.47,5.1784062300748355,-0.0023530082254257685,14.972414957978842,0.9121086572115374,-0.005852868378105995,0.3458402733201606,419.3068732117573,-10.575494224887183,-7.951070612201222,768.0795381668224,9.236828616677684,13.04744877382571,555.0990885017919,-10.012887070021236,-11.398568413961543,895.1359192869137,8.990769533112397,15.192444111103502
2.48,5.178365105927703,-0.0023080848279467556,14.972400445462302,0.9120999070592349,-0.005848826645218969,0.34583994770303295,419.31098478482255,-10.574767234648508,-7.951054664134822,768.0796793355566,9.237365557116684,13.047274015020216,555.1053767066435,-10.012273255421311,-11.398552971597855,895.1381874821316,8.991201055047359,15.192270982520327
2.49,5.178320530047116,-0.0022647655749714153,14.972386384817298,0.9120904150099308,-0.005846574904688329,0.3458395423842401,419.31353773160356,-10.574168024909959,-7.951025117040405,768.0781019442196,9.237758603274415,13.047098570164847,555.1101687277227,-10.011739144965837,-11.398522570359225,895.1388438717377,8.991537416762007,15.192095184986933
2.5,5.1782732128329885,-0.0022230160665332255,14.972372759002464,0.9120803405047453,-0.005846138491740804,0.34583905723094627,419.31457539876203,-10.573700934501995,-7.9509829095374345,768.0749150896181,9.238006879319139,13.04692494937177,555.1134900496041,-10.01128832169329,-11.398478112610837,895.1379783377255,8.991778356869762,15.191918925270388
2.5100000000000002,5.1782238884768175,-0.0021827965263147933,14.972359551290307,0.9120698476044429,-0.005847504012858638,0.3458384940055746,419.31416683133443,-10.573367515070098,-7.95092917705302,768.0702524346045,9.238112396942388,13.046755509455188,555.1153922031931,-10.010922626717434,-11.398420744297374,895.1357048937792,8.991925452151717,15.191744344507248
2.52,5.17817329848612,-0.0021440623466883768,14.972346745342971,0.9120591013992317,-0.005850622799246801,0.34583785615938695,419.3124038627757,-10.573166681195179,-7.950865217181577,768.0642680467445,9.238079827260936,13.046592416778036,555.1159503437965,-10.010642217549382,-11.398351816708523,895.1321580925755,8.991981984439123,15.191573475977261
2.5300000000000002,5.178122176036575,-0.0021067646883066345,14.972334325281631,0.9120482645944241,-0.0058554146989201515,0.34583714861425513,419.30939797258907,-10.573094899669622,-7.950792454186125,768.0571321234917,9.237916237381793,13.046437615838226,555.1152604944123,-10.010445656341794,-11.39827284637011,895.127489227451,8.991952781238155,15.191408207458702
2.54,5.1780712314277535,-0.0020708511186491706,14.972322275748573,0.9120374943335627,-0.005861772107431467,0.34583637753791713,419.30527698311215,-10.573146411920309,-7.950712403373144,768.0490266923771,9.237630798979213,13.046292803891683,555.1134365274847,-10.01033002471996,-11.3981854740115,895.1218624162391,8.991844034714259,15.191250248744643
2.5500000000000003,5.178021138878338,-0.0020362662750338196,14.97231058196131,0.9120269393121146,-0.005869564143365122,0.34583555011752903,419.3001816653995,-10.573313483358826,-7.950626636028248,768.0401413691496,9.237234476254352,13.046159411775411,555.1106069598345,-10.010291061497423,-11.398091423519084,895.1154506526351,8.991663103845804,15.19110110474951
2.56,5.177972524853703,-0.002002952538559663,14.972299229758196,0.9120167372256401,-0.005878640881882382,0.34583467433580395,419.2942623212525,-10.573586673362056,-7.950536745542363,768.0306692500542,9.236739700530238,13.046038590962892,555.1069116352749,-10.010323319303572,-11.397992461728062,895.1084319062916,8.991418304633903,15.19096205448456
2.57,5.177925958074827,-0.0019708507066506925,14.972288205635202,0.9120070125867092,-0.005888837567529423,0.3458337587534876,419.2876754047234,-10.573955119616063,-7.950444315295574,768.0208030067628,9.236160038491704,13.045931206760422,555.1024983677509,-10.010420335971826,-11.397890359833424,895.1009853473364,8.991118693233602,15.1908341360324
2.58,5.177881941312733,-0.0019399006531875033,14.972277496773717,0.9119978749350196,-0.00589997873593822,0.345832812301375,419.28058024172594,-10.574406830702376,-7.950350888794535,768.0107312440522,9.235509860723578,13.04583783743688,555.097519614647,-10.010574816459783,-11.39778685711674,895.0932877641429,8.990773846744682,15.190718137508261
2.59,5.177840905028571,-0.001910041966303701,14.972267091059352,0.9119894174553869,-0.005911882182727775,0.3458318440845373,419.2731359010042,-10.574928981048615,-7.950257942484502,768.0006351713398,9.23480401674298,13.045758778974001,555.0921292454607,-10.010778821084864,-11.397683627591631,895.0855102353169,8.990393646184646,15.190614593861902
2.6,5.17780320287702,-0.001881214555339592,14.972256977091908,0.9119817160087768,-0.005924362726638313,0.3458308632009083,419.26549826371735,-10.575508202697371,-7.950166861579057,767.990685629922,9.23405752218498,13.045694055030815,555.0864794654716,-10.011023955959486,-11.397582250071117,895.0778151081412,8.989988065866427,15.190523789251687
2.61,5.177769109050504,-0.0018533592196597862,14.972247144186806,0.9119748285724903,-0.0059372357225327575,0.3458298785758935,419.2578173324761,-10.57613086875514,-7.950078919171397,767.9810405083158,9.233285263194336,13.04564343163521,555.0807179475258,-10.01130156168928,-11.397484182055576,895.0703533265032,8.989566973037821,15.190445764614532
2.62,5.177738817404491,-0.0018264181731450532,14.972237582368376,0.9119687950772016,-0.005950320288233589,0.3458288988142087,419.25023481387007,-10.576783363859587,-7.94999525881167,767.9718425687286,9.232501722418851,13.045606436049539,555.0749852177978,-10.01160289665165,-11.39739073773434,895.0632621416178,8.989139941207258,15.19038032996132
2.63,5.177712442270774,-0.0018003355194607111,14.972228282355513,0.9119636376209128,-0.005963442217117272,0.3458279320697381,419.2428820015903,-10.577452337529659,-7.949916880657929,767.9632176985011,9.231720730306037,13.045582379205346,555.0694123335464,-10.011919311488814,-11.397303070288592,895.0566632291511,8.988716080108649,15.190327080851667
2.64,5.17769002083638,-0.0017750576743307716,14.972219235540356,0.9119593610331517,-0.005976436555879366,0.345826985933829,419.2358779802459,-10.578124936829859,-7.949844631233878,767.9552735915784,9.230955244692861,13.045570381065836,555.064118882813,-10.012242411813366,-11.397222158582371,895.0506612266632,8.98830388474925,15.190285418442091
2.65,5.177671516940693,-0.0017505337318995027,14.972210433960617,0.9119559537569915,-0.005989149833851429,0.345826067342106,419.2293281629999,-10.578789015378565,-7.949779196756094,767.9480988567308,9.230217160954568,13.045569398252454,555.0592113275931,-10.012564206540064,-11.397148798230194,895.0453426958657,8.98791110545294,15.190254572459798
2.66,5.177656826123632,-0.0017267157735276176,14.97220187026636,0.9119533890117701,-0.00600144193666116,0.34582518249959937,419.22332316942305,-10.57943331633865,-7.949721099929432,767.9417625415751,9.229517154267786,13.045578253265065,555.0547817038174,-10.012877239693797,-11.397083596940835,895.0407755053074,8.98754464027568,15.190233626430176
2.67,5.177645781742174,-0.0017035591180143334,14.972193537681987,0.9119516261957683,-0.006013187622859802,0.3458243368237284,419.2179380434482,-10.580047627647804,-7.94967070004955,767.9363140544361,9.228864554845783,13.045595664631126,555.0509066833876,-10.013174704004868,-11.397026973954425,895.0370086207611,8.987210450631833,15.190221544477831
2.68,5.17763816196236,-0.001681022513380713,14.972185429964302,0.9119506124855872,-0.006024277687394586,0.345823534904474,419.21323180524416,-10.580622908352543,-7.949628196200497,767.9317834599253,9.228267256342127,13.045620277339012,555.0476469958049,-10.013450535071355,-11.396979163317562,895.0340722830912,8.98691350045211,15.190217199029547
2.69,5.177633697428111,-0.0016590682708232892,14.97217754135746,0.9119502845875077,-0.006034619780487859,0.3458227804808944,419.20924732516454,-10.581151385504917,-7.94959363328995,767.9281821187423,9.227731656993033,13.045650692941818,555.0450471997441,-10.013699485335481,-11.396940220678722,895.0319785466567,8.986657718693113,15.190219398769733
2.7,5.17763207940723,-0.0016376623424313587,14.972169866545672,0.9119505705957035,-0.006044138894615405,0.3458220764329972,419.20601150285836,-10.581626621645023,-7.949566910628226,767.9255036377557,9.227262632494238,13.045685498759372,555.0431357883856,-10.01391717757355,-11.396910033235393,895.0307221456918,8.986445984560055,15.190226916235051
2.71,5.177632968218017,-0.0016167743447552047,14.972162400604489,0.9119513919127408,-0.006052777535878217,0.3458214247878655,419.2035357300995,-10.582043553425901,-7.949547792727749,767.9237250928774,9.22686353908897,13.045723295657394,555.0419256064762,-10.01410013803483,-11.396888332423874,895.0302816513504,8.986280134377411,15.190238514481784
2.72,5.177636001747026,-0.0015963775309804275,14.972155138951505,0.9119526651892641,-0.006060495599160599,0.3458208267388473,419.20181661205294,-10.582398502425649,-7.949535921978841,767.9228084845968,9.226536244884675,13.045762723940786,555.0414145520621,-10.014245809770506,-11.396874708913655,895.0306208785249,8.986160988670001,15.190252972315996
2.73,5.177640803879128,-0.001576448714985914,14.972148077297243,0.9119543042420494,-0.006067269969091625,0.3458202826765531,419.20083691848197,-10.582689159634729,-7.949530832843877,767.9227023843345,9.226281187025231,13.045802486962494,555.0415865317324,-10.014352547061234,-11.396868629451317,895.0316904990029,8.986088397694214,15.190269107641264
2.74,5.177646992674479,-0.001556968150905184,14.972141211596945,0.9119562219125913,-0.0060730938710022945,0.3458197922303594,419.2005667338972,-10.582914545495703,-7.9495319672064,767.9233437288851,9.22609745201919,13.045841372117867,555.0424126348913,-10.014419592184742,-11.396869455090805,895.0334298159877,8.986061303390747,15.190285798547897
2.75,5.177654188143292,-0.0015379193725424518,14.972134538004022,0.9119583318319918,-0.006077975997822875,0.3458193543190865,419.2009647738567,-10.583074947703441,-7.949538690512964,767.9246597202284,9.225982876272132,13.045878268965707,555.0438524903078,-10.014447036044205,-11.396876460350981,895.0357686545769,8.98607781552424,15.190302001841616
2.7600000000000002,5.177662019487216,-0.001519288996763773,14.972128052825672,0.9119605500619937,-0.006081939440217114,0.34581896720950844,419.2019798334774,-10.583171839249395,-7.949550308353313,767.9265697887237,9.225934163685112,13.04591218428915,555.0458557666881,-10.014435764416573,-11.39688885285273,895.0386293232374,8.986135299622667,15.19031676878439
2.77,5.177670131696057,-0.0015010664959934322,14.972121752481351,0.9119627965864676,-0.006085020448222105,0.34581862858134843,419.2035523337949,-10.583207779403859,-7.949566083139102,767.9289875792026,9.225947017066915,13.045942253981986,555.0483637785068,-10.014387391761638,-11.396905793009513,895.0419286027291,8.986230474240964,15.1903292578958
2.7800000000000002,5.177678191408823,-0.0014832439443743096,14.972115633464455,0.9119649966323512,-0.006087267053270595,0.3458183355974268,419.2056159317782,-10.583186300483938,-7.949585250560485,767.9318229215763,9.226016280056538,13.045967751714974,555.0513111585518,-10.014304184667978,-11.396926413372364,895.045579721062,8.986359515034126,15.190338744735904
2.79,5.177685891969419,-0.0014658157429979215,14.972109692307715,0.911967081803898,-0.00608873757973274,0.3458180849776488,419.2080991606209,-10.583111783344922,-7.949607035524528,767.9349837502787,9.22613608626721,13.045988094403977,555.0546275597168,-10.014188977092498,-11.396949837265277,895.0494942760115,8.986518163147661,15.190344628661128
2.8000000000000003,5.177692957628271,-0.0014487783290965972,14.97210392555255,0.9119689910189498,-0.006089499075038085,0.34581787307555084,419.2109270682802,-10.582989324566528,-7.949630667307774,767.9383779400437,9.22630001243574,13.046002844563713,555.0582393502901,-10.014045079584811,-11.396975196385911,895.0535840701748,8.98670183549899,15.190346436610058
2.81,5.177699146861826,-0.0014321298745471173,14.972098329722668,0.9119706712407458,-0.006089625687037921,0.34581769595616396,419.21402282409326,-10.58282459828308,-7.949655393686811,767.9419150290763,9.226501232487028,13.046011709687763,555.0620712693772,-10.013876184672254,-11.397001647089896,895.0577628275437,8.986905734637784,15.19034382403515
2.82,5.177704254801582,-0.0014158699786997104,14.972092901302034,0.9119720780033919,-0.006089197016554558,0.345817549474003,419.2173092656099,-10.582623715531925,-7.9496804938445615,767.9455078045579,9.226732669598558,13.046014538846034,555.0660480119507,-10.01368627052629,-11.39702838512251,895.0619477649399,8.987124956027493,15.190336573150102
2.83,5.177708114782985,-0.0013999993605394866,14.972087636717317,0.9119731757334671,-0.0060882964720480786,0.34581742935004606,419.22071036046293,-10.5823930838716,-7.949705289885985,767.9490737295356,9.226987143567843,13.046011316734546,555.0700957164013,-10.013479504930977,-11.39705465860958,895.0660609962418,8.987354590776263,15.190324588707195
2.84,5.177710599041496,-0.0013845195549171932,14.972082532324762,0.9119739378742701,-0.006087009652026728,0.3458173312466365,419.2241525610924,-10.582139269856183,-7.949729156833,767.9525361944336,9.227257511036257,13.046002155448749,555.0741433310727,-10.013260151445936,-11.397079779166445,895.0700307521386,8.987589822063157,15.1903078915575
2.85,5.177711618598637,-0.0013694326174822713,14.972077584401458,0.9119743468228193,-0.006085422779249331,0.34581725083931186,419.22756603338166,-10.581868866747946,-7.949751531005503,767.9558255807553,9.227536796408254,13.045987284280335,555.0781238402581,-10.013032479488926,-11.397103131032404,895.0737924029282,8.987826013742485,15.190286610275736
2.86,5.177711122393939,-0.0013547408424225047,14.972072789140803,0.9119743936929013,-0.006083621208933592,0.3458171838846482,419.23088574365283,-10.581588369616979,-7.949771916730874,767.9588801287259,9.227818311605574,13.045967037858144,555.0819753340962,-10.012800679882083,-11.397124178182233,895.0772892766288,8.988058789861974,15.190260971153398
2.87,5.177709095730339,-0.0013404464970598916,14.972068142652029,0.9119740779201385,-0.006081688031116538,0.34581712628329764,419.23405239199843,-10.581304059713082,-7.949789891359965,767.9616466047817,9.228095763117173,13.045941842967157,555.0856419110182,-10.012568787193754,-11.397142469411705,895.0804732692428,8.98828410409247,15.190231286876589
2.88,5.1777055581094995,-0.0013265515764499425,14.972063640963386,0.9119734067272335,-0.006079702785034833,0.34581707413749213,419.2370131834299,-10.581021899716102,-7.949805108599966,767.9640807687736,9.228363345134827,13.045912204385239,555.0890744053914,-10.012340609991677,-11.397157641433038,895.0833052484144,8.9884982983347,15.19019794421133
2.89,5.177700560540556,-0.0013130575813307848,14.972059280028807,0.9119723944691921,-0.006077740300934331,0.3458170238023936,419.23972243184926,-10.580747441175154,-7.949817300206154,767.9661476444306,9.228615817891638,13.0458786900754,555.0922309370137,-10.012119669892904,-11.39716942005392,895.0857552556819,8.988698150028284,15.190161391016472
2.9,5.177694182410611,-0.001299965321665977,14.972055055737586,0.9119710618794673,-0.006075869682110654,0.3458169719307769,419.2421419952058,-10.580485745146973,-7.949826276101655,767.9678216000963,9.228848570651094,13.045841916063988,555.0950772828752,-10.011909150063447,-11.397177619546252,895.0878025162672,8.988880907946973,15.190122122896815
2.91,5.177686528007915,-0.001287274747948093,14.97205096392673,0.9119694352385914,-0.006074153437263152,0.3458169155106467,419.24424154349333,-10.580241316737016,-7.9498319230208265,767.9690862498009,9.229057669108531,13.045802531320039,555.0975870751138,-10.011711853591398,-11.397182140339098,895.0894352685367,8.989044316505323,15.190080669793824
2.92,5.177677722789313,-0.0012749848115325218,14.972047000395499,0.9119675454869929,-0.006072646770450722,0.3458168518955091,419.24599866421397,-10.580018053951923,-7.949834201792093,767.969934187456,9.229239887269426,13.045761202931896,555.099741832301,-10.011530171933458,-11.397182965193947,895.0906504280839,8.989186628829914,15.190037582792378
2.93,5.177667909482435,-0.0012630933551088064,14.972043160921759,0.9119654273033883,-0.006071397033112734,0.3458167788271334,419.2473988127614,-10.57981921097756,-7.9498331433957325,767.9703665693031,9.229392724154684,13.045718601852988,555.1015308340695,-10.011366063420013,-11.397180154039278,895.0914531036573,8.989306609053783,15.189993421397162
2.94,5.177657244109957,-0.0012515970336146646,14.972039441279673,0.9119631181693941,-0.0060704433398030035,0.34581669445076424,419.24843511763083,-10.579647375724422,-7.949828843945707,767.9703925615921,9.229514405938666,13.045675389459896,555.1029508515279,-10.011221041606788,-11.397173837655181,895.0918559839931,8.989403524478302,15.18994874150514
2.95,5.177645892018989,-0.001240491265314293,14.972035837258241,0.9119606574398955,-0.006069816346523941,0.3458165973228587,419.24910805252875,-10.579504461223744,-7.949821458755946,767.9700286719911,9.229603874362057,13.045632205135098,555.1040057480016,-10.01109617307694,-11.397164210408386,895.0918786158709,8.989477128403367,15.18990408426988
2.96,5.177634023992715,-0.0012297702125623209,14.97203234468032,0.9119580854372827,-0.006069538187885457,0.34581648641153956,419.2494249892858,-10.579391710222152,-7.9498111956589215,767.9692979842373,9.229660762464176,13.045589655052957,555.1047059662367,-10.010992084136916,-11.397151522242266,895.0915465945761,8.989527634562233,15.189859966021263
2.97,5.1776218125145705,-0.0012194267909457087,14.972028959421642,0.9119554425859553,-0.006069622566790904,0.3458163610900666,419.24939964690196,-10.57930971211507,-7.949798307747658,767.9682293161753,9.229685358851548,13.045548302312898,555.1050679194245,-10.010908975708055,-11.397136070127043,895.0908906882321,8.989555684198736,15.189816869370992
2.98,5.177609428247378,-0.0012094527052309764,14.972025677429455,0.91195276860158,-0.006070074988010319,0.3458162211237292,419.2490514531694,-10.579258431175187,-7.949783085712956,767.9668563215398,9.229678561860355,13.045508658527638,555.1051133041789,-10.010846645598036,-11.397118189171726,895.0899459174046,8.989562306905452,15.189775235600562
2.99,5.177597036781346,-0.0011998385101127213,14.972022494740408,0.9119501017475133,-0.006070893124877388,0.34581606665066034,419.2484048359912,-10.579237244883522,-7.949765849944312,767.9652165556518,9.229641825075074,13.045471176939618,555.1048683539276,-10.010804517245454,-11.397098243591376,895.0887506108121,8.989548876388309,15.189735458395337
3.0,5.177584795696104,-0.0011905736932863616,14.97201940749732,0.9119474781686078,-0.006072067306473305,0.345815898157155,419.2474884619097,-10.579244991046288,-7.9497469425577485,767.963350524689,9.229577095742181,13.04543624710369,555.104363051217,-10.010781673957192,-11.397076617714001,895.0873454571206,8.989517062350128,15.189697878956935
3.0100000000000002,5.177572851972359,-0.00118164677835014,14.972016411964601,0.9119449313103899,-0.006073581111067059,0.34581571644814935,419.24633443930225,-10.579280022295967,-7.949726719504318,767.9613007372755,9.22948674765378,13.045404191141149,555.103630316937,-10.010776897619367,-11.397053707196182,895.0857725714936,8.98946877967932,15.189662782495025
3.02,5.177561339780005,-0.0011730454443635563,14.972013504541966,0.911942491429353,-0.006075412050289444,0.34581552261357845,419.24497750342556,-10.579340266512304,-7.949705542903117,767.9591107760291,9.229373510090344,13.04537526153923,555.1027051938601,-10.010788710833774,-11.397029910602845,895.0840745941548,8.989406136111599,15.189630396072888
3.0300000000000002,5.177550378659969,-0.0011647566591545678,14.972010681776334,0.9119401851979124,-0.006077532327545172,0.34581531799137455,419.24345419979403,-10.579423291677214,-7.949683773728817,767.9568244052185,9.229240394385663,13.045349640441408,555.1016240407595,-10.010815421438723,-11.397005621487269,895.082293836338,8.989331379478715,15.18960088775445
3.04,5.177540072108599,-0.0011567668230061964,14.972007940371672,0.911938035405455,-0.006079909653524239,0.3458151041279011,419.2418020815051,-10.579526373675707,-7.949661764969952,767.9544847290949,9.229090619632508,13.04532744034831,555.1004237521779,-10.010855168389343,-11.396981221089803,895.0804714871771,8.989246845600206,15.189574366979368
3.0500000000000003,5.177530506564849,-0.0011490619195495596,14.972005277196715,0.911936060754919,-0.00608250810136176,0.34581488273663447,419.2400589349256,-10.579646565588963,-7.949639855357676,767.9521334136314,9.22892753897181,13.045308706126704,555.0991410173723,-10.010905968015626,-11.396957071752942,895.0786468929319,8.989154907787567,15.189550886072453
3.06,5.1775217507928835,-0.0011416276704978938,14.972002689290465,0.9119342757525034,-0.006085288984015665,0.3458146556559054,419.2382620468077,-10.579780767079772,-7.949618363748548,767.9498099824458,9.228754567811247,13.045293418204727,555.0978116303554,-10.010965759730428,-11.396933511130857,895.0768569178392,8.989057928838584,15.189530442778642
3.0700000000000003,5.17751385564554,-0.0011344496911207774,14.972000173865467,0.9119326906864366,-0.006088211736770958,0.34581442480650226,419.2364475243373,-10.579925792551737,-7.9495975842271385,767.9475511956864,9.228575115205029,13.045281496816681,555.0964698611322,-10.011032450333246,-11.39691084725054,895.0751353936414,8.988958216290644,15.189512983701539
3.08,5.177506854187808,-0.0011275136433234016,14.971997728308875,0.9119313116892698,-0.006091234788423428,0.34581419214990616,419.23464967795326,-10.580078436862816,-7.9495777819769184,767.945390518564,9.228392519493422,13.045272807148459,555.0951478963927,-10.011103956137745,-11.39688935446177,895.0735126627187,8.988857981591769,15.189498408515028
3.09,5.177500762154047,-0.0011208053834988827,14.971995350181363,0.9119301408769097,-0.00609431640562357,0.34581395964789213,419.232900475006,-10.580235537491657,-7.949559189950663,767.9433576841386,9.228209989155967,13.045267165227104,555.0938753560367,-10.011178242243346,-11.396869270294081,895.0720152175487,8.98875930372478,15.189486574810976
3.1,5.177495578708039,-0.0011143111025063786,14.971993037214014,0.9119291765565652,-0.006097415496044791,0.34581372922417203,419.2312290704945,-10.580394032186968,-7.949542006354529,767.9414783529437,9.228030549678689,13.045264344393324,555.0926788899818,-10.011253358373162,-11.396850793219972,895.0706654372368,8.988664097702049,15.189477303443965
3.11,5.177491287471304,-0.0011080174554251553,14.971990787303302,0.9119284134949823,-0.006100492357448634,0.3458135027286938,419.22966141930806,-10.580551011271034,-7.949526392943929,767.9397738700585,9.227856997076566,13.045264082194818,555.0915818578977,-10.0113274708023,-11.396834081307203,895.0694814199082,8.988574088224954,15.18947038423366
3.12,5.1774878577822765,-0.001101911678941563,14.97198859850431,0.9119278432377577,-0.0061035093613180805,0.34581328190513644,419.2282199725334,-10.580703763922617,-7.949512474113987,767.9382611183406,9.227691858545716,13.04526608754031,555.0906040926667,-10.011398890012234,-11.396819251726587,895.0684769079662,8.988490788681858,15.189465581888912
3.13,5.177485246147225,-0.001095981694815661,14.971986469022456,0.9119274544701571,-0.006106431561479278,0.34581306836205644,419.2269234587007,-10.580849817912297,-7.949500336753844,767.9369524648788,9.227537360565197,13.045270047959894,555.0897617467701,-10.011466093807876,-11.396806381068792,895.0676613017009,8.988415485548074,15.189462642022825
3.14,5.177483397842577,-0.0010902161978558578,14.971984397203824,0.9119272334097165,-0.006109227219993444,0.34581286354805707,419.225786749086,-10.580986972426098,-7.949490030820916,767.9358557960454,9.22739540460038,13.045275636824359,555.0890672191672,-10.01152774574593,-11.396795506410507,895.0670397552233,8.988349228136627,15.18946129713565
3.15,5.17748224862831,-0.001084604727640734,14.97198238152446,0.9119271642209471,-0.006111868244532452,0.34581266873125643,419.22482080470155,-10.581113323759439,-7.949481570581065,767.9349746352278,9.22726755041614,13.045282520386797,555.0885291589175,-10.011582708817413,-11.396786627061344,895.0666133476193,8.988292823555067,15.189461272451965
3.16,5.177481726532575,-0.0010791377231497202,14.971980420578753,0.9119272294427003,-0.006114330533412027,0.34581248498323824,419.22403270111494,-10.581227283818107,-7.949474936450485,767.9343083360462,9.227155006858112,13.045290364522227,555.0881525404822,-10.011630054428789,-11.396779706913433,895.0663793211585,8.988246836628022,15.189462291509257
3.17,5.177481753669117,-0.001073806560126414,14.971978513067196,0.9119274104191405,-0.006116594226406872,0.3458123131675754,419.2234257260334,-10.581327591498379,-7.949470077368476,767.9338523429208,9.22705862983314,13.04529884105404,555.0879388046749,-10.011669066808505,-11.3967746773109,895.0663313776998,8.98821159446872,15.189464081407538
3.18,5.17748224805083,-0.0010686035713442052,14.971976657783799,0.9119276877258171,-0.006118643861371987,0.3458121539329236,419.2229995434286,-10.58141331715584,-7.9494669136236755,767.9335985100093,9.22697892709473,13.04530763357177,555.0878860582744,-10.011699243051398,-11.396771440350713,895.0664600238532,8.988187195311358,15.18946637764208
3.19,5.177483125365544,-0.0010635220500273593,14.971974853603308,0.9119280415829965,-0.006120468438508664,0.34581200771059417,419.22275041713743,-10.58148386048563,-7.949465340053365,767.9335354690229,9.226916069339786,13.045316442660473,555.0879893247261,-10.011720289078262,-11.39676987252546,895.0667529551852,8.988173521162379,15.189468928455495
3.2,5.177484300682762,-0.001058556237351509,14.97197309946855,0.9119284522491797,-0.006122061395809277,0.3458118747164341,419.2226714860731,-10.581538942250502,-7.949465229532017,767.9336490360174,9.226869907027979,13.045324990477992,555.088240837804,-10.011732111853078,-11.396769828617177,895.0671954695965,8.988170253781401,15.189471498658442
3.21,5.177485690063757,-0.0010537012948498806,14.971971394378022,0.911928900388592,-0.006123420500762516,0.345811754956762,419.2227530827221,-10.581578590379115,-7.949466436666073,767.933922647148,9.226839992265312,13.045333024633779,555.0886303698579,-10.011734808246963,-11.396771145753053,895.0677709001263,8.988176893473199,15.189473872882616
3.22,5.17748721205087,-0.0010489532631514243,14.971969737374016,0.9119293674073352,-0.006124547664775049,0.3458116482380445,419.2229830862391,-10.581603121036009,-7.949468801612434,767.9343378133916,9.226825605034684,13.045340321338617,555.089145586137,-10.011728650977991,-11.396773647536602,895.0684610576857,8.98819278015106,15.189475858242572
3.23,5.177488789015713,-0.001044309008424902,14.971968127531381,0.9119298357538539,-0.006125448687947454,0.3458115541799379,419.22334730127415,-10.581613115327182,-7.949472153940404,767.9348745844969,9.226825783016924,13.045346687811064,555.0897724167319,-10.011714072084843,-11.39677714817197,895.0692466746387,8.988217116122799,15.189477286396096
3.24,5.177490348350052,-0.0010397661581822094,14.97196656394712,0.9119302891803224,-0.006126132942815207,0.34581147223127046,419.2238298537598,-10.581609392344927,-7.9494763164617455,767.9355120128095,9.22683935422286,13.045351963941268,555.0904954379079,-10.01169164440846,-11.396781456504641,895.07010784074,8.98824899005457,15.18947801500479
3.25,5.1774918234870535,-0.0010353230282100449,14.971965045730927,0.911930712962539,-0.006126613006420408,0.3458114016885054,419.22441359502636,-10.581592979287901,-7.949481108957825,767.9362286081883,9.226864971649373,13.045356023227322,555.0912982549403,-10.01166206156412,-11.396786379908225,895.0710244236254,8.988287401579754,15.189477928607918
3.2600000000000002,5.177493154744566,-0.0010309785424482487,14.971963571996783,0.9119310940768558,-0.006126904250610777,0.3458113417161969,419.225080505995,-10.581565079402889,-7.949486351739449,767.9370027759076,9.2269011491804,13.045358773012014,555.0921638790558,-10.011626116883887,-11.396791727954387,895.071976466852,8.988331286042872,15.189476938932593
3.27,5.177494289986064,-0.001026732147785096,14.971962141855697,0.9119314213335775,-0.006127024400769382,0.3458112913689363,419.2258120936986,-10.581527038490801,-7.949491868982033,767.9378132302705,9.226946297978433,13.045360154059859,555.0930750916857,-10.011584681796638,-11.396797315811323,895.0729445593574,8.988379538898418,15.189474984672472
3.2800000000000002,5.177495185098451,-0.0010225837255416336,14.971960754409622,0.9119316854671375,-0.006126993073266271,0.3458112496142816,419.22658977296214,-10.581480310705604,-7.949497491786294,767.9386393775168,9.226998762644378,13.0453601395239,555.0940147899038,-10.011538684094656,-11.396802967324355,895.0739101711598,8.98843103932273,15.1894720307749
3.29,5.177495804289417,-0.0010185335015920848,14.9719594087466,0.9119318791841395,-0.006126831301800411,0.3458112153561685,419.227395226821,-10.581426424342066,-7.949503060923032,767.9394616625915,9.227056856472904,13.04535873336066,555.0949663076624,-10.011489086509728,-11.396808517741032,895.0748559510663,8.988484672639352,15.18946806728276
3.3000000000000003,5.177496120210301,-0.0010145819568497965,14.971958103937109,0.9119319971710885,-0.006126561062480106,0.3458111874583188,419.22821074002496,-10.581366948268778,-7.949508429228864,767.9402618753593,9.22711889518746,13.045355968258283,555.0959137083014,-10.011436865984768,-11.396813816052727,895.0757659831776,8.988539351207914,15.189463107782668
3.31,5.17749611391328,-0.0010107297398223851,14.971956839031627,0.9119320360642719,-0.0061262048069889085,0.3458111647671858,419.2290195008637,-10.581303459609003,-7.949513463628775,767.9410234128834,9.227183228605384,13.045351903148399,555.0968420445852,-10.01138299399279,-11.396818726932963,895.0766259999577,8.988594033478181,15.189457187514916
3.3200000000000003,5.17749577465403,-0.0010069775827868381,14.971955613059345,0.9119319943847978,-0.00612578501252077,0.34581114613400904,419.2298058674032,-10.581237513215436,-7.949518046769256,767.9417314953881,9.227248269752298,13.045346620375026,555.0977375833997,-10.011328418210786,-11.396823132261476,895.0774235505605,8.988647740962364,15.1894503612027
3.33,5.177495099553502,-0.0010033262229371918,14.971954425027972,0.9119318724422683,-0.00612532375636659,0.3458111304355925,419.23055559519446,-10.581170613413182,-7.949522078254891,767.9423733346001,9.227312521026654,13.045340222596401,555.0985879931167,-10.011274045809538,-11.396826932232033,895.0781481241123,8.988699572938852,15.189442700660342
3.34,5.177494093133885,-0.0009997763297508889,14.97195327392456,0.9119316722109134,-0.006124842322115638,0.3458111165934653,419.2312560243949,-10.581104188417179,-7.949525475488712,767.9429382541169,9.227374597092219,13.045332829495653,555.0993824924233,-10.011220728575465,-11.396830046048724,895.0787912284301,8.988748718749884,15.189434292239218
3.35,5.177492766745476,-0.0009963284395835123,14.97195215871725,0.9119313971822973,-0.006124360843426536,0.34581110359113476,419.231896225173,-10.581039567751748,-7.949528174124315,767.9434177623959,9.227433244259453,13.045324574374813,555.1001119602838,-10.011169250028097,-11.396832412224267,895.0793464255468,8.988794467615302,15.189425234170185
3.36,5.177491137901911,-0.0009929828983377543,14.971951078357844,0.9119310521988611,-0.006123897990247894,0.34581109048919423,419.23246710112767,-10.580977962924454,-7.9495301281447235,767.9438055798063,9.22748735619594,13.045315600704592,555.100769007378,-10.011120314653343,-11.396833988498761,895.0798093260668,8.988836215931551,15.189415633858431
3.37,5.1774892295419885,-0.0009897398127562973,14.971950031785056,0.9119306432726717,-0.006123470701255141,0.3458110764381069,419.23296145128324,-10.580920451527366,-7.949531309588906,767.9440976220164,9.22753598588888,13.045306058698284,555.1013480101378,-10.011074539320541,-11.396834751404471,895.0801775450865,8.988873472078662,15.189405605184303
3.38,5.177487069236467,-0.000986599010860815,14.971949017928385,0.9119301773937207,-0.00612309396514085,0.34581106068854,419.2333739919887,-10.580867964863183,-7.949531707952678,767.9442919426309,9.227578353854849,13.045296101973314,555.1018451090996,-10.011032446907874,-11.396834695506614,895.0804506229255,8.988905858801244,15.18939526586
3.39,5.17748468835804,-0.0009835600115855802,14.971948035712392,0.9119296623320471,-0.006122780652276913,0.3458110425991817,419.233701340731,-10.580821279120245,-7.949531329294847,767.9443886386463,9.227613852667405,13.045285884358673,555.1022581738597,-10.010994462117228,-11.396833832354307,895.0806299143702,8.988933113270924,15.189384734887273
3.4,5.177482121232341,-0.0009806220038076393,14.971947084061362,0.9119291064377891,-0.006122541397179274,0.3458110216420263,419.23394196450516,-10.580781010049446,-7.949530195083728,767.9443897227521,9.227642047936968,13.04527555689955,555.1025867374186,-10.010960909418332,-11.39683218917924,895.0807184505255,8.988955084976824,15.189374130156914
3.41,5.177479404286927,-0.0009777838344330943,14.971946161904134,0.9119285184430546,-0.006122384531171231,0.3458109974051658,419.23409609587054,-10.580747611034447,-7.949528340821302,767.9442989669128,9.227662675937665,13.045265265103671,555.1028319030711,-10.01093201302744,-11.396829807381708,895.0807207775769,8.988971731619277,15.18936356622531
3.42,5.177476575214329,-0.0009750440052603111,14.971945268179024,0.9119279072692036,-0.006122316063676638,0.3458109695931732,419.2341656203016,-10.580721374383984,-7.949525814485037,767.9441217219478,9.227675638129096,13.045255146466534,555.102996227351,-10.010907898791277,-11.396826740845565,895.0806427769687,8.988983113211058,15.189353152297686
3.43,5.177473672163828,-0.0009724006781878796,14.971944401838744,0.9119272818428189,-0.006122339709697219,0.3458109380252062,419.2341539387305,-10.580702435627366,-7.9495226748278025,767.94386471799,9.22768099286364,13.045245328304999,555.1030835827448,-10.010888597820788,-11.39682305412384,895.0804914715404,8.988989384609347,15.189342990442022
3.44,5.17747073297531,-0.0009698516879752581,14.971943561855149,0.9119266509232615,-0.0061224569602495674,0.3458109026309998,419.23406580944214,-10.580690780547574,-7.94951898957677,767.9435358507925,9.227678944608353,13.045235925920947,555.1030990040301,-10.010874051696096,-11.396818820536826,895.0802748221663,8.988990786718777,15.189333174052082
3.45,5.177467794466875,-0.0009673945619966757,14.971942747223778,0.911926022944308,-0.006122667191870094,0.3458108634449469,419.23390717363156,-10.580686254649807,-7.949514833572006,767.9431439588068,9.227669831036344,13.045227041109106,555.103048522193,-10.010864119043783,-11.39681412022358,895.0800015193178,8.988987636614375,15.18932378657165
3.46,5.177464891786164,-0.0009650265459824577,14.971941956968063,0.911925405871948,-0.006122967810745072,0.3458108205984949,419.2336849689568,-10.580688574736874,-7.949510286883418,767.9426985958493,9.227654108363236,13.045218761015965,555.1029389898109,-10.010858583277937,-11.396809038185845,895.0796807737902,8.988980316838479,15.1893149004872
3.47,5.177462057833601,-0.0009627446349850851,14.971941190143152,0.911924807079987,-0.006123354426594087,0.34581077431110635,419.23340693542485,-10.580697342239375,-7.949505432943623,767.9422098039578,9.227632335314706,13.045211157349172,555.1027779017584,-10.010857161283193,-11.39680366236162,895.0793221106009,8.988969264125846,15.189306576590297
3.48,5.177459322763789,-0.0009605456085066137,14.971940445839273,0.9119242332446601,-0.006123821051129245,0.345810724880045,419.23308141778034,-10.580712057940255,-7.9495003567307965,767.9416878907616,9.227605156113427,13.045204285930549,555.1025732148804,-10.01085951281927,-11.396798081762018,895.0789351697161,8.988954957803664,15.189298863506158
3.49,5.177456713569715,-0.0009584260688563142,14.971939723184592,0.9119236902590362,-0.006124360315729984,0.34581067266925924,419.23271716844033,-10.580732137723592,-7.94949514303363,767.9411432153432,9.22757328287066,13.045198186579805,555.102333170137,-10.01086525042133,-11.396792384703074,895.0785295169709,8.988937908107841,15.189291797480447
3.5,5.177454253752307,-0.0009563824817693931,14.971939021347538,0.9119231831675757,-0.006124963702908572,0.3458106180976346,419.2323231546973,-10.580756928985247,-7.949489874825985,767.9405859861711,9.227537477754677,13.045192883310296,555.1020661203875,-10.010873949580223,-11.396786657159053,895.0781144680908,8.988918644639687,15.189285402411834
3.5100000000000002,5.177451963076297,-0.0009544112182504113,14.971938339538548,0.9119227161207986,-0.0061256217861904785,0.34581056162688556,419.2319083736442,-10.580785727349385,-7.949484631775768,767.940026074215,9.227498535289314,13.045188384813718,555.1017803667238,-10.010885158992345,-11.396780981261033,895.0776989283013,8.988897705171306,15.189279690113969
3.52,5.177449857411724,-0.0009525085968179,14.971937677011264,0.9119222923496617,-0.0061263244731877544,0.3458105037493473,419.23148167789805,-10.58081779335157,-7.949479488908166,767.9394728439129,9.227457265114648,13.045184685206497,555.1014840059086,-10.010898410680758,-11.396775433959833,895.0772912496169,8.988875624990955,15.189274660788056
3.5300000000000002,5.1774479486587,-0.0009506709251724056,14.971937033063139,0.9119219141588865,-0.0061270612468938114,0.34581044497591423,419.23105161480277,-10.580852368770877,-7.9494745154394115,767.9389350041123,9.22741447550951,13.045181765007396,555.1011847910966,-10.01091322980524,-11.39677008586843,895.0768991073625,8.988852926953506,15.189270303683683
3.54,5.1774462447518275,-0.0009488945404681544,14.971936407035482,0.9119215829381881,-0.006127821400562476,0.34581038582435497,419.23062628136046,-10.580888692319935,-7.949469773792746,767.9384204806408,9.227370957945846,13.045179592313415,555.1008900076387,-10.010929143995595,-11.396765000294424,895.076529397099,8.988830112381773,15.18926659792424
3.5500000000000003,5.1774447497392675,-0.0009471758476036853,14.971935798313003,0.9119212991900794,-0.0061285942619425686,0.34581032680821344,419.23021319672574,-10.580926014430169,-7.949465318804493,767.9379363116118,9.227327472906888,13.045178124139289,555.100606365385,-10.010945692061012,-11.396760232469463,895.0761881526045,8.988807652935805,15.18926351347118
3.56,5.177443463930465,-0.000945511354607001,14.971935206322803,0.9119210625727011,-0.006129369403106605,0.3458102684264774,419.2298191936026,-10.580963610906046,-7.9494611971235685,767.9374885660937,9.227284737163721,13.045177307885307,555.1003399084811,-10.010962431950766,-11.39675582897786,895.0758804851793,8.98878598354469,15.189261012200788
3.5700000000000003,5.177442384105502,-0.0009438977048669007,14.971934630532951,0.9119208719559434,-0.006130136832627334,0.3458102111541747,419.22945032948456,-10.581000795254813,-7.949457446804177,767.9370822862568,9.227243412663677,13.045177082897053,555.100095943275,-10.01097894786257,-11.396751827383149,895.075610544086,8.988765496467433,15.18925904906648
3.58,5.177441503778504,-0.0009423317054951943,14.971934070450622,0.9119207254889881,-0.006130887167404059,0.34581015543402494,419.2291118182025,-10.58103692953727,-7.949454097087774,767.9367214527077,9.227204097147334,13.045177382082729,555.0998789845863,-10.010994856416655,-11.396748256047687,895.0753814975808,8.98874653652576,15.189257573319857
3.59,5.177440813506778,-0.000940810351668101,14.971933525619889,0.9119206206773016,-0.006131611782009619,0.34581010166924764,419.22880798184735,-10.581071433622524,-7.949451168366723,767.936408972226,9.227167316565698,13.045178133552959,555.0996927202013,-10.011009811837724,-11.39674513413694,895.0751955336303,8.988729397526484,15.189256529764313
3.6,5.177440301237146,-0.0009393308465528929,14.9719329956192,0.9119205544670501,-0.006132302934004478,0.3458100502175985,419.2285422227303,-10.581103792767554,-7.9494486723194475,767.9361466867869,9.227133519333798,13.04517926225118,555.0995399931413,-10.011023510108519,-11.396742471797209,895.0750538790664,8.988714319866254,15.18925586001585
3.61,5.177439952680732,-0.0009378906167470318,14.971932480058618,0.911920523334904,-0.006132953864236547,0.3458100013866749,419.228317014681,-10.581133563479007,-7.949446612203906,767.9359354024142,9.227103072419974,13.04518069154425,555.0994228009561,-10.01103569207923,-11.396740270493174,895.0749568357277,8.988701489293316,15.189255503747475
3.62,5.177439751707375,-0.0009364873231970811,14.971931978576876,0.9119205233812132,-0.006133558871700439,0.3458099554305068,419.228133912656,-10.581160377651223,-7.949444983294214,767.9357749360723,9.227076259231193,13.045182344745403,555.0993423109848,-10.011046145540103,-11.396738523488981,895.0749038318179,8.988691036775688,15.18925539989477
3.63,5.177439680751128,-0.0009351188676016605,14.971931490838319,0.9119205504246011,-0.0061341133630596414,0.34580991254741955,419.2279935793447,-10.581183945006789,-7.949443773443232,767.9356641786237,9.227053279227126,13.045184146545093,555.0992988903358,-10.011054706280776,-11.396737216455477,895.0748934866285,8.98868303941297,15.189255487803072
3.64,5.177439721218512,-0.000933783394445669,14.971931016529767,0.9119206000961201,-0.006134613877429141,0.3458098728791323,419.22789582720856,-10.581204053897785,-7.949442963752849,767.9356011716548,9.22703424916399,13.04518602432828,555.0992921491046,-10.011061258179577,-11.39673632818437,895.0749236865456,8.988677522308198,15.189255708298063
3.65,5.177439853891721,-0.0009324792888810888,14.971930555357385,0.9119206679312255,-0.006135058087467274,0.3458098365110335,419.22783967420384,-10.581220570552608,-7.949442529332497,767.9355831958621,9.22701920584512,13.045187909360232,555.0993209952109,-10.011065732380143,-11.396735831389615,895.0749916702547,8.988674461307467,15.189256004664877
3.66,5.1774400593193945,-0.0009312051707641567,14.971930107043603,0.9119207494579772,-0.006135444778227916,0.3458098034735545,419.22782341125446,-10.581233436880277,-7.949442440125851,767.9356068685898,9.227008110232916,13.045189737826448,555.0993836990891,-10.011068105628462,-11.39673569357536,895.0750941209399,8.988673786500534,15.189256323522773
3.67,5.177440318188492,-0.0009299598850946787,14.971929671324116,0.9119208402800457,-0.006135773805571418,0.3458097737445453,419.22784467948725,-10.581242666960588,-7.94944266178621,767.9356682481074,9.227000852760959,13.045191451716066,555.0994779664467,-10.01106839785082,-11.396735877950606,895.0752272633472,8.988675386371881,15.18925661558567
3.68,5.177440611671261,-0.0009287424893905906,14.971929247945056,0.9119209361532783,-0.00613604603622311,0.3458097472525435,419.22790055511996,-10.581248342370564,-7.94944315658041,767.935762942207,9.226997259670744,13.045192999541582,555.0996010171835,-10.011066669067482,-11.396736344369973,895.0753869635571,8.988679112482355,15.189256836301048
3.69,5.177440921742384,-0.0009275522382806419,14.971928836660323,0.9119210330547811,-0.006136263271798085,0.3458097238808155,419.2279876399178,-10.58125060650722,-7.949443884302521,767.9358862187961,9.226997100189482,13.045194336891479,555.0997496686407,-10.011063015739063,-11.396737050281692,895.0755688294373,8.988684784561885,15.189256946362798
3.7,5.17744123146202,-0.0009263885658778097,14.97192843722915,0.9119211272436748,-0.006136428159280745,0.34580970347204304,419.22810215514136,-10.581249658077386,-7.9494448031791825,767.9360331162322,9.227000094359894,13.045195426815411,555.0999204213263,-10.01105756665044,-11.396737951664276,895.0757683098315,8.988692195891435,15.189256912095965
3.71,5.177441525221494,-0.000925251066326303,14.971928049413902,0.9119212153128845,-0.006136544090556644,0.34580968583352045,419.22824003697,-10.581245743930879,-7.949445870749877,767.936198551306,9.227005921331576,13.045196240044993,555.1001095453516,-10.011050478437921,-11.396739003934742,895.0759807906802,8.98870111885458,15.189256705713749
3.72,5.1774417889492605,-0.0009241394730279133,14.97192767297814,0.9119212942315378,-0.006136615093645491,0.34580967074273,419.2283970314882,-10.581239151413957,-7.949447044706762,767.9363774229678,9.22701422792871,13.04519675505609,555.1003131659236,-10.01104193086494,-11.39674016281337,895.0762016864788,8.988711310545405,15.189256305449954
3.73,5.177442010275609,-0.0009230536370436518,14.971927307684977,0.9119213613777398,-0.006136645718279377,0.345809657953161,419.22856878744085,-10.581230200419567,-7.9494482836805584,767.9365647100585,9.227024637311732,13.04519695798129,555.100527346311,-10.011032121952146,-11.396741385130706,895.0764265255846,8.988722518320724,15.189255695571454
3.74,5.177442178655468,-0.0009219935050632863,14.971926953295712,0.9119214145616914,-0.006136640918413661,0.345809647200243,419.22875094512773,-10.58121923530475,-7.949449547960778,767.9367555615422,9.227036757561757,13.045196842382982,555.1007481668954,-10.011021263061693,-11.396742629565411,895.0766510281801,8.988734485197991,15.18925486627792
3.75,5.177442285449578,-0.0009209590974644075,14.971926609568769,0.9119214520392999,-0.006136605934154202,0.34580963820726934,419.2289392199755,-10.581206616837758,-7.949450800140619,767.9369453779921,9.22705019002934,13.045196408900553,555.1009717990472,-10.011009574031393,-11.396743857302967,895.0768711758379,8.988746955004402,15.189253813497137
3.7600000000000002,5.177442323964868,-0.0009199504867730985,14.971926276258905,0.9119214725165992,-0.0061365461754380336,0.34580963069119613,419.2291294795133,-10.581192714327836,-7.949452005678611,767.9371298832832,9.227064537300544,13.045195664785293,555.1011945727463,-10.010997278447785,-11.396745032607551,895.077083271892,8.988759677195757,15.189252538586148
3.77,5.177442289455871,-0.0009189677770240267,14.971925953116738,0.9119214751454502,-0.006136467109621812,0.34580962436820956,419.22931781270233,-10.581177898075445,-7.949453133371669,767.937305185747,9.227079410653483,13.04519462333935,555.1014130370606,-10.01098459913824,-11.396746123301506,895.0772839920511,8.98877241127527,15.189251047949336
3.7800000000000002,5.177442179089323,-0.0009180110841716881,14.97192563988849,0.9119214595111307,-0.0061363741549188494,0.34580961895896845,419.22950059075544,-10.581162532268873,-7.949454155735679,767.9374678282439,9.227094436892125,13.045193303274823,555.1016240127597,-10.010971753954879,-11.396747101148637,895.0774704248474,8.988784930750505,15.18924935258535
3.79,5.177441991874969,-0.000917080518077168,14.971925336316033,0.9119214256125332,-0.006136272581387935,0.3458096141934393,419.22967451882073,-10.581146968434318,-7.949455049292192,767.9376148268836,9.227109264465906,13.04519172801003,555.1018246365685,-10.010958951910842,-11.396747942140152,895.0776401018308,8.988797026585281,15.189247467575965
3.8000000000000003,5.177441728565827,-0.0009161761661058586,14.971925042137142,0.9119213738357917,-0.006136167420920828,0.3458096098152549,419.22983667810223,-10.581131539531052,-7.949455794761412,767.9377436983584,9.227123568802064,13.045189924920383,555.1020123967243,-10.010946389721054,-11.396748626683497,895.077791017503,8.988808510108637,15.18924541152938
3.81,5.177441391531663,-0.0009152980786287753,14.971924757085946,0.911921304922229,-0.006136063387408047,0.345809605585542,419.22998455821346,-10.581116554763847,-7.949456377163575,767.9378524760558,9.227137056796952,13.045187924560478,555.102185159693,-10.010934248788129,-11.396749139696299,895.0779216392926,8.988819215362042,15.18924320599163
3.8200000000000003,5.177440984609595,-0.0009144462566107694,14.971924480893584,0.9119212199315703,-0.006135964807988451,0.3458096012861772,419.23011607973643,-10.581102295168787,-7.949456785832288,767.9379397153268,9.227149470431184,13.04518575987403,555.102341188078,-10.010922692663405,-11.396749470609233,895.078030907928,8.988829000871279,15.189240874838443
3.83,5.177440512936204,-0.0009136206412979272,14.971924213289007,0.9119211202014011,-0.006135875566015325,0.34580959672244277,419.2302296071834,-10.58108901000704,-7.949457014345165,767.9380044884919,9.227160589495186,13.045183465407353,555.1024791499349,-10.01091186500086,-11.396749613283719,895.0781182288473,8.98883775084819,15.189238443660697
3.84,5.177439982765218,-0.0009128211060823805,14.97192395399989,0.9119210073038618,-0.006135799056103021,0.3458095917250701,419.2303239526806,-10.581076913987797,-7.949457060377871,767.9380463702927,9.227170233426008,13.045181076541038,555.1025981197997,-10.010901888015344,-11.396749565850197,895.0781834552926,8.988845375830557,15.189235939154862
3.85,5.177439401275274,-0.0009120474505757679,14.971923702753644,0.9119208830005591,-0.006135738151360316,0.3458095861516685,419.23039837090784,-10.581066185319898,-7.949456925489359,767.9380654146689,9.227178262276093,13.045178628753225,555.1026975719694,-10.010892861439801,-11.3967493304759,895.0782268639574,8.98885181278497,15.189233388529944
3.86,5.177438776371861,-0.0009112993968933522,14.971923459278527,0.9119207491966544,-0.006135695182673723,0.34580957988755195,419.23045254590386,-10.581056964580227,-7.9494566148463335,767.9380621238215,9.227184576847902,13.045176156926475,555.1027773665778,-10.010884861974546,-11.396748913069827,895.0782491240698,8.988857024701424,15.189230818940853
3.87,5.177438116487661,-0.0009105765879256482,14.971923223304737,0.9119206078950451,-0.006135671929678846,0.3458095728459844,419.2304865705167,-10.581049354368044,-7.949456136896124,767.9380374106441,9.22718911804421,13.04517369470881,555.1028377292158,-10.010877943205877,-11.396748322934988,895.0782512609263,8.988860999720183,15.189228256957492
3.88,5.177437430385015,-0.0009098785876738421,14.971922994565565,0.9119204611514976,-0.006135669622854878,0.34580956496787735,419.230500919319,-10.581043419705672,-7.949455502997151,767.9379925556275,9.22719186549309,13.045171273937434,555.1028792248278,-10.010872135970128,-11.39674757237707,895.0782346148574,8.988863749832765,15.189225728077046
3.89,5.17743672696436,-0.0009092048833432016,14.971922772798498,0.9119203110315238,-0.006135688955998337,0.34580955622097875,419.2304964159401,-10.581039189129005,-7.949454727016971,767.9379291594252,9.227192835520759,13.045168924132703,555.1029027267764,-10.010867449125826,-11.396746676280275,895.0782007967416,8.988865309211725,15.18922325628671
3.9,5.177436015081637,-0.0009085548891582541,14.971922557746304,0.9119201595697083,-0.006135730108178992,0.34580954659860275,419.230474195755,-10.581036656406917,-7.949453824907122,767.9378490922267,9.227192078548773,13.045166672067026,555.1029093819056,-10.010863870697717,-11.396745651659685,895.078151641057,8.98886573221902,15.189220863681356
3.91,5.177435303377834,-0.0009079279516142384,14.97192234915804,0.9119200087321097,-0.006135792774155217,0.3458095361179523,419.2304356649441,-10.581035782816661,-7.949452814264678,767.9377544411158,9.227189676001945,13.045164541412788,555.1029005725486,-10.010861369345815,-11.396744517200615,895.0780891575574,8.988865091153652,15.18921857014067
3.92,5.177434600122996,-0.0009073233560416182,14.971922146790005,0.911919860382262,-0.006135876202128538,0.3458095248180942,419.23038245692294,-10.581036499897722,-7.949451713889452,767.9376474565381,9.227185736815969,13.045162552470892,555.1028778763515,-10.010859896113944,-11.396743292794048,895.0780154825497,8.988863473795128,15.189216393067946
3.93,5.177433913076926,-0.0009067403341786582,14.971921950406564,0.9119197162511998,-0.006135979237647405,0.3458095127576472,419.23031638713627,-10.581038712602187,-7.949450543345632,767.9375304989638,9.227180393636347,13.045160721980203,555.1028430248413,-10.010859386405613,-11.396741999077781,895.0779328307314,8.988860980802759,15.189214347192019
3.94,5.177433249368092,-0.0009061780726442175,14.9719217597809,0.9119195779118369,-0.006136100372427253,0.34580950001224525,419.2302394071769,-10.581042302757304,-7.949449322535985,767.9374059867264,9.227173798798782,13.04515906300651,555.1027978615649,-10.01085976213817,-11.396740656990941,895.0778434484535,8.988857723027877,15.1892124444321
3.95,5.177432615392034,-0.0009056357219423606,14.97192157469561,0.9119194467579126,-0.006136237796839336,0.3458094866718402,419.2301535591419,-10.581047132754817,-7.949448071295813,767.9372763459932,9.227166120183261,13.045157584908406,555.1027443006461,-10.010860934021759,-11.39673928735026,895.0777495692331,8.98885381879644,15.189210693824519
3.96,5.177432016729966,-0.000905112405938119,14.971921394943212,0.9119193239876395,-0.006136389454829491,0.3458094728379045,419.2300609310902,-10.581053049382504,-7.949446809013401,767.9371439636617,9.227157537026741,13.0451562933758,555.102684286511,-10.010862803913112,-11.396737910454375,895.0776533721969,8.988849391214082,15.189209101508872
3.97,5.177431458087972,-0.0009046072314603413,14.971921220326493,0.9119192105920703,-0.006136553100060362,0.3458094586205954,419.2299636143712,-10.58105988771657,-7.949445554282422,767.9370111439204,9.22714823577836,13.045155190536143,555.1026197554744,-10.010865267194912,-11.396736545722264,895.0775569440987,8.988844565545106,15.189207670770585
3.98,5.177430943256586,-0.0009041192979276542,14.971921050658748,0.9119191073481223,-0.0061367263521249805,0.3458094441359365,419.2298636635256,-10.581067474996875,-7.949444324590932,767.9368800690639,9.227138406072644,13.045154275121991,555.102552599806,-10.010868215133916,-11.396735211370464,895.0774622453756,8.988839466708253,15.1892064021352
3.99,5.177430475090424,-0.0009036477066934656,14.971920885763868,0.911919014816113,-0.006136906751751325,0.34580942950306937,419.2297630593615,-10.581075634412185,-7.949443136050763,767.9367527650587,9.227128236890925,13.045153542693216,555.1024846348073,-10.010871537174504,-11.396733924133,895.077371080688,8.988834216932528,15.189205293510144
4.0,5.177430055506943,-0.0009031915700625728,14.971920725476316,0.9119189333415749,-0.006137091814000851,0.3458094148416245,419.22966367571684,-10.581084188728662,-7.949442003169886,767.9366310722085,9.227117912971872,13.045152985905993,555.1024175693437,-10.010875123127704,-11.396732699026716,895.0772850741896,8.988828933605475,15.189204340367828
