{
  "name": "DWBCStabar_DWBCStabar OpenLAP matched baseline",
  "sources": {
    "optimumlap_vehicle": "C:\\Users\\Abishek\\Desktop\\Aero Sweeps\\Project\\Vehicle\\FSAE Aero.OLVeh",
    "optimumlap_vehicle_sha256": "AAB24C167190423B9C50C48E49C9BE8B4770274026A4E46E57AE97C047C08178",
    "bobsim_vehicle_yaml": "C:\\Users\\Abishek\\Documents\\LHR VMOD Stuff\\References\\lhre-simulation\\vehicles\\current\\vehicle.yml",
    "bobsim_tire_file": "C:\\Users\\Abishek\\Documents\\LHR VMOD Stuff\\References\\lhre-simulation\\vehicles\\current\\tires\\16x7p5_10_12psi.tir",
    "tire_mu_scale": 0.6225437130779028
  },
  "mass_kg": 261.07265114,
  "cg_x_m": -0.8002708499132694,
  "wheelbase_m": 1.5494,
  "rear_static_fraction": 0.5165037110580026,
  "driven_wheels": 2,
  "drive_layout": "RWD",
  "rear_aero_fraction": 0.5165037110580026,
  "tire_radius_m": 0.2045,
  "rolling_resistance_coefficient": 0.0,
  "mu_x_at_reference_load": 1.6173629636829736,
  "mu_y_at_reference_load": 1.495816906597931,
  "reference_mass_x_per_tire_kg": 66.25891946992863,
  "reference_mass_y_per_tire_kg": 66.25891946992863,
  "optimumlap_reference_mass_x_total_kg": 265.12621537426134,
  "optimumlap_reference_mass_y_total_kg": 265.12621537426134,
  "sensitivity_x_per_n": 0.0005926865165986866,
  "sensitivity_y_per_n": 0.0003290239299572574,
  "reference_load_x_n_in_openlap": 649.9999999999999,
  "reference_load_y_n_in_openlap": 649.9999999999999,
  "cl_downforce_positive": 2.26,
  "cd_drag_positive": 1.26,
  "reference_area_m2": 0.984,
  "air_density_kg_m3": 1.225,
  "aero_factor": 1.0,
  "power_factor": 1.0,
  "drive_efficiency": 1.0,
  "engine_efficiency": 0.96,
  "final_drive_ratio": 3.31,
  "gear_ratio": 1.0,
  "top_speed_mps": 42.0539983361957,
  "engine_speed_rad_s": [
    0.0,
    0.10471975511965977,
    52.35987755982988,
    104.71975511965977,
    157.07963267948966,
    209.43951023931953,
    261.79938779914943,
    314.1592653589793,
    363.6363636363636,
    418.87902047863906,
    471.238898038469,
    523.5987755982989,
    575.9586531581286,
    628.3185307179587,
    680.6784082777885
  ],
  "engine_torque_nm": [
    220.0,
    220.0,
    220.0,
    220.0,
    220.0,
    220.0,
    220.0,
    220.0,
    220.0,
    190.98593171027443,
    169.765272631355,
    152.78874536821954,
    138.89885942565414,
    127.32395447351627,
    117.52980412939964
  ],
  "engine_power_w": [
    0.0,
    23.03834612632515,
    11519.173063162574,
    23038.34612632515,
    34557.51918948773,
    46076.6922526503,
    57595.86531581287,
    69115.03837897546,
    80000.0,
    80000.0,
    80000.0,
    80000.0,
    80000.0,
    80000.0,
    80000.0
  ],
  "vehicle_speed_mps": [
    0.0,
    0.00646984589787626,
    3.23492294893813,
    6.46984589787626,
    9.70476884681439,
    12.93969179575252,
    16.17461474469065,
    19.40953769362878,
    22.46635539686899,
    25.87938359150504,
    29.114306540443174,
    32.3492294893813,
    35.58415243831942,
    38.81907538725756,
    42.0539983361957
  ],
  "wheel_torque_nm": [
    728.2,
    728.2,
    728.2,
    728.2,
    728.2,
    728.2,
    728.2,
    728.2,
    728.2,
    632.1634339610084,
    561.9230524097851,
    505.73074716880666,
    459.7552246989152,
    421.44228930733885,
    389.0236516683128
  ],
  "tractive_force_n": [
    3560.8801955990225,
    3560.8801955990225,
    3560.8801955990225,
    3560.8801955990225,
    3560.8801955990225,
    3560.8801955990225,
    3560.8801955990225,
    3560.8801955990225,
    3560.8801955990225,
    3091.263735750653,
    2747.7899873339124,
    2473.0109886005216,
    2248.1918078186563,
    2060.8424905004345,
    1902.3161450773243
  ],
  "validation": {
    "mass_difference_yaml_minus_optimumlap_kg": 0.0,
    "rear_fraction_difference_yaml_minus_optimumlap": 1.1102230246251565e-16,
    "tire_mu_x_difference": 0.0,
    "tire_mu_y_difference": 0.0,
    "tire_sensitivity_x_per_n_difference": 1.0842021724855044e-19,
    "tire_sensitivity_y_per_n_difference": 0.0
  }
}