case,time_s,ay_mps2,speed_mps,steer_deg,roll_deg,yaw_rate_radps,front_right_minus_left_n,rear_right_minus_left_n,tire_domain_valid,Fz_FL,camber_FL_deg,jounce_FL_m,Fz_FR,camber_FR_deg,jounce_FR_m,Fz_RL,camber_RL_deg,jounce_RL_m,Fz_RR,camber_RR_deg,jounce_RR_m
case_000,0.0,0.0,15.0,0.0,0.0,0.0,0.0,0.0,True,620.0333548387097,-1.5000000000000002,-0.0,620.0333548387097,1.5000000000000002,-0.0,752.8976451612901,-1.0,-0.0,752.8976451612901,1.0,-0.0
case_000,0.005,0.0,15.0,0.0,0.0,0.0,0.0,0.0,True,620.0333548387097,-1.5000000000000002,-0.0,620.0333548387097,1.5000000000000002,-0.0,752.8976451612901,-1.0,-0.0,752.8976451612901,1.0,-0.0
case_000,0.01,0.0,15.0,0.0,0.0,0.0,0.0,0.0,True,620.0333548387097,-1.5000000000000002,-0.0,620.0333548387097,1.5000000000000002,-0.0,752.8976451612901,-1.0,-0.0,752.8976451612901,1.0,-0.0
case_000,0.015,0.0,15.0,0.0,0.0,0.0,0.0,0.0,True,620.0333548387097,-1.5000000000000002,-0.0,620.0333548387097,1.5000000000000002,-0.0,752.8976451612901,-1.0,-0.0,752.8976451612901,1.0,-0.0
case_000,0.02,0.0,15.0,0.0,0.0,0.0,0.0,0.0,True,620.0333548387097,-1.5000000000000002,-0.0,620.0333548387097,1.5000000000000002,-0.0,752.8976451612901,-1.0,-0.0,752.8976451612901,1.0,-0.0
case_000,0.025,0.0,15.0,0.0,0.0,0.0,0.0,0.0,True,620.0333548387097,-1.5000000000000002,-0.0,620.0333548387097,1.5000000000000002,-0.0,752.8976451612901,-1.0,-0.0,752.8976451612901,1.0,-0.0
case_000,0.03,0.0,15.0,0.0,0.0,0.0,0.0,0.0,True,620.0333548387097,-1.5000000000000002,-0.0,620.0333548387097,1.5000000000000002,-0.0,752.8976451612901,-1.0,-0.0,752.8976451612901,1.0,-0.0
case_000,0.035,0.0,15.0,0.0,0.0,0.0,0.0,0.0,True,620.0333548387097,-1.5000000000000002,-0.0,620.0333548387097,1.5000000000000002,-0.0,752.8976451612901,-1.0,-0.0,752.8976451612901,1.0,-0.0
case_000,0.04,0.0,15.0,0.0,0.0,0.0,0.0,0.0,True,620.0333548387097,-1.5000000000000002,-0.0,620.0333548387097,1.5000000000000002,-0.0,752.8976451612901,-1.0,-0.0,752.8976451612901,1.0,-0.0
case_000,0.045,0.0,15.0,0.0,0.0,0.0,0.0,0.0,True,620.0333548387097,-1.5000000000000002,-0.0,620.0333548387097,1.5000000000000002,-0.0,752.8976451612901,-1.0,-0.0,752.8976451612901,1.0,-0.0
case_000,0.05,0.0,15.0,0.0,0.0,0.0,0.0,0.0,True,620.0333548387097,-1.5000000000000002,-0.0,620.0333548387097,1.5000000000000002,-0.0,752.8976451612901,-1.0,-0.0,752.8976451612901,1.0,-0.0
case_000,0.055,0.0,15.0,0.0,0.0,0.0,0.0,0.0,True,620.0333548387097,-1.5000000000000002,-0.0,620.0333548387097,1.5000000000000002,-0.0,752.8976451612901,-1.0,-0.0,752.8976451612901,1.0,-0.0
case_000,0.06,0.0,15.0,0.0,0.0,0.0,0.0,0.0,True,620.0333548387097,-1.5000000000000002,-0.0,620.0333548387097,1.5000000000000002,-0.0,752.8976451612901,-1.0,-0.0,752.8976451612901,1.0,-0.0
case_000,0.065,0.0,15.0,0.0,0.0,0.0,0.0,0.0,True,620.0333548387097,-1.5000000000000002,-0.0,620.0333548387097,1.5000000000000002,-0.0,752.8976451612901,-1.0,-0.0,752.8976451612901,1.0,-0.0
case_000,0.07,0.0,15.0,0.0,0.0,0.0,0.0,0.0,True,620.0333548387097,-1.5000000000000002,-0.0,620.0333548387097,1.5000000000000002,-0.0,752.8976451612901,-1.0,-0.0,752.8976451612901,1.0,-0.0
case_000,0.075,0.0,15.0,0.0,0.0,0.0,0.0,0.0,True,620.0333548387097,-1.5000000000000002,-0.0,620.0333548387097,1.5000000000000002,-0.0,752.8976451612901,-1.0,-0.0,752.8976451612901,1.0,-0.0
case_000,0.08,0.0,15.0,0.0,0.0,0.0,0.0,0.0,True,620.0333548387097,-1.5000000000000002,-0.0,620.0333548387097,1.5000000000000002,-0.0,752.8976451612901,-1.0,-0.0,752.8976451612901,1.0,-0.0
case_000,0.085,0.0,15.0,0.0,0.0,0.0,0.0,0.0,True,620.0333548387097,-1.5000000000000002,-0.0,620.0333548387097,1.5000000000000002,-0.0,752.8976451612901,-1.0,-0.0,752.8976451612901,1.0,-0.0
case_000,0.09,0.0,15.0,0.0,0.0,0.0,0.0,0.0,True,620.0333548387097,-1.5000000000000002,-0.0,620.0333548387097,1.5000000000000002,-0.0,752.8976451612901,-1.0,-0.0,752.8976451612901,1.0,-0.0
case_000,0.095,0.0,15.0,0.0,0.0,0.0,0.0,0.0,True,620.0333548387097,-1.5000000000000002,-0.0,620.0333548387097,1.5000000000000002,-0.0,752.8976451612901,-1.0,-0.0,752.8976451612901,1.0,-0.0
case_000,0.1,0.0,15.0,0.0,0.0,0.0,0.0,0.0,True,620.0333548387097,-1.5000000000000002,-0.0,620.0333548387097,1.5000000000000002,-0.0,752.8976451612901,-1.0,-0.0,752.8976451612901,1.0,-0.0
case_000,0.105,0.0,15.0,0.0,0.0,0.0,0.0,0.0,True,620.0333548387097,-1.5000000000000002,-0.0,620.0333548387097,1.5000000000000002,-0.0,752.8976451612901,-1.0,-0.0,752.8976451612901,1.0,-0.0
case_000,0.11,0.0,15.0,0.0,0.0,0.0,0.0,0.0,True,620.0333548387097,-1.5000000000000002,-0.0,620.0333548387097,1.5000000000000002,-0.0,752.8976451612901,-1.0,-0.0,752.8976451612901,1.0,-0.0
case_000,0.115,0.0,15.0,0.0,0.0,0.0,0.0,0.0,True,620.0333548387097,-1.5000000000000002,-0.0,620.0333548387097,1.5000000000000002,-0.0,752.8976451612901,-1.0,-0.0,752.8976451612901,1.0,-0.0
case_000,0.12,0.0,15.0,0.0,0.0,0.0,0.0,0.0,True,620.0333548387097,-1.5000000000000002,-0.0,620.0333548387097,1.5000000000000002,-0.0,752.8976451612901,-1.0,-0.0,752.8976451612901,1.0,-0.0
case_000,0.125,0.0,15.0,0.0,0.0,0.0,0.0,0.0,True,620.0333548387097,-1.5000000000000002,-0.0,620.0333548387097,1.5000000000000002,-0.0,752.8976451612901,-1.0,-0.0,752.8976451612901,1.0,-0.0
case_000,0.13,0.0,15.0,0.0,0.0,0.0,0.0,0.0,True,620.0333548387097,-1.5000000000000002,-0.0,620.0333548387097,1.5000000000000002,-0.0,752.8976451612901,-1.0,-0.0,752.8976451612901,1.0,-0.0
case_000,0.135,0.0,15.0,0.0,0.0,0.0,0.0,0.0,True,620.0333548387097,-1.5000000000000002,-0.0,620.0333548387097,1.5000000000000002,-0.0,752.8976451612901,-1.0,-0.0,752.8976451612901,1.0,-0.0
case_000,0.14,0.0,15.0,0.0,0.0,0.0,0.0,0.0,True,620.0333548387097,-1.5000000000000002,-0.0,620.0333548387097,1.5000000000000002,-0.0,752.8976451612901,-1.0,-0.0,752.8976451612901,1.0,-0.0
case_000,0.145,0.0,15.0,0.0,0.0,0.0,0.0,0.0,True,620.0333548387097,-1.5000000000000002,-0.0,620.0333548387097,1.5000000000000002,-0.0,752.8976451612901,-1.0,-0.0,752.8976451612901,1.0,-0.0
case_000,0.15,0.0,15.0,0.0,0.0,0.0,0.0,0.0,True,620.0333548387097,-1.5000000000000002,-0.0,620.0333548387097,1.5000000000000002,-0.0,752.8976451612901,-1.0,-0.0,752.8976451612901,1.0,-0.0
case_000,0.155,0.0,15.0,0.0,0.0,0.0,0.0,0.0,True,620.0333548387097,-1.5000000000000002,-0.0,620.0333548387097,1.5000000000000002,-0.0,752.8976451612901,-1.0,-0.0,752.8976451612901,1.0,-0.0
case_000,0.16,0.0,15.0,0.0,0.0,0.0,0.0,0.0,True,620.0333548387097,-1.5000000000000002,-0.0,620.0333548387097,1.5000000000000002,-0.0,752.8976451612901,-1.0,-0.0,752.8976451612901,1.0,-0.0
case_000,0.165,0.0,15.0,0.0,0.0,0.0,0.0,0.0,True,620.0333548387097,-1.5000000000000002,-0.0,620.0333548387097,1.5000000000000002,-0.0,752.8976451612901,-1.0,-0.0,752.8976451612901,1.0,-0.0
case_000,0.17,0.0,15.0,0.0,0.0,0.0,0.0,0.0,True,620.0333548387097,-1.5000000000000002,-0.0,620.0333548387097,1.5000000000000002,-0.0,752.8976451612901,-1.0,-0.0,752.8976451612901,1.0,-0.0
case_000,0.17500000000000002,0.0,15.0,0.0,0.0,0.0,0.0,0.0,True,620.0333548387097,-1.5000000000000002,-0.0,620.0333548387097,1.5000000000000002,-0.0,752.8976451612901,-1.0,-0.0,752.8976451612901,1.0,-0.0
case_000,0.18,0.0,15.0,0.0,0.0,0.0,0.0,0.0,True,620.0333548387097,-1.5000000000000002,-0.0,620.0333548387097,1.5000000000000002,-0.0,752.8976451612901,-1.0,-0.0,752.8976451612901,1.0,-0.0
case_000,0.185,0.0,15.0,0.0,0.0,0.0,0.0,0.0,True,620.0333548387097,-1.5000000000000002,-0.0,620.0333548387097,1.5000000000000002,-0.0,752.8976451612901,-1.0,-0.0,752.8976451612901,1.0,-0.0
case_000,0.19,0.0,15.0,0.0,0.0,0.0,0.0,0.0,True,620.0333548387097,-1.5000000000000002,-0.0,620.0333548387097,1.5000000000000002,-0.0,752.8976451612901,-1.0,-0.0,752.8976451612901,1.0,-0.0
case_000,0.195,0.0,15.0,0.0,0.0,0.0,0.0,0.0,True,620.0333548387097,-1.5000000000000002,-0.0,620.0333548387097,1.5000000000000002,-0.0,752.8976451612901,-1.0,-0.0,752.8976451612901,1.0,-0.0
case_000,0.2,0.0,15.0,0.0,0.0,0.0,0.0,0.0,True,620.0333548387097,-1.5000000000000002,-0.0,620.0333548387097,1.5000000000000002,-0.0,752.8976451612901,-1.0,-0.0,752.8976451612901,1.0,-0.0
case_000,0.20500000000000002,0.0,15.0,0.0,0.0,0.0,0.0,0.0,True,620.0333548387097,-1.5000000000000002,-0.0,620.0333548387097,1.5000000000000002,-0.0,752.8976451612901,-1.0,-0.0,752.8976451612901,1.0,-0.0
case_000,0.21,0.0,15.0,0.0,0.0,0.0,0.0,0.0,True,620.0333548387097,-1.5000000000000002,-0.0,620.0333548387097,1.5000000000000002,-0.0,752.8976451612901,-1.0,-0.0,752.8976451612901,1.0,-0.0
case_000,0.215,0.0,15.0,0.0,0.0,0.0,0.0,0.0,True,620.0333548387097,-1.5000000000000002,-0.0,620.0333548387097,1.5000000000000002,-0.0,752.8976451612901,-1.0,-0.0,752.8976451612901,1.0,-0.0
case_000,0.22,0.0,15.0,0.0,0.0,0.0,0.0,0.0,True,620.0333548387097,-1.5000000000000002,-0.0,620.0333548387097,1.5000000000000002,-0.0,752.8976451612901,-1.0,-0.0,752.8976451612901,1.0,-0.0
case_000,0.225,0.0,15.0,0.0,0.0,0.0,0.0,0.0,True,620.0333548387097,-1.5000000000000002,-0.0,620.0333548387097,1.5000000000000002,-0.0,752.8976451612901,-1.0,-0.0,752.8976451612901,1.0,-0.0
case_000,0.23,0.0,15.0,0.0,0.0,0.0,0.0,0.0,True,620.0333548387097,-1.5000000000000002,-0.0,620.0333548387097,1.5000000000000002,-0.0,752.8976451612901,-1.0,-0.0,752.8976451612901,1.0,-0.0
case_000,0.23500000000000001,0.0,15.0,0.0,0.0,0.0,0.0,0.0,True,620.0333548387097,-1.5000000000000002,-0.0,620.0333548387097,1.5000000000000002,-0.0,752.8976451612901,-1.0,-0.0,752.8976451612901,1.0,-0.0
case_000,0.24,0.0,15.0,0.0,0.0,0.0,0.0,0.0,True,620.0333548387097,-1.5000000000000002,-0.0,620.0333548387097,1.5000000000000002,-0.0,752.8976451612901,-1.0,-0.0,752.8976451612901,1.0,-0.0
case_000,0.245,0.0,15.0,0.0,0.0,0.0,0.0,0.0,True,620.0333548387097,-1.5000000000000002,-0.0,620.0333548387097,1.5000000000000002,-0.0,752.8976451612901,-1.0,-0.0,752.8976451612901,1.0,-0.0
case_000,0.25,0.0,15.0,0.0,0.0,0.0,0.0,0.0,True,620.0333548387097,-1.5000000000000002,-0.0,620.0333548387097,1.5000000000000002,-0.0,752.8976451612901,-1.0,-0.0,752.8976451612901,1.0,-0.0
case_000,0.255,0.0,15.0,0.0,0.0,0.0,0.0,0.0,True,620.0333548387097,-1.5000000000000002,-0.0,620.0333548387097,1.5000000000000002,-0.0,752.8976451612901,-1.0,-0.0,752.8976451612901,1.0,-0.0
case_000,0.26,0.0,15.0,0.0,0.0,0.0,0.0,0.0,True,620.0333548387097,-1.5000000000000002,-0.0,620.0333548387097,1.5000000000000002,-0.0,752.8976451612901,-1.0,-0.0,752.8976451612901,1.0,-0.0
case_000,0.265,0.0,15.0,0.0,0.0,0.0,0.0,0.0,True,620.0333548387097,-1.5000000000000002,-0.0,620.0333548387097,1.5000000000000002,-0.0,752.8976451612901,-1.0,-0.0,752.8976451612901,1.0,-0.0
case_000,0.27,0.0,15.0,0.0,0.0,0.0,0.0,0.0,True,620.0333548387097,-1.5000000000000002,-0.0,620.0333548387097,1.5000000000000002,-0.0,752.8976451612901,-1.0,-0.0,752.8976451612901,1.0,-0.0
case_000,0.275,0.0,15.0,0.0,0.0,0.0,0.0,0.0,True,620.0333548387097,-1.5000000000000002,-0.0,620.0333548387097,1.5000000000000002,-0.0,752.8976451612901,-1.0,-0.0,752.8976451612901,1.0,-0.0
case_000,0.28,0.0,15.0,0.0,0.0,0.0,0.0,0.0,True,620.0333548387097,-1.5000000000000002,-0.0,620.0333548387097,1.5000000000000002,-0.0,752.8976451612901,-1.0,-0.0,752.8976451612901,1.0,-0.0
case_000,0.28500000000000003,0.0,15.0,0.0,0.0,0.0,0.0,0.0,True,620.0333548387097,-1.5000000000000002,-0.0,620.0333548387097,1.5000000000000002,-0.0,752.8976451612901,-1.0,-0.0,752.8976451612901,1.0,-0.0
case_000,0.29,0.0,15.0,0.0,0.0,0.0,0.0,0.0,True,620.0333548387097,-1.5000000000000002,-0.0,620.0333548387097,1.5000000000000002,-0.0,752.8976451612901,-1.0,-0.0,752.8976451612901,1.0,-0.0
case_000,0.295,0.0,15.0,0.0,0.0,0.0,0.0,0.0,True,620.0333548387097,-1.5000000000000002,-0.0,620.0333548387097,1.5000000000000002,-0.0,752.8976451612901,-1.0,-0.0,752.8976451612901,1.0,-0.0
case_000,0.3,0.0,15.0,0.0,0.0,0.0,0.0,0.0,True,620.0333548387097,-1.5000000000000002,-0.0,620.0333548387097,1.5000000000000002,-0.0,752.8976451612901,-1.0,-0.0,752.8976451612901,1.0,-0.0
case_000,0.305,0.0,15.0,0.0,0.0,0.0,0.0,0.0,True,620.0333548387097,-1.5000000000000002,-0.0,620.0333548387097,1.5000000000000002,-0.0,752.8976451612901,-1.0,-0.0,752.8976451612901,1.0,-0.0
case_000,0.31,0.0,15.0,0.0,0.0,0.0,0.0,0.0,True,620.0333548387097,-1.5000000000000002,-0.0,620.0333548387097,1.5000000000000002,-0.0,752.8976451612901,-1.0,-0.0,752.8976451612901,1.0,-0.0
case_000,0.315,0.0,15.0,0.0,0.0,0.0,0.0,0.0,True,620.0333548387097,-1.5000000000000002,-0.0,620.0333548387097,1.5000000000000002,-0.0,752.8976451612901,-1.0,-0.0,752.8976451612901,1.0,-0.0
case_000,0.32,0.0,15.0,0.0,0.0,0.0,0.0,0.0,True,620.0333548387097,-1.5000000000000002,-0.0,620.0333548387097,1.5000000000000002,-0.0,752.8976451612901,-1.0,-0.0,752.8976451612901,1.0,-0.0
case_000,0.325,0.0,15.0,0.0,0.0,0.0,0.0,0.0,True,620.0333548387097,-1.5000000000000002,-0.0,620.0333548387097,1.5000000000000002,-0.0,752.8976451612901,-1.0,-0.0,752.8976451612901,1.0,-0.0
case_000,0.33,0.0,15.0,0.0,0.0,0.0,0.0,0.0,True,620.0333548387097,-1.5000000000000002,-0.0,620.0333548387097,1.5000000000000002,-0.0,752.8976451612901,-1.0,-0.0,752.8976451612901,1.0,-0.0
case_000,0.335,0.0,15.0,0.0,0.0,0.0,0.0,0.0,True,620.0333548387097,-1.5000000000000002,-0.0,620.0333548387097,1.5000000000000002,-0.0,752.8976451612901,-1.0,-0.0,752.8976451612901,1.0,-0.0
case_000,0.34,0.0,15.0,0.0,0.0,0.0,0.0,0.0,True,620.0333548387097,-1.5000000000000002,-0.0,620.0333548387097,1.5000000000000002,-0.0,752.8976451612901,-1.0,-0.0,752.8976451612901,1.0,-0.0
case_000,0.34500000000000003,0.0,15.0,0.0,0.0,0.0,0.0,0.0,True,620.0333548387097,-1.5000000000000002,-0.0,620.0333548387097,1.5000000000000002,-0.0,752.8976451612901,-1.0,-0.0,752.8976451612901,1.0,-0.0
case_000,0.35000000000000003,0.0,15.0,0.0,0.0,0.0,0.0,0.0,True,620.0333548387097,-1.5000000000000002,-0.0,620.0333548387097,1.5000000000000002,-0.0,752.8976451612901,-1.0,-0.0,752.8976451612901,1.0,-0.0
case_000,0.355,0.0,15.0,0.0,0.0,0.0,0.0,0.0,True,620.0333548387097,-1.5000000000000002,-0.0,620.0333548387097,1.5000000000000002,-0.0,752.8976451612901,-1.0,-0.0,752.8976451612901,1.0,-0.0
case_000,0.36,0.0,15.0,0.0,0.0,0.0,0.0,0.0,True,620.0333548387097,-1.5000000000000002,-0.0,620.0333548387097,1.5000000000000002,-0.0,752.8976451612901,-1.0,-0.0,752.8976451612901,1.0,-0.0
case_000,0.365,0.0,15.0,0.0,0.0,0.0,0.0,0.0,True,620.0333548387097,-1.5000000000000002,-0.0,620.0333548387097,1.5000000000000002,-0.0,752.8976451612901,-1.0,-0.0,752.8976451612901,1.0,-0.0
case_000,0.37,0.0,15.0,0.0,0.0,0.0,0.0,0.0,True,620.0333548387097,-1.5000000000000002,-0.0,620.0333548387097,1.5000000000000002,-0.0,752.8976451612901,-1.0,-0.0,752.8976451612901,1.0,-0.0
case_000,0.375,0.0,15.0,0.0,0.0,0.0,0.0,0.0,True,620.0333548387097,-1.5000000000000002,-0.0,620.0333548387097,1.5000000000000002,-0.0,752.8976451612901,-1.0,-0.0,752.8976451612901,1.0,-0.0
case_000,0.38,0.0,15.0,0.0,0.0,0.0,0.0,0.0,True,620.0333548387097,-1.5000000000000002,-0.0,620.0333548387097,1.5000000000000002,-0.0,752.8976451612901,-1.0,-0.0,752.8976451612901,1.0,-0.0
case_000,0.385,0.0,15.0,0.0,0.0,0.0,0.0,0.0,True,620.0333548387097,-1.5000000000000002,-0.0,620.0333548387097,1.5000000000000002,-0.0,752.8976451612901,-1.0,-0.0,752.8976451612901,1.0,-0.0
case_000,0.39,0.0,15.0,0.0,0.0,0.0,0.0,0.0,True,620.0333548387097,-1.5000000000000002,-0.0,620.0333548387097,1.5000000000000002,-0.0,752.8976451612901,-1.0,-0.0,752.8976451612901,1.0,-0.0
case_000,0.395,0.0,15.0,0.0,0.0,0.0,0.0,0.0,True,620.0333548387097,-1.5000000000000002,-0.0,620.0333548387097,1.5000000000000002,-0.0,752.8976451612901,-1.0,-0.0,752.8976451612901,1.0,-0.0
case_000,0.4,0.0,15.0,0.0,0.0,0.0,0.0,0.0,True,620.0333548387097,-1.5000000000000002,-0.0,620.0333548387097,1.5000000000000002,-0.0,752.8976451612901,-1.0,-0.0,752.8976451612901,1.0,-0.0
case_000,0.405,0.0,15.0,0.0,0.0,0.0,0.0,0.0,True,620.0333548387097,-1.5000000000000002,-0.0,620.0333548387097,1.5000000000000002,-0.0,752.8976451612901,-1.0,-0.0,752.8976451612901,1.0,-0.0
case_000,0.41000000000000003,0.0,15.0,0.0,0.0,0.0,0.0,0.0,True,620.0333548387097,-1.5000000000000002,-0.0,620.0333548387097,1.5000000000000002,-0.0,752.8976451612901,-1.0,-0.0,752.8976451612901,1.0,-0.0
case_000,0.41500000000000004,0.0,15.0,0.0,0.0,0.0,0.0,0.0,True,620.0333548387097,-1.5000000000000002,-0.0,620.0333548387097,1.5000000000000002,-0.0,752.8976451612901,-1.0,-0.0,752.8976451612901,1.0,-0.0
case_000,0.42,0.0,15.0,0.0,0.0,0.0,0.0,0.0,True,620.0333548387097,-1.5000000000000002,-0.0,620.0333548387097,1.5000000000000002,-0.0,752.8976451612901,-1.0,-0.0,752.8976451612901,1.0,-0.0
case_000,0.425,0.0,15.0,0.0,0.0,0.0,0.0,0.0,True,620.0333548387097,-1.5000000000000002,-0.0,620.0333548387097,1.5000000000000002,-0.0,752.8976451612901,-1.0,-0.0,752.8976451612901,1.0,-0.0
case_000,0.43,0.0,15.0,0.0,0.0,0.0,0.0,0.0,True,620.0333548387097,-1.5000000000000002,-0.0,620.0333548387097,1.5000000000000002,-0.0,752.8976451612901,-1.0,-0.0,752.8976451612901,1.0,-0.0
case_000,0.435,0.0,15.0,0.0,0.0,0.0,0.0,0.0,True,620.0333548387097,-1.5000000000000002,-0.0,620.0333548387097,1.5000000000000002,-0.0,752.8976451612901,-1.0,-0.0,752.8976451612901,1.0,-0.0
case_000,0.44,0.0,15.0,0.0,0.0,0.0,0.0,0.0,True,620.0333548387097,-1.5000000000000002,-0.0,620.0333548387097,1.5000000000000002,-0.0,752.8976451612901,-1.0,-0.0,752.8976451612901,1.0,-0.0
case_000,0.445,0.0,15.0,0.0,0.0,0.0,0.0,0.0,True,620.0333548387097,-1.5000000000000002,-0.0,620.0333548387097,1.5000000000000002,-0.0,752.8976451612901,-1.0,-0.0,752.8976451612901,1.0,-0.0
case_000,0.45,0.0,15.0,0.0,0.0,0.0,0.0,0.0,True,620.0333548387097,-1.5000000000000002,-0.0,620.0333548387097,1.5000000000000002,-0.0,752.8976451612901,-1.0,-0.0,752.8976451612901,1.0,-0.0
case_000,0.455,0.0,15.0,0.0,0.0,0.0,0.0,0.0,True,620.0333548387097,-1.5000000000000002,-0.0,620.0333548387097,1.5000000000000002,-0.0,752.8976451612901,-1.0,-0.0,752.8976451612901,1.0,-0.0
case_000,0.46,0.0,15.0,0.0,0.0,0.0,0.0,0.0,True,620.0333548387097,-1.5000000000000002,-0.0,620.0333548387097,1.5000000000000002,-0.0,752.8976451612901,-1.0,-0.0,752.8976451612901,1.0,-0.0
case_000,0.465,0.0,15.0,0.0,0.0,0.0,0.0,0.0,True,620.0333548387097,-1.5000000000000002,-0.0,620.0333548387097,1.5000000000000002,-0.0,752.8976451612901,-1.0,-0.0,752.8976451612901,1.0,-0.0
case_000,0.47000000000000003,0.0,15.0,0.0,0.0,0.0,0.0,0.0,True,620.0333548387097,-1.5000000000000002,-0.0,620.0333548387097,1.5000000000000002,-0.0,752.8976451612901,-1.0,-0.0,752.8976451612901,1.0,-0.0
case_000,0.47500000000000003,0.0,15.0,0.0,0.0,0.0,0.0,0.0,True,620.0333548387097,-1.5000000000000002,-0.0,620.0333548387097,1.5000000000000002,-0.0,752.8976451612901,-1.0,-0.0,752.8976451612901,1.0,-0.0
case_000,0.48,0.0,15.0,0.0,0.0,0.0,0.0,0.0,True,620.0333548387097,-1.5000000000000002,-0.0,620.0333548387097,1.5000000000000002,-0.0,752.8976451612901,-1.0,-0.0,752.8976451612901,1.0,-0.0
case_000,0.485,0.0,15.0,0.0,0.0,0.0,0.0,0.0,True,620.0333548387097,-1.5000000000000002,-0.0,620.0333548387097,1.5000000000000002,-0.0,752.8976451612901,-1.0,-0.0,752.8976451612901,1.0,-0.0
case_000,0.49,0.0,15.0,0.0,0.0,0.0,0.0,0.0,True,620.0333548387097,-1.5000000000000002,-0.0,620.0333548387097,1.5000000000000002,-0.0,752.8976451612901,-1.0,-0.0,752.8976451612901,1.0,-0.0
case_000,0.495,0.0,15.0,0.0,0.0,0.0,0.0,0.0,True,620.0333548387097,-1.5000000000000002,-0.0,620.0333548387097,1.5000000000000002,-0.0,752.8976451612901,-1.0,-0.0,752.8976451612901,1.0,-0.0
case_000,0.5,0.0,15.0,0.0,0.0,0.0,0.0,0.0,True,620.0333548387097,-1.5000000000000002,-0.0,620.0333548387097,1.5000000000000002,-0.0,752.8976451612901,-1.0,-0.0,752.8976451612901,1.0,-0.0
case_000,0.505,0.0,15.0,0.0,0.0,0.0,0.0,0.0,True,620.0333548387097,-1.5000000000000002,-0.0,620.0333548387097,1.5000000000000002,-0.0,752.8976451612901,-1.0,-0.0,752.8976451612901,1.0,-0.0
case_000,0.51,0.0,15.0,0.0,0.0,0.0,0.0,0.0,True,620.0333548387097,-1.5000000000000002,-0.0,620.0333548387097,1.5000000000000002,-0.0,752.8976451612901,-1.0,-0.0,752.8976451612901,1.0,-0.0
case_000,0.515,0.0,15.0,0.0,0.0,0.0,0.0,0.0,True,620.0333548387097,-1.5000000000000002,-0.0,620.0333548387097,1.5000000000000002,-0.0,752.8976451612901,-1.0,-0.0,752.8976451612901,1.0,-0.0
case_000,0.52,0.0,15.0,0.0,0.0,0.0,0.0,0.0,True,620.0333548387097,-1.5000000000000002,-0.0,620.0333548387097,1.5000000000000002,-0.0,752.8976451612901,-1.0,-0.0,752.8976451612901,1.0,-0.0
case_000,0.525,0.0,15.0,0.0,0.0,0.0,0.0,0.0,True,620.0333548387097,-1.5000000000000002,-0.0,620.0333548387097,1.5000000000000002,-0.0,752.8976451612901,-1.0,-0.0,752.8976451612901,1.0,-0.0
case_000,0.53,0.0,15.0,0.0,0.0,0.0,0.0,0.0,True,620.0333548387097,-1.5000000000000002,-0.0,620.0333548387097,1.5000000000000002,-0.0,752.8976451612901,-1.0,-0.0,752.8976451612901,1.0,-0.0
case_000,0.535,0.0,15.0,0.0,0.0,0.0,0.0,0.0,True,620.0333548387097,-1.5000000000000002,-0.0,620.0333548387097,1.5000000000000002,-0.0,752.8976451612901,-1.0,-0.0,752.8976451612901,1.0,-0.0
case_000,0.54,0.0,15.0,0.0,0.0,0.0,0.0,0.0,True,620.0333548387097,-1.5000000000000002,-0.0,620.0333548387097,1.5000000000000002,-0.0,752.8976451612901,-1.0,-0.0,752.8976451612901,1.0,-0.0
case_000,0.545,0.0,15.0,0.0,0.0,0.0,0.0,0.0,True,620.0333548387097,-1.5000000000000002,-0.0,620.0333548387097,1.5000000000000002,-0.0,752.8976451612901,-1.0,-0.0,752.8976451612901,1.0,-0.0
case_000,0.55,0.0,15.0,0.0,0.0,0.0,0.0,0.0,True,620.0333548387097,-1.5000000000000002,-0.0,620.0333548387097,1.5000000000000002,-0.0,752.8976451612901,-1.0,-0.0,752.8976451612901,1.0,-0.0
case_000,0.555,0.0,15.0,0.0,0.0,0.0,0.0,0.0,True,620.0333548387097,-1.5000000000000002,-0.0,620.0333548387097,1.5000000000000002,-0.0,752.8976451612901,-1.0,-0.0,752.8976451612901,1.0,-0.0
case_000,0.56,0.0,15.0,0.0,0.0,0.0,0.0,0.0,True,620.0333548387097,-1.5000000000000002,-0.0,620.0333548387097,1.5000000000000002,-0.0,752.8976451612901,-1.0,-0.0,752.8976451612901,1.0,-0.0
case_000,0.5650000000000001,0.0,15.0,0.0,0.0,0.0,0.0,0.0,True,620.0333548387097,-1.5000000000000002,-0.0,620.0333548387097,1.5000000000000002,-0.0,752.8976451612901,-1.0,-0.0,752.8976451612901,1.0,-0.0
case_000,0.5700000000000001,0.0,15.0,0.0,0.0,0.0,0.0,0.0,True,620.0333548387097,-1.5000000000000002,-0.0,620.0333548387097,1.5000000000000002,-0.0,752.8976451612901,-1.0,-0.0,752.8976451612901,1.0,-0.0
case_000,0.5750000000000001,0.0,15.0,0.0,0.0,0.0,0.0,0.0,True,620.0333548387097,-1.5000000000000002,-0.0,620.0333548387097,1.5000000000000002,-0.0,752.8976451612901,-1.0,-0.0,752.8976451612901,1.0,-0.0
case_000,0.58,0.0,15.0,0.0,0.0,0.0,0.0,0.0,True,620.0333548387097,-1.5000000000000002,-0.0,620.0333548387097,1.5000000000000002,-0.0,752.8976451612901,-1.0,-0.0,752.8976451612901,1.0,-0.0
case_000,0.585,0.0,15.0,0.0,0.0,0.0,0.0,0.0,True,620.0333548387097,-1.5000000000000002,-0.0,620.0333548387097,1.5000000000000002,-0.0,752.8976451612901,-1.0,-0.0,752.8976451612901,1.0,-0.0
case_000,0.59,0.0,15.0,0.0,0.0,0.0,0.0,0.0,True,620.0333548387097,-1.5000000000000002,-0.0,620.0333548387097,1.5000000000000002,-0.0,752.8976451612901,-1.0,-0.0,752.8976451612901,1.0,-0.0
case_000,0.595,0.0,15.0,0.0,0.0,0.0,0.0,0.0,True,620.0333548387097,-1.5000000000000002,-0.0,620.0333548387097,1.5000000000000002,-0.0,752.8976451612901,-1.0,-0.0,752.8976451612901,1.0,-0.0
case_000,0.6,0.0,15.0,0.0,0.0,0.0,0.0,0.0,True,620.0333548387097,-1.5000000000000002,-0.0,620.0333548387097,1.5000000000000002,-0.0,752.8976451612901,-1.0,-0.0,752.8976451612901,1.0,-0.0
case_000,0.605,0.0,15.0,0.0,0.0,0.0,0.0,0.0,True,620.0333548387097,-1.5000000000000002,-0.0,620.0333548387097,1.5000000000000002,-0.0,752.8976451612901,-1.0,-0.0,752.8976451612901,1.0,-0.0
case_000,0.61,0.0,15.0,0.0,0.0,0.0,0.0,0.0,True,620.0333548387097,-1.5000000000000002,-0.0,620.0333548387097,1.5000000000000002,-0.0,752.8976451612901,-1.0,-0.0,752.8976451612901,1.0,-0.0
case_000,0.615,0.0,15.0,0.0,0.0,0.0,0.0,0.0,True,620.0333548387097,-1.5000000000000002,-0.0,620.0333548387097,1.5000000000000002,-0.0,752.8976451612901,-1.0,-0.0,752.8976451612901,1.0,-0.0
case_000,0.62,0.0,15.0,0.0,0.0,0.0,0.0,0.0,True,620.0333548387097,-1.5000000000000002,-0.0,620.0333548387097,1.5000000000000002,-0.0,752.8976451612901,-1.0,-0.0,752.8976451612901,1.0,-0.0
case_000,0.625,0.0,15.0,0.0,0.0,0.0,0.0,0.0,True,620.0333548387097,-1.5000000000000002,-0.0,620.0333548387097,1.5000000000000002,-0.0,752.8976451612901,-1.0,-0.0,752.8976451612901,1.0,-0.0
case_000,0.63,0.0,15.0,0.0,0.0,0.0,0.0,0.0,True,620.0333548387097,-1.5000000000000002,-0.0,620.0333548387097,1.5000000000000002,-0.0,752.8976451612901,-1.0,-0.0,752.8976451612901,1.0,-0.0
case_000,0.635,0.0,15.0,0.0,0.0,0.0,0.0,0.0,True,620.0333548387097,-1.5000000000000002,-0.0,620.0333548387097,1.5000000000000002,-0.0,752.8976451612901,-1.0,-0.0,752.8976451612901,1.0,-0.0
case_000,0.64,0.0,15.0,0.0,0.0,0.0,0.0,0.0,True,620.0333548387097,-1.5000000000000002,-0.0,620.0333548387097,1.5000000000000002,-0.0,752.8976451612901,-1.0,-0.0,752.8976451612901,1.0,-0.0
case_000,0.645,0.0,15.0,0.0,0.0,0.0,0.0,0.0,True,620.0333548387097,-1.5000000000000002,-0.0,620.0333548387097,1.5000000000000002,-0.0,752.8976451612901,-1.0,-0.0,752.8976451612901,1.0,-0.0
case_000,0.65,0.0,15.0,0.0,0.0,0.0,0.0,0.0,True,620.0333548387097,-1.5000000000000002,-0.0,620.0333548387097,1.5000000000000002,-0.0,752.8976451612901,-1.0,-0.0,752.8976451612901,1.0,-0.0
case_000,0.655,0.0,15.0,0.0,0.0,0.0,0.0,0.0,True,620.0333548387097,-1.5000000000000002,-0.0,620.0333548387097,1.5000000000000002,-0.0,752.8976451612901,-1.0,-0.0,752.8976451612901,1.0,-0.0
case_000,0.66,0.0,15.0,0.0,0.0,0.0,0.0,0.0,True,620.0333548387097,-1.5000000000000002,-0.0,620.0333548387097,1.5000000000000002,-0.0,752.8976451612901,-1.0,-0.0,752.8976451612901,1.0,-0.0
case_000,0.665,0.0,15.0,0.0,0.0,0.0,0.0,0.0,True,620.0333548387097,-1.5000000000000002,-0.0,620.0333548387097,1.5000000000000002,-0.0,752.8976451612901,-1.0,-0.0,752.8976451612901,1.0,-0.0
case_000,0.67,0.0,15.0,0.0,0.0,0.0,0.0,0.0,True,620.0333548387097,-1.5000000000000002,-0.0,620.0333548387097,1.5000000000000002,-0.0,752.8976451612901,-1.0,-0.0,752.8976451612901,1.0,-0.0
case_000,0.675,0.0,15.0,0.0,0.0,0.0,0.0,0.0,True,620.0333548387097,-1.5000000000000002,-0.0,620.0333548387097,1.5000000000000002,-0.0,752.8976451612901,-1.0,-0.0,752.8976451612901,1.0,-0.0
case_000,0.68,0.0,15.0,0.0,0.0,0.0,0.0,0.0,True,620.0333548387097,-1.5000000000000002,-0.0,620.0333548387097,1.5000000000000002,-0.0,752.8976451612901,-1.0,-0.0,752.8976451612901,1.0,-0.0
case_000,0.685,0.0,15.0,0.0,0.0,0.0,0.0,0.0,True,620.0333548387097,-1.5000000000000002,-0.0,620.0333548387097,1.5000000000000002,-0.0,752.8976451612901,-1.0,-0.0,752.8976451612901,1.0,-0.0
case_000,0.6900000000000001,0.0,15.0,0.0,0.0,0.0,0.0,0.0,True,620.0333548387097,-1.5000000000000002,-0.0,620.0333548387097,1.5000000000000002,-0.0,752.8976451612901,-1.0,-0.0,752.8976451612901,1.0,-0.0
case_000,0.6950000000000001,0.0,15.0,0.0,0.0,0.0,0.0,0.0,True,620.0333548387097,-1.5000000000000002,-0.0,620.0333548387097,1.5000000000000002,-0.0,752.8976451612901,-1.0,-0.0,752.8976451612901,1.0,-0.0
case_000,0.7000000000000001,0.0,15.0,0.0,0.0,0.0,0.0,0.0,True,620.0333548387097,-1.5000000000000002,-0.0,620.0333548387097,1.5000000000000002,-0.0,752.8976451612901,-1.0,-0.0,752.8976451612901,1.0,-0.0
case_000,0.705,0.0,15.0,0.0,0.0,0.0,0.0,0.0,True,620.0333548387097,-1.5000000000000002,-0.0,620.0333548387097,1.5000000000000002,-0.0,752.8976451612901,-1.0,-0.0,752.8976451612901,1.0,-0.0
case_000,0.71,0.0,15.0,0.0,0.0,0.0,0.0,0.0,True,620.0333548387097,-1.5000000000000002,-0.0,620.0333548387097,1.5000000000000002,-0.0,752.8976451612901,-1.0,-0.0,752.8976451612901,1.0,-0.0
case_000,0.715,0.0,15.0,0.0,0.0,0.0,0.0,0.0,True,620.0333548387097,-1.5000000000000002,-0.0,620.0333548387097,1.5000000000000002,-0.0,752.8976451612901,-1.0,-0.0,752.8976451612901,1.0,-0.0
case_000,0.72,0.0,15.0,0.0,0.0,0.0,0.0,0.0,True,620.0333548387097,-1.5000000000000002,-0.0,620.0333548387097,1.5000000000000002,-0.0,752.8976451612901,-1.0,-0.0,752.8976451612901,1.0,-0.0
case_000,0.725,0.0,15.0,0.0,0.0,0.0,0.0,0.0,True,620.0333548387097,-1.5000000000000002,-0.0,620.0333548387097,1.5000000000000002,-0.0,752.8976451612901,-1.0,-0.0,752.8976451612901,1.0,-0.0
case_000,0.73,0.0,15.0,0.0,0.0,0.0,0.0,0.0,True,620.0333548387097,-1.5000000000000002,-0.0,620.0333548387097,1.5000000000000002,-0.0,752.8976451612901,-1.0,-0.0,752.8976451612901,1.0,-0.0
case_000,0.735,0.0,15.0,0.0,0.0,0.0,0.0,0.0,True,620.0333548387097,-1.5000000000000002,-0.0,620.0333548387097,1.5000000000000002,-0.0,752.8976451612901,-1.0,-0.0,752.8976451612901,1.0,-0.0
case_000,0.74,0.0,15.0,0.0,0.0,0.0,0.0,0.0,True,620.0333548387097,-1.5000000000000002,-0.0,620.0333548387097,1.5000000000000002,-0.0,752.8976451612901,-1.0,-0.0,752.8976451612901,1.0,-0.0
case_000,0.745,0.0,15.0,0.0,0.0,0.0,0.0,0.0,True,620.0333548387097,-1.5000000000000002,-0.0,620.0333548387097,1.5000000000000002,-0.0,752.8976451612901,-1.0,-0.0,752.8976451612901,1.0,-0.0
case_000,0.75,0.0,15.0,0.0,0.0,0.0,0.0,0.0,True,620.0333548387097,-1.5000000000000002,-0.0,620.0333548387097,1.5000000000000002,-0.0,752.8976451612901,-1.0,-0.0,752.8976451612901,1.0,-0.0
case_000,0.755,0.0,15.0,0.0,0.0,0.0,0.0,0.0,True,620.0333548387097,-1.5000000000000002,-0.0,620.0333548387097,1.5000000000000002,-0.0,752.8976451612901,-1.0,-0.0,752.8976451612901,1.0,-0.0
case_000,0.76,0.0,15.0,0.0,0.0,0.0,0.0,0.0,True,620.0333548387097,-1.5000000000000002,-0.0,620.0333548387097,1.5000000000000002,-0.0,752.8976451612901,-1.0,-0.0,752.8976451612901,1.0,-0.0
case_000,0.765,0.0,15.0,0.0,0.0,0.0,0.0,0.0,True,620.0333548387097,-1.5000000000000002,-0.0,620.0333548387097,1.5000000000000002,-0.0,752.8976451612901,-1.0,-0.0,752.8976451612901,1.0,-0.0
case_000,0.77,0.0,15.0,0.0,0.0,0.0,0.0,0.0,True,620.0333548387097,-1.5000000000000002,-0.0,620.0333548387097,1.5000000000000002,-0.0,752.8976451612901,-1.0,-0.0,752.8976451612901,1.0,-0.0
case_000,0.775,0.0,15.0,0.0,0.0,0.0,0.0,0.0,True,620.0333548387097,-1.5000000000000002,-0.0,620.0333548387097,1.5000000000000002,-0.0,752.8976451612901,-1.0,-0.0,752.8976451612901,1.0,-0.0
case_000,0.78,0.0,15.0,0.0,0.0,0.0,0.0,0.0,True,620.0333548387097,-1.5000000000000002,-0.0,620.0333548387097,1.5000000000000002,-0.0,752.8976451612901,-1.0,-0.0,752.8976451612901,1.0,-0.0
case_000,0.785,0.0,15.0,0.0,0.0,0.0,0.0,0.0,True,620.0333548387097,-1.5000000000000002,-0.0,620.0333548387097,1.5000000000000002,-0.0,752.8976451612901,-1.0,-0.0,752.8976451612901,1.0,-0.0
case_000,0.79,0.0,15.0,0.0,0.0,0.0,0.0,0.0,True,620.0333548387097,-1.5000000000000002,-0.0,620.0333548387097,1.5000000000000002,-0.0,752.8976451612901,-1.0,-0.0,752.8976451612901,1.0,-0.0
case_000,0.795,0.0,15.0,0.0,0.0,0.0,0.0,0.0,True,620.0333548387097,-1.5000000000000002,-0.0,620.0333548387097,1.5000000000000002,-0.0,752.8976451612901,-1.0,-0.0,752.8976451612901,1.0,-0.0
case_000,0.8,0.0,15.0,0.0,0.0,0.0,0.0,0.0,True,620.0333548387097,-1.5000000000000002,-0.0,620.0333548387097,1.5000000000000002,-0.0,752.8976451612901,-1.0,-0.0,752.8976451612901,1.0,-0.0
case_000,0.805,0.0,15.0,0.0,0.0,0.0,0.0,0.0,True,620.0333548387097,-1.5000000000000002,-0.0,620.0333548387097,1.5000000000000002,-0.0,752.8976451612901,-1.0,-0.0,752.8976451612901,1.0,-0.0
case_000,0.81,0.0,15.0,0.0,0.0,0.0,0.0,0.0,True,620.0333548387097,-1.5000000000000002,-0.0,620.0333548387097,1.5000000000000002,-0.0,752.8976451612901,-1.0,-0.0,752.8976451612901,1.0,-0.0
case_000,0.8150000000000001,0.0,15.0,0.0,0.0,0.0,0.0,0.0,True,620.0333548387097,-1.5000000000000002,-0.0,620.0333548387097,1.5000000000000002,-0.0,752.8976451612901,-1.0,-0.0,752.8976451612901,1.0,-0.0
case_000,0.8200000000000001,0.0,15.0,0.0,0.0,0.0,0.0,0.0,True,620.0333548387097,-1.5000000000000002,-0.0,620.0333548387097,1.5000000000000002,-0.0,752.8976451612901,-1.0,-0.0,752.8976451612901,1.0,-0.0
case_000,0.8250000000000001,0.0,15.0,0.0,0.0,0.0,0.0,0.0,True,620.0333548387097,-1.5000000000000002,-0.0,620.0333548387097,1.5000000000000002,-0.0,752.8976451612901,-1.0,-0.0,752.8976451612901,1.0,-0.0
case_000,0.8300000000000001,0.0,15.0,0.0,0.0,0.0,0.0,0.0,True,620.0333548387097,-1.5000000000000002,-0.0,620.0333548387097,1.5000000000000002,-0.0,752.8976451612901,-1.0,-0.0,752.8976451612901,1.0,-0.0
case_000,0.835,0.0,15.0,0.0,0.0,0.0,0.0,0.0,True,620.0333548387097,-1.5000000000000002,-0.0,620.0333548387097,1.5000000000000002,-0.0,752.8976451612901,-1.0,-0.0,752.8976451612901,1.0,-0.0
case_000,0.84,0.0,15.0,0.0,0.0,0.0,0.0,0.0,True,620.0333548387097,-1.5000000000000002,-0.0,620.0333548387097,1.5000000000000002,-0.0,752.8976451612901,-1.0,-0.0,752.8976451612901,1.0,-0.0
case_000,0.845,0.0,15.0,0.0,0.0,0.0,0.0,0.0,True,620.0333548387097,-1.5000000000000002,-0.0,620.0333548387097,1.5000000000000002,-0.0,752.8976451612901,-1.0,-0.0,752.8976451612901,1.0,-0.0
case_000,0.85,0.0,15.0,0.0,0.0,0.0,0.0,0.0,True,620.0333548387097,-1.5000000000000002,-0.0,620.0333548387097,1.5000000000000002,-0.0,752.8976451612901,-1.0,-0.0,752.8976451612901,1.0,-0.0
case_000,0.855,0.0,15.0,0.0,0.0,0.0,0.0,0.0,True,620.0333548387097,-1.5000000000000002,-0.0,620.0333548387097,1.5000000000000002,-0.0,752.8976451612901,-1.0,-0.0,752.8976451612901,1.0,-0.0
case_000,0.86,0.0,15.0,0.0,0.0,0.0,0.0,0.0,True,620.0333548387097,-1.5000000000000002,-0.0,620.0333548387097,1.5000000000000002,-0.0,752.8976451612901,-1.0,-0.0,752.8976451612901,1.0,-0.0
case_000,0.865,0.0,15.0,0.0,0.0,0.0,0.0,0.0,True,620.0333548387097,-1.5000000000000002,-0.0,620.0333548387097,1.5000000000000002,-0.0,752.8976451612901,-1.0,-0.0,752.8976451612901,1.0,-0.0
case_000,0.87,0.0,15.0,0.0,0.0,0.0,0.0,0.0,True,620.0333548387097,-1.5000000000000002,-0.0,620.0333548387097,1.5000000000000002,-0.0,752.8976451612901,-1.0,-0.0,752.8976451612901,1.0,-0.0
case_000,0.875,0.0,15.0,0.0,0.0,0.0,0.0,0.0,True,620.0333548387097,-1.5000000000000002,-0.0,620.0333548387097,1.5000000000000002,-0.0,752.8976451612901,-1.0,-0.0,752.8976451612901,1.0,-0.0
case_000,0.88,0.0,15.0,0.0,0.0,0.0,0.0,0.0,True,620.0333548387097,-1.5000000000000002,-0.0,620.0333548387097,1.5000000000000002,-0.0,752.8976451612901,-1.0,-0.0,752.8976451612901,1.0,-0.0
case_000,0.885,0.0,15.0,0.0,0.0,0.0,0.0,0.0,True,620.0333548387097,-1.5000000000000002,-0.0,620.0333548387097,1.5000000000000002,-0.0,752.8976451612901,-1.0,-0.0,752.8976451612901,1.0,-0.0
case_000,0.89,0.0,15.0,0.0,0.0,0.0,0.0,0.0,True,620.0333548387097,-1.5000000000000002,-0.0,620.0333548387097,1.5000000000000002,-0.0,752.8976451612901,-1.0,-0.0,752.8976451612901,1.0,-0.0
case_000,0.895,0.0,15.0,0.0,0.0,0.0,0.0,0.0,True,620.0333548387097,-1.5000000000000002,-0.0,620.0333548387097,1.5000000000000002,-0.0,752.8976451612901,-1.0,-0.0,752.8976451612901,1.0,-0.0
case_000,0.9,0.0,15.0,0.0,0.0,0.0,0.0,0.0,True,620.0333548387097,-1.5000000000000002,-0.0,620.0333548387097,1.5000000000000002,-0.0,752.8976451612901,-1.0,-0.0,752.8976451612901,1.0,-0.0
case_000,0.905,0.0,15.0,0.0,0.0,0.0,0.0,0.0,True,620.0333548387097,-1.5000000000000002,-0.0,620.0333548387097,1.5000000000000002,-0.0,752.8976451612901,-1.0,-0.0,752.8976451612901,1.0,-0.0
case_000,0.91,0.0,15.0,0.0,0.0,0.0,0.0,0.0,True,620.0333548387097,-1.5000000000000002,-0.0,620.0333548387097,1.5000000000000002,-0.0,752.8976451612901,-1.0,-0.0,752.8976451612901,1.0,-0.0
case_000,0.915,0.0,15.0,0.0,0.0,0.0,0.0,0.0,True,620.0333548387097,-1.5000000000000002,-0.0,620.0333548387097,1.5000000000000002,-0.0,752.8976451612901,-1.0,-0.0,752.8976451612901,1.0,-0.0
case_000,0.92,0.0,15.0,0.0,0.0,0.0,0.0,0.0,True,620.0333548387097,-1.5000000000000002,-0.0,620.0333548387097,1.5000000000000002,-0.0,752.8976451612901,-1.0,-0.0,752.8976451612901,1.0,-0.0
case_000,0.925,0.0,15.0,0.0,0.0,0.0,0.0,0.0,True,620.0333548387097,-1.5000000000000002,-0.0,620.0333548387097,1.5000000000000002,-0.0,752.8976451612901,-1.0,-0.0,752.8976451612901,1.0,-0.0
case_000,0.93,0.0,15.0,0.0,0.0,0.0,0.0,0.0,True,620.0333548387097,-1.5000000000000002,-0.0,620.0333548387097,1.5000000000000002,-0.0,752.8976451612901,-1.0,-0.0,752.8976451612901,1.0,-0.0
case_000,0.935,0.0,15.0,0.0,0.0,0.0,0.0,0.0,True,620.0333548387097,-1.5000000000000002,-0.0,620.0333548387097,1.5000000000000002,-0.0,752.8976451612901,-1.0,-0.0,752.8976451612901,1.0,-0.0
case_000,0.9400000000000001,0.0,15.0,0.0,0.0,0.0,0.0,0.0,True,620.0333548387097,-1.5000000000000002,-0.0,620.0333548387097,1.5000000000000002,-0.0,752.8976451612901,-1.0,-0.0,752.8976451612901,1.0,-0.0
case_000,0.9450000000000001,0.0,15.0,0.0,0.0,0.0,0.0,0.0,True,620.0333548387097,-1.5000000000000002,-0.0,620.0333548387097,1.5000000000000002,-0.0,752.8976451612901,-1.0,-0.0,752.8976451612901,1.0,-0.0
case_000,0.9500000000000001,0.0,15.0,0.0,0.0,0.0,0.0,0.0,True,620.0333548387097,-1.5000000000000002,-0.0,620.0333548387097,1.5000000000000002,-0.0,752.8976451612901,-1.0,-0.0,752.8976451612901,1.0,-0.0
case_000,0.9550000000000001,0.0,15.0,0.0,0.0,0.0,0.0,0.0,True,620.0333548387097,-1.5000000000000002,-0.0,620.0333548387097,1.5000000000000002,-0.0,752.8976451612901,-1.0,-0.0,752.8976451612901,1.0,-0.0
case_000,0.96,0.0,15.0,0.0,0.0,0.0,0.0,0.0,True,620.0333548387097,-1.5000000000000002,-0.0,620.0333548387097,1.5000000000000002,-0.0,752.8976451612901,-1.0,-0.0,752.8976451612901,1.0,-0.0
case_000,0.965,0.0,15.0,0.0,0.0,0.0,0.0,0.0,True,620.0333548387097,-1.5000000000000002,-0.0,620.0333548387097,1.5000000000000002,-0.0,752.8976451612901,-1.0,-0.0,752.8976451612901,1.0,-0.0
case_000,0.97,0.0,15.0,0.0,0.0,0.0,0.0,0.0,True,620.0333548387097,-1.5000000000000002,-0.0,620.0333548387097,1.5000000000000002,-0.0,752.8976451612901,-1.0,-0.0,752.8976451612901,1.0,-0.0
case_000,0.975,0.0,15.0,0.0,0.0,0.0,0.0,0.0,True,620.0333548387097,-1.5000000000000002,-0.0,620.0333548387097,1.5000000000000002,-0.0,752.8976451612901,-1.0,-0.0,752.8976451612901,1.0,-0.0
case_000,0.98,0.0,15.0,0.0,0.0,0.0,0.0,0.0,True,620.0333548387097,-1.5000000000000002,-0.0,620.0333548387097,1.5000000000000002,-0.0,752.8976451612901,-1.0,-0.0,752.8976451612901,1.0,-0.0
case_000,0.985,0.0,15.0,0.0,0.0,0.0,0.0,0.0,True,620.0333548387097,-1.5000000000000002,-0.0,620.0333548387097,1.5000000000000002,-0.0,752.8976451612901,-1.0,-0.0,752.8976451612901,1.0,-0.0
case_000,0.99,0.0,15.0,0.0,0.0,0.0,0.0,0.0,True,620.0333548387097,-1.5000000000000002,-0.0,620.0333548387097,1.5000000000000002,-0.0,752.8976451612901,-1.0,-0.0,752.8976451612901,1.0,-0.0
case_000,0.995,0.0,15.0,0.0,0.0,0.0,0.0,0.0,True,620.0333548387097,-1.5000000000000002,-0.0,620.0333548387097,1.5000000000000002,-0.0,752.8976451612901,-1.0,-0.0,752.8976451612901,1.0,-0.0
case_000,1.0,-1.134203469068929e-08,15.0,0.0,2.2153042372026608e-14,1.0069081212521718e-09,6.319007752608741e-07,1.077979050023714e-06,True,620.0333545227593,-1.5000000000000175,-2.220446049250313e-16,620.0333551546601,1.4999999999999825,2.220446049250313e-16,752.897644622301,-1.0000000000000187,-2.220446049250313e-16,752.89764570028,0.9999999999999813,2.220446049250313e-16
case_000,1.0050000000000001,0.17460825447278436,14.99999966925127,0.0666666666666682,0.0001077353515417126,0.0015864625420674578,6.269030718550312,1.6686316475585272,True,616.9074062067604,-1.5000849822807796,-1.1376502022097945e-06,623.1764369253107,1.499915015856978,1.1375570900806764e-06,752.0631867857167,-1.0000908094577152,-1.1283929217675848e-06,753.7318184332752,0.9999091848135258,1.1280110044920022e-06
case_000,1.01,0.32516773789474296,14.999997612988082,0.13333333333333347,0.0007600825208483102,0.0057737780119624495,13.973692163536043,5.987917963902532,True,613.0803848410683,-1.500599533519834,-8.027351733552734e-06,627.0540770046043,1.4994004082211465,8.024438782505694e-06,749.9029979910079,-1.0006406511936063,-7.962088482804663e-06,755.8909159549104,0.9993592731182644,7.957042607531495e-06
case_000,1.0150000000000001,0.462308893575174,14.999992650349563,0.20000000000000168,0.002274440462080323,0.011876172887909396,22.6086187745193,12.184708474372883,True,608.8025727748758,-1.5017939009461923,-2.402628870679102e-05,631.4111915493951,1.4982057021931463,2.4006445672297705e-05,746.8040740191776,-1.001917010009554,-2.3828696835093144e-05,758.9887824935505,0.9980826656298759,2.380707279708849e-05
case_000,1.02,0.5929387186700477,14.99998394498742,0.26666666666666694,0.004804676671622739,0.01938879264781158,31.85866674861404,19.737577600014106,True,604.2286093495925,-1.5037892088323854,-5.0770727156368434e-05,636.0872760982065,1.4962093118226243,5.0696759895163535e-05,743.0278416574859,-1.0040495147212825,-5.034413002269478e-05,762.7654192575,0.9959495950697119,5.0284782755649626e-05
case_000,1.025,0.7214458300853529,14.999970837688608,0.33333333333333215,0.008404241791627656,0.027939953887264377,41.52959936435934,28.293791222107757,True,599.4531111713641,-1.5066272496023068,-8.884211998017033e-05,640.9827105357234,1.4933687624945302,8.86427247644983e-05,738.7513141966546,-1.0070831387188892,-8.80735381825759e-05,767.0451054187623,0.9929149255533232,8.794448966337187e-05
case_000,1.03,0.8505316823414331,14.999952749992223,0.40000000000000036,0.013066805900574187,0.03725594153225894,51.502753984794026,37.612983373740235,True,594.5335228360764,-1.5103025580009157,-0.00013819521477487218,646.0362768208704,1.4896886559779086,0.0001377559135107287,734.0950895959814,-1.0110124455358678,-0.00013695735764723826,771.7080729697217,0.9889838918414476,0.00013671318280134015
case_000,1.035,0.9817784663594314,14.999929129367809,0.4666666666666656,0.01875204679608623,0.04713510966410706,61.70570829970666,47.529214326929036,True,589.5046986161867,-1.5147827753447387,-0.00019842929856805913,651.2104069158934,1.4852003485684409,0.00019758549363857458,729.1422655024825,-1.0158033171002967,-0.0001965819797199453,776.6714798294115,0.9841903526483873,0.00019615996296429294
case_000,1.04,1.116034463961148,14.999899419211628,0.5333333333333339,0.025401724272704426,0.05742884044079368,72.0935689222905,57.9255895554644,True,584.3881081600271,-1.5200213488473335,-0.00026895700979701065,656.4816770823176,1.4799492885647423,0.0002674888789629959,723.951129102025,-1.0214064948525006,-0.00026634862801577786,781.8767186574894,0.9785832330820315,0.0002656638236469555
case_000,1.045,1.253674026148008,14.999863043816418,0.5999999999999991,0.03294947478228064,0.06802754380884733,82.63725333622665,68.71740593307175,True,579.1975553436062,-1.525965273702935,-0.000349107040221841,661.8348086798328,1.473987303069821,0.00034673587574590714,718.5636096108785,-1.0277658296916197,-0.0003455763393835354,787.2810155439503,0.9722182623480612,0.00034451580868366527
case_000,1.05,1.3947718496656674,14.999819402336547,0.6666666666666673,0.04132659872298546,0.078850364009842,93.31633170414489,79.84105790225544,True,573.9426484282897,-1.5325596703953333,-0.00043818470826267886,667.2589801324345,1.4673680421194422,0.00043457032786520244,713.0108615473176,-1.0348231563536374,-0.000433562824638023,792.8519194495731,0.9651530916764964,0.0004319793599516508
case_000,1.055,1.5392189987566196,14.999767868055027,0.7333333333333325,0.05046533557802147,0.0898376088584672,104.11479919445514,91.24680549102402,True,568.6308375857558,-1.5397503773320922,-0.0005355061555599727,672.7456367802109,1.4601444015016043,0.0005302450860326102,707.3169199399565,-1.0425210524889332,-0.0005296188726376938,798.5637254309805,0.9574445320342294,0.0005273245074541855
case_000,1.06,1.6867994738612706,14.999707790628763,0.8000000000000007,0.06030059614219524,0.10094518034555515,115.01870090747911,102.89411424071022,True,563.2685533870979,-1.5474853241329674,-0.0006404163599543211,678.287254294577,1.452367160587274,0.0006330405767082659,701.5010686867763,-1.0508042991786135,-0.0006330864643011025,804.3951829274865,0.9491470943816745,0.0006298460348683754
case_000,1.065,1.8372401819369562,14.99963849986062,0.866666666666666,0.07077077393366034,0.11214047777648478,126.01490063334279,114.74869280908013,True,557.861794303104,-1.5557151769917372,-0.0007522974976696961,683.8766949364468,1.444084345196726,0.0007422735756746346,695.5793575335786,-1.059620566958797,-0.0007433471317707108,810.3280503426587,0.9403123077856642,0.0007388721145212274
case_000,1.07,1.9902430763958356,14.99955931008385,0.9333333333333342,0.08181802859028267,0.12339938409638498,137.090533018899,126.78063848061129,True,552.4163875838223,-1.5643935665351731,-0.0008705717730713713,689.5069206027213,1.435341006249352,0.0008573003632206255,689.565562055881,-1.068920658124275,-0.000859824697926781,816.3462005364922,0.930988483962557,0.0008537675033545855
case_000,1.075,2.1455054505574704,14.999469524625702,0.9999999999999994,0.09338828339760065,0.13470404532424002,148.2328446056515,138.96329390950336,True,546.9380662307511,-1.5734770895928796,-0.0009947012525603482,695.1709108364026,1.4261792235960666,0.000977516838140735,683.4717848695018,-1.0786585091331893,-0.000981984951272774,822.4350787790052,0.921220723851866,0.000973933816364625
case_000,1.08,2.302732355548101,14.999368440014782,1.0666666666666678,0.10543108137741841,0.146041236181182,159.42924086251287,151.27255604143056,True,541.4324498981429,-1.5829251990985973,-0.001124186213196543,700.8616907606557,1.416638221392274,0.0011023571300693424,677.3088277403399,-1.0887910745769735,-0.0011093337871787567,828.5813837817705,0.9110510442001181,0.0010988083714320585
case_000,1.085,2.4616438668663885,14.99925534975926,1.1333333333333329,0.11789938560151347,0.15740115711545036,170.66742503682474,163.68646345055583,True,535.9049841351969,-1.592700049872575,-0.001258562902062832,706.5724091720216,1.4067545276032316,0.001231291623233488,671.0864216798903,-1.0992781646782952,-0.001241414728932022,834.7728851304462,0.900518551700871,0.0012278624862378518
case_000,1.09,2.6219790150932925,14.999129547622386,1.200000000000001,0.130749367974789,0.16877654638802367,181.93556392313758,176.18495009572757,True,530.360868575813,-1.6027663352729613,-0.0013974011694917188,712.2964324989506,1.3965621428162196,0.0013638248628632388,664.8133711540652,-1.1100822734167402,-0.0013778063049014744,840.9983212497928,0.8896596272016021,0.0013605996775992724
case_000,1.095,2.7834975718136428,14.9989903303674,1.2666666666666664,0.14394020943542674,0.1801620252936218,193.22244385649503,188.74969463612172,True,524.8049910036426,-1.6130911328552673,-0.001540302216962386,718.0274348601376,1.386092700280339,0.0014994935880615623,658.4976479914342,-1.1211684164418472,-0.0015181195343449971,847.2473426275559,0.8785081004509755,0.0014965539912986103
case_000,1.1,2.945980486505431,14.998836999985427,1.3333333333333346,0.15743392023584102,0.19155361455583864,204.51759909584098,201.36402060950877,True,519.2418752526037,-1.623643765866986,-0.0016868965519006296,723.7594743484447,1.3753756103167458,0.0016378649818582502,652.1464574417769,-1.1325039859278667,-0.0016619956224888655,853.5104780512856,0.8670954079349761,0.001635288543222424
case_000,1.105,3.1092294974080876,14.998668865439495,1.4,0.17119518198700517,0.20294837673895566,215.81140534478902,214.01282025076273,True,513.6756459438898,-1.6343956818733998,-0.0018368421691289938,729.4870512886788,1.3644381877238518,0.001778535154224714,645.7662900935842,-1.1440586236607069,-0.001809103891019348,859.7791103443469,0.8554507322556785,0.0017763942809016497
case_000,1.11,3.273066251191186,14.998485243967583,1.4666666666666681,0.18519120879894227,0.21434415135507195,227.0951385578599,226.68248649988266,True,508.110009474753,-1.6453203463659545,-0.0019898229334818773,735.2051480326129,1.3533057642188964,0.0019211278272010524,639.3629674461374,-1.1558041100037388,-0.0019591399230611817,866.0454539460201,0.8436011251957074,0.0019194889305086393
case_000,1.115,3.43733114950417,14.998285461992438,1.5333333333333332,0.1993916237498226,0.2257393582997071,238.36100158129824,239.3608447628077,True,502.5482498349201,-1.656393148331839,-0.0021455471267372572,740.9092514162184,1.3420017888197373,0.002065293179412009,632.9416854376146,-1.167714265477914,-0.0021118238891094654,872.3025302004223,0.831571617555249,0.002064216083931092
case_000,1.12,3.60188206076256,14.998068855686943,1.6000000000000014,0.21376834659884192,0.23713285165741532,249.60212350751806,252.03708049133184,True,496.99323658839205,-1.6675913145129129,-0.002303746118689276,746.5953600959101,1.3305479193203544,0.0022107068038766386,626.5070579810651,-1.1797648614409992,-0.0022668990159386837,878.544138472397,0.819385319132712,0.0022102443783415526
case_000,1.125,3.7665929833225156,14.997834771242182,1.6666666666666667,0.22829548898151497,0.24852381067985244,260.8125368152621,264.7016614157667,True,491.44744246775326,-1.6788938293416575,-0.0024641731253912114,752.2599792830154,1.3189641077624539,0.0023570687366442633,620.0631611857696,-1.19193353663805,-0.0024241301629239764,884.7648226015363,0.80706351196215,0.002357266725045104
case_000,1.1300000000000001,3.9313527131030703,14.997582564882672,1.733333333333335,0.24294925404569087,0.2599116582392251,271.9871373492173,277.3462547855552,True,485.91296806251216,-1.690281358115858,-0.00262660202488163,757.9001054117294,1.3072686822442139,0.002504102521705742,613.6135781942014,-1.2041997170149226,-0.002583302476874383,890.9598329797566,0.7946257393270425,0.0025049995527990365
case_000,1.135,4.096063547462478,14.997311602669917,1.8,0.2577078382518909,0.27129599962495926,283.12163172669614,289.9636407718542,True,480.3915713660665,-1.701736171584986,-0.00279082620840293,763.5132030927626,1.2954784268112798,0.0026515542860938712,607.1614441784737,-1.2165445368438408,-0.0027442201036842473,897.125084950328,0.7820898924370422,0.002653182039618396
case_000,1.1400000000000001,4.260640043698043,14.997021260131683,1.8666666666666685,0.27255133378804186,0.28267657643472505,294.2124761619297,302.54762352481225,True,474.88470027492184,-1.7132420707022376,-0.0029566574523846034,769.0971764368516,1.283608660610555,0.002799191807169421,600.7094908830526,-1.2289507598333957,-0.0029067049419820856,903.2571144078648,0.7694722960530059,0.002801575315426852
case_000,1.145,4.425007842191464,14.996710921750662,1.9333333333333333,0.2874616306826527,0.2940532316930511,305.25681005655696,315.09294143488125,True,469.3935264745698,-1.7247843108042178,-0.0031239248027419286,774.6503365311268,1.2716733169958927,0.0029468035611978083,594.2600900827157,-1.2414026994398701,-0.0030705954299207194,909.353031517597,0.756787793821364,0.0029499616252261496
case_000,1.1500000000000001,4.589102902828146,14.996379980763406,2.0,0.30242231866417935,0.3054258525814497,316.2523665713318,327.5951448442273,True,463.91899093088364,-1.736349525247755,-0.003292473472810309,780.1713575022154,1.2596850225235772,0.003094197752906369,587.815311664369,-1.2538861384188484,-0.0032357453656945423,915.4104565085963,0.7440498332762875,0.0030981434531980323
case_000,1.155,4.590414362757645,14.996048567885017,2.0,0.3173187020859583,0.3153236007239633,321.3493264832858,338.5173146488005,True,460.85975242282956,-1.7478623978653973,-0.0034610625193026157,782.2090789061153,1.2477202831920313,0.0032401931387396887,582.1275474994284,-1.2663041147150362,-0.003400972509831013,920.6448621482289,0.7313548111244778,0.003244900870045586
case_000,1.16,4.613917044174081,14.995732544297251,2.0,0.3317326595962321,0.32277813516023407,325.041000727005,346.9585781820184,True,458.5818121077966,-1.7589848750029686,-0.0036250790995413507,783.6228128348016,1.2361250703016782,0.0033805726049911944,577.637011089366,-1.2783042819977768,-0.00356189186068101,924.5955892713844,0.7190552690173778,0.0033858618958801934
case_000,1.165,4.650178070008274,14.99542659817126,2.0,0.3453597424554496,0.3284001625137928,327.82809572888914,353.6395695759287,True,456.81842528091533,-1.769481093252479,-0.00378111382245111,784.6465210098045,1.225143035567971,0.0035123161880995513,573.9926313258028,-1.2896304662798161,-0.0037152851011601484,927.6322009017315,0.7074082871567403,0.003517868628311549
case_000,1.17,4.692927432015613,14.995127144451523,2.0,0.3580508188096488,0.3326472825025466,330.0273266497916,359.05198373205053,True,455.3966298553088,-1.7792365936867418,-0.003927443828264543,785.4239565051004,1.214894565669171,0.0036339974244103956,570.9578041404154,-1.3001577298017126,-0.00385953929142957,930.009787872466,0.6965403420534904,0.003639410711223201
case_000,1.175,4.738086042858138,14.994831817407796,2.0,0.3697531551609515,0.33586204757680455,331.8358710051522,363.5310776579736,True,454.2059575625015,-1.7882120837742959,-0.004063401308880832,786.0418285676537,1.205423394132357,0.003745170561077482,568.3735770626857,-1.309842673580577,-0.003994032130366698,931.9046547206593,0.6864969363523103,0.0037500060877737607
case_000,1.18,4.7830730838184605,14.994539108453383,2.0,0.3804718613642522,0.3383008125428927,333.374391003385,367.3059692809687,True,453.1769504675694,-1.796413239873173,-0.004188957601858889,786.5513414709544,1.1967271506558004,0.0038459722413994313,566.133223348734,-1.3186908857038762,-0.004118731735762271,933.4391926297027,0.6772750447583323,0.0038497937286261497
case_000,1.185,4.82632007046202,14.994248106920711,2.0,0.3902450447731543,0.3401554534506142,334.715470826409,370.53423102943646,True,452.26662036417457,-1.8038712901622884,-0.0043044532510024824,786.9820911905836,1.1887770816736294,0.003936866740747114,564.1648393104746,-1.326735939168743,-0.004233940398085723,934.699070339911,0.6688439980781575,0.003939269511087418
case_000,1.19,4.866933827072103,14.993958314539363,2.0,0.3991280985881714,0.3415696517239765,335.9021799599667,373.325489520003,True,451.44874577517635,-1.8106307672619517,-0.004410425919592842,787.350925735143,1.1815305451394011,0.004018486250503883,562.4195354357857,-1.3340260901334606,-0.004340133920247902,935.7450249557887,0.6611586688652143,0.004019117818691076
case_000,1.195,4.904464899915783,14.993669512932776,2.0,0.4071840020052063,0.34265107621502344,336.9600069604798,375.75740023188087,True,450.7074899818302,-1.8167419699724772,-0.004507503146000291,787.66749694231,1.1749387416950294,0.004091533279496906,560.8634919277802,-1.3406160484668461,-0.0044378635908527975,936.620892159661,0.6541675944217186,0.004090106417904749
case_000,1.2,4.938749780764758,14.993381669348588,2.0,0.41447752299627366,0.3434804853776048,337.9043850124766,377.8863748246696,True,450.03326922400925,-1.8222564746467371,-0.004596337523418703,787.9376542364859,1.1689513475870101,0.0041567230485414774,559.4726631276234,-1.3465620445495683,-0.0045276985828028304,937.359037952293,0.6478178168296627,0.004153022645587479
case_000,1.205,4.96980433727468,14.993094869959181,2.0,0.4210719134018152,0.3441185257237648,338.7453204842202,379.75472494536064,True,449.4201261713289,-1.8272245884884915,-0.004677569225489064,788.1654466555491,1.163519164489719,0.004214751172443187,558.2292835066213,-1.3519190041421743,-0.0046101939682342,937.9840084519819,0.6420576294006715,0.0042086361784754445
case_000,1.21,4.997752614946414,14.992809273089534,2.0,0.4270271663450902,0.34461080307917136,339.4901400341751,381.3953702399041,True,448.86409995618493,-1.8316940157332444,-0.004751805871033299,788.35423999036,1.15859552275114,0.004266276996289675,557.1195926379798,-1.3567390473754646,-0.004685874613438168,938.5149628778839,0.636838013414981,0.004257678643411089
case_000,1.215,5.022779697835806,14.992525076684743,2.0,0.4323992215965577,0.3449916735196025,340.1450464863566,382.83491798001637,True,448.3622412569307,-1.8357092563456883,-0.004819613060323968,788.5072877432873,1.1541369256390797,0.004311916279071626,556.13237117224,-1.3610707934397095,-0.004755228557197677,938.9672891522564,0.6321132824604957,0.004300833597574827
case_000,1.22,5.0451010752024406,14.99224249608348,2.0,0.4372397319214766,0.34528706870841797,340.71592739706324,384.095647261512,True,447.9120441752527,-1.8393114354673044,-0.004881511346805645,788.6279715723159,1.1501032423558544,0.004352239288637538,555.2580189500737,-1.3649591442145408,-0.004818705858631422,939.3536662115857,0.6278412599792439,0.00433873278808905
case_000,1.225,5.064943027186708,14.991961749075136,2.0,0.44159613875805004,0.34551660865959066,341.2087183887717,385.19677866813004,True,447.51113649726506,-1.842538368214228,-0.004937976851555004,788.7198548860367,1.1464576506407937,0.004387771786249994,554.4879843010523,-1.3684453338957678,-0.00487672033394948,939.6847629691823,0.6239832013249366,0.004371956001063715
case_000,1.23,5.082530430421598,14.9916830461617,2.0,0.4455119061506137,0.3456951795235456,341.6295089389641,386.1552757064744,True,447.1571286226012,-1.845424743093536,-0.004989443817870365,788.7866375615653,1.1431664499880538,0.004418997412927006,553.8144212876851,-1.3715671165644834,-0.004929652647395144,939.9696969941596,0.6205035869671277,0.004401032870751054
case_000,1.235,5.098079479341246,14.991406584491227,2.0,0.44902682109821007,0.3458341118187525,341.9845112652954,386.9863461112809,True,446.84755555555785,-1.8480023536064634,-0.005036308047128402,788.8320668208532,1.1401988194762933,0.004446360596966625,553.2299912032489,-1.374359013585829,-0.004977853841236501,940.2163373145298,0.6173698635571548,0.004426445640510646
case_000,1.24,5.111793610663972,14.991132544349323,2.0,0.45217730832448927,0.3459420620616579,342.27996658270166,387.7037554360562,True,446.57987018646116,-1.8503003386134087,-0.005078930596398579,788.8598367691628,1.1375265624556279,0.004470269504164848,552.7277527473044,-1.3768525763571748,-0.0050216488038863916,940.4315081833606,0.6145521760298556,0.004448632287581522
case_000,1.245,5.123861506533797,14.99086108742775,2.0,0.45499673183308315,0.3460256716106737,342.52203191648397,388.32002461736477,True,446.3514625841181,-1.8523454108964494,-0.005117641390992911,788.8734945006021,1.1351238608569287,0.004491098793949766,552.3011055581478,-1.37907664055958,-0.005061339423501787,940.6211301755126,0.6120231134849833,0.004467989685532359
case_000,1.25,5.1344564037164515,14.990592356296798,2.0,0.45751567056946235,0.34609006006138426,342.7166719404252,388.84655909681726,True,446.1596898146692,-1.854162064860432,-0.005152742576194302,788.8763617550944,1.1329670498577304,0.004509192089446001,551.9437639237682,-1.3810575607224258,-0.0050972073278029995,940.7903230205854,0.6097574790332759,0.004484876638121249
case_000,1.2550000000000001,5.1437362099880435,14.99032647468103,2.0,0.4597621641440052,0.34613919471615606,342.8695677260409,389.29373872602196,True,446.00190772917875,-1.855772760878284,-0.005184511534533864,788.8714754552196,1.131034416635921,0.004524864149682173,551.6497465533268,-1.3828194212728018,-0.005129516195656492,940.9434852793488,0.6077320865986214,0.004499616714309818
case_000,1.26,5.151844096436639,14.990063548251195,2.0,0.4617619292386929,0.34617616754031,342.98604712109625,389.67098669879135,True,445.87550015611714,-1.8571980872726583,-0.005213203553088963,788.8615472772134,1.1293060231032324,0.004538402772624517,551.4133737319291,-1.3843842242329498,-0.0051585136710275425,941.0843604307205,0.6059255837904836,0.004512500866870106
case_000,1.2650000000000001,5.158909351992951,14.989803665730015,2.0,0.4635385496408024,0.34620340301800184,343.07103716335257,389.98682827588186,True,445.7779034699879,-1.8584569025962516,-0.005239054157034961,788.8489406333405,1.1277635505501782,0.004550070474968249,551.2292668492364,-1.3857720557415283,-0.005184432930477434,941.2160951251183,0.6043182980603945,0.004523789845062964
case_000,1.27,5.16504836438295,14.989546900170577,2.0,0.4651136437122057,0.3462228143778889,343.12903663033495,390.2489453111748,True,445.7066259757045,-1.8595664614278857,-0.005262281140598013,788.8356626060395,1.1263901633481492,0.004560105997976793,551.0923476043598,-1.3870012343520783,-0.00520749396122,941.3412929155346,0.6028921026752413,0.004533716424143519
case_000,1.2750000000000001,5.170365642962284,14.989293310309582,2.0,0.46650701315972043,0.346235921233497,343.16410575519535,390.4642296258029,True,445.6592623470185,-1.8605425268456015,-0.005283086331720255,788.8233681022139,1.1251703887276985,0.004568725684693964,550.9978356125521,-1.3880884441510986,-0.005227904604606648,941.462065238355,0.6016302990333148,0.004542487477787627
case_000,1.28,5.1749548323531425,14.989042941928977,2.0,0.4677367766126939,0.34624393837887646,343.1798698078182,390.6388364876216,True,445.63350374323517,-1.8613994723764054,-0.005301657126496939,788.8133735510534,1.1240900098718931,0.0045761247665158655,550.9412439842558,-1.3890488554701672,-0.005245861413823882,941.5800804718774,0.600517512186689,0.004550285918089703
case_000,1.285,5.178899687364134,14.988795829181957,2.0,0.46881949097661424,0.3462478430121632,343.1795333321577,390.7782384257472,True,445.62714436714634,-1.8621503757387727,-0.0053181678264706544,788.806677699304,1.123135969939272,0.004582478588739003,550.9183729199598,-1.3898962355427835,-0.005261550367010315,941.696611345707,0.5995395969157622,0.004557272524106704
case_000,1.29,5.182274993347277,14.98855199585513,2.0,0.4697702629543131,0.34624842581609494,343.16590214326345,390.8872790662939,True,445.638085225595,-1.8628071061943454,-0.005332780807771276,788.8039873688584,1.1222962850504983,0.004587943796601157,550.9253016030873,-1.390643050994551,-0.00527514746932356,941.8125806693812,0.5986835522128073,0.004563587675508629
case_000,1.295,5.185147424645281,14.988311456549978,2.0,0.4706028525842602,0.3462463299473632,343.1414105963799,390.97022643207515,True,445.66433577946503,-1.8633804068658293,-0.005345647546797838,788.8057463758449,1.1215599646751644,0.004592659496182483,550.9583787688601,-1.3913005636188212,-0.005286819270449494,941.9286052009353,0.5979374425087004,0.0045693530035805785
case_000,1.3,5.187576338927162,14.988074217774653,2.0,0.47132977017437144,0.346242080958034,343.1081520707373,391.03082508484795,True,445.70401406393904,-1.8638799729848827,-0.005356909523120901,788.8121661346763,1.1209169382099722,0.004596748398597916,551.0142123394645,-1.3918789205099353,-0.005296723317971819,942.0450374243125,0.5972903243912175,0.00457467296803038
case_000,1.305,5.18961450820989,14.987840278942704,2.0,0.47196236762199184,0.3462361099041375,343.06791102077426,391.07234652525597,True,445.75534574645195,-1.8643145267144177,-0.005366699016780718,788.8232567672262,1.1203579868353766,0.004600317951230337,551.0896584827638,-1.392387239313624,-0.005305008562010161,942.1620050080197,0.5967321779043622,0.004579636364942963
case_000,1.31,5.191308789018634,14.987609633279034,2.0,0.4725109248053265,0.34622877132316565,343.0221953157644,391.09763735351726,True,445.8166624829497,-1.8646918889420008,-0.005375139814209728,788.8388577987141,1.1198746799743,0.004603461456248126,551.181810397645,-1.3928336891087767,-0.005311815722529645,942.2794477511623,0.5962538417877249,0.004584317768833501
case_000,1.315,5.192700734966107,14.98738226863603,2.0,0.47298473150068504,0.34622035733447937,342.97226790677036,391.10916480219373,True,445.88639983902584,-1.8650190482571989,-0.005382347834617385,788.8586677457962,1.119459315858521,0.004606259174167238,551.2879870680146,-1.3932255672503961,-0.0053172776276264044,942.3971518702083,0.5958469522196909,0.004588778910011249
case_000,1.32,5.193827155368112,14.9871581682243,2.0,0.4733921651125863,0.3462111087977502,342.91917712608165,391.1090593631835,True,445.96309496400045,-1.8653022271960495,-0.0053884316867674475,788.8822720900821,1.119104865843595,0.0046087794085900025,551.4057221679446,-1.3935693723712013,-0.005321519528760088,942.5147815311282,0.5955038847780911,0.0045930699872968606
case_000,1.325,5.19472062356869,14.986937311263562,2.0,0.47374076438847845,0.34620122422704375,342.8637851420573,391.09915433413323,True,446.0453841430948,-1.8655469457504072,-0.005393493164575214,788.9091692851521,1.1188049222100511,0.004611079567322207,551.532753247169,-1.393870873649825,-0.005324659397188458,942.6319075813022,0.5952176994366996,0.004597230915437012
case_000,1.33,5.195409938554224,14.986719673559664,2.0,0.47403729921558846,0.34619086698140106,342.8067942664737,391.08102219977434,True,446.1320003041688,-1.8657580820890531,-0.005397627688780993,788.9387945706425,1.1185536492549184,0.004613207194672286,551.66701128072,-1.3941351763975751,-0.005326808204639766,942.7480334804943,0.5949820884851598,0.0046012925062229315
case_000,1.335,5.195920543269737,14.986505228013955,2.0,0.4742878365544824,0.3461801711213788,342.74877094802906,391.0560078395257,True,446.22177051929117,-1.865939930412989,-0.005400924701039422,788.9705414673202,1.1183457375206562,0.004615200969746547,551.8066106295827,-1.3943667839854015,-0.005328070190418699,942.8626184691084,0.5947913273019918,0.0046052775822616465
case_000,1.34,5.196274902858588,14.986293945071221,2.0,0.4744978025440363,0.346169246223437,342.6901673904921,391.02525861398647,True,446.31361351572457,-1.8660962558622047,-0.0054034680160374715,789.0037809062167,1.118176361034359,0.004617091665861439,551.9498394306331,-1.3945696561213166,-0.005328543116576545,942.9750980446196,0.5946402279324348,0.004609202022496761
case_000,1.345,5.196492845851042,14.986085793112167,2.0,0.4746720408089003,0.3461581813716762,342.6313408124814,390.9897514306615,True,446.4065371934993,-1.8662303463994396,-0.005405336136676486,789.0378780059807,1.1180411374434416,0.004618903066693714,552.0951504126232,-1.3947472634901807,-0.00532831851242338,943.0849018432847,0.5945240954306491,0.004613075738852834
case_000,1.35,5.196591871141915,14.9858807387962,2.0,0.4748148670078157,0.34614704849277156,342.5725704231558,390.95031692499697,True,446.49963613617325,-1.8663450616137232,-0.0054066025368698645,789.0722065593291,1.1179360909391598,0.004620652835428507,552.2411521200096,-1.3949026387783525,-0.00532748190943938,943.1914690450066,0.5944386869241053,0.004616903583749055
case_000,1.355,5.196587423425453,14.985678747359904,2.0,0.47493011967509996,0.3461359051602038,342.51407222815857,390.90766091830415,True,446.59208909575574,-1.8664428784089802,-0.005407335916100708,789.1061613239143,1.1178576178590476,0.004622353333865958,552.3866005165585,-1.395038424121487,-0.00532611306752101,943.2942614348626,0.5943801733502783,0.004620686188644252
case_000,1.36,5.19649313959785,14.98547978287621,2.0,0.475021207425135,0.34612479696444376,342.4560118067964,390.86238333086396,True,446.683156430917,-1.8665259335680315,-0.005407600429523929,789.1391682377134,1.1178024548560053,0.004624012389176146,552.5303909351128,-1.3951569150322796,-0.005324286193430894,943.3927742659768,0.5943451038046875,0.004624420734205492
case_000,1.365,5.19632106849334,14.98528380847886,2.0,0.47509115260843915,0.3461137595239202,342.39851521759357,390.8149947383422,True,446.77217747844946,-1.8665960632080252,-0.005407455897069313,789.170692696043,1.1177676495172264,0.004625634006718171,552.6715503376947,-1.3952601008842396,-0.0053220701522850855,943.4865450760369,0.5943303724270702,0.004628101653123995
case_000,1.37,5.196081866185975,14.985090786556418,2.0,0.47514263152625147,0.34610282019539745,342.34167819737013,390.765930763582,True,446.85856784064003,-1.8666548391682112,-0.00540695799469304,789.2002460380102,1.117750533311275,0.004627219028032814,552.8092298504898,-1.3953497020462786,-0.005319528672886209,943.5751606140718,0.5943331877401781,0.004631721267007227
case_000,1.375,5.195784968963118,14.984900678919612,2.0,0.4751780113274273,0.3460919995303183,342.2855738210187,390.7155644955608,True,446.94181657485876,-1.8667036023938914,-0.0054061584306382415,789.2273903958775,1.1177486967373544,0.004628765733763807,552.9426975403334,-1.3954272037800834,-0.005316720547692444,943.6582620358942,0.5943510443444903,0.00463527035915251
case_000,1.3800000000000001,5.1954387459581515,14.984713446945465,2.0,0.47519938372612036,0.3460813125146337,342.2302587866065,390.6642171233151,True,447.0214832761548,-1.8667434934011569,-0.005405105109278996,789.2517420627613,1.1177599665476992,0.004630270391856817,553.0713314028887,-1.3954938870273843,-0.005313699828178586,943.7355485262038,0.5943816968624956,0.0046387386853445345
case_000,1.385,5.1950506333149695,14.984529051701312,2.0,0.47520859569085716,0.3460707696228316,342.1757784847235,390.6121669662341,True,447.09719504814035,-1.8667754799247434,-0.005403842284853189,789.2729735328638,1.1177823849121118,0.004631727751912618,553.1946125369207,-1.3955508562269712,-0.005310516016306999,943.8067795031548,0.5944231360184963,0.004642115425113669
case_000,1.3900000000000001,5.194627251646276,14.984347454051418,2.0,0.4752072772650308,0.34606037771168974,342.1221710029356,390.55965707379744,True,447.1686433620131,-1.866800381866449,-0.005402410707122718,789.2908143649487,1.117814190393286,0.004633131487033648,553.3121184838053,-1.3955990643115386,-0.0053072142527714194,943.8717755576027,0.5944735667342359,0.004645389576144021
case_000,1.395,5.194174508439161,14.984168614748672,2.0,0.47519686668556993,0.34605014077528073,342.0694702068037,390.506901558148,True,447.2355808077113,-1.8668188936734844,-0.005400847760747951,789.305051014515,1.1178538006024794,0.004634474584900405,553.4235167162336,-1.395639335042118,-0.005303835502612819,943.9304182743816,0.5945313881169966,0.00464855029472433
case_000,1.4000000000000001,5.193697686956136,14.983992494513474,2.0,0.4751786329707,0.34604006057962516,342.0177080284972,390.45409081240246,True,447.29781774512645,-1.8668316042855788,-0.005399187599912925,789.3155257736237,1.1178997964074628,0.004635749690149127,553.5285582649207,-1.3956723828432378,-0.005300416738726443,943.9826490773231,0.594595175215152,0.004651587185302064
case_000,1.405,5.193201523075652,14.9838190541017,2.0,0.47515369614949826,0.34603013719288717,341.96691608330025,390.4013957566167,True,447.3552188665474,-1.8668390147961702,-0.005397461279507465,789.3221349498476,1.1179509075680882,0.004636949400393331,553.6270714765764,-1.3956988303049622,-0.005296991123696582,944.028467233193,0.59466366241617,0.0046544905423206995
case_000,1.41,5.192690271414695,14.983648254363382,2.0,0.47512304530560695,0.34602036942497727,341.91712672333176,390.3489712422296,True,447.407699684353,-1.8668415539774184,-0.005395696883948142,789.3248264076848,1.1180059996792893,0.004638066518445394,553.7189559005348,-1.3957192235189932,-0.0052935881903040105,944.0679271427643,0.5947357283637117,0.004657251547606933
case_000,1.415,5.192167761976966,14.983480056293544,2.0,0.4750875546052479,0.346010755188734,341.86837362713396,390.2969587345309,True,447.4552229602369,-1.8668395918207765,-0.005393919654511747,789.3235965873708,1.1180640623066564,0.004639094263458932,553.8041763052081,-1.395734045415281,-0.005290234020953133,944.101135039739,0.5948103822733726,0.004659862426621142
case_000,1.42,5.191637448473048,14.98331442107637,2.0,0.4750479974758737,0.3460012917934242,341.820692013354,390.24548838200565,True,447.49779509390964,-1.866833451245083,-0.005392152115863302,789.3184871072636,1.118124198205656,0.004640026443822776,553.8827568285236,-1.3957437272631126,-0.005286951426176134,944.1282452105293,0.5948867515306868,0.00466231656690097
case_000,1.425,5.191102449365689,14.983151310123786,2.0,0.47500505909663215,0.3459919761800682,341.77411855672733,390.19468057061806,True,447.5354624905583,-1.866823418122706,-0.005390414202277594,789.3095810472856,1.1181856135219894,0.0046408575947091135,553.9547752693572,-1.3957486584970247,-0.005283760122270054,944.1494558399753,0.594964070459957,0.004664608602014286
case_000,1.43,5.190565582602041,14.982990685109344,2.0,0.4749593473555761,0.3459828051070068,341.72869107533523,390.1446470511785,True,447.5683079268969,-1.866809749771251,-0.005388723383897787,789.2969990022322,1.1182476088773696,0.004641583083207501,554.020357528826,-1.3957491950228522,-0.005280676908040516,944.1650045800045,0.5950416701580871,0.004666734464295275
case_000,1.435,5.1900293949079375,14.982832507998124,2.0,0.4749114024214474,0.345973775293171,341.68444804911724,390.09549171817457,True,447.5964469360812,-1.8667926820543557,-0.0053870947932231905,789.2808949851984,1.1183095712518805,0.004642199183971185,554.0796722120386,-1.395745666153504,-0.005277715840535935,944.1751639302132,0.5951189692937418,0.0046686914095742105
case_000,1.44,5.1894961864357,14.982676741073307,2.0,0.47486170507011305,0.34596488352564875,341.6414280216252,390.0473111094756,True,447.62002423157446,-1.866772435229923,-0.005385541351891843,789.2614522531996,1.118370966581131,0.004642703128270531,554.1329254018467,-1.395738380317369,-0.005274888409582623,944.1802365113223,0.5951954657786231,0.004670478017024748
case_000,1.445,5.1889680314773745,14.98252334695995,2.0,0.47481068389752223,0.345956126737367,341.59966892936404,390.00019468782625,True,447.63921018958195,-1.8667492186782633,-0.0053840738977115055,789.238879118946,1.1184313329932754,0.004643093129283293,554.1803556167526,-1.395727629675119,-0.005272203710861734,944.1805503045789,0.5952707292242968,0.004672094167149643
case_000,1.45,5.188446795880158,14.982372288646328,2.0,0.47475872154255394,0.3459475020600057,341.55920739625725,389.9542249571733,True,447.6541974089549,-1.8667232346361358,-0.005382701311793525,789.2134048052121,1.1184902746178456,0.004643368386373414,554.2222289652283,-1.395713693773018,-0.005269668617211676,944.1764539224016,0.5953443941047105,0.004673541000805137
case_000,1.455,5.187934151729708,14.982223529503276,2.0,0.4747061600344829,0.3459390068566207,341.5200780244732,389.90947745955316,True,447.66519736638617,-1.8666946810556653,-0.005381430645565455,789.1852753908594,1.1185474559048307,0.004643529071004793,554.2588345085082,-1.3956968423529725,-0.005267287947789134,944.1683119680614,0.5954161535512014,0.00467482086203258
case_000,1.46,5.18743158980053,14.98207703330171,2.0,0.47465330537112727,0.3459306387378769,341.4823127072148,389.86602069169214,True,447.6724371835216,-1.866663753699847,-0.005380267247370174,789.1547498907364,1.1186025963987987,0.004643576296822494,554.290479843239,-1.395677337431422,-0.0052650646346860674,944.1565005349312,0.5954857537133188,0.004675937227323235
case_000,1.465,5.186940430210354,14.98193276422863,2.0,0.4746004314251716,0.3459223955652692,341.44593998399057,389.82391597422725,True,447.6761565211542,-1.8666306475788188,-0.005379214888308392,789.1220965051448,1.1186554659187473,0.004643512076303036,554.3174869145442,-1.3956554347510508,-0.005262999886570308,944.1414028887715,0.5955529886250523,0.004676894623788175
case_000,1.47,5.186461831658112,14.981790686901686,2.0,0.47454778326775776,0.34591427544423936,341.4109844543567,389.7832173010619,True,447.67660461417336,-1.8665955578235611,-0.0053782758869407865,789.0875890685301,1.1187058801000318,0.004643339266238999,554.3401880688622,-1.395631384701144,-0.00526109334890118,944.1234053699241,0.5956176955221093,0.004677698538549824
case_000,1.475,5.185996799571522,14.981650766382527,2.0,0.47449557999029085,0.3459062767096713,341.37746626210907,389.74397119124205,True,447.67403745922576,-1.8665586800860272,-0.0053774512324413215,789.0515037213348,1.1187536962598876,0.004643061504175761,554.3589223546138,-1.395605432794387,-0.005259343260263005,944.1028935458559,0.5956797505615703,0.004678355321506011
case_000,1.48,5.185546193441856,14.981512968188934,2.0,0.47444401709756884,0.3458983979058703,341.3454006583976,389.706216561347,True,447.66871516538765,-1.8665202105472563,-0.005376740705775762,789.0141158237852,1.1187988095529122,0.004642683137770776,554.3740320772433,-1.3955778197800637,-0.005257746604360569,944.0802486385903,0.5957390649006241,0.004678872083454189
case_000,1.485,5.185110733578552,14.981377258305855,2.0,0.4743932685378564,0.34589063776279216,341.3147976491208,389.6699846323603,True,447.6608994763651,-1.8664803456076406,-0.005376142998475164,788.9756971254859,1.1188411493872397,0.004642209148890575,554.3858596135099,-1.395548781465917,-0.005256299257233088,944.0558442458702,0.5957955810960285,0.004679256591394065
case_000,1.49,5.184691007476224,14.981243603195383,2.0,0.47434348842842744,0.3458829951699904,341.2856617293231,389.63529888142625,True,447.6508514709956,-1.866439281326398,-0.005375655828577297,788.9365132003187,1.1188806760761902,0.004641645074108747,554.3947444883158,-1.3955185483136419,-0.005254996129257505,944.0300433697421,0.5958492697905954,0.004679517162662572
case_000,1.495,5.184287475949944,14.98111196980566,2.0,0.47429481252841427,0.34587546914948375,341.25799170506633,389.6021750458235,True,447.63882944706637,-1.8663972126703554,-0.005375276053321276,788.8968211521327,1.1189173777037595,0.004640996923114982,554.4010207155408,-1.3954873448658525,-0.005253831301540335,944.0031957613643,0.5959001266571535,0.004679662559388176
case_000,1.5,5.183900479162237,14.980982325578777,2.0,0.4742473595045442,0.3458680588285182,341.2317806012529,389.570621183787,True,447.6250869917982,-1.8663543326255854,-0.0053749997781982195,788.8568675930511,1.118951267185515,0.004640271096393478,554.4050144026625,-1.3954553890556824,-0.005252798156326843,943.9756355864495,0.5959481695743065,0.0046797018845906035
case_000,1.5050000000000001,5.183530242636188,14.980854638457647,2.0,0.47420123202952086,0.34586076341299293,341.20701565237727,389.5406377944123,True,447.60987124063234,-1.8663108312190926,-0.005374822461987616,788.8168868930096,1.1189823795093643,0.004639474303382296,554.4070416172557,-1.3954228914437918,-0.005251889501092455,943.947679411668,0.5959934360117304,0.004679644481092593
case_000,1.51,5.183176883323543,14.980728876891838,2.0,0.47415651774742723,0.34585358216214923,341.1836783717801,389.51221799700886,True,447.5934213244563,-1.8662668944918146,-0.005374739017436514,788.7770996962364,1.1190107691431046,0.0046386134821810865,554.4074065117501,-1.3953900544215552,-0.00525109768602372,943.919624508759,0.5960359806058394,0.004679499834258194
case_000,1.5150000000000001,5.182840415774538,14.980605009842405,2.0,0.4741132901355769,0.34584651436496877,341.16174469400517,389.48534776844133,True,447.5759670038593,-1.8662227034585839,-0.005374743907274382,788.7377116978645,1.1190365075978679,0.004637695721736557,554.4063997013411,-1.395357071413622,-0.005250414714637552,943.8917474697824,0.5960758729093918,0.0046792774794229275
case_000,1.52,5.182520758436712,14.980483006785663,2.0,0.4740716092877181,0.3458395593186042,341.14118518403865,389.46000623576856,True,447.5577274876228,-1.8661784330854323,-0.005374831235293309,788.6989126716614,1.1190596811383964,0.004636728187302042,554.4042968883663,-1.3953241261077818,-0.005249832347337113,943.8643031241348,0.5961131953009884,0.004678986914740946
case_000,1.5250000000000001,5.182217740093983,14.980362837715957,2.0,0.4740315226393938,0.3458327163090549,341.12196530658855,389.4361660202667,True,447.53891043141766,-1.8661342513097643,-0.005374994832260838,788.6608757380062,1.1190803886326945,0.004635718049842419,554.4013577251794,-1.3952913917352812,-0.005249342197747975,943.8375237454461,0.5961480410425467,0.004678637520040385
case_000,1.53,5.181931106443016,14.980244473147398,2.0,0.4739930656525528,0.3458259845942127,341.10404574821354,389.41379362807584,True,447.51971111140637,-1.8660903181243922,-0.005375228336477522,788.6237568596199,1.1190987395348473,0.004634672419934149,554.3978249062302,-1.3952590304202563,-0.005248935821729972,943.811618534306,0.5961805124745746,0.004678238482149377
case_000,1.5350000000000001,5.181660526793092,14.980127884114557,2.0,0.47395626247319206,0.3458193633893292,341.08738278483077,389.39284988204065,True,447.50031176651066,-1.8660467847422915,-0.005375525268828618,788.5876945513414,1.119114851995939,0.004633598286601259,554.3939234790159,-1.3952271926129316,-0.005248604799006629,943.7867733610566,0.5962107193406839,0.0046777987270395505
case_000,1.54,5.181405600866013,14.980013042172182,2.0,0.47392112657285934,0.345812851854895,341.07192868710166,389.3732903888782,True,447.4808811020411,-1.8660037928551314,-0.005375879102226366,788.5528097891428,1.1191288510987811,0.004632502461420551,554.3898603625032,-1.3951960166175157,-0.005248340807405716,943.7631507513814,0.5962387772340116,0.004677326859020947
case_000,1.545,5.181165865666026,14.979899919393896,2.0,0.4738876613822358,0.34580644908687336,341.0576321561583,389.3550660354215,True,447.46157394670547,-1.8659614739952426,-0.005376283325376152,788.5192061028638,1.1191408672128773,0.004631391528134798,554.3858240608839,-1.3951656282224376,-0.005248135689748745,943.7408900963054,0.5962648061593269,0.004676831107121637
case_000,1.55,5.180940802383971,14.979788488369921,2.0,0.47385586092274795,0.3458001541091944,341.04443878239124,389.3381235076138,True,447.442531054186,-1.8659199490075415,-0.005376731500845777,788.4869698365773,1.1191510344665117,0.0046302717979223584,554.3819845597687,-1.3951361404376015,-0.0052479815134751084,943.7201080673825,0.5962889292054822,0.00467631927869161
case_000,1.555,5.1807298432964854,14.979678722203877,2.0,0.47382571044018057,0.34579396586838435,341.03229152014075,389.322405825866,True,447.42387904002516,-1.8658793276352235,-0.005377217317451943,788.4561705601659,1.1191594893331864,0.004629149270390431,554.378493391407,-1.395107653340691,-0.005247870623128925,943.700899217273,0.5963112713235428,0.004675798720185809
case_000,1.56,5.180532378618759,14.979570594508639,2.0,0.4737971870425748,0.345787883230187,341.0211311715974,389.3078528904946,True,447.40573044400423,-1.865839708220554,-0.005377734637019793,788.4268616156016,1.1191663693298806,0.00462802960028702,554.3754838551265,-1.3950802540322973,-0.005247795685877299,943.6833367456211,0.5963319582065104,0.00467527628500547
case_000,1.565,5.180347763268383,14.97946407940135,2.0,0.4737702603432741,0.34578190497801575,341.0108968734839,389.29440203114996,True,447.3881839079283,-1.8658011775199836,-0.005378277535604492,788.3990807814122,1.1191718118246592,0.004626918069858876,554.3730713788941,-1.3950540166976035,-0.005247749730267481,943.6674734100441,0.5963511152669323,0.004674758308208571
case_000,1.57,5.180175323498055,14.979359151497574,2.0,0.4737448931087893,0.34577602981306776,341.00152658060347,389.2819885544011,True,447.3713244584686,-1.8657638106309493,-0.0053788403392983075,788.3728510390721,1.1191759529512282,0.004625819566725753,554.371354007823,-1.3950290027707168,-0.005247726178462697,943.6533425622241,0.5963688667090228,0.00467425058784221
case_000,1.575,5.180014363356028,14.979255785904698,2.0,0.4737210419102003,0.3457702563559268,340.9929575408161,389.2705462840097,True,447.3552238846026,-1.865727671026141,-0.00537941765477673,788.3481814254187,1.1191789266279424,0.004624738567090836,554.3704130054097,-1.3950052611962627,-0.005247718872229079,943.6409592894194,0.5963853346920956,0.004673758372598202
case_000,1.58,5.179864170934832,14.979153958214567,2.0,0.4736986577760397,0.34576458314947867,340.9851267564544,389.26000808880656,True,447.3399411991354,-1.8656928106897128,-0.0053800043947663245,788.3250679555898,1.1191808636786318,0.004623679124059643,554.3703135533736,-1.3949828287816972,-0.005247722092973861,943.6303216421802,0.5964006385822129,0.004673286355448614
case_000,1.585,5.1797240243719145,14.979053644495496,2.0,0.47367768684402706,0.3457590086629663,340.97797142782844,389.2503063934804,True,447.32552317389406,-1.8656592703488,-0.005380595798640309,788.3034946017225,1.119181891052538,0.004622644860808323,554.37110553631,-1.3949617306328943,-0.00524773057615513,943.6214119297904,0.5964148942890363,0.004672838672884816
case_000,1.59,5.179593197568378,14.978954821283615,2.0,0.4736580710086031,0.3457535312970154,340.97142937488456,389.2413736681842,True,447.31200493829624,-1.865627079792874,-0.0053811874483711275,788.2834343131808,1.119182131140341,0.004621638968305253,554.3728243975407,-1.39494198066479,-0.005247739520407857,943.614198065725,0.5964282136848403,0.0046724189093538815
case_000,1.595,5.179470965596036,14.978857465573709,2.0,0.47363974856092866,0.3457481493894677,340.9654394337065,389.23314289313623,True,447.2994106312658,-1.8655962582728112,-0.005381775280086765,788.2648500649723,1.119181701183148,0.0046206642072698645,554.3754920531393,-1.3949235821784194,-0.005247744591741432,943.6086349462755,0.5964407041025863,0.004672030106463554
case_000,1.6,5.179356609766393,14.978761554809543,2.0,0.4736226548178745,0.34574286122186576,340.9599418250793,389.22554799516286,True,447.2877540966883,-1.8655668149710236,-0.005382355591496135,788.2476959217676,1.119180712771021,0.004619722914030566,554.3791178514267,-1.3949065284952722,-0.005247741923181837,943.6046658465896,0.596452467909911,0.004671674776514034
case_000,1.605,5.179249422339583,14.978667066873772,2.0,0.4736067227364767,0.34573766502644443,340.95487849280147,389.21852425339216,True,447.27703961304843,-1.865538749533775,-0.005382925045458287,788.2319181058499,1.119179271427404,0.004618817009930942,554.3836995659642,-1.3948908036397998,-0.00524772811023505,943.6022238193564,0.5964636021557451,0.0046713549199030036
case_000,1.61,5.179148710855476,14.97857398007751,2.0,0.47359188351039394,0.34573255899348904,340.95019341003695,389.21200867195705,True,447.26726264826516,-1.8655120526566098,-0.005383480669981511,788.2174560583021,1.1191774762756594,0.004617948013927009,554.389224410652,-1.3948763830608546,-0.005247700202554717,943.601233082609,0.5964741982862168,0.004671072045949576
case_000,1.615,5.1790538020729775,14.978482273149577,2.0,0.47357806714503614,0.3457275412789355,340.9458328523776,389.20594031800863,True,447.2584106311745,-1.865486706713824,-0.00538401985494652,788.2042434835521,1.1191754197835828,0.004617117058009046,554.3956700661719,-1.3948632343829388,-0.0052476556922010364,943.6016103841805,0.5964843419263137,0.004670827196680438
case_000,1.62,5.178964045508253,14.978391925225557,2.0,0.473565203008232,0.34572261001209426,340.94174563685544,389.20026062384136,True,447.2504637316637,-1.8654626864230068,-0.005384540345849953,788.1922093685191,1.1191731875817013,0.004616324905087177,554.403005707827,-1.39485131817839,-0.0052475924988727995,943.6032663316684,0.5964941127237346,0.004670620973130979
case_000,1.625,5.178878816566399,14.978302915836663,2.0,0.4735532203535645,0.34571776330339177,340.9378833265083,389.1949136523202,True,447.2433956419569,-1.8654399595359283,-0.0053850402348673,788.1812789684652,1.119170858350915,0.004615571968980159,554.411193025563,-1.3948405887519584,-0.005247508952491375,943.6061066778832,0.5965035842511872,0.004670453563720922
case_000,1.6300000000000001,5.1787975192652285,14.978215224898522,2.0,0.47354204881379725,0.34571299925203364,340.93420040052786,389.18984632536797,True,447.2371743521593,-1.8654184875473445,-0.005385517949531793,788.1713747526871,1.1191685037749348,0.004614858336156269,554.4201872277207,-1.3948309949296132,-0.005247403773508519,943.6100335530887,0.5965128239633666,0.004670324774281309
case_000,1.635,5.178719588553312,14.978128832699909,2.0,0.473531618862148,0.34570831595350393,340.93065439042846,389.18500861549535,True,447.2317629136505,-1.8653982264136406,-0.0053859722393258536,788.162417304079,1.1191661885528135,0.0046141837888833415,554.4299380209019,-1.394822480843933,-0.005247276051298988,943.6149466363972,0.5965218932046886,0.004670234059321654
case_000,1.6400000000000001,5.178644492228443,14.978043719891506,2.0,0.47352186223951864,0.34570371150682466,340.92720598293425,389.18035370092707,True,447.2271201846618,-1.8653791272737927,-0.005386402160470594,788.1543261675961,1.119163970466852,0.00461354782946094,554.4403905591173,-1.3948149867089277,-0.005247125220987303,943.6207442600444,0.5965308472638847,0.004670180554151415
case_000,1.645,5.178571732465298,14.977959867474722,2.0,0.4735127123461585,0.34569918402151006,340.92381909068735,389.1758380850348,True,447.2232015527789,-1.8653611371654792,-0.005386807059198417,788.1470206434662,1.1191619005010052,0.004612949705219194,554.4514863561909,-1.3948084495777626,-0.005246951039044212,943.6273244412257,0.5965397354714213,0.004670163107485692
case_000,1.6500000000000001,5.178500846964854,14.977877256790638,2.0,0.47350410459661313,0.3456947316241595,340.9204608920568,389.17142168126077,True,447.2199596299133,-1.8653441997299158,-0.005387186553777068,788.1404205219701,1.1191600230050154,0.0046123884339903665,554.4631641562171,-1.394802804077436,-0.005246753557971051,943.6345858374779,0.5965486013357997,0.004670180314195027
case_000,1.655,5.1784314097400035,14.977795869509132,2.0,0.4734959767371809,0.3456903524646415,340.917101841609,389.16706786486213,True,447.2173449156933,-1.8653282558993722,-0.0053875405155494605,788.1344467573023,1.1191583758993775,0.004611862829772828,554.4753607576139,-1.3947979831151194,-0.005246533100374484,943.642428622476,0.596557482714704,0.004670230547879017
case_000,1.6600000000000001,5.17836303155479,14.9777156876182,2.0,0.4734882691254723,0.3456860447218309,340.91371565300784,389.16274349313517,True,447.21530642594763,-1.8653132445620815,-0.005387869049236327,788.1290220789555,1.1191569909164005,0.004611371528332298,554.4880117870957,-1.394793918551492,-0.005246290232714501,943.6507552802309,0.5965664120170469,0.004670311992973353
case_000,1.665,5.178295360036438,14.977636693413528,2.0,0.47348092497201494,0.3456818066088678,340.9102792562228,389.15841889592207,True,447.2137922834446,-1.8652991031998,-0.005388172472738373,788.1240715396674,1.119155893872614,0.004610913012501605,554.5010524206378,-1.3947905418370916,-0.0052460257389885245,943.6594713165599,0.5965754164320001,0.004670422676125552
case_000,1.67,5.178228079481122,14.977558869488366,2.0,0.4734738905441936,0.3456776363779176,340.9067727311311,389.15406783841786,True,447.2127502686236,-1.8652857684938906,-0.0053884512966591025,788.1195229997547,1.1191551049679145,0.004610485636964978,554.5144180491918,-1.3947877846083028,-0.005245740594594539,943.6684858876097,0.5965845181811743,0.00467056049660286
case_000,1.675,5.178160910375887,14.977482198723706,2.0,0.4734671153331262,0.34567353232441417,340.90317921960036,389.1496674584332,True,447.2121283286126,-1.8652731768964435,-0.0053887062037539235,788.115307548213,1.1191546391069547,0.004610087652332562,554.5280448875678,-1.394785579240263,-0.0052454359405957884,943.677712346001,0.5965937347902055,0.004670723255523035
case_000,1.68,5.178093608660132,14.97740666427881,2.0,0.4734605521843794,0.3456694927907798,340.899484818319,389.145198180295,True,447.2118750432654,-1.865261265163526,-0.005388938028497048,788.1113598615844,1.1191545062384363,0.004609717228334365,554.5418705255822,-1.3947838593545947,-0.0052451130585864925,943.6870687058772,0.5966030793761068,0.004670908683725605
case_000,1.685,5.178025964751028,14.977332249582096,2.0,0.4734541573936928,0.34566551616961727,340.89567845455787,389.1406436077699,True,447.2119400475195,-1.8652499708482928,-0.005389147736938771,788.1076185020773,1.1191547117081417,0.004609372475983919,554.5558344211223,-1.394782560280437,-0.00524477334633805,943.6964780288922,0.5966125609469282,0.004671114468130788
case_000,1.69,5.177957802357406,14.977258938322425,2.0,0.47344789076912613,0.34566160090637915,340.89175174719173,389.13599039832286,True,447.21227440970415,-1.8652392327521305,-0.005389336407013334,788.1040261568959,1.1191552566217207,0.0046090514685834805,554.5698783353093,-1.3947816194678104,-0.005244418294384379,943.7058687336322,0.5966221847103513,0.004671338276455439
case_000,1.695,5.177888977107356,14.977186714440768,2.0,0.4734417156612614,0.34565774550152073,340.8876988551558,389.1312281211307,True,447.2128309659912,-1.8652289913327482,-0.005389505209435652,788.100529821147,1.1191561382134978,0.004608752261464677,554.5839467105179,-1.394780976852924,-0.005244049463681788,943.7151748316486,0.596631952388082,0.004671577780186287
case_000,1.7,5.177819375014245,14.977115562122298,2.0,0.4734355989632722,0.3456539485121504,340.883516315589,389.12634910114616,True,447.21356461142005,-1.8652191890684222,-0.00538965538931413,788.0970809270091,1.1191573502177332,0.004608472910377026,554.5979869924012,-1.3947805751754718,-0.005243668464460338,943.7243360935473,0.5966418625330234,0.004671830675729238
case_000,1.705,5.177748910806032,14.977045465788892,2.0,0.47342951108283543,0.3456502085531943,340.8792028738304,389.1213482516421,True,447.21443254838584,-1.8652097707782505,-0.005389788248586269,788.0936354222163,1.1191588832390984,0.004608211488459746,554.6119498975117,-1.3947803602484674,-0.0052432769363625065,943.7332981491538,0.5966519108464691,0.004672094703683072
case_000,1.71,5.1776775261418155,14.976976410092062,2.0,0.47342342588798225,0.34564652429809484,340.87475930728874,389.1162228974317,True,447.21539449372347,-1.8652006838986055,-0.005389905129370709,788.0901538010122,1.1191607251192561,0.004607966101745409,554.625789628461,-1.3947802811815428,-0.005242876529946594,943.7420125258927,0.596662090492685,0.00467236766620166
case_000,1.715,5.17760518773934,14.976908379906284,2.0,0.47341732062908876,0.3456428944790684,340.8701882452676,389.1109725910254,True,447.2164128458393,-1.865191878716437,-0.0053900073983120245,788.0866010911069,1.1191628612968378,0.0046077349031687365,554.6394640389101,-1.3947802905590556,-0.005242468889612217,943.7504366299355,0.5966723924085332,0.004672647442434841
case_000,1.72,5.177531885436003,14.97684136032277,2.0,0.4734111758392747,0.3456393178869462,340.865493986527,389.1055989238131,True,447.217452813612,-1.865183308560455,-0.0053900964319788525,788.082946800139,1.119165275158249,0.004607516105064047,554.6529347509356,-1.3947803445746614,-0.005242055637988907,943.7585336747487,0.5966828056059499,0.0046729320020536536
case_000,1.725,5.1774576302048265,14.976775336643636,2.0,0.47340497521552305,0.3456357933706285,340.8606823164666,389.10010533431193,True,447.2184825088779,-1.8651749299514624,-0.005390173603365966,788.0791648253445,1.1191679483770614,0.004607307990153575,554.6661672275076,-1.3947804031242717,-0.0052416383618134055,943.7662725618195,0.5966933174653265,0.004673219416883645
case_000,1.73,5.177382452146129,14.976710294376467,2.0,0.47339870548285395,0.34563231983618103,340.85576032548477,389.0944969153401,True,447.2194730046805,-1.8651667027135412,-0.0053902402695301666,788.0752333301652,1.1191708612400155,0.004607108921042713,554.6791308031025,-1.3947804298596387,-0.0052412185993023774,943.7736277184425,0.5967039140180718,0.00467350787068721
case_000,1.735,5.177306398473892,14.976646219229297,2.0,0.4733923562438801,0.3456288962456055,340.8507362301016,389.0887802219264,True,447.2203983614311,-1.8651585900479042,-0.005390297760383467,788.0711345915327,1.1191739929579003,0.0046069173482499726,554.6917986755202,-1.3947803922049513,-0.005240797829016319,943.7805788974466,0.5967145802168364,0.004673795667149094
case_000,1.74,5.177229531514737,14.976583097105928,2.0,0.47338591981604305,0.345625521615316,340.8456191981933,389.0829630815523,True,447.2212356233499,-1.8651505585715402,-0.005390347368651405,788.0668548215432,1.1191773219598389,0.004606731816811593,554.7041478621259,-1.3947802613390257,-0.005240377460196011,943.7871109436782,0.5967253001920974,0.004674081236130889
case_000,1.745,5.17715192673599,14.97652091410165,2.0,0.4733793910587851,0.3456221950143546,340.8404191795822,389.0770544082667,True,447.2219647876176,-1.86514257832291,-0.005390390340993312,788.0623839671998,1.1191808261697762,0.004606550971511136,554.7161591237968,-1.394780012145802,-0.0052399588245407025,943.7932135320635,0.596736057494022,0.0046743631382736295
case_000,1.75,5.177073670817694,14.976459656499285,2.0,0.47337276719284405,0.3456189155623778,340.83514674311414,389.0710640219655,True,447.2225687486815,-1.8651346227370886,-0.005390427870273107,788.0577154917956,1.1191844832641882,0.0046063735607929646,554.7278168598937,-1.3947796231359615,-0.005239543169386962,943.7988808818592,0.5967468353187176,0.0046746400680339195
case_000,1.7550000000000001,5.176994859782267,14.976399310765556,2.0,0.47336604761377665,0.34561568242744733,340.8298129211524,389.0650024741095,True,447.2230332202752,-1.8651266685928973,-0.005390461088956411,788.0528461414276,1.1191882709103076,0.004606198439427001,554.739108977579,-1.3947790763425207,-0.005239131652236773,943.8041114516885,0.5967576167182113,0.004674910855250902
case_000,1.76,5.176915597193407,14.976339863547773,2.0,0.47335923370172184,0.3456124948236578,340.8244290623285,389.05888088087113,True,447.2233466375966,-1.8651186959345618,-0.0053904910636057846,788.0477756999251,1.119192166984301,0.004606024569996259,554.7500267387285,-1.3947783571932997,-0.005238725336577654,943.8089076195996,0.5967683847936177,0.004675174465341714
case_000,1.7650000000000001,5.176835992435041,14.976281301670815,2.0,0.4733523286293046,0.3456093520086311,340.8190066932207,389.05271076465647,True,447.22350004220584,-1.8651106879705952,-0.005390518790433063,788.0425067354265,1.1191961497691636,0.004605851023287533,554.7605645877121,-1.3947774543631641,-0.005238325188926696,943.8132753523686,0.5967791228712289,0.004675429998234282
case_000,1.77,5.176756159079116,14.976223612134358,2.0,0.47334533716946514,0.3456062532809089,340.81355738954034,389.04650390476274,True,447.22348695204477,-1.86510263095248,-0.005390545191866214,788.0370443415851,1.1192001981321973,0.004605676977666839,554.7707199631581,-1.3947763596088931,-0.005237932077027718,943.8172238679208,0.5967898146613579,0.004675676686145547
case_000,1.7750000000000001,5.176676213349605,14.976166782110372,2.0,0.4733382655048682,0.3456031979772726,340.80809265720103,389.0402721978013,True,447.22330321898886,-1.865094514035826,-0.005390571114079312,788.0313958761899,1.119204291682152,0.0046055017175241075,554.7804930967287,-1.3947750675894839,-0.005237546769125079,943.82076529453,0.5968004443999521,0.004675913890316352
case_000,1.78,5.176596272689005,14.976110798940827,2.0,0.47333112104041714,0.3456001854700175,340.80262382361974,389.03402752833415,True,447.22294687625237,-1.865086329126583,-0.005390597325430346,788.0255706998721,1.119208410906317,0.004605324630876317,554.7898868018633,-1.3947735756746371,-0.0052371699342324,943.8239143301975,0.596810996973139,0.004676141096815467
case_000,1.7850000000000001,5.1765164544318285,14.97605565013561,2.0,0.4733239122202578,0.3455972151642079,340.79716193940374,389.02778165016855,True,447.222417977854,-1.8650780707148296,-0.00539062451574851,788.0195799172577,1.1192125372879482,0.004605145206215688,554.7989062552078,-1.394771883744026,-0.005236802143314678,943.8266879053764,0.596821458025018,0.004676357911525764
case_000,1.79,5.176436874588567,14.97600132337063,2.0,0.4733166483505155,0.3455942864949375,340.7917176905084,389.0215460784474,True,447.2217184322896,-1.8650697356986254,-0.00539065329640781,788.013436122798,1.1192166534046037,0.004604963028692732,554.8075587733999,-1.3947699939798945,-0.005236443871297514,943.8291048518473,0.5968318140490864,0.004676564054422072
case_000,1.795,5.176357646742167,14.975947806486085,2.0,0.4733093394288693,0.3455913989246178,340.78630132084237,389.0153319927118,True,447.22085183238374,-1.865061323200253,-0.005390684201123874,788.0071531532261,1.1192207430080492,0.004604777775720548,554.8158535876303,-1.3947679106553617,-0.005236095499818516,943.8311855803421,0.5968420524638564,0.004676759353250293
case_000,1.8,5.176278881057949,14.975895087484858,2.0,0.47330199598192163,0.34558855194031435,340.78092256517834,389.0091501509602,True,447.21982328321644,-1.8650528343771149,-0.00539071768740762,788.0007458483948,1.1192247910865176,0.004604589212086341,554.8238016182343,-1.3947656399206576,-0.005235757320636303,943.8329517691944,0.5968521616732664,0.004676943736713013
case_000,1.805,5.176200683407014,14.975843154531061,2.0,0.47329462891118373,0.3455857450511511,340.7755905922066,389.00301081455723,True,447.2186392298823,-1.8650442722294251,-0.005390754138608733,787.9942298220889,1.1192287839102355,0.0046043971846559395,554.8314152514804,-1.3947631895894188,-0.005235429539609537,943.8344260660376,0.5968621311126217,0.004677117227264493
case_000,1.81,5.176123154601727,14.97579199594866,2.0,0.47328724934836053,0.345582977785798,340.77031395740886,388.99692368384945,True,447.21730728666165,-1.8650356414066567,-0.005390793866483612,787.9876212440705,1.1192327090611351,0.00460420161674957,554.8387081203755,-1.3947605689269438,-0.005235112281165966,943.8356318042249,0.5968719512808107,0.004677279933610723
case_000,1.815,5.176046389741382,14.975741600220204,2.0,0.4732798685204792,0.34558024969005835,340.76510056542793,388.9908978442371,True,447.21583606909087,-1.8650269480146164,-0.005390837114220781,787.9809366345188,1.119236555447795,0.0046040025022683895,554.8456948912402,-1.3947577884421698,-0.005234805593178682,943.8365927354773,0.5968816137596679,0.004677432043008911
case_000,1.82,5.175970477665147,14.975691955985615,2.0,0.47327249762528445,0.34557756032456655,340.75995764151173,388.984941722318,True,447.21423503025255,-1.8650181994248405,-0.005390884059859047,787.9741926717643,1.1192403133066884,0.004603799899644878,554.8523910575847,-1.3947548596849948,-0.005234509452171465,943.8373327799027,0.5968911112213513,0.004677573813452296
case_000,1.825,5.175895500508552,14.975643052041049,2.0,0.4732651477171949,0.34557490926260953,340.7548917115795,388.97906305173115,True,447.21251430245445,-1.865009404087867,-0.00539093482003522,787.9674060140339,1.119243974190839,0.004603593925686766,554.8588127425958,-1.3947517950503316,-0.00523422376877869,943.8378757943269,0.5969004374246578,0.004677705565821644
case_000,1.83,5.1758215333594055,14.975594877337757,2.0,0.47325782960399987,0.345572296088079,340.74990859040093,388.9732688482404,True,447.2106845453524,-1.8650005713517706,-0.005390989453999462,787.9605931357534,1.1192475309470324,0.004603384749379991,554.8649765114009,-1.394748607590166,-0.005233948393387922,943.8382453596413,0.5969095872012382,0.0046778276760793824
case_000,1.835,5.175748644008021,14.975547420981027,2.0,0.47325055375436714,0.34556972039356215,340.74501337737627,388.9675653935367,True,447.20875680135373,-1.8649917112871714,-0.0053910479678414,787.95377017873,1.1192509776827095,0.004603172585709969,554.8708991940379,-1.3947453108346783,-0.005233683121899035,943.8384645875745,0.5969185564326474,0.004677940567573369
case_000,1.84,5.175676892786845,14.975500672229096,2.0,0.47324333021612935,0.34556718177857665,340.7402104592909,388.9619582272137,True,447.2067423591534,-1.8649828345198707,-0.005391110318867187,787.9469528184443,1.1192543097237164,0.004602957689557985,554.8765977199797,-1.3947419186233692,-0.005233427701534843,943.8385559471934,0.596927342019227,0.004678044703514905
case_000,1.845,5.175606332493356,14.975454620492087,2.0,0.47323616854522366,0.34556467984795275,340.7355035195508,388.9564521463383,True,447.2046526259029,-1.864973952071943,-0.005391176420079136,787.9401561454537,1.1192575235640323,0.004602740349721801,554.8820889647657,-1.3947384449469107,-0.005233181836647061,943.838541111104,0.5969359418417505,0.004678140579684464
case_000,1.85,5.1755370083905285,14.975409255330932,2.0,0.4732290777450732,0.34556221421036537,340.7308955532159,388.9510512120171,True,447.2024990085987,-1.864965075212147,-0.005391246144704376,787.9333945618146,1.119260616808602,0.004602520883106365,554.8873896092374,-1.3947349038003354,-0.0052329451944624905,943.8384408212545,0.5969443547168103,0.0046782287174159665
case_000,1.855,5.175468958278466,14.97536456645628,2.0,0.47322206621612045,0.3455597844770156,340.7263888872807,388.9457587623365,True,447.200292804995,-1.864956215316221,-0.005391319330728839,787.9266816922757,1.1192635881103545,0.0046022996291241736,554.8925160116554,-1.3947313090479898,-0.00523271741072151,943.8382747739919,0.5969525803468454,0.004678309656901358
case_000,1.86,5.175402212630873,14.975320543727376,2.0,0.47321514171515744,0.3455573902604625,340.7219852055894,388.9405774310512,True,447.19804510430384,-1.8649473837375992,-0.0053913957853933825,787.9200303098933,1.1192664371024867,0.004602076944340561,554.8974840928745,-1.3947276743005736,-0.005232498095164406,943.8380615239257,0.5969606192657503,0.0046783839508526825
case_000,1.865,5.175336794789916,14.97527717715092,2.0,0.47320831132403435,0.34555503117360087,340.717685577757,388.93550917137736,True,447.19576669784175,-1.8649385916888792,-0.005391475289612591,787.9134522755987,1.119269164327001,0.0046018531973934795,554.9023092345886,-1.3947240128044092,-0.005232286836827027,943.837818405966,0.5969684727808924,0.004678452158550839
case_000,1.87,5.175272721212883,14.975234456879873,2.0,0.47320158142727653,0.34555270682878414,340.71349049156913,388.93055528428465,True,447.1934679996068,-1.8649298501342748,-0.0053915576022831035,787.9069584911759,1.1192717711604863,0.004601628764213217,554.9070061905517,-1.394720337343,-0.005232083209111504,943.8375614748363,0.596976142912408,0.004678514840306347
case_000,1.875,5.175210001764365,14.975192373212243,2.0,0.4731949576980989,0.3455504168370858,340.7093998882217,388.92571645063697,True,447.191158976784,-1.8649211696931753,-0.005391642464448454,787.9005588650057,1.1192742597380474,0.00460140402356185,554.9115890105685,-1.394716660150796,-0.00523188677460279,943.8373054612055,0.5969836323305429,0.0046785725523496025
case_000,1.8800000000000001,5.175148640047373,14.97515091658981,2.0,0.47318844509226893,0.34554816080769607,340.7054131998829,388.92099276661213,True,447.18884908997705,-1.8649125605548011,-0.005391729603294926,787.89426228986,1.1192766328762251,0.004601179352907658,554.9160709769212,-1.3947129928389834,-0.005231697089607024,943.8370637435333,0.5969909442917876,0.0046786258421641636
case_000,1.885,5.175088633767447,14.97511007759681,2.0,0.4731820478492421,0.34554593834744657,340.7015293890556,388.916383781789,True,447.1865472429787,-1.864904032403852,-0.005391818735953624,787.8880766320343,1.1192788939957439,0.004600955124647421,554.9204645528571,-1.3947093463330238,-0.005231513708390978,943.8368483346461,0.5969980825745062,0.00467867524427118
case_000,1.8900000000000001,5.175029975123556,14.97506984695857,2.0,0.47317576949997486,0.3455437490604565,340.6977469891976,388.91188853934125,True,447.1842617417647,-1.8648955943569718,-0.005391909573089715,787.8820087309623,1.1192810470447787,0.004600731702681771,554.9247813426348,-1.3947057308215898,-0.005231336187107527,943.836669881976,0.5970050514146991,0.004678721276467457
case_000,1.895,5.174972651220077,14.975030215540105,2.0,0.4731696128808036,0.34554159254789363,340.6940641461527,388.9075056177911,True,447.1820002623518,-1.8648872549097253,-0.005392001822262571,787.8760644085045,1.119283096423427,0.004600509439348199,554.9290320625813,-1.39470215571644,-0.005231164087395712,943.8365376803724,0.5970118554424764,0.004678764436515881
case_000,1.9000000000000001,5.174916644494414,14.974991174344641,2.0,0.4731635801527756,0.34553946840784194,340.69047865995907,388.9032331738374,True,447.1797698271135,-1.8648790218937528,-0.0053920951910436665,787.8702484870726,1.1192850469100195,0.00460028867271195,554.9332265225601,-1.3946986296227513,-0.005230996979647462,943.8364596963975,0.5970184996198031,0.004678805199283709
case_000,1.905,5.174861933154913,14.974952714512103,2.0,0.47315767282581356,0.3455373762352674,340.686988026554,388.89906898576044,True,447.1775767891087,-1.8648709024436876,-0.005392189389882507,787.8645648156627,1.1192869035897508,0.00460006972420951,554.9373736171708,-1.3946951603193254,-0.005230834445937971,943.8364426029312,0.5970249891799737,0.004678844014318562
case_000,1.9100000000000001,5.174808491624319,14.97491482731757,2.0,0.4731518917871019,0.3455353156220748,340.6835894790814,388.8950104969322,True,447.17542682389825,-1.86486290297334,-0.005392284134714986,787.8590163029796,1.1192886717861614,0.004599852896640277,554.9414813260194,-1.394691754748087,-0.005230676082618291,943.8364918229515,0.5970313295692465,0.004678881303849747
case_000,1.915,5.174756290984075,14.974877504169662,2.0,0.47314623733309386,0.34553328615724527,340.6802800283956,388.8910548590716,True,447.1733249283452,-1.864855029160642,-0.0053923791493101225,787.8536049567408,1.1192903569958448,0.004599638472495671,554.9455567222915,-1.3946884190122082,-0.0052305215025743035,943.8366115813631,0.5970375263910124,0.004678917461200027
case_000,1.92,5.174705299415419,14.974840736608892,2.0,0.4731407092045518,0.34553128742704803,340.67705650246717,388.8871989748303,True,447.17127542585274,-1.8648472859407914,-0.0053924741673540555,787.8483319283199,1.1192919648267357,0.004599426712614985,554.949605988922,-1.3946851583821969,-0.00523037033715662,943.8368049637523,0.5970435853528139,0.004678952849589579
case_000,1.925,5.174655482633382,14.974804516305984,2.0,0.47313530662405295,0.3455293190153164,340.6739155844194,388.8834395393625,True,447.16928197747114,-1.8648396775069942,-0.005392568934273367,787.8431975618905,1.119293500940279,0.004599217855154214,554.9536344416055,-1.3946819773092698,-0.005230222237789628,943.837073980968,0.5970495122164813,0.004678987801312096
case_000,1.93,5.174606804310142,14.974768835060141,2.0,0.47313002833541573,0.3455273805037799,340.67085384894193,388.8797730806165,True,447.1673475982945,-1.8648322073181964,-0.005392663208801773,787.8382014472364,1.1192949709976805,0.004599012114851808,554.9576465578488,-1.394678879445273,-0.005230076877271839,943.8374196384652,0.5970553127515945,0.004679022617260664
case_000,1.935,5.174559226484824,14.974733684797295,2.0,0.47312487264452774,0.3455254714724443,340.66786779689056,388.876195998017,True,447.1654746785803,-1.8648248781131673,-0.005392756764296069,787.8333424754709,1.1192963806104355,0.0045988096825751446,554.9616460113716,-1.394675867668476,-0.005229933950778032,943.8378420093886,0.597060992692441,0.004679057566780165
case_000,1.94,5.174512709956926,14.974699057568321,2.0,0.47311983746108366,0.34552359150001155,340.6649538878729,388.87270459937383,True,447.16366500903075,-1.8648176919303143,-0.005392849389808441,787.8286188969037,1.1192977352952413,0.004598610725129348,554.9656357110783,-1.3946729441145198,-0.005229793176578734,943.8383403104522,0.5970665576986044,0.004679092887822367
case_000,1.945,5.174467214660923,14.974664945547215,2.0,0.47311492034077446,0.34552174016433185,340.66210857070905,388.86929513575615,True,447.1619198096149,-1.8648106501325434,-0.005392940890927067,787.824028380324,1.1192990404333425,0.0045984153853079746,554.969617843858,-1.3946701102118024,-0.005229654296493691,943.8389129796142,0.597072013319223,0.004679128787375808
case_000,1.95,5.174422700020381,14.974631341029271,2.0,0.4731101185275007,0.3455199170428802,340.659328311623,388.8659638342085,True,447.1602397614718,-1.8648037534365958,-0.005393031090391909,787.8195680730948,1.1193003012343792,0.0045982237821683425,554.9735939205821,-1.3946673667206657,-0.005229517076093593,943.8395577547906,0.5970773649610098,0.00467916544214797
case_000,1.955,5.1743791252795095,14.974598236429221,2.0,0.4731054289952146,0.3455181217132503,340.6566096201107,388.8627069281829,True,447.15862504124874,-1.864797001946164,-0.0053931198285022686,787.8152346613595,1.1193015227046534,0.004598036011507767,554.977564824515,-1.3946647137756623,-0.005229381304672043,943.8402717526978,0.5970826178599832,0.004679202999470167
case_000,1.96,5.174336449811316,14.974565624279377,2.0,0.473100848489036,0.34551635375365963,340.65394907241927,388.85952068554377,True,447.15707535745406,-1.8647903951882279,-0.005393206963325181,787.8110244298733,1.119302709619815,0.004597852146523473,554.9815308616107,-1.3946621509303128,-0.0052292467950023624,943.8410515471545,0.5970877770569077,0.004679241578401272
case_000,1.965,5.174294633400933,14.974533497227753,2.0,0.4730963735653147,0.34551461274345874,340.65134333259715,388.8564014341265,True,447.15558998824923,-1.8647839321519846,-0.005393292370721836,787.8069333208464,1.119303866501801,0.004597672238632,554.9854918119833,-1.3946596772037088,-0.00522911338290194,943.8418932461097,0.5970928473763548,0.0046792812710027
case_000,1.97,5.174253636503864,14.974501848036194,2.0,0.4730920006303561,0.34551289826363957,340.64878917114976,388.85334558478985,True,447.154167820276,-1.864777611329818,-0.005393375944203638,787.8029569914257,1.1193049975999732,0.0045974963184312045,554.9894469820483,-1.3946572911284023,-0.005228980926621052,943.8427925668382,0.5970978334093128,0.0046793221437606
case_000,1.975,5.174213420478402,14.974470669578487,2.0,0.47308772597755366,0.34551120989733725,340.6462834812725,388.8503496519347,True,447.1528073880284,-1.8647714307597614,-0.005393457594635109,787.7990908693009,1.1193061068762329,0.004597324396781288,554.9933952567624,-1.3946549907990229,-0.0052288493060773655,943.8437449086971,0.5971027394991983,0.004679364239128958
case_000,1.98,5.1741739477923705,14.974439954838502,2.0,0.47308354582271367,0.3455095472303203,340.6438232927411,388.8474102715245,True,447.15150691338874,-1.864765388068934,-0.005393537249797242,787.7953302061298,1.1193071979939617,0.004597156465987573,554.9973351514836,-1.3946527739211214,-0.0052287184219547145,943.8447454230081,0.5971075697311491,0.004679407577170724
case_000,1.985,5.174135182204204,14.974409696908314,2.0,0.47307945633738674,0.34550790985146534,340.6414057834919,388.84452421661103,True,447.1502643449468,-1.8647594805174825,-0.005393614853826667,787.7916701284387,1.1193082743105927,0.004596992501065045,555.001264863019,-1.39465063785977,-0.005228588194684969,943.84578907963,0.5971123279244334,0.0046794521572737224
case_000,1.99,5.174097088918671,14.974379888986347,2.0,0.4730754536800584,0.34550629735321264,340.6390282889922,388.8416884104698,True,447.14907739672253,-1.8647537050425536,-0.0053936903665470215,787.7881056857148,1.1193093388735602,0.004596832461065958,555.0051823194033,-1.3946485796874786,-0.00522845856333326,943.8468707298731,0.5971170176277847,0.004679497959919288
case_000,1.995,5.174059634717977,14.974350524375534,2.0,0.4730715340250764,0.3455047093319982,340.63668830945807,388.8388999373301,True,447.1479435860344,-1.864748058301927,-0.005393763762705228,787.7846318954925,1.1193103944194336,0.004596676290454127,555.0090852281262,-1.3946465962310566,-0.0052283294844021055,943.8479851654563,0.5971216421174927,0.004679544948483161
case_000,2.0,5.174022788068777,14.974321596481504,2.0,0.47306769358923006,0.3455031453886606,340.634383515055,388.83615605089653,True,447.14686027017603,-1.8647425367168808,-0.005393835031129557,787.781243785231,1.11931144337595,0.0045965239205083,555.0129711224004,-1.3946446841170466,-0.005228200930574689,943.8491271732969,0.5971262043980325,0.004679593071049704
case_000,2.005,5.173986519206224,14.97429309881076,2.0,0.4730639286559201,0.3455016051288195,340.63211174917933,388.8334541806455,True,447.145824681691,-1.8647371365139926,-0.005393904173822073,787.7779364308703,1.1193124878667315,0.004596375270740305,555.016837405283,-1.3946428398154473,-0.005228072889411128,943.8502915859285,0.5971307072050343,0.004679642262220951
case_000,2.0100000000000002,5.173950800195887,14.974265024968904,2.0,0.473060235596887,0.34550008816322436,340.6298710299227,388.8307919361297,True,447.1448339620173,-1.8647318537655528,-0.005393971204999792,787.77470499194,1.119313529718397,0.004596230250312194,555.0206813913379,-1.3946410596814325,-0.005227945362015873,943.8514733274676,0.597135153010382,0.004679692444905126
case_000,2.015,5.173915604974923,14.974237368658903,2.0,0.4730566108914906,0.34549859410807143,340.6276595499071,388.82816710930126,True,447.1438851933167,-1.8647266844283226,-0.005394036150097481,787.7715447432238,1.1193145704698397,0.004596088759441341,555.0245003457107,-1.3946393399948611,-0.005227818361689007,943.852667455012,0.5971395440292077,0.004679743532068459
case_000,2.02,5.173880909373604,14.974210123679336,2.0,0.47305305114355717,0.3454971225852884,340.6254756745442,388.8255776750773,True,447.1429754283488,-1.8647216243804203,-0.005394099044744194,787.768451102893,1.1193156113833886,0.004595950690778949,555.0282915204275,-1.394637676997374,-0.005227691912576216,943.8538691955048,0.5971438822285989,0.0046797954284384935
case_000,2.025,5.173846691118671,14.974183283922713,2.0,0.47304955309583113,0.3454956732227856,340.62331793893054,388.8230217902111,True,447.1421017182589,-1.864716669456139,-0.00539415993372544,787.7654196571895,1.1193166534576162,0.004595815930753588,555.0320521878283,-1.394636066926939,-0.005227566048329246,943.8550739780394,0.5971481693377705,0.004679848032145828
case_000,2.0300000000000002,5.173812929819792,14.974156843373812,2.0,0.4730461136420857,0.3454942456546737,340.6211850434724,388.82049779068586,True,447.14126113818344,-1.8647118154785132,-0.0053942188699420135,787.7624461816558,1.1193176974415315,0.0045956843608680464,555.0357796710076,-1.3946345060497016,-0.005227440810789963,943.8562774616935,0.5971524068595075,0.004679901236294359
case_000,2.035,5.173779606940733,14.974130796108048,2.0,0.4730427298369701,0.3454928395214475,340.61907584838013,388.8180041876859,True,447.14045081063614,-1.8647070582895582,-0.0053942759133743245,787.7595266590163,1.1193187438499184,0.004595555858942446,555.0394713713005,-1.3946329906891024,-0.0052273162487055935,943.8574755589864,0.5971565960826725,0.004679954930451535
case_000,2.04,5.1737467057566215,14.974105136289866,2.0,0.47303939890367785,0.34549145447013757,340.61698936722206,388.81553966238346,True,447.13966792659295,-1.8647023937780318,-0.005394331130063101,787.756657293815,1.119319792979598,0.004595430300296299,555.0431247927112,-1.3946315172521664,-0.005227192416487392,943.8586644550946,0.5971607380955737,0.0046800090020508445
case_000,2.045,5.173714211298788,14.974079858171203,2.0,0.4730361182395395,0.34549009015442783,340.6149247595948,388.813103059618,True,447.13890976430343,-1.8646978179047007,-0.005394384591113077,787.7538345238983,1.1193208449263683,0.004595307558862227,555.0467375633634,-1.394630082252975,-0.005227069373018645,943.8598406229814,0.5971648338000077,0.004680063337700713
case_000,2.05,5.173682110288799,14.974054956089946,2.0,0.47303288541965327,0.3454887462347429,340.61288132311853,388.8106933806364,True,447.1381737058155,-1.8646933267250492,-0.005394436371727818,787.751055028934,1.1193218996024377,0.004595187508228238,555.0503074539951,-1.3946286823333194,-0.005226947180519803,943.8610008346315,0.5971688839257876,0.004680117824395258
case_000,2.055,5.173650391062893,14.974030424468449,2.0,0.4730296981986739,0.34548742237830343,340.6108584848333,388.8083097750597,True,447.13745725123096,-1.8646889164094276,-0.00539448655028274,787.7483157360642,1.1193229567541139,0.004595070022602177,555.0538323935305,-1.394627314280555,-0.005226825903477561,943.8621421685901,0.5971728890455901,0.00468017235062318
case_000,2.06,5.173619043488587,14.974006257812087,2.0,0.4730265545108901,0.345486118259154,340.6088557921611,388.80595153215086,True,447.13675803077786,-1.8646845832606687,-0.005394535207440154,787.7456138229389,1.119324015979613,0.004594954977698518,555.0573104818884,-1.3946259750427399,-0.005226705607640547,943.8632620140393,0.5971768495899538,0.004680226807373011
case_000,2.065,5.173588058874635,14.973982450707837,2.0,0.47302345246872535,0.3454848335581613,340.6068729035252,388.80361807159363,True,447.13607381472445,-1.864680323729194,-0.005394582425313044,787.7429467182496,1.1193250767467757,0.004594842251542941,555.0607400000706,-1.3946246617411193,-0.0052265863590874595,943.8643580716642,0.5971807658622966,0.004680281089034177
case_000,2.07,5.1735574298756095,14.973958997822912,2.0,0.4730203903597994,0.34548356796298796,340.60490957874396,388.8013089338416,True,447.13540252121453,-1.8646761344256602,-0.005394628286681191,787.7403120999585,1.1193261384105304,0.004594731725193979,555.0641194176624,-1.394623371680034,-0.005226468223370195,943.865428351504,0.5971846380537797,0.0046803350941919675
case_000,2.075,5.173527150392774,14.973935893903406,2.0,0.47301736664269317,0.34548232116804084,340.60296566932413,388.79902377020255,True,447.1347422221711,-1.8646720121312694,-0.005394672874260653,787.7377078914952,1.119327200230018,0.00459462328338428,555.0674473979296,-1.3946221023544108,-0.005226351264732421,943.8664711681322,0.5971884662579318,0.004680388726320428
case_000,2.08,5.173497215471987,14.973913133773,2.0,0.47301437994155693,0.34548109287439754,340.60104110872345,388.79676233274427,True,447.13409114728796,-1.864667953805765,-0.005394716270032407,787.7351322560114,1.1193282613851672,0.0045945168150779425,555.0707228005988,-1.3946208514549125,-0.005226235545406688,943.867485133343,0.5971922504848924,0.004680441894372167
case_000,2.085,5.173467621200138,14.973890712331693,2.0,0.4730114290397053,0.34547988278971214,340.5991359026975,388.79452446415553,True,447.1334476862777,-1.8646639565932768,-0.0053947585546295085,787.7325835889752,1.1193293209926667,0.00459441221394824,555.0739446825098,-1.3946196168709089,-0.00522612112498938,943.8684691466653,0.5971959906751838,0.004680494513269573
case_000,2.09,5.173438364601062,14.97386862455457,2.0,0.4730085128723337,0.3454786906281024,340.5972501197978,388.79231008761917,True,447.1328103894901,-1.8646600178261048,-0.005394799806783868,787.7300605092879,1.119330378121228,0.004594309378777028,555.0771122963195,-1.3946183966914163,-0.005226008059892484,943.8694223839386,0.5971996867129229,0.004680546504300165
case_000,2.095,5.173409443531902,14.973846865490597,2.0,0.4730056305184984,0.34547751611002014,340.5953838821007,388.79011919683126,True,447.13217796700076,-1.8646561350265787,-0.0053948401028340864,787.7275618491014,1.119331431806025,0.004594208213777318,555.080225087391,-1.3946171892041483,-0.005225896402872299,943.8703442842223,0.5972033384383948,0.004680597795420016
case_000,2.1,5.173380856580912,14.973825430261453,2.0,0.4730027811924879,0.3454763589621076,340.59353735624256,388.7879518462256,True,447.131549286324,-1.8646523059071234,-0.0053948795162931384,787.7250866425666,1.1193324810622824,0.0045941086288437405,555.0832826890731,-1.3946159928928419,-0.00522578620263231,943.8712345352988,0.5972069456599314,0.00468064832147036
case_000,2.105,5.173352602967422,14.973804314060404,2.0,0.4729999642347134,0.34547521891704075,340.59171074480133,388.7858081414714,True,447.13092336886353,-1.8646485283686662,-0.005394918117475722,787.7226341136649,1.1193335248979182,0.004594010539732574,555.0862849165223,-1.3946148064330188,-0.00522567750349856,943.8720930579938,0.5972105081650223,0.004680698024311314
case_000,2.11,5.173324682444777,14.973783512151192,2.0,0.47299717910224304,0.3454740957133622,340.5899042780869,388.783688230311,True,447.130299385247,-1.8646448004975518,-0.005394955973183624,787.7202036633339,1.119334562325226,0.004593913868176425,555.0892317592626,-1.3946136286863526,-0.005225570345164132,943.8729199895736,0.5972140257306413,0.004680746852878892
case_000,2.115,5.173297095206907,14.973763019866956,2.0,0.47299442535909064,0.3454729890953049,340.58811820639113,388.78159229382186,True,447.1296766496716,-1.864641120561082,-0.005394993146447424,787.7177948560627,1.119335592371554,0.004593818541937633,555.0921233726341,-1.3946124586937936,-0.0052254647625000206,943.873715666456,0.5972174981327453,0.0046807947631711255
case_000,2.12,5.173269841799032,14.973742832609194,2.0,0.4729917026663712,0.3454718988126098,340.5863527927156,388.77952053811407,True,447.1290546133853,-1.8646374870018567,-0.005395029696322884,787.7154074061009,1.1193366140889658,0.004593724494804052,555.0949600683111,-1.3946112956676218,-0.005225360785428679,943.8744806064252,0.597220925154924,0.004680841718168294
case_000,2.125,5.173242923033029,14.97372294584674,2.0,0.4729890107724203,0.34547082462033746,340.5846083060052,388.7774731865087,True,447.1284328574485,-1.8646338984310398,-0.005395065677738842,787.7130411634537,1.1193376265628676,0.00459363166653215,555.0977423040497,-1.394610138982581,-0.005225258438856295,943.8752154905584,0.5972243065961885,0.00468088768769348
case_000,2.13,5.17321633990786,14.973703355114765,2.0,0.47298634950297486,0.34546976627867687,340.58288501493286,388.77545047225817,True,447.1278110848779,-1.8646303536207183,-0.005395101141394798,787.7106960998108,1.1193386289196157,0.0045935400027424245,555.1004706728274,-1.3946089881662609,-0.005225157742659525,943.8759211450856,0.5972276422779083,0.004680932648220337
case_000,2.1350000000000002,5.17319009353541,14.973684056013813,2.0,0.4729837187514959,0.3454687235527519,340.5811831822172,388.77345263180587,True,447.1271891123245,-1.8646268514954765,-0.005395136133704126,787.7083722945417,1.1193396203331123,0.0045934494547716365,555.103145891517,-1.394607842888856,-0.0052250587117229075,943.8765985233229,0.5972309320498869,0.004680976582633167
case_000,2.14,5.173164185071846,14.97366504420885,2.0,0.4729811184697136,0.3454676962124277,340.5795030595003,388.7714798985995,True,447.1265668613613,-1.8646233911233387,-0.0053951706967811375,787.7060699208616,1.1193406000303938,0.004593359979485956,555.1057687892389,-1.3946067029524623,-0.005224961356022184,943.8772486878385,0.5972341757955938,0.004681019479945203
case_000,2.145,5.173138615654918,14.973646315428345,2.0,0.47297854865846184,0.34546668403211794,340.57784488279987,388.7695324975015,True,447.12594434953104,-1.8646199717062013,-0.00539520486846734,787.7037892323309,1.11934156729628,0.004593271539061694,555.1083402955389,-1.3946055682800416,-0.005224865680748869,943.8778727930404,0.5972373734365851,0.0046810613349823615
case_000,2.15,5.17311338634703,14.973627865463358,2.0,0.4729760093588641,0.34546568679059436,340.57620886848304,388.7676106397706,True,447.1253216812279,-1.8646165925699,-0.005395238682394388,787.7015305497109,1.11934252147706,0.004593184100735448,555.1108614284915,-1.3946044389041814,-0.00522477168647234,943.8784720682621,0.5972405249361165,0.0046811021480365755
case_000,2.1550000000000002,5.173088498084377,14.97360969016666,2.0,0.47297350064392196,0.34546470427079956,340.5745952098267,388.7657145186197,True,447.1246990385288,-1.864613253154006,-0.005395272168079779,787.6992942483555,1.119343461983317,0.004593097636531429,555.1133332828822,-1.3946033149557666,-0.005224679369333685,943.8790478015019,0.5972436303020041,0.0046811419244956465
case_000,2.16,5.173063951631936,14.97359178545186,2.0,0.4729710226105521,0.3454637362596644,340.57300407408417,388.7638443053514,True,447.1240766720437,-1.864609953001492,-0.005395305351052315,787.6970807461279,1.1193443882918837,0.004593012122967477,555.1157570185328,-1.394602196652687,-0.005224588721268297,943.8796013238842,0.597246689588746,0.004681180674453778
case_000,2.165,5.1730397475444105,14.973574147292569,2.0,0.4729685753721083,0.34546278254793067,340.57143560008234,388.7620001460733,True,447.12345489189994,-1.8646066917483601,-0.005395338253002757,787.6948904919823,1.1193452999470235,0.0045929275407465275,555.1181338489008,-1.3946010842886631,-0.005224499730251686,943.8801339949741,0.5972497028989681,0.004681218412309562
case_000,2.17,5.173015886132784,14.973556771721546,2.0,0.47296615905141665,0.34546184292997995,340.5698898963231,388.76018215893475,True,447.1228340588793,-1.8646034691133158,-0.00539537089195824,787.6927239552024,1.1193461965608469,0.004592843874435315,555.1204650300057,-1.394599978222302,-0.00522441238056548,943.8806471889404,0.5972526703842065,0.0046812551563537586
case_000,2.1750000000000003,5.17299236743667,14.973539654829896,2.0,0.47296377377435006,0.34546091720366917,340.56836703954826,388.7583904319082,True,447.1222145758506,-1.8646002848876182,-0.0053954032824742315,787.6905816153989,1.119347077813063,0.004592761112136523,555.1227518498048,-1.3945988788664527,-0.005224326653077926,943.881142281713,0.5972555922451064,0.0046812909283542314
case_000,2.18,5.172969191201848,14.973522792766257,2.0,0.47296141966395316,0.3454600051701738,340.56686707376304,388.75662502107957,True,447.12159687947684,-1.864597138925131,-0.0053954354358436984,787.6884639532399,1.1193479434500768,0.004592679245155495,555.1249956180286,-1.394597786677945,-0.005224242525536882,943.8816206391082,0.5972584687310603,0.004681325753140009
case_000,2.185,5.172946356863154,14.973506181736001,2.0,0.4729590968351301,0.34545910663383866,340.56539000968746,388.75488594942044,True,447.1209814323199,-1.8645940311327074,-0.005395467360317707,787.6863714420074,1.1193487932835502,0.00459259826766778,555.1271976565811,-1.3945967021477692,-0.005224159972870068,943.8820836060015,0.5972613001393475,0.004681359658189943
case_000,2.19,5.172923863532084,14.973489818000468,2.0,0.47295680538989754,0.34545822140203725,340.5639358245885,388.7531732059973,True,447.1203687153277,-1.8645909614609162,-0.005395499061336517,787.6843045399162,1.1193496271884105,0.004592518176387395,555.1293592905121,-1.3945956257917511,-0.0052240789674903865,943.8825324965094,0.5972640868138054,0.004681392673227536
case_000,2.195,5.172901709989158,14.97347369787619,2.0,0.47295454541320076,0.34545734928503946,340.56250446248987,388.7514867456375,True,447.11975922078193,-1.864587929895206,-0.005395530541766835,787.6822636832718,1.1193504451004426,0.00459243897024153,555.1314818396324,-1.3945945581417765,-0.005223999479601893,943.88296858527,0.597266829143115,0.004681424829827918
case_000,2.2,5.172879894680502,14.973457817734127,2.0,0.47295231696928575,0.34545649009588775,340.56109583470214,388.7498264889456,True,447.1191534457159,-1.8645849364475306,-0.005395561802143178,787.680249280418,1.1193512470134686,0.004592360650052363,555.1335666107813,-1.3945934997375977,-0.005223921477504334,943.8833930997268,0.5972695275587168,0.004681456161036657
case_000,2.205,5.172858415718457,14.973442173998933,2.0,0.47295012009861503,0.3454556436502826,340.5597098206569,388.7481923227258,True,447.11855188582905,-1.8645819811484858,-0.0053955928409107345,787.678261706486,1.1193520329761946,0.004592283218229076,555.135614890763,-1.394592451119245,-0.005223844927893351,943.8838072134888,0.5972721825324263,0.004681486701005655
case_000,2.21,5.172837270885808,14.973426763148193,2.0,0.4729479548153137,0.345454809766476,340.558346269019,388.7465841006923,True,447.1179550299171,-1.8645790640399824,-0.005395623654667225,787.6763012989361,1.1193528030887898,0.004592206678472377,555.1376279399796,-1.3945914128200738,-0.005223769796153632,943.8842120406719,0.5972747945737857,0.004681516484645987
case_000,2.215,5.17281645764336,14.973411581711721,2.0,0.47294582110512173,0.3454539882651745,340.5570049990112,388.74500164449637,True,447.1173633548279,-1.8645761851684857,-0.005395654238401659,787.6743683538391,1.1193535574992264,0.004592131035492053,555.1396069867623,-1.3945903853604638,-0.005223696046642745,943.8846086312586,0.5972773642272118,0.00468154554730138
case_000,2.22,5.172795973140416,14.973396626270812,2.0,0.47294371892383524,0.34545317896944977,340.5556858019618,388.74344474501356,True,447.11677732094245,-1.8645733445788326,-0.005395684585728144,787.6724631229042,1.119354296399455,0.00459205629474041,555.1415532223753,-1.394589369242155,-0.005223623642964581,943.8849979673888,0.5972798920689665,0.004681573924442295
case_000,2.225,5.1727758142279745,14.973381893457551,2.0,0.4729416481962079,0.34545238170465853,340.5543884430245,388.7419131638345,True,447.1161973681853,-1.8645705423086287,-0.005395714689112985,787.6705858112098,1.1193550200214568,0.004591982462162247,555.1434677967313,-1.3945883649432511,-0.0052235525482292045,943.8853809605658,0.5972823787040042,0.004681601651382594
case_000,2.23,5.172755977474144,14.973367379954079,2.0,0.4729396088152856,0.34545159629836997,340.55311266302044,388.7404066349842,True,447.1156239125686,-1.8645677783832597,-0.005395744540093006,787.668736575589,1.1193557286332187,0.004591909543961936,555.1453518147564,-1.3945873729138616,-0.005223482725299211,943.8857584497406,0.5972848247627428,0.004681628763019752
case_000,2.235,5.172736459181528,14.97335308249192,2.0,0.47293760064214607,0.34545082258030047,340.55185818042474,388.7389248667795,True,447.11505734323424,-1.8645650528114721,-0.005395774129484721,787.666915523659,1.119356422534681,0.004591837546389366,555.1472063334072,-1.3945863935723757,-0.005223414137020654,943.8861312001867,0.5972872308977736,0.004681655293598319
case_000,2.24,5.172717255406211,14.973338997851272,2.0,0.4729356235060121,0.3454500603822572,340.5506246934063,388.737467543814,True,447.11449802,-1.8645623655815415,-0.005395803447582559,787.6651227134063,1.1193571020536774,0.004591766475543546,555.1490323593295,-1.3945854273023597,-0.0052233467464373184,943.8864999031434,0.5972895977805642,0.004681681276497651
case_000,2.245,5.172698361978113,14.973325122860322,2.0,0.4729336772047058,0.3454493095380869,340.54941188195363,388.73603432908055,True,447.1139462713932,-1.8645597166580221,-0.005395832484345053,787.6633581533468,1.1193577675419426,0.004591696337196471,555.1508308470987,-1.3945844744500493,-0.005223280516988504,943.8868651761793,0.5972919260981946,0.004681706744044445
case_000,2.25,5.172679774522278,14.973311454394569,2.0,0.47293176150541333,0.34544856988363287,340.5482194100147,388.73462486610845,True,447.1134023931416,-1.8645571059790396,-0.005395861229568644,787.6616218031563,1.1193584193711803,0.004591627136635135,555.1526026980463,-1.3945835353224123,-0.005223215412688886,943.8872275641547,0.5972942165501165,0.004681731727347926
case_000,2.255,5.172661488480967,14.973297989376157,2.0,0.4729298761457267,0.3454478412566969,340.5470469276612,388.73323878121107,True,447.11286664710485,-1.8645545334541216,-0.005395889673048271,787.659913574766,1.1193590579292518,0.004591558878523139,555.1543487596055,-1.3945826101857548,-0.005223151398290937,943.8875875408165,0.5972964698450198,0.0046817562561600745
case_000,2.2600000000000002,5.17264349913616,14.973284724773192,2.0,0.4729280208349279,0.34544712349700774,340.54589407323357,388.73187568570086,True,447.1123392606183,-1.8645519989625423,-0.0053959178047243705,787.6582333338519,1.1193596836164967,0.004591491566780681,555.1560698251792,-1.3945816992648479,-0.0052230884394288135,943.8879455108801,0.5972986866977784,0.004681780358757992
case_000,2.265,5.172625801632215,14.973271657599097,2.0,0.47292619525548846,0.3454464164461942,340.5447604754654,388.7305351781514,True,447.11182042621874,-1.864549502352141,-0.0053959456148161555,787.6565809016842,1.1193602968422132,0.004591425204483135,555.1577666344323,-1.3945808027425188,-0.005223026502745587,943.8883018125837,0.5973008678265277,0.0046818040618487045
case_000,2.27,5.172608390998631,14.973258784911948,2.0,0.4729243990647465,0.3454457199477636,340.54364575554536,388.72921684659116,True,447.1113103017413,-1.8645470434386144,-0.00539597309394052,787.6549560572867,1.1193608980213194,0.004591359793777228,555.1594398740573,-1.3945799207597096,-0.005222965556001158,943.8886567206484,0.5973030139498836,0.004681827390495774
case_000,2.275,5.172591262172388,14.973246103813828,2.0,0.47292263189673506,0.3454450338470839,340.5425495291345,388.72792027069033,True,447.11080901072535,-1.8645446220052082,-0.005396000233217568,787.6533585398598,1.1193614875712115,0.004591295335814483,555.1610901788723,-1.3945790534159166,-0.005222905568164626,943.8890104495626,0.5973051257843084,0.00468185036806551
case_000,2.2800000000000002,5.172574410019979,14.973233611450194,2.0,0.4729208933641308,0.34544435799136997,340.541471408293,388.7266450238774,True,447.1103166431311,-1.8645422378028216,-0.005396027024361982,787.6517880514241,1.1193620659088324,0.00459123183070087,555.1627181332979,-1.394578200770029,-0.005222846509488677,943.8893631571752,0.597307204041659,0.004681873016193494
case_000,2.285,5.172557829358769,14.973221305009218,2.0,0.4729191830602933,0.3454436922296732,340.5404110033137,388.72539067537014,True,447.1098332563264,-1.8645398905504622,-0.005396053459760686,787.6502442596401,1.1193626334479594,0.004591169277462004,555.1643242731217,-1.394577362841481,-0.005222788351568364,943.8897149484918,0.5973092494269046,0.004681895354768206
case_000,2.29,5.172541514977563,14.973209181721185,2.0,0.47291750056136983,0.3454430364128738,340.53936792447524,388.7241567921411,True,447.1093588762947,-1.8645375799360298,-0.005396079532537901,787.64872680077,1.1193631905967267,0.004591107674022932,555.1659090875187,-1.3945765396117082,-0.005222731067384634,943.8900658796598,0.5973112626360322,0.004681917401931912
case_000,2.295,5.172525461656326,14.973197238857855,2.0,0.4729158454284403,0.34544239039367575,340.53834178366236,388.7229429407606,True,447.1088934990681,-1.8645353056173846,-0.005396105236606885,787.6472352827304,1.1193637377553747,0.004591047017201366,555.1674730213208,-1.3945757310258662,-0.005222674631332469,943.8904159620814,0.59731324435415,0.0046819391740971494
case_000,2.3000000000000003,5.172509664184775,14.973185473731844,2.0,0.4729142172096754,0.3454417540266037,340.5373321958845,388.7217486891508,True,447.1084370923209,-1.8645330672236797,-0.005396130566709956,787.6457692882054,1.119364275314237,0.00459098730271329,555.1690164774328,-1.3945749369947578,-0.005222619019236541,943.8907651665836,0.5973151952537783,0.004681960685976594
case_000,2.305,5.172494117379979,14.973173883696031,2.0,0.4729126154424915,0.3454411271680013,340.5363387806739,388.72057360819815,True,447.10798959712463,-1.864530864356916,-0.005396155518446577,787.6443283777985,1.1193648036519717,0.004590928525190496,555.1705398194484,-1.394574157396966,-0.005222564208352376,943.8911134276466,0.5973171159933469,0.004681981950626579
case_000,2.31,5.1724788161026085,14.973162466142938,2.0,0.47291103965567677,0.34544050967603096,340.5353611633574,388.71941727327123,True,447.10755092980617,-1.864528696593677,-0.005396180088291125,787.6429120931635,1.1193653231340164,0.004590870678207792,555.172043374323,-1.3945733920811174,-0.005222510177357587,943.8914606475943,0.5973190072158729,0.004682002979500832
case_000,2.315,5.172463755272039,14.97315121850414,2.0,0.4729094893714728,0.3454399014106743,340.5343989761894,388.71827926558797,True,447.1071209839178,-1.86452656348704,-0.0053962042735996585,787.6415199601072,1.119365834111275,0.004590813754319745,555.1735274351742,-1.3945726408682777,-0.005222456906330664,943.8918067007621,0.5973208695478519,0.004682023782515032
case_000,2.32,5.172448929880036,14.973140138249684,2.0,0.4729079641075969,0.3454393022337335,340.5334518593835,388.7171591734631,True,447.10669963224757,-1.8645244645685888,-0.005396228072608422,787.6401514916311,1.1193663369190352,0.004590757745105534,555.174992264095,-1.3945719035544188,-0.005222404376721279,943.892151437558,0.5973227035983127,0.004682044368118976
case_000,2.325,5.17243433500325,14.973129222887493,2.0,0.47290646337918607,0.34543871200883197,340.5325194619859,388.71605659341526,True,447.1062867289087,-1.8645223993505537,-0.005396251484422188,787.6388061908946,1.1193668318760974,0.004590702641221023,555.1764380950252,-1.394571179912965,-0.005222352571310429,943.8924946884405,0.5973245099580848,0.004682064743377068
case_000,2.33,5.17241996581417,14.973118469962806,2.0,0.472904986700655,0.3454381306014162,340.5316014426501,388.71497113114754,True,447.10588211140833,-1.8645203673279929,-0.005396274508996379,787.6374835540585,1.1193673192841114,0.004590648432456379,555.1778651365724,-1.394570469697338,-0.005222301474164359,943.89283626772,0.5973262891992143,0.004682084914053253
case_000,2.335,5.172405817590865,14.973107877057602,2.0,0.4729035335874532,0.3454375578787563,340.5306974702692,388.7139024023958,True,447.10548560274304,-1.8645183679810284,-0.00539629714711104,787.6361830730123,1.1193677994271094,0.0045905951077989116,555.1792735748322,-1.3945697726435244,-0.0052222510705806635,943.893175977228,0.5973280418745668,0.004682104884701888
case_000,2.34,5.172391885725308,14.973097441790046,2.0,0.4729021035577146,0.3454369937099462,340.5298072244971,388.7128500336463,True,447.10509701346126,-1.8645164007770998,-0.005396319400339078,787.6349042379584,1.1193682725712277,0.004590542655499741,555.1806635761301,-1.3945690884726074,-0.005222201347029498,943.8935136097764,0.59732976851758,0.0046821246587610554
case_000,2.345,5.172378165730434,14.973087161813927,2.0,0.47290069613379293,0.34543643796590334,340.5289303961561,388.71181366271924,True,447.1047161436912,-1.864514465173206,-0.005396341271008964,787.6336465398473,1.1193687389646023,0.004590491063143631,555.1820352897103,-1.3945684168932648,-0.005222152291089299,943.8938489524295,0.5973314696421705,0.004682144238648767
case_000,2.35,5.17236465324585,14.973077034818129,2.0,0.47289931084367354,0.3454358905193673,340.52806668752635,388.7107929392481,True,447.1043427851138,-1.864512560618128,-0.00539636276216271,787.6324094726401,1.119369198837423,0.0045904403177206565,555.1833888503053,-1.39456775760419,-0.005222103891379559,943.8941817895534,0.5973331457427807,0.004682163625860103
case_000,2.355,5.172351344042344,14.973067058526084,2.0,0.4728979472222629,0.34543535124489716,340.52721581253445,388.7097875250171,True,447.1039767228648,-1.8645106865545955,-0.005396383877510236,787.6311925353992,1.1193696524021368,0.00459039040569903,555.1847243806134,-1.3945671102964425,-0.005222056137490216,943.8945119056305,0.5973347972945435,0.004682182821064418
case_000,2.36,5.1723382340252355,14.973057230695243,2.0,0.47289660481254797,0.34543482001886777,340.52637749685545,388.7087970942183,True,447.10361773736116,-1.8645088424213978,-0.005396404621380302,787.6299952342166,1.1193700998537939,0.0045903413130991,555.1860419936467,-1.3945664746556914,-0.005222009019909102,943.894839087865,0.5973364247535877,0.004682201824202703
case_000,2.365,5.172325319236475,14.97304754911656,2.0,0.47289528316662893,0.34543429671946485,340.5255514778933,388.70782133356363,True,447.10326560602533,-1.864507027655408,-0.005396424998669491,787.6288170839186,1.1193705413704924,0.004590293025565462,555.1873417949366,-1.3945658503643519,-0.005221962529948665,943.8951631285003,0.5973380285574177,0.004682220634581846
case_000,2.37,5.172312595855815,14.973038011613973,2.0,0.4728939818466212,0.3454337812266785,340.52473750471285,388.7068599423462,True,447.10292010492316,-1.8645052416935242,-0.005396445014788864,787.627657609636,1.1193709771139588,0.004590245528440007,555.1886238846052,-1.3945652371035981,-0.005221916659671699,943.8954838269515,0.5973396091254171,0.004682239250968501
case_000,2.375,5.172300060200918,14.973028616043905,2.0,0.4728927004254324,0.34543327342229546,340.5239353378647,388.70591263236133,True,447.1025810102874,-1.8645034839745014,-0.0053964646756098356,787.6265163481521,1.1193714072302032,0.00459019880683198,555.1898883592893,-1.3945646345552511,-0.005221871401817402,943.8958009916506,0.5973411668594195,0.00468225767167868
case_000,2.38,5.172287708726515,14.973019360294757,2.0,0.4728914384874124,0.3454327731898894,340.52314474916216,388.70497912777716,True,447.10224809992224,-1.8645017539406699,-0.0053964839874097725,787.6253928490844,1.119371831850261,0.004590152845686535,555.1911353138884,-1.394564042403515,-0.005221826749728875,943.8961144416655,0.5973427021443514,0.004682275894664134
case_000,2.3850000000000002,5.17227553802278,14.973010242286431,2.0,0.4728901956288829,0.3454322804148107,340.52236552137504,388.70405916492757,True,447.10192115450354,-1.8645000510395369,-0.005396502956817095,787.6242866758786,1.1193722510909998,0.004590107629850404,555.192364843172,-1.3945634603365804,-0.005221782697281574,943.8964240080995,0.5973442153489477,0.004682293917595282
case_000,2.39,5.172263544812873,14.973001259969836,2.0,0.47288897145854936,0.34543179498417353,340.52159744788025,388.70315249200223,True,447.10159995874676,-1.864498374725255,-0.005396521590757486,787.623197406627,1.1193726650559797,0.004590063144134571,555.1935770432173,-1.3945628880480752,-0.005221739238814027,943.8967295352195,0.597345706826498,0.004682311737938427
case_000,2.395,5.172251725949821,14.972992411326416,2.0,0.47288776559780094,0.34543131678684247,340.5208403322687,388.7022588687249,True,447.10128430245925,-1.8644967244599706,-0.005396539896400765,787.6221246347279,1.1193730738363656,0.004590019373373833,555.1947720126858,-1.3945623252383688,-0.005221696369061002,943.8970308814107,0.5973471769156532,0.004682329353029535
case_000,2.4,5.1722400784127744,14.972983694367686,2.0,0.47288657768090364,0.34543084571341726,340.52009398790113,388.70137806593914,True,447.1009739814636,-1.8644950997150196,-0.005396557881109654,787.6210679693647,1.119373477511851,0.0045899763024820905,555.1959498539406,-1.3945617716157204,-0.005221654083089611,943.8973279198798,0.5973486259412452,0.004682346760141787
case_000,2.4050000000000002,5.172228599302765,14.972975107134777,2.0,0.4728854073550928,0.3454303816562161,340.5193582374261,388.7005098651756,True,447.1006687984219,-1.8644934999720177,-0.005396575552389371,787.620027035848,1.1193738761516245,0.004589933916504363,555.1971106740107,-1.3945612268972887,-0.005221612376238416,943.8976205391863,0.5973500542151423,0.004682363956548752
case_000,2.41,5.172217285837935,14.972966647697975,2.0,0.4728842542805721,0.3454299245092579,340.5186329122888,388.6996540581458,True,447.1003685635068,-1.8644919247237848,-0.005396592917840781,787.6190014757956,1.1193742698153273,0.004589892200664025,555.1982545853988,-1.3945606908099846,-0.005221571244060308,943.8979086435446,0.597351462037098,0.0046823809395808436
case_000,2.415,5.172206135348457,14.972958314156283,2.0,0.47288311813042594,0.34542947416824304,340.5179178522097,388.69881044625527,True,447.1000730949856,-1.8644903734751526,-0.00539660998511482,787.6179909471953,1.1193746585540236,0.004589851140406553,555.1993817067363,-1.394560163091184,-0.005221530682269215,943.8981921529916,0.597352849695621,0.00468239770667761
case_000,2.42,5.1721951452710835,14.972950104636986,2.0,0.4728819985904521,0.3454290305305333,340.51721290463934,388.6979788400447,True,447.09978221967754,-1.864488845743643,-0.005396626761870138,787.6169951243169,1.1193750424111484,0.004589810721437992,555.2004921633104,-1.3945596434893084,-0.005221490686690311,943.8984710033551,0.5973542174688296,0.00468241425543342
case_000,2.4250000000000003,5.17218431314351,14.972942017295216,2.0,0.47288089535892186,0.3454285934951302,340.5165179242168,388.69715905864257,True,447.09949577331327,-1.8644873410600142,-0.005396643255733191,787.6160136975301,1.1193754214234566,0.004589770929759984,555.2015860874394,-1.3945591317642605,-0.005221451253214882,943.898745146082,0.5973555656252963,0.0046824305836378755
case_000,2.43,5.1721736365985524,14.972934050313539,2.0,0.47287980814627584,0.345428162962653,340.5158327722275,388.6963509291851,True,447.0992136007803,-1.8644858589686801,-0.005396659474261822,787.6150463730078,1.1193757956219317,0.00458973175169991,555.2026636187464,-1.3945586276877477,-0.005221412377758472,943.8990145479315,0.5973568944248817,0.004682446689310948
case_000,2.435,5.1721631133581445,14.972926201901528,2.0,0.4728787366747634,0.3454277388353152,340.5151573160477,388.6955542862635,True,447.09893555627826,-1.864484399028018,-0.005396675424911623,787.614092872326,1.11937616503267,0.004589693173936649,555.2037249042739,-1.3945581310434703,-0.005221374056224526,943.8992791905374,0.597358204119532,0.004682462570732404
case_000,2.44,5.172152741227457,14.972918470295363,2.0,0.4728776806780305,0.34542732101690066,340.51449142861156,388.69476897132245,True,447.0986615033937,-1.8644829608105715,-0.0053966911150051255,787.6131529320053,1.1193765296777394,0.004589655183522834,555.2047700985471,-1.3945576416272143,-0.0052213362844703015,943.8995390698695,0.597359494954066,0.004682478226466502
case_000,2.445,5.172142518088782,14.972910853757437,2.0,0.4728766399006672,0.34542690941273907,340.5138349878797,388.6939948321128,True,447.09839131506226,-1.8644815439031206,-0.005396706551705321,787.612226302942,1.1193768895759735,0.0045896177679018435,555.205799363464,-1.3945571592468198,-0.005221299058279283,943.8997941955769,0.5973607671669061,0.004682493655380704
case_000,2.45,5.17213244189569,14.972903350575947,2.0,0.47287561409771883,0.3454265039296804,340.513187876325,388.69323172212034,True,447.09812487348654,-1.8644801479066915,-0.005396721741991017,787.6113127498115,1.1193772447437436,0.0045895809149219535,555.2068128681593,-1.3945566837220729,-0.005221262373335422,943.9000445902797,0.5973620209907966,0.0046825088566609385
case_000,2.455,5.172122510667194,14.972895959064513,2.0,0.47287460303416873,0.3454261044760695,340.5125499804352,388.69247950001795,True,447.09786206996864,-1.8644787724364518,-0.005396736692636073,787.6104120504039,1.119377595195677,0.004589544612846275,555.2078107887496,-1.3945562148845003,-0.0052212262252025465,943.9002902887676,0.5973632566534639,0.004682523829821261
case_000,2.46,5.172112722482034,14.972888677561807,2.0,0.4728736064843998,0.3454257109617199,340.51192119023733,388.69173802914736,True,447.09760280467117,-1.864477417121518,-0.005396751410192024,787.6095239949085,1.1193779409453108,0.004589508850358748,555.2087933080103,-1.3945557525770849,-0.0052211906093074245,943.9005313371576,0.5973644743782501,0.004682538574709905
case_000,2.465,5.172103075473182,14.97288150443116,2.0,0.4728726242316401,0.3454253232978875,340.511301398843,388.6910071769869,True,447.09734698633747,-1.8644760816047055,-0.005396765900973155,787.6086483851805,1.119378282005711,0.004589473616567308,555.2097606149978,-1.394555296653913,-0.005221155520926168,943.9007677919847,0.5973656743846835,0.004682553091510611
case_000,2.47,5.172093567822578,14.97287443806021,2.0,0.47287165606739934,0.3454249413972439,340.5106905020241,388.69028681469683,True,447.097094531955,-1.8644747655422,-0.005396780171044835,787.6077850339791,1.1193786183900276,0.004589438901003717,555.210712904606,-1.3945548469797617,-0.005221120955174352,943.9009997193028,0.5973668568890278,0.004682567380741576
case_000,2.475,5.172084197756028,14.972867476860527,2.0,0.4728707017909008,0.34542456517385,340.5100883978122,388.68957681662926,True,447.09684536637303,-1.8644734686031657,-0.005396794226214807,787.6069337641852,1.1193789501119957,0.004589404693620347,555.2116503770807,-1.3945544034296289,-0.005221086907000405,943.9012271937099,0.5973680221047576,0.004682581443249345
case_000,2.48,5.172074963538454,14.972860619267271,2.0,0.47286976120851576,0.3454241945431295,340.5094949861203,388.6888770599097,True,447.09659942189575,-1.8644721904693118,-0.005396808072026749,787.606094408016,1.1193792771863864,0.004589370984784458,555.2125732375,-1.3945539658882244,-0.0052210533711818385,943.9014502974097,0.5973691702430115,0.004682595280201207
case_000,2.485,5.172065863469409,14.972853863738827,2.0,0.4728688341332021,0.3454238294218421,340.5089101684047,388.6881874240265,True,447.0963566378388,-1.8644709308344092,-0.005396821713756661,787.6052668062435,1.119379599629396,0.004589337765270096,555.2134816952309,-1.3945535342494235,-0.005221020342324134,943.9016691192575,0.59737030151299,0.004682608893074314
case_000,2.49,5.172056895878817,14.972847208756471,2.0,0.47286792038395437,0.3454234697280576,340.5083338473545,388.6875077904647,True,447.0961169600581,-1.8644696894037636,-0.005396835156411817,787.6044508074126,1.119379917458989,0.004589305026247659,555.214375963335,-1.3945531084156828,-0.005220987814863243,943.9018837537997,0.5973714161222969,0.004682622283641968
case_000,2.495,5.172048059123142,14.972840652824026,2.0,0.4728670197852683,0.3454231153811295,340.5077659265982,388.6868380423567,True,447.09588034047914,-1.8644684658936754,-0.005396848404731314,787.6036462670774,1.119380230695181,0.004589272759271679,555.2152562580012,-1.3945526882974515,-0.00522095578306897,943.9020943003579,0.5973725142772577,0.0046826354539588055
case_000,2.5,5.172039351581758,14.972834194467527,2.0,0.4728661321666214,0.34542276630166974,340.50720631046084,388.68617806416137,True,447.095646736594,-1.8644672600308578,-0.005396861463189351,787.6028530470549,1.1193805393602783,0.004589240956266949,555.2161227979448,-1.3945522738125553,-0.005220924241051528,943.9023008621061,0.5973735961831695,0.004682648406343137
case_000,2.505,5.1720307716536995,14.972827832234902,2.0,0.47286525736197593,0.34542242241152277,340.5066549037336,388.6855277414013,True,447.0954161109665,-1.86446607155185,-0.0053968743360000015,787.6020710147001,1.1193808434790598,0.004589209609513034,555.2169758038002,-1.3945518648855701,-0.0052208931827700256,943.9025035452015,0.5973746620445253,0.004682661143358635
case_000,2.5100000000000002,5.172022317754802,14.972821564695638,2.0,0.47286439520930407,0.3454220836337411,340.50611161148345,388.6848869603955,True,447.0951884307415,-1.8644649002024223,-0.005396887027123265,787.6013000422249,1.1193811430789262,0.004589178711628283,555.2178154975593,-1.3945514614472176,-0.005220862602041243,943.9027024579548,0.5973757120651991,0.004682673667795012
case_000,2.515,5.172013988314984,14.972815390440461,2.0,0.4728635455501383,0.3454217498925608,340.50557633888286,388.6842556080534,True,447.0949636671379,-1.864463745736969,-0.005396899540273503,787.6005400060208,1.1193814381899883,0.004589148255551789,555.2186421019622,-1.3945510634337306,-0.005220832492551841,943.9028977100156,0.5973767464485764,0.004682685982646817
case_000,2.52,5.172005781776025,14.972809308081043,2.0,0.4728627082291501,0.3454214211133773,340.5050489910791,388.6836335716796,True,447.09474179497045,-1.8644626079179059,-0.005396911878928323,787.5997907860495,1.119381728845128,0.004589118234525846,555.2194558399531,-1.394550670786258,-0.005220802847870021,943.9030894116327,0.5973777653976676,0.004682698091092785
case_000,2.525,5.171997696589542,14.972803316249665,2.0,0.47286188309375543,0.3454210972227226,340.5045294730731,388.6830207388133,True,447.0945227921699,-1.8644614865150766,-0.005396924046339069,787.599052265243,1.119382015080011,0.004589088642076855,555.2202569341266,-1.394550283450266,-0.005220773661459177,943.9032776729399,0.5973787691151723,0.0046827099964739105
case_000,2.5300000000000002,5.171989731215298,14.972797413598936,2.0,0.4728610699937516,0.34542077814824196,340.5040176896348,388.68241699710063,True,447.0943066393294,-1.8644603813051688,-0.005396936045541811,787.5983243289642,1.1193822969330722,0.00458905947199667,555.2210456062114,-1.3945499013749663,-0.005220744926691778,943.903462603312,0.5973797578035202,0.004682721702272019
case_000,2.535,5.171981884119845,14.972791598801487,2.0,0.47286026878098286,0.3454204638186725,340.50351354524724,388.6818222341823,True,447.09409331926,-1.864459292071145,-0.005396947879369451,787.5976068645073,1.119382574445468,0.004589030718323783,555.2218220765849,-1.3945495245127641,-0.005220716636863687,943.9036443107672,0.5973807316648853,0.004682733212088286
case_000,2.54,5.171974153775323,14.97278587054967,2.0,0.4728594793090376,0.345420154163821,340.50301694405744,388.68123633762434,True,447.0938828165664,-1.8644582186016823,-0.005396959550464486,787.5968997606238,1.119382847660989,0.004589002375323836,555.2225865637946,-1.39454915281873,-0.005220688785209593,943.903822901419,0.5973816909011649,0.004682744529621752
case_000,2.545,5.1719665386586104,14.972780227555273,2.0,0.4728587014329754,0.34541984911454343,340.50252778985276,388.68065919485446,True,447.0936751172546,-1.8644571606906548,-0.005396971061291722,787.5962029071073,1.1193831166259571,0.004588974437471027,555.2233392841322,-1.3945487862500967,-0.0052206613649179445,943.9039984789866,0.5973826357139402,0.004682755658648452
case_000,2.5500000000000003,5.1719590372507405,14.97277466854924,2.0,0.4728579350090851,0.34541954860272495,340.5020459860744,388.680090693128,True,447.09347020835975,-1.8644561181366235,-0.005396982414151541,787.5955161944341,1.1193833813891088,0.004588946899430291,555.2240804512463,-1.3945484247657993,-0.00522063436914566,943.9041711443743,0.5973835663044211,0.004682766603001598
case_000,2.555,5.171951648036443,14.972769192281381,2.0,0.47285717989467124,0.34541925256126016,340.50157143581436,388.67953071952263,True,447.0932680775937,-1.8644550907423538,-0.005396993611193557,787.594839513408,1.1193836420014298,0.004588919756038534,555.2248102757673,-1.394548068326032,-0.00522060779103356,943.9043409952899,0.5973844828733655,0.004682777366551982
case_000,2.56,5.171944369503961,14.972763797520095,2.0,0.4728564359478723,0.34541896092403446,340.50110404185773,388.6789791609341,True,447.09306871302897,-1.8644540783143722,-0.005397004654429827,787.5941727548867,1.119383898516003,0.004588893002287875,555.2255289649825,-1.3945477168918448,-0.00522058162372091,943.9045081259165,0.5973853856209792,0.004682787953189216
case_000,2.565,5.171937200145079,14.972758483052097,2.0,0.47285570302750396,0.3454186736259058,340.50064370672476,388.67843590410337,True,447.09287210280866,-1.8644530806625415,-0.005397015545748118,787.5935158095334,1.1193841509878293,0.004588866633309097,555.2262367225563,-1.3945473704247775,-0.0052205558603594104,943.9046726266597,0.5973862747468176,0.004682798366804741
case_000,2.57,5.171930138455233,14.972753247682155,2.0,0.47285498099293144,0.34541839060268725,340.5001903327256,388.67790083565774,True,447.0926782348752,-1.8644520975996726,-0.005397026286925288,787.5928685676008,1.1193843994736332,0.004588840644355441,555.2269337482583,-1.3945470288865196,-0.005220530494127518,943.904834583916,0.597387150449661,0.004682808611274847
case_000,2.575,5.171923182933901,14.972748090232818,2.0,0.47285426970396705,0.3454181117911301,340.4997438220263,388.67737384215116,True,447.09248709674523,-1.864451128941171,-0.005397036879639605,787.5922309187715,1.1193846440316733,0.004588815030788118,555.2276202377668,-1.3945466922386207,-0.005220505518242824,943.904994079918,0.597388012927392,0.004682818690445845
case_000,2.58,5.171916332084994,14.972743009544146,2.0,0.4728535690207917,0.34541783712890756,340.4993040767288,388.6768548101344,True,447.09229867529234,-1.8644501745047057,-0.005397047325483517,787.5916027520211,1.119384884721536,0.0045887897880619866,555.228296382468,-1.3945463604422135,-0.005220480925975213,943.9051511926024,0.5973888623768562,0.004682828608119527
case_000,2.585,5.171909584417481,14.972738004473475,2.0,0.4728528788039,0.3454175665545993,340.49887099895614,388.6763436262338,True,447.0921129565743,-1.8644492341099201,-0.0053970576259752545,787.5909839555304,1.1193851216039354,0.00458876491171295,555.2289623693194,-1.3945460334577924,-0.005220456710658072,943.9053059955532,0.5973896989937358,0.0046828383680409535
case_000,2.59,5.1719029384460455,14.972733073895135,2.0,0.47285219891406544,0.34541730000767634,340.4984444909271,388.6758401772171,True,447.0919299256783,-1.8644483075781726,-0.0053970677825702085,787.5903744166054,1.119385354740498,0.004588740397345303,555.2296183807372,-1.394545711245015,-0.005220432865699176,943.9054585579543,0.5973905229724025,0.0046828479738864615
case_000,2.595,5.171896392691847,14.972728216700222,2.0,0.4728515292123264,0.34541703742848634,340.4980244550631,388.67534435008747,True,447.0917495665968,-1.8644473947323028,-0.00539707779667159,787.5897740216599,1.1193855841935694,0.004588716240621293,555.2302645945113,-1.3945453937625374,-0.0052204093845907296,943.9056089445987,0.597391334505779,0.004682857429253451
case_000,2.6,5.171889945683331,14.972723431796334,2.0,0.4728508695599888,0.3454167787582401,340.49761079407807,388.67485603218097,True,447.09157186212343,-1.8644464953964364,-0.005397087669640588,787.5891826562015,1.1193858100260061,0.004588692437250852,555.2309011837507,-1.3945450809678777,-0.005220386260918586,943.9057572159317,0.5973921337852024,0.004682866737651448
case_000,2.605,5.171883595957141,14.972718718107338,2.0,0.47285021981864567,0.3454165239389979,340.4972034110745,388.6743751112525,True,447.0913967937798,-1.8644456093958113,-0.005397097402805584,787.5886002048543,1.1193860323009797,0.004588668982982713,555.2315283168768,-1.394544772817323,-0.005220363488369906,943.9059034281294,0.5973929210002916,0.004682875902494554
case_000,2.61,5.171877342058962,14.97271407457312,2.0,0.472849579850211,0.3454162729136563,340.49680220964177,388.6739014755789,True,447.0912243417543,-1.86444473655664,-0.005397106997471091,787.5880265513961,1.1193862510817854,0.004588645873596309,555.2321461576115,-1.3945444692658435,-0.0052203410607409295,943.9060476331904,0.5973936963388095,0.0046828849270945105
case_000,2.615,5.171871182544552,14.972709500149364,2.0,0.47284894951696527,0.34541602562593604,340.49640709395186,388.67343501406106,True,447.0910544848858,-1.8644438767059976,-0.005397116454925022,787.5874615788376,1.1193864664316655,0.004588623104895384,555.2327548650213,-1.3945441702670536,-0.005220318971942806,943.9061898790824,0.5973944599865451,0.004682893814655975
case_000,2.62,5.17186511598059,14.972704993807293,2.0,0.47284832868161314,0.34541578202037,340.49601796885685,388.67297561631426,True,447.09088720063056,-1.8644430296717271,-0.005397125776446632,787.5869051694874,1.1193866784136284,0.004588600672701393,555.2333545935664,-1.3945438757731845,-0.005220297216007086,943.9063302098807,0.5973952121271882,0.004682902568271918
case_000,2.625,5.171859140945677,14.972700554533462,2.0,0.4728477172073496,0.34541554204229125,340.49563473997233,388.6725231727718,True,447.09072246508873,-1.8644421952823849,-0.005397134963312122,787.5863572050611,1.1193868870902919,0.004588578572849,555.2339454931788,-1.3945435857350874,-0.005220275787090056,943.9064686659506,0.597395952942224,0.0046829111909209575
case_000,2.63,5.171853256031207,14.97269618132952,2.0,0.4728471149579343,0.345415305637822,340.4952573137753,388.67207757477615,True,447.0905602530091,-1.864441373367188,-0.005397144016801025,787.5858175667844,1.119387092523721,0.004588556801181587,555.2345277093509,-1.3945433001022531,-0.005220254679476455,943.9066052841271,0.5973966826108222,0.004682919685465026
case_000,2.6350000000000002,5.171847459842353,14.972691873211982,2.0,0.472846521797771,0.34541507275386263,340.4948855976875,388.6716387146698,True,447.0904005378431,-1.8644405637560029,-0.005397152938200422,787.5852861355306,1.1193872947753023,0.004588535353548695,555.2351013832624,-1.3945430188228538,-0.005220233887581582,943.9067400979322,0.5973974013097505,0.004682928054648927
case_000,2.64,5.171841750998809,14.972687629212025,2.0,0.4728459375919926,0.3454148433380811,340.4945195001427,388.67120648588923,True,447.09024329178135,-1.8644397662793344,-0.0053971617288098295,787.584762791924,1.11938749390559,0.004588514225802531,555.2356666518788,-1.3945427418437955,-0.005220213405954077,943.906873137768,0.5973981092132801,0.004682936301099561
case_000,2.645,5.171836128135731,14.972683448375244,2.0,0.4728453622065489,0.34541461733890255,340.49415893068027,388.670780783037,True,447.09008848582954,-1.864438980768347,-0.005397170389944139,787.5842474165098,1.1193876899742154,0.004588493413797523,555.2362236481216,-1.3945424691107986,-0.00522019322927586,943.9070044311586,0.5973988064931202,0.004682944427327473
case_000,2.65,5.1718305899044426,14.972679329761466,2.0,0.4728447955082963,0.34541439470549934,340.4938037999963,388.6703615019695,True,447.08993608987475,-1.8644382070548908,-0.005397178922936785,787.583739889871,1.1193878830397617,0.004588472913388486,555.2367725009934,-1.3945422005684756,-0.005220173352363244,943.907134002963,0.5973994933183424,0.004682952435727916
case_000,2.6550000000000002,5.171825134973217,14.972675272444514,2.0,0.4728442373650879,0.3454141753877813,340.49345402001313,388.66994853986375,True,447.08978607277663,-1.8644374449715484,-0.005397187329141573,787.5832400927898,1.11938807315968,0.004588452720430902,555.2373133357523,-1.3945419361604332,-0.005220153770165992,943.9072618756161,0.5974001698553343,0.004682960328583563
case_000,2.66,5.1718197620278605,14.972671275512013,2.0,0.4728436876458641,0.345413959336386,340.493109503937,388.66954179528216,True,447.08963840244365,-1.864436694351684,-0.005397195609934846,787.5827479063806,1.1193882603902097,0.004588432830780809,555.2378462740604,-1.3945416758293725,-0.0052201344777668135,943.9073880693426,0.5974008362677433,0.004682968108066898
case_000,2.665,5.17181446977241,14.972667338065186,2.0,0.4728431462207395,0.3454137465026696,340.49277016630475,388.66914116823375,True,447.08949304594233,-1.864435955029511,-0.00539720376671593,787.5822632122471,1.1193884447863078,0.004588413240296019,555.2383714341688,-1.3945414195172061,-0.00522011547037915,943.9075126024026,0.5974014927164497,0.004682975776244269
case_000,2.67,5.171809256929619,14.97266345921863,2.0,0.4728426129610901,0.34541353683869724,340.4924359230226,388.6687465602221,True,447.08934996959186,-1.8644352268401687,-0.005397211800907853,787.5817858926144,1.1193886264015926,0.004588393944837121,555.2388889310863,-1.394541167165178,-0.005220096743345171,943.9076354913084,0.5974021393595371,0.004682983335079605
case_000,2.6750000000000003,5.1718041222414035,14.97265963810015,2.0,0.4728420877396352,0.3454133302972345,340.4921066914121,388.66835787429966,True,447.0892091390623,-1.8644345096197905,-0.005397219713957568,787.5813158304744,1.1193888052882999,0.0045883749402693685,555.2393988767383,-1.394540918713978,-0.005220078292133612,943.9077567510379,0.5974027763522717,0.004682990786438579
case_000,2.68,5.171799064469305,14.972655873850535,2.0,0.47284157043051606,0.3454131268317381,340.49178239023337,388.6679750151003,True,447.0890705194856,-1.8644338032055967,-0.005397227507335178,787.5808529097189,1.1193889814972513,0.0045883562224647845,555.2399013801634,-1.394540674103875,-0.005220060112335889,943.9078763952637,0.5974034038471014,0.004682998132093885
case_000,2.685,5.171794082394796,14.972652165623371,2.0,0.47284106090936984,0.3454129263963473,340.49146293970966,388.6675978888692,True,447.0889340755624,-1.8644331074359821,-0.0053972351825331555,787.5803970152721,1.119389155077835,0.004588337787304664,555.2403965476718,-1.3945404332748408,-0.005220042199663155,943.907994436541,0.5974040219936542,0.004683005373729732
case_000,2.69,5.171789174819547,14.97264851258486,2.0,0.47284055905339845,0.3454127289458754,340.4911482615428,388.6672264034961,True,447.088799771661,-1.8644324221505997,-0.005397242741065289,787.5799480332038,1.1193893260779821,0.0045883196306819585,555.2408844830229,-1.3945401961666737,-0.005220024549942248,943.908110886519,0.5974046309387487,0.00468301251294756
case_000,2.695,5.171784340565611,14.972644913913612,2.0,0.47284006474143125,0.34541253443580067,340.49083827892633,388.66686046852897,True,447.0886675719253,-1.8644317471904541,-0.005397250184465019,787.5795058508517,1.1193894945441774,0.004588301748504331,555.241365287581,-1.3945399627191222,-0.005220007159111972,943.9082257561099,0.597405230826409,0.004683019551270873
case_000,2.7,5.171779578475558,14.972641368800481,2.0,0.4728395778539829,0.3454123428222582,340.4905329165524,388.6664999951811,True,447.08853744037015,-1.8644310823979913,-0.005397257514283882,787.5790703569226,1.1193896605214553,0.004588284136697041,555.2418390604857,-1.3945397328720082,-0.005219990023218546,943.9083390556668,0.5974058217978886,0.004683026490150899
case_000,2.705,5.17177488741256,14.972637876448372,2.0,0.47283909827330345,0.3454121540620314,340.49023210060835,388.6661448963555,True,447.08840934098436,-1.8644304276171848,-0.005397264732089235,787.5786414415927,1.1193898240534172,0.004588266791206108,555.2423058988021,-1.3945395065653416,-0.005219973138411327,943.9084507951576,0.5974064039917099,0.004683033330972419
case_000,2.71,5.171770266260396,14.972634436072054,2.0,0.47283862588342324,0.34541196811254377,340.4899357587688,388.6657950866211,True,447.08828323782785,-1.864429782693626,-0.005397271839461981,787.5782189965967,1.1193899851822569,0.004588249708001535,555.2427658976766,-1.3945392837394368,-0.005219956500938094,943.9085609842977,0.597406977543692,0.004683040075058764
case_000,2.715,5.1717657139233575,14.972631046897993,2.0,0.472838160570191,0.3454117849318501,340.4896438201937,388.6654504822252,True,447.0881590951092,-1.8644291474746004,-0.0053972788379946235,787.5778029153029,1.1193901439487828,0.0045882328830802455,555.2432191504705,-1.394539064335016,-0.005219940107140608,943.9086696326957,0.597407542587,0.004683046723677475
case_000,2.72,5.17176122932618,14.972627708164179,2.0,0.4728377022213051,0.34541160447862906,340.48935621550726,388.66511100107414,True,447.0880368772776,-1.8644285218091674,-0.005397285729288492,787.5773930927849,1.1193903003924552,0.0045882163124694175,555.2436657488971,-1.3945388482933119,-0.005219923953449945,943.9087767499713,0.5974080992521889,0.004683053278045468
case_000,2.725,5.171756811413892,14.97262441911994,2.0,0.4728372507263382,0.34541142671217406,340.48907287677355,388.664776562725,True,447.0879165491111,-1.8644279055482427,-0.005397292514950858,787.5769894258847,1.1193904545514284,0.004588199992229647,555.244105783151,-1.394538635556164,-0.005219908036381671,943.908882345876,0.5974086476672634,0.0046830597393345275
case_000,2.73,5.171752459151534,14.972621179025786,2.0,0.4728368059767558,0.34541125159238567,340.4887937374896,388.66444708836286,True,447.08779807576434,-1.864427298544647,-0.005397299196593264,787.5765918132539,1.1193906064625867,0.004588183918457556,555.244539342016,-1.3945384260661025,-0.005219892352531563,943.9089864303788,0.5974091879577262,0.00468306610867586
case_000,2.735,5.171748171523993,14.972617987153239,2.0,0.47283636786592886,0.3454110790797632,340.4885187325403,388.6641225007696,True,447.0876814228639,-1.8644267006531907,-0.00539730577582781,787.5762001554042,1.1193907561616019,0.004588168087289124,555.2449665129866,-1.3945382197664316,-0.0052198768985706745,943.9090890137562,0.5974097202466417,0.004683072387165144
case_000,2.74,5.171743947535647,14.972614842784658,2.0,0.47283593628913934,0.34541090913539685,340.48824779818426,388.66380272430774,True,447.087566556551,-1.8644261117307135,-0.005397312254265263,787.5758143547353,1.1193909036829792,0.004588152494902242,555.2453873823573,-1.3945380166013013,-0.005219861671241222,943.909190106665,0.5974102446546979,0.004683078575867028
case_000,2.745,5.1717397862100505,14.972611745213092,2.0,0.47283551114358086,0.34541074172095926,340.4879808720143,388.6634876848899,True,447.08745344354065,-1.8644255316361396,-0.0053973186335122825,787.575434315555,1.1193910490601109,0.00458813713751921,555.2458020353147,-1.3945378165157691,-0.005219846667352257,943.9092897202046,0.5974107613002712,0.0046830846758195155
case_000,2.75,5.171735686589559,14.972608693742114,2.0,0.47283509232835286,0.34541057679869774,340.4877178929246,388.6631773099275,True,447.087342051168,-1.8644249602305194,-0.005397324915168977,787.5750599440926,1.1193911923253286,0.004588122011409124,555.2462105560261,-1.3945376194558616,-0.005219831883775339,943.9093878659536,0.5974112702994873,0.004683090688037628
case_000,2.755,5.171731647734987,14.972605687685657,2.0,0.47283467974445104,0.34541041433142605,340.48745880107623,388.66287152832376,True,447.0872323474386,-1.8644243973770713,-0.0053973311008261304,787.5746911485148,1.1193913335099717,0.004588107112890427,555.2466130277033,-1.3945374253686207,-0.005219817317440811,943.9094845560271,0.5974117717662978,0.00468309661351779
case_000,2.7600000000000002,5.171727668725127,14.972602726367873,2.0,0.4728342732947506,0.3454102542825168,340.48720353785666,388.66257027040376,True,447.0871243010515,-1.8644238429412017,-0.005397337192063367,787.5743278389082,1.1193914726444303,0.004588092438332414,555.2470095326797,-1.394537234202145,-0.0052198029653336975,943.9095798030835,0.597412265812537,0.004683102453240662
case_000,2.765,5.171723748656342,14.972599809122967,2.0,0.47283387288398704,0.345410096615893,340.4869520458485,388.66227346790083,True,447.08701788143514,-1.8644232967905334,-0.005397343190446602,787.5739699272837,1.1193916097582122,0.004588077984157446,555.2474001524519,-1.3945370459056237,-0.005219788824490534,943.9096736203527,0.5974127525479956,0.004683108208174636
case_000,2.77,5.171719886642132,14.972596935295051,2.0,0.4728334784187322,0.34540994129602054,340.4867042687837,388.6619810539039,True,447.0869130587681,-1.8644227587949205,-0.0053973490975261496,787.5736173275518,1.1193917448799973,0.00458806374684223,555.2477849677399,-1.3945368604293633,-0.005219774891995654,943.9097660216438,0.5974132320804871,0.004683113879278722
case_000,2.775,5.17171608181263,14.972594104238006,2.0,0.47283308980736577,0.3454097882879001,340.48646015150285,388.6616929628143,True,447.08680980399794,-1.8644222288264551,-0.005397354914834673,787.5732699555008,1.1193918780376897,0.004588049722919207,555.2481640585213,-1.394536677724805,-0.005219761164978298,943.9098570213356,0.5974137045159107,0.004683119467504826
case_000,2.7800000000000002,5.171712333314181,14.972591315315324,2.0,0.47283270696004365,0.3454096375570595,340.4862196399208,388.66140913030927,True,447.0867080888539,-1.864421706759475,-0.005397360643885352,787.5729277287747,1.1193920092584817,0.004588035908977883,555.2485375040692,-1.3945364977445396,-0.005219747640609507,943.9099466343785,0.5974141699583213,0.004683124973800357
case_000,2.785,5.17170864030882,14.972588567899964,2.0,0.47283232978866474,0.3454094890695459,340.4859826809881,388.6611294932883,True,447.086607885849,-1.8644211924705547,-0.005397366286170435,787.5725905668371,1.1193921385689025,0.004588022301665606,555.2489053829795,-1.394536320442314,-0.005219734316099456,943.9100348762678,0.5974146285099885,0.004683130399109836
case_000,2.79,5.171705001973815,14.97258586137422,2.0,0.4728319582068327,0.34540934279191776,340.48574922264226,388.66085398984524,True,447.08650916828566,-1.864420685838504,-0.005397371843159637,787.5722583909279,1.1193922659948687,0.004588008897688067,555.2492677731844,-1.3945361457730256,-0.005219721188695237,943.9101217630297,0.5974150802714618,0.004683135744376843
case_000,2.795,5.171701417501184,14.972583195129577,2.0,0.47283159212981735,0.34540919869123793,340.4855192137788,388.66058255921814,True,447.0864119102487,-1.8644201867443415,-0.005397377316298968,787.5719311240275,1.1193923915617354,0.004587995693809965,555.2496247519737,-1.3945359736927214,-0.0052197082556784125,943.9102073111918,0.5974155253416319,0.004683141010545344
case_000,2.8000000000000003,5.171697886097234,14.972580568566572,2.0,0.47283123147451356,0.3454090567350651,340.485292604211,388.660315141743,True,447.08631608660625,-1.8644196950712904,-0.005397382707009291,787.5716086908172,1.119392515294349,0.004587982686855507,555.249976396005,-1.3945358041585862,-0.005219695514362965,943.910291537748,0.5974159638177856,0.004683146198560806
case_000,2.805,5.171694406982061,14.972577981094664,2.0,0.47283087615939917,0.34540891689144715,340.4850693446272,388.6600516788212,True,447.08622167298535,-1.8644192107047408,-0.005397388016685878,787.5712910176126,1.1193926372170786,0.004587969873707742,555.250322781301,-1.3945356371289253,-0.005219682962093797,943.9103744601222,0.5974163957956619,0.004683151309371025
case_000,2.81,5.171690979389149,14.972575432132093,2.0,0.4728305261044905,0.34540877912891316,340.4848493865651,388.6597921128698,True,447.08612864577333,-1.864418733532233,-0.005397393246696969,787.5709780323384,1.1193927573538778,0.004587957251309449,555.2506639832606,-1.3945354725631467,-0.005219670596244785,943.9104560961304,0.5974168213695085,0.004683156343926909
case_000,2.815,5.171687602564845,14.97257292110576,2.0,0.47283018123129883,0.34540864341646593,340.4846326823695,388.6595363872942,True,447.08603698208213,-1.8644182634434106,-0.005397398398383879,787.5706696644517,1.1193928757283023,0.004587944816661804,555.2510000766389,-1.3945353104217317,-0.005219658414217954,943.9105364639331,0.5974172406321275,0.004683161303182692
case_000,2.82,5.171684275767989,14.972570447451092,2.0,0.4728298414627851,0.3454085097235753,340.4844191851604,388.65928444644203,True,447.08594665974385,-1.8644178003299983,-0.005397403473059836,787.5703658449042,1.1193929923635613,0.004587932566824604,555.2513311355556,-1.3945351506662138,-0.005219646413441803,943.9106155819976,0.5974176536749298,0.004683166188096444
case_000,2.825,5.171680998269465,14.972568010611907,2.0,0.47282950672331525,0.3454083780201701,340.48420884880466,388.6590362355687,True,447.0858576572799,-1.8644173440857574,-0.005397408472009979,787.5700665060846,1.119393107282548,0.004587920498915488,555.2516572334744,-1.3945349932591449,-0.005219634591370703,943.910693469043,0.5974180605879731,0.004683170999629782
case_000,2.83,5.171677769351815,14.972565610040311,2.0,0.47282917693861515,0.3454082482766318,340.48400162788784,388.65879170080063,True,447.0857699538754,-1.864416894606441,-0.005397413396491191,787.5697715817632,1.1193932205078663,0.004587908610109159,555.2519784432022,-1.3945348381640643,-0.005219622945483671,943.9107701440029,0.5974184614600124,0.004683175738748047
case_000,2.835,5.171674588308812,14.97256324519655,2.0,0.47282885203572667,0.3454081204637869,340.4837974776771,388.65855078911113,True,447.0856835293552,-1.8644164517897528,-0.005397418247731989,787.5694810070323,1.1193933320618588,0.004587896897636279,555.2522948368544,-1.3945346853454588,-0.00521961147328448,943.9108456259655,0.5974188563785312,0.004683180406419629
case_000,2.84,5.171671454445137,14.972560915548904,2.0,0.47282853194296326,0.34540799455290006,340.4835963541065,388.65831344827416,True,447.0855983641557,-1.864416015535303,-0.005397423026932524,787.5691947182622,1.1193934419666363,0.004587885358782906,555.2526064858627,-1.3945345347687343,-0.005219600172300276,943.9109199341368,0.5974192454297866,0.004683185003615864
case_000,2.845,5.1716683670759975,14.972558620573567,2.0,0.4728282165898675,0.34540787051566746,340.48339821374424,388.6580796268531,True,447.08551443929497,-1.8644155857445566,-0.005397427735264915,787.5689126530392,1.1193935502440937,0.0045878739908890576,555.2529134609359,-1.3945343864001678,-0.005219589040082073,943.910993087789,0.5974196286988394,0.004683189531310306
case_000,2.85,5.171665325526786,14.97255635975452,2.0,0.4728279059071694,0.34540774832420973,340.48320301376936,388.6578492741543,True,447.08543173634183,-1.8644151623207874,-0.005397432373873523,787.5686347501112,1.1193936569159275,0.00458786279134743,555.2532158320585,-1.3945342402068805,-0.005219578074203923,943.9110651062127,0.5974200062695854,0.004683193990478007
case_000,2.855,5.171662329132809,14.972554132583427,2.0,0.4728275998267454,0.3454076279510656,340.48301071195783,388.65762234021884,True,447.08535023739205,-1.8644147451690292,-0.005397436943875178,787.5683609493499,1.1193937620036614,0.004587851757602679,555.2535136684603,-1.3945340961567863,-0.005219567272263248,943.9111360086791,0.5974203782247881,0.004683198382094966
case_000,2.86,5.17165937723894,14.972551938559512,2.0,0.4728272982815791,0.345407509369185,340.4828212666531,388.6573987757796,True,447.08526992502857,-1.864414334196023,-0.005397441446360007,787.5680911916817,1.119393865528645,0.004587840887149308,555.2538070386076,-1.394533954218563,-0.0052195566318805064,943.9112058143872,0.5974207446461017,0.004683202707137013
case_000,2.865,5.171656469199371,14.972549777189446,2.0,0.4728270012057239,0.3454073925519229,340.48263463676057,388.6571785322591,True,447.08519078229955,-1.864413929310171,-0.005397445882391716,787.5678254190601,1.119393967512082,0.004587830177531116,555.254096010177,-1.3945338143616066,-0.005219546150699528,943.9112745424361,0.5974211056140997,0.004683206966579256
case_000,2.87,5.171653604377348,14.972547647987247,2.0,0.47282670853426656,0.34540727747303246,340.4824507817166,388.65696156173726,True,447.0851127926835,-1.8644135304214808,-0.005397450253008473,787.5675635744001,1.1193940679750192,0.004587819626338974,555.2543806500356,-1.3945336765559924,-0.005219535826387789,943.9113422117729,0.5974214612082918,0.004683211161394807
case_000,2.875,5.171650782144943,14.972545550474157,2.0,0.4728264202032929,0.3454071641066594,340.482269661488,388.6567478169304,True,447.0850359400655,-1.8644131374415243,-0.005397454559223358,787.5673056015535,1.119394166938371,0.00458780923121016,555.2546610242389,-1.3945335407724433,-0.0052195256566360815,943.9114088411693,0.59742181150715,0.004683215292554166
case_000,2.88,5.1716480018828115,14.97254348417855,2.0,0.4728261361498546,0.34540705242733527,340.48209123655096,388.65653725118625,True,447.0849602087026,-1.8644127502833818,-0.005397458802025412,787.5670514452536,1.1193942644229131,0.004587798989826364,555.2549371979921,-1.3945334069822843,-0.005219515639159622,943.9114744491784,0.5974221565881218,0.004683219361023949
case_000,2.8850000000000002,5.171645262980018,14.972541448635807,2.0,0.47282585631193874,0.34540694240997194,340.48191546787496,388.6563298184485,True,447.0848855832056,-1.8644123688616019,-0.005397462982380086,787.5668010510806,1.1193943604492862,0.004587788899912404,555.2552092356607,-1.3945332751574155,-0.005219505771697497,943.9115390541092,0.5974224965276496,0.0046832233677661095
case_000,2.89,5.171642564833821,14.97253944338823,2.0,0.4728255806284384,0.34540683402985517,340.48174231692565,388.65612547326566,True,447.0848120485018,-1.8644119930921474,-0.005397467101230458,787.5665543654275,1.1193944550380004,0.004587778959234845,555.2554772007315,-1.3945331452702696,-0.005219496052013828,943.9116026739972,0.5974228314011836,0.004683227313736826
case_000,2.895,5.1716399068495,14.972537467984926,2.0,0.47282530903912523,0.34540672726263905,340.4815717456432,388.65592417076823,True,447.08473958981534,-1.8644116228923513,-0.005397471159497957,787.5663113354585,1.119394548209429,0.0045877691656003305,555.2557411558147,-1.3945330172937804,-0.005219486477897717,943.9116653265829,0.5974231612831956,0.004683231199885729
case_000,2.9,5.171637288440242,14.972535521981717,2.0,0.47282504148462406,0.34540662208434003,340.4814037164423,388.6557258666477,True,447.0846681926471,-1.8644112581808783,-0.005397475158083032,787.5660719090894,1.1193946399838133,0.004587759516854584,555.2560011626363,-1.3945328912013593,-0.005219477047163523,943.911727029284,0.597423486247191,0.004683235027154786
case_000,2.9050000000000002,5.17163470902696,14.972533604941033,2.0,0.47282477790638916,0.3454065184713317,340.481238192201,388.6555305171669,True,447.0845978427467,-1.864410898877679,-0.005397479097866309,787.5658360349477,1.119394730381253,0.004587750010880631,555.2562572820185,-1.3945327669668544,-0.005219467757651586,943.9117877991854,0.5974238063657203,0.00468323879647764
case_000,2.91,5.171632168038154,14.972531716431808,2.0,0.4728245182466819,0.34540641640033876,340.48107513625416,388.6553380791312,True,447.0845285260906,-1.8644105449039485,-0.005397482979709489,787.5656036623448,1.1193948194217025,0.004587740645597416,555.2565095738759,-1.394532644564528,-0.005219458607228555,943.911847653007,0.5974241217103824,0.004683242508778274
case_000,2.915,5.171629664909848,14.972529856029404,2.0,0.47282426244855075,0.34540631584843207,340.4809145123908,388.6551485099004,True,447.0844602288715,-1.8644101961820918,-0.005397486804455898,787.5653747412623,1.1193949071249714,0.004587731418958907,555.2567580972149,-1.3945325239690325,-0.005219449593787506,943.9119066071153,0.5974244323518432,0.004683246164971011
case_000,2.92,5.1716271990854485,14.972528023315494,2.0,0.47282401045581235,0.345406216793023,340.48075628485043,388.65496176736065,True,447.0843929374727,-1.8644098526356825,-0.005397490572931651,787.5651492223232,1.1193949935107117,0.004587722328952548,555.2570029101284,-1.3945324051553853,-0.005219440715248436,943.9119646774891,0.597424738359834,0.004683249765959019
case_000,2.9250000000000003,5.1716247700156535,14.972526217877972,2.0,0.47282376221303457,0.3454061192118582,340.48060041831917,388.65477780994365,True,447.08432663845366,-1.86440951418943,-0.005397494285946491,787.5649270567728,1.1193950785984181,0.00458771337359809,555.2572440697863,-1.394532288098942,-0.005219431969558819,943.91202187973,0.597425039803164,0.004683253312634139
case_000,2.93,5.1716223771583625,14.972524439310877,2.0,0.47282351766552067,0.34540602308301477,340.4804468779198,388.65459659659405,True,447.08426131853525,-1.8644091807691492,-0.005397497944294505,787.5647081964551,1.1193951624074103,0.004587704550946203,555.2574816324451,-1.3945321727753823,-0.005219423354693553,943.9120782290391,0.5974253367497214,0.004683256805875724
case_000,2.935,5.1716200199785956,14.972522687214283,2.0,0.47282327675929553,0.3454059283848949,340.48029562921863,388.6544180867876,True,447.0841969645851,-1.8644088523017208,-0.005397501548755124,787.5644925938037,1.1193952449568345,0.004587695859077645,555.2577156534392,-1.3945320591606873,-0.005219414868655625,943.9121337402267,0.5974256292664807,0.004683260246550469
case_000,2.94,5.171617697948487,14.972520961194215,2.0,0.4728230394410919,0.3454058350962212,340.48014663822374,388.65424224051674,True,447.0841335636134,-1.8644085287150756,-0.005397505100093514,787.5642802018372,1.1193953262656609,0.004587687296102483,555.2579461872023,-1.3945319472311302,-0.005219406509475666,943.912188427719,0.5974259174195166,0.004683263635512136
case_000,2.945,5.171615410547136,14.972519260862564,2.0,0.47282280565834006,0.3454057431960316,340.47999987137496,388.65406901828885,True,447.08407110275505,-1.8644082099381578,-0.005397508599061629,787.56407097413,1.119395406352664,0.004587678860158539,555.2581732872516,-1.3945318369632527,-0.005219398275212894,943.9122423055404,0.5974262012739946,0.004683266973600497
case_000,2.95,5.171613157260579,14.972517585836997,2.0,0.4728225753591563,0.345405652663675,340.4798552955477,388.6538983811273,True,447.08400956925885,-1.8644078959008978,-0.0053975120463990445,787.5638648648065,1.1193954852364187,0.004587670549410561,555.2583970062008,-1.3945317283338559,-0.005219390163955007,943.9122953873281,0.5974264808941854,0.004683270261641281
case_000,2.955,5.171610937581765,14.972515935740871,2.0,0.47282234849233346,0.34540556347880597,340.4797128780506,388.65373029056195,True,447.08394895049037,-1.8644075865341982,-0.005397515442833178,787.563661828541,1.119395562935299,0.004587662362049716,555.2586173957768,-1.3945316213199932,-0.00521938217381801,943.9123476863388,0.597426756343468,0.004683273500446006
case_000,2.96,5.1716087510104645,14.97251431020315,2.0,0.47282212500733345,0.34540547562138085,340.47957258662825,388.65356470863605,True,447.08388923391476,-1.8644072817699044,-0.005397518789080347,787.563461820543,1.119395639467466,0.004587654296292487,555.2588345068135,-1.3945315158989537,-0.005219374302946778,943.9123992154496,0.5974270276843329,0.004683276690811422
case_000,2.965,5.1716065970532705,14.97251270885832,2.0,0.4728219048542789,0.3454053890716528,340.479434389456,388.65340159789423,True,447.08383040709936,-1.864406981540786,-0.005397522085846096,787.5632647965554,1.1193957148508629,0.004587646350380059,555.2590483892798,-1.3945314120482624,-0.0052193665495144925,943.912449987174,0.5974272949783894,0.004683279833519682
case_000,2.97,5.171604475223507,14.972511131346307,2.0,0.4728216879839462,0.3454053038101676,340.4792982551357,388.65324092138974,True,447.08377245770754,-1.8644066857805208,-0.0053975253338258145,787.5630707128432,1.1193957891032065,0.004587638522577431,555.2592590922764,-1.3945313097456664,-0.005219358911723093,943.9125000136661,0.5974275582863691,0.004683282929338006
case_000,2.975,5.171602385041228,14.972509577312398,2.0,0.47282147434775995,0.3454052198177591,340.4791641527052,388.6530826426754,True,447.08371537349745,-1.8644063944236786,-0.005397528533705176,787.5628795262027,1.1193958622419873,0.004587630811173193,555.2594666640551,-1.3945312089691349,-0.005219351387802995,943.9125493067305,0.5974278176681305,0.00468328597901857
case_000,2.98,5.171600326033125,14.97250804640716,2.0,0.47282126389778706,0.3454051370755453,340.4790320516303,388.6529267258063,True,447.0836591423112,-1.8644061074056946,-0.005397531686160972,787.5626911939415,1.1193959342844562,0.004587623214478365,555.2596711520299,-1.3945311096968511,-0.005219343976013091,943.9125978778362,0.5974280731826654,0.004683288983298617
case_000,2.985,5.171598297732548,14.972506538286355,2.0,0.47282105658673157,0.3454050555649239,340.47890192180296,388.65277313534364,True,447.08360375208986,-1.8644058246628752,-0.005397534791860892,787.5625056738928,1.119396005247626,0.004587615730826444,555.259872602792,-1.3945310119072127,-0.0052193366746404735,943.9126457381357,0.5974283248881082,0.00468329194290068
case_000,2.99,5.171596299679433,14.972505052610881,2.0,0.4728208523679307,0.3454049752675682,340.4787737335385,388.6526218363324,True,447.08354919086395,-1.8644055461323676,-0.005397537851464296,787.5623229244025,1.119396075148263,0.004587608358572526,555.2600710621323,-1.394530915578833,-0.005219329482000101,943.9126928984647,0.5974285728417338,0.004683294858532305
case_000,2.995,5.17159433142027,14.972503589046672,2.0,0.47282065119534933,0.3454048961654231,340.47864745758716,388.65247279432606,True,447.0834954467539,-1.864405271752157,-0.005397540865622552,787.562142904341,1.1193961440028926,0.004587601096093297,555.260266575046,-1.3945308206905338,-0.005219322396434856,943.912739369372,0.5974288170999761,0.00468329773088666
case_000,3.0,5.171592392507999,14.972502147264644,2.0,0.47282045302357745,0.34540481824070113,340.4785230651125,388.6523259753608,True,447.08344250796773,-1.8644050014610474,-0.005397543834979479,787.5619655730802,1.1193962118277767,0.004587593941785872,555.2604591857473,-1.3945307272213459,-0.005219315416315373,943.9127851611081,0.5974290577184171,0.004683300560641923
case_000,3.005,5.171590482502101,14.972500726940599,2.0,0.47282025780782516,0.3454047414758785,340.4784005277033,388.6521813459751,True,447.0833903628207,-1.864404735198668,-0.0053975467601709015,787.561790890524,1.119396278638938,0.004587586894068518,555.2606489377031,-1.3945306351505176,-0.005219308540039103,943.9128302836782,0.5974292947518177,0.004683303348462786
case_000,3.0100000000000002,5.171588600968401,14.972499327755179,2.0,0.4728200655039198,0.34540466585369134,340.4782798173682,388.6520388731825,True,447.08333899971245,-1.8644044729054436,-0.005397549641825872,787.5616188170807,1.1193963444521327,0.0045875799513793725,555.2608358736304,-1.3945305444575065,-0.005219301766030693,943.9128747468129,0.5974295282541008,0.004683306094999284
case_000,3.015,5.171586747479115,14.972497949393773,2.0,0.47281987606830206,0.34540459135713175,340.4781609065333,388.65189852449237,True,447.0832884071456,-1.8644042145226014,-0.005397552480566281,787.5614493136788,1.1193964092828659,0.004587573112176724,555.2610200355223,-1.3945304551219873,-0.005219295092741272,943.9129185600146,0.5974297582783769,0.004683308800888131
case_000,3.02,5.171584921612796,14.972496591546452,2.0,0.47281968945802183,0.34540451796944416,340.47804376803737,388.6517602678923,True,447.08323857373256,-1.8644039599921616,-0.005397555277006805,787.5612823417699,1.1193964731463903,0.004587566374938845,555.2612014646685,-1.3945303671238527,-0.0052192885186479465,943.9129617325608,0.5974299848769463,0.004683311466752715
case_000,3.025,5.171583122954225,14.972495253907901,2.0,0.4728195056307356,0.34540444567412176,340.47792837513117,388.6516240718462,True,447.0831894881812,-1.864403709256919,-0.005397558031755789,787.5611178633123,1.119396536057693,0.004587559738163216,555.2613802016659,-1.3945302804432163,-0.005219282042253637,943.9130042735121,0.5974302081013061,0.004683314093203217
case_000,3.0300000000000002,5.171581351094402,14.972493936177353,2.0,0.47281932454470227,0.3454043744549027,340.47781470147265,388.6514899052979,True,447.0831411393152,-1.8644034622604513,-0.005397560745414642,787.5609558407879,1.1193965980315126,0.004587553200366912,555.261556286435,-1.3945301950604112,-0.005219275662086631,943.913046191733,0.5974304280021606,0.004683316680837213
case_000,3.035,5.171579605630499,14.972492638058515,2.0,0.47281914615877885,0.3454043042957665,340.47770272112405,388.6513577376603,True,447.08309351607204,-1.8644032189471078,-0.005397563418578166,787.5607962371961,1.1193966590823317,0.00458754676008627,555.2617297582458,-1.3945301109560027,-0.005219269376699864,943.9130874959061,0.5974306446294344,0.004683319230240124
case_000,3.04,5.171577886165736,14.972491359259504,2.0,0.47281897043241766,0.3454042351809308,340.4775924085505,388.6512275388094,True,447.08304660749724,-1.8644029792619947,-0.005397566051835001,787.5606390160477,1.1193967192243768,0.0045875404158764455,555.2619006557229,-1.3945300281107802,-0.005219263184670808,943.9131281945323,0.5974308580322734,0.004683321741985158
case_000,3.045,5.171576192309408,14.972490099492779,2.0,0.472818797325661,0.3454041670948475,340.4774837386108,388.6510992790943,True,447.08300040276765,-1.8644027431509853,-0.005397568645766848,787.5604841413784,1.1193967784716292,0.004587534166311857,555.2620690168706,-1.3945299465057672,-0.0052192570846006925,943.9131682959649,0.5974310682590662,0.004683324216634421
case_000,3.0500000000000003,5.171574523676736,14.972488858475089,2.0,0.4728186267991378,0.34540410002219984,340.4773766865584,388.6509729293102,True,447.0829548911736,-1.8644025105606998,-0.005397571200949358,787.560331577732,1.1193968368378167,0.004587528009985464,555.2622348790832,-1.3945298661222225,-0.005219251075114284,943.9132078083934,0.5974312753574437,0.004683326654738473
case_000,3.055,5.171572879888864,14.972487635927388,2.0,0.47281845881405826,0.34540403394789854,340.4772712280323,388.6508484607094,True,447.082910062139,-1.8644022814385113,-0.005397573717951465,787.5601812901713,1.1193968943364265,0.004587521945509154,555.2623982791682,-1.394529786941643,-0.0052192451548590535,943.9132467398776,0.5974314793742966,0.0046833290568374375
case_000,3.06,5.171571260572748,14.97248643157479,2.0,0.47281829333221004,0.3454039688570788,340.47716733905594,388.6507258449941,True,447.0828659052135,-1.8644020557325325,-0.005397576197335829,787.5600332442694,1.1193969509807022,0.004587515971513301,555.2625592533515,-1.3945297089457664,-0.005219239322505065,943.9132850983456,0.5974316803557824,0.004683331423461001
case_000,3.065,5.171569665361109,14.972485245146498,2.0,0.4728181303159523,0.3454039047350969,340.47706499603146,388.6506050543072,True,447.0828224100818,-1.8644018333916137,-0.005397578639658562,787.5598874061133,1.1193970067836514,0.004587510086646929,555.2627178372993,-1.394529632116574,-0.005219233576744198,943.9133228916065,0.5974318783473404,0.004683333755128971
case_000,3.0700000000000003,5.171568093892333,14.972484076375745,2.0,0.4728179697282113,0.34540384156752707,340.4769641757306,388.6504860612289,True,447.0827795665623,-1.8644016143653377,-0.005397581045469391,787.5597437422929,1.1193970617580444,0.004587504289577327,555.2628740661281,-1.3945295564362898,-0.00521922791628987,943.913360127357,0.5974320733936961,0.00468333605235155
case_000,3.075,5.17156654581043,14.972482924999737,2.0,0.47281781153247404,0.3454037793401581,340.476864855298,388.65036883876303,True,447.08273736461354,-1.8644013986040158,-0.0053975834153114355,787.5596022199115,1.119397115916428,0.004587498578990379,555.2630279744258,-1.3945294818873906,-0.005219222339876206,943.9133968131888,0.5974322655388781,0.004683338315629726
case_000,3.08,5.171565020764934,14.972481790759591,2.0,0.47281765569278333,0.3454037180389905,340.47676701223565,388.65025336034887,True,447.0826957943319,-1.864401186058675,-0.005397585749721379,787.5594628065676,1.11939716927112,0.004587492953590011,555.2631795962551,-1.3945294084525974,-0.005219216846257924,943.913432956604,0.5974324548262292,0.004683340545455883
case_000,3.085,5.171563518410812,14.972480673400275,2.0,0.4728175021737316,0.3454036576502331,340.47667062440615,388.6501395998364,True,447.08265484595637,-1.864400976681062,-0.005397588049229296,787.5593254703625,1.119397221834219,0.004587487412098468,555.2633289651696,-1.3945293361148834,-0.005219211434209725,943.913468565006,0.5974326412984123,0.00468334274231369
case_000,3.09,5.171562038408426,14.972479572670553,2.0,0.4728173509404548,0.3454035981603002,340.47657567002125,388.6500275314904,True,447.0826145098714,-1.8644007704236303,-0.005397590314358602,787.5591901798927,1.1193972736176114,0.0045874819532560895,555.2634761142306,-1.3945292648574723,-0.005219206102525686,943.913503645721,0.597432824997428,0.004683344906678932
case_000,3.095,5.171560580423422,14.972478488322933,2.0,0.4728172019586252,0.3454035395558084,340.4764821276374,388.64991712998176,True,447.0825747766073,-1.8644005672395383,-0.0053975925456259954,787.5590569042447,1.1193973246329703,0.004587476575821203,555.2636210760145,-1.3945291946638414,-0.005219200850018868,943.9135382059962,0.5974330059646238,0.004683347039019625
case_000,3.1,5.17155914412664,14.9724774201136,2.0,0.4728170551944463,0.3454034818235738,340.4763899761491,388.64980837037933,True,447.08253563683843,-1.8644003670826403,-0.005397594743541567,787.5589256129875,1.119397374891766,0.0045874712785699545,555.263763882622,-1.3945291255177175,-0.005219195675520982,943.9135722530013,0.597433184240705,0.0046833491397962335
case_000,3.105,5.171557729194057,14.972476367802374,2.0,0.4728169106146446,0.34540342495060894,340.4762991947898,388.6497012281451,True,447.082497081386,-1.8644001699074797,-0.005397596908608693,787.5587962761758,1.1193974244052698,0.004587466060296419,555.2639045656914,-1.3945290574030815,-0.005219190577881838,943.9136057938365,0.5974333598657433,0.004683351209462117
case_000,3.11,5.1715563353066765,14.972475331152642,2.0,0.47281676818646334,0.34540336892411994,340.47620976311833,388.6495956791267,True,447.0824591012178,-1.864399975669283,-0.005397599041323975,787.5586688643361,1.1193974731845582,0.0045874609198122696,555.2640431564062,-1.3945289903041642,-0.005219185555968953,943.9136388355329,0.5974335328791932,0.004683353248463695
case_000,3.115,5.171554962150485,14.972474309931322,2.0,0.47281662787765555,0.3454033137315036,340.47612166101,388.6494916995483,True,447.0824216874521,-1.864399784323955,-0.005397601142177133,787.5585433484621,1.1193975212405152,0.004587455855946665,555.2641796855105,-1.3945289242054473,-0.005219180608666996,943.9136713850588,0.5974337033199005,0.004683355257240895
case_000,3.12,5.17155360941633,14.972473303908792,2.0,0.4728164896564759,0.3454032593603446,340.47603486866495,388.6493892660135,True,447.08238483135216,-1.8643995958280675,-0.005397603211651114,787.5584197000171,1.119397568583847,0.0045874508675464165,555.2643141833084,-1.3945288590916611,-0.0052191757348776235,943.9137034493219,0.5974338712261142,0.004683357236227315
case_000,3.125,5.171552276799838,14.972472312858857,2.0,0.4728163534916742,0.34540320579841277,340.47594936658294,388.64928835548585,True,447.0823485243281,-1.864399410138855,-0.005397605250222037,787.558297890911,1.1193976152250749,0.0045874459534752665,555.2644466796758,-1.3945287949477836,-0.005219170933519035,943.9137350351616,0.5974340366354939,0.004683359185850222
case_000,3.13,5.171550964001374,14.972471336558675,2.0,0.4728162193524874,0.3454031530336603,340.47586513557997,388.6491889452907,True,447.0823127579347,-1.8643992272142043,-0.005397607258359194,787.5581778935147,1.1193976611745518,0.004587441112614499,555.2645772040743,-1.394528731759039,-0.0052191662035253605,943.913766149365,0.5974341995851264,0.004683361106531225
case_000,3.1350000000000002,5.1715496707258986,14.972470374788731,2.0,0.4728160872086322,0.34540310105421884,340.47578215676015,388.6490910131017,True,447.08227752387165,-1.8643990470126475,-0.005397609236525047,787.5580596806318,1.1193977064424547,0.004587436343861995,555.2647057855488,-1.394528669510893,-0.005219161543846662,943.9137967986505,0.5974343601115303,0.004683362998685936
case_000,3.14,5.171548396682948,14.97246942733278,2.0,0.47281595703029766,0.3454030498483974,340.47570041152414,388.64899453694693,True,447.0822428139862,-1.8643988694933578,-0.005397611185175011,787.5579432255104,1.1193977510388042,0.004587431646132789,555.2648324527413,-1.3945286081890549,-0.005219156953448323,943.9138269896882,0.5974345182506707,0.004683364862724748
case_000,3.145,5.17154714158649,14.972468493977782,2.0,0.4728158287881369,0.345402999404679,340.4756198815645,388.64889949518704,True,447.08220862025826,-1.8643986946161317,-0.005397613104758059,787.5578285018228,1.1193977949734555,0.004587427018358348,555.2649572338909,-1.3945285477794676,-0.005219152431310992,943.9138567290779,0.5974346740379666,0.004683366699052338
case_000,3.15,5.171545905154914,14.97246757451388,2.0,0.47281570245325943,0.34540294971171853,340.4755405488446,388.6488058665226,True,447.08217493482084,-1.8643985223413928,-0.005397614995715783,787.5577154836654,1.1193978382561125,0.004587422459486734,555.2650801568511,-1.394528488268314,-0.0052191479764298054,943.9138860233737,0.5974348275083056,0.004683368508068608
case_000,3.1550000000000002,5.171544687110872,14.972466668734333,2.0,0.47281557799722435,0.34540290075834007,340.47546239561365,388.64871362996917,True,447.0821417499304,-1.8643983526301713,-0.0053976168584836115,787.557604145544,1.119397880896324,0.004587417968482055,555.2652012490826,-1.394528429642004,-0.0052191435878146675,943.9139148790517,0.5974349786960426,0.004683370290167799
case_000,3.16,5.171543487181286,14.97246577643548,2.0,0.47281545539203174,0.3454028525335344,340.47538540438785,388.6486227648786,True,447.08210905799143,-1.8643981854441034,-0.005397618693489703,787.5574944623793,1.1193979229034976,0.004587413544324848,555.2653205376645,-1.3945283718871775,-0.005219139264489636,943.9139433025431,0.5974351276350239,0.004683372045739653
case_000,3.165,5.171542305097184,14.972464897416687,2.0,0.47281533461011516,0.3454028050264564,340.47530955794764,388.64853325090724,True,447.0820768515339,-1.8643980207454196,-0.005397620501155831,787.5573864094815,1.1193979642868928,0.004587409186011138,555.2654380492984,-1.3945283149906982,-0.005219135005492759,943.9139713002056,0.5974352743585841,0.004683373775168698
case_000,3.17,5.171541140593721,14.972464031480312,2.0,0.47281521562433426,0.34540275822642263,340.47523483933594,388.6484450680214,True,447.0820451232248,-1.8643978584969363,-0.0053976222818968855,787.5572799625608,1.1193980050556356,0.004587404892552938,555.2655538103227,-1.3945282589396524,-0.005219130809875516,943.913998878344,0.5974354188995648,0.004683375478835017
case_000,3.1750000000000003,5.171539993410021,14.97246317843165,2.0,0.472815098407967,0.345402712122909,340.47516123185034,388.648358196495,True,447.0820138658566,-1.8643976986620434,-0.005397624036121262,787.5571750977069,1.1193980452187131,0.0045874006629775255,555.2656678466968,-1.3945282037213393,-0.005219126676703212,943.9140260431918,0.5974355612903152,0.004683377157113755
case_000,3.18,5.171538863289152,14.972462338078895,2.0,0.4728149829347021,0.3454026667055483,340.47508871903847,388.6482726168965,True,447.08198307235057,-1.8643975412047025,-0.005397625764230696,787.557071791389,1.1193980847849831,0.0045873964963275005,555.2657801840217,-1.3945281493232708,-0.005219122605054249,943.9140528009182,0.597435701562704,0.004683378810375449
case_000,3.185,5.171537749978029,14.972461510233096,2.0,0.472814869178632,0.34540262196412774,340.47501728469774,388.6481883100788,True,447.0819527357447,-1.8643973860894265,-0.0053976274666207025,787.5569700204425,1.1193981237631727,0.004587392391660339,555.2658908475452,-1.3945280957331727,-0.005219118594019856,943.914079157624,0.5974358397481294,0.0046833804389860845
case_000,3.19,5.171536653227387,14.972460694708111,2.0,0.4728147571142452,0.345402577888587,340.4749469128593,388.64810525719827,True,447.08192284920835,-1.8643972332812873,-0.005397629143679972,787.5568697620677,1.1193981621618867,0.004587388348048449,555.2659998621515,-1.394528042938967,-0.005219114642704359,943.9141051193498,0.5974359758775278,0.004683382043307316
case_000,3.1950000000000003,5.171535572791658,14.972459891320574,2.0,0.4728146467164193,0.3454025344690156,340.47487758779965,388.6480234396772,True,447.08189340602024,-1.8643970827458862,-0.005397630795791197,787.5567709938199,1.1193981999896048,0.004587384364578728,555.2661072523783,-1.3945279909287798,-0.005219110750224576,943.9141306920556,0.5974361099813744,0.004683383623696025
case_000,3.2,5.1715345084289375,14.972459099889843,2.0,0.4728145379604139,0.3454024916956507,340.4748092940236,388.6479428392215,True,447.0818643995744,-1.8643969344493612,-0.0053976324233308,787.556673693598,1.1193982372546882,0.004587380440352284,555.2662130424126,-1.3945279396909305,-0.00521910691570987,943.9141558816341,0.5974362420896983,0.004683385180504762
case_000,3.205,5.171533459900943,14.972458320237962,2.0,0.4728144308218636,0.3454024495588749,340.47474201626426,388.6478634378059,True,447.08183582338347,-1.8643967883583727,-0.005397634026668818,787.5565778396477,1.1193982739653816,0.004587376574484492,555.266317256104,-1.3945278892139326,-0.005219103138301651,943.9141806939099,0.5974363722320883,0.004683386714081805
case_000,3.21,5.171532426972892,14.972457552189633,2.0,0.47281432527677114,0.3454024080492143,340.4746757394788,388.6477852176715,True,447.08180767106046,-1.864396644440088,-0.005397635606169571,787.5564834105393,1.11939831012981,0.004587372766104214,555.2664199169556,-1.3945278394864828,-0.00521909941715365,943.9142051346271,0.5974365004376981,0.004683388224770824
case_000,3.215,5.171531409413513,14.972456795572155,2.0,0.47281422130150086,0.3454023671573359,340.4746104488503,388.6477081613215,True,447.0817799363325,-1.864396502662184,-0.0053976371621911046,787.5563903851828,1.119398345755996,0.004587369014354414,555.2665210481407,-1.3945277904974638,-0.005219095751431313,943.9142292094622,0.597436626735256,0.004683389712911379
case_000,3.22,5.171530406994907,14.972456050215408,2.0,0.4728141188727726,0.345402326874046,340.47454612977225,388.6476322515174,True,447.0817526130241,-1.8643963629928288,-0.00539763869508586,787.5562987427963,1.1193983808518395,0.004587365318390935,555.2666206724895,-1.394527742235933,-0.005219092140312187,943.9142529240069,0.5974367511530648,0.00468339117883837
case_000,3.225,5.171529419492593,14.972455315951795,2.0,0.4728140179676544,0.3454022871902875,340.4744827678539,388.6475574712723,True,447.0817256950697,-1.8643962254006807,-0.0053976402052001715,787.5562084629236,1.1193984154251446,0.004587361677383162,555.2667188125151,-1.3945276946911263,-0.005219088582985032,943.9142762837874,0.597436873719023,0.004683392622882754
case_000,3.23,5.171528446685328,14.972454592616218,2.0,0.4728139185635573,0.3454022480971384,340.47442034891696,388.6474838038498,True,447.08169917649013,-1.8643960898548713,-0.005397641692875155,787.5561195254071,1.1193984494835967,0.004587358090513027,555.26681549039,-1.394527647852444,-0.005219085078650598,943.9142992942398,0.5974369944606105,0.004683394045370715
case_000,3.235,5.171527488355167,14.972453880046038,2.0,0.4728138206382288,0.3454022095858094,340.47435885898307,388.64741123275576,True,447.08167305141075,-1.864395956325004,-0.005397643158446042,787.5560319103938,1.1193984830347827,0.004587354556975232,555.2669107279756,-1.3945276017094579,-0.005219081626520572,943.9143219607314,0.5974371134049143,0.004683395446624494
case_000,3.24,5.1715265442873415,14.972453178081029,2.0,0.4728137241697472,0.34540217164764236,340.4742982842847,388.6473397417409,True,447.08164731404463,-1.8643958247811414,-0.005397644602242846,787.5559455983293,1.1193985160861848,0.004587351075976964,555.2670045468052,-1.3945275562518986,-0.005219078225818186,943.9143442885461,0.5974372305786223,0.004683396826961839
case_000,3.245,5.171525614270244,14.972452486563355,2.0,0.4728136291365158,0.34540213427410776,340.47423861124935,388.64726931478526,True,447.081621958699,-1.8643956951937999,-0.005397646024590086,787.5558605699483,1.119398548645182,0.004587347646737572,555.2670969681031,-1.3945275114696583,-0.005219074875777496,943.9143662828884,0.5974373460080329,0.004683398186696219
case_000,3.25,5.1715246980953555,14.972451805337531,2.0,0.4728135355172572,0.34540209745680306,340.47417982650285,388.6471999361088,True,447.08159697976765,-1.864395567533942,-0.005397647425807117,787.5557768062705,1.1193985807190556,0.004587344268488391,555.2671880127746,-1.3945274673527805,-0.0052190715756437744,943.9143879488834,0.597437459719062,0.004683399526136833
case_000,3.255,5.17152379555721,14.972451134250385,2.0,0.4728134432910083,0.34540206118745087,340.4741219168656,388.64713159016367,True,447.08157237173026,-1.8643954417729638,-0.005397648806208188,787.5556942885959,1.1193986123149826,0.004587340940472473,555.2672777014167,-1.3945274238914616,-0.00521906832467306,943.9144092915803,0.5974375717372481,0.004683400845588714
case_000,3.2600000000000002,5.171522906453355,14.972450473151016,2.0,0.472813352437115,0.345402025457897,340.4740648693456,388.6470642616173,True,447.081548129151,-1.8643953178826942,-0.005397650166102497,787.5556129984966,1.1193986434400442,0.004587337661944357,555.267366054324,-1.3945273810760481,-0.005219065122132049,943.9144303159413,0.5974376820877534,0.0046834021453524
case_000,3.265,5.171522030584277,14.97244982189078,2.0,0.47281326293522663,0.3454019902601086,340.4740086711459,388.64699793537113,True,447.0815242466709,-1.864395195835378,-0.005397651505794521,787.5555329178168,1.1193986741012243,0.004587334432169965,555.2674530914823,-1.3945273388970247,-0.005219061967298266,943.9144510268534,0.5974377907953746,0.0046834034257243196
case_000,3.27,5.1715211677534,14.972449180323238,2.0,0.47281317476529156,0.34540195558617226,340.47395330964764,388.6469325965402,True,447.081500719018,-1.8643950756036816,-0.005397652825583632,787.5554540286656,1.1193987043054094,0.004587331250426319,555.2675388325841,-1.3945272973450245,-0.005219058859459502,943.9144714291243,0.5974378978845469,0.004683404686996684
case_000,3.275,5.17152031776701,14.972448548304138,2.0,0.4728130879075521,0.3454019214282924,340.47389877242176,388.64686823045554,True,447.0814775409917,-1.8643949571606737,-0.0053976541257647614,787.5553763134135,1.1193987340593936,0.004587328116001377,555.2676232970247,-1.3945272564108149,-0.005219055797914041,943.9144915274802,0.5974380033793465,0.004683405929457374
case_000,3.2800000000000002,5.17151948043424,14.972447925691364,2.0,0.47281300234254037,0.34540188777878944,340.4738450472183,388.6468048226659,True,447.081454707471,-1.8643948404798278,-0.005397655406628066,787.5552997546893,1.1193987633698759,0.004587325028193867,555.2677065039074,-1.394527216085301,-0.005219052781970379,943.9145113265733,0.5974381073034982,0.004683407153390218
case_000,3.285,5.171518655566978,14.972447312344926,2.0,0.4728129180510728,0.34540185463009787,340.47379212195847,388.64674235892585,True,447.0814322134057,-1.864394725535004,-0.005397656668459372,787.5552243353642,1.119398792243456,0.004587321986312731,555.2677884720455,-1.3945271763595173,-0.005219049810947285,943.9145308309713,0.5974382096803774,0.004683408359074659
case_000,3.29,5.171517842979897,14.97244670812691,2.0,0.47281283501424676,0.345401821974765,340.47373998474717,388.64668082519904,True,447.08141005381975,-1.8643946123004569,-0.00539765791154001,787.5551500385669,1.1193988206866485,0.0045873189896775135,555.2678692199712,-1.3945271372246326,-0.005219046884173406,943.9145500451702,0.5974383105330189,0.004683409546786144
case_000,3.295,5.171517042490367,14.972446112901459,2.0,0.47281275321343574,0.3454017898054487,340.47368862386094,388.64662020765593,True,447.081388223807,-1.864394500750815,-0.005397659136147037,787.5550768476679,1.1193988487058744,0.004587316037617861,555.2679487659329,-1.3945270986719385,-0.005219044000987438,943.9145689735889,0.597438409884118,0.004683410716795955
case_000,3.3000000000000003,5.1715162539184325,14.972445526534736,2.0,0.47281267263028565,0.34540175811491647,340.4736380277449,388.6465604926649,True,447.081366718531,-1.8643943908610858,-0.00539766034255329,787.5550047462759,1.1193988763074607,0.004587313129473303,555.268027127904,-1.394527060692856,-0.005219041160737792,943.9145876205689,0.5974385077560358,0.004683411869371212
case_000,3.305,5.171515477086776,14.972444948894893,2.0,0.4728125932467098,0.3454017268960428,340.47358818501414,388.6465016667962,True,447.0813455332242,-1.8643942826066446,-0.005397661531027442,787.5549337182383,1.119398903497649,0.004587310264593192,555.2681043235822,-1.3945270232789257,-0.0052190383627826464,943.9146059903784,0.5974386041708052,0.004683413004774983
case_000,3.31,5.171514711820674,14.972444379852051,2.0,0.47281251504488636,0.34540169614180877,340.4735390844485,388.6464437168147,True,447.08132466318216,-1.864394175963225,-0.005397662701834283,787.5548637476306,1.1193989302825844,0.004587307442336375,555.2681803703987,-1.3945269864218104,-0.005219035606489675,943.9146240872134,0.5974386991501336,0.0046834141232663384
case_000,3.315,5.171513957947985,14.97244381927826,2.0,0.47281243800725353,0.3454016658452994,340.4734907149964,388.64638662968173,True,447.0813041037709,-1.8643940709069216,-0.005397663855234436,787.5547948187673,1.1193989566683333,0.004587304662071412,555.2682552855171,-1.3945269501132909,-0.005219032891236042,943.9146419151988,0.5974387927154093,0.004683415225100351
case_000,3.3200000000000003,5.171513215299083,14.972443267047472,2.0,0.472812362116506,0.34540163599970275,340.4734430657639,388.646330392545,True,447.0812838504169,-1.8643939674141778,-0.005397664991484807,787.5547269161808,1.1193989826608663,0.004587301923175913,555.2683290858415,-1.394526914345265,-0.0052190302164081825,943.9146594783865,0.5974388848877039,0.004683416310528099
case_000,3.325,5.171512483706829,14.972442723035522,2.0,0.4728122873555915,0.3454016065983082,340.47339612601877,388.6462749927425,True,447.08126389861104,-1.8643938654617829,-0.005397666110838473,787.5546600246298,1.1193990082660703,0.004587299225036701,555.2684017880151,-1.3945268791097452,-0.005219027581401858,943.9146767807576,0.5974389756877756,0.004683417379796662
case_000,3.33,5.171511763006569,14.972442187120086,2.0,0.4728122137077072,0.34540157763450496,340.4733498851858,388.6462204178001,True,447.08124424390894,-1.8643937650268685,-0.005397667213544677,787.5545941290948,1.1193990334897468,0.004587296567049648,555.268473408431,-1.3945268443988574,-0.005219024985621767,943.9146938262311,0.5974390651360784,0.0046834184331494555
case_000,3.335,5.171511053036041,14.972441659180662,2.0,0.47281214115629633,0.34540154910178045,340.4733043328486,388.6461666554295,True,447.0812248819212,-1.8643936660868945,-0.005397668299849279,787.5545292147698,1.11939905833761,0.004587293948619342,555.2685439632238,-1.3945268102048352,-0.005219022428481879,943.9147106186533,0.5974391532527604,0.004683419470825845
case_000,3.34,5.171510353635417,14.972441139098546,2.0,0.47281206968504436,0.34540152099371907,340.4732594587397,388.6461136935163,True,447.08120580832554,-1.864393568619659,-0.005397669369994307,787.5544652670652,1.1193990828152909,0.004587291369159141,555.2686134682928,-1.3945267765200282,-0.005219019909404654,943.9147271618091,0.5974392400576717,0.004683420493061585
case_000,3.345,5.171509664647204,14.972440626756795,2.0,0.47281199927787587,0.34540149330400055,340.4732152527505,388.64606152013414,True,447.0811870188562,-1.8643934726032805,-0.005397670424218348,787.5544022716067,1.1193991069283387,0.004587288828091118,555.2686819392875,-1.3945267433368895,-0.005219017427821493,943.9147434594216,0.5974393255703688,0.004683421500088714
case_000,3.35,5.171508985916244,14.97244012204021,2.0,0.4728119299189517,0.3454014660263987,340.4731717049125,388.64601012352284,True,447.0811685093073,-1.8643933780162012,-0.005397671462756548,787.5543402142198,1.1193991306822157,0.004587286324845452,555.2687493916206,-1.39452671064798,-0.005219014983172399,943.9147595151435,0.5974394098101121,0.004683422492135381
case_000,3.355,5.171508317289675,14.972439624835307,2.0,0.47281186159266486,0.34540143915477983,340.47312880541153,388.64595949210377,True,447.0811502755296,-1.8643932848371736,-0.005397672485840721,787.5542790809411,1.119399154082304,0.004587283858860813,555.2688158404687,-1.3945266784459651,-0.005219012574905868,943.9147753325725,0.5974394927958806,0.0046834234694262955
case_000,3.36,5.171507658616909,14.972439135030285,2.0,0.47281179428363823,0.34540141268310165,340.47308654458124,388.6459096144654,True,447.08113231343197,-1.8643931930452646,-0.005397673493699295,787.5542188580132,1.1193991771339094,0.004587281429584145,555.2688813007821,-1.3945266467236168,-0.005219010202478613,943.9147909152475,0.597439574546368,0.004683424432182615
case_000,3.365,5.171507009749594,14.972438652515017,2.0,0.47281172797672094,0.34540138660541164,340.47304491289185,388.6458604793729,True,447.081114618985,-1.8643931026198524,-0.005397674486557258,787.5541595318768,1.1193991998422523,0.004587279036470382,555.2689457872768,-1.394526615473807,-0.00521900786535584,943.9148062666497,0.5974396550799902,0.004683425380621997
case_000,3.37,5.1715063705415725,14.972438177181004,2.0,0.47281166265698527,0.34540136091584583,340.4730039009607,388.6458120757503,True,447.0810971882077,-1.8643930135406086,-0.005397675464636653,787.5541010891684,1.1193992222124762,0.004587276678982288,555.2690093144518,-1.3945265846895114,-0.005219005563010637,943.9148213902021,0.5974397344148877,0.004683426314958605
case_000,3.375,5.171505740848854,14.972437708921372,2.0,0.4728115983097238,0.34540133560862757,340.4729634995442,388.6457643926873,True,447.0810800171773,-1.8643929257875083,-0.005397676428156251,787.5540435167215,1.1193992442496448,0.004587274356590509,555.2690718965802,-1.3945265543638026,-0.005219003294924307,943.9148362892674,0.5974398125689266,0.004683427235403048
case_000,3.38,5.171505120529615,14.97243724763083,2.0,0.47281153492044664,0.3454013106780661,340.4729236995367,388.6457174194436,True,447.0810631020303,-1.864392839340821,-0.0053976773773315445,787.553986801567,1.119399265958749,0.0045872720687735735,555.2691335477218,-1.3945265244898557,-0.005219001060585926,943.9148509671654,0.5974398895597111,0.004683428142162938
case_000,3.3850000000000002,5.171504509444131,14.97243679320566,2.0,0.4728114724748779,0.3454012861185553,340.4728844919667,388.6456711454323,True,447.0810464389538,-1.8643927541811038,-0.005397678312375087,787.5539309309205,1.1193992873446994,0.004587269815017392,555.2691942817249,-1.3945264950609417,-0.005218998859492285,943.9148654271572,0.5974399654045804,0.0046834290354424435
case_000,3.39,5.171503907454747,14.972436345543683,2.0,0.4728114109589534,0.34540126192457243,340.4728458679983,388.6456255602229,True,447.0810300241873,-1.8643926702891984,-0.0053976792334964885,787.5538758921856,1.1193993084123306,0.00458726759481537,555.2692541122244,-1.394526466070428,-0.0052189966911480035,943.9148796724473,0.5974400401206088,0.004683429915442294
case_000,3.395,5.171503314425899,14.972435904544241,2.0,0.47281135035881716,0.3454012380906771,340.4728078189306,388.64558065354936,True,447.08101385402836,-1.864392587646233,-0.005397680140902139,787.553821672959,1.119399329166409,0.004587265407668573,555.2693130526548,-1.3945264375117805,-0.005218994555064971,943.9148937062041,0.5974401137246237,0.004683430782360554
case_000,3.4,5.171502730224014,14.972435470108179,2.0,0.4728112906608189,0.3454012146115096,340.472770336189,388.6455364152906,True,447.0809979248248,-1.8643925062336095,-0.005397681034795598,787.5537682610138,1.119399349611624,0.0045872632530851165,555.2693711162437,-1.394526409378556,-0.005218992450762683,943.9149075315344,0.5974401862331922,0.004683431636391733
case_000,3.4050000000000002,5.171502154717537,14.97243504213781,2.0,0.4728112318515114,0.3454011914817902,340.4727334113284,388.645492835485,True,447.08098223297844,-1.864392426033007,-0.0053976819153774835,787.5537156443069,1.1193993697525926,0.004587261130580389,555.2694283160215,-1.3945263816644065,-0.0052189903777678515,943.9149211515065,0.5974402576626394,0.004683432477727623
case_000,3.41,5.1715015877768575,14.972434620536912,2.0,0.47281117391764726,0.3454011686963177,340.47269703603416,388.6454499043107,True,447.0809667749391,-1.8643923470263708,-0.005397682782845636,787.5536638109733,1.1193993895938619,0.004587259039676883,555.2694846648234,-1.394526354363077,-0.00521898833561435,943.9149345691341,0.59744032802904,0.004683433306556739
case_000,3.415,5.171501029274346,14.972434205210684,2.0,0.47281111684617627,0.34540114624996815,340.47266120211117,388.64540761210264,True,447.08095154721633,-1.8643922691959194,-0.00539768363739479,787.5536127493275,1.1193994091399124,0.004587256979904197,555.2695401752932,-1.3945263274684045,-0.0052189863238430445,943.9149477873958,0.5974403973482341,0.0046834341230650445
case_000,3.42,5.171500479084218,14.972433796065737,2.0,0.472811060624243,0.3454011241376941,340.4726259014893,388.6453659493334,True,447.08093654635775,-1.8643921925241256,-0.005397684479217346,787.5535624478471,1.1193994283951454,0.004587254950798425,555.26959485988,-1.3945263009743132,-0.005218984342001964,943.9149608092134,0.597440465635816,0.0046834349274351705
case_000,3.4250000000000003,5.17149993708264,14.972433393010084,2.0,0.47281100523918346,0.345401102354523,340.4725911262226,388.6453249066251,True,447.0809217689747,-1.8643921169937299,-0.005397685308502431,787.5535128951973,1.1193994473639088,0.004587252951903098,555.2696487308543,-1.3945262748748197,-0.005218982389645688,943.9149736374794,0.597440532907155,0.0046834357198474175
case_000,3.43,5.171499403147611,14.97243299595309,2.0,0.47281095067852286,0.3454010808955564,340.4725568684822,388.6452844747341,True,447.0809072117224,-1.8643920425877252,-0.005397686125436674,787.5534640802045,1.1193994660504758,0.004587250982768132,555.2697018003009,-1.394526249164029,-0.005218980466335621,943.9149862750351,0.5974405991773836,0.004683436500479032
case_000,3.435,5.171498877158922,14.97243260480548,2.0,0.47281089692997286,0.34540105975596874,340.4725231205531,388.64524464456076,True,447.0808928713021,-1.864391969289354,-0.005397686930204149,787.5534159918552,1.1193994844590494,0.004587249042949826,555.2697540801194,-1.3945262238361296,-0.005218978571639943,943.9149987246801,0.5974406644614091,0.004683437269504542
case_000,3.44,5.171498358998229,14.972432219479309,2.0,0.4728108439814286,0.3454010389310064,340.4724898748447,388.64520540713636,True,447.0808787444717,-1.864391897082113,-0.005397687722985933,787.5533686193164,1.1193995025937797,0.00458724713201164,555.2698055820422,-1.3945261988854019,-0.005218976705132994,943.9150109891785,0.5974407287739163,0.004683438027095976
case_000,3.4450000000000003,5.1714978485489045,14.97243183988793,2.0,0.47281079182096647,0.34540101841598636,340.47245712387354,388.6451667536371,True,447.0808648280301,-1.8643918259497385,-0.005397688503960774,787.5533219519036,1.1193995204587441,0.00458724524952292,555.2698563176161,-1.3945261743062054,-0.005218974866395887,943.9150230712532,0.5974407921293691,0.004683438773422699
case_000,3.45,5.1714973456961175,14.972431465945995,2.0,0.4728107404368414,0.3454009982062954,340.4724248602707,388.64512867535643,True,447.0808511188313,-1.864391755876216,-0.005397689273304529,787.553275979102,1.1193995380579624,0.004587243395059781,555.2699062982305,-1.3945261500929917,-0.005218973055015563,943.9150349735869,0.5974408545420152,0.004683439508651521
case_000,3.455,5.171496850326707,14.972431097569427,2.0,0.47281068981748414,0.3454009782973889,340.472393076782,388.6450911637372,True,447.08083761376594,-1.864391686845758,-0.005397690031190894,787.5532306905479,1.1193995553953893,0.004587241568204337,555.2699555350872,-1.394526126240284,-0.005218971270585793,943.9150466988244,0.5974409160258873,0.004683440232946701
case_000,3.46,5.171496362329258,14.97243073467539,2.0,0.47281063995149847,0.34540095868479,340.4723617662529,388.6450542103315,True,447.08082430978345,-1.8643916188428253,-0.005397690777790565,787.5531860760364,1.119399572474922,0.004587239768545026,555.2700040392424,-1.3945261027426994,-0.005218969512705729,943.9150582495739,0.5974409765948102,0.004683440946470108
case_000,3.465,5.171495881593992,14.972430377182295,2.0,0.47281059082765936,0.3454009393640884,340.47233092164697,388.64501780683247,True,447.08081120387044,-1.8643915518521008,-0.005397691513272074,787.5531421255174,1.1193995893003978,0.004587237995676452,555.2700518215738,-1.3945260795949281,-0.005218967780981021,943.9150696284063,0.5974410362624001,0.00468344164938117
case_000,3.47,5.171495408012785,14.972430025009755,2.0,0.47281054243490983,0.34540092033093944,340.4723005360262,388.6449819450527,True,447.08079829306337,-1.8643914858585002,-0.005397692237801288,787.5530988290895,1.1193996058755948,0.004587236249199156,555.2700988928036,-1.3945260567917421,-0.005218966075023035,943.9150808378563,0.5974410950420693,0.00468344234183693
case_000,3.475,5.171494941479144,14.972429678078589,2.0,0.4728104947623587,0.34540090158106324,340.47227060255926,388.64494661692584,True,447.08078557444395,-1.8643914208471655,-0.005397692951541633,787.5530561770032,1.1193996222042348,0.00458723452871973,555.2701452634981,-1.3945260343279948,-0.005218964394448855,943.9150918804239,0.5974411529470309,0.004683443023992151
case_000,3.48,5.171494481888152,14.972429336310785,2.0,0.47281044779927806,0.34540088311024364,340.4722411145155,388.6449118145093,True,447.0807730451349,-1.8643913568034567,-0.0053976936546542564,787.5530141596504,1.1193996382899807,0.00458723283385043,555.2701909440649,-1.3945260121986152,-0.005218962738881339,943.9151027585742,0.5974412099903003,0.004683443695999323
case_000,3.485,5.171494029136479,14.972428999629502,2.0,0.4728104015351008,0.34540086491432703,340.47221206527024,388.6448775299822,True,447.0807607023064,-1.8643912937129563,-0.0053976943472977545,787.5529727675766,1.1193996541364455,0.004587231164209615,555.270235944757,-1.3945259903986087,-0.005218961107949005,943.9151134747392,0.5974412661846984,0.004683444358008715
case_000,3.49,5.171493583122325,14.972428667959033,2.0,0.47281035595941845,0.34540084698922197,340.47218344829145,388.64484375563336,True,447.0807485431689,-1.8643912315614595,-0.005397695029628502,787.5529319914604,1.1193996697471815,0.004587229519421032,555.2702802756774,-1.3945259689230562,-0.005218959501285869,943.9151240313107,0.5974413215428515,0.004683445010168208
case_000,3.495,5.171493143745428,14.972428341224806,2.0,0.47281031106197813,0.3454008293308976,340.4721552571472,388.6448104838714,True,447.0807365649767,-1.8643911703349767,-0.005397695701800487,787.5528918221239,1.1193996851256895,0.0045872278991141435,555.2703239467811,-1.3945259477671144,-0.005218957918531331,943.9151344306525,0.5974413760772012,0.004683445652623686
case_000,3.5,5.171492710907014,14.972428019353353,2.0,0.47281026683268096,0.3454008119353833,340.4721274855041,388.6447777072186,True,447.0807247650266,-1.8643911100197252,-0.005397696363965365,787.5528522505307,1.1193997002754197,0.0045872263029240745,555.2703669678752,-1.3945259269260115,-0.0052189563593301735,943.9151446750939,0.5974414298000028,0.004683446285518866
case_000,3.505,5.171492284509797,14.9724277022723,2.0,0.47281022326157957,0.34540079479876756,340.4721001271226,388.64474541831123,True,447.08071314065563,-1.864391050602131,-0.0053976970162725735,787.5528132677782,1.1193997151997694,0.004587224730491335,555.270409348624,-1.3945259063950517,-0.0052189548233324,943.9151547669352,0.597441482723328,0.00468344690899547
case_000,3.5100000000000002,5.171491864457942,14.972427389910358,2.0,0.4728101803388753,0.345400777917197,340.4720731758558,388.64471360989137,True,447.080701689242,-1.8643909920688206,-0.005397697658869327,787.5527748650978,1.1193997299020846,0.004587223181461819,555.2704510985469,-1.3945258861696062,-0.005218953310193286,943.9151647084383,0.5974415348590695,0.004683447523192996
case_000,3.515,5.1714914506570295,14.972427082197285,2.0,0.47281013805491634,0.3454007612868755,340.4720466256469,388.64468227480995,True,447.08069040820345,-1.8643909344066247,-0.005397698291900621,787.5527370338503,1.119399744385661,0.00458722165548664,555.2704922270245,-1.394525866245119,-0.005218951819573159,943.9151745018345,0.5974415862189397,0.0046834481282488905
case_000,3.52,5.17149104301408,14.972426779063895,2.0,0.47281009640019545,0.34540074490406386,340.47202047052923,388.64465140602715,True,447.0806792950014,-1.8643908776025688,-0.005397698915509119,787.5526997655306,1.1193997586537459,0.004587220152222293,555.270532743301,-1.3945258466171033,-0.005218950351137286,943.9151841493282,0.5974416368144814,0.004683448724298822
case_000,3.525,5.171490641437473,14.97242648044203,2.0,0.47281005536534776,0.34540072876507816,340.47199470463096,388.6446209966076,True,447.08066834712946,-1.8643908216438718,-0.005397699529835598,787.5526630517604,1.1193997727095388,0.004587218671330384,555.2705726564816,-1.3945258272811394,-0.005218948904555987,943.9151936530892,0.5974416866570625,0.004683449311476351
case_000,3.5300000000000002,5.1714902458369565,14.972426186264547,2.0,0.47281001494114827,0.3454007128662895,340.4719693221611,388.64459103971956,True,447.0806575621223,-1.8643907665179447,-0.005397700135018613,787.5526268842834,1.1193997865561898,0.004587217212477457,555.270611975534,-1.3945258082328735,-0.0052189474795045765,943.9152030152536,0.5974417357578814,0.004683449889912983
case_000,3.535,5.171489856123651,14.972425896465298,2.0,0.47280997511851025,0.34540069720412275,340.4719443174194,388.6445615286333,True,447.08064693755585,-1.8643907122123904,-0.005397700731194499,787.5525912549753,1.1193998001968049,0.004587215775335329,555.270650709302,-1.3945257894680205,-0.005218946075662867,943.9152122379353,0.5974417841279724,0.004683450459738614
case_000,3.54,5.171489472209968,14.972425610979123,2.0,0.47280993588848275,0.3454006817750564,340.4719196847865,388.64453245671643,True,447.08063647103563,-1.8643906587149899,-0.005397701318497816,787.5525561558221,1.1193998136344396,0.004587214359580372,555.2706888664931,-1.3945257709823593,-0.00521894469271561,943.9152213232095,0.5974418317782032,0.0046834510210809754
case_000,3.545,5.171489094009646,14.972425329741826,2.0,0.4728098972422483,0.34540066657562124,340.47189541873,388.6445038174371,True,447.0806261602112,-1.864390606013715,-0.0053977018970607915,787.5525215789412,1.1193998268721095,0.004587212964894172,555.270726455689,-1.3945257527717325,-0.0052189433303521104,943.9152302731261,0.5974418787192808,0.004683451574066078
case_000,3.5500000000000003,5.1714887214377026,14.972425052690177,2.0,0.47280985917112156,0.3454006516023994,340.4718715138007,388.6444756043627,True,447.08061600276255,-1.8643905540967125,-0.005397702467013876,787.5524875165632,1.119399839912783,0.004587211590962925,555.2707634853423,-1.394525734832045,-0.005218941988266335,943.915239089705,0.5974419249617535,0.004683452118818099
case_000,3.555,5.171488354410417,14.97242477976188,2.0,0.47280982166654645,0.3454006368520243,340.4718479646247,388.64444781115446,True,447.0806059964097,-1.8643905029523118,-0.005397703028485357,787.5524539610344,1.1193998527593856,0.004587210237477546,555.2707999637815,-1.3945257171592644,-0.005218940666156746,943.915247774936,0.5974419705160127,0.004683452655459386
case_000,3.56,5.171487992845317,14.972424510895566,2.0,0.4728097847200948,0.34540062232117935,340.4718247659151,388.6444204315678,True,447.0805961389023,-1.8643904525690091,-0.005397703581601798,787.5524209048174,1.119399865414798,0.004587208904133611,555.2708358992139,-1.394525699749419,-0.005218939363726194,943.9152563307817,0.5974420153922957,0.004683453184110564
case_000,3.565,5.171487636661149,14.97242424603078,2.0,0.4728097483234641,0.3454006080065971,340.4718019124578,388.64439345945243,True,447.08058642802706,-1.8643904029354805,-0.005397704126487712,787.5523883404849,1.1193998778818597,0.004587207590631193,555.2708712997222,-1.394525682598597,-0.005218938080682023,943.9152647591746,0.5974420596006869,0.004683453704890428
case_000,3.5700000000000003,5.171487285777883,14.97242398510797,2.0,0.4728097124684757,0.34540059390505906,340.47177939911734,388.6443668887471,True,447.08057686160606,-1.8643903540405673,-0.005397704663265668,787.5523562607234,1.1193998901633684,0.004587206296674973,555.2709061732725,-1.394525665702946,-0.0052189368167357975,943.9152730620195,0.5974421031511223,0.004683454217916105
case_000,3.575,5.1714869401166705,14.972423728068463,2.0,0.4728096771470725,0.34540058001339446,340.4717572208375,388.64434071348,True,447.08056743748944,-1.8643903058732776,-0.005397705192056568,787.5523246583269,1.11939990226208,0.004587205021973961,555.2709405277122,-1.3945256490586708,-0.005218935571603356,943.9152812411922,0.5974421460533895,0.004683454723302949
case_000,3.58,5.171486599599815,14.972423474854471,2.0,0.47280964235131795,0.3454005663284797,340.4717353726349,388.6443149277736,True,447.0805581535603,-1.8643902584227827,-0.005397705712979484,787.5522935261952,1.1193999141807094,0.004587203766241499,555.2709743707675,-1.3945256326620328,-0.005218934345004922,943.9152892985411,0.5974421883171293,0.004683455221164645
case_000,3.585,5.1714862641508095,14.972423225409052,2.0,0.4728096080733932,0.34540055284723786,340.47171384959995,388.64428952583046,True,447.0805490077395,-1.8643902116784201,-0.005397706226151433,787.5522628573394,1.119399925921934,0.004587202529195422,555.2710077100583,-1.394525616509351,-0.00521893313666455,943.9152972358887,0.5974422299518427,0.004683455711613271
case_000,3.59,5.17148593369428,14.972422979676121,2.0,0.472809574305596,0.34540053956663763,340.4716926468951,388.6442645019457,True,447.08053999797596,-1.864390165629684,-0.0053977067316878236,787.5522326448711,1.1193999374883912,0.00458720131055762,555.2710405530876,-1.3945256005969997,-0.005218931946310512,943.9153050550333,0.5974422709668892,0.00468345619475935
case_000,3.595,5.171485608155935,14.972422737600427,2.0,0.4728095410403386,0.3454005264836929,340.47167175975744,388.64423985049393,True,447.08053112224525,-1.8643901202662234,-0.005397707229702453,787.5522028820027,1.1193999488826767,0.004587200110054146,555.271072907246,-1.3945255849214069,-0.0052189307736751345,943.9153127577399,0.5974423113714874,0.004683456670711572
case_000,3.6,5.171485287462617,14.972422499127537,2.0,0.47280950827014623,0.34540051359546203,340.471651183494,388.64421556593675,True,447.08052237855685,-1.8643900755778426,-0.005397707720307288,787.5521735620508,1.1193999601073508,0.004587198927415215,555.2711047798119,-1.3945255694790508,-0.005218929618494794,943.9153203457487,0.5974423511747187,0.004683457139577074
case_000,3.605,5.171484971542247,14.972422264203832,2.0,0.4728094759876551,0.3454005008990471,340.47163091347494,388.6441916428138,True,447.0805137649522,-1.8643900315545006,-0.005397708203612517,787.5521446784271,1.1193999711649347,0.004587197762374928,555.271136177962,-1.394525554266468,-0.005218928480509533,943.9153278207758,0.5974423903855318,0.004683457601461494
case_000,3.61,5.171484660323822,14.972422032776489,2.0,0.4728094441856108,0.3454004883915933,340.4716109451498,388.6441680757508,True,447.0805052794991,-1.8643899881863046,-0.005397708679726776,787.5521162246489,1.1193999820579152,0.0045871966146716625,555.2711671087624,-1.3945255392802438,-0.005218927359463388,943.9153351845132,0.5974424290127434,0.00468345805646897
case_000,3.615,5.171484353737388,14.972421804793472,2.0,0.47280941285686706,0.34540047607028845,340.47159127402995,388.64414485944997,True,447.0804969202935,-1.8643899454635064,-0.0053977091487570905,787.5520881943235,1.1193999927887401,0.004587195484047457,555.2711975791755,-1.3945255245170145,-0.005218926255104117,943.9153424386254,0.5974424670650368,0.004683458504702032
case_000,3.62,5.171484051714021,14.97242158020352,2.0,0.4728093819943833,0.34540046393236207,340.4715718956905,388.64412198869286,True,447.08048868546183,-1.8643899033765066,-0.005397709610808821,787.5520605811523,1.119400003359821,0.004587194370248182,555.2712275960565,-1.3945255099734664,-0.005218925167183364,943.9153495847494,0.5974425045509673,0.004683458946261598
case_000,3.625,5.171483754185841,14.972421358956131,2.0,0.4728093515912239,0.34540045197508495,340.4715528057752,388.6440994583362,True,447.08048057315966,-1.8643898619158497,-0.005397710065985661,787.5520333789349,1.1194000137735352,0.004587193273023649,555.2712571661652,-1.3945254956463358,-0.005218924095456212,943.9153566245014,0.597442541478964,0.004683459381247257
case_000,3.63,5.171483461085943,14.972421141001563,2.0,0.4728093216405558,0.3454004401957686,340.47153399999536,388.6440772633166,True,447.0804725815633,-1.864389821072215,-0.005397710514390031,787.5520065815587,1.1194000240322246,0.004587192192127276,555.2712862961517,-1.3945254815324062,-0.005218923039681689,943.9153635594683,0.597442577857329,0.004683459809756929
case_000,3.6350000000000002,5.171483172348437,14.972420926290802,2.0,0.4728092921356479,0.3454004285917644,340.4715154741199,388.6440553986479,True,447.08046470888223,-1.8643897808364247,-0.00539771095612257,787.5519801830021,1.119400034138194,0.004587191127316148,555.2713149925721,-1.3945254676285088,-0.005218921999622206,943.91537039122,0.5974426136942439,0.004683460231887315
case_000,3.64,5.1714828879084225,14.972420714775577,2.0,0.4728092630698688,0.3454004171604632,340.47149722398603,388.64403385940807,True,447.0804569533519,-1.8643897411994386,-0.005397711391282423,787.551954177338,1.1194000440937206,0.004587190078351178,555.2713432618883,-1.3945254539315248,-0.005218920975043617,943.9153771212964,0.5974426489977658,0.004683460647733506
case_000,3.645,5.17148260770195,14.972420506408325,2.0,0.4728092344366854,0.34540040589929466,340.471479245489,388.6440126407574,True,447.0804493132335,-1.8643897021523497,-0.005397711819967288,787.5519285587225,1.1194000539010431,0.004587189044996665,555.2713711104612,-1.3945254404383798,-0.005218919965715385,943.9153837512187,0.5974426837758356,0.004683461057389315
case_000,3.65,5.171482331665997,14.972420301142195,2.0,0.47280920622966166,0.3454003948057268,340.47146153458687,388.64399173792924,True,447.08044178681007,-1.8643896636863815,-0.0053977122422735335,787.5519033213969,1.119400063562367,0.00458718802702035,555.2713985445519,-1.3945254271460414,-0.00521891897141058,943.9153902824811,0.5974427180362732,0.004683461460947003
case_000,3.6550000000000002,5.171482059738509,14.972420098931034,2.0,0.47280917844245707,0.3454003838772652,340.4714440872942,388.64397114621454,True,447.08043437239604,-1.86438962579289,-0.005397712658295861,787.5518784596902,1.1194000730798672,0.004587187024193529,555.2714255703388,-1.394525414051528,-0.00521891799190527,943.9153967165533,0.5974427517867826,0.00468346185849744
case_000,3.66,5.171481791858339,14.972419899729378,2.0,0.47280915106882526,0.34540037311145255,340.4714268996907,388.64395086098807,True,447.0804270683246,-1.8643895884633572,-0.005397713068127807,787.5518539680153,1.119400082455684,0.00458718603629088,555.2714521939016,-1.3945254011518988,-0.005218917026979075,943.9154030548897,0.5974427850349548,0.0046834622501303325
case_000,3.665,5.1714815279652555,14.972419703492433,2.0,0.4728091241026122,0.34540036250586825,340.4714099679094,388.64393087768906,True,447.0804198729601,-1.8643895516893974,-0.005397713471861243,787.5518298408695,1.1194000916919307,0.004587185063090526,555.2714784212296,-1.394525388444257,-0.005218916076414892,943.9154092989187,0.5974428177882685,0.004683462635933944
case_000,3.67,5.171481267999911,14.972419510176074,2.0,0.472809097537756,0.3454003520581276,340.47139328814313,388.6439111918239,True,447.08041278468585,-1.8643895154627435,-0.005397713869586873,787.551806072829,1.1194001007906846,0.004587184104373754,555.2715042582229,-1.394525375925748,-0.0052189151399988365,943.9154154500468,0.5974428500540896,0.004683463015995204
case_000,3.6750000000000003,5.171481011903841,14.972419319736836,2.0,0.4728090713682839,0.3454003417658813,340.4713768566406,388.6438917989608,True,447.08040580190885,-1.8643894797752514,-0.005397714261394071,787.5517826585494,1.1194001097539932,0.004587183159925068,555.2715297106943,-1.394525363593561,-0.0052189142175201875,943.9154215096551,0.5974428818396729,0.0046834633903996
case_000,3.68,5.171480759619466,14.972419132131899,2.0,0.4728090455883123,0.3454003316268153,340.47136066970484,388.6438726947413,True,447.0803989230651,-1.8643894446189035,-0.005397714647370655,787.5517595927699,1.1194001185838742,0.0045871822295323605,555.271554784372,-1.3945253514449263,-0.005218913308771278,943.9154274791133,0.59744291315217,0.004683463759231676
case_000,3.685,5.171480511090039,14.97241894731908,2.0,0.4728090201920448,0.34540032163864975,340.4713447236964,388.6438538748703,True,447.0803921466076,-1.8643894099857952,-0.005397715027603389,787.551736870304,1.1194001272823175,0.004587181312986521,555.2715794848905,-1.3945253394771122,-0.005218912413547827,943.9154333597608,0.5974429439986217,0.004683464122574366
case_000,3.69,5.171480266259667,14.972418765256824,2.0,0.47280899517377084,0.34540031179913877,340.47132901502545,388.6438353351124,True,447.0803854710153,-1.864389375868143,-0.005397715402177594,787.5517144860407,1.119400135851278,0.004587180410081493,555.2716038178094,-1.3945253276874323,-0.005218911531648274,943.9154391529217,0.5974429743859664,0.004683464480509547
case_000,3.6950000000000003,5.171480025073289,14.972418585904194,2.0,0.4728089705278649,0.34540030210607,340.471313540164,388.64381707129814,True,447.0803788947863,-1.864389342258275,-0.00539771577117748,787.5516924349503,1.1194001442926882,0.004587179520614493,555.2716277886007,-1.394525316073236,-0.005218910662874221,943.9154448598988,0.5974430043210393,0.004683464833117823
case_000,3.7,5.171479787476666,14.972418409220863,2.0,0.4728089462487851,0.34540029255726384,340.47129829562795,388.6437990793197,True,447.08037241644564,-1.8643893091486374,-0.005397716134685815,787.5516707120736,1.1194001526084463,0.00458717864438557,555.2716514026554,-1.3945253046319137,-0.005218909807030214,943.9154504819751,0.5974430338105722,0.004683465180478574
case_000,3.705,5.171479553416359,14.972418235167103,2.0,0.4728089223310714,0.3454002831505733,340.47128327798794,388.6437813551297,True,447.08036603453684,-1.8643892765317875,-0.005397716492784255,787.5516493125248,1.1194001608004254,0.004587177781197771,555.2716746652845,-1.394525293360894,-0.005218908963923685,943.9154560204142,0.5974430628611986,0.004683465522670016
case_000,3.71,5.171479322839723,14.97241806370378,2.0,0.47280889876934556,0.34540027388388317,340.4712684838677,388.6437638947458,True,447.0803597476256,-1.8643892444003909,-0.005397716845553235,787.5516282314933,1.1194001688704696,0.00458717693085714,555.2716975817162,-1.394525282257642,-0.005218908133365063,943.915461476462,0.5974430914794531,0.004683465859769198
case_000,3.715,5.171479095694904,14.97241789479234,2.0,0.4728088755583085,0.34540026475510993,340.4712539099375,388.64374669423376,True,447.08035355429917,-1.8643892127472257,-0.005397717193071971,787.5516074642367,1.1194001768203952,0.004587176093172496,555.2717201571074,-1.3945252713196632,-0.005218907315167387,943.9154668513412,0.5974431196717704,0.004683466191851893
case_000,3.72,5.171478871930803,14.9724177283948,2.0,0.4728088526927403,0.34540025576220085,340.47123955292074,388.6437297497307,True,447.0803474531626,-1.8643891815651725,-0.005397717535418622,787.5515870060833,1.1194001846519912,0.00458717526795549,555.2717423965299,-1.3945252605444964,-0.005218906509146748,943.9154721462606,0.597443147444493,0.004683466518992874
case_000,3.725,5.171478651497105,14.972417564473751,2.0,0.47280883016749875,0.3454002469031338,340.47122540958816,388.6437130574217,True,447.0803414428462,-1.8643891508472221,-0.005397717872670016,787.5515668524343,1.1194001923670216,0.004587174455020715,555.2717643049874,-1.3945252499297203,-0.0052189057151217355,943.9154773624091,0.5974431748038664,0.004683466841265749
case_000,3.73,5.171478434344222,14.972417402992335,2.0,0.4728088079775177,0.3454002381759169,340.4712114767572,388.64369661355306,True,447.0803355219984,-1.8643891205864678,-0.0053977182049019246,787.5515469987556,1.1194001999672232,0.0045871736541853725,555.2717858874031,-1.3945252394729468,-0.005218904932913826,943.9154825009562,0.5974432017560439,0.00468346715874296
case_000,3.735,5.171478220423325,14.972417243914238,2.0,0.47280878611780647,0.3454002295785878,340.47119775129386,388.6436804144279,True,447.0803296892883,-1.8643890907761056,-0.005397718532188955,787.5515274405822,1.1194002074543066,0.00458717286526944,555.2718071486307,-1.394525229171825,-0.005218904162347049,943.9154875630586,0.5974432283070885,0.004683467471496006
case_000,3.74,5.171478009686296,14.972417087203697,2.0,0.4728087645834489,0.34540022110921326,340.47118423011403,388.64366445640053,True,447.08032394340245,-1.8643890614094312,-0.005397718854604716,787.5515081735165,1.1194002148299576,0.004587172088095615,555.2718280934512,-1.3945252190240394,-0.005218903403248043,943.9154925498517,0.5974432544629714,0.004683467779595218
case_000,3.745,5.1714778020857315,14.972416932825473,2.0,0.4728087433696016,0.345400212765889,340.47117091017066,388.64364873588306,True,447.0803182830488,-1.8643890324798413,-0.005397719172221649,787.5514891932195,1.1194002220958328,0.004587171322488981,555.2718487265685,-1.3945252090273035,-0.005218902655446278,943.9154974624515,0.5974432802295735,0.004683468083109765
case_000,3.75,5.171477597574948,14.972416780744853,2.0,0.47280872247149325,0.34540020454673886,340.471157788473,388.64363324933663,True,447.08031270695386,-1.8643890039808306,-0.005397719485111141,787.5514704954269,1.1194002292535712,0.004587170568277565,555.2718690526249,-1.3945251991793715,-0.005218901918773444,943.9155023019615,0.59744330561269,0.004683468382107925
case_000,3.755,5.1714773961079405,14.972416630927643,2.0,0.47280870188442353,0.3454001964499149,340.4711448620663,388.6436179932806,True,447.08030721386143,-1.8643889759059893,-0.0053977197933435805,787.5514520759277,1.11940023630478,0.004587169825291615,555.2718890761857,-1.3945251894780262,-0.005218901193064007,943.9155070694663,0.5974433306180299,0.004683468676656866
case_000,3.7600000000000002,5.171477197639412,14.97241648334016,2.0,0.47280868160376216,0.34540018847359644,340.47113212804436,388.6436029642848,True,447.0803018025383,-1.8643889482490053,-0.0053977200969881345,787.5514339305827,1.1194002432510484,0.004587169093364207,555.2719088017561,-1.394525179921086,-0.005218900478154653,943.9155117660409,0.5974433552512178,0.004683468966822979
case_000,3.765,5.171477002124725,14.972416337949216,2.0,0.4728086616249476,0.34540018061598987,340.47111958354657,388.6435881589641,True,447.0802964717653,-1.864388921003658,-0.005397720396113137,787.5514160553118,1.1194002500939404,0.004587168372330808,555.2719282337699,-1.3945251705064023,-0.005218899773884622,943.915516392734,0.5974433795177921,0.004683469252671324
case_000,3.77,5.171476809519887,14.972416194722118,2.0,0.4728086419434865,0.34540017287532854,340.47110722574604,388.6435735739931,True,447.0802912203405,-1.8643888941638185,-0.005397720690785923,787.5513984460865,1.11940025683499,0.00458716766202899,555.2719473765897,-1.394525161231853,-0.005218899080095762,943.9155209505827,0.5974434034232082,0.0046834695342660715
case_000,3.775,5.171476619781603,14.972416053626665,2.0,0.47280862255495215,0.3454001652498718,340.47109505186484,388.6435592060926,True,447.08028604708556,-1.8643888677234535,-0.005397720981072607,787.5513810989504,1.1194002634757179,0.004587166962299216,555.2719662345212,-1.3945251520953534,-0.005218898396631977,943.9155254406138,0.5974434269728448,0.004683469811670671
case_000,3.7800000000000002,5.171476432867203,14.972415914631132,2.0,0.4728086034549838,0.3454001577379051,340.4710830591674,388.6435450520271,True,447.0802809508359,-1.8643888416766163,-0.005397721267038469,787.5513640100033,1.119400270017618,0.004587166272984167,555.2719848118047,-1.394525143094848,-0.005218897723339555,943.9155298638318,0.5974434501719965,0.00468347008494735
case_000,3.785,5.171476248734642,14.972415777704262,2.0,0.47280858463928566,0.3454001503377394,340.47107124495454,388.6435311086159,True,447.0802759304426,-1.8643888160174473,-0.0053977215487479024,787.5513471753972,1.1194002764621602,0.004587165593928688,555.2720031126147,-1.394525134228311,-0.005218897060067174,943.9155342212306,0.5974434730258802,0.0046834703541575595
case_000,3.79,5.1714760673425175,14.972415642815271,2.0,0.47280856610362615,0.34540014304771066,340.47105960657143,388.64351737272125,True,447.0802709847758,-1.8643887907401762,-0.005397721826264246,787.5513305913472,1.1194002828107943,0.004587164924980125,555.2720211410642,-1.3945251254937479,-0.0052188964066657295,943.9155385137855,0.5974434955396339,0.004683470619361696
case_000,3.795,5.171475888650039,14.972415509933827,2.0,0.4728085478438363,0.3454001358661796,340.4710481413983,388.6435038412586,True,447.0802661127248,-1.8643887658391198,-0.005397722099649838,787.5513142541231,1.1194002890649486,0.004587164265988042,555.2720389012055,-1.3945251168891921,-0.00521889576298834,943.9155427424641,0.5974435177183222,0.004683470880619489
case_000,3.8000000000000003,5.171475712617013,14.972415379030055,2.0,0.47280852985580946,0.3454001287915316,340.47103684685953,388.64349051118074,True,447.08026131318945,-1.8643887413086753,-0.005397722368966296,787.551298160049,1.119400295226029,0.0045871636168041685,555.2720563970294,-1.3945251084127073,-0.005218895128890344,943.9155469082101,0.5974435395669294,0.004683471137989448
case_000,3.805,5.17147553920386,14.97241525007452,2.0,0.4728085121355001,0.3454001218221758,340.4710257204139,388.64347737949254,True,447.0802565850911,-1.864388717143326,-0.005397722634274127,787.551282305505,1.1194003012954203,0.004587162977282511,555.27207363247,-1.3945251000623868,-0.005218894504229132,943.9155510119625,0.5974435610903702,0.004683471391529526
case_000,3.81,5.1714753683715955,14.972415123038221,2.0,0.47280849467892305,0.3454001149565451,340.4710147595579,388.64346444323814,True,447.0802519273675,-1.8643886933376395,-0.00539772289563295,787.5512666869254,1.1194003072744876,0.004587162347279239,555.2720906114026,-1.3945250918363532,-0.005218893888864262,943.9155550546408,0.5974435822934839,0.0046834716412966215
case_000,3.815,5.171475200081787,14.972414997892603,2.0,0.47280847748215254,0.34540010819309575,340.47100396183123,388.64345169951207,True,447.0802473389664,-1.8643886698862584,-0.005397723153101719,787.5512513007976,1.1194003131645764,0.004587161726652689,555.2721073376406,-1.3945250837327532,-0.005218893282657511,943.9155590371527,0.5974436031810378,0.004683471887346857
case_000,3.8200000000000003,5.1714750342965985,14.972414874609521,2.0,0.4728084605413211,0.345400101530307,340.4709933248021,388.64343914544406,True,447.0802428188578,-1.8643886467839113,-0.00539772340673822,787.5512361436599,1.119400318967009,0.004587161115263194,555.2721238149458,-1.3945250757497643,-0.005218892685472543,943.9155629603898,0.597443623757727,0.004683472129735411
case_000,3.825,5.171474870978764,14.972414753161257,2.0,0.47280844385261894,0.34540009496668067,340.47098284607904,388.6434267782171,True,447.0802383660252,-1.8643886240254004,-0.005397723656599518,787.5512212121042,1.1194003246830908,0.0045871605129733095,555.2721400470214,-1.3945250678855903,-0.005218892097175132,943.9155668252384,0.5974436440281804,0.0046834723685169055
case_000,3.83,5.171474710091539,14.972414633520502,2.0,0.472808427412293,0.34540008850074094,340.4709725233082,388.64341459504885,True,447.08023397946374,-1.8643886016056084,-0.005397723902741902,787.551206502772,1.1194003303141065,0.004587159919647532,555.272156037514,-1.3945250601384604,-0.005218891517633106,943.9155706325629,0.5974436639969537,0.004683472603744854
case_000,3.835,5.171474551598767,14.97241451566036,2.0,0.47280841121664646,0.34540008213103385,340.4709623541656,388.64340259319715,True,447.08022965818924,-1.864388579519494,-0.0053977241452206615,787.5511920123548,1.1194003358613214,0.004587159335152413,555.2721717900222,-1.3945250525066344,-0.0052188909467160705,943.9155743832193,0.597443683668538,0.004683472835472158
case_000,3.84,5.171474395464794,14.972414399554324,2.0,0.47280839526203716,0.34540007585612725,340.47095233636884,388.64339076996384,True,447.08022540122573,-1.8643885577620871,-0.005397724384090474,787.5511777375946,1.1194003413259832,0.004587158759356502,555.2721873080841,-1.3945250449883935,-0.0052188903842957934,943.9155780780479,0.597443703047354,0.004683473063750776
case_000,3.845,5.171474241654533,14.972414285176288,2.0,0.4728083795448776,0.3454000696746101,340.47094246766096,388.6433791226915,True,447.08022120761973,-1.8643885363284978,-0.005397724619404909,787.5511636752807,1.1194003467093199,0.004587158192130292,555.2722025951906,-1.3945250375820477,-0.005218889830245765,943.9155817178821,0.5974437221377609,0.004683473288632112
case_000,3.85,5.171474090133385,14.972414172500539,2.0,0.4728083640616331,0.3454000635850926,340.4709327458267,388.6433676487625,True,447.0802170764245,-1.8643885152139048,-0.005397724851217034,787.5511498222512,1.119400352012542,0.004587157633346217,555.2722176547757,-1.3945250302859287,-0.00521888928444153,943.9155853035381,0.5974437409440497,0.004683473510166625
case_000,3.855,5.171473940867284,14.972414061501736,2.0,0.47280834880882255,0.3454000575862054,340.47092316867975,388.6433563455977,True,447.0802130067111,-1.8643884944135587,-0.005397725079578974,787.5511361753909,1.1194003572368405,0.004587157082878601,555.2722324902246,-1.3945250230983959,-0.005218888746760408,943.9155888358223,0.5974437594704487,0.004683473728404108
case_000,3.86,5.171473793822683,14.972413952154925,2.0,0.47280833378301595,0.34540005167659965,340.47091373406494,388.643345210652,True,447.08020899756656,-1.8643884739227847,-0.005397725304542023,787.5511227316315,1.1194003623833908,0.004587156540603654,555.2722471048774,-1.394525016017835,-0.0052188882170813855,943.9155923155294,0.597443777721124,0.0046834739433936345
case_000,3.865,5.171473648966503,14.97241384443552,2.0,0.47280831898083486,0.34540004585494666,340.47090443986235,388.64333424142706,True,447.08020504808553,-1.8643884537369717,-0.005397725526156916,787.5511094879479,1.1194003674533488,0.004587156006399362,555.2722615020142,-1.394525009042651,-0.005218887695285557,943.9155957434413,0.5974437957001788,0.004683474155183498
case_000,3.87,5.171473506266188,14.972413738319299,2.0,0.47280830439895066,0.34540004011993736,340.47089528398254,388.6433234354505,True,447.0802011573824,-1.8643884338515833,-0.005397725744473392,787.551096441365,1.1194003724478538,0.004587155480145655,555.2722756848759,-1.3945250021712758,-0.005218887181255516,943.9155991203264,0.5974438134116541,0.004683474363821216
case_000,3.875,5.171473365689647,14.9724136337824,2.0,0.47280829003408487,0.3454000344702821,340.4708862643668,388.64331279029864,True,447.08019732458064,-1.8643884142621454,-0.0053977259595406335,787.5510835889474,1.1194003773680292,0.004587154961724127,555.272289656648,-1.3945249954021637,-0.0052188866748758,943.9156024469467,0.5974438308595327,0.004683474569353752
case_000,3.88,5.171473227205274,14.972413530801322,2.0,0.4728082758830076,0.3454000289047107,340.4708773789888,388.6433023035736,True,447.0801935488173,-1.8643883949642532,-0.005397726171407047,787.5510709278061,1.1194003822149796,0.004587154451018205,555.2723034204744,-1.3945249887337925,-0.0052188861760325,943.915605724048,0.5974438480477362,0.004683474771827234
case_000,3.8850000000000002,5.1714730907819355,14.972413429352908,2.0,0.47280826194253717,0.3454000234219717,340.4708686258481,388.64329197292216,True,447.0801898292458,-1.8643883759535687,-0.005397726380120205,787.5510584550939,1.1194003869897948,0.004587153947913036,555.2723169794474,-1.3945249821646621,-0.005218885684613539,943.9156089523696,0.5974438649801308,0.004683474971287238
case_000,3.89,5.171472956388958,14.972413329414348,2.0,0.47280824820953904,0.3454000180208323,340.47086000298015,388.64328179601864,True,447.08018616502653,-1.8643883572258142,-0.0053977265857271806,787.5510461680067,1.1194003916935487,0.004587153452295489,555.2723303366163,-1.394524975693296,-0.00521888520050845,943.9156121326349,0.5974438816605219,0.004683475167778506
case_000,3.895,5.171472823996135,14.97241323096317,2.0,0.4728082346809256,0.34540001270007814,340.47085150844384,388.6432717705753,True,447.08018255533966,-1.8643883387767832,-0.005397726788274049,787.5510340637835,1.1194003963272987,0.004587152964054153,555.2723434949876,-1.3945249693182395,-0.005218884723608264,943.9156152655629,0.5974438980926611,0.004683475361345335
case_000,3.9,5.171472693573683,14.972413133977236,2.0,0.47280822135365513,0.3454000074585127,340.4708431403302,388.6432618943377,True,447.08017899936885,-1.864388320602323,-0.00539772698780655,787.5510221396991,1.119400400892084,0.0045871524830791155,555.2723564575161,-1.394524963038058,-0.0052188842538059,943.9156183518538,0.5974439142802406,0.00468347555203108
case_000,3.9050000000000002,5.171472565092296,14.97241303843474,2.0,0.47280820822473113,0.34540000229495743,340.47083489675686,388.6432521650877,True,447.0801754963197,-1.86438830269835,-0.005397727184369372,787.5510103930766,1.119400405388933,0.004587152009262352,555.272369227119,-1.39452495685134,-0.005218883790995665,943.9156213922067,0.5974439302269027,0.004683475739878762
case_000,3.91,5.171472438523088,14.9724129443142,2.0,0.4728081952912019,0.3453999972082514,340.47082677587144,388.6432425806372,True,447.08017204540243,-1.8643882850608386,-0.005397727378006811,787.5509988212739,1.119400409818856,0.004587151542497281,555.272381806667,-1.3945249507566948,-0.005218883335073532,943.9156243873042,0.5974439459362314,0.004683475924930569
case_000,3.915,5.171472313837583,14.972412851594452,2.0,0.4728081825501594,0.3453999921972507,340.4708187758502,388.64323313883006,True,447.08016864583766,-1.8643882676858194,-0.005397727568762556,787.5509874216879,1.1194004141828475,0.004587151082678875,555.2723941989863,-1.3945249447527501,-0.005218882885937082,943.9156273378163,0.5974439614117569,0.0046834761072279685
case_000,3.92,5.171472191007768,14.97241276025465,2.0,0.4728081699987392,0.3453999872608287,340.4708108948917,388.64322383754507,True,447.08016529686626,-1.8643882505693885,-0.005397727756679294,787.550976191758,1.11940041848189,0.004587150629703829,555.2724064068676,-1.394524938838159,-0.005218882443485173,943.9156302444127,0.5974439766569614,0.004683476286812149
case_000,3.9250000000000003,5.171472070006021,14.972412670274254,2.0,0.4728081576341194,0.3453999823978755,340.4708031312257,388.64321467469006,True,447.0801619977334,-1.8643882337076982,-0.0053977279417993795,787.5509651289591,1.1194004227169494,0.004587150183470279,555.2724184330549,-1.3945249330115908,-0.005218882007618386,943.915633107745,0.5974439916752715,0.004683476463723413
case_000,3.93,5.171471950805131,14.972412581633035,2.0,0.4728081454535199,0.34539997760729757,340.4707954831052,388.6432056482031,True,447.08015874769677,-1.8643882170969543,-0.005397728124164447,787.550954230802,1.1194004268889766,0.004587149743877805,555.2724302802519,-1.3945249272717348,-0.005218881578238743,943.915635928455,0.5974440064700623,0.004683476638001449
case_000,3.935,5.171471833378302,14.97241249431106,2.0,0.4728081334542026,0.3453999728880178,340.4707879488127,388.64319675606237,True,447.08015554602616,-1.8643882007334247,-0.005397728303815519,787.5509434948389,1.1194004309989103,0.004587149310827654,555.2724419511203,-1.3945249216173006,-0.005218881155249766,943.9156387071827,0.5974440210446631,0.004683476809685616
case_000,3.94,5.171471717699147,14.972412408288694,2.0,0.47280812163346925,0.34539996823897506,340.4707805266522,388.64318799625914,True,447.0801523920055,-1.864388184613431,-0.0053977284807928405,787.5509329186577,1.1194004350476765,0.004587148884222514,555.2724534482912,-1.3945249160470186,-0.005218880738556142,943.9156414445504,0.5974440354023488,0.004683476978814438
case_000,3.9450000000000003,5.171471603741634,14.972412323546596,2.0,0.4728081099886624,0.345399963659124,340.4707732149561,388.64317936682846,True,447.08014928492025,-1.8643881687333457,-0.005397728655136436,787.5509224998764,1.1194004390361814,0.004587148463966295,555.2724647743437,-1.394524910559635,-0.00521888032806439,943.9156441411722,0.5974440495463477,0.004683477145425885
case_000,3.95,5.171471491480152,14.972412240065712,2.0,0.47280809851716393,0.3453999591474349,340.4707660120798,388.64317086583026,True,447.0801462240745,-1.864388153089599,-0.005397728826885384,787.5509122361543,1.119400442965323,0.004587148049964573,555.2724759318284,-1.394524905153917,-0.005218879923682085,943.9156467976586,0.5974440634798405,0.004683477309557538
case_000,3.955,5.171471380889456,14.97241215782727,2.0,0.47280808721639483,0.3453999547028932,340.4707589164044,388.6431624913531,True,447.08014320878044,-1.8643881376786762,-0.0053977289960783215,787.5509021251848,1.1194004468359857,0.004587147642124312,555.2724869232508,-1.3945248998286486,-0.0052188795253184095,943.9156494146039,0.5974440772059596,0.0046834774712462
case_000,3.96,5.171471271944701,14.972412076812779,2.0,0.47280807608381414,0.34539995032449955,340.47075192633645,388.64315424151334,True,447.08014023836176,-1.8643881224971113,-0.005397729162753218,787.5508921646982,1.1194004506490416,0.004587147240353917,555.2724977510882,-1.3945248945826345,-0.005218879132883603,943.9156519926015,0.5974440907277921,0.004683477630528399
case_000,3.9650000000000003,5.171471164621366,14.972411997004025,2.0,0.4728080651169191,0.3453999460112695,340.47074504030115,388.6431461144567,True,447.0801373121483,-1.86438810754149,-0.005397729326947653,787.5508823524494,1.1194004544053442,0.0045871468445628505,555.2725084177713,-1.3945248894146942,-0.005218878746289568,943.915654532228,0.5974441040483776,0.004683477787439827
case_000,3.97,5.171471058895333,14.972411918383063,2.0,0.47280805431324396,0.3453999417622333,340.47073825675,388.6431381083563,True,447.0801344294838,-1.8643880928084506,-0.005397729488698488,787.5508726862338,1.1194004581057388,0.004587146454662183,555.2725189257005,-1.394524884323666,-0.00521887836544932,943.9156570340568,0.5974441171707118,0.004683477942015846
case_000,3.975,5.171470954742821,14.972411840932212,2.0,0.47280804367035956,0.3453999375764355,340.4707315741612,388.6431302214112,True,447.080131589719,-1.8643880782946805,-0.005397729648042138,787.5508631638802,1.1194004617510593,0.0045871460705643186,555.272529277236,-1.3945248793084049,-0.005218877990277315,943.9156594986472,0.5974441300977432,0.004683478094291094
case_000,3.98,5.171470852140427,14.972411764634062,2.0,0.4728080331858733,0.3453999334529348,340.47072499103126,388.6431224518477,True,447.0801287922162,-1.864388063996915,-0.005397729805014406,787.5508537832475,1.1194004653421246,0.004587145692182881,555.2725394747107,-1.3945248743677847,-0.005218877620689011,943.9156619265584,0.5974441428323809,0.004683478244299988
case_000,3.985,5.171470751065072,14.972411689471453,2.0,0.47280802285742773,0.3453999293908043,340.47071850587685,388.64311479792116,True,447.08012603634864,-1.8643880499119436,-0.005397729959650488,787.5508445422255,1.119400468879741,0.004587145319432773,555.2725495204141,-1.3945248695006947,-0.0052188772566014174,943.9156643183353,0.597444155377488,0.0046834783920762235
case_000,3.99,5.171470651494033,14.972411615427486,2.0,0.47280801268270073,0.34539992538913034,340.4707121172445,388.6431072579097,True,447.08012332149474,-1.864388036036596,-0.005397730111985244,787.5508354387392,1.1194004723647062,0.004587144952230282,555.2725594166071,-1.3945248647060413,-0.005218876897932601,943.9156666745168,0.5974441677358848,0.004683478537653052
case_000,3.995,5.171470553404926,14.972411542485514,2.0,0.4728080026594046,0.34539992144701337,340.47070582369344,388.6430998301129,True,447.0801206470458,-1.8643880223677542,-0.005397730262052869,787.5508264707393,1.1194004757978022,0.004587144590492753,555.2725691655161,-1.3945248599827451,-0.0052188765446019025,943.915668995629,0.597444179910349,0.0046834786810631135
case_000,4.0,5.17147045677568,14.972411470629133,2.0,0.47280799278528574,0.3453999175635669,340.4706996238105,388.6430925128693,True,447.0801180123987,-1.8643880089023446,-0.005397730409887169,787.5508176362092,1.119400479179801,0.004587144234138862,555.2725787693286,-1.394524855329745,-0.005218876196529998,943.9156712821979,0.5974441919036202,0.004683478822338771
